S01B00006275696C642F72656C656173652F7A69676265652E73333714
S21400400008100020C97C00005DC40000C90603003B
S214004010C906030065C400006DC40000C90603009D
S214004020C9060300C9060300C9060300C906030043
S21400403071C40000044A0400C9060300C906030050
S214004040C9060300C9060300C9060300E17700009D
S214004050C9060300C9060300C9060300C906030013
S214004060C9060300C906030071C90000C90603009B
S214004070C9060300C9060300C9060300C9060300F3
S214004080C9060300C9060300C9060300C9060300E3
S214004090C9060300C9060300C9060300C9060300D3
S2140040A0C90603009180000075800000C906030061
S2140040B0C9060300C9060300C9060300591D02000D
S2140040C0DB610300D7610300BD140200F161030049
S2140040D0DF610300191D0200E36103004D010200C9
S2140040E0991D0200C9060300C9060300C90603009D
S2140040F0C9060300C9060300C9060300C906030073
S214004100C9060300C9060300C9060300C906030062
S214004110C9060300C9060300C9060300C906030052
S214004120C9060300C9060300C9060300C906030042
S208004130C9060300B4
S214004134F0B5114A114C124E00F00105E3695F0711
S21400414413D40DB9334213D103EA00078F4207D1C3
S2140041540B4A1A40002A14BF6FF001000020F0BD7D
S214004164013AEBD16FF00200F9E74FF0FF30F6E7C3
S2140041746FF00100F3E700BF80969800000003503C
S214004184020001000B4B70B5D96911F480310DD1D2
S21400419401244FF48072084E084DF46020462C64C7
S2140041A41A61FFF7C5FF3464EC6070BD6FF0010060
S2140041B4FBE700BF0000035000100350002003502C
S2140041C438B541F6713301220C4C0021E569E363EE
S2140041D40B4B05F48035DA600223606121202361ED
S2140041E4FFF7A6FF10B92120FFF7A2FF0122054B17
S2140041F4DA600DB10023E36338BD00BF000003504E
S214004204001003500020035070B5134C6061E3693E
S2140042145B071ED40E4656F8043B8D18A361AE42C7
S2140042240BD10423002121202361FFF781FF58B915
S214004234BDE870402120FFF77BBF08210846FFF742
S21400424477FF10B10423236170BD56F8043BA361C5
S214004254E5E74FF0FF30F7E7000003502DE9F84399
S214004264154641F67132164B8946DF69DA63012238
S214004274064603F58053DFF8508007F48037DA608B
S21400428455B9284601220F4BDA601FB10022A3F568
S2140042940053DA63BDE8F88306F5005404EA08041C
S2140042A4A41BAC4228BF2C46494622463046FFF79C
S2140042B4ABFF0028E6D12644A1442D1BE0E700BF4F
S2100042C4000003500020035000E0FFFF45
S2140042D02DE9F04F4FF0FD0BC9B09A460DF11B09C2
S2140042E09DF8503108AFCDF80C90CDF808B0019786
S2140042F0059303890446009383790E4690464188C9
S2140043008288407812F074FA054650B10090A3886F
S214004310002062883A4912F0AFFD284649B0BDE851
S214004320F08F99F800002FF0AAFA38B12846A38833
S2140043306288344912F0A0FD8D25EEE75A463946CC
S21400434099F800002FF043FA8346002851D0529B7C
S2140043501BB1BDF84C3198424BD8002399F8009019
S2140043600793A9F14102012A5FFA8BF123D8384658
S2140043700139254ADFF898C05FFA81FE734513DBE2
S214004380059B04210792C3B907AF18221F489FED6B
S2140043901A7B02FB060420460A460830394684ED9E
S2140043A0027B17F091FA11E010F8011F013351401B
S2140043B00CFB01F2E2E7059B33B123464A4638463A
S2140043C0009610F097F9A8E70829DED9B8F1000F93
S2140043D001D088F80090BAF1000F01D0AAF800B01A
S2140043E0529B002B99D05A46184608A917F06CFA2B
S2140043F093E7012591E700BF0000000000000000E1
S214004400D7F203000CF30300C59D1C81801000202A
S21400441093010001000000002DE9F04F93B0CDE9B4
S2140044200A32DDE91C530E9353EC102BCDE908013C
S214004430104619468DED060B1E9E16F0CFFC80B179
S214004440DDE906014FF0FF32C54B16F0EFFC40B930
S214004450DDE906014FF0FF326FF4801316F0C8FC5A
S21400446070B1DDE908019DED060B0E9B1E96CDE9A9
S2140044701C53DDE90A3213B0BDE8F04F00F088B9EE
S2140044800022DDE90601002316F0B2FC002800F049
S2140044903381DDE906A303F1004BCBF30A5016F493
S2140044A08063A0F2FF3008BF06250F9316F0C4F90C
S2140044B09BA3D3E9002316F029FA9BA3D3E9002394
S2140044C016F06EF8CBF31304894644F07F5180460D
S2140044D00022A44B504641F4401116F05FF894A316
S2140044E0D3E9002316F012FA02460B464046494628
S2140044F016F056F816F0A4FC044616F09DF98EA3A6
S214004500D3E900238046894616F000FA0022964B2F
S21400451016F046F816F094FC89A3D3E90023074664
S2140045204946404616F0F2F980463846894616F067
S21400453083F985A3D3E9002316F0E8F902460B4673
S2140045404046494616F02AF802460B46CDE90C23AB
S21400455016F0DCF9DDE90C2380468946104619463C
S21400456016F01EF80022CDE91001804B4046494661
S21400457016F0F6FA00227E4B16F012F802460B46AC
S2140045804046494616F0ECFA00227A4B16F008F838
S21400459002460B464046494616F0E2FADDE90C2391
S2140045A08046894600204FF0804115F0F7FF02460E
S2140045B00B464046494615F0F3FF02460B46DDE93A
S2140045C0100116F0CDFA07F2FF3700226A4B15F0FD
S2140045D0E7FF00223B0516F099F952465B468046F7
S2140045E0894616F023FC002840F08980CDE90C8926
S2140045F004F16303C62B8CBF0527042731051BD5A2
S21400460053A3D3E900235046594616F005FC00286C
S2140046107FD051A3D3E900235046594616F0E8FB55
S214004620002876D00027A542C6BF2C1B04F1FF3514
S21400463000253C4646F480660E9B9F422CBF4FF0FA
S2140046400008A3EB070816F0020903D0002F18BFD6
S2140046504FF000083CB1DDE90C235046594616F0F1
S2140046607FFA82468B46DDE906010022002316F01B
S214004670BFFB10B10BF100439B46DDE9080126F4B1
S2140046800063CDE90183DDE90A324BEC10AB0095FF
S21400469000F07EF802465FB3DDE9091316F0200F3E
S2140046A000F10105089E0CBF65204520B047DDE9F6
S2140046B008010523002205930A23002CCDE90232C7
S2140046C007F1FF374FEAD473B8BF64422A46019316
S2140046D004970A9B009430F0EEFE0246B9F1000FF4
S2140046E006D00B9BC41A0B9B1A190E9BA34245D8E7
S2140046F0104613B0BDE8F08FDDE906ABCDE600222C
S214004700404649461A4B16F02BFA013CCDE90C01FF
S2140047106EE7002D90D00F9B002B8DD0013D8BE7D0
S214004720FB799F501344D33FB3C8608B288AC63F9B
S21400473061436F63A787D23F71A379094F930A40FD
S2140047401655B5BBB16B0240EF39FAFE422EE63F76
S2140047502D431CEBE2361A3F0000000080842E41F9
S214004760FFFFEF7F0000F83F0000E03F00002C4016
S21400477000002440000018400000F03F2020DDE943
S2140047800913089DA8470134ADE700BF00000000EC
S2140047902DE9F04F5BEC10AB97B0CDE90501DDE9F4
S2140047A02058CDE90723504652465B465946229F7D
S2140047B016F014FB70B90323CDE902870193AA4BC8
S2140047C00093DDE90501DDE9072330F0A6FD17B00B
S2140047D0BDE8F08F4FF0FF326FF480135046594615
S2140047E016F006FB28B10423CDE9028701939F4B00
S2140047F0E6E74FF0FF32504659469D4B16F016FB43
S21400480068B19C4A07F00403002B08BF03229A4BAA
S2140048101CBF13460422CDE902870192D0E750461A
S2140048208DA3D3E90023594616F000FB38B98CA3B4
S214004830D3E900235046594616F0DAFA68B1DDE9A6
S2140048400723DDE905014BEC10ABCDE92187209568
S21400485017B0BDE8F04FFFF7DFBD0022002350463B
S214004860594616F0C5FA002800F091805B4652467D
S2140048700020002115F092FE012382468B46099304
S21400488017F4806400F08580092D40F285800024AE
S21400489030210EABA5F109020134202C03F8011BD0
S2140048A0A5EB040901D09442F6D15946504616F0BD
S2140048B0C7FA724B054603EBC90393ED007B8DEDFB
S2140048C00A7B15F0B9FF02460B465046594615F0CE
S2140048D065FEDDE90A2316F019F802460B46CDE917
S2140048E00C2316F0D5FA064615F096FF02460B4640
S2140048F0DDE90C0115F052FE02460B46CDE90C230D
S21400490000225F4B16F092FA002848D00136304657
S21400491015F082FF02460B46DDE90A0116F072FA30
S21400492008B100260135B9F1000F45D1284615F02B
S21400493083FF02460B465046594615F02FFE0022CE
S2140049404F4B16F055FA10B9E90700D501350A2184
S2140049500EAB1A19202C0AD095FBF1F001FB10556E
S214004960303502F8015B013405460028F2D107F025
S2140049700302012A55D1B8F1000F52D0099A12B994
S21400498017F00C0F01D008F1FF38302240E00990F4
S21400499076E74FF0060988E7A946002485E7002257
S2140049A0DDE90C01364B16F023FA0028BBD10EB118
S2140049B0F007B8D50136B6E70A210EAB1A19202C37
S2140049C00DD0B6FBF1F001FB1063092E03F13003A6
S2140049D009F1FF3904F1010402F8013B11D8302136
S2140049E0A1440EAA202CB2D04C4504F101030AD1F2
S2140049F004F158020DEB02042E2204F8202C1C466B
S214004A00A5E70646DBE7A1541C46EBE71A5501343A
S214004A10444506D2202CF9D1CDE9028701940EAB8D
S214004A20CEE6202CF8D0099B3BB12D2204F158038A
S214004A306B4403F8202C0134EEE77A0704D504F122
S214004A4058032B226B44F4E73B07E5D504F15803E3
S214004A5020226B44EDE700BF0000000065CDCD418D
S214004A600000000065CDCDC1FA0F0400FE0F040063
S214004A70FFFFEF7FF10F0400F60F04003859040023
S214004A800000E03F0000000070B58EB02C22002130
S214004A9003A816F089FD64234FF002320893CDE98F
S214004AA005230B2301218DF834305B4B8DF8101055
S214004AB01D880D4040F0A980084634F057FD0A22B4
S214004AC0564B574C1A704FF42873ADF812304FF00F
S214004AD0FF332360534B54491B8820460B82534BAD
S214004AE0534A1B68CD828B61524B0D621B884B82EA
S214004AF0514B1B68CB611DF0C5F920B14FF41B71FB
S214004B004E4835F0CEFD0521206830F0C7FE20B1B6
S214004B1040F27D21494835F0C4FD206815F0FAFCC6
S214004B20474B2068196830F07CFF0C2535F086F975
S214004B306843099035F082F968430DEB050107904C
S214004B40206817F0F3FB20B140F295213B4835F082
S214004B50A8FD25681FF0CEFB00220146284630F04F
S214004B60D8FF20B140F29721344835F09AFD40F244
S214004B700353344D344E2B80052396F90000AB705A
S214004B807F2801D11DF074FA3378EB7035F056F9B2
S214004B9000EB80008000A88035F050F90023C000AC
S214004BA04FF0FF31E880AB604FF0FF3018A3D3E939
S214004BB0002334F02DFE2549206830F063FF20687E
S214004BC002A931F07FFB20B14FF434711B4835F059
S214004BD068FD042220680DEB020130F0F7FE042881
S214004BE004D040F2D721154835F05BFD01A901201D
S214004BF030F0F8FA07F076FC01201DF0BDFE2CF030
S214004C005BFB1DF0E3FE1DF0CBF90EB070BD00BFE0
S214004C100A0020FF42030000FE5900202B610020FE
S214004C2024540020E6720400DC670020EC720400C6
S214004C3095950300E4720400E8720400C34804007B
S214004C402465002018540020B26A0020099603004C
S214004C500348044B834202D0034B03B11847704706
S214004C60E06A0020E06A002000000000064B0749CA
S214004C70C91A891048BF0131491003D0044B0BB143
S214004C8001481847704700BFE06A0020E06A00202D
S214004C900000000010B5064C237843B9FFF7D8FF94
S214004CA0044B13B10448AFF300800123237010BDFA
S214004CB0B0150020000000006C96040008B5044BF8
S214004CC01BB104490448AFF30080BDE80840CDE7B7
S214004CD000000000B41500206C960400A3F5803A8E
S214004CE0704700BF154B002B08BF114B9D46FFF7C2
S214004CF0F5FF00218B460F461148124A121A16F08D
S214004D0053FC0C4B002B00D098470B4B002B00D0CD
S214004D1098470020002104000D000B4816F08AFF7B
S214004D2016F01AFC200029002BF0EAF916F070FFA6
S214004D30000008000000000000000000081000202E
S214004D4008100020806100209DBC010007B50121ED
S214004D5020200DF1070201F035F858B10223012199
S214004D6020200DF107028DF8073001F03BF803B064
S214004D705DF804FB9DF807100229F8D002220948C6
S214004D8015F000FB022301210DF1070220208DF80B
S214004D90073001F027F82BF00DF94FF4FA6000F019
S214004DA05BFEE4E7C8AA030038B501F0E5FF01F0B2
S214004DB0A7F9012805D001F0A3F9022801D001F0D7
S214004DC0C5F9064D2B783BB901F09AF9012804463F
S214004DD002D12BF078F92C7038BD00BFDC5A0020C9
S214004DE010B5044600882BF0B9F8A37884F8440080
S214004DF0834202BF0123E3702371074B04F11C00BA
S214004E00C4E9073401F034F8224620880349BDE897
S214004E10104000F071BF00BFF3FC0200BDFC0200B2
S214004E2070B5C37804460D461646002B34D1D1B172
S214004E30214815F0A7FA0123E370E36CA6600BB1D6
S214004E40E06D9847E368F61A63699E4221D2217E98
S214004E501A480131C9B2217615F094FAA36D13B140
S214004E60217EE06D9847E5702BF0B7F815B32379EF
S214004E7003BBA268238A801A83421BD801231048EA
S214004E80237115F07FFA236DA3B1E06DBDE8704085
S214004E90184701232376E6E70029E4D1094815F0F0
S214004EA071FA636DE660E5702571002BDBD0E06D6E
S214004EB09847D8E770BD00BFF0AA030001AB030017
S214004EC02FAB03001CAB030070B51E468388044658
S214004ED00D46C18002810BB1868070BD8178008846
S214004EE02AF028FF0123E370064BA680C4E90334AA
S214004EF00C34204600F0BCFF29462046BDE8704032
S214004F002BF062B83FFD020010B501790446B1FAF5
S214004F1081F1008849092AF084FF21796088B1FA76
S214004F2081F149092AF07DFF034B1A68A24204BFAB
S214004F3000221A6010BD00BFCC15002070B5437962
S214004F400446A3B100880E4E04F10805336813B179
S214004F500C4B1B786BB121792AF063FF64210A4B56
S214004F603460A3602846BDE870402BF02DB840881A
S214004F70E9E7064815F006FA054B3221A360F1E78B
S214004F80CC150020DD5A0020094F000045AB030079
S214004F903D4F000010B50446E0B10F4815F0F2F999
S214004FA001236371A37953B9217920882AF039FF48
S214004FB0236B7BB1606B0121BDE81040184720468B
S214004FC0FFF7A2FF04F108002BF003F82046FFF7D6
S214004FD0B5FFEDE710BD00BF7BAB030010B5044680
S214004FE0F8B1104815F0CEF900236371A3796BB9B8
S214004FF021792088B1FA81F149092AF012FF236B42
S2140050007BB1606B0021BDE8104018472046FFF7D3
S2140050107BFF04F108002AF0DCFF2046FFF78EFF36
S214005020EDE710BD86AB030010B5044668B107482F
S21400503015F0A8F9637920461BB1BDE81040FFF7CC
S214005040CDBFBDE81040FFF7A5BF10BD92AB030073
S21400505010B50E4C0E48214615F094F982210D48E5
S21400506015F090F982210220A21E00F0BBFE014638
S21400507030B134F8022C0848BDE8104015F082B96B
S2140050800648BDE8104015F07DB900BF6A550020FF
S214005090A1AB0300BCAB0300C7AB03000BAC030023
S2140050A038B5104C82212246022000F08BFEA51C4B
S2140050B0014678B122880C4815F064F92A460B4B55
S2140050C003F1340153F8040B8B4242F8040BF9D178
S2140050D03323238035F8021C054A0648BDE83840CD
S2140050E015F050B96855002016AC030096AC0300C6
S2140050F06A55002074AC0300034B1B781BB18B422F
S21400510001D82AF057BF7047586A002010B50446E9
S21400511001460E4815F036F9012C11D10C4B0D48FE
S2140051201A884FF6FF739A421EBF0022094B5A7424
S2140051302AF05DFE01F076FFBDE8104001F048BEA3
S2140051400448BDE810402AF054BE00BFCAAC0300B5
S2140051500C6A0020B064002070B500241A4D1B4E67
S2140051603378A3421BDC0024194D1A4E3378A34231
S2140051701BDC0024184D194E3378A3421BDC00F0CC
S214005180BFFF012816481CD12AF031FE01F04AFF65
S21400519001F01EFEBDE87040124800F0D1BF284660
S2140051A0FFF71EFE01346035DAE728462AF005FED2
S2140051B001343435DAE728462AF038FE013438352B
S2140051C0DAE72AF016FEE5E778210020E35A002009
S2140051D098250020E45A0020481F0020E25A0020AC
S2140051E0B06400200D5100002DE9F04F87B0FFF7A6
S2140051F057FFB94B05A805932AF03CFE054616F066
S214005200CFF8B64CC2B21F2A627004D9B44815F063
S214005210B9F800F015FC2946A01C16F055FB05A8A9
S2140052202AF028FE054616F0BBF8C2B21F2A84F8FC
S214005230212001D9AB48EAE7294604F1220016F0FE
S21400524043FB05A82AF016FE3226044600272578DA
S214005250002D40F09F80A44CFFF77EFF2378DFF8F8
S214005260C8A2DFF8C882A14F00939AF8003098F8D9
S214005270002039789E4815F085F83A7898F800109E
S2140052809AF8000053180344DFF894B220782C46AE
S21400529003445846DBB2AA4200F3E482012B38BF2F
S2140052A00123944E02933246002335464FF4827112
S2140052B04FF6FF7402980133984213705180948021
S2140052C002F10C02F6DC8C4B8A498448AB6000F095
S2140052D0F3FFE879AB68DFF8449200EB400003EB9D
S2140052E0800000F0B9FDEB79B9F800200133A24246
S2140052F0EB7103D07F49814801F0E0F84FF6FF7369
S214005300B9F800207B49D21A18BF01227C4801F068
S2140053109FFC4FF00009784C3A784A4500F3CA8261
S21400532000264FF00C09774ADFF8C8B198F800005D
S2140053303978B04200F3D28246180C21002501FBD2
S21400534006B19AF800009423A8426F4A00F3E4825C
S2140053500C253E7898F8003000274FF070081E4461
S214005360064405FB06B5DFF8C8A15F4B1B78BB42B9
S21400537000F3E58202995F4800F0FCFD059B564964
S2140053801A468B4240F0EE82604807B0BDE8F04F08
S21400539014F0F8BF532D0FD163784C2B40F04881A2
S2140053A0A378502B40F044810122594B1A7005A86F
S2140053B02AF060FD04464AE7442D13D16378303B5B
S2140053C0092BF4D8601C2AF062FD524B524A197819
S2140053D0002386B2994202F16002E8DD22F8466CAC
S2140053E00133F7E7422D0BD16378542B54D1A01C20
S2140053F000F0D0FC494B188018462AF03CFCD6E753
S214005400582D33D8412DD2D9433D152DCFD801A3E1
S21400541053F825F0D3570000AF530000AF530000F9
S214005420AF530000AF530000AF5300008355000099
S214005430AF530000AF530000355500007F54000006
S214005440AF530000AF530000AF530000AF5300004F
S214005450B556000031560000AF530000AF530000B1
S214005460AF530000AF5300002B570000692D9ED1AC
S214005470601C2AF00CFD80B22AF098FD97E71B4BC3
S214005480012019780023264A994202F1A8028EDDEF
S21400549002F8A60C0133F7E7601C00F07BFC05461B
S2140054A0E01C2AF06CFD0121024628462AF023FD66
S2140054B060211848184C03785943621865524FF417
S2140054C0FA6111824FF4487151611649568311658D
S2140054D0013303706BE700BF6A550020C4630020E9
S2140054E0E9AC030000AD0300DE5A0020E15A0020BC
S2140054F010AD030098160020101700204816002054
S214005500D01500209C1B0020E019002060AD030091
S214005510DD5A0020E35A0020782100200C6A002083
S2140055209C1C00205FFE0200DF5A0020E05A00208C
S21400553090180020601C00F02DFC00224FF034086C
S2140055408146CC4F11462AF0D6FC3878CA4D08FB67
S21400555000F325F80390EA18E3781046693B18BF75
S214005560012393702AF029FC0021C44A3B7851603D
S214005570012103FB08550B443B7015600F46117460
S21400558015E7601C00F006FC0022114681462AF052
S214005590B2FC3422B74DDFF8E082287802FB00F335
S2140055A028F8039008EB0301E3780846693B18BF28
S2140055B001238B702AF001FCB14A00231046916B40
S2140055C031BB00EB831034232A7802FB038383630A
S2140055D0AC4A00231046D2F8A410F9B9A82202FB60
S2140055E0030034232A7802FB0383C0F8A4305FB993
S2140055F0A24A3B46114652F8040BA8B93422287832
S21400560000FB028241F823202B7801332B70CEE674
S2140056100133042B02F14002D1D1D9E70133042B28
S21400562002F1A802D7D1E2E70133042BE3D1EBE77E
S214005630601C00F0AFFB8046E01C2AF0A0FC0121B5
S214005640024640462AF057FC60218F488F4D02786C
S214005650DFF854C251436B1825F801804FF44871A7
S214005660198259618A495E839965E178A82464297C
S21400567004BF012199709CF80030DFF808E25C4313
S2140056800EEB04010EF804304FF400744C80032433
S2140056900C718C7102EB420405EB44153224013385
S2140056A0DBB201324B718D6081F8A04002708CF83D
S2140056B000307CE6601C00F06DFB00224FF0380ADC
S2140056C08146DFF8DC8111462AF015FC98F8003098
S2140056D0704D0AFB03F325F803904FF00109EA1812
S2140056E082F80490E37873B1E01C00F053FB0022CC
S2140056F0044611462AF0FFFB98F800300AFB0353D5
S2140057005C8083F8069064485D4A03789901535498
S21400571098F8001002EB8314C1EBC10205EBC2053A
S2140057204A1C656388F80020D2E6601C00F032FB55
S2140057308046E01C00F02EFB0546601D2AF01FFC8C
S21400574004460246012140462AF0D5FB224628465A
S21400575001212AF0D0FB60204FF4487CDFF828E1D6
S2140057604A4A9EF8003000FB03F422F80480DFF873
S21400577020811119A1F810C0C1F814C04E83C1F8D9
S2140057805880591CC9B248431418A4F810C0C4F86D
S21400579014C06683C4F85880942415523F4D981C54
S2140057A08EF800002878DFF804C1444303EB430377
S2140057B001EB41010CEB040E02EB431302EB41122A
S2140057C00CF80400CEF80430CEF80820013028701B
S2140057D0EDE5601C00F0DEFA8046E01C00F0DAFA28
S2140057E000220546114640462AF085FB0022382452
S2140057F0114628462AF07FFB2948264A03784FF0B0
S214005800000E04FB03FC22F80C804FF0010802EBAC
S2140058100C0181F806E081F8048003EB0801C9B2A8
S2140058204C4302EB040C15539C1C047070241D4D55
S2140058308CF806E028788CF804804443DFF870C0C3
S214005840C3EBC303C1EBC1010CEB040E02EBC303B5
S21400585002EBC1020CF80400CEF80430CEF80820A3
S2140058604044B4E7467901358E4284BF04714471E2
S214005870A83010E5E45A002098250020B0640020E7
S2140058809C1B00209C1C0020E35A0020782100204E
S214005890F9500000481F0020E05A0020DF5A002080
S2140058A0E25A0020DE5A0020E15A0020E0190020CB
S2140058B090180020B9F1000F06D016F8052C02EB60
S2140058C0420204EB8204B4603146584601F07EFD85
S2140058D009F101090BF1A80B0C361DE571180AD069
S2140058E0481E09FB00B0C07900EB400004EB8004C2
S2140058F009FB01B08460104609FB0151039201F0D8
S21400590023FB39781C48314409FB015101F08AF821
S214005910039A0136403209E5F54218BF11F8050C26
S21400592003911EBF00EB400004EB80048C6003FB79
S214005930052000F087FF039901350C3101E5F74299
S21400594018BF15F8053C29461CBF03EB430304EBC0
S214005950830408FB07A018BFAC6000F049FE0137BF
S2140059600C3502E513F8011D00297FF408AD3B2134
S21400597002F8011C03E500BF3C1F002007B501210B
S21400598021200DF1070200F01DFA18B99DF8072036
S214005990024B1A7003B05DF804FB00BF586A002083
S2140059A007B5064B8DF80700187001210DF10702A8
S2140059B0212000F017FA03B05DF804FB586A0020B7
S2140059C007B5022101200DF1060200F0FBF938B9F7
S2140059D0044814F0D7FCBDF8060003B05DF804FBDD
S2140059E00020FAE77DAD030007B50221ADF80600FA
S2140059F00DF10602012000F0F5F9014610B103484A
S214005A0014F0C0FC03B05DF804FB00BF9EAD0300BD
S214005A1010B5FFF7D5FF04460146074814F0B2FC60
S214005A200121064814F0AEFC24B9BDE81040012060
S214005A30FFF7DABF10BD00BFCEAD0300E0AD030038
S214005A4008B5044814F09EFC00F0DCF92AF0B2FA1F
S214005A502AF0ADFAF6AD030038B50446084D094BFA
S214005A6028462B6000F004FA002C18BF2146284672
S214005A70BDE8384008BF4FF496712AF0A5BA00BFBB
S214005A809C260020ADFE02002DE9F043384D91B073
S214005A9008AC0746894690460FCD0FC495E80F0020
S214005AA0002684E80F0001250323324C3248CDE956
S214005AB00366CDE905668DF80E300796029534F03C
S214005AC099FD2E4834F096FD32462D4920468DF835
S214005AD0176004F0A3FD334632462A498DF81900B4
S214005AE0009020468DF82390CDF82C808DF821600C
S214005AF004F0AEFD0A9020468DF8097004F010FD03
S214005B00204608AA05A904F0C9FD02AA204603A952
S214005B102BF02EFB4FF400721B4B5A62194BE560BC
S214005B20626A920510D46BB94FF40072164B114896
S214005B305A6204F0F5FC114834F05FFD002011B005
S214005B40BDE8F083013BEBE7002BEDD0094908A840
S214005B502BF041FB4FF400720B4B06485A6204F0E0
S214005B60DFFC064834F049FDBDF82000E7E700BF3B
S214005B70BC4904000040005A644C0400604C040019
S214005B8080841E0040420F000060005A0122034B32
S214005B901870034B1980034B1A707047E65A0020A2
S214005BA0146A0020E55A0020F8B5454B1B780BB95F
S214005BB00020F8BD434B1B78012B03D1BDE8F8400D
S214005BC02AF077B9404B1C884FF6FF739C42EFD003
S214005BD03E4834F00FFD0023260AE4B21A4621465A
S214005BE0304604F05DFC012E354604F0010335D046
S214005BF015D9B51E012DDBD8002B0BBF4FF48075D1
S214005C004FF080754FF470614FF070610BBF012745
S214005C104FF480370F204FF470202D4B11E0002BEF
S214005C200BBF4FF480754FF080754FF470614FF0E6
S214005C3070610BBF01274FF480370F204FF47020A0
S214005C40244B1A6802401CD0BA421AD01A680A407E
S214005C5032D11A6822EA01022A4316E0002B0BBF53
S214005C604FF480754FF080754FF470614FF070619F
S214005C700BBF01274FF480370F204FF47020164BD0
S214005C80DFE71A6822EA00023A431A602AF011F99E
S214005C90054600288CD0083644EA06102A4603211A
S214005CA0C0B2FFF7F1FE40F6FF73684300F2FF70E4
S214005CB0B0FBF3F080B27CE795427FF479AFC8E79B
S214005CC0E55A0020E65A0020146A0020644C0400BE
S214005CD028C3035020C3035024C3035010B5044CFC
S214005CE0237823B9034834F085FC0123237010BDC4
S214005CF0E85A0020644C04002DE9F0431F4C85B0A0
S214005D00074688469146FFF7E9FF23781BB902F05D
S214005D1077F8012323707BBAADF80C3030220023CD
S214005D20174E02FB03F4315DA51901BB0123335561
S214005D304FF0FF3304F1100012493044AB606F801F
S214005D40C5F80480C5F80C9009F0ECFA04F10801D7
S214005D50042231440C4B009503A802F027F9A968E9
S214005D6002460A4814F00EFB05B0BDE8F083013386
S214005D70102BD6D1064814F005FBF5E7E75A0020AD
S214005D80C4260020D7FE0200E9FE020003AE030090
S214005D9031AE030080B10278A2F14103032B0BD889
S214005DA040783038C0B2082806D8054B134413F89C
S214005DB0413C40EA032070474FF6FF70704700BF33
S214005DC0DC49040008B50B4642B1014604480068A9
S214005DD003F030FABDE808402AF0E2B8022008BD19
S214005DE01C65002008B50B4642B101460448006811
S214005DF003F0A8FBBDE808402AF0D2B8022008BD90
S214005E001C650020F0B50026124F8DB0FF230093CE
S214005E100A223346386802A92AF067FFC0B102ABEF
S214005E201D4603EB800404E055F8043BB34228BF4C
S214005E305E1CAC423868E9D9296803F009FD0028E1
S214005E40F2D02D28F0D00DB0BDE8F0402AF0A8B86A
S214005E500DB0F0BD1C65002028B1034B0360034B5A
S214005E60436000238360704719000003C464002069
S214005E70FF2307B50021044A0093083009F0D6F93D
S214005E8003B05DF804FB00BFC3FF02000B460449E5
S214005E90024608680349097808B12AF0B9B870477D
S214005EA0D0290020EA5A0020F7B50C4618B129215F
S214005EB0194834F0F6FB246823685E795F8830461C
S214005EC03946FFF7E3FFF0B18568E5B1A089227D8A
S214005ED03946904291BF0020801AA36880B294BFD2
S214005EE003469B18E27C00903046A84701380328FA
S214005EF003D8DFE800F0080F0B0D002420462EF034
S214005F0026FA204600E0812003B0F0BD8024F5E7A5
S214005F109324F3E78724F1E759AE0300F8B5154656
S214005F200D4A044610680D4A0B46117850B12246B9
S214005F302AF06EF8034628B100210C27C678B14235
S214005F4001DB0020F8BD07FB01F45A681019125B4C
S214005F50AA42F7D00131F2E7D0290020EA5A002001
S214005F6008B5034B1B6803B19847002008BD00BF67
S214005F70CC2900202DE9F74F04460D460026454B58
S214005F80454F1860454B197033010021F85C013607
S214005F9010F01CFA0C2EF7D10C2D28BF0C254FF054
S214005FA0000901953C4EDFF800A13D4DDFF8FC806E
S214005FB0019B4B4502DC03B0BDE8F08F23784FF021
S214005FC0000B337063887380A388B380A379C6F808
S214005FD00880B371E379C8F8005088F804304FF0B1
S214005FE00003A768A8F80630E3795B450ADC0121C0
S214005FF016F8100B10F0EAF908F1080809F1010983
S2140060000C34D5E74FF0000338886B812880FB7886
S2140060104FF0000C2B81BA78C5F804A0002A009235
S2140060200CBF802240222A7379680AF10C0263456D
S21400603013DC03EB43030AEB830ABB6843B1009A05
S2140060404FF6FF71B2FA82F2164B52092EF00FF994
S21400605014350BF1010B0C37C6E7B1F800E00CF174
S214006060010C22F80CEC91F802E00C3202F816EC67
S21400607091F804E00C3102F815EC11F809ECBEF1C9
S214006080010F14BF4FF0100E4FF0110E02F814EC73
S214006090CDE700BFD029002008410020EA5A0020A2
S2140060A0D42F0020A95E0000D429002054320020FE
S2140060B0014B1860704700BFC8290020014B1860CC
S2140060C0704700BFCC29002070B5128805460E46E2
S2140060D0FFF724FF044670B102790499806815F032
S2140060E0B5FA064B1B680BB9002070BD3146284632
S2140060F022889847F8E78620F7E700BFC8290020DF
S21400610008B50FF0FFF9022806D0012806D0044B88
S21400611018784000C0B208BD0120FCE70220FAE76C
S214006120E95A0020054B10B51C682CB1FFF7E8FFB4
S2140061302346BDE81040184710BD00BFC429002004
S214006140014B1860704700BFC4290020034B1A7823
S2140061501AB901221A700BF035BA7047E95A0020B6
S2140061600022024B1A70FFF7DDBF00BFE95A00207D
S21400617037B50446002836D00FF0C4F9022834D1CB
S21400618060892EF046FCE079237A003818BF01209B
S214006190012B637A08BF40F008000BB140F01000F6
S2140061A063890BB140F00400257CA188A2790DB16B
S2140061B0E36893B90F4B10F0E5FC2178084610F021
S2140061C05DFD2DF04FFF044610F016FD7CB1002853
S2140061D00CBF0020032003B030BDCDE90035064BD0
S2140061E010F0D0FCE9E70220F5E70120F3E72046AF
S2140061F0F1E700BF24FF0300EDCE030008B50DF065
S2140062003FFB014630B1044814F0BCF8BDE8084036
S2140062100DF0DABE08BD00BFCBAE0300034B044A48
S2140062205B7C012103201370FFF7DCBDB064002007
S214006230EB5A002010B50446FFF7F0FFB4F57F4F89
S2140062400BD100240F4B1A8813449C70FEF700FFF6
S2140062502046BDE81040FFF7FFBB4FF601739C4297
S21400626004D1BDE81040084829F0A9BD4FF60273D6
S2140062709C4205D1BDE81040044B1878FFF790BB50
S21400628010BD00BF68550020B0640020586A00208A
S21400629010B5074C012122460320FFF793FD28B9CD
S2140062A02378044A003B18BF0123537410BD00BF77
S2140062B0EB5A0020B0640020F8B5564B564C1A88AE
S2140062C04FF6FF739A4218BF03234FF0080218BF19
S2140062D02370524B32251A7030229A705A71DA7136
S2140062E037225D70DD7036251A724FF400121D716C
S2140062F09D714B4D4264C5644A4D012205654A4D69
S21400630086188565494DC667C565494D494E45663B
S214006310494D80F848208566484D80F8542005672A
S214006320474D80F860204567202580F8785080F833
S214006330845000F12105C0F88850424D80F86C204A
S214006340C0F88C50C0F8806080F89020C0F8944068
S214006350C0F8B8303C4B3D4CC0F8BC300223C0F807
S21400636098403B4C80F8C030C0F8A4400F24394B0E
S21400637080F8A840C0F8C430374B384CC0F8C83056
S2140063808223C0F8AC40364C80F8CC30C0F8B04021
S2140063900924344B344DC0F8D030344B80F8B44028
S2140063A0C0F8D4302C7C324B80F89C20C0F8A0007B
S2140063B080F8D820C0F8DC3044B12E4B80F8E420BA
S2140063C0C0F8E03005F11103C0F8E8304FF0000CDB
S2140063D0CA798E6802EB42039F00443006EB8303C3
S2140063E026F807C0586001200D349870DC7013182A
S2140063F0CB71FFF7C3FAFFF74BFFFFF781FE0128CB
S21400640006D12B7C23B1BDE8F840174829F0D7BC4D
S214006410F8BD00BF0C6A0020596A0020EC5A002024
S214006420F549040001002000F449040002002000A1
S214006430F34904000500420003002000F24904006E
S2140064400400420007003000FDFF2100120010018A
S21400645000404200F049040000FF4401E049040007
S2140064600600420068550020B064002002FF2001AC
S214006470586A002001FF100113B504460D4829F0A4
S21400648005FC6422C0F30F43637083B2B3FBF2F3E0
S214006490A07823702022012129F0DCFDA07821229B
S2140064A0012129F0D7FD0449201D02B0BDE81040A7
S2140064B029F08ABD0C6A0020E09304000B7870B5C2
S2140064C083704CF61E0303804FF02013C362012333
S2140064D080F8303080F83C30C3180364124B044612
S2140064E043640223114A80F84830114B8263C36428
S2140064F04063CA798D6802EB420305EB830004F122
S2140065002C0646600B4E45F8236000238360531C20
S214006510CB71094B201DC4E90134FFF7A9FC2046C6
S214006520BDE87040FFF7A8BFFDFF21002100200056
S214006530F64904000100010379640000437B044A25
S2140065400121137000781130C0B2FFF74BBC00BFBA
S214006550F65A002038B504460078054D11302A4614
S2140065600121C0B2FFF72EFC08B92B78637338BD43
S214006570F65A0020024B53F8200029F046BE00BF12
S214006580B4320020012908B506D0022907D049B93F
S21400659029F032FE002008BD29F031FEFAE729F086
S2140065A031FEF7E7024813F0EDFE0120F3E700BFE7
S2140065B0F8AE030010B4054C114654F820001A46F5
S2140065C0BDF804305DF8044BFFF7DCBFB4320020A2
S2140065D0002310B5044683810364A0F84430483095
S2140065E0FFF746FC014BC4E9123410BDF10103006D
S2140065F038B504460B781A4A43700D4642F8230015
S214006600FFF7E6FF2046FFF7A5FF4FF44013236190
S2140066100123144A2375A261134A84F82030E261EC
S214006620124A84F82C306262114A84F83830A2622A
S21400663004F10C0222630F4A04F10D036263E36364
S214006640EA79A86802EB420300EB830110344C6041
S214006650094C40F82340094B8B60531CEB7138BD46
S214006660B4320020F55A0020080020005A6A0020A4
S21400667000FF300001FF100102010104B5650000B3
S21400668010B47024427B0D48013A012904FB020035
S21400669006D0022908D059B95DF8044B29F0ACBDE4
S2140066A05DF8044B29F0ABBD5DF8044B29F0AABD9C
S2140066B003485DF8044B13F065BE00BF9018002039
S2140066C014AF0300B0F85C302DE9F0418B4204466D
S2140066D00E4638D0437B077C8BB31C4A12789A420E
S2140066E02DD370251A4A013B05FB032390F80F8033
S2140066F01B7B424629F097FDB845054601D1FF2889
S2140067001FD13A463146204694F8903029F08BFD4A
S2140067102F460546552212216078A4F85C6029F0C1
S21400672099FCFF2F03D039462046FFF7A9FFFF2D1F
S21400673009D029462046BDE8F04129F0B4BDFF2522
S214006740DFE70746E6E7BDE8F08100BFDE5A002037
S2140067509018002041688268C978D27849B112B191
S2140067600321FFF7AFBF837B002B0CBF0121022163
S214006770F7E72AB1837B002B0CBF02210121F0E74B
S214006780014813F0FFBD00BF25AF0300037BD3B164
S2140067904368DA7812B18268D278A2B91B7933B12D
S2140067A0837B002B0CBF04210521FFF78BBF83687A
S2140067B01B792BB1837B002B0CBF05210421F4E74A
S2140067C0014813F0DFBD704757AF0300084A437B0C
S2140067D005211370837B5370C37B9370037CD37047
S2140067E0037B137100780E30C0B2FFF7FBBA00BF10
S2140067F0F75A002038B5044600780C4D0E302A466D
S2140068000521C0B2FFF7DEFA20B1BDE838400848DF
S21400681013F0B8BD2B7863736B78A373AB78E37310
S214006820EB7823742B79237338BD00BFF75A00200A
S21400683093AF0300024B53F8200029F07EBD00BF43
S214006840DC320020F8B504460B78424A43700D4609
S21400685042F82300404E29F08EFDFFF7CBFF62681A
S214006860A3683E483E49D6641165D4655065C3E9C1
S2140068701410DE64DC654FF0987302266361012312
S21400688004F10C01E16137491032216204F10D0177
S214006890A16235492376E16204F10E016163334952
S2140068A084F82430A16304F10F012164304984F890
S2140068B03030616404F11001E1642E4984F83C3004
S2140068C084F84830216584F85460A265E879A968A0
S2140068D000EB400201EB820704F1140CC7F804C079
S2140068E04FF4817C244F41F82270C218D2B202EBDA
S2140068F0420241F822C001EB820700227A601F4A5A
S21400690084F8703022661E4A84F88830A2661D4AD3
S2140069101D4BE2661D4AC4F88C3062671C4A831918
S214006920A26704F15C02C4F88020DBB2194A03EBCC
S2140069304303C4F8842084F8646084F87C6001EB28
S214006940830260345460144A033041F82320E8710F
S214006950F8BD00BFDC32002055670000FD020300D2
S2140069608D670000010020010200100103003001C5
S214006970040030010500210101FC01064A00210047
S214006980F849040051001000FA490400FB490400CD
S214006990550021006F0018001200010470B50D4666
S2140069A00646144613460A4601461A4813F0EAFC01
S2140069B025B92046BDE87040FFF73CBC072D05D141
S2140069C021463046BDE8704000F0C4BC4FF6014397
S2140069D09D4205D121463046BDE87040FFF72ABFEC
S2140069E0062D05D121463046BDE8704000F066BA57
S2140069F0B5F5817F05D121463046BDE87040FFF7EA
S214006A00B9BD202D04D12046BDE8704000F0ECB89A
S214006A1070BD00BFC2AF03000148FFF749BB00BF0F
S214006A209D6900004FF4C01330B503600123037165
S214006A30074B8C688360CA7902EB420304EB83053C
S214006A406860044844F82300531CCB7130BD00BF77
S214006A50FC490400040001010368064A0C21136087
S214006A604368536003891381438922205381FFF7CB
S214006A70B9B900BF0433002010B50368044686B0D9
S214006A80FBB1114813F07EFCA37B104A8DF804304E
S214006A904FF48273ADF806300123CDE902230023BC
S214006AA001A804938DF81430FFF762FB2046618935
S214006AB029F071FC2046FA2150F8143B594329F07E
S214006AC083FA06B010BD00BFF5AF0300200000013A
S214006AD010B5064C236843B1054813F053FC2068F4
S214006AE0BDE81040418929F056BC10BD1033002087
S214006AF016B0030070B5364910460C68BDF8102075
S214006B00002C5ED003285CD8DFE800F0021E274584
S214006B10002B5AD0022A58D91D78B3F80160291ED6
S214006B2018BF012132462B4813F02CFC2DB13146FC
S214006B30204629F030FC002070BDE573FA2063681B
S214006B40584329F0C8FAF6E7234813F01BFCE37B0A
S214006B50002B38D00023E373F0E7002B35D0032A50
S214006B6033D91D681D48294613F00CFC1C4B2A1F00
S214006B709A4201D90220DFE723680BB19D42F9D87B
S214006B8023899D42F6D3E37B6560B3B9FA20684358
S214006B9029F0A1FA11E0002BCED0012ACCD91D880D
S214006BA01048294613F0EEFB002DE3D063689D42A3
S214006BB0E0D8E37B2581002BE8D12046FFF74CFF89
S214006BC0B9E70120B8E70420B6E70320B4E700BF22
S214006BD01033002039B0030070B003008FB00300FC
S214006BE0FCFF6D00BAB0030038B5154B1C6834B313
S214006BF0F0B92168134813F0C5FB23683BB16268FF
S214006C00934204D2104813F0BDFB6368236004F17E
S214006C101405284629F0DDF9236823B1FA21284611
S214006C20594329F0D1F92046BDE83840FFF714BF94
S214006C30032804D16189054813F0A4FBF3E738BDA7
S214006C4010330020E5B0030013B1030048B1030081
S214006C5070B53E4B0D46044609781860002A6FD181
S214006C6001231A46A1730021E1730121A1814FF48B
S214006C706151C4E900132823354E22810C21324687
S214006C8022206381FFF79EF860B9D6E900230AB197
S214006C909A4207D3318999429FBFC4E9002373897A
S214006CA0218163812B4B2C4AE363042384F8403014
S214006CB084F84C30E3182365284BA26463650223EE
S214006CC004F10802E265264A84F85830226604F188
S214006CD00A02A266234A84F8643084F8703004F10D
S214006CE00C03E26663676464EA79A86802EB420311
S214006CF000EB830104F13C064E601B4E40F8236017
S214006D00FA261A4B1A488B60531CEB71FFF7D6F91C
S214006D10208904F11405704329F0DDF961892046C5
S214006D2029F039FB134B2846C4E90534FFF7A0F8D1
S214006D30216849B128467143BDE8704029F044B93E
S214006D404FF4F07302228DE770BD00BF10330020B1
S214006D50043300200000230101002300020021006C
S214006D6003002101FDFF210020000105F56A000057
S214006D70D16A0000796A0000134B10B51C680CB38A
S214006D80E37BEBB129F029F92369C01A002809DB57
S214006D900E4813F0F7FA0023FA20E37363685843AB
S214006DA029F099F9E37B5BB12489FA235C4329F047
S214006DB09DF9A04206D02046BDE8104029F08BB9C8
S214006DC06468F2E710BD00BF1033002075B1030001
S214006DD038B50024044D55F8040B08B129F0EEFA36
S214006DE001340A2CF7D138BD14330020042908B525
S214006DF00AD172B16BB113781BB929F00AFB0020D7
S214006E0008BD29F0FCFAFAE7034813F0BBFA0120A4
S214006E10F6E70320F4E700BFAFB1030010B4054C5B
S214006E20114654F820001A46BDF804305DF8044BAD
S214006E30FFF7DCBF143300200229024608B50ED047
S214006E4004D839B9104629F0E4FA06E04029F9D00A
S214006E50412907D1104629F0D2FA002008BD29F0B2
S214006E60E2FAFAE7024813F08DFA0120F6E700BFCF
S214006E70CFB1030010B4054C114654F820001A4652
S214006E80BDF804305DF8044BFFF7D6BF143300207E
S214006E90426B094B52791A7082785A70C2789A708F
S214006EA0826B12B190F83C20DA7000780421093029
S214006EB0014AC0B2FEF796BFFC5A0020024B53F8B8
S214006EC0200029F0CCBA00BF1433002038B50446A1
S214006ED00078084D09302A460421C0B2FEF772FF3A
S214006EE030B96B78A370AB78E370EB7884F83C30FD
S214006EF038BD00BFFC5A002038B504460078114D56
S214006F0009302A460421C0B2FEF75CFFC8B9A37850
S214006F102A78022B0CD004D863B9204629F079FAD7
S214006F2001E0FF2B0AD02046BDE8384029F046BADB
S214006F30002AF2D1204629F062FAF4E7002AF9D1B5
S214006F40EBE738BDFC5A0020F8B504460B78284A13
S214006F500D4642F823004370FFF7B8FF636B254ADF
S214006F605C631A632046FFF7C7FF204629F026FA1F
S214006F704FF4801363600123626BA66B0532E260F8
S214006F801D4A23722261A21C2375A26166B11B4AA8
S214006F9084F82030E261E21C6262194A84F82C30E0
S214006FA004F13C03A26223630627EA79A96802EB90
S214006FB04203002E21F8237001EB83000CBF02234E
S214006FC00423C370012383700E4B04348360531C68
S214006FD04460DBB20C4C03EB430341F8234001EB67
S214006FE0830000234360094B02328360EA71F8BDD8
S214006FF0143300203B0403000340300101FF30013E
S21400700002FF1001756E0000080001001D6E0000F2
S21400701028B1034B1B78834234BF00200120704701
S214007020E05A002070B500250A4C0B4E3378AB4270
S21400703000DC70BDD4F8A42042B123791BB160797E
S214007040FFF7E6FF10B9104628F0AAFE0135A8346F
S214007050ECE700BF9C1C0020E15A002008B54279EE
S21400706001461046FFF7D4FFA8B1CB780A48013A8C
S214007070042B00EB82100ED8012B08D81BB9BDE8F4
S214007080084029F0BCB9BDE8084029F0C2B9BDE8FF
S214007090084029F0C8B908BD9C1B002008B54279F5
S2140070A001461046FFF7B4FFA8B1CB780A48013A6C
S2140070B0042B00EB82100ED8012B08D81BB9BDE8B4
S2140070C0084029F0A6B9BDE8084029F098B9BDE8FF
S2140070D0084029F0A8B908BD9C1B002010B586B052
S2140070E00446FFF70DF8012830D1E278042A2DD89F
S2140070F0DFE802F013323403030061790846FFF735
S21400710087FF58B31648032A00EB811050F80C3C52
S21400711058791DD1003818BF012063784FF480726B
S2140071208DF804304FF48273ADF806300623ADF8C0
S214007130083001238DF80B3000238DF80A0001A8D3
S214007140CDE903238DF81430FFF712F806B010BD12
S214007150B0FA80F04009E0E70020DEE70220DCE736
S2140071609C1B002010B586B00446FEF7C9FF012818
S21400717030D1E278042A2DD8DFE802F01313320368
S214007180030061790846FFF743FF48B31548032A12
S21400719000EB811050F80C3C5B791DD11A1E18BF0D
S2140071A0012263788DF80A208DF804304FF482733C
S2140071B0ADF806300623ADF8083001234FF4807290
S2140071C08DF80B30002301A8CDE903238DF8143089
S2140071D0FEF7CEFF06B010BDB3FA83F25209E0E721
S2140071E00222DEE79C1B002010B586B00446FEF7A0
S2140071F087FF012812D16378094A8DF804304FF4CE
S2140072008273ADF806304FF48073CDE90223002375
S21400721001A804938DF81430FEF7AAFF06B010BD3F
S2140072200800070110B586B00446FEF769FF01287E
S21400723020D16278104B8DF804204FF4827294F8B7
S214007240A01094F8A10059701870ADF806200493A9
S2140072504FF480720223094901A88DF81430CDE955
S2140072600212FEF785FF94F8A130013B18BF0123F8
S21400727084F8A13006B010BD005B002008000501B0
S21400728010B58378044603B30379022B0AD14279FA
S2140072901046FFF7BDFE28B10C48013A00EB8210FD
S2140072A029F0C1F8A379022B02D12046FFF716FF7A
S2140072B02046FFF7B7FF02236078A4F86C3055220B
S2140072C0BDE81040122128F0C5BE10BD9C1B002052
S2140072D04388094A082113808388538083681B8A61
S2140072E0938090F8A03093718379D371007804303E
S2140072F0C0B2FEF777BD00BFEA55002038B50D4690
S21400730004460178114813F03DF84FF602739D428B
S2140073100ED10F4B1B782BB963712046BDE8384061
S214007320FFF7D6BF62790AB19342F6D20123F3E79C
S214007330B5F57F4FF1D1204629F00EF9A378022B40
S2140073400CBF01220022A3689A70E6E7EBB10300A7
S214007350E05A0020024B53F82000FFF7CFBF00BFD3
S2140073603C33002038B504460078144D04302A46D5
S2140073700821C0B2FEF726FD20B1BDE8384010480F
S21400738013F000B82B8863806B88E978A380AA88FE
S214007390A3681A82AB7984F8A030EB79A371094B05
S2140073A01B780BB9637138BD09B19942FBD9064801
S2140073B012F0E8FF23780133F4E700BFEA55002017
S2140073C005B20300E05A00202EB20300F8B50446CA
S2140073D00B78474A0D4642F823004370FFF7C2FF7A
S2140073E0A268444BD465D364434B02265365434B93
S2140073F0A11C13654FF44013E36001236161E16251
S2140074003F49103221632265211D3E4AA1633E4852
S2140074103E49626504F1A002A061E163E265E01CFA
S214007420611D3B4A206261643A483B492266A21DC0
S2140074302374237784F8283084F8343084F8403076
S214007440A16484F84C6084F8583084F86430606234
S214007450A266E879AA6800EB400102EB810704F116
S2140074600C0CC7F804C04FF0060C2C4F42F82170E5
S214007470C118C9B201EB410142F821C002EB8107F5
S21400748000217960264F84F880302767254F84F8DE
S2140074909830A767244F254BE767254F84F874601C
S2140074A084F88C60C4F89C3004F16C06831CC4F825
S2140074B08470C4F890601F4F1F4EDBB203EB43038B
S2140074C0C4F89460C4F8887002EB83067034746065
S2140074D008261A4C42F82340C31CDBB203EB4303D6
S2140074E002EB8304043042F823606160E871F8BD63
S2140074F03C330020AF040300F9040300817200004F
S21400750001FF300104FF20011000300102FF2001BE
S21400751005FF300100FF300103FF210107000108CD
S2140075204A002100FE49040051001000004A0400F1
S214007530014A0400550021006F00180012000104E3
S21400754000239B6AB3F5804F03D21968064A91421E
S21400755003D00023037083607047012202709A688C
S2140075609B694260F7E700BF07B0CD5E024B034A57
S2140075701A602AF015BC00BF0000002002020FF0BF
S21400758073B53F4B04461A781AB102221A7002B03D
S21400759070BDCDE900220028F9D001261E7032F019
S2140075A08BFF384D384B186017F0CEFC2B785BB944
S2140075B002F0F2F940B935480823354A35490068E3
S2140075C001F038FE00B92E70334B5A68E260334A39
S2140075D09A601A6E22605A6E6260D3F87021A260BA
S2140075E01B6E5C042CD52E4AD368D807FCD42D4BD2
S2140075F01A68531C29D04FF4801393402A4A136606
S2140076000423294C4FF0804223664FF480632366A0
S214007610102323664FF400536846236601A92266AA
S214007620636628F0B1FF009B2366019B63662B7898
S214007630002BACD0164B1A6822665B686366A6E71A
S2140076401A4AD368D907FCD4D1E7194B1B78002B0C
S214007650D6D1184B5A68144B12B94FF480121A66DA
S214007660154A526812B94FF400121A66134B5B683B
S214007670002BC5D14FF480020B4B1A66C0E700BF43
S214007680035B0020045B0020743300201C65002090
S21400769078330020007108000080004455CEAC000E
S2140076A000000440E86400200090004400000450FD
S2140076B0025B00200080055000C005500000065008
S2140076C038B5224D04462B78012B02D001232B70AF
S2140076D038BD0028FCD028F07CFF013009D028F007
S2140076E078FF40F20113984203D0194AD368DB07AB
S2140076F0FCD42268174B1A6662685A66A268C3F8FA
S2140077007021E268D40744BF00229A60124B1A68C0
S214007710013213D1114A127882B911494968C80753
S21400772048BF1A600F4A5268D10744BF01221A6048
S2140077300D4A5268D20744BF02221A6017F00CFCAA
S2140077400A4B186832F0B3FE0023C0E7035B002044
S2140077500000044000800044E8640020025B002033
S2140077600080055000C0055000000650743300200D
S21400777070B50024A36AB3F5804F23D21A68134B62
S2140077809A421FD1124E337813F0FD0518D14FF4EC
S21400779080341048FFF7F4FE032004F04FFC0E4B35
S2140077A00320DC6004F02EFC0C4B1C61AB6ADB692A
S2140077B0984704460748FFF783FF0CB90123337048
S2140077C0204670BD4FF48174FAE700BF07B0CD5E67
S2140077D0025B00206433002000A0004400900044B8
S2140077E013B5204B1B7803B9FEE700231E4CCDE9EA
S2140077F000336A4608231D49206801F01BFDF8B9CE
S2140078001B4AD2F84031D2F840211F2B4FF001031B
S21400781011D9203A9340019A1A43019208236A46E6
S2140078201249206801F08EFE124B134A1A602AF0A5
S214007830B7FA02B010BD9340009A1A430092EDE7E3
S2140078402D28F1D10A4AD2F84031D2F840211F2B18
S2140078504FF0010385BF203A93409340019398BFB1
S2140078600093DBE7035B00201C6500200071080026
S21400787000800044000000200B020FF038B5002501
S214007880AB6A0446B3F5804F10D21B6BB3F5804F3E
S2140078900CD20748FFF774FEAB6A20461B6B5B688A
S2140078A09847BDE838400248FFF70ABF38BD00BF1A
S2140078B08033002013B50024A36A0190B3F5804FEF
S2140078C013D21B6BB3F5804F0FD20948FFF758FE53
S2140078D0A36A01211B6B01A89B69984704460448CC
S2140078E0FFF7EEFE204602B010BD4FF48174F9E7B4
S2140078F08033002070B50026B36A0446B3F5804F87
S2140079000D4612D21B6BB3F5804F0ED20848FFF718
S21400791037FEB36A20461B6B29469B699847044688
S2140079200348FFF7CDFE204670BD4FF48174FAE79A
S2140079308033002070B50026B36A0446B3F5804F46
S2140079400D4612D21B6BB3F5804F0ED20848FFF7D8
S21400795017FEB36A20461B6B2946DB699847044628
S2140079600348FFF7ADFE204670BD4FF48174FAE77A
S21400797080330020F8B50027BB6A0446B3F5804F75
S2140079800D46164611D21B6B7BB10948FFF7F8FD72
S214007990BB6A20461B6B324629465B6A98470446FC
S2140079A00348FFF78DFE2046F8BD4FF40174FAE752
S2140079B08033002070B50026B36A0446B3F5804FC6
S2140079C00D4612D21B6BB3F5804F0ED20848FFF758
S2140079D0D7FDB36A20461B6B29469B6A9847044628
S2140079E00348FFF76DFE204670BD4FF40174FAE7BA
S2140079F080330020F0B50027BB6A0446B3F5804FFD
S214007A000D461646ADF5337D20D21B6BB3F5804F81
S214007A101CD21048FFF7B4FDBB6A20461B6B40F231
S214007A20C1225B6A01A99847044630B10948FFF7AE
S214007A3047FE20460DF5337DF0BD836A32461B6B4C
S214007A402946DB6A01A898470446EFE74FF401741D
S214007A50EFE700BF8033002010B50024A36AB3F51B
S214007A60804F10D21B6BB3F5804F0CD20748FFF740
S214007A7087FDA36A1B6B1B6B984704460348FFF7FA
S214007A801FFE204610BD0124FBE700BF8033002008
S214007A90F0B58FB0044601A80E461546FFF7EEFE79
S214007AA09DF80C30012B12D1B5F5402F27D8B4F530
S214007AB0402F24D86319B3F5402F20D821462A46F4
S214007AC0304613F001FF002420460FB0F0BD00271B
S214007AD0BB6AB3F5804F15D21B6BB3F5804F11D23E
S214007AE00A48FFF74DFDBB6A2A461B6B3146204607
S214007AF05B6B984704460548FFF7E2FDE4E740F273
S214007B000244E1E740F20114DEE700BF80330020C4
S214007B10F0B58FB0044601A80E461546FFF7AEFE38
S214007B209DF80C30012B1FD1B5F5402F06D8B4F5C3
S214007B30402F03D86319B3F5402F13D940F20244FF
S214007B4020460FB0F0BDE258013225D104339D42E5
S214007B50F9D82A463146204628F06BFD0028EDD09D
S214007B600024EDE70023F2E70027BB6AB3F5804F59
S214007B7015D21B6BB3F5804F11D20A48FFF700FDF4
S214007B80BB6A2A461B6B314620469B6B98470446C9
S214007B900448FFF795FDD3E740F20344D0E740F2F0
S214007BA00114CDE78033002070B58EB0044601A8DE
S214007BB00D46FFF763FE9DF80C30012B22D144EAF8
S214007BC00503C3F30C03002B33D1B5F5402F04D9BE
S214007BD040F2024420460EB070BDB4F5402FF7D8F0
S214007BE02544B5F5402FF3D8204604F5005428F078
S214007BF019FDAC4202D00028F6D1E9E70028E7D00C
S214007C000024E7E70026B36AB3F5804F14D21B6B57
S214007C10B3F5804F10D20A48FFF7B2FCB36A294684
S214007C201B6B2046DB6B984704460548FFF748FD6C
S214007C30D0E740F20444CDE740F20114CAE700BFA3
S214007C4080330020BFF34F8F0549064BCA6802F405
S214007C50E0621343CB60BFF34F8F00BFFDE700BF6A
S214007C6000ED00E00400FA0570B5D0B1C9B10E4EC3
S214007C70431E013913F8014F2046325D02F003021D
S214007C80012A11F8012F08BF04F12000B55C05F0A9
S214007C900305012D08BF2032801A01D1002CE9D13E
S214007CA070BD0120FCE700BFD57104000348044AFC
S214007CB00449121A921028F008BD00BF3441000093
S214007CC0D04200001C62002008B5154B83F30A88DA
S214007CD000F030F8FFF7EAFF124B13498B4212D33D
S214007CE00020124B12498B4218D3FCF7FBFF186892
S214007CF050F82240586840F8224001329868824284
S214007D00F5D30C33EAE70022F8E71C6844F82200B3
S214007D1001325C68A242F8D30833E4E70022F8E7B1
S214007D2008000020749604008096040080960400E4
S214007D3080960400124B134A70B59A60D3F88820D8
S214007D40114D42F47002C3F888206FF0010205F569
S214007D500054226641F2FF7262660222C3F8D02007
S214007D60BFF34F8FBFF36F8F4FF44036032004F0FE
S214007D7065F90320E66004F045F92E6170BD00BF8A
S214007D8000ED00E00040000000800044014B186059
S214007D90704700BFF0640020054B1860054B1B6F52
S214007DA003F00703032B01D130F0DEBC704700BFA1
S214007DB0F8640020008000502DE9F04104464FF0A2
S214007DC001080C250D4E0CB9BDE8F08194FAA4F01C
S214007DD0B0FA80F00F2808FA00F2C8BF103824EA7C
S214007DE00204CABF05FB006205FB0062B432576896
S214007DF0002FE8D09168C0B2B847E4E7903300207F
S214007E0008B50C4832F0F6FB192004F009F928B141
S214007E10192004F013F9192004F0F4F81A2004F0DD
S214007E20FFF828B11A2004F009F91A2004F0EAF83D
S214007E30002008BD644C04002DE9F0410E461746AC
S214007E40054618B30F2923D80378DBB1013BDBB214
S214007E50022B19D8104AD35C6A78D340DB0717D5B3
S214007E600E4BD3F81043ACB932F026FB80463A46A8
S214007E702846314602F042FE404632F018FB2046C5
S214007E80BDE8F0817F23E7E70023E5E72224F6E755
S214007E902124F4E70224F2E7544A040000C0035009
S214007EA010B5044610B30378E3B1013BDBB2022BF6
S214007EB01AD8104AD35C6278D340DB0718D532F064
S214007EC0FBFA0122617823788A4030214B4341F245
S214007ED0100103F1A04303F570335A5032F0E7FA6D
S214007EE0002010BD7F23E6E70023E4E72220F8E722
S214007EF02120F6E7544A040010B5044610B3037870
S214007F00E3B1013BDBB2022B1AD8104AD35C62788D
S214007F10D340DB0718D532F0CFFA012261782378F8
S214007F208A4030214B4342F2100103F1A04303F58F
S214007F3070335A5032F0BBFA002010BD7F23E6E7BC
S214007F400023E4E72220F8E72120F6E7544A04005D
S214007F5038B50D46044618B311B30378E3B1013BB8
S214007F60DBB2022B1AD8104AD35C6278D340DB0708
S214007F7018D532F0A1FA30222378534303F1A043F8
S214007F8003F570335B696278D34003F001032B700E
S214007F9032F08DFA002038BD7F23E6E70023E4E7C1
S214007FA02220F8E72120F6E7544A04002DE9F041A4
S214007FB00D4616469846044600284FD000294DD058
S214007FC00178002940D04B1EDBB2022B3ED8254A52
S214007FD0D25C6378DA40D20701D4FF2940D1022E62
S214007FE001D9042E3CD132F067FA23780746FF2BDE
S214007FF005D032462046296802F0C6FD28602B6868
S214008000013309D12378FF2B06D1174B6078D3F8BC
S214008010241429F035F9286029684B1C18D00C2345
S214008020124A03FB0122069BC2F804809360237861
S214008030FF2B04D001230E4A8B40C2F82434384666
S21400804032F035FA002007E07F22C2E70022C0E7C0
S214008050384632F02CFA2D20BDE8F0812220FBE7CE
S2140080602120F9E7544A040000C003509033002052
S21400807000D0035008B502F037FD044B00F0553031
S214008080C3F82004BDE80840FFF796BE00E00350A2
S21400809008B502F029FD044B00F0AA30C3F820040E
S2140080A0BDE80840FFF788BE00E003502DE9F04F1A
S2140080B0144605460E469B46C36B87B001225B6995
S2140080C002A960689847EB6B01225B6903A93046FA
S2140080D0984702A828F0F8FE074648B10023A37583
S2140080E063754FF0FF33A360002007B0BDE8F08F44
S2140080F003A828F0F6FE0123A375237E04EBC30332
S214008100DE611F846368B3420ED1206003A828F0A6
S2140081100AFF4FF0FF332075A360237D043B022B3C
S21400812026D80023A375DFE723681A1A5342534163
S214008130A37503A828F0F7FE237D834218BFA77512
S21400814003A828F0D2FE074602A828F0CEFE8742F3
S21400815018BF002303A818BFA37528F0CEFE074655
S21400816002A828F0CAFE87421CBF0023A375D4E7E6
S21400817003A828F0BAFE80B1EB6B022230465B699A
S21400818004A9984704A828F0BFFE0346207D0328CC
S21400819039D8DFE800F03838040903A8F3E7CC2222
S2140081A0237E04EBC3031A8401F06EFC109B187048
S2140081B003A8277E28F08DFE04EBC70787F8220069
S2140081C0237E03A804EBC303B3F8209093F8227031
S2140081D028F08BFE804603A828F08FFE8246B8F172
S2140081E0000F15D0EB6B022230465B6904A9984756
S2140081F004A828F04EFE6075637D6BB90023A37556
S2140082004FF0000838E0227E04EBC2021384CBE76E
S21400821003A828F029FEEEE794F81680B8F1000FC0
S214008220EED0B9F1000F09D1DFB10123E375637E0B
S214008230002B4FD1012F42D1677614E06B6C06EB12
S2140082400A015A4286EA010010421CBF0022A275AB
S2140082505A1E0A409B1A9945D0D8A37D002BE3D11D
S214008260CEE7E37D43B94FF000084B465246314611
S214008270284628F074FBA060A27D12B123694B4407
S21400828023611A49237E097899422AD90133237635
S214008290BBF1000F27D032B3E37D23B3B8F1000F54
S2140082A021D1032F1FD0A1684B1C1CD0109B224647
S2140082B0009328460123FFF7F9FEA07513E095F812
S2140082C0343063B9EB6A0133CFD1032FCDD101230C
S2140082D0A376C8E7012FCFD0032FC4D1F7E798467F
S2140082E0C3E70023A375A07DFFE600BF784A04001D
S2140082F02DE9F04F0E46984600238BB004464FF00B
S214008300FF31104617468DF8133001F0A7FBB6F57F
S214008310801F20D2314605AA04F1080028F026FD69
S214008320451C014603D1237CBBB92D2010E03846FE
S21400833001F094FB0122394620460DF1130328F084
S21400834060FB0028EFD09DF8133088F8003000203E
S2140083500BB0BDE8F08FB01CE5D1E56A691C36D1DC
S2140083602046616A28F041FA0546B31C18BF01236F
S214008370DFF8CC900193636A626C0293236805A9C8
S21400838002FB053AE36B05225B695046984705A851
S21400839028F035FE28F058FE504628F060FE4FF0D4
S2140083A0000B824601464B1C05D0636C81EA0A022C
S2140083B05B42134211D02946204628F016FA029B4B
S2140083C0AB422CD0BBF1000F2CD10546D3E7236877
S2140083D0ED1A636CB5FBF3F5C7E7484601F03EFBC4
S2140083E00DF1130349462046019A28F00AFB03467E
S2140083F090B1B21C03D0D9F80020B2420CD19DF83F
S214008400132003930D4B88F8002049461A68384617
S21400841013F05AFA039B9B46D9F80810C3E7BBF142
S214008420000F82D0B6F5801F91D2314698F8003002
S2140084307A6804F1080001F03FFA88E7744A0400FD
S2140084406C3B00202DE9F3410446174698460E463D
S214008450184D816AE36A8B4201D04B1C02D102B0F0
S214008460BDE8F081284601F0F9FA012229462046A7
S2140084700DF1070328F0C5FA38B1434629462046D1
S2140084809DF80720B8470028E9D0A9684A1C04D1FF
S2140084906968204628F036FA0146012EDAD16B6864
S2140084A081EA0302636C5B421A4218BF4FF0FF3149
S2140084B0D0E700BF403B00202DE9F04F4FF0FF33E0
S2140084C04FF6FF720025044600F10806C0E90923AE
S2140084D08BB0C362056205633046884628F017FCF9
S2140084E0204628F052F960BB2046414628F0CDF9D8
S2140084F0204628F04AF960BB5E200BB0BDE8F08F3E
S2140085002368E26B606C576900FB0530052205A9FD
S214008510B84705A828F073FD012807460CD1294660
S214008520204628F083F9012F024600D10132294661
S214008530204628F049F903E028F08BFD0028EED10C
S2140085400135E3699D42DBD3204628F01EF900285A
S214008550CAD000254FF0FF394FF6FF73CA46A8462B
S214008560C4E90853E36998450AD3A5EB0905012D2C
S2140085702CD84FF6FF72636A93423CD16720BCE763
S2140085802368E26B606C576900FB0830052205A97A
S214008590B84705A828F033FD834605A828F006FD51
S2140085A00746584628F050FD68B1574538BFC4F80E
S2140085B02480B94528BFB946BD4238BF3D46BA46B5
S2140085C0236A0133236208F10108CBE74FF6FF73F5
S2140085D000256362E3699D42CBD2676C2068E36B3B
S2140085E0052207FB05005B6905A9984705A828F042
S2140085F0DDFC0135EEE7E26B676C2068694607FB39
S214008600030055690522A847684628F0CFFC626A31
S2140086102368606C4B4D00FB023028F020FD4FF0C5
S214008620FF33A062E3622A466FF00101204605ABE5
S214008630FFF75EFE002846D1AD6829462046E56273
S21400864028F07FF8206320B92046E16A28F05AF91E
S214008650E0622946204628F055F90546A36A9D4261
S21400866033D1204628F040F800278046B946E36913
S21400867099453CD3B84559D92046616A28F0B5F8E3
S2140086800026054604F1400AB74212D8626C2368F9
S214008690694602FB0539E36B05225B694846984745
S2140086A0684628F083FC534602464946E06B28F0AD
S2140086B0D8FC2946204628F098F80136B0450546ED
S2140086C0E2D1642019E7A56AB7E72946204628F0D4
S2140086D038F8236B2946034407462363204628F0D0
S2140086E011F90546002FB9D1C4E90B07B6E7636C4C
S2140086F02568052203FB0955E36B05A95B69284637
S214008700984705A828F07BFC28F09EFC58B1284620
S21400871028F0A5FC0146204628F013F8636C143BAD
S214008720984208BF013709F10109A0E7304628F052
S214008730EEFA002320461946034AFFF783FE002080
S214008740DBE600BF983B0020F10903002DE9F0416D
S214008750036B9046826B07689A4288BF8363426CBD
S214008760436A90B002FB0377C36B0E46052201A94D
S2140087705B6904463846984701A828F040FC012863
S2140087800146307057D0656CE26B2368606AD2F899
S21400879014C005FB0030052206A9E04706A828F00D
S2140087A02EFC01284FF0000523D0D4E90A3201211F
S2140087B09342CDE90B458DF834800E958DF83C102C
S2140087C02AD11946204628F09DF8236B626C143394
S2140087D09B1AE06223630C9B53B99DF83C303BB177
S2140087E0626A616C2368E06B01FB023128F0BFFB14
S2140087F00C9DE36B05225B6901A93846984701A8E2
S21400880028F0FDFB30702846236BA26B9A4288BF87
S214008810A36310B0BDE8F081237C33B91C490BAAD2
S21400882004F1080001F096F8D5E72046194A0BAB8C
S214008830FFF708FECFE7237C23BB2246164904F148
S214008840080001F087F8616A204627F0EFFF616AAA
S214008850421C204627F0B8FF054620B9236B626C01
S2140088601344143B23632046A16A28F04BF8236880
S214008870A062C01A636CB0FBF3F06062204628F07A
S21400888084F8B6E700232046044AFFF7DBFDDAE764
S214008890F18F00006D8F00008B0A0300270A03008B
S2140088A073B50D46D11E4A421C461B7E4A419A426B
S2140088B026D129682368994222D3636899421FD833
S2140088C0114E0DF107033246FFF712FDC0B972686C
S2140088D06B689A4214D19DF80730DA1E5342534112
S2140088E0227E93420CD1636901336361D4E903238A
S2140088F0934205D22968A26842F823100133236107
S214008900012002B070BD00BF983B00202DE9F04F5B
S2140089109B4689B09DF848309046514A01931369AA
S21400892007465B450D46C0F09580D94653680093D0
S214008930B9F1000F7BD0FB6B01225B6905A900989B
S214008940984705A828F0CDFA454B1B68984240F09A
S214008950848005A828F0D1FA0428064615D105A873
S21400896028F0D2FA009B04461E44019B002B3ED101
S214008970804512D91C46A8EB00083846009927F017
S214008980C1FFA9EB04090090D2E7FB6B02225B69EA
S214008990009806A9984706A8E2E7A0EB08045C45FD
S2140089A028BF5C46032C4644ABEB040B1DD9FB6B7F
S2140089B0294630465B69A208984724F0030304F072
S2140089C0030A1E441D44DDF80480BAF1000FD4D01B
S2140089D0FB6B012206A930465B699847524628463B
S2140089E006A912F071FF5544C7E7A246EBE7824698
S2140089F000F0030302932B1803930644039BA6EB95
S214008A000A00A3EB0A05029B9A4514D1BAF1000F9F
S214008A10B3D0FB6B012206A95B69984752462846ED
S214008A2006A913F00DF90028DDD04FF036094846A8
S214008A3009B0BDE8F08FFB6B012206A95B69984779
S214008A400422284606A913F0FBF80028EDD1AAF167
S214008A50040AD3E74FF06309E9E74FF06F09E6E74A
S214008A60C43B00202DE9F0410F46164698460446C2
S214008A7088B060B390F83450FDB1012127F07AFE3B
S214008A8000210E9BCDE90511CDE902379DF83C305B
S214008A90CDF804808DF81C30237C04968BB90D49E4
S214008AA001AA04F1080000F055FFDDE90553E06B6C
S214008AB0002E08BF1D4627F0F6FF284608B0BDE882
S214008AC0F0812046044A01ABFFF7BCFCEDE7054603
S214008AD0F3E700BF550A0300A18800007FB590F8B1
S214008AE04260044601920DF10B030A4630461149D6
S214008AF027F0E1FF012E0546E36B17D132465B698E
S214008B0003A998479DF80B10039B019A59B19BB295
S214008B1043EA0243012228460393E36B03A99B69B9
S214008B20984704B070BD62F30F03F3E701229B6918
S214008B3001A9F5E7C43B00202DE9F04F99B00E4699
S214008B400D920A69416C0B931439D31DB3FBF1F3F4
S214008B50013302EBC302036B04469342C0F001826A
S214008B600023DFF804940893E36A48461946059301
S214008B7000F074FFD6E9033707930B9B022B4DD109
S214008B80CC2F40F0D7810D9B3BB13146204627F0D5
S214008B90E8FF656C1490012044E00120079B656C9B
S214008BA01B68149300F0010000280CBF0423082360
S214008BB0782F0E9349D8059A6B1E1340ED1A3B1D6D
S214008BC09D423CD2002F3DD0082D3ED800230425E0
S214008BD006934FF0040A336806990B98C9F80030DC
S214008BE0C9F8107028F0A3F94FEA9A030F93059B73
S214008BF089F814000393002309930C9304930A93B3
S214008C00616C039B4A1E1A408B1A27B35544AB422D
S214008C1023D8236B5B1A134423632FE1782F656CEC
S214008C20B9D8F07D0D9B002BBCD0E36B01225B69AD
S214008C30706816A9984716A828F057F9B4E70025D3
S214008C400695C6E704250697C3E7012300254FF0DF
S214008C50080A0693BFE75345DBD3A3EB0A02974205
S214008C60039BB84628BF90469742534428D9012212
S214008C70D9F8101089F817208F4226D10399C9F821
S214008C800410049299F817200AB399F8181003985C
S214008C90CA1C09EBC202506004980131A2F8088091
S214008CA0907289F81810B8F1000F07D00B9A022AB4
S214008CB040F08180099A72B1012209929B46ABE08E
S214008CC0049A002A18BF0322DBE70222D9E7039A98
S214008CD0C9F80420E7E70C9A4244032AEED9E26B6F
S214008CE01846956914A901220993A847099B0546C9
S214008CF00028E1D03D2D40F01E8104F108030393C7
S214008D002368059A606CA2EB030ABAFBF0FA00FB34
S214008D100A3028F0A4F9E16A8046204627F0F2FDE2
S214008D20A26A824200F00F81626CD9F80830511EA8
S214008D300B40216B2768891A0B442363089BE0626B
S214008D40DF1BB7FBF2F7BA4540F0FA80059BB3EBA2
S214008D50080A12D0E36B4FEA9A0241469B6998478D
S214008D608346E36A059A5344E362236B03989B1A8F
S214008D704344236327F0CBFFDA462368616CE06B3D
S214008D8001FB073128F0E0F8204627F0FEFC2046DD
S214008D9027F0FBFD2063BAF1000F00F0D4803269A3
S214008DA0616CD31D1439B3FBF1F3013302EBC3023C
S214008DB09042A5D2BFE00D9A002A77D1B8F1030FF2
S214008DC04FEA98026ED9E16B18468D6907991093A1
S214008DD0A847109B0546C0B918F0030515D0079A9A
S214008DE028F0030B02EB0B019B444FF0FF3215A853
S214008DF015922A46109312F067FDE26B5846956965
S214008E0015A90122A8470546109B9B46079A42448F
S214008E100792002D40F08B80049B16A80193069BBA
S214008E20009399F814204346316800F0CDFDE36BBB
S214008E300F9A9B69039816A99847039A051E089BE4
S214008E4018BF13460893434652462046039927F018
S214008E5086FD236B08F10302A3EB0A0322F003024C
S214008E609B1AC9F808002363002D7FF443AF0C9BC0
S214008E70A7EB080743440C93CDF80CB020460399A3
S214008E8027F040FD00250390002F7FF4B9AE364A48
S214008E903168936804F10800E36252680B9B00F0A7
S214008EA00BFD49E09B46454607999EE79B4606F123
S214008EB020021092F27D7068A2B1002296F818C0C7
S214008EC00A99D5B2AC4511D9109D02F1010E35F8BC
S214008ED032508D4228D90E9806EBC2020144D06962
S214008EE0084403E00E9A0A990A441044E26B15A956
S214008EF0556901221193A847159A0A9B1392E26BB3
S214008F00043395695846012213A90A93A847119B72
S214008F10054603EB0802A2EB0B02042A7FF679AFA4
S214008F2028B90BF1040BC5E77246491BC9E7CDF813
S214008F3020B088E770252F46384619B0BDE8F08F78
S214008F404FF0000A19E73269616CD31D1439B3FB80
S214008F50F1F3013302EBC302236B9342BFF404AE7A
S214008F60E9E71C27E8E700BF6C3B0020032A2DE951
S214008F70F34106460D4617461C4606D1237A012BBA
S214008F8023D0012002B0BDE8F081DFF860800968D8
S214008F9042460DF10703FFF7ABF960600028EDD1FC
S214008FA09DF80720237A032AE8D0D8F804106A68C8
S214008FB09142E3D1012B2969D4F80CC007D172691C
S214008FC00CEB0103934202D92074207CDAE70831C7
S214008FD06144E1603B46012229463046FFF7ACFD7E
S214008FE060600028CAD00020CCE700BF983B002075
S214008FF02DE9F341089C032A1746266806D1237AF2
S214009000012B24D0012002B0BDE8F081DFF890806B
S214009010304642460DF10703FFF76AF96060002804
S214009020EDD12568D8F80400A96AD5F844C04840B0
S214009030CCF100031840227AE1D1012A09D1E26876
S214009040D8F8103013447269934202D92074207CF9
S214009050D9E72868EB6A1B1A081AB3FBFCF3B0FBC7
S214009060FCF083420BD1706CF36A421E1340326BE5
S214009070121A13442846336327F044FCE862D8F8F3
S2140090801020E36808321344E36001223B4604499B
S2140090902068FFF751FD60600028B0D00020B2E7DE
S2140090A0983B00202DE9F0410025604B0E46D3F892
S2140090B0008004461D6018B921252846BDE8F081C9
S2140090C090F8347007B30A6803689A4240F0A380A9
S2140090D04A6843689A4240F09E808A6883689A424B
S2140090E040F09980CA68C3689A4240F094800A6942
S2140090F043699A4240F08F808A69C36B9A4240F077
S2140091008A804B698361D8E768223946856B12F0FE
S2140091104BFAD6E90212336804F10800236073683C
S214009120A5636360336963617369A36127F001FE19
S214009130B36904F14000E3639B68984720B9676C05
S21400914017B16368B3FBF7F794F84330E761002B79
S214009150B2D00023656C2366002D64D0002F62D049
S2140091602368B3FBF5F205FB1233002B55D1666876
S214009170B6FBF5F305FB1363002B4ED1204627F014
S214009180D0FAA369043303449E4248D340F63472AF
S2140091906369CC3B934244D8B5F5805F43D3032143
S2140091A0204627F0E7FAD4E90001E36B1B689847EE
S2140091B00546E36B0220DB689847CDB9414620465A
S2140091C0FFF77AF96428054604D141462046FFF7A2
S2140091D073F90546666C5DB9236A2046143E5E4305
S2140091E027F09FFAA369043303449E4238BF5A25EA
S2140091F0002D0CBF0123002384F8343007D1D4E9B6
S21400920000010B4A13680133136027F02CFEE06B55
S21400921027F049FC51E75D254FE759254DE75A25CC
S2140092204BE75F2549E75B2547E700BFFC34002096
S214009230F83400202DE9FF410C4616461F46054629
S21400924080B390F834307BB3B1F5801F2ED2DFF8B0
S2140092506080012127F08EFA2146424628460DF10D
S2140092600F03FFF745F8044670B99DF80F30012B41
S21400927011D1D8F81030BB4212D1024600903146C8
S2140092802846FFF743FB0446E86B27F00CFC204615
S21400929004B0BDE8F081022B14BF2D246024F3E750
S2140092A06324F1E72124F2E71124F0E72924EEE70E
S2140092B0C43B00202DE9F04385B00C4617461E46F9
S2140092C00546DDF8308098B390F8343093B3B1F5A6
S2140092D0801F31D2DFF86490012127F04BFA214637
S2140092E04A4628460DF10F03FFF702F8044688B9F0
S2140092F09DF80F30012B14D1D9F8102006EB080387
S2140093009A4213D300904346324639462846FFF722
S214009310FDFA0446E86B27F0C6FB204605B0BDE81C
S214009320F083022B14BF2D246024F3E76324F1E7B7
S2140093302124F2E71124F0E72924EEE7C43B0020BD
S21400934073B50C461646054630B390F834302BB34A
S214009350B1F5801F24D2012127F00CFA21462846B9
S214009360104A0DF10703FEF7C3FF044680B99DF8C7
S2140093700730032B0CD0022B0CD12846094927F0C6
S214009380F0FB3060E86B27F08EFB204602B070BD25
S2140093902D24F7E76124F5E72124F6E71124F4E706
S2140093A02924F2E7C43B00202DE9F3411E460023A2
S2140093B00C4617460546336050B390F834304BB32E
S2140093C0B1F5801F28D2DFF85480012127F0D2F9AA
S2140093D02146424628460DF10703FEF789FF04465C
S2140093E0A0B99DF80730032B10D0022B03BF012332
S2140093F03B600423D8F8103018BF38603360E86B41
S21400940027F051FB204602B0BDE8F0812D24F6E798
S2140094102124F7E71124F5E72924F3E7C43B0020CD
S21400942073B50446056B27F07CF9636E03449D42D2
S2140094302CBF00230123854294BF00252D1A207CD3
S21400944084F85030656584F85800A8B100230C4EA7
S2140094501A4619462046009627F047FC0023054684
S2140094601A4619462046009627F048FCE36828442A
S214009470984294BF0020C01AE06502B070BD00BFDD
S214009480FFFF0F002DE9F3471E4643690446B3422B
S214009490884617469DF828904ED300258DF807502D
S2140094A0204627F03EF9D4F830A082450AD2236A37
S2140094B0B5EB430F06D2002220460DF10701FFF759
S2140094C045F9B8B39DF80730012B05D10022204698
S2140094D00DF10701FFF73AF9B9F1030F06D031464F
S2140094E0204627F00EF9256B854227D3144D4FF002
S2140094F0FF31284600F0B2FA4B46294600222046A5
S214009500C5E90376C5F80080FFF716FB236E05460F
S21400951063B12046FFF784FF94F8503013B994F8EF
S21400952058301BB1236E04F150009847284602B00D
S214009530BDE8F0870135B3E76225F7E71C25F5E7B8
S214009540983B00202DE9FF410F4690461E460546F3
S21400955098B390F8343093B3B1F5801F31D21A4CDB
S214009560022127F007F92246394628460DF10F0357
S214009570FEF7BEFE024678B1012342460093394606
S21400958033462846FFF77EFF0446E86B27F08BFA43
S214009590204604B0BDE8F0819DF80F30012BEBD1DA
S2140095A02169B142E8D10093414633462846FFF789
S2140095B0ADF904460028DFD1E7E72124E8E71124C7
S2140095C0E6E72924E4E700BFC43B00202DE9F04786
S2140095D090F8423086B0012B05460391A1EB0207B6
S2140095E040F0AA80FF2F03D81E464FF0640807E01D
S2140095F00226012B14BF4FF032084FF064080136E4
S21400960000244FF6FF79DFF844A195F84230012B8D
S21400961014BF322364239C4202D35FFA88F40DE021
S21400962005AB22465146284627F079FA95F842308F
S214009630012B059B34D14B452DD1E4B295F8423031
S214009640012B14BF32226422121BB24217D3012E02
S21400965039D10022012B05978DF8132027D1082237
S21400966005A90DF1130027F016FD9DF81330059A95
S21400967042EA032221462846FFF730FA40B1022389
S214009680324900932846CC23096803AAFFF7FAFE5E
S21400969006B0BDE8F087DBB203B902340134B4E7A4
S2140096A0591CCAD09BB2002BF8D10134F6E7102221
S2140096B005A90DF1130027F0EEFC9DF81330059A6E
S2140096C042EA0342D6E7039A012B059223D10823E8
S2140096D0202205A90DF113008DF8133027F0DBFCCE
S2140096E09DF81320120221462846FFF7F7F995F851
S2140096F04230611C012BC9B21AD10028BFD12846BE
S214009700BDF81420FFF7EAF90028B8D10234BDF8F6
S2140097101620E1B2AFE71023202205A90DF11300B1
S2140097208DF8133027F0B7FC9DF813201204DAE703
S2140097300028A4D1059A9EE7B7F5803F4FF00106B2
S214009740BFF457AF4FF032085AE700BFC43B0020C3
S21400975070B586B00E4605460392A0B390F8343036
S2140097609BB3B1F5801F32D2022127F003F83146B1
S2140097702846184A0DF11703FEF7BAFD044618B935
S2140097809DF81730032B0ED102233146009328464E
S214009790CC2303AAFFF776FE0446E86B27F083F98E
S2140097A0204606B070BD022B0BD10A49284627F08A
S2140097B0D8F9039902468142EFD02846FFF706FF04
S2140097C0EAE76124E9E72124EAE71124E8E7292407
S2140097D0E6E700BFC43B0020F7B50C461646054634
S2140097E068B390F8343063B3B1F5801F2BD20221F2
S2140097F026F0C0FF21462846144A0DF10703FEF75F
S21400980077FDC0B99DF80730032B14D0022B14D176
S2140098100E49284627F0A5F9471C02463946284631
S214009820FFF7D4FE044606B13760E86B27F03BF935
S214009830204603B0F0BD2D24F7E76124F5E7212488
S214009840F6E71124F4E72924F2E700BFC43B002022
S21400985030B50C46054685B028B390F8343023B3AF
S214009860B1F5801F23D2022126F084FF0DF10F03ED
S214009870214628460F4AFEF73BFD034688B99DF869
S2140098800F20032A0DD003222146009202462846C6
S214009890FFF7F8FD0446E86B27F005F9204605B00B
S2140098A030BD2D24F7E72124F8E71124F6E7292414
S2140098B0F4E700BFC43B00202DE9F043466886B3BA
S2140098C0056898464FF0000CA946AE4655F83C4051
S2140098D00CF1010CC4F31307013401D0B94217D0C0
S2140098E0B4450EF1080EF1D12F46002403E0B44231
S2140098F007F1080712D055F8343001340133F6D199
S214009900C1F3130141EA0851C7E90012BDE8F0832C
S21400991041EA0851CEE90012BDE8F083B8F1030F22
S21400992003D101230372BDE8F083002303E0B342B2
S21400993009F10809F5D055F833400133C4F307544C
S214009940032CF4D1C1F3130343EA0853C9E90032E8
S214009950BDE8F0832DE9F0410646406882B0B8B114
S2140099600F4690460024336853F8345003EBC40384
S214009970C5F30752C5F31301013506D05B683046C0
S214009980CDF80080B84718B1706801348442EAD335
S21400999002B0BDE8F08100BF024B1968024B1868A0
S2140099A0FFF780BBFC6400201C65002008B530F083
S2140099B076FD014B186008BDF03B0020014B18688F
S2140099C030F068BDF03B002073B504462248012AFB
S2140099D000EAC1119DF8185023F07C4007D9961E66
S2140099E0012E28D9073303F07F03194308E09DF8BA
S2140099F01C300A43DB0603F0C053134343F06041B8
S214009A000023C4E900108DF80730B5B120222146A6
S214009A100DF1070027F03FFB1A220DF10700211D6C
S214009A2027F039FB082063689DF8072043EA826325
S214009A30636002B070BD1143E2E71B220DF1070020
S214009A40214627F028FB23689DF80720042043EAD8
S214009A50C2632360EDE700BF80FFFF0738B5094B00
S214009A600D461A680021044611F09EFD00234FF0B3
S214009A70FF322383C4E900252361A260E382A37634
S214009A8038BD00BF744A04000138C0B205289ABF2A
S214009A90014B185C01207047794A04002DE9F0411B
S214009AA00746154600240E46596888B0490A01291B
S214009AB022464FEA510104F10104F8D8DC7899787F
S214009AC024031B88C90201F4006104F480540C438B
S214009AD0C3F30A035203234492B24FF000089C18C3
S214009AE0274B6FEA0444039325F07843ED4302A91D
S214009AF00DF107001B2202938DF8078027F0CBFAA2
S214009B009DF80720029B02A943EAC2630DF10700F5
S214009B101B2225F07845049302958DF8078027F0E0
S214009B20BAFA9DF80720029B6FEA144443EAC26320
S214009B3005934FF0FF330794069307A9BB690122EC
S214009B4006F110009847BB6905A90446012206F1F4
S214009B5008009847BB69404518BF044604A901227F
S214009B60301D98470122404518BF0446BB69304661
S214009B7003A99847404508BF204608B0BDE8F081D5
S214009B8001009AB238B5104B0546D3F800310C46A2
S214009B9003F00303022B0BD0032B0DD0012B0FD1A8
S214009BA02EF0FCFD032305B1286004B1236038BD08
S214009BB02EF03EFE0723F6E730F084FC0623F2E79D
S214009BC001230020EFE700BF0080005038B5134B9C
S214009BD00546D3F820010C4600F0070004281AD8E2
S214009BE0DFE800F003090D111500012305B1286018
S214009BF004B1236038BD2EF097FD0423F6E72EF05F
S214009C00CDFD0323F2E72EF0CFFD0523EEE72EF081
S214009C10C1FD0223EAE700231846E7E7008000506C
S214009C2038B5104B0546D3F840310C4603F0030315
S214009C30022B0BD0032B0DD0012B0FD130F044FCA0
S214009C40082305B1286004B1236038BD2EF0F0FD6E
S214009C500723F6E730F03BFC0923F2E70123002058
S214009C60EFE700BF0080005038B5104B0546D3F82C
S214009C7060310C4603F00303022B0BD0032B0DD0F0
S214009C80012B0FD130F020FC082305B1286004B169
S214009C90236038BD2EF0CCFD0723F6E730F017FC26
S214009CA00923F2E701230020EFE700BF0080005001
S214009CB041F6713210B5104C104BA04294BF0024F0
S214009CC00124D969DA639A6801F4803122F44012DB
S214009CD042EA04529A600A4A90420A4AD2F81802A5
S214009CE08CBF40F0020020F00200C2F8180209B152
S214009CF00022DA6310BD00BF005A62020000035063
S214009D0080F0FA0200C007502E4B98424AD022D864
S214009D102D4B984240D014D82C4B984239D00AD8B4
S214009D202B4B984232D02B4B98422FD02A4B98423E
S214009D302CD000207047294B9842FAD1284B186F38
S214009D407047284B98422AD0274B9842F1D1244B93
S214009D50D3F880007047254B98422BD009D8244B67
S214009D60984223D0234B9842E3D11D4BD3F88C0066
S214009D707047214B984221D003F5740303F5105326
S214009D809842D6D1164BD3F898007047144B986D6E
S214009D907047134B586E7047114B586F7047104BF7
S214009DA0986F70470E4BD3F8840070470C4BD3F86F
S214009DB0880070470A4BD3F890007047084BD3F8DA
S214009DC0940070470048E8010024F400C0CF6A0001
S214009DD080841E0000093D0040420F00405DC60022
S214009DE00080E00FC0EA210180BA8C01007E560395
S214009DF080D54302006CDC020090D00337B50C46D9
S214009E000021114B0191D3F88031054603F003037E
S214009E10022B0ED0032B11D0012B03D101A8FFF784
S214009E20D5FE0D210DB1019B2B6004B1216003B05E
S214009E3030BD2EF0B9FC05210190F3E72EF0AAFC08
S214009E4002210190EEE700BF0080005038B5104BAD
S214009E500546D3F840320C4603F00303022B0BD022
S214009E60032B0DD0012B0FD130F02EFB082305B1AC
S214009E70286004B1236038BD2EF0DAFC0723F6E72D
S214009E8030F025FB0923F2E700231846EFE700BF72
S214009E900080005038B5144B0546D3F800020C4637
S214009EA000F0070004281BD8DFE800F003090D11B6
S214009EB01500012305B1286004B1236038BD30F0D9
S214009EC003FB0823F6E72EF0B3FC0723F2E730F097
S214009ED0FEFA0923EEE72EF047FC0C23800AE9E79A
S214009EE000231846E6E700BF0080005038B5144B44
S214009EF00546D3F808020C4600F0070004281BD8D5
S214009F00DFE800F003090D111500012305B12860F4
S214009F1004B1236038BD30F0D7FA0823F6E72EF0F8
S214009F2087FC0723F2E730F0D2FA0923EEE72EF09B
S214009F301BFC0C23800AE9E700231846E6E700BF6F
S214009F4000800050032814D005D8012805D0022828
S214009F5009D0002005E00F28FBD1084B186FC0F38E
S214009F60013001307047054BD3F89000C0F3046011
S214009F70F7E7024B186FC0F38020F2E7008000502E
S214009F801FB500230193252817D8DFE800F0131A21
S214009F901D272C363B51565B60656A78161A4016AC
S214009FA016561A272C27361A5127783B3B3B3B2759
S214009FB027275B602EF0BEFB0190019805B05DF888
S214009FC004FB2EF0D1FBF7E72EF0B4FB024602208E
S214009FD0FFF7B8FFB2FBF0F20192EEE72EF0C4FBFB
S214009FE002460320F4E72EF0BFFB02460320FFF7ED
S214009FF0A9FFB2FBF0F25208EEE7002101A8FFF736
S21400A000FDFEDAE7002101A8FFF7E0FDD5E70293A1
S21400A0104FF0E0231B695B0705D52EF0A5FB0290E9
S21400A020029B0193C9E703A902A8FFF7F9FDF7E72A
S21400A030002101A8FFF7F4FDBFE7002101A8FFF704
S21400A04013FEBAE7002101A8FFF724FFB5E70021B9
S21400A05001A8FFF74BFFB0E7002101A8FFF792FD2C
S21400A060ABE7094BD3F8803003F00303022BA8D0EC
S21400A070032B01D000209FE72EF096FB9CE70021E3
S21400A08001A8FFF7E3FE98E70080005008B501201E
S21400A090FFF776FFBDE808400349884294BF0121D8
S21400A0A00221032000F002B880F0FA02032810B55F
S21400A0B00C4627D004D8012804D0022817D010BD9B
S21400A0C00F28FCD127F005F827F00BF8124A013CC0
S21400A0D0136F23F4405343EA043313672EF044FB14
S21400A0E00021FFF7E5FDBDE81040FFF7CFBF0A4AA5
S21400A0F04C1ED2F8903023F0F85343EA0463C2F8BB
S21400A1009030DCE7044A4C1E136F23F4806343EA66
S21400A11084231367D3E700BF008000501FB50023D9
S21400A1200193252821D8DFE800F013202020202ADC
S21400A1302F454A4F54595E7120203420204A202053
S21400A14020202A204520712F2F2F2F2020204F54EB
S21400A150314B1B6F03F00703013B032B05D8DFE8E9
S21400A16003F00C02080A04230193019805B05DF879
S21400A17004FB0323F8E70623F6E70223F4E70020B0
S21400A18001A9FFF73BFEF0E7002001A9FFF71EFD3F
S21400A190EBE702934FF0E0231B695B0705D52EF033
S21400A1A0E3FA0B230393039BDEE703A902A8FFF75A
S21400A1B037FDF8E7002001A9FFF732FDD5E70020BC
S21400A1C001A9FFF751FDD0E7002001A9FFF762FEC5
S21400A1D0CBE7002001A9FFF789FEC6E7002001A90A
S21400A1E0FFF7D0FCC1E70C4BD3F8803003F0030335
S21400A1F0022B03D0032B05D00023B5E72EF0B4FACC
S21400A2000B23B1E72EF0D0FA0523ADE7002001A915
S21400A210FFF71CFEA9E700BF0080005008B503202A
S21400A220FFF790FE034B187026F053FFBDE808407A
S21400A23026F057BF055B002010B504462EF094FAB2
S21400A2400021FFF735FD1CB1BDE81040FFF71EBF2B
S21400A250034B0320BDE810401978FFF727BF00BF67
S21400A260055B002038B50546FFF74EFD204B04463B
S21400A2705A68012A04D11F494A609A699207FCD19C
S21400A2800020FFF74BFF042803D126F022FF26F01C
S21400A29028FF194A24F0407395421FD0174A95426A
S21400A2A01FD0174AD16811F0060FFBD19068936053
S21400A2B091684B4013F4F81F16D12846FDF766FD4B
S21400A2C00020FFF72BFF042810D12EF04DFA0021B6
S21400A2D0FFF7EEFCBDE83840FFF7D8BE43F000734A
S21400A2E0DFE743F08073DCE79060E9E738BD00BF46
S21400A2F000C0015000E0015040420F0080841E0064
S21400A3000000015070B504460020FFF707FF032841
S21400A3107CD045F60E030221414AC2F88030414BFC
S21400A3209962012103F580539962936DD903FCD499
S21400A330D4E900131B0543EA0163E17B94F823503C
S21400A3400B43217B43EA0143617B43EA0133A17B54
S21400A35043EA811313619169D4E904031B0643EAB7
S21400A360806301F000410B43A17EE07E0B43217E1B
S21400A37043EA0143617E43EA01239361E169136A7C
S21400A380002923F00D0343EA010314BF0121002135
S21400A39043EA800343EAC103136294F8203094F83A
S21400A3A02200916A4FEA431331D194F8216021F0DC
S21400A3B0330143EA06130B4343F0010393621A4941
S21400A3C0174A936D31EA0303FBD10221154B9962BC
S21400A3D0936D5B00FCD41369A16823F4700343EA11
S21400A3E0015313614FF000420E4B9A6118B90222D6
S21400A3F003F580539A6215B901220C4B9A6294F8C1
S21400A40024301BB1064B0A4AC3F8802070BD21F0E9
S21400A410330129430B4343EA40039362EFE700BF4F
S21400A42000C0005000D000500300014000E0005083
S21400A430F1A7FFFF014B93F900007047065B002071
S21400A440014B1880704700BF166A00200C4A10B5F2
S21400A4501369044643F0040313612EF0F5FC26F05E
S21400A46044FE084B084AC3F8202430BF26F03EFEC0
S21400A47002F066F91CB9BDE810402EF075B910BDA3
S21400A48000ED00E000E003500000FFFF034A017902
S21400A490D36E23F030030B43D36670470040005062
S21400A4A0F8B504460D461F4616464AB101238B40B2
S21400A4B03021184A01FB0022F7B141F21001535037
S21400A4C004EB4403072D4FF00F014FEA031316D891
S21400A4D0A80006FA00F281400F48184426F009FE4C
S21400A4E04EB9012330210B4AAB4001FB042277B161
S21400A4F041F210015350F8BD42F21001DFE7A5F11A
S21400A5000800800006FA00F281400448E5E742F2BF
S21400A5101001EFE700C0035004C003500CC0035006
S21400A520012200F5805310B55A60244B244AC360BC
S21400A53043691340FCD18361C0F89830436913F433
S21400A540401FFBD14369DA052CD4836F53BB4369A4
S21400A5509B0529D4D0F8883033BB0121C26FD0F8D0
S21400A5608C2000F500525160302183600361C36285
S21400A57003620167C0F880101249884208D142F28F
S21400A5806004114984640165436584650166436619
S21400A5900C49884202D10020102B08D10B4B536285
S21400A5A0936210BD436FCDE7D0F88430CFE703F158
S21400A5B0280441F824000133EEE700BF1200020031
S21400A5C0520001000040005A00C002808F330F8006
S21400A5D0084608B569B91820FFF7D2FCB0B10C4B95
S21400A5E0984206D90B4B9B68C3F302730133B0FB4A
S21400A5F0F3F0094B00F5742000F23F20B0FBF3F0B7
S21400A60001387F2828BF7F20C0B208BD0120F0E7B0
S21400A610005A62020040005A40420F000B4B10B531
S21400A620994228BF19460C461AB91820FFF7A8FC0D
S21400A6300246631E1344B3FBF4F0A34228BF00F1A6
S21400A640FF30032828BF0320C0B210BD005A6202A4
S21400A65010B51048104C002B08BF04468C4228BF8B
S21400A6600C461AB91820FFF78BFC02469DF80830F6
S21400A67040F2FF300133B2FBF3F2631E1A44B2FB22
S21400A680F4F3A24228BF03F1FF33984228BF1846CE
S21400A69010BD00BF80969800404B4C002DE9F04F4F
S21400A6A02DED068BB64D0C4616462946002285B083
S21400A6B00746FFF7B3FF94F805800122804538BFB0
S21400A6C0804607F500535A6020795FFA88F850B93B
S21400A6D01820FFF755FCA842014628BFB0FBF8F14A
S21400A6E03846FFF775FF4FF00009E37822781B0124
S21400A6F0524202F0020203F0300313436278000471
S21400A700524202F004021343A27800F4FE005242C2
S21400A71002F0080213434FEA087202F0E0421343C5
S21400A7201843E3882289B8603B616389DFF85CA23E
S21400A73043EA02433B62574502D1B9F1020F08D102
S21400A740012307F580577B6005B0BDEC068BBDE89E
S21400A750F08F002235788B488B49B468954218BF35
S21400A76001462B468948CDF80080FFF771FF07EBBE
S21400A77009118B6CA2B223F0405323F4EE2323F08E
S21400A7801F0305F003041C43737882424FEA8303D9
S21400A79003F01C0344EA0304B37838BF02461B03E5
S21400A7A0F07803F4E0432343040404F4E024234352
S21400A7B034794FEA091C240704F0405423438B6481
S21400A7C08C6C09F1050BC4F30234013C7049042C6F
S21400A7D026D8DFE804F0252503101A00D1F88041BA
S21400A7E0240C2DB3C2F309020AEB0B135A6009F1CD
S21400A7F0010910369FE7D1F88441002DF2D1D1F837
S21400A8008C11A4B20914490015E0D1F88441002D3A
S21400A810E8D1D1F88C11240C091401EB41010AE0AF
S21400A820D1F88041A4B2002DDCD1DFED5A7A06E0E3
S21400A830D1F88C11091407EE901AF8EEE77A012188
S21400A8400CF1B44C0CF5804C2304DCF8483024F4AE
S21400A850C045C3F3820C0CF1010C01FA0CF107EEB3
S21400A860101A4FEA854548BF45F0004513F01C0F07
S21400A870B8EEC79AF6EE008A454B55D1D3F88C1140
S21400A8800BB208EE103AB8EEC88A38EE278A9FED6B
S21400A89042AAF7EE049A00285DD1039226F0A3FCA4
S21400A8A007EE900AF8EE677A87EE8A7AC9EE877A1C
S21400A8B027EE888A039A9FED397AC7EE097A9FEDCC
S21400A8C0387A67EE877AB1EE007AB5F1004F48EE37
S21400A8D0077A0BD09FED337A06EE104A77EE876A3A
S21400A8E0BAEEE86AF0EE477A56EE267AF5EEC07AC9
S21400A8F0F1EE10FACBBFF1EE677A78EEE78A77EEE4
S21400A900E87AFDEEE87AC8BFFDEEE77A17EE901A11
S21400A910B1F5003F2ADB6FEA55456FEA45451B480F
S21400A9204FEA0B1145505DE7D3F8901169EE286A9F
S21400A93009B207EE101AB8EEC77AD3F8881177EE88
S21400A940677A0BB208EE103A87EEA67AB8EEC88A97
S21400A95038EE078A9BE7D6ED037AF8EE677A87EE3D
S21400A9608A7AC9EE877A27EE888AA4E711F5003F2F
S21400A970AABFC1F3110145F400350D43CFE700BF70
S21400A980005A6202404B4C00809698000040005AE5
S21400A9900080E00F0000000000007A4400008043C2
S21400A9A0000020440000004941F67132034BDA6390
S21400A9B0012203F50053DA60704700BF0000035021
S21400A9C041F671320121044BDA6303F50052D1607F
S21400A9D00022DA63704700BF00000350044B18687B
S21400A9E0421C02BF034AD2F894001860704700BFAA
S21400A9F02065002000400050CB784A7810B55B01F7
S21400AA000C7843EA82030A79234343EA02130C22B2
S21400AA10424302F1B0421363012C02BF8A78024B14
S21400AA2043F8202010BD00BFD080035008B54FF07B
S21400AA30B0435A6802B960B15B680BB126F0FBFB05
S21400AA404FF0B04130B10120074B586026F0F3FBC1
S21400AA50C86008BD26F0EFFB0223CB6026F0EBFBB8
S21400AA600122024B5A60F4E70010005800200058FC
S21400AA704FF0B0414B6810B50BB126F0DCFB01225D
S21400AA800B4BC4785A608378934043EA8403447837
S21400AA902343047943EA0413447943EAC4038B60EE
S21400AAA0044B5A600378C3F10203CB6010BD00BFAD
S21400AAB00020005800100058054B5B69C3F3851250
S21400AAC0827003F03F021B0B42700370704700BF9A
S21400AAD000C007500120034B9B680A3303F01F0396
S21400AAE0984070470080E00F034BD3F82424D3F837
S21400AAF020041040704700BF00C003502DE9F84303
S21400AB001E4B0546D3F810334B1E0E2B0E4617462B
S21400AB1090F8009044781DD909B34FF000082846F5
S21400AB20D7B12FF0D7FC09EB4903072C4FF00F01E4
S21400AB304FEA031315D8A400114808FA04F2A140FE
S21400AB40184426F080FBBEB928468FB1BDE8F8430E
S21400AB502FF0C0BC8846E2E726F084FBE3E7884691
S21400AB60E1E7083CA400074808FA04F2A140E7E73A
S21400AB70BDE8F84326F076BBBDE8F88300C0035076
S21400AB8004C003500CC003502DE9F041204B16467C
S21400AB90D3F810234A1C05460C46407804D1D3F857
S21400ABA0241426F06DFB0446002C2EDB072C14DC48
S21400ABB003274FEA84082A7807FA08F73946154823
S21400ABC002FA08F226F03FFB6A78394602F00302E2
S21400ABD0114802FA08F226F036FB012316F0050F9C
S21400ABE00E4A18BF0E4903FA04F30CBFC2F810341D
S21400ABF0C1F8103416F0060F18BF094AC2F814340C
S21400AC000123064AA340C2F820342046BDE8F0815E
S21400AC1000C0035000C4035008C4035000E00350B3
S21400AC2000D0035070B504462AF00CFF064630B933
S21400AC300FCC044D0FC594E80F0085E80F00304692
S21400AC4070BD00BFF43B002047F6FF739A42F0B594
S21400AC5070D0022970D8394B5B5C022B6CD8384D0B
S21400AC60DE0005EBC304A77815F83330012F39460C
S21400AC7038BF0121012B16D1E078401A0021884206
S21400AC8005D8012F2CBFC0190130C0B2F0BD431A41
S21400AC906568A0EB530335F913509542D4BF1946A7
S21400ACA003F1FF30EBE760680028EFD0B0F9004012
S21400ACB0944204DBB0F902409442B8BF144683883D
S21400ACC03544FF2B19BFC8232827B0F90630B0F942
S21400ACD00870A3EB04030CBF0122002293FBF7F3DA
S21400ACE06E7813441BB29E4201DD002B01DA731E00
S21400ACF01BB24FF47A7C00EBC305EA88AD685F1C94
S21400AD0014FB02521D4622EAE2723BB25C329E42BD
S21400AD10B2FBFCF204DD00EBC307BF889742EAD221
S21400AD2000EBC5039888904228BF1046884238BF7B
S21400AD300846AAE7FF20A9E70020A7E77F4A040005
S21400AD40F43B00200229F0B560D8314B595C02294B
S21400AD505CD8304B13F83100012816D103EBC10341
S21400AD609C78D878012C214638BF0121904294BFA8
S21400AD70C1EB0001C1EB0201001BCAB28242C8BF90
S21400AD8000225B6833F91200F0BD002A3CD003EBCA
S21400AD90C1035968002939D09878904202D3B1F996
S21400ADA00200F1E7DC78B1F900009442ECD95C7857
S21400ADB08B88013CA3F1FF06734201F10405E4B25F
S21400ADC0734101F10C07DEB2B44216D805EBC3039B
S21400ADD04FF47A756A43B3F902405B68D21A04EB03
S21400ADE0D47302EB630292FBF4F29042CCDBB1F92F
S21400ADF002009042C8DC10B2C6E737F833C05E1CCB
S21400AE009445E3D33346DEE70348BDE70348BBE794
S21400AE107F4A0400F43B00200CFEFFFF0080FFFF8B
S21400AE2008B50448FFF7FEFEBDE8084001202AF0FA
S21400AE300FBE00BF844A04007FB51422002101A87B
S21400AE4010F0B2FB044B01A94FF0FF3002932AF03A
S21400AE5045FE07B05DF804FB006A18002DE9F041D6
S21400AE608CB08846DDE912761D460446002847D099
S21400AE70002945D0002F43D0002E41D013F00F03F9
S21400AE803ED120482049A360002A08BF014623621D
S21400AE90C4E90013404609A926F084FA68BB204698
S21400AEA009992FF072FB294620462FF06EFB694663
S21400AEB0404626F006FB00BB6946204626F031FBDE
S21400AEC0404603A926F008FBB8B9204603A926F099
S21400AED028FB06970127204645F0005506A9079748
S21400AEE0089526F01EFB204609A909960A970B9599
S21400AEF02FF071FB20462FF02BFB0CB0BDE8F08145
S21400AF002120FAE700010004000101042DE9F04FBA
S21400AF1097B0894690461F460546DDF880A0002873
S21400AF2000F0BB80002900F0B8803AB1229B002BCD
S21400AF3000F0B380239B002B00F0AF80BAF1000F27
S21400AF4000F0AB80219B002B00F0A78067B13C6827
S21400AF500026229B43440293464507D307B13C6034
S21400AF60002017B0BDE8F08F3C46F1E75CB1229BAD
S21400AF70219A9B5D125D01345340239A04F00F041E
S21400AF8093550136E8E7A8EB060BBBF10F0F58D92F
S21400AF90434B4846C5E90034AC602C6213A926F042
S21400AFA001FA0028DDD1284613992BF00F0B2FF05D
S21400AFB0ECFA594628462FF0E8FA484604A926F047
S21400AFC080FA0028CDD1284604A926F0AAFA4846D9
S21400AFD007A926F081FA0028C3D1284607A926F03B
S21400AFE0A0FA012322992F4ACDF828A00B930C92A1
S21400AFF08A190D9228464BF000520AA90E93039226
S21400B0000F9226F08EFA28460DA926F08AFA239B80
S21400B010039A99190123109111931292214A2846F6
S21400B02010A9CDF84CA0149315922FF0D4FA284608
S21400B03013A92FF0D0FA28462FF08AFA5E4400288B
S21400B0408FD1229B03EB060B239B1E44029B9B4542
S21400B05001D1464680E7ACB9219B2246CDE900A344
S21400B060494610232846FFF7F9FE00287FF479AFFB
S21400B0700AF1100212F8013D0133DBB213700BB96E
S21400B0805245F7D1219A1BF8013B125D013453401B
S21400B09006F8013B04F00F04D8E7212061E700BF63
S21400B0A003030004100000207FB50E461D4604462C
S21400B0B0F0B102B9E3B901230192029345F00053BF
S21400B0C0039300230B4AA360C4E9002323622046AF
S21400B0D001A926F026FA314620462FF056FA2046D9
S21400B0E029462FF052FA20462FF032FA04B070BDEF
S21400B0F02120FBE700000943084B984202D0084B8A
S21400B100984207D10B88B3F5105F14BF6FF0850027
S21400B110002070476FF08500704700BF0044400471
S21400B1200013C0041038102808D8064BC34013F08C
S21400B130010F0CBF6FF08600002070476FF086008E
S21400B140704700BF010101002DE9F04FA7B008AF1E
S21400B150CDE90501DDE93295DDE9346A0021079283
S21400B160384610229846DDF8D8B010F01DFA1022A6
S21400B17000210CA810F018FA069B2BB96FF0860475
S21400B180204627B0BDE8F08F079B002BF6D0B9F11C
S21400B190000F01D1002DF1D1309B13B9319B002B4C
S21400B1A0ECD116B9BAF1000FE8D1BBF1000FE5D02B
S21400B1B040460599FFF7A0FF04460028E0D1014667
S21400B1C028221CA810F0F0F92022214614A810F01E
S21400B1D0EBF91CA82FF0CFF9002840F0AF80DDE98E
S21400B1E00612059814AB26F0E8F904460028C7D1E5
S21400B1F01498FFF797FF04460028C1D115B9CBF87D
S21400B2000000BDE7B14518D209EB05039E4214D2F3
S21400B2105545B3D82A464946304610F017FA554BDE
S21400B220984526D006D3544B984524D003F5407352
S21400B230984520D06FF08504A2E74F4B98451BD069
S21400B24003F54073984517D04A4B9845F2D15545BB
S21400B25094D815F00F0291D12B46CDE9009614A98B
S21400B2601CA8FFF7FBFD814600285CD1CBF80050F8
S21400B27086E7B146EDE7B1461022002110A810F08F
S21400B28093F955453FF67AAF3C4B9845319B39D1FB
S21400B2900D2B7FF473AF01238DF84030309B0DF1FA
S21400B2A0410203F10C0153F8040B8B4242F8040BE5
S21400B2B0F9D11B78137001238DF84F3015F00F0865
S21400B2C042D025F00F034B440DF1300C03F1100E65
S21400B2D0624618685968083303C273459446F7D126
S21400B2E00F2D33D825F00F03334403930CABCDE971
S21400B2F0017310AB00934246002314A91CA8FFF765
S21400B30005FEB0E7102B7FF439AF309B10AA03F18F
S21400B310100E9446186859680833ACE80300734565
S21400B3206246F6D1CAE752460021304610F03CF994
S21400B3300023B9F1010FCBF8003002D06FF0920471
S21400B3401EE76FF08B041BE70F2D8FD910ABCDE9EE
S21400B350029600930197002325F00F0214A91CA85B
S21400B360FFF7D4FD81460028DDD1B8F1000F3FF489
S21400B3707DAFB7E7004440040010C0040013C004CB
S21400B3802DE9F04F8A46A1B00021DDE92A56DDE915
S21400B3902C790590934606A81022984610F004F9DA
S21400B3A0102200210AA810F0FFF8BAF1000F05D10C
S21400B3B06FF08604204621B0BDE8F08FBBF1000F89
S21400B3C0F6D00DB9002EF3D117B9B9F1000FEFD1B1
S21400B3D02E9B002BECD040460599FFF78DFE0446C9
S21400B3E00028E7D10146282216A810F0DDF8202212
S21400B3F021460EA810F0D8F816A82FF0BCF80028A2
S21400B40054D15A46514605980EAB26F0D6F8044657
S21400B4100028CFD10E98FFF785FE04460028C9D134
S21400B42016B92E9B1860C5E7BD4216D2AB199F42CF
S21400B43013D24E45BCD832462946384610F006F997
S21400B4403A4B98455BD003F54073984531D0384B5E
S21400B450984511D06FF08504ACE7344B98454FD033
S21400B46003F54073984525D0314B9845F2D14E45AB
S21400B47003D96FF089049DE73D46330798D13346DC
S21400B4800122CDE900570EA916A8FFF7E7FC2E9B70
S21400B49005461E6000288DD04A460021384610F02A
S21400B4A083F800232E9A012D13603BD06FF0920490
S21400B4B080E73D460D3E4E45DBD801238DF828300B
S21400B4C02B460DF1290205F10C0153F8040B8B42B3
S21400B4D042F8040BF9D11B780D3513704FF48073C6
S21400B4E0ADF8363006AB01930AAB00933246002324
S21400B4F0CDE902570EA916A8FFF708FDC7E73D4697
S21400B500103E4E45B5D82B460DF1280C05F1100E11
S21400B510624618685968083303C273459446F7D1E3
S21400B5201035DFE76FF08B0444E700BF0010C0045F
S21400B5300044400410B54FF42F720021044610F06A
S21400B54033F88023C4F88C30054B04F19C00C4F813
S21400B5508430012384F88830BDE8104025F079B89F
S21400B56063B2030010B5D0F8A0400A468CB926F0A6
S21400B5703AFA044610B90024204610BD2D2896BF7E
S21400B580064B074953F82010064A074826F071FB79
S21400B590F2E7D0F8A4101046A047ECE7704B040082
S21400B5A066B2030001AE030096B30300F8B590F848
S21400B5B08060044616B100263046F8BD26F046F8F0
S21400B5C00028F8D1012384F8803094F8883033B10D
S21400B5D0D4F884101F4884F8886026F04AFB4FF0A1
S21400B5E0FF37D4F8B402421C1FD0C4F8B47210F06F
S21400B5F0FF052CD0204626F026F82946204600F0E7
S21400B600A7FB0028EDD0204626F02BF894F88830CB
S21400B6103BB1D4F884100F4826F02BFB002384F8A7
S21400B6208830002384F88030C6E726F007FB431CEA
S21400B630DDD1D4F88C30D4F89420013B9A4204DB58
S21400B640054A0649064826F014FB0126E9E70126C6
S21400B650C7E700BF38C5030001AE030074B203009D
S21400B66096B30300F8B50B780446302B0D46164605
S21400B67004D14B7803F0DF03582B11D0284F6A1EF5
S21400B68012F8011F002934D128460A220FF07CFE4A
S21400B690202C03460D4631D1B1FA81F040091AE05C
S21400B6A04A1C1F4912F8013F8BB928460FF078FE56
S21400B6B01C4B02382340032B12D10134A4108442C1
S21400B6C00AD1A87837288CBF0020012003E0CB5C85
S21400B6D013F04400E6D1F8BDCCBF01200020FAE705
S21400B6E0002CB8BF0334B0EBA40FD4BF0120002059
S21400B6F0F1E77B5C13F00400C2D1ECE726B1084307
S21400B70002D0013B61F100050122A240013A1A4035
S21400B710002D08BF9A420CBF01200020DBE700BFC7
S21400B720D571040003000080F0B5037801467B2B3A
S21400B73017D10646022400220B4F16F8015F7D2D16
S21400B74005D10B5D6BB9D24302F0010008E07B5DCA
S21400B75013F0440002D001320134EEE7202DFBD076
S21400B760F0BD0020FCE700BFD571040070B50646AA
S21400B7700D460FF015FE0446304626F07AFA044EC3
S21400B780AC4200D370BD304626F073FA0134F7E7BA
S21400B79010BC03002DE9F84F044602215148FFF77C
S21400B7A0E5FF1E212068FFF7E1FF6368586826F072
S21400B7B060FA4D4826F05DFA67683B7BFD2B12D891
S21400B7C0D7F808804FF0FF3640460FF0E9FD0546F3
S21400B7D0DFF81091DFF870A1DFF84CB10C3717F8DE
S21400B7E0013BFF2B01D1BDE8F88F212B18D8212B68
S21400B7F036D8DFE803F0377274111B1D1F2135356C
S21400B800353535353535232527292B2D2F3135353B
S21400B8103535353535353D33344C002D2BD12EE0BE
S21400B820334C344AFE2B08BF1446F6E7324CF4E796
S21400B830324CF2E7324CF0E7324CEEE7324CECE7B3
S21400B840324CEAE7324CE8E7324CE6E7324CE4E7C3
S21400B850324CE2E7324CE0E7324CDEE7324CDCE7D3
S21400B860234CDAE7314CD8E726F0F7F901362AE020
S21400B870002DB4D02E4C202B06F10106AFD00221AD
S21400B8804846FFF773FF1E214846FFF76FFF5046F6
S21400B89026F0EFF95946204610F0DCF82549002836
S21400B8A018BF2146244826F0E4F93B78202B02D125
S21400B8B02B2026F0D2F9214826F0DBF94DB118F8F6
S21400B8C006301F2B05D018F806001F2801D0AE4200
S21400B8D0CADB054826F0CDF981E7194C9DE7194CDF
S21400B8E09BE700BF24FF030001AE03001EB3030066
S21400B8F030B3030056CF03007BB3030082B30300CC
S21400B90073B303006FB3030066B303005CB30300B6
S21400B91052B3030067B303005DB3030053B30300E1
S21400B92048B3030041B3030038B303001DB303005C
S21400B93023B303002EB3030038C50300A7B60300E5
S21400B9407AB3030081B303003ED003002DE9F04F25
S21400B9509BB005468B460024009203930FF020FD13
S21400B960249F039B04901C6028463C600AAA09A9F1
S21400B97026F0A1F9064658B90A980FF011FD34468C
S21400B980B046039B1860D5F89C300293029B1BB907
S21400B99020461BB0BDE8F08F029BD3F80890B9F1A3
S21400B9A0000F6CD02E4416F8013B202B11D0002639
S21400B9B00C23734309EB030A59F803300193002B59
S21400B9C058D0099B434555DB9AF808202AB1721CCB
S21400B9D039E03B6801333B60E5E73968D5F89420E9
S21400B9E00793039B521A1A601AAB03EB880151F8AF
S21400B9F0403C0199184605930FF0ECFF069000288E
S21400BA00E5D101980FF0CCFCDDE906230146DAF813
S21400BA100400D7F800A090F80CC0BCF1FE0F16D1B9
S21400BA2003F1FF3EC64512D0D0F80090059801926B
S21400BA300FF0B6FC0AF1010A019A50442B5C23B1C0
S21400BA40386008F101081646B2E70130F6E7D5F887
S21400BA5094200591A2EB0A028A4220DC58460FF099
S21400BA609FFC059901447B290DD958461F4A009929
S21400BA7024F016FE2B46049A2A4493422CD1029BAD
S21400BA801B68029382E7DDE90012584624F008FEA0
S21400BA905846174A0099013424F002FE97E7BCF195
S21400BAA0FE0F94D1013B434591D1D0F800A0DFF8BA
S21400BAB040905AF80C2B22B9049B3B60039B1A60FB
S21400BAC0D8E75846009924F0EBFD4A4658460099B8
S21400BAD024F0E6FD0134ECE713F8011B0029CCD175
S21400BAE04FF0200103F8011CC7E700BF88B303002E
S21400BAF010BC03002DE9F047002486B01C60DDE989
S21400BB000EA8064689468AF800401168154888F847
S21400BB10004017461D468DF81740FCF7A5F818B9E3
S21400BB2001242B6801332B600020D6F89C6036B9C0
S21400BB3014B1012388F8003006B0BDE8F087B0687D
S21400BB4068B14B460021CDE902A8CDE900750DF19C
S21400BB50170225F0E7FE9DF81730002BE8D136686F
S21400BB60E5E700BF8DB303002DE9F0470446ADF5C9
S21400BB70447D8022002104A802AF0FF015FD80222C
S21400BB802046009703AB04A9FFF7E0FE01283DD14D
S21400BB9004A80FF005FC03993B68461A0B4426EAF6
S21400BBA0E6762344054604A83246014418460FF0BC
S21400BBB08BFE00228255D4F89060039B3968D4F837
S21400BBC090201944B14212DCD4F89410E81A0244CA
S21400BBD0C4F89020014404AAC4F89410D418251878
S21400BBE02B1B002B0DDC0DF5447DBDE8F087A05C1B
S21400BBF026F033F8D4F8903001360133C4F890308C
S21400BC00DBE714F8010B26F028F8E9E7EBDD24ADB6
S21400BC108022002128460DF5887A0FF0C5FC0DF12C
S21400BC2010094FF40072002150460FF0BDFC4FF093
S21400BC3001084A46002312F8016BA6B904A84AF880
S21400BC4028300FF0ADFB2946334698451CDB19F823
S21400BC50016B0DF5887C5CF8042B82420CD101F850
S21400BC60016B0133F1E7202E03F1010304BF4AF80C
S21400BC70283008F10108DEE70DF1100E7244D25CA0
S21400BC80B242E8D00022EA54D4F89060039BB34254
S21400BC902FDC23462C4A04A92C4825F0EAFF284628
S21400BCA00FF07EFB0646039B3F68F61A1F4426EA03
S21400BCB0E672E01917441D44E11904F19003994215
S21400BCC03CD904F19803984238D26A1E81190B1A9F
S21400BCD0002B27DD12F8013F00F8013BD4F8903026
S21400BCE00133C4F89030D4F894300133C4F894305B
S21400BCF0EDE7D4F890300136E05C25F0AEFFD4F8DE
S21400BD0090300133C4F89030C0E7D4F89020013B5F
S21400BD100132C4F89020D4F894200132C4F894205C
S21400BD20002BF2DC00232E44E355731B002B7FF719
S21400BD305AAF15F8010B25F090FFF6E729460FF0ED
S21400BD40C3FD3346ECE700BF63B2030092B30300C3
S21400BD502DE9F843D0E9245604460F46002294F80D
S21400BD609830012B07D10A2F07D1002384F898308A
S21400BD700020BDE8F88300F29F801B2F01D102232C
S21400BD80F4E70D2F0DD1012384F898300D2025F00F
S21400BD9064FF0A2025F061FF00230120C4E9243354
S21400BDA0E7E74FF00008082F84F8988034D145451F
S21400BDB030DDB5420FD1384625F04FFF202025F064
S21400BDC04CFF013D384625F048FF013E04F805804B
S21400BDD0C4E92456CCE7FBDA05F1FF39384625F0EE
S21400BDE03CFF04EB0903A6EB0902611918460FF0A5
S21400BDF02DFC04F806800146013E484825F039FF30
S21400BE0035464D4501DC4D46E2E7082025F025FF86
S21400BE10013DF6E7ACD0DBE77F2F1CD1002EA7DD77
S21400BE20B542A5DA6319691C21441846721B0FF047
S21400BE300DFC04F806800146394825F01AFF082054
S21400BE40013E25F00AFFB542F9D1D4F89430013B03
S21400BE50C4F894308CE70A2F98D0092F03D12046D7
S21400BE60FFF782FE84E7D4F88C30013BB3427FF7BD
S21400BE707FAFB54204EB050805F101090CDB384637
S21400BE8088F80070D4F89430C4F890900133C4F861
S21400BE90943025F0E2FE6BE74146721B04EB090086
S21400BEA00FF0D4FB404625F0E4FE0820013E25F0C6
S21400BEB0D4FEB542F9DDE2E7022B06D15B2F01D1B5
S21400BEC0032353E784F8982049E7032B7FF450AF09
S21400BED0413F84F89820032F3FF64AAFDFE807F08B
S21400BEE002070A160121204625F068FE40E74FF0BB
S21400BEF0FF31F8E7B542BFF63BAF605D25F0ADFE1B
S21400BF00D4F890300133C4F8903031E7002D7FF735
S21400BF102FAF013D0820C4F89050BAE79BB303004A
S21400BF2095B7030008B50248FEF79CF9002008BD47
S21400BF3000B4C40430B58BB06C46174D0FCD0FC49B
S21400BF400FCD0FC495E8030084E80300134BD3F825
S21400BF504C2112031CD5A3F5FE431C884FF6FF7335
S21400BF609C4208BF8C248DF81940FEF763FA2044E3
S21400BF7080F308008DF818000948FBF70DFF6846A7
S21400BF80FEF7C0F93220FEF75BFA00200BB030BD9A
S21400BF90D3F85041E4B2E6E7284C04000080E00FF6
S21400BFA000F049020028ACBF00F16040064B4FEAA3
S21400BFB00111C9B2ABBF00F5614000F00F0080F878
S21400BFC000131954704700BF14ED00E008B52EF0BA
S21400BFD073FA0B4B1A7872B901221A702EF067FAB0
S21400BFE06FF0040210460132052152B2FFF7DAFF65
S21400BFF03D2AF7D108BDBDE808402EF058BA00BF6C
S21400C000075B0020002807DB01234109034A00F0F4
S21400C0101F00834042F82130704700BF00E100E077
S21400C020054B421153F8223000F01F0023FA00F0AF
S21400C030C04300F00100704700E100E0002808DB84
S21400C04001224309034900F01F008240603341F893
S21400C0502320704700E100E010B504462EF01FFADA
S21400C060024B1C602EF016FA002010BD1C3C00206F
S21400C07010B52EF014FA034B1C682EF00BFA20466F
S21400C08010BD00BF1C3C002038B50C4615460146C6
S21400C09010B9FFF7EDFF01462B46224603480EF087
S21400C0A093F90028D4BF3720002038BD0D1E0300AA
S21400C0B008B500F0E3FB18B16A2102482EF0F1FA49
S21400C0C0002008BDA0B3030008B500F049F80C4AEC
S21400C0D0536A43F470235362EFF308834FF0CD3175
S21400C0E0084A043B934208D200F070FAFFF7E0FFDC
S21400C0F0BDE808400448FEF795BD43F80419F1E78B
S21400C10000ED00E008000020844A040007B5042281
S21400C11000200DEB020129F059FC042803D0D7219A
S21400C12004482EF0BEFA019800F0DCF903B05DF882
S21400C13004FB00BFA0B30300082310B50C0A41405F
S21400C1400648C9B241F30002013B024013F0FF0368
S21400C15082EA5101F6D184EA010010BD2083B8EDD1
S21400C16038B5FEF73BFC044625F05FF8E3072AD413
S21400C17001221046114600FA01F3234002F10102A3
S21400C18023D01D4B33F811301C48062B02884488F8
S21400C1901B4920D14FF20F039C4219D1B2F5406FD4
S21400C1A028BF4FF4C0624CF23C330A80438040F212
S21400C1B001730A889A4201BF124B134AD2E9000162
S21400C1C0C3E9000115E00021DBE7102AD2D1DBE746
S21400C1D04FF4C062E7E740F20725AB420AD14FF2C0
S21400C1E00F05AC4206D19A4204D14CF23C320B8089
S21400C1F0428038BD0B80DAE7EC4D04001862002060
S21400C200F2550020203C002010620020014B1888C8
S21400C210704700BFF2550020014B1888000A70478F
S21400C220F2550020044B05481B881A0AB3F5406FE8
S21400C23038BF00EB82007047F2550020BC4D04006A
S21400C240044B1888044B020A53F82230C0B203EBA2
S21400C25080007047F25500208C4D040010B504464F
S21400C2602EF021F94FF20F02044B1C805A80BFF3C8
S21400C2705F8FBDE8104025F093BD00BF1862002018
S21400C2806D4A2DE9F0416D4B55686D4C5D65516A00
S21400C29099656C49D1F80002D865D1F80412586B3C
S21400C2A01966916A10F0040F5966D16A4FF00000C3
S21400C2B09966116BD966516B1967D26BD8645A6749
S21400C2C0D3E90E1218BF11465F4A91421A655DD334
S21400C2D001F12000A04259D88869C5F30805186402
S21400C2E0CE69062D5E6455D1584DA84252D3584D9E
S21400C2F0A8424FD205884DF6426085424AD118685A
S21400C300C3F890005868C3F8940040F20170A24247
S21400C310154604D22E680432B6F1CD3FF7D000227F
S21400C320C3E91E22C3E92022C3E92222641BDFF8E8
S21400C3301CC1434DDFF818E19C648D422DD8D3E92B
S21400C3401EC7D3E92065D3E922414FF0000E013A1B
S21400C350D2B2FF2A3CD1BEF1000F05D0C3E91EC7FA
S21400C360C3E92065C3E92241B3F85430C3F3080398
S21400C3700C2B3BD8022B54D9DA1E092A51D8DFE8F9
S21400C38002F03157404350505050504D0021C3E901
S21400C39010112D494FF42060B9E755F8044D644557
S21400C3A0CBD37445C9D2E607C7D50026294F57F820
S21400C3B0048FA045C1D00136062EF8D132B1013A1D
S21400C3C0D2B202F11E0643F82640B6E70522F8E789
S21400C3D0E0464FF0010EBC4637462E4625460C4634
S21400C3E04146B4E740F60120BDE8F0813B2B18D16A
S21400C3F0194B9B6913F0020F40F2025318BF184600
S21400C400F2E740F60320EFE740F6042240F201731D
S21400C410B0F5206F0CBF10461846E5E740F605203D
S21400C420E2E740F60722013B4B2B98BF1046DBE7BE
S21400C43040F60220D8E700BF00ED00E08061002053
S21400C4400810002000E100E008000020D0420000B4
S21400C450A0AA0300F46100200080015A00F00CB886
S21400C46000F00AB800F008B800F006B800F004B80B
S21400C47000F002B800F000B872B61EF0080F09D03F
S21400C4801EF0040F0DD0DFF850E0AEE8FF1F6FF08F
S21400C49002000CE0DFF840E0AEE8FF1F6FF00E0091
S21400C4A005E0DFF834E0AEE8FF1F6FF006006946EF
S21400C4B0EFF309828EE8070086460848084C854553
S21400C4C001D3A54501D384F30888FFF7D9FE84F38A
S21400C4D00888FFF7C3FE00008061002048000020A7
S21400C4E0081000204BF6EF6283B2002B08BF1346FD
S21400C4F0044A000C13804FF6CE2308BF1846024BA2
S21400C500188070471A6A0020186A00200B4BB3F98F
S21400C51000201888002AB8BF80F0620042001A8007
S21400C520074AB2F9001013880029BCBF83F4805371
S21400C53083F00B0359001180584070471A6A002098
S21400C540186A002007B5684600F01AF8DDE9000111
S21400C5500022034B03B05DF804EB25F01DBF00BFBF
S21400C560283C002007B5009313460A4601460348B8
S21400C57025F0C6FC03B05DF804FB00BF283C002095
S21400C5800249034A0160521A42607047E06A00207E
S21400C5900000012000487047283C002038B5416064
S21400C5A004462DF07CFF05462146044824F054F846
S21400C5B02846BDE838402DF06DBF00BF503C002037
S21400C5C0014824F046B800BF503C00200222014B30
S21400C5D01A6770470040005070B52DF060FF174E88
S21400C5E0054617482EF006F83378CBB900F046F922
S21400C5F0044620B128462DF04DFF204670BDFFF7BB
S21400C600DFFF2EF0C1F80F4B1C602CF099FD0E4B8F
S21400C6100E4A1860536F43F00103536725F0D8FEA7
S21400C62000F028F825F0EBFE094B002418600123E3
S21400C630284633702DF02EFFDFE700BF135B002087
S21400C640644C0400543C00207C3C00200040005019
S21400C650583C0020054B1B685843054B00F57420DA
S21400C66000F23F20B0FBF3F0704700BF7C3C002098
S21400C67040420F00294B2A4AD3F8003170B503F028
S21400C680030313602CF0F2FA4FF4C870FFF7E2FFD2
S21400C6900022244B24491860244C0B680132D2B285
S21400C6A00A2A44F8040BF9D1034400EBC000034403
S21400C6B00B601F4B1F4D1B7813B3184BD3F800317C
S21400C6C003F00303022B22D0032B23D0012B17D118
S21400C6D02CF064F8024698B1174B184EDC6800231D
S21400C6E01946C4F30B04013404EB84040138E4FB5C
S21400C6F006010EF0EDFBFFF7ADFF2B6803442B6041
S21400C7001F20FFF7A7FF2B6803442B6070BD2CF09B
S21400C7108FF8DFE72DF0D6FEDCE700BF0080005084
S21400C720BC3C0020803C0020843C0020883C00204C
S21400C730175B0020B43C002000C0015040420F00B0
S21400C7400122154B10B55A67144B154C1B7813B3C2
S21400C75002202EF00AF8F0B12CF078FDD8B1A36DC7
S21400C760D90302D5E36D9A0715D40D4B9B6DDB07F5
S21400C77011D401220B4B1A702DF0EBFFBDE81040D0
S21400C780094B0A4A1860136F23F0070343F00303AC
S21400C79013672BF0E9BF10BD00D00050185B0020D7
S21400C7A000C00050155B0020B03C00200080005008
S21400C7B00122014B1A707047185B002007B5FFF77F
S21400C7C0C1FE01A8FEF778F99DF80530012B25D1AA
S21400C7D0234B9A6DD20311D45A6B6FF3162242F490
S21400C7E0BC1242F4A0625A631A6B22F4704242F4FE
S21400C7F040421A631A6B42F4E0621A639DF80430F2
S21400C80063B94FF000531B68164B1B68164B1B682A
S21400C810164B1B68164B1B68164B1B68164AD2F83D
S21400C820803043F00303C2F8803025F0F0FDFFF7B8
S21400C830CDFBFFF777FBFFF77DFB0DF00FFEFFF755
S21400C840CBFE00F01BF825F0E3FDFFF73DFC25F0DE
S21400C850EEFD28F0EBFE03B05DF804EB25F0D9BD45
S21400C86000C00050004000200080002000C00020D3
S21400C87000000120004001200080005070B52DF01F
S21400C8801BFE144E05463478FCB9134B1C60134B44
S21400C8901C60134B1C6000F031F801202CF0C4FD26
S21400C8A02CF0B6FD0F4B0246186020B928462DF036
S21400C8B0FEFD232070BD234640F2E7310A480EF005
S21400C8C007FB0A4B18600123337028462DF0EFFD56
S21400C8D00020EFE71B5B0020CC3C0020C83C00207B
S21400C8E0D43C0020D03C002018FCFFFFC43C0020B5
S21400C8F0014B1868704700BFC43C00201FB50024D9
S21400C900184B18689A880290D3F806009B7A009015
S21400C9101548ADF80C208DF804302DF06BFE02A8FB
S21400C9208DF808408DF80C40FEF7A2F86946012005
S21400C9308DF80040FEF760F81F220C4B9A615A6192
S21400C9404FF0B042936A13F00803FBD11362012044
S21400C950FEF76CF80A20FFF771FB0A20FFF752FB80
S21400C96004B010BD154E04005C4C040000200058B6
S21400C97010B52DF0A1FD4FF0B04304465B691A07D1
S21400C980074A03F0010003F00D0348BF40F0020021
S21400C99053612CF071FC2046BDE810402DF087BD99
S21400C9A00020005821282DE9F341054604D82C46DE
S21400C9B0204602B0BDE8F08100240B4E0B4FDFF896
S21400C9C030800023CDF800801A461946386824F0D7
S21400C9D08CF98442EBD2222CE9D056F8043BAB42C9
S21400C9E0E6D00134EDE700BF345104001C6500209A
S21400C9F0FFFF0F002DE9F04F644E654D89B025F01E
S21400CA0062FD31682868FCF74DFB0446002827D0F5
S21400CA1033680024D3E900019A69126890473368A6
S21400CA2004A89B699B689847336802209B69DB686B
S21400CA309847326805985368E7B2B3FBF0F3BB42F9
S21400CA40916904F101044ED8CB68002098473368FA
S21400CA509B695B68984731682868FCF723FB0446A7
S21400CA600027DFF844A1DFF84481DFF84491F4B9E9
S21400CA70484B2868DB5D002B00F08380D8F8006008
S21400CA8002AB314603AAFCF78FFC2D2807D070B9FD
S21400CA90039B012B0BD031462868FCF7D9FEDAF849
S21400CAA0003031461A682868FCF752FE0446013703
S21400CAB0222F0AF1040A08F1040809F10109D6D167
S21400CAC0B4FA84F3344A5B0913702B681B7C33B1C9
S21400CAD025F0C5FC18B1DB2130482DF0E2FD2046DC
S21400CAE009B0BDE8F08F12680B6907FB0020984775
S21400CAF09FE7D8F8003003AA194402AB0191FCF76F
S21400CB0053FC2D28034601992BD0286813B30BF14C
S21400CB10010B5FFA8BF18E422868EAD8204BDB5D6A
S21400CB20002BC4D0F3B27E2B2868C0D8D8F80030CB
S21400CB3003AA06EB030B594602ABFCF735FC2D287F
S21400CB40B5D059462868FCF783FE0136044600280F
S21400CB50E8D0ACE7039B7BB999F80020029B9A4289
S21400CB60D5D099F80030DAF800202868FCF7EAFCFF
S21400CB700028CCD00446D1E70191FCF769FE019964
S21400CB80EFE7084BA346DE5DC3E700BFFC6400206A
S21400CB901C650020105104001D5B002027B4030014
S21400CBA0EE500400AA500400204E04003451040045
S21400CBB0CC500400F8B51F46214B04461B780D46A2
S21400CBC0164623B100F47E23B3F50E2F2BD0204655
S21400CBD0FFF7E8FE2128044614D81A4B53F8201015
S21400CBE0194B1B78ABB1194B212C18681DD8184B64
S21400CBF01B5DD3B13268FCF7ABFD044650B125F09F
S21400CC002DFC07E0FF2807D93A46314680B225F0CA
S21400CC1039F900242046F8BD4FF4A9710D482DF0CF
S21400CC2040FD0021DCE70146DAE77F2D08BF00253E
S21400CC303B46324651FA85F1FCF784FCDDE700BF3F
S21400CC401C5B0020345104001D5B00201C65002086
S21400CC501051040027B4030030B5134600F07E627E
S21400CC60B2F17E6F8BB00DD10A46C0F30B01684659
S21400CC70FEF71AFA20B140F2931109482DF011FD83
S21400CC800BB030BD5A0825F0ECFB0028F8D04FF466
S21400CC909C7103480BB0BDE830402DF002BD00BFCC
S21400CCA0B8B403002DE9F743C70705460E461446F9
S21400CCB004D540F2E31149482DF0F3FCE10704D512
S21400CCC04FF4F27145482DF0ECFC454B93F800808C
S21400CCD0B8F1000F20D043F260239D4208D12246CF
S21400CCE0314640480EF0F0FD002003B0BDE8F0836A
S21400CCF0C5F30B0705F44055B5F5805F14BF4FF438
S21400CD000F204FF40E20234632467F21384303B0CF
S21400CD10BDE8F043FFF74EBF05F47043B3F5805F00
S21400CD203FD1C5F30B05304A05F17E65631E2B44E3
S21400CD30934230D82F46DFF8A49007EB0408474507
S21400CD4042D1AA070ED04FF6FF7336F8022BA81E64
S21400CD5043EA024304220DEB02010193FFF77CFF36
S21400CD600235023CA3070ED0023C24F00103F35A1E
S21400CD7004226FEA03436FEA13430DEB02012819FE
S21400CD800193FFF769FF002CAED0224631462846B5
S21400CD90FFF762FFA8E740F2FD1110482DF081FC76
S21400CDA0C8E705F46043B3F5005F04D1C5F30B058F
S21400CDB005F53E25BEE740F2052108482DF071FC3A
S21400CDC06FF00F074546B6E717F8013BFF2BB6D0C6
S21400CDD04FF4047148462DF064FCB0E7B8B4030085
S21400CDE01C5B00201C6A0020FF03E00F10B500F05B
S21400CDF077F825F082FB044618B100F079F8204653
S21400CE0010BD00F07BF804460028F6D10122014B45
S21400CE101A70F2E71E5B0020054B1B7833B1054BFA
S21400CE20C0F3130100221868FCF7D6BC1120704727
S21400CE301E5B00201C650020144B2DE9F0411B787A
S21400CE4005460E461746FBB125F03EFB012805D9E0
S21400CE50841EE4B2012C09D9212412E03B46314657
S21400CE602846BDE8F041002200F052B800F038F83D
S21400CE703B4600223146284600F076F8044600F08D
S21400CE8037F82046BDE8F0811124FAE71E5B002043
S21400CE90124B70B51B7804460D461646E3B125F0D6
S21400CEA013FB012805D9831EDBB2012B08D92124E8
S21400CEB010E0324629462046BDE8704000F040B8F3
S21400CEC000F00EF820463246294625F018FB0446A8
S21400CED000F00EF8204670BD1124FBE71E5B002014
S21400CEE008B52DF0DCFA014B186008BDD83C0020D0
S21400CEF0014B18682DF0CEBAD83C0020024B1968BA
S21400CF00024B1868FCF7CEB8FC6400201C650020B5
S21400CF1037B505460C46C0F313010848ED02006815
S21400CF2005D5224603B0BDE83040FCF709BA0093A9
S21400CF3013462246FCF7BEF903B030BD1C65002040
S21400CF4030B405461346074A0C46C0F31301106872
S21400CF50EA0203D5226830BCFCF7FABB224630BC96
S21400CF60FCF7F0BA1C650020F7B505460F461446D8
S21400CF701E461BB92125284603B0F0BD0029F9D06E
S21400CF8025F0A2FA4BF23462ABB2934220D14FF0B6
S21400CF90FF3322466946CDE9003325483346FFF77E
S21400CFA0E3FF08220546234968460EF049FE38B9D5
S21400CFB033462246694641F2F010FFF7D5FF054694
S21400CFC0002DD8D13246694638460EF07DFCD2E7B1
S21400CFD041F2F01293420FD1174B311908299A6C7F
S21400CFE0DB6CC7D8CDE9002332460DEB040138468A
S21400CFF00EF06AFC0025BEE702280BD1C5F30C43F1
S21400D00032199342B6D3C5F30B0104F17E6432465F
S21400D0102144ECE7032809D1C5F30C4332199342A7
S21400D020A8D3C5F30B0104F53E24F0E70125A2E7DB
S21400D030021008C0C05104000080E00F10B527F0B1
S21400D040BEFC28F055FDBDE8104003460121022035
S21400D050014A02F00BBC00BF4FB5030013B5D0E980
S21400D060023253F822301C78204627F0BAFC2346BA
S21400D070009001210220024A02F0F8FB02B010BD27
S21400D08063B50300014B187827F093B81F5B0020A8
S21400D090FF232DE9F04F8FB01122002108A88DF84C
S21400D0A013300EF081FA08A826F043FA0121022078
S21400D0B0B04A08AB02F0DAFB41F24903AE4A01215E
S21400D0C0022002F0D3FB06A826F062FB08A90DF1A9
S21400D0D0130026F068FB02200021A84A02F0C6FBD7
S21400D0E0002027F097F810B106A809F047FE9DF932
S21400D0F02A3001210220A24A00939DF82B3002F02C
S21400D100B5FB27F058FC831EDBB2FC2B054631D856
S21400D110012102209B4A02F0A9FB01249A4E9B4F54
S21400D120DFF8D082234632460021022002F09EFB22
S21400D13005A9E0B227F041FC034650B1A0F1160263
S21400D140012A40F2AA8042460121022002F08EFB0C
S21400D1500CE09DF914303A4601939DF816300121F3
S21400D160009302209DF8153002F080FB0134E3B2F4
S21400D1709D42D7D8BDF8284008F0ECF92346002198
S21400D180834A0090022002F071FB02200021814AAF
S21400D19002F06CFB002027F03DF810B108A809F05B
S21400D1A0EDFD01217C4A022002F060FB27F05FFBC8
S21400D1B0044627F05AFB23460121784A00900220B5
S21400D1C002F054FB08F09EFE00210220744A02F092
S21400D1D04DFB9DF81330FF2B65D000210220714ACD
S21400D1E002F044FB01216C4A022002F03FFB26F0CD
S21400D1F0DFFA012103466C4A022002F037FB08F0F2
S21400D20081F900210346694A022002F02FFB26F02E
S21400D210D5FA044626F0D4FA23460121644A009043
S21400D220022002F023FB2DF049FA08F013FF01213B
S21400D2300346604A022002F019FB0025DFF8B88199
S21400D24008F008FFECB2A04233D82DF037FA0123DD
S21400D250594A1946022002F009FB002026F0A9FFD1
S21400D260564B574C0093012100230220554A02F0EA
S21400D270FDFA236863B1012102201B78524A02F0AE
S21400D280F5FA2368012102205B78504A02F0EEFA94
S21400D29026F094FF0FB0BDE8F08F012102204C4A23
S21400D2A002F0E4FA62E7002102204A4A02F0DEFABF
S21400D2B098E7494B204603EB0416D6F8089008F08A
S21400D2C083FF8246204608F0CBFE444F00280CBF62
S21400D2D0C346BB46204608F077FF0AF031FD00281B
S21400D2E008BF4746534600210220CDE900B73C4A16
S21400D2F002F0BCFAB37901210293B38802200193AD
S21400D3007388384A0093337B02F0B0FA0026DFF8C1
S21400D310ECB099F80430F4B2A34203D82DF0CEF95D
S21400D32001358DE714235C43D9F8007002203A5B80
S21400D33007EB040A9AF90C3000922B4A002132EAD5
S21400D340230228BF5A461346284A02F08FFA0020C6
S21400D35026F060FF38B150463C5B26F098FA01464E
S21400D36020460AF03BFD01210220214A02F07EFA07
S21400D3700136CEE7A4B50300B3B50300CFB503006E
S21400D380FBB50300D6B50300ECB50300F3B5030008
S21400D39028B6030048B6030092B6030051B6030051
S21400D3A073B60300D5D603007EB6030094B603001A
S21400D3B0AAB60300C0B6030039B7030051B703008E
S21400D3C0D441002045B703005FB7030073B70300DE
S21400D3D010B6030030B30300084100207BB50300FD
S21400D3E0CBB60300EBB6030098B5030021B70300E5
S21400D3F024FF03001BB6030083B503008CB50300AF
S21400D4002DE9F7430025134EDFF8588008F022FE7A
S21400D410ECB2A04202D803B0BDE8F0832701204654
S21400D42016F8079008F01CFE0B4A4B46002808BF6B
S21400D4304246002102200092084A02F017FAF05DE8
S21400D44026F0C2F901210220054A02F00FFA013542
S21400D450DCE700BF08410020BD0504008EB70300CE
S21400D46024FF0300C705040008B583685A681178CE
S21400D470C26853F82230A1F1650251425141187832
S21400D48008F0A4FF30B9BDE8084001210220024A96
S21400D49002F0ECB908BD00BF99B7030000210220D6
S21400D4A0014A02F0E3B900BFB3B70300002102202F
S21400D4B0014A02F0DBB900BFE1B7030010B504462D
S21400D4C086B01822002168460EF06EF8684626F0F0
S21400D4D0F0FDD4E9022052F8203002EB80021B78DF
S21400D4E08DF80B30516891F900108DF80A1091688C
S21400D4F00988ADF808106168091A032907DDD268A3
S21400D50003F01F03127843EA42138DF80B30684687
S21400D51008F0CEF800210346024A022002F0A6F9DF
S21400D52006B010BDFDB7030007B5002027F007FAC8
S21400D53000210090034B0220034A02F097F903B043
S21400D5405DF804FB0AB8030010B8030013B5D0E971
S21400D550023253F8221003EB82035B6808781968DE
S21400D5600023094CA222994208BF2146C01A18BFC0
S21400D570012027F0D8F901210090044B0420044A2A
S21400D58002F074F902B010BD00F8FF071BB80300E4
S21400D59029B9030013B5D0E9023203EB820153F830
S21400D5A02230D1E901141878FF22003818BF012074
S21400D5B02378096827F0B7F901210090034B04206F
S21400D5C0034A02F053F902B010BD00BF22B80300B0
S21400D5D029B9030008B5002101230C4A27F028F8D2
S21400D5E00A4826F088FD0020094909F05FFC002063
S21400D5F026F010FE10B1054809F0C0FBBDE8084053
S21400D60001210420034A02F031B900BF5160002016
S21400D61037B8030024FF030010B526F0D3F80346FE
S21400D62030B1BDE8104001210420054A02F01EB9C1
S21400D6300121BDE810400420024A02F017B900BFDD
S21400D64045B8030056B8030010B526F056FDBDE8F1
S21400D6501040034601210220014A02F007B900BF2C
S21400D66061B8030010B526F01AFDBDE81040034669
S21400D67001210220014A02F0F9B800BF77B8030082
S21400D68037B5D0E90232012453F822304FF6FF7046
S21400D6901D78FE2204FA05F1002327F0B0F92B4688
S21400D6A0009021460420024A02F0E0F803B030BDA4
S21400D6B08BB80300D0E9023253F822301B7823B12E
S21400D6C001210220024A02F0D1B8024A13707047C4
S21400D6D0AAB803001F5B002007B5684626F058F876
S21400D6E007F038FF01210346084A022002F0BEF880
S21400D6F0684609F043FB08F0A1F901210346044AF5
S21400D700022002F0B3F803B05DF804FBC0B80300D3
S21400D710DAB8030037B5D0E90245406854F825303A
S21400D720401B0328D8BF002004EB8504C8BFE06870
S21400D73019786368C8BF00781A78A36893F9003030
S21400D7400090012027F0DFF838B901210220084AAE
S21400D75003B0BDE8304002F089B8064B0190009354
S21400D76001210220044B054A02F080F803B030BDC8
S21400D770EBB80300F3B80300C7E7030007B90300DC
S21400D78007B5012027F0C7F848B90090012102200C
S21400D790084B094A02F06AF803B05DF804FB054B33
S21400D7A00190009301210220044B054A02F05EF826
S21400D7B0F2E700BFF3B803001EB90300AC13040081
S21400D7C007B9030008B5D0E9023253F822301878BA
S21400D7D027F053F830B9044A0121BDE80840042078
S21400D7E002F044B8014AF7E733B903004FB9030023
S21400D7F008B5D0E9023253F82230188827F03BF8F3
S21400D80030B9044A0121BDE80840042002F02EB8D1
S21400D810014AF7E76EB903009EB9030073B50378B3
S21400D820044613F0050F0ED04588062D17D18368E1
S21400D83001215B68174A1B780193838804200093B4
S21400D840154B02F013F82378012B20D00121042079
S21400D850114B124A02B0BDE8704002F007B835B965
S21400D8608388012104200E4A02F000F8EBE7012D20
S21400D870E9D186680B49002009F018FB304609F00C
S21400D8807DFA29460420084A01F0F0FFDBE702B0E3
S21400D89070BD00BFD4B90300CBB9030026BA03009D
S21400D8A0F1B903000EBA030024FF03002DE9F04F80
S21400D8B000268FB0364D09AC0FCD0FC42B68012162
S21400D8C00220344A236001F0D1FF3446DFF8DC90B2
S21400D8D025F072FFF5B2A8420BD825F06DFF23465F
S21400D8E00090012102202C4A01F0C0FF0FB0BDE8D5
S21400D8F0F08F284605A926F0AAFF0346002841D146
S21400D9009DF81430032B39D904238DF814302B4698
S21400D91000210220214A01F0A9FF9DF814300EAA2A
S21400D92002EB830300214A4653F8143C022001F020
S21400D9309DFF28469DF821A09DF815B09DF818700B
S21400D940BDF8168026F085FF5346CDE902800021FB
S21400D9500220CDE900B7124A01F088FF013400200A
S21400D960E4B226F057FC18B10DF1190009F006FADA
S21400D970002102200B4A01F079FF01E0002BC6D1FE
S21400D9800136A5E700210220074A01F06FFFF7E7FE
S21400D990C851040038BA0300B1BA0300EEB503005C
S21400D9A065BA030001AE03008CBA030038C5030055
S21400D9B0C3688268013BDBB252F8233002201B7832
S21400D9C0652B14BF00220121044B1BBF01211A70D6
S21400D9D0034A044A08BF197001F048BF836A002052
S21400D9E0C8BA0300D6BA0300D0E9023253F8223090
S21400D9F01A88014B1A8070471E6A002007B5D0E9C6
S21400DA00023103EB810253F8213052681988054B26
S21400DA100548128800930088012309F0A3FE03B08E
S21400DA205DF804FB1DD800001E6A0020C3688268EB
S21400DA30013BDBB252F823305B78A3F16602534217
S21400DA405341014A13707047866A002030B5D0E90A
S21400DA50023253F8223089B01D78012302AA1946F3
S21400DA60044626F0E5FD01230093102302210DEB6A
S21400DA700302204626F0BDFD284604AA02A926F089
S21400DA80D8FF0446002026F0C5FB18B121460448FE
S21400DA9007F0F0FD0020034909F0EEF909B030BDAB
S21400DAA0E5BA030024FF0300002330B58FB002213F
S21400DAB0009309AA1223054626F09BFD05AA0146F7
S21400DAC009A807F0B5FB044698B1232805D1134AE8
S21400DAD00121042001F0CAFE09E0212801D1104AE4
S21400DAE0F6E70346012104200E4A01F0BFFE0FB000
S21400DAF030BD01232846194603AA26F099FD05A93C
S21400DB0003A826F098FF0546204626F083FB18B1AA
S21400DB102946054807F0AEFD044AD9E7F2BA0300E5
S21400DB2015BB030050BB030071BB030024FF0300BA
S21400DB30F0B5D0E9023253F8221003EB82039B685B
S21400DB4005461F7887B038460E7826F043FB044615
S21400DB5008BBD5E9022101238DF80830194452F894
S21400DB60210002EB810200888DF809709268ADF8FA
S21400DB700A00127804218DF80C2028460DF10D02BB
S21400DB8026F056FD304602A98DF8154026F063FEB5
S21400DB90044626F013FB334601210420024A009473
S21400DBA001F064FE07B0F0BD86BB03002DE9F0412E
S21400DBB001218EB00220274A01F058FE002005AB56
S21400DBC001AA09A926F02FFF00250446224E234F5E
S21400DBD0DFF898801CB128460EB0BDE8F081022020
S21400DBE02B463246214601F041FE204626F012FB27
S21400DBF010B10AA809F0C2F83A46002102209DF8A2
S21400DC00303001F033FE424600210220079B01F02F
S21400DC102DFE00210220BDF82030114A01F026FE1C
S21400DC20BDF8143000210F4A022001F01FFE013516
S21400DC3001A826F0EAFAEDB2012102200A4A01F014
S21400DC4015FE284605AB01AA09A926F0ECFE0446F7
S21400DC50C0E700BFB8BB0300FEBB030006BC030062
S21400DC60F4D603001BBC030024FF030012BC030011
S21400DC702DE9F047064698B0C0B925F09BFD07464B
S21400DC8000250EA826F0D9FE01210220384A01F010
S21400DC90EDFD2C46DFF8E080DFF8E090DFF8E0A04E
S21400DCA0BC4205D3284618B0BDE8F0870127E7E751
S21400DCB013A826F0C2FE002E4CD0022306A913A8F5
S21400DCC08DF84C30FE2426F0AAFE00283FD102A98B
S21400DCD013A826F0AAFE9DF8593043F001038DF8EC
S21400DCE05930002E3DD1234631460220214A01F00C
S21400DCF0BDFD9DF859300AA943F0010313A88DF81D
S21400DD00593026F092FE002026F084FA10B114A8AE
S21400DD1009F034F80C9B42460021022001F0A6FDD3
S21400DD20BDF82820002112F4007F0CBF4C234123AD
S21400DD3012F0100F0CBF6E227922022000924A4683
S21400DD4001F094FD06A826F060FA0135EDB2013424
S21400DD50E4B2A5E720460AAB06AA13A926F061FEA0
S21400DD60B3E752460021022001F080FDC1E700BF64
S21400DD7025BC0300FEBB030012BC030061BC03000D
S21400DD805ABC030030B5012499B00EA826F055FE03
S21400DD9013A88DF8384026F0EEFDC0B9BDF84C103B
S21400DDA011EA040513D121460220444A01F05EFD23
S21400DDB029460220424A01F059FD214602203F4AE8
S21400DDC001F054FD214602203C4A01F04FFD06A911
S21400DDD00EA826F024FE20B11022FF2106A80DF082
S21400DDE0E3FB04A826F023FE059B01210220354A0A
S21400DDF00093354B01F03AFD9DF8123001210220C8
S21400DE00324A0093304B01F031FD00212E4B304A50
S21400DE10022001F02BFD06A826F0F7F913A826F03D
S21400DE200CFE02230AA913A88DF84C3026F0FDFD3F
S21400DE3000283FD10B9B009301210220254B264A48
S21400DE4001F014FD0121234B244A022001F00EFDAF
S21400DE500120FFF70DFF01211E4B214A022001F091
S21400DE6005FD0020FFF704FF044625F0A3FC23462B
S21400DE700090012102201B4A01F0F8FC01211A4BF8
S21400DE80174A022001F0F2FCFFF790FE174902281D
S21400DE9003461748174A28BF0A46084928BF0146BE
S21400DEA00092CDE9013102200121134A01F0DEFC87
S21400DEB019B030BD4FF0FF33BDE700BF24FF0300AD
S21400DEC074BC0300B2BC0300AABC0300C2BC0300BF
S21400DED051E603007EF40300D5BC0300E5BC030056
S21400DEE0ECBC0300F5BC030009BD030070BC0300D6
S21400DEF0BBDB03000DDC030017BD030010B5D0E943
S21400DF00023253F822301C78201E18BF012026F05B
S21400DF101EFD054A054B0020002C18BF1A46BDE81A
S21400DF201040034908F0A8BF44BD03003FBD0300EE
S21400DF304DBD0300D0E9023210B553F822301C88DC
S21400DF40204626F006FD2246BDE810400020014986
S21400DF5008F092BF8EBD030037B5044607F0D2FA2C
S21400DF60014638B100200D4A0D4903B0BDE83040E7
S21400DF7008F082BFE368A268013BDBB252F82330A8
S21400DF8008481D780123084A00936C2D08BF0246F6
S21400DF901023204626F02DFB03B030BDDCBD030069
S21400DFA0E4BD03006C6A00205C6A002013B5836839
S21400DFB09A681278672A22D101A826F0DCFC04466B
S21400DFC0A8B9BDF80420174908F056FFBDF804307C
S21400DFD0DA070AD413F0020F134B144A18BF1A4676
S21400DFE01349002008F048FF19E0124AF8E70246F5
S21400DFF01149002008F040FF22461049F1E7C268A8
S21400E00001A953F8220003EB82035B6800681B68D3
S21400E010ADF8043026F0B5FC04460028ECD102B07A
S21400E02010BD00BF17BE03000ABE0300AEE7030024
S21400E03038BE0300FABD03004ABE030076BE0300E6
S21400E040034A04491388C85401331380704700BF3D
S21400E05002560020255B002073B5154D01242B7851
S21400E060144E13F0040F0CBF02230423124A214659
S21400E0701470328802200192EB5C104A0093104B19
S21400E0805B8801F0F3FB002102200E4A01F0EEFB54
S21400E0900D4B2946009332882346022001F02CFCC3
S21400E0A021460220094A02B0BDE8704001F0DEBBFE
S21400E0B0255B002002560020245B002085BE03005E
S21400E0C0F4550020AABE0300CCBE030024FF0300C4
S21400E0D070B516464FF48A52114B124DDA805980AD
S21400E0E0114B1B881A1E18BF012240EA82000F4AF5
S21400E0F01278003A18BF012240EA0210287063B175
S21400E10003246B701B0AAB7009F088FE631C28554D
S21400E110EE54074B02341C8070BD0124F4E700BFA8
S21400E120F4550020255B002000560020235B0020CD
S21400E1300256002038B5D1E902320C46054653F89F
S21400E1402230024619880C4B1878FFF7C1FFE368A7
S21400E150A268013352F82330188824F012FA4DB121
S21400E160E368A268023352F823301878BDE83840D6
S21400E170FFF766BF38BD00BF205B0020F0B5054640
S21400E180EB68AA68023352F8233008461C78294602
S21400E19085B0FFF7CFFF204625F065FB204E214FC8
S21400E1A078B3204625F06BFB0321441C03AA2846BF
S21400E1B023F04EFA3288E4B2C2F1FF0303991B1B28
S21400E1C09BB28B4222443CBFC2F1FF030393012360
S21400E1D0032100933A449DF80C30284626F009FAAD
S21400E1E0039A022C338804BF0F48110AFA5408BF5A
S21400E1F0C15413441C44348005B0BDE8F040FFF71A
S21400E2002BBF204607F086FE012332880446009383
S21400E210032103463A44284626F0EBF93388E9E71B
S21400E22002560020255B0020265B0020052307B54C
S21400E230012100930220044B044A01F017FB03B0AF
S21400E2405DF804EBFFF79EBDB3BE0300BABE030045
S21400E25013B5044626F08BFB38B1CDE9004001210A
S21400E2600220034B034A01F001FB02B010BD00BFC1
S21400E270DCBD0300D1BE0300194B37B51B783BB994
S21400E28001210220174A03B0BDE8304001F0EEBA83
S21400E290D0E90232144C53F8223001211D786388ED
S21400E2A002200093114A2B4601F0E0FA104B25712C
S21400E2B01B78104D63B1012102200F4A01F0D6FAF7
S21400E2C020460E4A298803B0BDE8304025F06CB8D9
S21400E2D020460A4A298803B0BDE8304025F026B912
S21400E2E0245B0020E8BE0300F4550020F6BE0300C1
S21400E2F0215B0020025600200DBF0300255B002096
S21400E3002DE9F041D0E9023253F8221003EB8203E4
S21400E3105A680C7817889A68DB68B2F80080C6B02E
S21400E3201D780021304B0220304A0094CDE9017858
S21400E33001F09CFA002D0CBF6E23792301210220E8
S21400E3402B4A01F093FAFF23002D0DF1170606ADB8
S21400E350019320460CBF802340234246394602964E
S21400E360009525F0C6FD0446002835D1307825F006
S21400E37080FA0746B0B1284625F00BFF1D4BFD2856
S21400E380A8BFFD200093234682B20DF1190102209A
S21400E39001F0B2FA01210220174A01F067FA46B0EE
S21400E3A0BDE8F081307825F06AFA60B1284625F09D
S21400E3B0F5FEFD28A8BFFD200E4B82B200930DF19E
S21400E3C01A013B46E3E7307807F0A4FD0B4B024604
S21400E3D0009329460123DAE7009001210220084B2A
S21400E3E0084A01F043FADAE71AF5030027BF0300EC
S21400E3F04CBF0300D208040024FF0300CCBE030079
S21400E400D4C7030056BF0300D0E9023253F82210E7
S21400E41003EB82032DE9F04F5A680F78B2F80080BC
S21400E4209A68C7B0B2F80090DA681B6992F800A044
S21400E4301E7800212F4B304A0446CDE90189022080
S21400E440009701F013FABAF1000F0CBF6E23792380
S21400E45001210220294A009606AD01F007FAFF22A4
S21400E460002128460DF0A0F8304625F002FA834633
S21400E47008B30023052100932046FD230DF1190261
S21400E48026F0B7F82870BAF1000F0CBF802340239F
S21400E4904A4641463846CDE9005625F0F5FC014689
S21400E4A0144807F0E7F801210220154A01F0DEF9CA
S21400E4B047B0BDE8F08F304625F0E1F960B1FD23A6
S21400E4C005212046CDF800B00DF11A0226F091F88D
S21400E4D085F801B02870D6E70590304607F01AFD9B
S21400E4E0059A0346009205212A46204626F081F822
S21400E4F0C9E700BF0DF5030027BF030067BF030091
S21400E50024FF03002DE9FF471C465B68E5685B1B9C
S21400E51000255FFA83F803952E46FFF7D9FDEBB288
S21400E52098450BD90C9B9B5D282B39D8202B00F2E5
S21400E530CB800136F6B2002B40F0C980FFF78CFD89
S21400E54004B0BDE8F087132A2FD801A151F822F0B5
S21400E55017E6000029E600003BE600006FE6000034
S21400E5603DE500003DE500003DE500003DE500001E
S21400E570ABE50000ABE50000ABE50000ABE5000056
S21400E580ABE50000ABE50000ABE50000ABE5000046
S21400E590ABE50000ABE50000BBE5000095E600003B
S21400E5A0A3F13102D1B21329CDD90136F6B2A3F1C7
S21400E5B04102032AC2D8422B6CD06C4F00213A8805
S21400E5C0DFF8B0A1C2F1FE039BB2FF2B28BFFF23EA
S21400E5D001320091DBB22046524469B225F0E5FFD5
S21400E5E03B880AF8030001331844388011E04FF0E6
S21400E5F00409E368A2682B4452F823301F68F8B277
S21400E60009F1FF39FFF71CFD19F0FF094FEA17273C
S21400E610F5D1013583E7E368A2682B4452F823302E
S21400E6201878FFF70DFDF4E7E368A2682B4452F86C
S21400E6302330188823F0A5FFEBE7E368A2682B4495
S21400E64052F823301F68B7F1807F09D2F8B2FFF77F
S21400E650F7FCC7F30720FFF7F3FCC7F30740E0E734
S21400E6602B4601210820424A01F000F966E74FF0E8
S21400E6700409E368A2682B4452F823301F68F8B2F6
S21400E68009F1FF39FFF7DCFC19F0FF094FEA1727FD
S21400E690F5D1BEE7294603AA204622F0D9FF00217D
S21400E6A0324F344A3B88DDF80C9002EB030CCAB2BA
S21400E6B0914501F1010102D84B443B80A9E710F8CF
S21400E6C002A00CF802A0F2E7242B3FF670AF013B45
S21400E6D0232B3FF633AF01A252F823F017E60000D3
S21400E6E029E600003BE60000EFE500003DE50000FF
S21400E6F03DE500003DE500003DE500003DE500008D
S21400E7003DE500003DE500003DE500003DE500007C
S21400E7103DE500003DE500003DE5000017E6000091
S21400E72029E600003BE600006FE600003DE500003D
S21400E7303DE500003DE500003DE500003DE500004C
S21400E7403DE500003DE500003DE500003DE500003C
S21400E7503DE500003DE500003DE5000017E6000051
S21400E76029E600003BE60000EFE500000256002028
S21400E77080BF0300255B0020094B1B7823B10121D5
S21400E7800820084A01F072B8D0E9023253F8223065
S21400E790054A1B88012113800820044A01F066B848
S21400E7A0245B0020A6BF030000560020E8BF03003D
S21400E7B0D0E9023253F82230054A1B780121003B8B
S21400E7C018BF012308201370024A01F04FB800BF9B
S21400E7D0225B00200EC00300D0E9023253F822303C
S21400E7E0034A1B78012113700820024A01F03EB844
S21400E7F0235B00203DC0030010B5D0E9023204467A
S21400E80053F82230132219880B4B1878FFF760FC58
S21400E810E368A268013352F823301878FFF710FC3B
S21400E820E368A268023352F823301878FFF708FC32
S21400E830BDE81040FFF710BC205B002010B5D0E903
S21400E8400232044653F82230112219880B4B1878EE
S21400E850FFF73EFCE368A268013352F823301878CD
S21400E860FFF7EEFBE368A268023352F8233018780D
S21400E870FFF7E6FBBDE81040FFF7EEBB205B00208D
S21400E880D0E9023253F82230034A1B78003B18BF07
S21400E8900123DB0013707047205B002010B5D0E921
S21400E8A0023253F82230044619880E4B0622187896
S21400E8B0FFF70EFC0120FFF7C3FBE368A2680344E2
S21400E8C052F82330188823F05CFEE368A26802330F
S21400E8D052F82330188823F054FEBDE81040FFF7A6
S21400E8E0BBBB00BF205B00202DE9F043D0E902321D
S21400E8F04FF0FD09013253F8221003EB82035A68E9
S21400E900C7B017889A68B1F80080147853F8043CAA
S21400E910002C0DF1170506AE18783A4614BF4023B2
S21400E920802341460295CDF80490009625F0E1FA42
S21400E930034638B1184A0121082000F097FF47B077
S21400E940BDE8F083201E18BF01200A224146C00001
S21400E950FFF7BEFB384623F014FE2878FFF770FB5F
S21400E9604A463146287824F032FF044628B10B4F39
S21400E9703D88C5F1FF03984202DD2346084ADAE7E0
S21400E980024608483146284425440CF09DFF3D8049
S21400E990FFF762FBD3E700BF73C0030002560020F8
S21400E9A08FC00300255B002010B5D0E90232044674
S21400E9B053F82230082219880B4B1878FFF788FB8B
S21400E9C0E368A268023352F823301878FFF738FB62
S21400E9D0E368A268013352F82330188823F0D1FD8B
S21400E9E0BDE81040FFF738BB205B002073B5D0E9C8
S21400E9F002320546023253F8221003EB820353F824
S21400EA00042C53F8083C0C781988234B1688187881
S21400EA100622FFF75DFB0020FFF712FB304623F0CF
S21400EA20B0FD2046FFF70CFBEB68AA68033352F8EC
S21400EA302330188823F0A5FDEB68AA68043352F843
S21400EA402330188823F09DFD204609F0E7FBE8B93F
S21400EA50204607F05FFA05210446019001AA2846E1
S21400EA6022F0F6FD019B01469C4206D02246314626
S21400EA700A480BF087FC02B070BD094D09482E8885
S21400EA802246304434440CF0E1FD2C8002B0BDE850
S21400EA907040FFF7E1BA00BF205B0020BBC0030058
S21400EAA002560020255B002073B5D0E902324FF4F1
S21400EAB08A5153F82230104D1A88104BD9805A804C
S21400EAC000232A4600930121FF2325F092FD2B7890
S21400EAD0044613F0040F0A4B08BF01261B7818BF24
S21400EAE0032613B109F09AF9A855064B1C8002B00C
S21400EAF0BDE87040FFF7B0BA255B0020F455002053
S21400EB00225B002002560020D0E9023253F8223061
S21400EB10034A1B78003B18BF01231370704700BFE1
S21400EB20215B002010B50C4608B908F003F9024B2B
S21400EB3018715C7110BD00BFF455002002462DE927
S21400EB40F341D0E90253526855F82310D21A0C88C4
S21400EB5005EB8301013BDBB255F82380294D022AE1
S21400EB604868C8BF8A682B78D8BFFF210078C8BF1E
S21400EB7011783BB901210220234A02B0BDE8F041DA
S21400EB8000F074BEFFF7CEFF06F0E4FC1F4F204EE9
S21400EB903B880146224600931E48334625F096FAE7
S21400EBA00246C8B998F804103B885F2917D1CDE90A
S21400EBB000364FF6FF712046164B24F0E9FB28B1CD
S21400EBC0034601210220144A00F050FE0023134A97
S21400EBD02B701380124A137002B0BDE8F0814FF616
S21400EBE0FB718C4208D9CDE900362146094B4FF619
S21400EBF0FF7024F02BFCE2E72146064A009624F03C
S21400EC0057FCDCE7245B002006C103000256002008
S21400EC10255B0020F45500200DC10300005600209F
S21400EC20235B0020002210B50A2104461046FFF799
S21400EC304FFA002023F0A5FC0122044B1A70FFF7C0
S21400EC400BFA2046BDE81040FFF778BF4E60002064
S21400EC5038B51C4615460123224625F0E9FC60B966
S21400EC602146284625F0ADFE044620B101210420A9
S21400EC70034A00F0FBFD204638BD0024FBE700BF3A
S21400EC8034C103002DE9F0430C4615461F46D0E973
S21400EC90022352F8231002EB830293680E8893F83F
S21400ECA00080D3688BB0B3F800903246012106ABE3
S21400ECB0FFF7CEFFF0B90DF1200CF4B101232A883E
S21400ECC04021CDE902C2CDE90471CDE900932221AD
S21400ECD0434606AA304625F0E2FC0B4B0B4A00934F
S21400ECE00B4B0190002C08BF134601210420094A53
S21400ECF000F0BCFD0BB0BDE8F0836246286869688A
S21400ED00032303C22246DBE793C1030078C1030056
S21400ED1072C1030080C1030007B501236A460021C3
S21400ED2025F086FC6846034908F0C8FD03B05DF888
S21400ED3004FB00BF1DD80000D0E9023253F8223091
S21400ED400149188808F08CBD1DD8000010B5D0E920
S21400ED50023203EB8201496853F8223009784FF4F7
S21400ED608A52188825F08BFCBDE810400346012126
S21400ED700420014A00F07ABD9DC10300D0E90232AA
S21400ED8053F8223002214FF48A5210B5188825F025
S21400ED9068FCBDE81040034601210420014A00F04B
S21400EDA065BD00BFB6C103001FB5D0E9023203EB54
S21400EDB0820153F82230496818884FF48A5309882C
S21400EDC00293094B094A0193094B1B78009312786A
S21400EDD0084B25F0BCFC012103460420064A05B07A
S21400EDE05DF804EB00F042BD04560020255C0020D0
S21400EDF0245C00200E560020CDC103002DE9F04310
S21400EE00D0E9023253F8221003EB82035A680E88C8
S21400EE1017789A68DB688BB092F80090B3F8008099
S21400EE203246042106AB0446FFF712FF28BB08ADA6
S21400EE3001232A460521204625F0FAFB38B904208E
S21400EE4001210F4A00F012FD284624F0A1FC4FF4E1
S21400EE508A53CDE904930023CDE9025303232121ED
S21400EE60CDE9008306AA3B46304625F018FC012172
S21400EE700346044A042000F0F9FC0BB0BDE8F0831A
S21400EE80E5C1030014C2030038B5D0E9024303F11C
S21400EE908043023B02220F4954F823009D000CF0E9
S21400EEA0CFFE60B90C4B0D491A78042A0BD82C44B7
S21400EEB0A068008821F8120001321A7038BD084B8D
S21400EEC008491A78F1E70121BDE838400420064ACF
S21400EED000F0CCBC42ED0300255C00200E5600205E
S21400EEE0245C00200456002026C2030008B5C36830
S21400EEF0806803F18043023B0222064950F8230053
S21400EF000CF09EFE10B9044B187008BD0022034B8F
S21400EF101A70FAE742ED0300255C0020245C00200E
S21400EF2037B5D0E9023153F821208C0015784268B5
S21400EF30521A012AC5BF1B195B686C091C78DCBF16
S21400EF4044F0180405F01F052946204625F0C3FAAC
S21400EF50034640B12346012104200E4A009500F0E6
S21400EF6085FC03B030BD0121A94074B92346FE22BA
S21400EF704FF6FF7025F043FD012103460420064AA4
S21400EF8003B0BDE8304000F071BCFE2241EAC46127
S21400EF90EEE700BF3CC203005CC2030070B5D0E9D8
S21400EFA0021551F8253001EB8501044618884B6898
S21400EFB01A788B68052A1B8802D85E1E072E0BD986
S21400EFC0012104200C4A00F051FCBDE870400121EC
S21400EFD004200A4A00F04ABC6468641B032CCABFBB
S21400EFE0C9680749096825F00AFDBDE87040024671
S21400EFF00449002007F05ABF7AC203009AC20300F1
S21400F00000F8FF07B7C2030008B5D0E9023253F88C
S21400F010220003EB82035968FF22038809684FF633
S21400F020FF7025F0ECFCBDE80840024601490020D0
S21400F03007F03CBFCAC2030008B5D0E9023253F855
S21400F040223005214022188825F00BFBBDE8084039
S21400F05002460249002007F029BF00BFEBC20300AA
S21400F06008B5D0E9023203EB8201486853F8221053
S21400F070027840230988312025F046FBBDE8084089
S21400F08002460249002007F011BF00BF0CC3030070
S21400F09008B5D0E9023203EB8201486853F8221023
S21400F0A0027840230988332025F02EFBBDE808406F
S21400F0B002460249002007F0F9BE00BF26C303003F
S21400F0C01FB5D0E9023253F8221003EB82039B6887
S21400F0D008881A780023D21A18BF0122CDE9023315
S21400F0E002A94023D20125F01EFB01210090044B0B
S21400F0F00420044A00F0BAFB05B05DF804FB00BF2C
S21400F10093C1030044C3030007B5D0E9023253F8A5
S21400F110223003214022188825F0A3FA012100900E
S21400F120034B0420034A00F0A1FB03B05DF804FB88
S21400F13093C1030053C3030037B5C3688268053321
S21400F14052F8233004211D786A460123044625F030
S21400F1506FFA38B904200121064A00F087FB68469A
S21400F16024F016FB2B466A4600212046FFF78AFD50
S21400F17003B030BD6DC3030007B5D0E9023203EB20
S21400F1808201486853F8221002784023098832200A
S21400F19025F0BAFA01210090034B0420034A00F040
S21400F1A065FB03B05DF804FB93C103009EC3030038
S21400F1B070B585690446EA0705F0020605D476B1FF
S21400F1C0C5F3072025F006F809E01EB1B2210F4866
S21400F1D02BF067FAA069C0F3810024F0EAFFE36928
S21400F1E01BB9BA2109482BF05CFA204614F00EFC35
S21400F1F0E3693EB1607E9847AB0706D0BDE8704035
S21400F20024F0DCBF20469847F6E770BDB3C3030082
S21400F21008B514F0EFFE28B1BDE8084047210248C3
S21400F2202BF03FBA08BD00BFB3C303002DE9F04181
S21400F230FF2B04460F4690461D469DF8186005D0E5
S21400F240FF2E03D0D52111482BF02BFA0023FF2DDB
S21400F25018BFAD000E4A1CBF45F00105EDB2226096
S21400F2600C4AC4E9063818BFA561FF2EC4E901237D
S21400F2702361E76007D0A36943F0020323F47F43CA
S21400F28043EA0623A361BDE8F08100BFB3C30300D1
S21400F290DC3C0020B1F10000002310B5054C0361F2
S21400F2A00460054CC261C0E901430123C16083616B
S21400F2B010BD00BFDC3C0020B1F1000070B58669CF
S21400F2C0044606F00303032B0D4603D1FC21144825
S21400F2D02BF0E7F9FF2D16D0B20704D440F2011147
S21400F2E00F482BF0DEF9284624F012FCFF280546CE
S21400F2F004D14FF482710A482BF0D3F92DB204EBF7
S21400F3004514204670BDF307FBD5A36913F00C0F18
S21400F310F7D040F20B1102482BF0C3F9F1E700BF1B
S21400F320B3C303000023054AC0E906310361026047
S21400F330C360034A034B426083607047DC3C002096
S21400F340B1F10000D9390200014827F01CBA00BF0D
S21400F350DC3C0020014827F022BA00BFDC3C00203D
S21400F36013B50E4827F0E9F923F08EF926F0B2F926
S21400F37026F0D4F926F0DEF9FCF748FF0446FCF741
S21400F3805FFF2346009001210420054A00F06EFA34
S21400F39002B0BDE81040FCF73FBF00BFDC3C0020D9
S21400F3A046C40300022808B503D12BF073F9014BBD
S21400F3B0186008BD0C3D002008B50DF05BF9012271
S21400F3C0044B1A702BF0EFF9BDE8084002490348D9
S21400F3D0FDF7E4B8275C002028650020103D0020DB
S21400F3E0014B1870704700BF265C0020024B18784F
S21400F3F008B106F093B870477C6A002008B5074B42
S21400F4001B780BB1002008BDFFF7F0FF0028F9D1EC
S21400F41006F05EFC023818BF0120F4E7265C0020E8
S21400F42070B5FFF7EBFF174D20B1FFF78DFF0428EF
S21400F430044613D82B781BB92BF0B5F901232B7093
S21400F44023F030F90446D8B12B781BB9F7210E48C3
S21400F4502BF027F9BDE87040FFF776BF23F024F9BC
S21400F4600028E7D02B785BB12BF019F80646002170
S21400F470012029F07FFA30462BF00CF800232B7081
S21400F480204670BD275C002067C403001FB5FFF749
S21400F490C7FF0446FDF72CFAA04228BF204688B1D5
S21400F4A003A929F053FE034638B9CDE90000064A01
S21400F4B0039906482BF00AF918B18E2104482BF060
S21400F4C0F0F8012004B010BDA3260300EC3C002099
S21400F4D067C403000D4B70B51B780D4D0D4C012114
S21400F4E0002B0CBF2B46234602200B4A00F0BEF929
S21400F4F00A4B01211B780220002B0CBF2B4623460B
S21400F500BDE87040064A00F0B1B900BF7C6A002032
S21400F51061ED030080ED0300FDC40300265C0020BF
S21400F5201CC5030010B5D0E9023253F82230022081
S21400F5301B780121002B15BF01240024044A054A2C
S21400F54000F094F92046BDE81040FFF749BF00BF21
S21400F5503BC5030058C50300D0E9023253F82230F9
S21400F560034A1B78003B18BF01231370704700BF87
S21400F5707C6A002038B50125084B1D702AF08FFFE5
S21400F58004462946284629F0F5F920462AF082FF47
S21400F590BDE8384002490348FDF700B8285C002063
S21400F5A030650020383D002070B514F0A9FD10F03D
S21400F5B0070F1D4D11D02B785BB901262E702AF04F
S21400F5C06EFF04463146304629F0D4F920462AF02C
S21400F5D061FFBDE8704014F063BB25F0F4F9022823
S21400F5E003D1124B1B78032BE5D914F089FD18B90B
S21400F5F00E4B1B78032B14D814F052FB044600283D
S21400F600D9D02B785BB100262E702AF048FF05462D
S21400F6103146012029F0AEF928462AF03BFF204665
S21400F62070BD4FF0FF34ECE7285C0020AF60002090
S21400F6301FB5FFF7B9FF0446FDF75AF9A04228BFE9
S21400F640204688B103A929F081FD034638B9CDE9E3
S21400F6500000064A039906482BF038F818B18C21AA
S21400F66004482BF01EF8012004B010BD7D2B0300CB
S21400F670183D002077C5030010B5094C0949002045
S21400F68007F0FAFB23681B68587924F077FA23689A
S21400F6901B68587923F07BFA05F066F9002010BD48
S21400F6A09842002005C6030008B525F07CF90246FE
S21400F6B028B1BDE808400020014907F0DDBB08BDC1
S21400F6C028C6030008B525F084F9024628B1BDE82F
S21400F6D008400020044907F0CFBB5422BDE808408C
S21400F6E0FF2102480BF060BF40C6030018560020FA
S21400F6F038B504460D4625F070F9024628B1BDE837
S21400F70038400020034907F0B7BB034B23F81450DA
S21400F71038BD00BF5EC60300185600202DE9F34131
S21400F72000240C4E0C4DDFF838800C4F56F8043B86
S21400F7300BB9D8F8003035F8022B39460092002075
S21400F7402246013407F098FB2A2CEFD102B0BDE820
S21400F750F08100BF3C6500206C5600207AC603008E
S21400F7603865002008B52A21034825F02EF9BDE8A3
S21400F7700840FFF7D3BF00BF6C56002007B5D0E99E
S21400F780023253F822301A78292A0DD8084B53F83B
S21400F79022300BB9074B1B680749002031F81210BE
S21400F7A00091064907F068FB03B05DF804FB00BF54
S21400F7B03C650020386500206C5600207AC60300A1
S21400F7C008B52A21034825F002F9BDE80840FFF7EE
S21400F7D0A5BF00BF6C56002038B5D0E9023253F8FA
S21400F7E0221003EB82035B680C781D880020044916
S21400F7F007F042FB29462046BDE83840FFF778BFB1
S21400F80085C603002DE9F34100240C4E0C4DDFF8AD
S21400F81038800C4F56F8043B0BB9D8F8003035F852
S21400F820022B3946009200202246013407F024FBC2
S21400F8302A2CEFD102B0BDE8F08100BF3C65002065
S21400F840185600207AC603003865002010B5024618
S21400F85023F0B3F920B9044C236811B11343236095
S21400F86010BD23EA0203FAE7E86500200CB413B5DE
S21400F87002460C4623F0A1F960B9094B1B681A42F0
S21400F88008D005A9049801910AF090FD14B1054826
S21400F89025F0ACFE02B0BDE8104002B0704700BFD5
S21400F8A0E865002084C90300034610B5D3E9023298
S21400F8B053F8223008461C78211E18BF0121FFF796
S21400F8C0C5FF014648B9084A084B0220002C08BF6D
S21400F8D01346074AFFF7CAFF10BD00210220054A5B
S21400F8E0FFF7C4FFF8E700BF83B503007BB503004E
S21400F8F086C903009CC903002DE9F04105461F4652
S21400F9000C46DFF82C808E18B44201D1BDE8F08199
S21400F9100021284614F8013B069AFFF7A7FF002FA0
S21400F920F2D0424600212846FFF7A0FFECE700BFD2
S21400F93010BC03000021024A0248FFF7ADBC00BF1E
S21400F940C9F90000403D0020FF21014822F08EBE8C
S21400F950403D00200022034BFF2103481A7022F08E
S21400F9607EBE00BF295C0020403D002013B5114C30
S21400F9702378032B13D8009300230F4A18460F4909
S21400F98007F07AFA237842F21072002B08BF0022A2
S21400F990FF210B4802B0BDE8104022F04FBE002207
S21400F9A00849104607F068FA02B0BDE81040FFF7B5
S21400F9B0D1BF00BF295C0020ADC90300BFC903004A
S21400F9C0403D0020C9C90300F0B52B4D8FB02B7801
S21400F9D023B309A825F031F8022309A88DF82430AE
S21400F9E025F019F801AA06469446244B03F11007A1
S21400F9F0144618685968083303C4BB422246F7D138
S21400FA0005AA17461E4B03F1100E144618685968CF
S21400FA10083303C473452246F7D1E6B1012409A88A
S21400FA2024F0A7FF28B9BDF8243013F0020F18BF42
S21400FA3001242B781349002B4FF000034FF0A0024F
S21400FA4008BF1946204624F06EFF90B92B78013384
S21400FA502B700FB0F0BD614609A824F0DEFF002829
S21400FA60DCD1394609A824F0D8FF04460028D6D0B1
S21400FA70D4E7FFF77BFFECE7295C0020DC510400AD
S21400FA80EC51040000F8FF0710B50020324907F0DB
S21400FA90F3F908220020314907F0EEF9304B314ADD
S21400FAA01978314B0020002918BF1A462F4C3049D0
S21400FAB007F0E2F9002024F07CFB2368002B47D0F7
S21400FAC01B78022B44D900222A4B10462A4907F0FD
S21400FAD0D3F923F0B9F829490246002007F0CCF9FB
S21400FAE000F0D0F826490246002007F0C5F9236842
S21400FAF01B78032B2CD900F0D5F8224902460020AB
S21400FB0007F0BAF900F0DEF81F490246002007F0B9
S21400FB10B3F900F0DFF81D490246002007F0ACF903
S21400FB2000F0A4F81A490246002007F0A5F900F0F4
S21400FB30D7F8184C184954F82020002007F09CF9F4
S21400FB4000F024F9154954F82020002007F094F915
S21400FB50BDE8104024F032BBEBC9030007CA03001F
S21400FB602A5C002061ED030080ED0300D4410020F4
S21400FB702ACA030051B7030045B7030046CA03006C
S21400FB806ACA03008ECA0300B2CA0300D6CA0300BC
S21400FB90FDCA0300EC65002024CB030047CB03001E
S21400FBA008B5D0E9023253F82230187840B1002068
S21400FBB0074907F061F9BDE80840802000F034B836
S21400FBC0044907F059F9BDE80840802000F046B81F
S21400FBD06ACB030087CB0300D0E9023253F8223009
S21400FBE0034A1B78003B18BF01231370704700BF01
S21400FBF02A5C002018220021094BC3E900121A7B58
S21400FC000AB9084A9A601A7C12B94FF47A72DA81F5
S21400FC1040F6B8325A8200229A829A75704700BF20
S21400FC20603D0020E09304000A4B10B51B687BB1D2
S21400FC301B78032B02D8B0F5007F09D1064C236849
S21400FC40034323606368184202D02AF01EFDA08298
S21400FC5010BD00BFD4410020603D0020024A13685A
S21400FC6023EA000313607047603D0020014B1868CC
S21400FC70704700BF603D0020014B9868704700BF8A
S21400FC80603D0020024B9868FA23B0FBF3F0704703
S21400FC90603D00200122024B98601A73704700BF37
S21400FCA0603D0020024BD889FA23B0FBF3F0704782
S21400FCB0603D00200122024BD8811A74704700BFB5
S21400FCC0603D0020024B588AFA23B0FBF3F07047E1
S21400FCD0603D0020014B5868704700BF603D002023
S21400FCE02DE9F84300244FF00C08104B104F9D7D73
S21400FCF0104E3988E3B28B4202D32846BDE8F8831B
S21400FD0008FB03F3F05C06EB030924F059FA50B93C
S21400FD10FF21D9F8080022F0A9FC20B199F8053097
S21400FD209D4238BF1D460134E3E700BF603D00201A
S21400FD30226A002070660020124B10B51B68124C19
S21400FD40EBB11B78032B02D823689B0517D52AF046
S21400FD509CFCA38AC01A638A80B283423EBFD4E961
S21400FD6000329343236024F0A8FD08B1E08910BD5B
S21400FD702368002BFAD1FFF7B3FF0128F6D0A0685E
S21400FD80F5E700BFD4410020603D0020014B987D80
S21400FD90704700BF603D002038B504460D462AF087
S21400FDA025FD244B1B7813B1204622F048FF402C3B
S21400FDB027D006D884B13F2C18D0BDE8384024F0B0
S21400FDC0FDB94C3C0C2CF8D81B4B2341DB07F4D474
S21400FDD00220FFF743FFF0E74FF40070FFF73EFF07
S21400FDE00220FFF721FF154B1C71E6E74FF4007069
S21400FDF0FFF734FF0220FFF731FF00220F4B1A7186
S21400FE00DBE724F05EF90028D7D10C4C02202379DA
S21400FE1001332371FFF722FF4FF40070FFF704FF52
S21400FE202379AB42C9D322F00BFF0028C5D122F0BC
S21400FE30E0FEC2E72A5C0020FEEEFFFF783D0020D1
S21400FE4010B505F05FFB02280AD124F012FD034628
S21400FE5030B1BDE8104000220249104607F00CB849
S21400FE6010BD00BFD3CB03000021024A0248FFF7B3
S21400FE7013BA00BF41FE0000803D002038B50020C8
S21400FE8024F097F9124B1B6893B11B78022B0FD9FD
S21400FE9005F038FB022816D10E4C2568FFF74CFFFC
S21400FEA0A842206008D0FF2122680B4822F0C6FB3B
S21400FEB0BDE8384024F082B9FF21074822F0D6FB7F
S21400FEC00028F5D1EFE7FF21034822F0C8FBEFE753
S21400FED0D4410020783D0020803D002002460249A3
S21400FEE0002006F0C9BF00BFE7CB030010B5234CC7
S21400FEF02348FF2122F0B3FB207802281ED00328D7
S21400FF002ED0012804D02120BDE81040FFF7E6BF20
S21400FF101C4B19780029F7D002231B4A237013784C
S21400FF20052B0EBF00230133DBB29942137003D1B9
S21400FF30052313700020E7E7052BFBD0124B1B7838
S21400FF40052B02D103232370DDE7104A104932F84F
S21400FF50230007F085FC032323700028D4D110BDAE
S21400FF60094B0C4A1878094B03EB8001897833F863
S21400FF70200007F045FC0123EEE700BF2B5C0020C5
S21400FF80A03D0020345C00207E6A0020C056002081
S21400FF9075010100210101002DE9F04F0D461446C0
S21400FFA095B00490112200210FA89946DFF86C81C5
S21400FFB00BF0FAFA04EB45030393D9F800301C2B38
S21400FFC002D0039B9C4202D115B0BDE8F08F0123FE
S21400FFD0DFF844A18DF81C3023884C4AADF81E305B
S21400FFE09AF800304A4D08EB83039B7828788DF802
S21400FFF0203013688DF81D00CDF821305368CDF8F9
S214010000253024F0DDF8049B8DF829002188287816
S214010010002B4AD123F0A3FD002844D09AF80030E3
S2140100200FAA38F8230007A922F018FE00283AD0B4
S21401003023F0C2FB4FF0000B074606461C255FFA6D
S2140100408BF2974234D8B7422BD99DF81C30032B3C
S2140100501AD10FAB0193BDF8213000220421009381
S21401006001202C4B06F08EFD9AF8003008EB830336
S2140100709978274B187806F001FE9AF80030002090
S21401008038F8231023F0F1FF5DB107A9304624F0BC
S214010090E2FB214B05461B78304638F8231024F046
S2140100A0DCFBC9F80050023487E723F04FFDB3E7C5
S2140100B010460BA9059224F0CAFB30B99DF82C1006
S2140100C031B9059AB74208BF16460BF1010BB6E7E0
S2140100D0BDF82E00BDF81E209042F6D19DF83000E6
S2140100E09DF820209042F0D19DF81C208A42ECD148
S2140100F0032A14BF082202220DF121010DF131005D
S2140101000BF09EFD002808BF0025DEE72C5C0020D2
S2140101107D6A002064CE03007E6A0020C05600205F
S21401012013B503460020114A9C6812780190052AEF
S21401013003D01B78032B00D12CB9012002B0BDE8F7
S2140101401040FFF7CBBE6268217801ABFFF724FFB2
S214010150217A0120E26801ABFFF71EFFFF21044868
S21401016002B0BDE8104022F072BA00BF7E6A0020DD
S214010170A03D0020094B1B78052B02D00378032BEA
S21401018002D00120FFF7AABE8168054A0B68054820
S21401019013604B68FF21536022F059BA7E6A002033
S2140101A02C5C0020A03D002038B50024114B124DD8
S2140101B01870124BFF211C702C7006F05FFD012297
S2140101C0032110460E4B06F0DDFC4FF6FF7122466A
S2140101D0084623F04DFF044648B940F6B832FF21E1
S2140101E0084822F02BFA01232B70204638BDFFF772
S2140101F075FEFAE77D6A00202B5C0020345C002047
S21401020024FF0300A03D0020144BF0B51A681449E2
S21401021013680978587988420BD11249D78808465D
S2140102200022114D1E792B78D4B2A34203D8052C97
S2140102300AD10020F0BD0C88BC4202D18C78B442B1
S214010240F7D001320431EFE7A342F2D120F8227051
S214010250013300EB820086702B70EAE7984200209B
S2140102607D6A0020C0560020345C0020FF2307B5BD
S2140102700021044A04480093FEF7D8FF03B05DF856
S21401028004FB00BFEDFE0000A03D00201FB5B42317
S21401029003210446ADF80E3023F058FC98B1212313
S2140102A020460093002203210DF10E0323F0FDFDED
S2140102B004460020054B064A0649009406F0DCFD7C
S2140102C0204604B010BD8624F3E700BF11CC03001E
S2140102D01ECC030033CC0300D0E9023253F822309F
S2140102E0034A1B78012113700220024AFFF7BEBAA7
S2140102F0966A002042CC03000122014B1A70704717
S214010300966A00200A4B90F805111B7890F8082190
S21401031019448A42BCBFB2FBF3F103FB11234FF031
S214010320FF32B8BFDBB202FA03F380F80A31704736
S214010330966A00202DE9FF410446057F867EDFF898
S21401034070806E43237F98F8002013449D4212DB91
S214010350607F60B9238B029363690193237C0093CA
S2140103606288A31D217805F095FDFF2323700020E8
S21401037004B0BDE8F081E37EAB42E9D9A77E228BCB
S214010380F1199142A4BF921BD7B205EB0323E38177
S2140103903A4633462946204622F07AFC0028E7D121
S2140103A0637F3744013301356377BEB2EDB2C9E7E7
S2140103B0966A002037B5054624F07BFA0D4B0446B5
S2140103C01B6869461B78032B82BF0B4B1B881B18C7
S2140103D0284688BF9CB224F0F4FA38B9684624F05F
S2140103E06AFA18B9044B1B8823449CB2204603B012
S2140103F030BD00BFD4410020266A0020084B1B7880
S214010400FF2B0BD1074B1B78FF2B07D1064B1B7815
S214010410022B03D04FF48070FFF720BC704700BF5B
S214010420F4650020F03E0020C03D002010B50446D3
S214010430FF2122F014F9054B9C4202BF0023A4F5CC
S21401044088742370BDE81040FFF7D8BFD03E002067
S2140104502DE9F0479A462A4B81461B788846164670
S214010460BDF82050002B49D0FF2D3ED9382528460F
S214010470BDE8F087234B0C223146A01D636184F84A
S2140104800090A4F802800BF0E1F8A289414642F4FC
S214010490004242F040022046A28122F00BFC2A468E
S2140104A0514660690BF0D2F841464846A21D2583A5
S2140104B023F053FFA0760028D8D00544013DB5FBB4
S2140104C0F0F0FF28D2DC0023E0762046A383FFF776
S2140104D031FF054680B923794FF48070B372FFF778
S2140104E0A3FB227C099B1A80C1E7074C2778FF2FC4
S2140104F0C0D040F60345BAE72770F2E70225B6E713
S214010500966A0020365C0020F03E0020B0F90630E6
S21401051010B5002B25DA144C2278237CFF2A02D052
S214010520827A9A4207D0114C2378FF2B17D0827A11
S214010530237C9A4213D169B9637F013BDBB26377AF
S2140105405BB90B4A237F1278204613442377FFF7C3
S214010550F1FE0146204622F0BCFBFFF74FFF0120CB
S21401056010BD0020FCE700BFF03E0020F46500202F
S214010570966A00202DE9F04F9A46B1F9063091B0FF
S214010580002B0D461746DDF86880049080F229811D
S214010590B8F80030FF2B04D94FF4B871A6482AF0FA
S2140105A080F8A64B00241A7893F80401B3F80211D8
S2140105B0002A40F0A5802E7AA14A1278B24240F273
S2140105C0AF800222A3F802711A70AA7AFF2483F878
S2140105D004210022A3F8084183F80521A3F8062187
S2140105E0B8F80020954883F80C21FFF78BFE3846B3
S2140105F0FFF7E0FE214600EB4002924822F01EF88B
S2140106004FF48070FFF710FB8C4C94F80A91B9F107
S214010610FF0F20D18A4A94F8053112781344B34269
S21401062019DC94F80C1184F80531B4F8063120462B
S21401063001FB0233A4F80631FFF764FE0122824B68
S21401064038461A70FFF7B6FE494600EB400204F53D
S214010650887021F0F3FF94F80531B34260D8DFF8D3
S214010660E0B19BF800C00CEB0302964258DA7649DB
S21401067094F808210878013A002853D0964205DA02
S214010680B8F8002084F80C2100220A70B6FBFCF9A9
S21401069001220CFB196994F80A015FFA89F902FA3A
S2140106A009F2D1B2024076B92889000A844584F855
S2140106B0080108D92046CDE906210593FFF722FE59
S2140106C0DDE90621059B94F80A01014384F80A1125
S2140106D082B994F80921B4F806C1013284F80921D7
S2140106E0B8F80020DAF800100CEB0200FF2826DD2F
S2140106F00323237094F80831013B9E4230D138E041
S214010700AE7A864202D18F4200D11C462E7A002C48
S2140107107FF47BAF002A3FF44FAF012A3FF44CAF82
S21401072001205FE09642B1DA94F80C1198F80020A7
S2140107309142ABD004F58870FFF778FEF0E794F8A5
S2140107400CE1F31A0EFB03C3A01C10FA83F005920A
S2140107500AF07CFF94F80831059A013B9E4244D08A
S214010760012394F80A2103FA09F3013B1343FF2BF3
S21401077004D122462946384622F09DFA94F80831DB
S21401078094F809219A42CBD19BF80030B2FBF3F1E1
S21401079003FB112212F0FF0218BF13462278022A29
S2140107A026D1264A023410785178012804BF013137
S2140107B05170012224F8022CEA88B4F8041122F0C0
S2140107C04002EA8094F809210A44591E94F80A3135
S2140107D013FB01F31344A8F80030CAF80040FFF7F2
S2140107E00DFE002011B0BDE8F08F84F80B21C0E7A4
S2140107F06979002994D0032A92D1B4F8062194F895
S2140108000B1108AE11445A1E94F80C31284613FBFE
S21401081002F30B4400219BB2A21CA8F80030CAF8D0
S2140108200020CDE900710296049907F005FD8921A3
S214010830304623F08FFD7DE769CC0300C03D0020E4
S214010840966A0020D03E0020355C002013B5044691
S21401085018B101280BD002B010BDFF23014600934A
S214010860064A0748FEF7E2FC064B1C70F3E7FFF763
S21401087043FDFF22044B1A70EDE700BF2D04010073
S214010880D03E0020C03D0020F03E002013B501A957
S21401089009F04AFE044648B9BDF806309DF8042022
S2140108A0034906F0E9FA204602B010BD8120FBE7B5
S2140108B000CD030013B5694609F042FE044688B927
S2140108C0BDF802309DF80020074906F0EFFA2046F1
S2140108D0019906F043FA2046044906F0CDFA20466F
S2140108E002B010BD8120FBE724CD03004ACD0300F2
S2140108F037B5694609F048FE044618BB9DF8013035
S2140109009DF80020104906F0D1FA104D9DF80120FF
S214010910E3B29A4206D800200D4906F0ADFA00204F
S21401092003B030BD0198630003F4FF730222002177
S214010930184423F028FC29460246002006F0B6FAA1
S2140109400134E3E78120EBE74CCD03007BCD0300C8
S21401095024FF030013B501A909F0ECFD044648B9CC
S214010960BDF806309DF80420034906F085FA2046B6
S21401097002B010BD8120FBE785CD030030B5002411
S2140109800B4D85B06946E0B223F061FF50B99DF882
S2140109900030032B06D12946BDF805309DF801200D
S2140109A006F06AFA0134202CECD105B030BD00BF48
S2140109B0ACCD030008B50020034906F05DFABDE89A
S2140109C00840FF2000F0DEBABECD03002DE9F04F4F
S2140109D085B006460D46174622F0BBF9044640B1DF
S2140109E030463A46294622F09EF9002005B0BDE879
S2140109F0F08F4FF003094FEA15285FFA84FA69462B
S214010A00504623F024FFB8B99DF800B0BBF1000FA3
S214010A1012D1694650468DF800908DF805508DF834
S214010A2006808DF8016023F016FF02460028D7D015
S214010A305846064906F020FA0134202CDDD1002064
S214010A40034906F019FA8920D0E700BFD3CD030089
S214010A50FACD03001FB5002304468DF80F3022F0AF
S214010A6063F928B19DF80F3063F07F038DF80F30DE
S214010A70182301930DF10F03002200930421402354
S214010A80204623F001FA024618B10020024906F07A
S214010A90F3F904B010BD00BF15CE03001FB502A9BF
S214010AA009F060FD044688BBBDF80820184906F029
S214010AB0FDF92046039906F051F92046154906F03E
S214010AC0DBF94FF6F672BDF80810134C4B1E9BB2BD
S214010AD0934219D82368039A1B685879FFF776FF63
S214010AE023681B79012B0BD8BDF808300022CDE90D
S214010AF000030421094B092006F044F823F024FCE6
S214010B006FF0FF0004B010BD8720E9E78120F9E708
S214010B1034CE03004ACD0300984200204BCE03009A
S214010B2070B504468AB005AD1122002128460AF0A8
S214010B303BFD204604A909F009FD044600283AD1E8
S214010B401E4EBDF810201E4906F096F9326813793C
S214010B50012B28D84FF6F670BDF810104B1E9BB22D
S214010B60834224D81368587922F0F3F808B333681F
S214010B702A461B68BDF81010587922F0D3F8BDF844
S214010B80103001220421CDE9004309200D4B0295C6
S214010B9005F0F8FF23F0D8FB034620B100200A4AEF
S214010BA00A4906F069F96FF0FF000AB070BD8724A4
S214010BB0E5E78B24E3E78120F7E700BF98420020B2
S214010BC04ECE030063CE030067CE030072CE030051
S214010BD02DE9F0479AB004A909F0D0FC0446002894
S214010BE040F0B5809DF810205B4906F05FF9254678
S214010BF05A4E9DF81020EBB29A4254D8002058491C
S214010C0006F03AF99DF81050002D40F099802C46D8
S214010C102E46544F06A9F0B223F019FEC8B99DF826
S214010C201830032B15D13B689DF819201B685B799A
S214010C309A420ED19DF81D2005F168036B4403F816
S214010C40402C9DF81E200235013403F83F2CEDB2EE
S214010C50E4B20136202EDDD19DF810300BB1002C08
S214010C6077D00AABCDE90143FF230222042100938A
S214010C7009203D4B039505F085FF23F065FB0346F0
S214010C8060B19DF81020002A5FD0384A3849002C00
S214010C9008BF0A460020374906F0EEF86FF0FF005D
S214010CA01AB0BDE8F08705986B0003F4FF730222C3
S214010CB00021184423F067FA31460246002006F068
S214010CC0F5F8013595E70598730003F4FF730222E2
S214010CD00021184423F057FA002780465FFA80FA6D
S214010CE006A9F8B223F0B3FD00BB9DF81830032B1C
S214010CF01CD1D9F800309DF819201B685B799A42FF
S214010D0014D19DF81D30534510D19DF81E30C8F3FF
S214010D1007229A420AD105F168036B440235013471
S214010D2003F840AC03F83F2CEDB2E4B20137202FB4
S214010D30D6D101369DF81020F3B29A42C3D88BE77C
S214010D400025DFF820902E46F4E7084AA2E7812026
S214010D50A6E78B20A4E700BFCCCE03007BCD030023
S214010D6024FF030098420020EBCE03009DCE030033
S214010D70BBCE0300EFCE03002DE9F04389B002A9F4
S214010D8009F0EAFB0446002867D1BDF8082034497B
S214010D9006F072F84FF6F672BDF80850DFF8D490F8
S214010DA06B1E9BB2934254D8D9F8003029461B6873
S214010DB05F79384621F0CDFF00284CD026465FFAF1
S214010DC086F8404603A923F042FD28B9294638464D
S214010DD003AA21F0ABFF20B90136202EEFD14FF048
S214010DE0FF08404623F031FD014658BB112203A8F7
S214010DF00AF0DAFB2946384603AA21F094FFD9F80F
S214010E0000301A79012A18D81B68BDF808105879DD
S214010E1023F07AF9BDF8083003220421CDE9004316
S214010E200920104B05F0AEFE23F08EFA034620B1E2
S214010E3000200D4A0D4906F01FF86FF0FF0009B0BB
S214010E40BDE8F08302460A49002006F015F80124A1
S214010E50D5E78724D3E78B24D1E78120EFE700BFCE
S214010E6011CF03004BCE03004FCF030072CE030019
S214010E7028CF0300984200202DE9F043DFF8948044
S214010E800020D8F8003021491B688BB05E79002518
S214010E9005F0F2FF01275FFA85F9484601A923F01C
S214010EA0D6FC044690B99DF80430032B0ED19DF86C
S214010EB00530B3420AD1484623F0C7FC0146A0B12B
S214010EC002461349204605F0D7FF27460135202D57
S214010ED0E1D1D8F8003000211B68587923F014F9C5
S214010EE087F001000BB0BDE8F083112205A80AF0D7
S214010EF05BFBBDF809403046214605AA21F013FFE9
S214010F002146304623F000F9E0E700BF5CCF03003E
S214010F1028CF03009842002037B5694609F028FB20
S214010F20044638BBBDF80020134905F0BFFF134D3A
S214010F302046019905F012FF2046114905F09CFF55
S214010F402B681B68587923F0EEF970B14FF6F672EC
S214010F50BDF800104B1E9BB2934209D82B68019A2C
S214010F601B685879FFF732FD0446204603B030BDB2
S214010F708724FAE78120F9E770CF03009842002022
S214010F804ACD03007FB505460024E6B269463046E1
S214010F9023F05DFCA8B99DF80030032B11D19DF814
S214010FA00130AB4204D0FF2D0BD19DF80D3043B973
S214010FB0304623F04AFC024618B10020034905F0EA
S214010FC05BFF0134202CE0D104B070BD28CF0300B4
S214010FD0034B1B681878012808BF0220704700BF22
S214010FE0D4410020D0E9023253F822301A78024B5D
S214010FF01A7000F0E7BA00BF355D002070B5D0E981
S21401100002456B1EDBB254F8230003221B490AF08B
S21401101017FE54F8253004EB8504197863681A78AE
S214011020A2F10B030F2B05D915490020BDE870402E
S21401103005F022BF01290FD1124C9140236840B917
S2140110400B43114A23600020BDE870400F4905F0AC
S21401105013BF23EA0103F4E702290CD101230C494B
S21401106003FA02F20B6818B913430A4A0B60EAE75F
S21401107023EA0203F9E70A460749D6E794CF0300B5
S21401108098CF030018660020AECF0300B6CF03004A
S21401109014660020C9CF0300D3CF030007B5D0E9FB
S2140110A0023103EB810253F821300B491B78526859
S2140110B0012B0A4B08BF0B4612684FF000001A605E
S2140110C00092074A074B084918BF1346074A05F01E
S2140110D0D3FE03B05DF804FB1866002014660020FA
S2140110E0EECF0300E6CF0300F8CF03000C52040056
S2140110F038B5254A254B264C0020264905F0BCFE6E
S2140111000020254905F0B8FE22682449002005F094
S214011110CDFE2068224C234D05F088FE2146002096
S21401112005F0AAFE2A682049002005F0BFFE2868BF
S21401113005F07CFE2146002005F09EFE1B4B1C4957
S2140111401A781C4B002053F8223005F095FE00F06B
S2140111500DF919490246002005F08EFE174B0020B6
S2140111601A78174905F088FE164B17491A78002099
S21401117005F082FE04F0C6F9BDE838400246134980
S214011180002005F079BE00BF0C52040012D0030007
S2140111901866002019D0030021D003002FD00300C9
S2140111A092B603001466002040D00300635D002061
S2140111B051D003001C66002064D00300485D002067
S2140111C078D00300475D00208AD003009CD003003E
S2140111D007B500F071F8054B0090054A0020054957
S2140111E005F04AFE03B05DF804FB00BFB2D0030071
S2140111F00C52040033CC0300F8B504460B4F0C4EDA
S2140112000C4D00200C4A0D4905F036FE20463B7871
S21401121029783278F4F7A4FF00233B7033702B70E3
S214011220FF21BDE8F840064821F019BA635D0020A9
S214011230475D0020485D00200C520400B7D0030033
S214011240103F002037B51248FF2121F008FA114B54
S214011250187810F0100505D0002003B0BDE8304026
S21401126003F01CBF0121B42004F0C6FA04460A4B61
S2140112700A4A0B490090284605F0FEFD2046FFF776
S214011280BBFF4FF4806003B0BDE83040FEF7E6BC1C
S214011290103F0020635D0020CED003000C520400F6
S2140112A033CC03000021024A0248FDF7F5BF00BF18
S2140112B045120100103F002008B5054B1B7823B1ED
S2140112C01720FFF799FF002008BD0220FCE700BFAA
S2140112D0635D002010B550B1054B00F1100250F8C7
S2140112E0044B904243F8044BF9D1024B197010BDE0
S2140112F0495D0020595D002037B5174D04462B780F
S214011300DB0626D50090154B0020154A154905F039
S214011310B3FD1E2C0BD0652C09D0032C19D0002050
S21401132023F00DFB40F61C40FFF766FF0DE023F0AF
S2140113302EFB4FF4FA63B0FBF3F202FB1300C21864
S214011340FF21094892B221F079F92B7823F0100396
S2140113502B7003B030BD00BF635D0020E7D00300F3
S2140113600C52040033CC0300103F0020014B1879C7
S214011370704700BFD456002070B54C4E8EB03378FF
S21401138003F0FB02A3F10905022AEDB258D0042BA3
S21401139041F6041257D0A3F108014B424B415B00C2
S2140113A013434348ADF80C3021F003FD48B9414BD7
S2140113B03F4A03F1100153F8040B8B4242F8040B29
S2140113C0F9D13D4B1B78002B3FD03C4B0DF10E0263
S2140113D003F1100153F8040B8B4242F8040BF9D1C8
S2140113E003A823F0CCFA2328044610D1012D49D8AE
S2140113F00020334A334905F03FFDBDF80C3003A801
S21401140023F40053ADF80C3023F0B9FA0446002C4F
S21401141041D14FF40C7023F0B0FA044600283AD1BB
S21401142003F0FAFE012D36D8274A01AB1068516841
S21401143003C3264901A823F0FEFA78B319242AE04B
S21401144043F60412A7E70223AAE73378042B0DD04C
S214011450082B0BD01E4B0DF10E0203F1100153F8B1
S214011460040B8B4242F8040BF9D1B9E7104A0DF18F
S2140114700E0302F1100152F8040B8A4243F8040BE2
S214011480F9D1ADE7337803F0FB03022B03D100203B
S214011490104905F0F1FC20460EB070BD044901A8C4
S2140114A023F0C9FA04460028C8D1F4E7635D00209A
S2140114B0375D0020B4D10300595D0020495D00204E
S2140114C00C5204000BD10300C5D10300FC510400EB
S2140114D0CED1030066D1030070B5002686B004465F
S2140114E0252023F032FA1622002116480AF05CF86D
S2140114F0154B1E60154B1878FFF76AFD022814BFBE
S2140115000123042303208DF8083023F06CFA04230A
S2140115108DF810300E4B02A80593039403F030FDAE
S21401152005460C4B0C4A19680C4B3046A14208BFC5
S214011530134600940A4A0B4905F09EFC284606B05D
S21401154070BD00BFD4560020303F0020635D0020F0
S2140115503918010018660020E6CF0300EECF03001D
S2140115600C520400DFD1030008B5134A1378042B8C
S21401157009BF124B01331B78C3F10603DBB21370AC
S21401158003F0FD02092A04D11720FFF735FE1720C4
S21401159008BD0A4A1278002A14BF052206229A427A
S2140115A007D1074B18680028EED0FFF795FF4D20AE
S2140115B0EEE70020ECE700BF635D0020595D0020E8
S2140115C01466002073B51E4C1E4E23683268134302
S2140115D034D01D4B1B6853B31C4D2B783BBB03F01B
S2140115E091FFF8B94FF48060FEF71EFB184B246894
S2140115F01B7894B1C3F102032B7003F047FD20461C
S214011600FFF76AFF04460020124B134A1349009461
S21401161005F032FC204602B070BDC3F10603346803
S2140116202B70EAE70121B42004F0E6F8EAE700208F
S214011630094A0B4905F020FC0224E4E70224E9E705
S2140116401866002014660020D4410020635D002047
S214011650595D002027D203000C52040033CC03004E
S2140116600DD203002DE9F347384D394E00202A7973
S2140116702B88384905F000FC3268287922FA00F0F8
S21401168010F0010002D1344905F0F6FB334F3C78E7
S2140116903CB10822324933480AF0D2FA041E18BF78
S2140116A00124DFF8DC80DFF8A490DFF8B4A014E0B2
S2140116B098F8000049460130C0B288F8000023F0CF
S2140116C036F9002835D13C783CB1082251462548E8
S2140116D00AF0B6FA041E18BF01242A793368D340EB
S2140116E0DB07E5D5002CE3D100922B881E4A1F4963
S2140116F0204605F0C1FB1E4B1878FFF769FC012355
S2140117000322124923F019F91A4A054613780133C0
S214011710137010B902B0BDE8F08720462B46124A76
S214011720154905F0A9FB284602B0BDE8F047FFF7CA
S21401173063BD0020114905F09FFBFFF715FF002848
S214011740E8D102B0BDE8F04700F01CB8D45600203E
S214011750303F00202DD203005ED20300625D0020E0
S2140117605A5D0020E25600200C5204002DD30300DF
S214011770635D0020475D0020CED20300F7D2030050
S214011780365D00202DE9F041214C224D23780020C2
S21401179055F82330204A214905F06EFBFFF7ECFD92
S2140117A003461D4E1E4FDFF874802BB92378042B99
S2140117B015D8B3B91B4B15E032463946002005F063
S2140117C05BFBFFF7D1FE00BB2378324655F823308A
S2140117D0414605F051FBFFF7CFFD0346E5E7092B30
S2140117E0E8D1114B00201B68104A11491360114BB8
S2140117F0187023F09CF820B1BDE8F0410120FFF7F6
S214011800FBBCBDE8F041FFF72DBFBDE8F08100BF8E
S214011810635D00201C6600200C5204004DD30300BB
S2140118205AD303001466002018660020303F0020BB
S214011830D4560020365D002070B51C4C23789BB32F
S214011840838913F4407F2FD0056835B12A46BDE859
S21401185070400020164905F00FBB23F066F8154EC0
S21401186003463070144A2846144905F005FB3378C0
S2140118701BB1BDE87040FFF785BF2378082B0CD855
S214011880042B0CD80E4B1B78C3F1060323700D4BAB
S214011890BDE870401868FFF71FBE0A2BF2D1BDE8FD
S2140118A070401820FFF7A8BC70BD00BF635D002024
S2140118B085D30300485D00200C520400B2D3030018
S2140118C0595D00201466002030B5464D0346044697
S2140118D0454A0020454987B005F0CEFA2B782BBB48
S2140118E001A823F0AAF8022301A88DF8043023F0FA
S2140118F092F8B0B93E4901A823F08FF888B1152CAB
S2140119000FD123F044F847F23153B0FBF3F202FB58
S214011910130000F51C50103080B203F0BFFB07B077
S21401192030BD162CFBD103F0F3FBF8E7152C2AD1BA
S21401193000202D4A2F4905F09FFA2B78042B11D051
S214011940082B0FD02C4B1B78DA070BD401A823F0F9
S21401195010F818B9BDF804309B0703D42B7843F070
S21401196010032B7023F013F84FF4FA63B0FBF3F275
S214011970FF2102FB1300C218204892B207B0BDE84F
S214011980304020F05BBE23F034F804460028C6D170
S2140119902B78013B092B1ED8134A194905F06CFA1E
S2140119A0184A194913780133D8B2107022F0BFFFD4
S2140119B060B12046154905F05FFAFFF7D5FD00280E
S2140119C0ADD107B0BDE83040FFF7DCBE07B0BDE8DB
S2140119D03040FFF747BE40F61C4007B0BDE8304038
S2140119E0FFF70ABC635D00200C520400D6D3030047
S2140119F0FC510400EDD30300355D0020103F0020AC
S214011A0000D40300365D0020D4560020F7D2030030
S214011A102DE9F0410B4686B004460E4617463A4974
S214011A200246002005F028FA4FF000080123CDE910
S214011A3001380DF116030093424640230621204645
S214011A4022F057FA054640B102463049404605F0B5
S214011A5013FA284606B0BDE8F0819DF816202AB98B
S214011A6036B900202A4905F007FAF2E7012EF8D028
S214011A7082F00103002027498DF8173005F0FCF9A4
S214011A809DF817300DF1170633B310230022CDE968
S214011A90006306214023204622F0F6F9064630B1BF
S214011AA0324600201C4905F0E7F93546D1E74FB923
S214011AB00821204622F04AF820B120469DF817104A
S214011AC022F023FB0521204622F040F80028C0D052
S214011AD0204622F017FBBCE74FB90821204622F02A
S214011AE035F820B120469DF8171022F00EFB102382
S214011AF00022CDE9006306214023204622F0C4F9E6
S214011B0006460028DED0CBE72FD603004BD60300CF
S214011B1064D6030084D60300A4D60300002208B5C9
S214011B20034B11461B681B685879FFF771FF08BD08
S214011B309842002008B5044B00221B6801211B684F
S214011B405879FFF765FF08BD9842002008B5044B99
S214011B5000221B6802211B685879FFF759FF08BD50
S214011B609842002010B50123002488B001A88DF802
S214011B700430CDE90244F5F7E3FC20469DF8042045
S214011B80124905F079F92046039A114905F074F9CE
S214011B902046029A0F4905F06FF910220E4B0DEB05
S214011BA00201188840F0604040F48010FBF744F9C9
S214011BB020460A4905F07AF904A822F026FB2046B9
S214011BC0074905F059F908B010BD00BFBDD603009E
S214011BD0DCD60300FBD60300BC5104001AD7030071
S214011BE024FF030008B521F015F90020024905F08D
S214011BF043F9012008BD00BF37D703000023054A7B
S214011C008360C360044BC0E9002311B14FF6FF7334
S214011C100B807047491015B20230021110B5044608
S214011C2060B10020064905F027F9052C06D002F020
S214011C30CBF904490246002005F01EF9012010BD2B
S214011C404BD703005CD7030037B500216A4601ABCA
S214011C50054621F0A0F9044668B100220F49104656
S214011C6005F00AF902F0B0F90D490246002005F028
S214011C7003F903B030BD0B4905F0FEF8012020F052
S214011C80DFF801F099FF431C02D007F09DFFF0E753
S214011C9021462846FFF7A6FFEBE700BF85D70300DE
S214011CA05CD70300CDD7030038B5054601F084FFA5
S214011CB0044622F0F3F94DB100200E4905F0DCF898
S214011CC0631C14BF2046002007F040FF21F0B0F847
S214011CD00228044605D0012805D10020064905F052
S214011CE0CBF8204638BD0020044905F0C5F800248D
S214011CF0F7E700BFEAD7030004D803001DD80300A6
S214011D0008B50020034A044905F0B6F8BDE80840C6
S214011D1000F050BDC7E7030036D8030008B5002021
S214011D20034A044905F0A8F8BDE8084001F0CAB91D
S214011D3055D8030036D803001FB5D0E9023253F850
S214011D40223068461C78214601F0D0FB684601F037
S214011D5073FC28B92246044905F08EF804B010BD7C
S214011D606846FFF771FFF9E75BD8030000200149D9
S214011D7005F082B877D803007FB50DF1060102A8F9
S214011D80FFF73CFF0020264905F076F80020BDF855
S214011D900820244905F070F80020BDF80A202249E1
S214011DA005F06AF8039A0020204905F065F800203E
S214011DB01F4905F07BF84FF6FF73BDF806209A42DF
S214011DC029D000201B4905F057F800201A4A1B4964
S214011DD005F052F800201A4A1A4905F04DF800227B
S214011DE01949104605F048F80020154A174905F02C
S214011DF043F80A220020164905F03EF80A22002080
S214011E00144905F039F80A220020134905F034F880
S214011E1007B05DF804FB0020104905F02DF8D4E763
S214011E2086D803009ED80300B7D80300D0D8030095
S214011E30E9D80300F4D60300E0930400FFD80300BA
S214011E40C02709001ED903003DD903005CD9030051
S214011E507BD903009AD90300B8D90300FCD8030044
S214011E6008B50020034905F007F8BDE80840012041
S214011E7001F0FAB9D6D9030008B50020034904F0E9
S214011E80FBFFBDE80840002001F0EEB9EFD90300E2
S214011E9030B5104B104D1B5C85B08DF80F302B788C
S214011EA00446834206D00D4B0D4953F820200020EE
S214011EB004F0E2FF30232C700A4801930DF10F0362
S214011EC00093062280231921007821F0DDFF05B05A
S214011ED030BD00BF235204006B5D00203052040069
S214011EE007DA0300806A00201FB5232303900193BD
S214011EF0064803AB0093012280231921007821F0C4
S214011F00C3FF039805B05DF804FB00BF806A00209C
S214011F1073B5164D04462B78154ECBB120F0A9FFAC
S214011F20012815D0346040F6B244124B1B78072BBB
S214011F3017D02D78C5B920F09CFF031E18BF0123CA
S214011F400D48009522461921007821F021FB03E077
S214011F5000233360002CE8D1201E18BF012002B0F8
S214011F6070BD02250123EBE70025FBE7685D002035
S214011F70343F00206B5D0020806A002008B50448CD
S214011F80FFF7C6FFBDE808400220FFF781BF00BF8C
S214011F90C027090010B5064C208822F0B7F86088E3
S214011FA022F0B4F86068BDE8104022F0BEB800BF69
S214011FB0383F00207FB523238DF813300DF113032E
S214011FC0029304230648019305AB00930122802364
S214011FD01921007821F08DFF059807B05DF804FB04
S214011FE0806A00202DE9F047DFF84C91044699F805
S214011FF0000090460F4621F08BFD0B2899F8002033
S21401200005D9BDE8F04700203F4904F035BF00265A
S2140120103E4B3F4D1E803F4BDFF820A103EB0013E4
S2140120205B8801202B802A7104F04EFE05F0F6FE37
S21401203004F04AFE204604F047FE0123042C8AF8E9
S21401204000300BD8022C45D89C4216D02346BDE85A
S214012050F0470020304A314904F00EBF062CF5D176
S21401206030462F4904F008FF384604F02DFEFFF7EE
S21401207091FF97B18AF800600FE04FF6FF76294F7F
S2140120803888801B18BF012004F01EFEFFF782FF70
S2140120903888B04201D022F039F819236B8099F8BC
S2140120A0003000202B71204B1B786B71EB8843F0BE
S2140120B04003EB801D4B198821F0D7FF034620B162
S2140120C0224600201A4904F0D7FE4046BDE8F047F4
S2140120D0FFF71EBF304604F0F7FDFFF75BFFFFF783
S2140120E069FF22F022F8134B1B78002B0CBF3F2010
S2140120F0202004F0E9FD042CCFD14FF4806022F0BB
S21401210005F83220C7E700BF1ADA0300F8560020A8
S214012110FC56002008410020D4C7030066DA0300FD
S21401212049DA0300EC5600207F6A0020206A00206E
S2140121307FDA0300675D0020806A0020685D00206A
S21401214038B5044605200D46FFF7A2FE184B1A883F
S2140121504FF6FD739A4207D10020164904F08CFE13
S214012160BDE83840FFF70ABF65B1134A137801335B
S214012170DBB2092B137014D90A2200200F4904F090
S2140121807BFEEDE7012C0ED10B4B1D700C490D4863
S214012190FFF734FDBDE83840002101200A4AFFF769
S2140121A021BF012CF2D0BDE838400748FFF7B0BE8A
S2140121B0206A0020B9DA03006A5D0020E4DA030031
S2140121C0EC560020383F0020E093040008B506498D
S2140121D0002004F051FE0548FFF736FDBDE8084033
S2140121E000210846FFF7ACBF28DB0300383F00207C
S2140121F0814237B50346154608D2002000910F4AA2
S2140122000F4904F039FE002003B030BD0C1A2246F7
S21401221000200C4904F030FE40F6BB532246002055
S214012220094904F029FE4FF47A735C43074B0120F9
S2140122309C4294BF2C602B60E6E700BFD4C7030026
S21401224039DB030076DB030091DB030080EE36000A
S21401225010B504460820FFF71BFE0D4B3CB91C7059
S2140122600021BDE8104006200A4AFFF7BBBE1B78D6
S214012270092BF5D90A220020074904F0FDFD0020AC
S214012280064904F0F9FDBDE81040FFF79FBF00BF07
S2140122906A5D0020C0270900BDDB0300FEDB0300EA
S2140122A073B51F4D2C7834B100201E4902B0BDE82D
S2140122B0704004F0E1BD0220FFF7EAFDFF221A4E4E
S2140122C01A4B30781A7021F023FC0B2807D92046C8
S2140122D03278174902B0BDE8704004F0CDBD154B09
S2140122E01549009301EB0011012319224FF6FD70E9
S2140122F0498805F037FA70B12046104904F0BCFD54
S21401230000220F4B0F481C700F4B1A7002B0BDE82D
S2140123107040FFF7FDBD01240C492C70EEE700BFAD
S214012320695D00200FDC0300806A00207F6A0020C0
S2140123301ADA0300312601000841002050DC0300B0
S214012340685D0020C02709006A5D002076DC030076
S21401235038B5144D04462B78052B21D91249FFF7C1
S2140123605DFC24B918B9114904F086FD0424104B0C
S214012370195D21B9BDE838400846FFF769BF032C4F
S21401238006D02B78052B03D006200A4AFFF72AFE33
S2140123900021094B08461970BDE83840FFF7D0BE4A
S2140123A038BD00BF6B5D0020383F002098DC03007D
S2140123B019520400C0270900685D002030B50446A4
S2140123C089B00720FFF764FD052C0AD100222A4BAD
S2140123D003A91A7002A804AA01F0FEFD30B102207A
S2140123E045E09CB90122244B1A700224224D28781C
S2140123F078B1421E504221495041FFF755FC022355
S21401240004462B70022C0ED10A200FE0022CE6D1D6
S214012410EBE7631F5A424FF0050018495A4120F076
S2140124202FFD0446EEE7032C04D10020FFF770FDD4
S21401243009B030BD062C06D10020114904F01CFD60
S21401244001232B70E0E70F4A0F4B2878002C18BFAA
S21401245013460E490E4A0094002808BF0A4600207B
S2140124600C4904F009FD201E18BF0120400009B0E8
S214012470BDE83040FFF76CBF665D0020383F0020A6
S214012480D3DC0300CCDC0300C5DC0300B4DC0300B2
S214012490BEDC03000EDD030013B51F4C0620FFF75C
S2140124A0F7FC2278092A09D900201C4904F0E4FC2B
S2140124B0042002B0BDE81040FFF74ABF184B1B7856
S2140124C02BB300201FF0E0FC20F0D3FC68B9FFF727
S2140124D071FD144B196820F0C3FC0246042000214C
S2140124E002B0BDE81040FFF77DBD01A820F0BFFC9B
S2140124F0FF2809D14FF4FA6023780133237002B024
S214012500BDE81040FFF704BD0198FFF7EDFC4FF45E
S214012510FA620320E3E700BF6A5D002029DD0300BD
S214012520675D0020483F0020F023F0B589B0CDE973
S214012530000334488023002219210078324E334F9D
S21401254021F0A2FC0020324904F096FC32463946BE
S21401255003A801F041FD032804462E4D1CD1062692
S214012560039A2D49002004F087FC0398FFF7BCFC72
S2140125700020396800F0ACFE2E7001F09FF90022B1
S2140125800446264B30461A70FFF782FC84BB09B01E
S214012590BDE8F040FFF780BF28BB7268204904F011
S2140125A06BFC214604A8FFF729FB059B7268934242
S2140125B00BD020461B4904F05FFC072305202B7037
S2140125C009B0BDE8F040FFF7F9BE1A4620461649A5
S2140125D004F052FC0523002101202B7009B0BDE850
S2140125E0F040FFF7ADBD0020104904F045FCF1E7CF
S2140125F0042C05D0042009B0BDE8F040FFF7A8BEC2
S21401260009B0F0BD806A0020383F0020483F002016
S21401261061DD03006B5D002092DD03006A5D002032
S214012620CDDD030006DE03005ADE030096DE03005E
S214012630F7B50446876800202378364D012B2870AD
S21401264004D0354B3549187004F016FC26785EBB6D
S214012650334B1B78FF2B04D103B0BDE8F040FFF7E6
S2140126608DBC304B1B78032B11D82F4C0320FFF762
S2140126700FFC6946208822F0A4F9002843D02B4994
S214012680208805F0EDF820B12E70FFF777FC03B037
S214012690F0BD0124204B26491C7004F0EDFB0320FD
S2140126A0FFF7F6FB2C70F2E7012E25D13B78002BC5
S2140126B0EDD01B4D2B78FF2BE9D1A68802F04AFFFF
S2140126C0864206D100201B4903B0BDE8F04004F065
S2140126D0D3BB194BA2881B783BB132B117490020F6
S2140126E003B0BDE8F04004F0C7BB7B6814491B7813
S2140126F02B700D4B1A80F2E7032E08D1082268468C
S214012700A16808F0A3FF6846FFF70EFFBFE70023A6
S2140127102B70A1E7685D0020695D0020B1DE030033
S2140127207F6A00206B5D0020206A002031260100B0
S21401273076DC0300D1DE0300655D0020F7DE0300D2
S21401274022DF03007FB5094B1A78FF2A0AD11870D9
S21401275001F088FB0022064B0DF1060102A81A8043
S214012760FFF74CFA07B05DF804FB00BF806A002053
S214012770EA560020152838B517D10C4B1D78A5B997
S21401278022F005F9C4B2012C38BF01240120FFF75D
S2140127907FFB28462246064904F06EFB4FF47A700A
S2140127A06043BDE83840FFF7B3BB38BD6B5D002022
S2140127B03FDF0300034B1B78022B01D8FFF770BDE8
S2140127C0704700BF6B5D002070B5284C20F04CFBB5
S2140127D02578274EBDB10020264904F04DFB264A38
S2140127E0137801331370002323703378062B0AD134
S2140127F0BDE87040214B1868B0F5FA6F38BF4FF44A
S214012800FA60FFF785BB3378013B082B2CD8DFE84D
S21401281003F005090D2B13191D222700BDE8704092
S214012820FFF7C8BFBDE87040FFF73ABD002323702D
S214012830BDE87040FFF7A2BB2946BDE87040012005
S214012840FFF77EBCBDE87040FFF726BE0220BDE85C
S2140128507040FFF7B3BD0120BDE87040FFF7F8BC3C
S214012860BDE87040FFF7B2BC70BD00BF685D0020D8
S2140128706B5D00206EDF03006A5D0020343F0020A0
S21401288010B90520FFF764BD034B1B78062B01D159
S214012890FFF79ABF704700BF6B5D00202DE9F04738
S2140128A08E68054633189A780C46092A8EB008D9E0
S2140128B00020A34904F0E0FA852420460EB0BDE8C6
S2140128C0F08750B98B899F49895C8B4205D200916C
S2140128D09D4904F0D1FA8024EFE79C4BE7881B88DA
S2140128E09F4236D09A490978012932D932B13A46FF
S2140128F00020984904F0C0FA7E24DEE7964B1A7051
S214012900934B26791B78052B03D0012B3AD8FFF77A
S21401291051FF5EB93146204621F01CFD03460028D2
S21401292051D030468D4A8E4904F0A6FAD4F8088074
S214012930A48998F8037098F80450002E4CD13046BC
S214012940884A894904F098FA00210120FFF7F8FB2C
S2140129504FE00021804B1970072A00F28A8301A3F9
S21401296053F822F001290100AF2A0100AF2A010025
S214012970C12C0100C12C0100C12C0100572F010000
S214012980572F0100022B17D102F0E4FD8742B3D086
S2140129900020764A764904F06FFAFFF781FC46BBC1
S2140129A03146204621F0D6FC034610B36B4A6C49EB
S2140129B0002004F061FA1CE06E4A00206E4904F023
S2140129C05BFA012479E7A3681B78DA06AED43246AF
S2140129D06A4904F051FAA9E700210AA8FFF70EF99F
S2140129E0032F08D95F4B664A66490097002004F01A
S2140129F043FA002461E76B1E632B04D9594B604AE6
S214012A0061490095F2E7614BE4B2DB5D9C4209D077
S214012A10CDE901430020534B594A5D49009704F024
S214012A202BFAE6E757B3A4B222460521404621F029
S214012A30AAFBBDF82830834203D04A4B554A564973
S214012A40B6E7012F1AD022460721404621F09BFB0C
S214012A50BDF82A30834203D0424B4E4A4F49A7E77E
S214012A60032F0BD122460921404621F089FB0B9BFF
S214012A70984203D13B4B474A494999E7642D3FF4B5
S214012A8063AF21F084FF6423C0B2B0FBF3F203FB13
S214012A9012030133DBB29D42BFF456AFCDE90053BA
S214012AA00020304B3B4A3F4904F0E6F9A1E7284BAA
S214012AB01B78052B01D03C4A7FE7EB1CDBB2277B5A
S214012AC0F45C44B123460020374A384904F0D4F96F
S214012AD000210C460BE00F2F0DD810232046344959
S214012AE00093314A3B4604F0C7F9802401210020B7
S214012AF0FFF726FBE1E60435EDB220462A4A2D49CA
S214012B0004F0BAF97A1B7119D2B206A820F0BFF9FF
S214012B1005443A46E9B2304621F032FB264D069A84
S214012B202B68264F9A42386001D100284AD12449A1
S214012B3000201D4A04F0A0F985240121D7E700BF33
S214012B408BDF03005C520400A3DF0300206A002031
S214012B506B5D0020D2DF0300685D002048E00300C3
S214012B6050E00300D8E00300EDE0030016E00300A8
S214012B7023E0030078E0030085E00300A2E0030001
S214012B8002E103000AE1030024E103001F520400EE
S214012B9042E1030097E503007CE10300A6E10300A0
S214012BA0CEE10300F5E1030029E2030043E203005E
S214012BB072E2030089E20300383F0020483F00200C
S214012BC0B2E2030000F08EFF3E68B0420AD200F087
S214012BD089FF9D4903463246204604F04DF9892473
S214012BE0012184E7079A6B689A4205D12046974AE5
S214012BF0974904F041F96BE79649097859B19A4229
S214012C0009D22046944904F037F996210620934AC2
S214012C10FFF7E8F95CE7924A924905A801F0DCF96A
S214012C20079E48B96A68964206D88F4904F024F987
S214012C300520FFF7C3FB40E6324600208B4904F02F
S214012C401BF939680027002000F042FB00206E6067
S214012C50FFF74AF9864B06201F80FFF719F9854BC7
S214012C601F7001F0B1F90646F8B94FF6FF73824AB4
S214012C700AA81188994214BF13463B466A882988D8
S214012C8001F012F90AA800F0D7FC58B10AA801F021
S214012C90DDF938B13046794904F0EEF80420FFF743
S214012CA057FB0AE6FFF7F8FB07E6042805D1744B45
S214012CB01921187820F083FCFFE538467149EBE7C7
S214012CC0714B1B78062B01D0704A76E6DFF8A0A17F
S214012CD0EB1C94F80C90BAF80080DBB22EB93046A3
S214012CE06B4904F0C9F88724E7E5F75C2C1D972F9C
S214012CF0E4B22FD025D8812F71D0952F67D017BB7E
S214012D00B9F1100F7FF6E7AD31194A460AA820F04F
S214012D10BEF80444E4B221464A46304621F030FA71
S214012D20231DDBB2053416F803A0E4B2A9EB0403B5
S214012D305345054666DA009338465346534A554985
S214012D40C7E5982F43D03B460020504A524904F02D
S214012D5093F8C8E7B9F10A0F7FF6BDAD1FFA89F7F8
S214012D6021463A46304621F00BFA05F108010446A1
S214012D703A46C9B2304621F003FA0AAA014620466D
S214012D80FFF736FA08B9454B0A93B9F10C0F12D979
S214012D9005F10C013A46C9B23046DDF8288021F02B
S214012DA0F2F9044602463E49002004F065F8AAF806
S214012DB0004044440A940A9C3A492246002004F002
S214012DC05BF82046FFF7A4F820F059F811E63649DB
S214012DD0002004F051F80320FFF7BAFA09E6334C55
S214012DE023786BB120F03EF850B10020304904F052
S214012DF043F80023237020F042F8FFF74DFBF8E577
S214012E002C49E5E7DFF8A49099F8003043B9FFF7BD
S214012E10D1F88542034607D01C4A27490095E5E5C7
S214012E2020F027F80128F2D110220D480AA908F04F
S214012E3007FF10B9BAF13F0F42D9144A1F490020C3
S214012E4004F01AF84FE700BFD1E2030029E20300BD
S214012E5009E30300645D00203EE30300C027090088
S214012E60383F0020483F0020CDDD03007FE303000C
S214012E70EA5600206A5D0020EC560020A1E303001C
S214012E80806A0020C0E303006B5D0020E6E30300D8
S214012E90FBE3030028E503000AE50300E0930400D2
S214012EA036E4030061E4030080E40300675D00206C
S214012EB09CE40300DBE4030064E50300A0E50300F3
S214012EC06D4B187099F800304BB11FF0CBFF30B145
S214012ED028461FF0CAFF042807463FF48AAD51462C
S214012EE02846321920F004F928B10020634903F07E
S214012EF0C3FF042070E799F80030554463B11FF012
S214012F00B1FF48B1FF2FF4D0012F3FF472AD032F6C
S214012F1016D11FF0B2FF05462846FEF7E5FF044628
S214012F200246052156481FF0D9FF564B1B689C42A6
S214012F300AD3204620F0D7F80520FFF73FFA58E5D8
S214012F401FF099FF8046E7E74046FEF7E1FF0028BD
S214012F507FF44FAD51E74C4B1B7803F0FD03082B74
S214012F6001D04A4A29E5A48935B1F27822B1002078
S214012F70474903F081FF2EE7E4B22246F11C0AA876
S214012F801FF085FF434BBDF828201988054691425E
S214012F900DD04FF6FF718A4209D03C4A00203E4BC5
S214012FA03E4903F083FFBDF828203D4947E7BDF8B9
S214012FB02A20598891420CD04FF6FF718A4208D0D8
S214012FC0324A0020374B354903F070FFBDF82A20FE
S214012FD0EBE70B9A5B689A420AD0013208D02B4A7B
S214012FE02E490020304B03F061FF0B9A2F4926E74C
S214012FF0A4B2E91C2246C9B2304621F0C1F8E91D47
S214013000C9B207462246304621F0BAF8431C0146AB
S21401301006D10820FEF73CFF2548FEF779FFE8E4D5
S214013020384606AAFFF7E4F8A8B9214B0693214BC8
S21401303000221978204B18781FF005FF069C2046C1
S214013040FEF766FF224600201C4903F015FF092003
S214013050FEF71EFFCDE440F6B733069A9A42E6D84D
S21401306040F6B8320020164903F006FF40F6B833A2
S214013070DCE7812421E400BF6A5D0020D3E503007C
S214013080F6E50300483F00206B5D0020FFE50300E6
S21401309014E60300383F002096E103003BE60300F8
S2140130A0F4D60300C0E1030056E6030053EE030026
S2140130B080EE36007F6A0020806A00208EE60300DC
S2140130C063E6030008B50420FFF742F90020FEF787
S2140130D0DFFE0023054A19211370054A1370054BBC
S2140130E01878BDE8084020F06ABA00BF685D002085
S2140130F0695D0020806A002010B5164B164C1A78C0
S214013100164B002053F82220154903F0B5FE21780E
S214013110144B154A0020002918BF1A46134903F01C
S214013120ABFE23782BB1124B00201A68114903F02D
S214013130A3FEFEF73FFF0446FEF73CFF0E4B196861
S2140131401FF0BFFE2246BDE8104003460B49002093
S21401315003F092BE6B5D0020685D002030520400D3
S214013160AAE6030080ED030061ED0300B7E6030065
S214013170343F0020D1E60300483F0020EAE6030082
S21401318038B5014604460020FFF788FB054698B18E
S214013190E37C00200A4A0B4903F06EFE2379042BD8
S2140131A00AD02946204621F0D5F8034620B1002052
S2140131B0054A064903F060FE6FF0FF0038BD00BF08
S2140131C0D4C7030012E7030048E0030050E0030001
S2140131D010B51346094A127882420DD163B1084AE6
S2140131E0002014680A46074903F046FE2146BDE85A
S2140131F010400120FFF752BB10BD00BF806A0020BF
S2140132009842002034E7030010B50D4B1C782CB112
S214013210BDE8104000200B4903F02EBE6420FEF7E7
S21401322063FE4FF6F0716FF00F02074B0320C3E900
S214013230001222462146BDE81040FEF7D3BE00BF6D
S2140132406B5D00206DE70300383F0020014B1870CE
S214013250704700BF675D002000210620014AFEF787
S214013260C1BE00BFC0270900014B1870704700BFE0
S214013270645D0020114B2DE9F04107460D461868A4
S2140132800F49101A09681FF01CFEDFF840800D4E2A
S21401329098F800400346FF2C307004D0A8420AD3A9
S2140132A02C44A04207DB3A460020074903F0E4FD20
S2140132B0337888F800303078BDE8F081503F002040
S2140132C04C3F00206C5D00209BE80300816A0020D3
S2140132D050EA010208D0FF22054B091A1A70054B65
S2140132E01860054B1960704711461046FFF7C2BFBC
S2140132F0816A0020503F00204C3F00202DE9F04F0E
S214013300AFB006AD284600F0FDFD0026624FDFF89F
S214013310D091284600F090F9044648B900F0BEFD69
S2140133205E490246204603F0A7FD2FB0BDE8F08FA8
S21401333039460020F2B203F09FFD284616A900F098
S214013340FFFD044620B15649002003F095FD8FE0AD
S214013350BDF85820534903F08FFD49462046BDF875
S2140133605A2003F089FD2046BDF85C204E4903F043
S21401337083FD2046BDF85E204C4903F07DFD2046C6
S214013380BDF860204A4903F077FD2046199A49495D
S21401339003F072FD2046BDF86820474903F06CFD36
S2140133A0204646490DF16A0203F066FD444920466F
S2140133B0239A03F061FDBDF85C30D90705D5204698
S2140133C09DF890203F4903F057FDBDF85C309A0701
S2140133D014D500203C4903F069FDBDF85830B3F51B
S2140133E0807F4FD1002020F015FF18B10DF191001C
S2140133F003F0C4FC0020354903F03EFDBDF85C3007
S2140134005B070BD50020BDF8B220314903F034FD2F
S2140134100020BDF8B4202F4903F02EFD06222846D1
S2140134200DF116030AA91FF07BFD044690BBBDF8FB
S2140134301620294903F020FDDFF8A8A0DFF8A8B080
S2140134400DF12808BDF81610A2B2914210D9B8F8AD
S21401345000205146002003F00FFD0134D8F8042067
S2140134605946002003F008FD062C08F10808E9D1AA
S2140134706C46204600F05AFD94E80F00013685E8B8
S2140134800F0046E70123202200200DF1910103F0F1
S21401349057FCAFE7114957E7ADE803007AEA0300A6
S2140134A0B6E80300DAE803000EE9030027E90300A3
S2140134B040E9030059E9030072E903008BE90300C0
S2140134C0A0E90300BCE90300D5E9030024FF0300DB
S2140134D0E8E9030001EA03001AEA03004DEA0300E3
S2140134E0F3E803002BEA03003BEA03002DE9F04171
S2140134F088B004AD044628468846002700F002FD41
S2140135006E46474507D195E80F0084E80F00204630
S21401351008B0BDE8F081304600F008FD96E80F00DF
S21401352085E80F00284600F087F801370028E8D123
S214013530014B0FCBE9E700BFB05404001FB5D0E93B
S214013540023253F8223068461978FFF7CFFF6846F3
S21401355000F07CFD48B1042809D1074A002007493C
S21401356003F08AFC05B05DF804FB054AF6E7002087
S214013570044903F081FCF5E71CF4030095EA030017
S214013580CCED0300A1E3030010B5D0E9023203EB52
S2140135908201496853F8223098B00C6804A819785B
S2140135A0FFF7A4FF03AB40220093214608AB04A813
S2140135B000F0E2FC024628B100200E4903F05CFC54
S2140135C018B010BD039808A900F007040122C0F343
S2140135D0C70003F0FBFB039908A8091B0144064832
S2140135E001232246008803F0ABFB044803F0E4FB0A
S2140135F0E6E700BFA5EA03000857002024FF030002
S214013600F0B504460D460B4BEF880FCB84E80F0050
S214013610AB882E899B0741BFD5F83900D5F83D10F8
S21401362004F1080303C3EA682046278066806260C7
S214013630F0BD00BF68520400102208B5034908F027
S214013640FFFA003818BF012008BD00BFB0540400BF
S21401365008B521F0FAFDC288FF219208012A38BF79
S214013660012202481EF0EAFF012008BD603F00204B
S21401367038B5134690B10120274A1070274A00201A
S2140136801160274A13600A46264903F0F5FB02F04B
S21401369043FB254B1870022002F044FB21F0F0FD9D
S2140136A0E8B91D4D1D4C2B782BB921F0CEFD2268B3
S2140136B0C368134423601A4B24681B689C4229D2B2
S2140136C021F0C3FDC168204606F022F80024024618
S2140136D02C7050B921F0D4FDFFF7BAFF03E0FFF7D5
S2140136E0B7FF0028DDD0012038BD20460F4903F082
S2140136F0C3FB0D4B187802F015FB00200C4903F0B4
S214013700BBFB00F091F908B900F0AEF92046FFF7CF
S214013710B7F8E8E70124ECE76E5D0020583F00208B
S214013720543F0020CCEA03006D5D0020F8EA030058
S21401373018EB030038B500F04BFA044600F042FAE5
S214013740241A21F082FD054618B9B1211B4826F03E
S214013750A8FFAB8803F00303032B03D0B22117485D
S21401376026F09FFF00F02EFA05461FF04CFC0123C1
S2140137708340013B2B4203D0B421104826F091FF31
S2140137801FF041FC01238340013B234203D0B521B6
S2140137900A4826F086FF05F091FD05461FF033FC2A
S2140137A04FF48063B3FBF5F3C440A34205D2BDE8F2
S2140137B03840BA21014826F074BF38BD2EEB03000D
S2140137C0FF2108B504481EF04AFFBDE80840002264
S2140137D011461046FFF74CBF603F0020F7B5044680
S2140137E00E4600F089F8054621F02FFDC3682B44EC
S2140137F09C4220D31FF007FC2C44C440013C114FCF
S2140138003B68DEB1A34219D101340023ADF8043080
S21401381000F0E4F9054605F051FD103504FB0054AF
S21401382005F04CFD01A90246204605F099FD1FF062
S214013830FAFB386004E04FF0FF34E0E7A342E4DB34
S21401384003B0F0BD486600204FF0FF320A4B10B5BA
S2140138501A600022094B1A7000F0B4F9044600F011
S214013860B7F9214602460120FFF702FF00280CBFE8
S2140138700120042010BD00BF486600206F5D0020B7
S21401388038B500F0D1F808B9002038BD094D0A4C0A
S2140138902B7823B91FF0C7FB012320602B70246807
S2140138A01FF0B1FB01348440EED000F025F820442F
S2140138B0EBE700BF6F5D00204866002070B50D4C39
S2140138C02368002B01DA012070BD00F07BF9054664
S2140138D021F0BBFC2468C6681FF095FB013404FA8E
S2140138E000F1294401208A19FFF7C2FE0028EAD018
S2140138F00420E9E748660020024B18680C301FF0E8
S214013900C2BB00BF4C660020FF2307B50021044A56
S21401391004480093FBF78AFC03B05DF804FB00BF84
S214013920C1370100603F00200E4B70B51C6805468C
S214013930036804F582641C440E46FFF7DDFF2B681E
S214013940834208D232681A44824208D9C31A012037
S21401395033602C6070BD044A126813441C1A0020A0
S214013960F7E700BF4C6600205C3F00202DE9F04FD2
S214013970B3F5803F87B00F469846019003D30020E9
S21401398007B0BDE8F08F03A904A8CDE90332FFF71D
S214013990CBFF0024824600F10109DFF888B05FFA08
S2140139A089F9019BDDE90356AAB27BB1304610992D
S2140139B021F052FC0028E2D1B9F1020F2BD1DBF83D
S2140139C000300493019B03BB2F4421E03946304667
S2140139D005F0C6FC0028D2D1BAF1000FECD0002CBD
S2140139E0EDD105F06BFC2E44B6FBF0F303FB106043
S2140139F00028E4D005F062FC05A90246304605948D
S214013A0005F0AEFC0028DAD0B9E7109B2B441093E2
S214013A10A8EB05050395631C4B454FF00104C0D385
S214013A202046ADE75C3F00207FB56B460C4A106828
S214013A30516803C390680C2218600A4B0DEB020113
S214013A40186821F009FC0C2268460DEB020108F00B
S214013A50F7F8B0FA80F0400907B05DF804FB00BF44
S214013A60785204004C6600201FB5084A01AB106866
S214013A70516803C3906801A91860054B0C221868A9
S214013A8005F06EFC05B05DF804FB00BF785204003B
S214013A904C660020F7B5044615460E4681B9072A3E
S214013AA003D80024204603B0F0BD0D4B8079196879
S214013AB0E379063000EB03200C3180B21FF0EDFAFB
S214013AC0002721462B46324638460097FFF74EFF21
S214013AD004460028E5D039467019FFF77FFEE1E776
S214013AE04C660020024B1868A0F50060704700BFC6
S214013AF05866002010B58AB0684606F015F810F032
S214013B00FF0027D1009BFBB1174C01A9206005F0EF
S214013B1083FF10F0FF001DD12268009B9A4204D358
S214013B204FF4DD71114826F0BCFD019B104A114986
S214013B301360029A13440B600F49A3F500630A60F1
S214013B400E4A1360009B63B940F2CF11074826F076
S214013B50A8FD06E0044A034612680020084903F05F
S214013B608BF90AB010BD00BF50660020E1EB0300E0
S214013B705C3F002054660020586600204C660020FA
S214013B8089EC030008B5FFF7B5FF21F05EFB50B1E5
S214013B9021F05BFB064B02691B689A4203D2B321F4
S214013BA0044826F07EFDFFF7C5FD012008BD00BFD5
S214013BB058660020E1EB0300014B1868704700BF10
S214013BC050660020014B1868704700BF5C3F00201C
S214013BD0014B1868704700BF54660020014B1868F7
S214013BE0704700BF4C66002010B5FFF749FE04463B
S214013BF02849002003F040F90020274903F03CF94A
S214013C000020264903F038F90020254903F034F94D
S214013C10244B00201A68244903F02EF92246234932
S214013C20002003F029F9FFF767FE2149024600202C
S214013C3003F022F91F4B00201A681F4903F01CF9F4
S214013C401E4B1F4C1A6800201E4903F015F9226806
S214013C5000201D4903F010F94FF4806200201B4933
S214013C6003F00AF9226800201949103203F004F91A
S214013C702268002017490C3203F0FEF82268002063
S214013C80154902F5826203F0F7F8BDE8104005F029
S214013C9049BA00BF08ED030045ED030064ED0300DB
S214013CA084ED030050660020AFED0300CEED030067
S214013CB0F1ED03005C3F002014EE03005466002083
S214013CC04C66002037EE03005AEE03007DEE03003B
S214013CD0A0EE0300C3EE0300E6EE03002DE9F0417B
S214013CE094B004460D460020482102AA1FF0E6F9CA
S214013CF018B9534903F0C0F819E0602200212046A4
S214013D0007F052FC04224F4902A807F099FF90B130
S214013D106DB19DF80B30002001939DF80A309DF897
S214013D200820009348499DF8093003F0A5F80120C2
S214013D3014B0BDE8F081BDF80C20B2F5807F22807A
S214013D4003D0424903F098F8F1E7BDF81420BDF816
S214013D500E102281DDF816206180E2600499BDF81C
S214013D601A206160228284F8320007AD04F1120243
S214013D700FAE2B4603CBB342106051601D4602F1D5
S214013D800802F6D10F9B324A63631360314B10224F
S214013D901846002107F008FCE288A38802802289E1
S214013DA04280E26842600BB90020C1E70026354632
S214013DB0A388D90709D536B105F150026A4412F82D
S214013DC0482C84F838200135EDB29A0714D520889E
S214013DD01FF08AF807466EB102AB03EB05080246F0
S214013DE0414604F1390007F06FFD3A4641461A484C
S214013DF007F06AFD2F44FDB2A3885B070DD556B1C7
S214013E0005F150036B4433F8482C33F8463CA4F8CC
S214013E105A20A4F85C300435EDB2002EC4D1482DEA
S214013E2002D930460D4965E72946382002AA1FF017
S214013E3045F908B90A495DE738250126B8E700BF04
S214013E4009EF0300845204003BEF030071EF030007
S214013E50803F0020843F00208C3F00208CEF030031
S214013E60DCEF030030B50B4C99B025786DB9FFF740
S214013E7089FE68B129466846FFF730FFB0FA80F040
S214013E80054B4009187001232370002019B030BD7E
S214013E900120FBE7705D0020715D0020014B187862
S214013EA0704700BF715D002070B51E46134B044677
S214013EB018881D46884298B002D15B88934206D086
S214013EC00F4B0FCB84E80F00204618B070BD96B19B
S214013ED000216846FFF702FF0028F1D1BDF8043043
S214013EE05B0708D53388BDF85A209A42E8D8BDF852
S214013EF05C209A42E4D395E80F00E3E7843F002074
S214013F00B0540400064B10B51B7804462BB9054B7C
S214013F100FCB84E80F00204610BD034BF8E700BF27
S214013F20715D0020B0540400843F002010B50446A3
S214013F30024B0FCB84E80F00204610BDB05404009E
S214013F400B4B10B51B78044608467BB10021FFF7E2
S214013F50C5FE48B910222146064807F071FE003812
S214013F6018BF0120C0B210BD0120FBE70120FAE70F
S214013F70715D0020843F00202DE9F0410E469046F9
S214013F800E4910221F4607F05BFE044670B90C4B23
S214013F903A461D683046AD1B454528BF454629466D
S214013FA01FF08CF828B9074902F066FF0120BDE82A
S214013FB0F081069B20461D60F9E700BF843F002084
S214013FC0803F0020DCEF03000022024B1A70FFF74F
S214013FD03BBC00BF715D00202DE9F0419CB00F464F
S214013FE016468046FFF74CFC05460246154900205A
S214013FF002F042FF382D20D9012104A8FFF76EFEFA
S2140140000446D0B9119B04A93B606F463846FFF7BA
S214014010F7FA97E80F0086E80F00119BAB4297BFAF
S21401402001210324084AC8F8003094BF1170C8F86B
S214014030005020461CB0BDE8F0810022024B01244E
S2140140401A70F6E70EF00300715D002070B5084D9A
S21401405000262B7853B1FFF7F7FB04461022002108
S21401406004482E7007F0A0FA204670BD3446F5E7E6
S214014070715D0020843F002008B50020064902F04B
S214014080FBFE064B00201A78054902F0F5FEBDE856
S2140140900840FFF7A9BD00BF2DF00300715D0020A9
S2140140A057F0030003460120024AC3E90320002219
S2140140B01A7070470100FEFF2DE9F0410024264EDC
S2140140C0264FDFF8A88088B000F0D4F9A5B2854263
S2140140D002D308B0BDE8F081284603A91FF024F8F2
S2140140E0A2B23146002002F0E1FE9DF80D2012B387
S2140140F09DF81210BDF81030402914BF6E217921A9
S2140141000020CDE900313946BDF80E3002F0CEFE72
S214014110BDF814201AB10020114902F0C7FE9DF81F
S2140141200C00BDF8182070B9079B0E490093BDF826
S2140141301A3002F0BBFE00200B4902F09DFE01344E
S21401414026F0BCFAC0E7BDF81C30414600930020BB
S2140141509DF81A30EDE700BF70F0030076F003001B
S21401416099F00300A3F0030024FF0300CAF0030044
S21401417010B500F0ABFABDE810400346024A002035
S214014180024902F079BE00BFF2F0030029B903002C
S214014190D0E9023253F8223010B5188800F086FABA
S2140141A0BDE810400346024A0020024902F064BE00
S2140141B0F8F0030029B9030010B5D0E90232002453
S2140141C086B08DF8044053F8221003EB8203097879
S2140141D001A88DF805105A681288ADF806209A686D
S2140141E01288ADF80820DA681278ADF80C40A242C1
S2140141F014BF402280228DF80A201A691288ADF871
S21401420010205A699B691288ADF812201B68059325
S21401421000F0D0FB034A03460349204602F02CFE79
S21401422006B010BD94CF030029B9030038B50024A9
S214014230064D26F02FFA45F824000634C02CF8D196
S2140142400020BDE83840024902F016BE801000206A
S214014250FFF0030030B5002087B0204902F00CFEC5
S21401426000201F4902F008FE00201E4902F004FE4D
S21401427026F010FA00240546A0B201A901341EF06A
S21401428053FF202CF8D126F005FA1749421B0020CF
S21401429002F0F2FD1549002002F0EEFD26F0FAF9D3
S2140142A00446012000F09EF826F0F4F90E49021BA0
S2140142B0002002F0E1FD0E49002002F0DDFD26F0AF
S2140142C0E9F904461EF021FF26F0E4F9021B00205E
S2140142D0054907B0BDE8304002F0CEBD2BF1030022
S2140142E05AF103008AF10300A7F10300B6F10300B7
S2140142F0D0F1030010B50C4603F022FD08B9032CDB
S21401430012D101F0FFF804280ED001F0FBF80528C1
S2140143100AD0064802F060FC1C2801D11FF0A2FE5C
S214014320BDE8104002F068BC10BD00BF15310300A7
S2140143302DE9F04F00274FF0FF36DFF8A4B0264CEA
S21401434087B0BBF80030B8B2834209D8731C3BD0A3
S2140143503246FF21214807B0BDE8F04F1EF06EB986
S21401436001A91EF0E1FE9DF8050001F001FFF8B17C
S2140143709DF80480B8F1000F1AD1BDF810A0BDF861
S214014380129026F087F918210246BBB24B43E0187B
S214014390E158007C4FF47A73A2EB010C50B103FB99
S2140143A00AF363450ED30B44981A864228BF064685
S2140143B00137C6E74D466B43FAD06345F5D319443A
S2140143C0881AF2E74046F0E7FF21044807B0BDE847
S2140143D0F04F1EF044B900BF80100020943F00202B
S2140143E0EE5600202DE9F041014688B058B102286A
S2140143F010D01EF0B3FE78B3D221194808B0BDE83C
S214014400F04126F04EB9FF23164A17480093FAF7F3
S2140144100DFFEEE700244FF001082746134EA5B224
S214014420284603A98DF80D701EF07EFE9DF80D003E
S21401443068B101F09DFE20B19DF80C300BB986F8ED
S21401444010800134202C06F11806E8D12546084BC9
S2140144501D80FFF76DFFCCE708B0BDE8F08100BF17
S214014460F0F1030099470100943F002080100020DE
S214014470EE560020014B1888704700BFEE5600200C
S2140144802DE9F04F634A077D89B004466249002052
S21401449002F00CFD00201FF0BDFE20B12368218A2A
S2140144A0588803F09BFC00205C4902F0E5FC637D24
S2140144B0DFF87491002B236808BF08205988574BF2
S2140144C018BF00200093228A4FF0090314BF4FF053
S2140144D080084FF0400802F02FFBA289BB1C9342D4
S2140144E00CDB1FF031FF034620B100204C4A4D493A
S2140144F002F0C2FC012009B0BDE8F08FA068791C6B
S21401450089B2C55D1FF03FFE0337012D0646BFB2D7
S21401451013D82368324659885879238A009343462C
S2140145201FF07BFA824600283ED1862002F0CCFBA3
S214014530284602F0C9FB304668E08520F6E703A965
S2140145401EF0F2FD9DF80C30AB4223D123689DF896
S2140145500D105A7991421DD1BDF80E105A8891421C
S21401456018D1BDF81020B24214D19DF81220424550
S21401457010D1BDF81410228A91420BD1002D38D0EB
S214014580BDF81810E288914204D19DF81A201B79D3
S2140145909A422ED00BF1010BB9F800305FFA8BF07E
S2140145A08342CCD88B20C1E74FF0000BF4E79AF892
S2140145B0020002F089FBBDF818001FF0A7FDBDF848
S2140145C01A001FF0A3FD9AF8020003F027FE002848
S2140145D083D19AF8020001F09DFC0546079E002D46
S2140145E03FF47BAFF0B2013D02F06EFB360AEDB24E
S2140145F0F5E7002002F068FB284602F065FB30462E
S2140146001FF084FD012DD2D1BDF81C001FF07EFDE8
S21401461063E700BF7FF2030051E6030024FF0300B7
S2140146208CF20300A9F20300EE5600202DE9F043B8
S21401463091B0694680461EF077FD0023194F8DF82C
S21401464001303888431E98B28045388009D16946C2
S21401465040461EF071FD68461EF055FD11B0BDE8DE
S214014660F0834FF0180905A91EF05EFD0E4C3E883A
S2140146700AAD09FB06460FCE0FC596E8030009FBF7
S214014680084485E803000AAE404605A91EF054FD1D
S2140146900FCE0FC495E8030084E803006946388806
S2140146A0D7E700BFEE5600208010002008B5064B65
S2140146B01B88834205D9FFF7B9FFFFF739FE0020B3
S2140146C008BD2720FCE700BFEE56002038B5074D91
S2140146D02C882CB9FF2106481DF0C1FF204638BDA5
S2140146E0601E80B2FFF7A2FFF2E700BFEE56002081
S2140146F0943F00202DE9F3479A4618239DF8289009
S214014700244FCDE9001203FB09731446D3E90223B3
S2140147101FF0F9FE064620460D4603F07FFD04F025
S214014720FD03382B80460FD1009432462B460021DC
S214014730DAF810001EF023FDB8F1010F1BD1354346
S2140147401ED102B0BDE8F087392CDAF810300BD153
S21401475007EE906A07EE103AF4EEC77AF1EE10FA19
S214014760ACBF01200020E7E79E4275F100032CBF95
S21401477001200020E0E7B8F1000FE2D10028E0D0E8
S214014780182303FB097701233B7402B0BDE8F04709
S214014790FFF7CEBD801000202DE9F04F00252E46F4
S2140147A0A846AA462C46DFF8BC91D1B0694BA8B200
S2140147B01B88834209D81CB161882079FFF79AFDCE
S2140147C0FFF7B6FD51B0BDE8F08F0BA91EF0ACFCAB
S2140147D025F060FF1823AFB27B4309EB030B59F8B2
S2140147E0033005909DF82D00049301F0C1FC0028CC
S2140147F000F0AE809DF82C10002940F0A980DDE97C
S2140148000432D01A4FF47A72BDF8383053438342DB
S21401481000F29E809BF8103043B9BDF83A30002B69
S21401482000F096805343834200F29280FD230022DB
S214014830CDE9013210AB00930DF119020DF11A0307
S214014840E9B20BA8EFF744FD002877D1BDF81A307E
S214014850DA1C0493D2B214B33F4B9DF82D101B887B
S21401486013442279914214D1BDF82E1062889142E8
S2140148700FD19DF83220B8EBD21F0AD1BDF83420F3
S214014880524506D1B3424DDD0020344902F0F4FA18
S21401489001E0B342F8DC61882079FFF72BFD02F0D6
S2140148A0E7F904469DF932002D4BC043C00F009333
S2140148B0BDF834200A23BDF82E10C0009DF83280C2
S2140148C002F03AF99DF82D304FF0000B23714FF4AA
S2140148D08A53FF26BDF834A04FEAD818E38007A90B
S2140148E05FFA8BF01FF0B3FFC0B2B0B99DF81D1090
S2140148F09DF82D20914210D1BDF81E10BDF82E2036
S21401490091420AD122469DF829109DF81C001FF0FD
S21401491024FDB04228BF3046C6B20BF1010BBBF1F5
S214014920200FDCD1BDF830001FF0F0FB9DF8190018
S21401493002F0CAF9049910A802F0DAF91823002245
S2140149405F4309EB07031A7425F0A4FE49F8070034
S21401495001352BE7EE560020F856002068F30300D9
S21401496024FF03008010002070B500240126104D9E
S2140149708AB02B88A0B2834204D80AB0BDE8704042
S214014980FFF7D6BC05A91EF0CFFB9DF8150001F078
S214014990EFFB50B19DF814303BB91A46CDE901360C
S2140149A00093E1B205A8EFF793FC0134E1E700BFFD
S2140149B0EE5600202DE9F0430389DFF858818BB0CD
S2140149C0B8F800900093044683798288418840783D
S2140149D01FF023F8002800F09580E78927B1A38906
S2140149E0BB4200F291800027B8F80030BDB2AB425E
S2140149F014D84D4601264FF6FF73E2899A4226D116
S214014A0046B9B8F80030AB4202D92846FFF70EFE89
S214014A10FFF78EFC00200BB0BDE8F083284605A901
S214014A201EF082FB9DF814307BB92268059B53402B
S214014A30FF2B0AD86368069E5E4036F07F4604D197
S214014A40BDF81C2023899A42D5D00137CCE7E2680D
S214014A509A422BD0002E53D1D4E90323CDE9082363
S214014A6005A81EF050FB0028D5D1B8F80030AB429F
S214014A7004BF6B1CA8F8003025F00CFE18236B430E
S214014A80234AE9B2D050D418002305A81A46CDE926
S214014A9001330093EFF71CFC18B100220023C4E990
S214014AA00223284605A91EF047FBB1E7234605AABF
S214014AB004F1100C174618685968083303C7634594
S214014AC03A46F7D11868386005A81EF01FFB002883
S214014AD0C0D01F2D1AD800238DF8143063788DF8B6
S214014AE015306388ADF81630A388ADF81830A37971
S214014AF08DF81A302389ADF81C300028B0D1ABE709
S214014B000020E6E7862086E7872084E7892082E77B
S214014B1080100020EE5600202DE9F04FB04A90F8A4
S214014B2014908DB00446AF49002002F0BFF9002072
S214014B301FF070FB20B12368218A588803F04EF9D4
S214014B400020A94902F098F9637DDFF8B8A2002B8E
S214014B5014BF802340230293236808BF0820598886
S214014B60A14B18BF00200093228A072301F0E4FF1F
S214014B7000230393A28909F10305954211DB039BE8
S214014B8013B9184602F0A0F81FF0DEFB034620B169
S214014B900020964A964902F06FF901200DB0BDE853
S214014BA0F08FA06809F1010189B210F809601FF0C1
S214014BB0EAFA3246804603468E490020ADB202F03C
S214014BC05BF98EB1012E00F08A808527384602F007
S214014BD07BF8304602F078F840461FF097FA852FAA
S214014BE0D2D00123039376E0A06809F10401A289DB
S214014BF089B2475D1FF0C7FA09F10601A289049040
S214014C0089B2A0681FF0BFFA3A4605900090049B4F
S214014C103046794902F030F909F1080938461FFA99
S214014C2089F503F0FBFA002857D1384601F072F9EE
S214014C30294603468146A289A0681FF095FA6F4966
S214014C408346304602F032F9A1684A462944334683
S214014C50304602F075F83046634902F00DF9A94472
S214014C601FFA89F52368424659885879238A0093A2
S214014C70029B1EF0D2FE18B18378BB4240F0AC8096
S214014C80483FFFB2092F05D840F21133FB40DB073E
S214014C9000F1A48000238DF81C30236807A85A79F8
S214014CA08DF81D205B88ADF82080ADF81E30029B84
S214014CB0CDF82CB08DF82230238AADF82430049B31
S214014CC0ADF82830059BADF82A30FFF773FE07468E
S214014CD000287FF47BAFA9464CE7B346C2E72946D6
S214014CE0A289A0681FF04FFA4FF0000B0246074654
S214014CF04349002002F0C0F809F10509BAF800306E
S214014D001FFA89F5BAF800201FFA8BF94A4503D82D
S214014D101F2B31D9892759E7484607A904931EF066
S214014D2003FA9DF81C20049B012A22D122689DF8D3
S214014D301D00517988421CD1BDF81E005188884259
S214014D4017D1BDF82010414513D19DF822100298C5
S214014D5081420ED1BDF82400218A884209D1BDF8CE
S214014D602800E188884204D19DF82A1012799142E0
S214014D701BD00BF1010BC5E7012299468DF81C20CB
S214014D80226851798DF81D105188ADF82080ADF854
S214014D901E1002998DF82210218AADF82410E188A0
S214014DA0ADF8281012798DF82A2007A8ADF82C70D6
S214014DB01EF0A9F9074600287FF408AFBAF80030BC
S214014DC04846994508BF09F1010307A908BFAAF893
S214014DD000301EF0B1F97EE78D27F7E68C27F5E661
S214014DE093F3030051E6030024FF0300F4F30300EA
S214014DF0A9F203009BF30300B8F30300D9F3030001
S214014E00E4F30300EE5600202DE9F04F07468846EE
S214014E109146002589B09A46BDF848B09DF84C6089
S214014E20149C224B1A88A8B2824235D903A91EF0D7
S214014E307BF99DF80C201D4BB2BB9DF80D10B942B5
S214014E4032D1BDF80E1041452ED1BDF8101049459E
S214014E502AD19DF81210514526D1BDF81410594596
S214014E6022D13046029201F055F8A6F14103012BFA
S214014E7001460AD820461FF08CF90D4B0D4A2044F6
S214014E8084420CD10421029302ACEDB23246204694
S214014E90009503ABFFF72EFC09B0BDE8F08F14F8C0
S214014EA0011F4B405343EBE70135BBE7EE560020AD
S214014EB0C59D1C81930100011FB50F4C2478C4B118
S214014EC042EA03229DF818308DF8051042EA432283
S214014ED00A4BADF80C201A78094B8DF80610079985
S214014EE003EB021300908DF80400DB68684602911C
S214014EF0984704B010BD00BF725D0020745D0020AD
S214014F00B43F002073B51A4DFF211A481DF0A7FBC8
S214014F102B7853B3184C194E2378180106EB03135C
S214014F201A7A5968305C1FF016FD4D281DD0E0B185
S214014F30012300212278CDE900311201B25CC0B212
S214014F40FFF7BAFF0A2223780A480133DBB2B3FB24
S214014F50F2F102FB1133FF2123702B78013B2B70FA
S214014F6002B0BDE870401DF072BB02B070BD00BF5C
S214014F70725D002054400020745D0020B43F002084
S214014F80F8B5104F3E780A2E1AD00FC8DFF840C089
S214014F900D4D9CF80040013605EB041585E80F0021
S214014FA00A230134E4B2B4FBF3F203FB12440748CC
S214014FB0FF218CF800403E701DF049FB0020F8BD33
S214014FC00120FCE7725D0020B43F00205440002021
S214014FD0735D00200021024A0248FAF75DB900BF5E
S214014FE0054F010054400020002337B50C46124DF2
S214014FF012492A78CDE9003312018A5C0123014661
S214015000E0B2FFF759FFA4B90D490A788AB10A2020
S2140150102B78013A0133DBB2B3FBF0F40A70FF21BF
S21401502000FB143307482B7003B0BDE830401DF079
S2140150300EBB03B030BD00BF745D0020B43F00203E
S214015040725D00205440002008B500F0BDF850B154
S214015050054B064A0649052808BF1A46BDE808401A
S214015060002001F009BF08BD08F4030024FF030077
S21401507029F4030008B503201FF087FC10B90122AC
S214015080014B1A7008BD00BF755D00200022024B5F
S21401509018781A70704700BF755D00200246FF2120
S2140150A001481DF0CBBA00BF74400020114B37B544
S2140150B01D78C5B9FF2110481DF0D1FAFFF7DAFFB8
S2140150C0044600900D4B28460D4A0E4901F0D4FEC9
S2140150D04CB10D4B1B78DB0605D528461FF02FFC7F
S2140150E020461DF081FE094B186803B0BDE830402C
S2140150F0FFF7D4BF755D00207440002046F403001E
S21401510074F4030033CC0300635D00205C6600206A
S214015110FF2101481DF0A3BA7440002070B51A4E55
S214015120054633780C466BB30020184A184901F03F
S214015130BDFE032C01D0652C20D11649002001F0BC
S214015140B5FE22460020144901F096FE00201349C0
S21401515001F0ACFE012329460822002001F0F0FDF3
S21401516000200F4901F088FE032C88BF002320464B
S21401517088BF3370BDE87040FCF7BEB8012CE0D0A4
S2140151800849DBE770BD00BF755D002074F40300BD
S2140151901DD0030087F40300D4D60300A5F4030052
S2140151A024FF03009DF40300014B1860704700BF05
S2140151B05C6600200021024A0248FAF76DB800BF7B
S2140151C0AD50010074400020054B10B51C782CB979
S2140151D00448FF211DF03BFA204610BD0520FCE7E0
S2140151E0755D002074400020F8B50024074B084E7A
S2140151F01D68084FE3B29D4204F1010400D8F8BDD2
S214015200394656F823001CF0E1FBF3E784700400EE
S214015210887004002867002010B5044C23780BB171
S2140152201FF0A3FB0123237010BD00BF826A00207C
S2140152302DE9F743254B0D4616460446019350B11A
S2140152404AB1042301AA12F8011BA94235D0013B39
S21401525013F0FF03F7D1212003B0BDE8F08317F860
S214015260010F90FAA0F0000E1CF0ECFD014608EBD1
S21401527007039945F3DCCAB2C1F30F2392FAA2F2EF
S21401528093FAA3F3120E1B0E03EB0223DB43621900
S21401529012F8020C99B2DBB298420CD112F8013C1A
S2140152A0B3EB112F07D132462146284603B0BDE89D
S2140152B0F0431FF0C2BA2320CEE74FF6FF71671EF8
S2140152C0A5F10209C4F10108D1E700BF080A0E12D0
S2140152D0014B1870704700BF765D0020024B1A68BC
S2140152E018608260704700BF60660020024B186835
S2140152F000B14068704700BF6066002070B5044684
S21401530000250A4B1B687BB100211E8807E05A68FE
S21401531002EB0110013145B9021B554255418AB2D3
S2140153209642F4D89B68EEE7184670BD606600208A
S2140153302DE9F04F1E46002393B0022E07468846FD
S2140153401446DDF870909DF874A0ADF81A3040F25E
S214015350C08099F800305A0729D5042E40F2B9804A
S21401536099F804B000255F4B33F83520002A00F089
S214015370B68001350A2DF7D1209B002B40F0AD8079
S214015380FF250023207908AA0DF119018DF819309F
S2140153901EF08DFE70B1BDF82C309DF819002380EB
S2140153A01EF007FF0790C0B113B0BDE8F08F99F863
S2140153B002B0D7E720791EF0ABFB0B28059000F270
S2140153C08A8020791EF006FF07900028ECD1464A15
S2140153D0059B02EB03135B8823804FF6FF73002FB8
S2140153E008BF434662880021CDE90023584652464D
S2140153F0238802F0FDFD18B1E38843F02003E38023
S214015400209B07A90DA8CDE90D34CDF83C90ADF849
S2140154104080ADF842608DF844708DF845A01EF0CE
S21401542059FE08B10798BFE7484602F025FDA01DC2
S21401543002F010FD2246414638461EF08EFFB0426D
S21401544027D3E3882246C3F30E03E3809DF87C301E
S21401545041460393BDF87830384602930DF11A039E
S214015460CDE90093F3B21EF0C6F8209B079003B374
S214015470F8B9BDF81A2042B1092D06D81B4B03EB2B
S214015480C5018A80209A43F835201120FAF7CCFB13
S2140154901CE0BAF1000F0AD10DF11A03CDE9006341
S2140154A022464B4641463846FAF7D2FFDDE738201A
S2140154B0DBE7052807D1E388DB0607D500230120B3
S2140154C00793FFF705FF079B002BDED01EF076FE45
S2140154D0A8E7012068E7212066E71C2064E7EDB213
S2140154E04FE700BF9C400020084100209840002064
S2140154F04FF6FF72024B1A805A809A80704700BF9F
S214015500F056002010B5044C2379FF2B02D11FF072
S2140155105AFA2071207910BDF056002010B50C4CB7
S2140155202379FF2B08D100201EF043FE20B91FF07F
S2140155304AFA20711EF042FE2079022805D004386E
S214015540012894BF0020012010BD0020FCE700BF09
S214015550F05600204FF6FF7310B5044C22889A428D
S21401556002D11FF026FA2080208810BDF0560020B8
S21401557010B5FFF7BDFF40F61D439842044607D815
S214015580B0F5416F05D2182826D8152848D829D055
S21401559010BDA0F541630D2BFAD801A252F823F0F5
S2140155A0E5550100E55501009155010091550100B1
S2140155B09155010091550100915501009155010049
S2140155C03556010047560100E1550100E15501003D
S2140155D0E1550100E155010040F606439842D7D156
S2140155E01C4920E0FFF7B6FF1B490246002001F0E8
S2140155F043FC152C05D11FF0C6F9BDE810401EF07E
S21401560072BD164B164A1749B4F5416F08BF1A46C4
S214015610002001F031FC1EF065FD1EF064FDECE794
S2140156201628DDD11049002001F026FCBDE8104007
S2140156301EF07BBE1EF0C6F8BDE8104002460B49C0
S214015640002001F019BC0020BDE81040084901F017
S21401565013BC00BF04FC0300B1FB030024FF0300DE
S214015660ACFB0300CDFB0300EDFB030019FC0300BC
S21401567041FC030007B5094A0346108831B9084AB8
S214015680084903B05DF804EB01F010BC0091064A2E
S214015690064901F00BFC03B05DF804FB0857002037
S2140156A030C7030061FC0300D4C7030033CC0300FA
S2140156B00D4B37B51B68044693B11D780389012D40
S2140156C008BF02250093C37A084A0020084901F062
S2140156D0D3FB2146284603B0BDE830401FF02BB966
S2140156E0022003B030BD00BFD4410020D6FC030029
S2140156F085FC0300002010B51EF05BFD0D4B1B68FA
S21401570063B15A78052A03D862B1052402220AE059
S214015710FF2AFAD00020084901F0AEFBBDE8104090
S2140157201EF04CBD144610461FF061F920461FF0CE
S2140157305CF9F3E7D4410020DBFC030013B5134CFE
S21401574000201EF036FDFFF7D3FE23689BB101A8AB
S2140157501EF02BF878B923681A789DF804309A421F
S21401576009D0D91E032906D9D11E012903D9012A38
S21401577007D1022B05D1032301A8ADF804301FF091
S214015780E0F802B0BDE810401EF018BDD44100207C
S21401579000231946034A01330A2B918042F8081B5D
S2140157A0F9D17047984000207FB50E4605461FF098
S2140157B0CAF82A46044603460D49002001F05CFB60
S2140157C096B10C4B36211A889B78ADF80C208DF8D3
S2140157D00E300323002200934FF6FC7003AB8DF8C6
S2140157E00D501FF004F80446204604B070BD00BFFB
S2140157F0FCFC0300C0540400FF2810B50C4604D17D
S2140158000020044901F038FBFE202146BDE8104087
S214015810FFF7CABF15FD0300F8B51E460B880746FD
S2140158200C461546002B64D14A88B1F902100020B7
S2140158300029B8BF6B78304901F01EFB6288132A35
S2140158401DD002F5FF437F339BB2052B23D8A2F56B
S2140158500042013A052A1ED8DFE802F0193F1D036F
S2140158603C09264A2649002001F006FB13E0254A9A
S2140158702349002001F01AFB2A792349F3E7022E77
S21401588094BF4FF6FF72B5F801202049EBE70020E0
S2140158901F4901F0F1FA33462A46214638461FF0E1
S2140158A09CFF70B933462A46214638461FF097FFBB
S2140158B048F2210362889A4203D1384669781EF07D
S2140158C0FFFB6388B3F5004F02D90820FAF7C6F943
S2140158D00120F8BD2A790F49C5E70F4A084900207B
S2140158E001F0E4FA032E94BF4FF6FF726A880B4963
S2140158F0B9E70020EDE700BF50FD030078FD030087
S2140159007FFD030090FD030096FD0300A4FD030048
S214015910BCFD0300D6FD0300F8FD0300FDFD0300FA
S2140159202DE9F04116888AB0DFF88C80ADF80E308C
S2140159300DF10E03C8F8002015460093324610AB51
S21401594007460C46FAF716FE90BB109B8DF824000E
S2140159500693BDF80E3004A8ADF81C30AB898DF85F
S2140159601070ADF820306B890594ADF81E60ADF867
S21401597022301EF0ADFBD8B921463046BDF80E30B8
S214015980109A01F0C9FF98B921463046BDF80E308D
S214015990109AFFF741FF58B9CDE900603946204615
S2140159A0BDF80E30109A02F049FB08B9C8F800009D
S2140159B00AB0BDE8F08100BF94400020F0B585B084
S2140159C004AB03E9030000231C469DF80D609DF817
S2140159D00E70154AD9B202EBC1004568EDB99DF8C3
S2140159E00C30284600939DF80A209DF80B300F498D
S2140159F001F05CFA26B1324628460D4901F056FA06
S214015A000C4A0020002C18BF2246BDF808300A496F
S214015A1005B0BDE8F04001F02FBA12F8311001339D
S214015A20B94208BF2C46D5E7685404000FFE0300B0
S214015A3020FE03009FC6030024FE03004FF6FF73FB
S214015A4010B5084C88B062889A4207D102A90DF1B8
S214015A5007001DF0A8FEBDF810306380608808B00E
S214015A6010BD00BFF05600202DE9F04F85B08946E5
S214015A7092461C460746BDF83850BDF83C80109E3D
S214015A80002833D00346464A0020464901F00EFA64
S214015A902388002B76D040F20912934274D0424AF2
S214015AA04249B3F5827F08BF0A46CDF80480618873
S214015AB0002000913E4901F0F9F9238893B1B8F12D
S214015AC0020F0FD933783B4913F0010F3A4A18BF3A
S214015AD00A4659074FF000004CBF3379B37837496F
S214015AE001F0E4F90020364901F0C6F900233549F2
S214015AF031F83320AA4249D1334A52F833B0002351
S214015B0031F83300DA00A84246D100202E490A4473
S214015B10908041F8330047B9238833B9B4F902308D
S214015B20002B02DB0820FAF77FF80120FAF796F837
S214015B309EB13578EB0710D515F0040004D0424627
S214015B40012130461EF01FFBCDE901704346224677
S214015B505146484600961EF038F8BBF1000F06D0B5
S214015B604346224651464846CDE90067D847434654
S214015B70224651464846CDE900671DF0ECFC05B0CB
S214015B80BDE8F08F114A90E7114A8EE701330A2BE0
S214015B90AED14FF0000BB2E701330A2BB0D1BAE712
S214015BA0DCBD03004BFE0300A0C6030039FE030064
S214015BB059FE03003CFE030044FE03008AFE030078
S214015BC024FF03009C4000209840002032FE030082
S214015BD036FE03000D4BF0B54FF00C0C1F88054642
S214015BE000230B4EDCB2BC4201D30020F0BD0CFBFF
S214015BF004F43019345DAC4205D144888C4202D19C
S214015C0004799442F2D00133ECE700BF226A002007
S214015C107066002073B501262B4D2C4C2A46204673
S214015C20FF2300210096F9F701FB2A462046FF23B1
S214015C3000210096F9F7FAFA2A462046FF230021AA
S214015C400096F9F7F3FA2A462046FF23002100962C
S214015C50F9F7ECFA2A462046FF2300210096F9F7C9
S214015C60E5FA2A462046FF2300210096F9F7DEFAD8
S214015C702A462046FF2300210096F9F7D7FA2A463E
S214015C802046FF2300210096F9F7D0FA2A4620463F
S214015C90FF2300210096F9F7C9FA2A462046FF237A
S214015CA000210096F9F7C2FA2A462046FF23002172
S214015CB00096F9F7BBFAFF232A46002120460096F4
S214015CC0F9F7B4FA02B070BD852E0300E840002053
S214015CD02DE9F84300244FF00C090C4B0C4F1E78AD
S214015CE0DFF830803A88E5B2954202D33046BDE807
S214015CF0F88309FB0585FF21A8681CF0BEFC18B9CE
S214015D00AB799E4238BF1E460134EBE7775D002033
S214015D10226A002070660020014B1878704700BF89
S214015D20775D0020014B1870704700BF775D00203B
S214015D30F8B506460C461EF0B8F90546C8B9304611
S214015D401DF0E6FE0B2815D80B4B03EB00131F7B4B
S214015D5087B95A88012122809A88304662809B79C9
S214015D60237100F037FA39466071304600F032FA96
S214015D70A07101252846F8BD0841002070B50446EB
S214015D800E4615461DF0C4FE0B2802D94FF6FF70CD
S214015D9070BD094B03EB00131A7B002AF6D146B9F6
S214015DA001222946204600F03DFA0028EED0008860
S214015DB0EEE7012EEAD1F4E708410020FF2313B5F0
S214015DC00DF1070104468DF807301EF06CF918B185
S214015DD09DF8070002B010BD074B03EB04131B7BB5
S214015DE00BB1FF20F6E7204600F03AF90028F8D07C
S214015DF0204600F0E9F9EDE70841002013B5F6F773
S214015E000BFA0446F6F70EFA22460346124900201C
S214015E1001F032F800F084FFFFF7BAFC00F0A6F8B4
S214015E200221084602F046FDFFF764FC41F24900F4
S214015E301EF0EFFD4FF0FF130093FF2368468DF829
S214015E4004301EF0CCFD4FF400401EF0AAFD0020E9
S214015E501EF0C7FD02B010BDD9FE030038B50546D9
S214015E601EF043F990B928461EF0EFFC044628B10F
S214015E7040F60443984214BF88248D2423462A46BC
S214015E800020034900F0F8FF204638BD8D24FBE7CB
S214015E90F1FE03002DE9FF4705460E4617469846D4
S214015EA0BDF83090DDF834A0BDF83840CDF800904C
S214015EB0CDE9014AE4B2FFF7D7FD43463A463146FB
S214015EC02846CDE90094CDF808A01FF04FFCFF212D
S214015ED0034B044A044804B0BDE8F04700F01ABE7C
S214015EE0FC560020F85600204F5F0020044B014668
S214015EF01888102240F0404040F48010F6F79CBF0E
S214015F00BE510400024B18685968FFF757BD00BF21
S214015F106A9504000123064AD15C814202D1054AF2
S214015F20D05C704702335F2BF6D10020704700BF6C
S214015F30C2540400C354040070B500220446094B41
S214015F401D78094BD0B2854201D8FF2070BD1E785E
S214015F50A64204D10029F9D05E7BF607F6D40132B9
S214015F601033EFE7785D0020084100202DE9F0416D
S214015F7098B06B46304A1068516803C390680CAA03
S214015F8018602E4B14469C4603F1180615461868F1
S214015F905968083303C5B3422A46F7D112AA1746F1
S214015FA0274B03F11806154618685968083303C5C8
S214015FB0B3422A46F7D1234A03AB106851684FF023
S214015FC0010E03C3906871681860DCF83000002287
S214015FD006AB03C30C21EC46B068CDE90922186074
S214015FE0194BDFF86C801970184B0DEB01060B92FC
S214015FF006AD09A91CF8010B0132187034F8020B22
S2140160000C2A588037F8020B83F80DE0988016F8B2
S214016010010B03F1100303F80A0C15F8010B08EB4A
S214016020C00043F8080C11F8010B03F8040CE1D189
S21401603018B0BDE8F08100BF0BFF03003258040022
S2140160404A58040018FF0300785D0020084100202C
S2140160502C550400014B1878704700BF785D00206E
S214016060034B03EB0013587B00F00100704700BFA1
S21401607008410020F0B504460846D9B100220E4B6F
S21401608011461F780D4B1D46D6B2B74201D80020E7
S21401609010E01E78A64206D09E68F688314489B282
S2140160A001321033F0E75E7BF607F9D505EB0215F2
S2140160B00180A868F0BD00BF785D0020084100207F
S2140160C02DE9F347894690461D46074618B9002034
S2140160D002B0BDE8F0870029F9D0002AF7D0002BDE
S2140160E0F5D0002400780DF10601ADF80640FFF763
S2140160F0C1FF0028EBD039460DF10602BDF8066057
S2140161001DF0FBFB07460028E1D00DF10602BDF8A5
S21401611006A01DF019FC0028D9D0C9F80070C8F8EF
S2140161200000037913F0200219D1DB0614D4BDF860
S21401613006300C4A564413FA86F612FA86F20BE03B
S2140161401A790C33920642BF13F8092C891889B2C2
S2140161509842F5D8044A0A4401202A60B8E7214645
S214016160024BF5E79B5E0020795D00206C5704002A
S21401617008B50021FFF7E0FEFF2817BF044B0846CD
S21401618003EB0013587B18BF00F0010008BD00BFE9
S214016190084100202DE9F0410D4616461F461DF028
S2140161A0B7FC0B280AD8074C3B4604EB00103246D6
S2140161B02946BDE8F04180681DF077BC0020BDE8A7
S2140161C0F08100BF08410020014B0001185C7047B8
S2140161D00841002070B50C461DF09AFC0B281BD810
S2140161E00F4B03EB00139A68C2B10023142618461E
S2140161F01579D9B28D4200D870BD116806FB03111E
S214016200097B34B911F0800F1CBF0130C0B20133D5
S214016210EFE711F0400FF7E70020EDE71046EBE758
S21401622008410020F8B50D4616461DF071FC0B28F6
S2140162300BD80F4B4FF0140C03EB00139A68002396
S2140162401C461779D9B28F4201D80020F8BD1068D4
S2140162500CFB0300017B46B911F0800F03D0AC4262
S214016260F4D00134E4B20133ECE711F0400FF5E766
S214016270084100202DE9F04F064600243A4B87B02E
S2140162801B783A4F0093009B9C4207D2FF2E08D002
S21401629030461DF03DFC0B28044606D907B0BDE884
S2140162A0F08F07EB04131B7B2BBB23014FF0000879
S2140162B0019307EB041A14E014221B6802FB053550
S2140162C02B89B3F5967F01D924F0F8F94FF0000930
S2140162D04FF00C0B29891FFA89F291420ED808F16A
S2140162E00108019B5FFA88F5FB189B681A79AA4298
S2140162F0E2D8FF2ED2D10134E4B2C4E71FFA89F006
S2140163000BFB00F06B6819180A7912F0100F23D1F5
S2140163109AF800E012F0400F8DF80CE0B5F800E0B6
S214016320185AADF80EE00CBF4FF0400E4FF0800E3D
S214016330ADF8120028468DF810E01DF0AAFA5307B2
S214016340ADF81400C8780AD50228896800D909680A
S214016350002203A81DF079FB09F10109BAE702281A
S2140163608CBF89680831F3E7785D0020084100207A
S214016370052370B5094A06881488B44208D1957871
S214016380047B2C403F2C03D90D4201D0506870BDD0
S214016390013B02F10802EFD11846F8E7DC5704008A
S2140163A070B50024074D084E2B78E0B2834200D822
S2140163B070BD06EB0010437BDB0701D51DF087FCA3
S2140163C00134F1E7785D002008410020F8B50C465D
S2140163D000210546FFF7B0FDFF2829D0154A060122
S2140163E002EB00135B7B03F001016CB143F0010388
S2140163F01644A142737305D0C4B100B202EB00107B
S2140164001DF065FC0120F8BD2346F1E77B431168CA
S2140164102846CA18127BC95AD2091DF0C4F801349D
S214016420B268E3B211799942F0D8EBE71427F7E79F
S2140164300846E8E708410020F0B59446497D20B3B8
S21401644039B3012918BF042100254FF6FF702F46E6
S2140164502A46144E3488644511D196F803E01EEAA4
S214016460010F0CD0B4789C4209D30AB1BC4206D8BD
S2140164701EF0100F03D08AB1BC420CD370B901359F
S214016480072D06F10406E5D1F0BD002908BF082155
S214016490D8E70221D8E727460020F0E72746012261
S2140164A0FAE700BFC05704002DE9F04F0A9FBDF878
S2140164B024E09DF82C809DF830904C7D78B394B301
S2140164C0012C18BF04240025194800F11C0C06886D
S2140164D096421ED190F803B01BEA040F19D08678B5
S2140164E0464516D31BF0100F91F80FA004D0BAF151
S2140164F0000F0ED0B1F810A0BAF1000F09D1A945CE
S21401650013D0AE4511D95E553E88013501363E8021
S214016510ADB204306045DAD10120BDE8F08F002C21
S21401652008BF0824CDE70224CDE70020F5E700BF29
S214016530C05704002DE9F04F0024B1F57C4F0E46FC
S21401654038BF4FF0010BA246A1464FF6FF781F4613
S21401655028BF274B85B028BFB3F800B00090019242
S2140165605C4503D3404605B0BDE8F08FB6F57C4FD9
S2140165700CD3204B3A4603EB840331465B880098E4
S214016580FFF708FE054680B300232AE03A46314667
S21401659000981DF0EDFAF5E70C229CB254436A68A8
S2140165A00199105B02EB040C884219D3B9F1000F74
S2140165B001D0504514D861462846CDE902321DF077
S2140165C068F9029B60B1039A125BB9F1000F03D020
S2140165D0524501D3804503D9924680464FF00109C2
S2140165E001332A899CB2A242D6D80134A4B2B7E7B5
S2140165F022550400245504002DE9F04F91461A4611
S21401660000238BB08DF82020BDF850208DF81C009B
S214016610ADF81E10ADF8242005460F461A4604A90B
S21401662007A8159C9DF858609DF85CA09DF860B081
S2140166309DF864800493ADF822901DF0B2F9049899
S21401664050B92B46CDE90079644A654900F014FC3F
S21401665086200BB0BDE8F08FBAF1000F14D1837815
S214016660B34206D050465D4A5E4900F005FC8D20D7
S214016670EFE7037913F0010306D11846574A5A4942
S21401668000F0FAFB8820E4E703795B072CD58368E2
S2140166905A689B680592069380781DF016FF049B46
S2140166A00546DF782146022F03463A4610D805A84C
S2140166B01DF0C7FE81462B463A46214606A81DF028
S2140166C0C0FEB9F1010F01D001300DD18720C0E71E
S2140166D005981DF0B6FE0128F8D02B463A4621460D
S2140166E006981DF0AEFEEFE7BBF1000F6FD1049FD9
S2140166F04FF6FF722146B8781DF069F800286BD076
S214016700BDF82430C5B20093CDE902549DF820307F
S214016710BDF82220BDF81E109DF81C0001961DF044
S214016720D3FC002895D1BDF82430CDE9025400935E
S214016730BDF822209DF82030BDF81E109DF81C00E3
S21401674001961DF09EFA002883D121469DF8682007
S21401675007A81DF07AF900287FF47BAFB8F1000F87
S21401676007D03B462046BDF81E209DF81C101DF0A4
S2140167700FFABDF82430BDF82220BDF81E109DF892
S2140167801C000093CDE901649DF82030FEF73CFB28
S214016790BDF82430BDF82220BDF81E109DF81C005F
S2140167A00093CDE902549DF8203001961DF08BFC34
S2140167B0BDF82430BDF822200093BDF81E109DF8C8
S2140167C020309DF81C001DF034FA002041E700201F
S2140167D0064900F051FBF8E701203AE725FF0300E0
S2140167E031FF03005DFF030071FF030085FF030017
S2140167F07FB500258DF80830BDF820308DF80400EF
S214016800ADF80610ADF80A20ADF80C306946BDF8B3
S2140168102830099A01A80B9E00951DF0C2F804467F
S21401682030B916B1009B9B783370204604B070BD1A
S2140168308928FAD12846024900F01EFBF5E700BF79
S214016840A2FF03002DE9F04F4FF0000AC7B0FFF793
S21401685001FC5FFA8AF6B04202D847B0BDE8F08F75
S2140168605B4B36019A5D00205A4900F005FB00207B
S214016870594900F001FB00230593554B9DF8144040
S21401688033449B681A79A24202D80AF1010ADEE76C
S21401689014224FF000091B6802FB043422891FFAF8
S2140168A089F39A4202D8059B0133E5E70C231FFAC8
S2140168B089F803FB08F8D4F804B023F0FFFE0BEBCD
S2140168C008052B79454913F0400F3BF8083022881C
S2140168D04FF000000093424B18BF0B46414900F0B1
S2140168E0E5FA294620461CF0D4FF074600283CD18D
S2140168F03D4900F0DBFA2979DFF814C111F0010FE8
S2140169003A4818BF604611F0020FAA78EB7832D1E8
S214016910DFF800C111F0100F354918BF6146CDE907
S21401692000010020334900F0C1FA2B793BF808201A
S21401693013F0400F4FF0000B4FF0FD030DF1180858
S2140169402188CDE9023BCDE9007821480CBF4023E0
S2140169508023805DFFF74CFF86280ED12649002054
S21401696000F08AFA09F1010998E702462349002056
S21401697000F09CFABFE72249D1E7A8781CF079FF1E
S214016980D8B140461DF005FC421C92B20123414697
S214016990002000F0D5F93946208801F001FA4FF6BB
S2140169A0FF73984207D0174B174903EBC0035A6889
S2140169B0002000F061FA1549D1E7A8781CF05FFFC6
S2140169C020B140461DF0EAFB821CDEE7EA78DDE7EF
S2140169D008410020F4FF030002000400CCFF03007E
S2140169E0D1FF03004200040085F10300D9FF030034
S2140169F0DCFF0300560004007200040013050400C7
S214016A00E4FF0300AC5804005FD0030024FF03003A
S214016A10D6FF0300ECFF03002DE9F04FC7B0BDF829
S214016A2044A10646BAF1040F0D4614461F46BDF8AA
S214016A3040B163D9CDE9013B00920B46024630498D
S214016A40002000F019FAFD230DF117090DF11808C1
S214016A503046029322463B462946CDE900B8CDF89A
S214016A600C90FFF7C5FE0646B8B9FD22414699F8D7
S214016A7000001CF0ACFE0746C0B1AAF10403834235
S214016A8038BF892620461DF041FB8EB1304600F006
S214016A901BF9304647B0BDE8F08F009023462A46E2
S214016AA00020184900F0E8F90027EBE78926E9E716
S214016AB0DFF85CA0BA1CBAF80030C3F1FF039A42B3
S214016AC019DA304600F000F999F8000000F0FCF8F9
S214016AD0BAF800900C483A4641464844B94404F096
S214016AE0F3FEAAF8009023462A4630460749009747
S214016AF000F0C2F9CDE7892000F0E6F88926C8E75C
S214016B007E000400B90004004F5F0020E00004008E
S214016B10F856002010B5044C206004480180044952
S214016B200A60044A136010BDD0410020F6560020CA
S214016B30CC410020C841002030B587B00AAC0D46D4
S214016B4054F8041B0093CDE9011413460949024683
S214016B5009480988006805941DF0DAF94FF48A524D
S214016B60064B1B681880064B1B685D80DA8007B0F1
S214016B7030BD00BFF6560020D0410020CC41002099
S214016B80C841002008B410B587B009AB0C4653F8CD
S214016B90041B0092CDE9011302460B490B480593ED
S214016BA00988002300681DF0B3F94FF48A52084B98
S214016BB01B681880074B1B685C80DA8007B0BDE84D
S214016BC0104001B0704700BFF6560020D0410020AB
S214016BD0CC410020C8410020044A034611680448FD
S214016BE0044A0988126800681CF06BBCCC4100207E
S214016BF0C8410020D0410020044B054A1B6812689A
S214016C001988044B18681CF0CFBB00BFCC4100208C
S214016C10D0410020C841002007B5074B1B681B88E0
S214016C200192064A12680092054A12681CF01DFC81
S214016C3003B05DF804FB00BFCC410020D04100202A
S214016C40C84100201FB51446064A12681288CDE9CD
S214016C5001430091044B05491B6809681CF0E1FBE0
S214016C6004B010BDCC410020D0410020C841002016
S214016C70014B1868704700BFC8410020024B1B68D3
S214016C8018715971704700BFC841002010B5002423
S214016C90084B1C70FEF75EFC074BFF22188021464E
S214016CA0064804F081FC064B1C80064B1C605C60A9
S214016CB09C6010BD59600020FA5600204F5F0020EE
S214016CC0F8560020FC56002007490B88FE2B9FBF74
S214016CD0064AD054581C80B29DBF088000F1FF3090
S214016CE080180020704700BFF85600204F5F002034
S214016CF0F8B5094F0D463B885C18FE2C0ADC074E9A
S214016D000A46A4B20146F01804F0A0FC3C80641BBD
S214016D10A019F8BD0020FCE7F85600204F5F0020C0
S214016D20024B034A00201A60704700BFD44100207E
S214016D3028550400014B1878704700BF0841002011
S214016D4030B4044D044C002B0CBF2B46234630BCFC
S214016D501DF048BACCBE0300B301040070B5054669
S214016D6008460C461DF015FA611C0246024B2846E1
S214016D70BDE870401DF036BAD208040000B50378AD
S214016D8089B0069343783E22059383780849049395
S214016D90C37803930379029343790193837900932C
S214016DA0C3790448008800F081F809B05DF804FB57
S214016DB00E01040008570020024B024602491888BB
S214016DC000F05AB80857002038C503002DE9F047EF
S214016DD005460E4617460024DFF84480DFF844A037
S214016DE0DFF84490AC4201D1BDE8F087B8F8000066
S214016DF006EBC401534608221DF0F4F90134B8F835
S214016E0000003FB9044AA54208BF4A46034900F0BC
S214016E104DF8E7E74A46F9E724FF030037C50300C4
S214016E2008570020B301040000AE03002DE9F0412D
S214016E300E4E044630881DF0EDF9A8B100250C4F22
S214016E40DFF83080E3070AD518B94146308800F0EC
S214016E502DF830882A46394600F028F800200135FA
S214016E601B2D4FEA5404EDD1BDE8F08108570020F0
S214016E70CBED030056FE03000EB417B505A9044674
S214016E8051F8040B019103F091FA01210220054A01
S214016E90F8F7ECFC044B1C8003B0BDE8104003B0CF
S214016EA0704700BF24FF0300085700200EB417B533
S214016EB005A9044651F8040B019103F077FA034B38
S214016EC01C8003B0BDE8104003B07047085700208F
S214016ED013B503680446587900F032FF90B9236869
S214016EE05A88032A0ED0E17C5B79CDE90021164948
S214016EF0164AFFF7C1FF012120461DF02BFA01209B
S214016F0002B010BD637D012B0AD0637D33B92368BF
S214016F10228A598858791CF007FE48B9C3200AE02E
S214016F202368228A598858791CF007FE0028ECD07D
S214016F3020461DF071F9064B1B78002BDFD110F5AA
S214016F40807FDCD0C1B2D7E73B01040033010400E7
S214016F5050600020002970B50F491D460F4B14469E
S214016F600CBF6E227922002808BF0B4600200C4970
S214016F70FFF79CFF0B4E2544AC4205D1BDE870409F
S214016F8000200949FFF778BF3146002014F8012B8D
S214016F90FFF78CFFF0E700BF740104006A010400EC
S214016FA07D010400B101040008E503002DE9F04F5E
S214016FB0C27C8BB00592427D0368002A14BF8022F2
S214016FC04022077D0446856886895879B846B3F815
S214016FD00290069200F0B4FEA0B9059B052B05D8D9
S214016FE06FF02D03059A1341DB070BD5B9F1030F9B
S214016FF008D0AB490020FFF73FFF012120461DF0D6
S214017000A9F976E0E37B1BB1228A002A00F0B7815A
S214017010607D0022B0FA80F05B4203F00403DFF8E3
S2140170208CB2400943EAC000ABF80020FFF74CFEE3
S214017030E37B1BB3208A1DF069F88246A07CFFF72C
S21401704043FE059A162A00F29A81DFE812F019002B
S2140170509E016C005600D2016C009201D9019A0182
S214017060E001E701EE013901020298019801980159
S2140170701402580214027002390102029A46DDE730
S21401708000204B46874A8849FFF7F6FE0120FFF7A6
S2140170901BFE08F10207B74229D841463246284668
S2140170A01DF071F88046236842465879BBF80030D7
S2140170B04946C3F1FF039BB20193238A0093069BC3
S2140170C01EF08EFB10B11FFA87F8E2E723684246EE
S2140170D05879BBF800304946C3F1FF039BB20193D0
S2140170E0238A0093069BFFF797FC8928EBD11DF0B6
S2140170F02BF901200BB0BDE8F08F4FF0000B0420F8
S214017100FFF7E2FDF31E0893089B984552D3BBF1A7
S214017110000FECD1E37B94F81480002B0CBF022205
S2140171200422624B1A804FF0000B0420FFF7CCFDBF
S2140171305F4608F1030A564540F29D8032464146B5
S21401714028461DF020F805EB08039B78F21EAA449A
S214017150A2EB080207905146184692B209931CF01A
S21401716036FB0890002879D02268099B5079CDE932
S21401717001A3238A49460093DDE906321CF056FE38
S21401718082464A460020079B4949FFF78FFEBAF11F
S214017190000F55D10BF10103504646495FFA83FBB8
S2140171A0FFF76AFE089B08F1030813FA88F81FFA2E
S2140171B088F8BEE73246414628461CF0E4FF05EB58
S2140171C008039F78089B08F10301A3EB08022944F2
S2140171D0824692B2384609911CF0F9FA079068B3D4
S2140171E023680999587902970191238A5246009398
S2140171F04946069B1CF06AFE0746B8B10BF101032F
S21401720038465FFA83FBFFF75FFD50461CF07EFFB2
S21401721053464A4600202649FFF72EFE3A460020EE
S2140172202549FFF729FE802F3FF471AF079B08F130
S214017230030813FA88F81FFA88F865E78027DDE760
S2140172405046FFF741FD07981CF060FF0137524694
S21401725000201949FFB2FFF70FFEA3E78720FFF7CB
S21401726033FD07981CF052FF013787221249089810
S214017270FFB2FFF701FE059B052B3FF43AAF002F47
S2140172807FF435AFBBF1000F05D10C495846FFF727
S214017290F3FD8021B2E63846FFF716FD27E700BF6B
S2140172A083B50300BE0104000B020400F85600205B
S2140172B0C80104000B010400E4010400EE0104000F
S2140172C00599A84AA84B0020152918BF1346CDF8E2
S2140172D00090A64AA649FFF7CFFD059B0C2B14BFCD
S2140172E016200D20FFF7F0FC3246284639461CF0E2
S2140172F04AFF059B3D440C2B0646AD7835D1192D2A
S21401730028BF1925E37BB3B14FF6FF73278A9F4247
S21401731011D1206832464946069B4079FFF70AF9A3
S214017320B84208D0BAF1000F05D020828AF80000D2
S214017330000A8AF801000020BBF80070FFF7C4FCC1
S214017340236832465879059B4946A3F1150CDCF1B2
S214017350000343EB0C03CDE90153238A0093069BFC
S2140173601CF0D8FC834BD855C1E6132D28BF132536
S214017370C8E72046FDF7D0FB00287FF4BAAE81218E
S2140173803CE62046FDF77CF8F6E7B9F10A0F05EB77
S2140173900708A6EB070A21D1DFF8DCB19BF800301D
S2140173A0E3B1E37BD3B9BAF1080F17D132463946B8
S2140173B028461CF0E8FE88B998F8023073B998F8A8
S2140173C00320E22A0AD13246391D284605931CF0CD
S2140173D0D7FE1CF0A4FF059B8BF8003041464846BB
S2140173E01FFA8AF21EF0FEF900287FF482AE002111
S2140173F004E6F21B484692B2E9191CF081FEF3E757
S214017400F21B484692B2E9191CF03EFEECE7F21B6D
S214017410484692B2E9191CF063FEE5E7F21B4846BE
S21401742092B2E9191EF0E0F9DEE72368EE5D5879BD
S214017430238A0137ED5D0193069B32464946009348
S2140174402B461CF0A6FB2A46314648461CF01EFE7B
S2140174504FE605987A1CE95DB31AA0F1160670424C
S21401746070410039009018BF012148469BB22A445A
S2140174701CF00EFEB8E7059BEE5D112B3D446F78C0
S21401748038D11220FFF720FC0025E37BB3B14FF67D
S214017490FF73B4F81080984510D133464A4621460A
S2140174A02846FEF7C9FF404508D0BAF1000F05D0BF
S2140174B020828AF80000000A8AF80100BBF80080E2
S2140174C0DFF8B0A0C8F1FE0292B208F10103009203
S2140174D053444A4621462846CDE90267CDF804B012
S2140174E0FEF7E2FFBBF800300AF808000133ABF8FC
S2140174F00030FCE51420FFF7E7FB0125C5E77B1C00
S2140175009E422CD3EF5D1D44003F18BF0127F31A9E
S2140175109EB233462A4639460020FFF71BFD0096E9
S2140175202B463A464846218A1CF0B6FD5CE77B1C92
S2140175309E4214D3EF5DF61A003F18BF01271D4483
S214017540B6B233462A4639460120FFF703FD0096B8
S2140175502B463A464846218A1CF09CFD44E700200B
S214017560C8E500BF24FF0300B9010400FF010400C1
S214017570090204004F5F00204E60002038B54FF628
S214017580FB750446A9424FF001019DF8100098BF13
S21401759043F40043217023816260A072022300201D
S2140175A0084A0949FFF768FCE07A084B40F6CA0228
S2140175B003EB4010FF211BF041F8BDE838400420E2
S2140175C0F8F732BB19020400240204001842002016
S2140175D030B5054685B028B91D4905B0BDE830402F
S2140175E0FFF74ABC0024007B1CF0E3FD2046194A45
S2140175F019492C70FFF740FC184BE87AFF2103EB82
S21401760040101BF02CF82046154B02019A5C22B95B
S21401761001300428F9D1F8F721FB696899B1B5F969
S21401762008302A899B1303F002038DF80430C2F355
S2140176300E03ADF806304FF6FF73ADF808300023A1
S21401764001A80393884705B0BDE830401CF0B6BDDD
S2140176504F020400190204008102040018420020AF
S214017660D84100200948037873B91946084AD372ED
S2140176700133042B1173117051601181917202F163
S2140176801002F4D101230370704700BF4F60002041
S214017690D841002008B5FFF7E5FF002305491A0188
S2140176A08A5C01EB03101AB10133042BF7D10020D9
S2140176B008BD00BFD841002070B50D460646FFF74D
S2140176C0D1FF0023094800EB0514A17AB14205D188
S2140176D0217819B12B4400EB031070BD0133042B44
S2140176E004F11004F1D10020F7E700BFD8410020D3
S2140176F010B50446FFF7B6FF0E4B9C4212D003F1BD
S2140177002002944210D003F1400294420ED060331E
S2140177109C420DD10323084800EB0310BDE810403E
S214017720FFF756BF0023F6E70123F4E70223F2E74B
S2140177300020F3E718420020D841002070B500244D
S214017740064D074E2846324600210134F7F7A4FDC0
S214017750042C05F12005F5D170BD00BF18420020AC
S214017760F17601002DE9F34105460C461746984689
S214017770FFF790FF064640B91C4A1D49FFF77CFB00
S2140177800224204602B0BDE8F0814FF6FB739D420D
S2140177900AD94FF6FD739D4204D00020134A1549BD
S2140177A0FFF76AFB4FF6FD75434621463A462846E3
S2140177B01CF09DFD044600F02FFE804634B12346A2
S2140177C000200A4A0C49FFF757FBDAE73B462046FA
S2140177D0064A0A49FFF750FB062329463046089A0F
S2140177E0CDF80080FFF7CAFECBE700BF1902040000
S2140177F08E020400B8020400ED0204001603040021
S214017800F7B506460C461746FFF744FF054638B956
S214017810104A1149FFF730FB0224204603B0F0BDA1
S21401782021464FF48A5230461CF029FF044600F0E8
S214017830F3FD34B123460020064A0849FFF71CFB36
S214017840EBE7009004233A4631462846FFF796FEBA
S214017850E3E700BF190204008E0204003E030400A1
S214017860F7B506460F46FFF715FF054638B9104A25
S2140178701049FFF701FB0224204603B0F0BD0022A9
S2140178804023114630461DF0BEF804461DF0B9F8F7
S21401789034B123460020064A0749FFF7EDFAEBE725
S2140178A0009001233A4631462846FFF767FEE3E794
S2140178B0190204008E0204007103040073B5044625
S2140178C00E46FFF7E7FE054638B9104A1049FFF79E
S2140178D0D3FA0224204602B070BD0022204611468B
S2140178E01DF093F804461DF08CF834B123460020B1
S2140178F0064A0849FFF7C0FAECE7009023463246ED
S2140179004FF6FC712846FFF739FEE3E7190204003B
S2140179108E0204009F0304002DE9F041884610788A
S21401792000219EB014461D46FFF7C6FE06460028F7
S21401793000F0FD800778002F7BD0B8F800100029F2
S21401794040F0F5800389B8F8022043F400408242F3
S21401795040F0ED80617800296BD1A2F50042062A3D
S21401796000F2E580DFE812F0A100A100E300E300E9
S2140179700700B8006900E3880D3DADF8243023897F
S21401798015F00105ADF8263063798DF82830E37AD5
S21401799003F1060214F812208DF814308DF81C201D
S2140179A042D10BA98E46069104F10C005FFA85FCC4
S2140179B09C4500F1020009D210F8018C10F802CCA7
S2140179C001350CEB082C2EF802CBEFE701EB430157
S2140179D01A440891D2B2590001F10D009A42C0B280
S2140179E00BD025186D78205C7831694400EB0520B2
S2140179F0013321F84C0CDBB2EDE7B6F908203389E8
S214017A00002AACBF01220322C3F30E038DF808201F
S214017A106288ADF80A3005ABADF80C20049302A9D4
S214017A2030461CF04FFC04E0424A43490020FFF771
S214017A3023FA38461EB0BDE8F081042D02D83D4A2F
S214017A403E49F3E72379053DADB29D42B4F8028085
S214017A5002D0384A3A49E9E73A4A3B4B0020002D22
S214017A6008BF13463949334ACDF80080FFF704FAB8
S214017A7005348DF81450B6F90830069485B1002BFC
S214017A80ACBF012303238DF82C303389ADF8308049
S214017A90C3F30E03ADF82E3005AB0D930BA9BFE76C
S214017AA0002BACBF06230523EDE70B2DC7D9D4F871
S214017AB00200D4F8061013F4004F05AA03C20CBF47
S214017AC0042203228DF82C206289C3F30E03ADF83D
S214017AD03020ADF82E30DFE7042DB0D96388ADF83D
S214017AE0303023790533DBB29D4206D00020114A9F
S214017AF017490095FFF7C0F99BE70E4A0020154984
S214017B00FFF7BAF9B6F908203389002AACBF01227B
S214017B100322C3F30E03ADF82E3005AB0D93631DA0
S214017B20069323798DF82C208DF81430B6E70027BC
S214017B307FE700BF19020400CC030400F40304002D
S214017B400804040048BD030024FF03002F040400BA
S214017B504C0404008D040400304BF0B5B0FBF3F286
S214017B604FF4616503FB1200B0FBF5F3DCB205FBD5
S214017B7013033C25B3FBF5F3DBB2A0EB04104B710A
S214017B80C3EB0313A0EB83004FF4FA630B8040F2C0
S214017B9001134B8001230C711F4600246425204EDF
S214017BA08871944200D1F0BD91F802C013B1BCF1C6
S214017BB0020F2BD006EB0C0010F801ECC8787045CC
S214017BC00BBF012001300CF1010CC0B208BF81F8D7
S214017BD002C0C87088780D2816D10B888F700133C3
S214017BE09BB298070B8014D1B3FBF5F005FB103060
S214017BF080B280B94FF4C870B3FBF0FC00FB1C33B5
S214017C009BB2B3FA83F35B090134CAE74FF01D0E4A
S214017C10D4E70023F8E70123F6E700BF805101000F
S214017C206E58040010B5044688B006A9FFF794FF05
S214017C309DF81E300A4803939DF81D300494029364
S214017C409DF81C309DF81A200193BDF8183005499F
S214017C50009300889DF81B30FFF70EF908B010BDA1
S214017C6008570020A6040400026808B51188154BC1
S214017C7019805188598051791971117959714FF4C8
S214017C808A51D980D28812F0200F0CBF0A464FF4D1
S214017C908B528169DA800C4A137831B9C0880B4956
S214017CA023F002030880137008BD43F0020313702B
S214017CB0074B15221846013103F0C8FC002200F8D4
S214017CC0012CF1E7FC56002059600020FA560020EE
S214017CD00B57002010B5184C236858791BF018FF75
S214017CE00B2822D8154B03EB0010027B237F9A4208
S214017CF01BD12368428819888A4205D04FF6FF7047
S214017D00814212D1120410D42279023A012A06D9EC
S214017D10A37B63B9BDE810400748FFF747B9198947
S214017D2058791BF02BF80028F2D1002010BD02482C
S214017D30BDE81040FFF7CCB89C4200200841002067
S214017D4008B51BF0E5FE0B2896BF024B0020185C19
S214017D5008BD00BF5E60002008B500201CF029FAAF
S214017D60FF201BF008FF1CF029FA1CF0D0F8FEF7E4
S214017D7071F901210246064803F016FC054BFF2166
S214017D80054A0648FEF7C6FEBDE80840FEF708BBF2
S214017D905E600020FC560020F85600204F5F002051
S214017DA0F0B5002204464FF6FF750B4F90B237F838
S214017DB030600346AE4201D12846F0BDA64209D145
S214017DC0B4F57C4FF9D307EBC3035B888B42F4D041
S214017DD00029F2D00132E9E7AC58040010B5044698
S214017DE0FFF7DEFF094A034610884FF6FF729342FB
S214017DF014BF074A2246BDE8104017BF02EBC30373
S214017E0004495A680449FFF751B800BF08570020D3
S214017E10AC580400C90404005FD00300034B187873
S214017E200130C0B2187000F07F007047846A0020ED
S214017E30044A137818B143F001031370704703F036
S214017E40FE03FAE759600020014B1870704700BF27
S214017E505C60002038B1074B1B78012B04D10388E6
S214017E6043F0400303807047022BFCD1038823F0C4
S214017E704003F7E75C60002068B1074A1378012BDE
S214017E8007D1064B1B781370037843F01003037079
S214017E9001E0022BF8D070475B6000205A6000209A
S214017EA07FB50121264B274E197033780246D90734
S214017EB044D42549096881B10868C1888D0641BF47
S214017EC0224CE18841F02001E180C1884C0641BF87
S214017ED01E48C18841F04001C1801D4D1D492878CA
S214017EE0097840074CBFE97069701B4913F002041A
S214017EF0098809D0164A19481CF0DEF8337823F0B1
S214017F000203337004B070BD154B18884FF6FB732F
S214017F10984208D80B46CDE9005201460B4A204646
S214017F201BF0A3FAEEE74FF6FF73CDE9014200938B
S214017F300A46074B05491BF074FAE3E70020E1E720
S214017F40506000205960002098420020FC56002016
S214017F504F5F0020856A0020F85600200A5700204F
S214017F60FA56002070B503790446012B0D461646D5
S214017F7031D883681B78DB0600D561B3A37B13B9C0
S214017F80E37C0B2B27D00022144B1A80637DB3FAB7
S214017F9083F35B09D800E37BABB9FEF795FEA07CC3
S214017FA0FEF792FE0B20FEF78FFEE07CFEF78CFEBE
S214017FB02846FEF789FE2046FFF756FE3046BDE806
S214017FC07040FFF76DBF40F00400FEF77DFE208A8B
S214017FD01CF09CF8E3E7002070BD00BFF8560020B7
S214017FE0024B0A4601461868FFF7BCBF98420020BC
S214017FF0F0B4054618460F4B0C461B78BDF810101A
S214018000012B0D4E01D0377827B1002333700020A5
S214018010F0BC70470CB9002AF9D143B14FF657436B
S214018020994204D02B462246F0BC1CF02BB8012006
S214018030EEE700BF866A00205D6000202DE9F04F64
S214018040684C4FF0000A25468446964698460F46E9
S214018050654B664E83F800A00FCE0FC596E80F005D
S21401806085B085E80F00DDF83C90BDF838307246E3
S2140180700093394643466046CDE9019400F0DCF8AA
S214018080DFF89081064670B90025FEF7FFFD16223F
S2140180900021574803F088FA00232846C8F8003024
S2140180A005B0BDE8F08F534BA27CC8F800401A70AB
S2140180B0514B1B78002B36D01CF033F94F49024642
S2140180C05046FEF7F3FE22685046537952884C49D3
S2140180D00092A289FEF7EAFE50461CF09BF820B1FA
S2140180E02368218A5888FFF779FEE37B23B10020B5
S2140180F0228A4449FEF7DAFEA36800201A78E37C58
S21401810041490093A37CFEF7D1FE207DA289A16898
S214018110121A01440123002092B2FEF711FE00203C
S2140181203A49FEF7A9FE2F48FFF79EFD2D481DF0A0
S21401813052FB054630BBB9F1000F25D12168E08816
S2140181400B8801904988BA1E032A00918CBF002231
S21401815001220121E07CFFF74BFF38B923685B79E8
S214018160FF2B3AD0FFF7B6FD05468EE72368DB887E
S2140181709A06F3D40121264C1A4821701CF0EAF81D
S21401818084F80090354680E7B9F814309B07E5D4AB
S2140181907AE75846FEF718F882465846FDF760FF1C
S2140181A088B123685046228A59881BF0B4FC50B126
S2140181B03846FFF759FD236889F804A083F805A01F
S2140181C0FFF788FD00B9284605460136FDF742FF50
S2140181D05FFA86FB5845DCD857E70026014FDFF8E3
S2140181E03890F3E79C420020506000208C58040031
S2140181F00A570020856A0020836A0020E2040400F2
S214018200EB0404000C0504001805040092B60300F4
S2140182105D60002098420020FC5600200023054A9D
S214018220D15C814202D31A44507870470233DBB2E4
S214018230F6E700BF7A58040073B515462E781A463D
S21401824016F0040F0CBF032605269E42089C08D98B
S214018250224A234900960020FEF70EFE002002B0B7
S21401826070BDBDF8183021712060E380A560A28141
S2140182702B7803F00103A3732B7803F00403002B80
S21401828014BF01210021E1732978C1F3C001617592
S2140182904FF00101217518D028461BF074FF237D8D
S2140182A0208202332375227D531CDBB22375A95C21
S2140182B00232D2B2A1742275EB5CE374A3899A42AE
S2140182C005D900920749054AC5E72382EBE7079BD4
S2140182D00120A36100232377C1E700BFDCBD0300B3
S2140182E05B050400770504002DE9F7430024204FC1
S2140182F0DFF89C80DFF89C90E0B21CF0C0FAFF2803
S21401830005460FD12346012102201A4AF7F7AEFA95
S214018310194B0134187819F093FD152CECD103B0E4
S214018320BDE8F08346B238EA260328BF4B46012152
S2140183300093022057F82430104AF7F797FA002ED8
S214018340E6DA0923E340DB070AD50D4A0D4B15F0A3
S214018350010F18BF1A4601210220F7F787FAD7E75F
S2140183600A2CD5D1084A094B15F0010FF1E700BFD9
S214018370C4580400D0050400876A0020F8050400EC
S214018380A905040093050400C5050400BB05040007
S21401839048BD030024FF030008B55422002102480B
S2140183A003F002F9002008BDF857002008B5542252
S2140183B0FF21024803F0F8F8002008BDA45700206A
S2140183C0024B23F810100020704700BFA45700206E
S2140183D0002310B4074ADCB2A14203D85DF8044B6F
S2140183E0FFF7DABF2A2BF9D032F8024B20F81340F8
S2140183F00133F0E7F8570020002310B5054A9942EB
S21401840001DD2A2B00D110BD32F8024B20F81340B3
S2140184100133F4E7F8570020024B187800F07F008C
S214018420704700BF6A600020034B18780130C0B265
S214018430187000F07F0070476A60002030B51C4657
S21401844000238BB0ADF82220021D92B2012A0E9DA8
S214018450ADF82030ADF81E10ADF81C3003D94FF63C
S214018460FF7290420FD10022CDE90352CDE90124DB
S214018470094B01461B784FF6FF70009307AB1CF0C3
S2140184801EFA0BB030BD0146CDE9015318460094E3
S21401849007AA1CF030FAF4E7886A002038B50546CA
S2140184A04FF480500C4603F085FA4FF48053286051
S2140184B0236030B940F2A511BDE83840014822F0EA
S2140184C0F0B838BDE706040000487047B6590020EA
S2140184D0014B1878704700BFA16A0020014B18882D
S2140184E0704700BF2A6A0020014B1878704700BF0A
S2140184F09A6A0020014B1878704700BF6E60002012
S214018500014B1878704700BF956A0020014B187020
S214018510704700BF71600020014B1870704700BFA4
S21401852070600020014B1888704700BF286A002041
S2140185302DE9F74F4FF00008394B3A4F93F800906A
S214018540394B3A4E3A4D3B4C3B483C49DFF8F4C078
S214018550DFF8FCE0DFF810A1DFF810B10193019B12
S2140185602037203301935FFA88F3994506F12006F8
S21401857005F1200504F1200400F1200001F120019D
S2140185800FD8002211462E4B2E4D1C782E4E2F4B07
S2140185902F4FD0B2844203F1200338D803B0BDE890
S2140185A0F08F2C4B2C4A47F81C3C002346E9072346
S2140185B02A4A47E9063E45E90723294A46E905E3EB
S2140185C044E90723274A45E905E340E90723019AD9
S2140185D044E905E340E905E341E908CA41E9063E05
S2140185E047F820CC47F8103C46F820CC45F820CC7C
S2140185F044F820CC40F820CC41F8103C08F10108A2
S21401860042E908CB42E9063E42F8103CA7E743E9B7
S214018610085643E9061743F8101C0132B9E700BFB4
S214018620A56A0020744600207445002054460020A8
S21401863034460020D4450020B4450020944500204F
S2140186409F6A0020F054002045B10200F445002046
S21401865024FF0300F96E0300D16D03008179020047
S2140186602193020039480300F5F6020085680200EE
S214018670002208B5074B1A605A601CF0CFF8064B6B
S21401868018701CF0CBF8054B1870054B1A78054B83
S2140186901A7008BD92540020AC600020AB60002028
S2140186A0936A0020AA600020002100B593B0084616
S2140186B06A460AF0E7F90146C8B90E4B0E4A099315
S2140186C00E4B0D920A930E4A0E4B0E920B930E4AC8
S2140186D00E4BCDE90F230C930D4B6A4611930AF00E
S2140186E087FC003818BF012013B05DF804FB012099
S2140186F0FAE700BF636903001D750200676B03009C
S214018700DD4902006748030049840200C76B030085
S2140187104D710200084B1878112806D8012809D98E
S214018720064BC34003F001007047A0F143035842D3
S2140187305841704700207047AE60002034000200A8
S21401874008B5064B1B78013B022B05D80020FFF726
S214018750E1FF0138C0B208BDFF20FCE7AF60002092
S214018760044B00F1100250F8041B904243F8041B1E
S214018770F9D17047B0600020044B03F1100253F8A2
S214018780041B934240F8041BF9D17047B0600020E7
S21401879030B5002491B0114B0546214614220BA892
S2140187A0CDE9094302F000FF102209ABCDE90044F0
S2140187B00693CDE90452CDE90252094B09490AA8AC
S2140187C018F03DFF04460AA81CF0A2FD1CB1A0212A
S2140187D0054821F066FF11B030BD00BF00248000BF
S2140187E000444004B06000207207040070B5002405
S2140187F090B0154B05460E46142221460BA8CDE92E
S214018800094302F0D1FE102209ABCDE900440693DC
S2140188103146CDE90452CDE902520C4B0AA818F0B4
S2140188200EFF04460AA81CF073FD1CB1BA210848C5
S21401883021F037FF099B102B03D0BB21044821F000
S21401884030FF10B070BD00BF00248000004440041B
S2140188507207040030B50D4600218FB0124B044656
S214018860142209A8CDE9071302F09EFE102207ABD9
S214018870CDE90242CDE90042049329460B4B08A8F4
S21401888018F0DFFE044608A81CF042FD1CB1D121F9
S214018890074821F006FF079B102B03D0D22104487E
S2140188A021F0FFFE0FB030BD0024800000444004DC
S2140188B0720704000022034B1870034B1970034B18
S2140188C01A707047C1600020C2600020C06000209E
S2140188D02DE9F04FDFF89080064698F800300D46F7
S2140188E085B0002B3AD04FF6FB73984236D84FF03E
S2140188F0000B1C4FDFF874A03C7898F800305FFA44
S2140189008BF94B459AF8000011D9484402AA0DF19B
S2140189100601C0B214F00CFB082229460DEB02003A
S21401892003F08EF90BF1010B0028E6D14C463B789B
S214018930A34208D198F80020631CDBB29A423B7030
S21401894004BF00233B70324629469AF800301C4487
S214018950E0B205B0BDE8F04F14F0D8BB05B0BDE8F5
S214018960F08F00BFC0600020C2600020C160002000
S2140189702DE9F74F06460D4614461F464FF0010BEC
S214018980DFF8789003F10C0A15B903B0BDE8F08F53
S214018990102DA84628BF4FF010083A46164B5FFA2E
S2140189A088F152F8040B524543F8040BF9D10191B2
S2140189B09AF8002011481A70002389F80F4089F8A8
S2140189C000B089F80E30FFF7E3FE324601340B485B
S2140189D00199E4B212F801CB10F8013B83EA0C03CB
S2140189E002F8013C931BDBB28B42F3D3A5EB0808DC
S2140189F016461FFA88F5C7E7C4600020C36000204A
S214018A002DE9F04F9046914685B00090981A029352
S214018A1083B20193009B0F46354903F10C0453F8CA
S214018A20045BA34241F8045BF9D11B78314E0B700D
S214018A3049233370019BF0731B0A3046B373FFF76B
S214018A40A7FE0221BB460D46737888EA03037370BE
S214018A504FF0000A1DE0C5F11004A9EB0A039BB212
S214018A60A4B29C4228BF1C4600231FFA83FCE818C8
S214018A706445C0B21FD82544EDB2A344102D54441A
S214018A801FFA84FA05D1002530460391FFF780FED0
S214018A900399D145DFD807EB080B25B1154803919B
S214018AA0FFF776FE039901294FF000050DD001214D
S214018AB0DDF80490CCE71BF803C016F800E001339C
S214018AC08CEA0E0C06F800C0CFE7029B09491F444A
S214018AD0094B38461C78224602F0F6FE2A46214605
S214018AE03846009B05B0BDE8F04FFFF741BF00BF19
S214018AF0C4600020C3600020A66A002030B540781C
S214018B000C4601284FF0110387B001F1100516D16C
S214018B10144A01A90AF0F4FF234601AC224618685C
S214018B205968083303C2AB421446F7D111230D4AE4
S214018B30002001A90AF0E4FF002007B030BD0120A3
S214018B40094A01A90AF0DCFF234601AC224618684F
S214018B505968083303C2AB421446F7D11123024ABF
S214018B60E6E700BF75E4010079EB010030B50C467D
S214018B70407887B001284FF011030DBF0B4A0C4A0D
S214018B80012001A918BF01A90AF0BAFF234601AACC
S214018B9005AD144603CCAC4218605960224603F179
S214018BA00803F6D1002007B030BD00BF75E4010010
S214018BB079EB010010B50C4688B01A230C4A01A9BE
S214018BC001200AF09DFF21460DF10E0304F110026B
S214018BD051F8040B914243F8040BF9D11A230020F3
S214018BE0034A01A90AF08CFF002008B010BD00BF9F
S214018BF024E10100F0B58BB004460D461DF076FE6B
S214018C00A8B101A812F044F988B1667B271D16F0B9
S214018C10020F05D00822384601A903F011F8D0B991
S214018C2001AB46F0020603CB6060796066731A23D7
S214018C300A4A03A901200AF063FF29460DF116032B
S214018C400DF1260253F8040B934241F8040BF9D1B7
S214018C5000200BB0F0BD2D20FBE700BF24E1010092
S214018C60F0B50546071D00220C463846082193B08C
S214018C701DF0CAFD6A7B0646D0070BD5687808A9A1
S214018C801CF077FADDF83D306B60DDF841307B6033
S214018C9080B10BE0910709D5D2000121384602F0D8
S214018CA080021CF071FAFF28687002D12D2013B0E3
S214018CB0F0BDD6B1687801A91CF0F8F99DF81C3012
S214018CC05B0604D54FF4C6710A4821F0EAFC234638
S214018CD003AD07AC2A4603CAA2421860596015467E
S214018CE003F10803F6D10020E1E708A91CF041FAD8
S214018CF0CEE700BFF00704002DE9F04106468AB032
S214018D001F480F4615460024FFF736FD002C01A923
S214018D1014BF4FF05C0C4FF0360C10238846184AEF
S214018D2012F8010B013B8CEA000013F0FF0301F877
S214018D30010BF5D105A81EF0A2FB4246102105A89D
S214018D401EF0A1FBC4B93946324605A81EF003FC45
S214018D502A460DF1140C0DF1240E634603CB734520
S214018D60106051609C4602F10802F6D114B10AB0B7
S214018D70BDE8F0810124C9E72A461021E5E700BFD6
S214018D80F36000202DE9F04791460D46C0B09DF8EE
S214018D902041DDF828811E46DFF87CA09DF82431AD
S214018DA007462246494640468AF8003002F08CFDC6
S214018DB09DB12346324641463846FFF721FEB4426E
S214018DC007D9A11B3B46012289B208EB0600FFF733
S214018DD0CFFD002040B0BDE8F087A11B3B46012235
S214018DE089B208EB0600FFF7C3FD224641466846F6
S214018DF002F06AFD3246694638462346FFF700FE12
S214018E009AF800200DEB040109EB040002F018FFAC
S214018E100028DED02C20DDE7A66A002038B5034600
S214018E20104601F1100451F8045BA14242F8045BBC
S214018E30F9D104491BB1FFF7D9FC002038BDFFF773
S214018E4009FDFAE7F360002030B5054689B06946AA
S214018E501BF0B0FF6B8804ACABB1224629466846CE
S214018E601BF048FF0E4A08AD234603CBAB42106009
S214018E7051601C4602F10802F6D10948FFF770FC62
S214018E80002009B030BD6B46054D1A4603CAA24202
S214018E9028606960134605F10805F6D1EDE700BFC5
S214018EA0F360002050B10B4B0B4A03F1100153F84D
S214018EB0040B8B4242F8040BF9D17047064B054A66
S214018EC003F1100153F8040B8B4242F8040BF9D15D
S214018ED0704700BFF3600020D360002008B5102261
S214018EE0024802F0B3FB002008BD00BFE36000208B
S214018EF008B508461022024902F0A8FB002008BD6A
S214018F00E360002010B5044686B001A9114A11237A
S214018F1001200AF0F5FD9DF8143001A8E3701EF05B
S214018F2075FE80F001000C4A01A960701123012032
S214018F300AF0E6FD9DF8143001A8A3701EF066FE47
S214018F4080F00100207010F03DFB6060002006B04C
S214018F5010BD00BF75E4010079EB010010B50446B1
S214018F6086B01123134A012001A90AF0C9FDA3788E
S214018F709DF814209A4207D08DF814300020112352
S214018F800C4A01A90AF0BCFD11230B4A012001A9D4
S214018F900AF0B6FDE3789DF814209A4207D08DF8C2
S214018FA0143000201123044A01A90AF0A9FD06B0D5
S214018FB010BD00BF79EB010075E401002DE9F04119
S214018FC086B0064603A80C4612F000FF05460028A8
S214018FD04AD1BDF80C30980646D5102229462046BF
S214018FE002F0E2FA01A811F053FFC0B1777B06F157
S214018FF0040817F0020F06D00822404601A902F025
S2140190001FFE00282ED101AB47F0020703CB70608C
S214019010C8F804107773238843F008032380238855
S21401902043F00203238011F00DFB60601DF05EFC2F
S21401903030B10E4B1B68A360238843F004032380E2
S2140190400B4B1A68D1035EBF238843F010032380BD
S214019050130203D5238843F400632380284606B011
S214019060BDE8F0812D25F9E72425F7E7A446002081
S214019070A846002010B5D0E9023253F8223090B04D
S2140190801C684022694620461CF0E6F8034630B1CB
S214019090224600200549FDF7EFFE10B010BD012263
S2140190A069460820FDF792FEF7E700BF8608040030
S2140190B070B500F0B1F800280CBF6E2279220020AE
S2140190C01349FDF7D9FE00F0A7F8F0B11CF0D8F867
S2140190D000280CBF6E22792200200E49FDF7CCFE37
S2140190E0082200200C49FDF7C7FE00250B4C0C4E4C
S2140190F0234654F8042C314600200335FDF7BCFE08
S214019100182D04F10C04F3D170BD3F22E4E700BF33
S214019110BE080400D5080400E5080400CC4700207A
S2140191200409040070B51CF090F80446214900209B
S214019130FDF7A2FE2CB92046BDE870401E49FDF79A
S2140191409BBE00F0BBF805461C4B62690020002A56
S21401915008BF1A461A492668FDF78EFEA288002027
S2140191601849FDF789FE1849E2880020FDF784FEBC
S214019170A388228913F010001ABF0020134914494E
S214019180FDF77AFEE26800201249FDF775FE2269B6
S21401919000201149FDF770FE104A114B0020B6F56C
S2140191A0817F38BF13460F492A46BDE87040FDF758
S2140191B063BE00BF3909040046090400FCD8030059
S2140191C06709040085090400A6090400C309040010
S2140191D0E0090400FE0904001C0A04003109040029
S2140191E0270904003A0A040038B5014600230C2575
S2140191F0084A05FB03F4A0181459013404D10C22C3
S21401920002F024FA002038BD0133082BF1D10120E9
S214019210F9E700BFC8470020034B1878012894BF20
S21401922000200120704700BF0561002038B50446C4
S214019230044D2878A04203D021461BF0E6FF2C708F
S21401924038BD00BF0561002000B58FB03422002173
S21401925001A802F0A9F901A8EEF710FB0598D0B114
S21401926082680E4BB2F5803F34BF92B2C2F38F22B2
S21401927041881A81028828BF41F010011A604268AD
S2140192809980DA80C268DA6002691A6142695A61B5
S214019290027E18461A760FB05DF804FB4C47002094
S2140192A0054B1B7820B1012B04D80220FFF7BEBF67
S2140192B0012BFBD8704700BF0561002010B5084C94
S2140192C0237853B91BF0C1FF0123237028B103682B
S2140192D0B3F5817F24BF037E2370207810BD00BFC5
S2140192E00461002070B5184B1B78012B2BD81BF09E
S2140192F08FFF164D024616490020FDF7BDFD0120E1
S214019300FFF7CEFF2E78FF2E1DD1FFF79DFFC8B1C8
S214019310848860223146C4F340040E482C7002F063
S21401932043F9602231460C4802F03EF95CB1FFF782
S214019330C5FF042807D9BDE8704040F22B11074845
S21401934021F0AFB9287070BD05610020A76A002022
S2140193505D0A0400C8470020684700206F0A040021
S2140193602DE9F04FDFF884928DB003AB07468846AF
S214019370144699E8070083E80700FFF7B3FFFFF7F5
S2140193809DFF944B06461D784B46012D40F070819B
S214019390012840F27281B7FBF0F200FB1272002A3C
S2140193A000F06B818C4900228B46D1F800C0BCF1DD
S2140193B0FF3F04D0087A6044874200F019810132E9
S2140193C0082A01F10C01F0D193E8070006AE0DF171
S2140193D0240A86E807008AE80700FFF76FFFB7FB55
S2140193E0F0FB00FB1B7BA0EB0B094A4641460646F9
S2140193F00AA809978DF82C9002F066FA00224FF021
S2140194000C0E764902E00132082A0ED00EFB02F05D
S21401941000EB010C08580130F5D19AE807008CE8FA
S21401942007006F490A7801320A70A14504DD4FF43E
S214019430E2716C4821F035F9A41B5C444F44A1B29B
S21401944017FA84F4B4FBF6F206FB1242C8448E1AED
S21401945091B1A41A08EB060107A88DF820200694FE
S21401946002F032FA06A8FFF7BFFEFF2804D140F249
S214019470D9115C4821F015F9B6B2B6B10320FFF751
S214019480D5FE802E0AD832464146574802F01CFACD
S2140194903246384654491BF0C3FE05460220FFF704
S2140194A0C5FE28460DB0BDE8F08F0025F9E74FF45C
S2140194B00E714C4821F0F5F8464B1B78012B00F055
S2140194C0E380002C36D00320FFF7B0FE802C2FD887
S2140194D022464146444802F0F7F9224638464249B8
S2140194E01BF09EFE05460220FFF7A0FEDFF8F09077
S2140194F099F8003093B1039CFFF7E0FE374B002745
S21401950098461A68511C04D0197A411A521A944284
S21401951024D00137082F03F10C03F2D1002DC0D15E
S214019520039B0133C1D003A8FFF75EFE0546B8E7EB
S2140195300125D8E72546D9E740F26D21294821F0D3
S214019540B0F8012524E0012D30D0802E2FD83246E8
S214019550254903981BF064FE054628E0002DA0D19E
S2140195600C247C4308EB04039DF814A093F808B080
S2140195700AEB0B03802BDFDC1B4B524604A9184673
S21401958002F0A2F9211D5A464144504402F09CF9CA
S2140195900C2303FB07839DF814201B7A13449E4279
S2140195A0D1D040F273210F4821F07BF8012502202B
S2140195B0FFF73CFE99F8003013B1013B89F8003003
S2140195C04FF0FF3308EB040248F80430C2E90133D8
S2140195D067E700BFA76A0020C84700206847002049
S2140195E0036100206F0A0400CC46002028590400BD
S2140195F04FF00C0A0AFB02B3187AA6EB00095FFAD1
S21401960089F9A14501D35FFA84F90AFB02FA0AF146
S214019610040528444A464146584402F055F90BEBE6
S2140196200A031A7AA4EB09044A44D2B2B242A4B29B
S2140196301A7219D103200193FFF7F8FD32460BEB9E
S21401964005015BF80A001BF0EBFD05460220FFF75B
S214019650EDFD4FF0FF32019B4BF80A20C3E90122D2
S214019660002D7FF41EAFC844002C3FF41EAF4F44BC
S214019670104B1B78012B7FF424AFB7FBF6F306FBE8
S2140196801373002B7FF413AFE319B3FBF6F506FB58
S2140196901535002D3FF415AF641B5B1B08EB040169
S2140196A02A4604A80393A4B202F00EF98DF81450CA
S2140196B007E700BFA76A002070B5134B1B78012B84
S2140196C00CD1FFF70FFE0026104D55F8043C013370
S2140196D006D10336182E05F10C05F6D1002411E04B
S2140196E00320FFF7A3FD55F8044CFFF7E7FD2946D5
S2140196F0024620461BF094FD04460220FFF796FD25
S214019700002CE6D0204670BDA76A0020CC4700207A
S21401971070B505460C46FFF7E5FD0520FFF786FD0B
S214019720214628461BF08AFD06460220FFF77EFDED
S21401973000220A4B2C441968481C08D0A94206D3BB
S214019740A1423EBF4FF0FF31C3E9001199600332D9
S214019750182A03F10C03EED1304670BDC84700202D
S214019760D0E9023253F8223010B51C68204600F0CA
S21401977095FA28B12146BDE81040024800F002BE25
S21401978010BD00BFED0A040008B5D0E9023253F857
S2140197902230186800F06CF920B1BDE80840024894
S2140197A000F0F0BD08BD00BF0F0B04002DE9F0412D
S2140197B0D0E9023253F8221003EB82035B680F688C
S2140197C01D789AB0642D04D96421114800F0DAFDA1
S2140197D064252A46384601A900F002F9044698B9DC
S2140197E00C4800F0CFFDDFF8348001AE013DA54204
S2140197F002DC1AB0BDE8F0813919404616F8012B93
S21401980000F0C0FD0134F2E7034800F0BBFDF0E7CD
S214019810320B0400520B04007C0B0400690B04009D
S2140198202DE9F04700252D4FDFF8E080DFF8E090C6
S2140198308CB0284603A900F0EFF810B10CB0BDE8D3
S214019840F087049B2946039A0093384600F09AFD58
S214019850404600F097FD059910290CD810290CD820
S214019860DFE801F00F14320B340B0B0B360B0B0B2E
S2140198700B0B0B0B3A0020292CD0194800F082FD67
S21401988007E0184800F07EFD0135D2E7164800F0E3
S21401989079FD0699484600F075FD0799134800F0D2
S2140198A071FD134800F06EFD1024DFF868A00DF17D
S2140198B01F06504616F8011F013C00F063FD14F028
S2140198C0FF04F6D10B48DDE70B48E0E70B48DEE77F
S2140198D00B48DCE70B48DAE70B48D8E7970B0400A0
S2140198E03C0C0400EC0B0400FC0B0400620C0400AE
S2140198F07A0C040001AE0300040C04000C0C0400F6
S214019900150C0400200C0400370C0400DB0B0400CB
S2140199104B0C04008B0C040010B50B4C8EB0237856
S2140199205BB9EDF725FF014650B9012301A8237065
S214019930EDF7A4FF054B049A1A6020780EB010BD0F
S214019940034800F01FFDF8E7066100200C4B0020DD
S214019950910C040000B58FB0FFF7DEFF002829D078
S21401996001A8EDF78BFF059B1448198800F00AFD46
S214019970059B13485969134B002908BF194600F087
S21401998001FD059B1048598800F0FCFC059B0F481B
S214019990196900F0F7FC059B0D48D96800F0F2FC48
S2140199A0059B0C48197E00F0EDFC0B4B0B48196823
S2140199B000F0E8FC0FB05DF804FB00BFCE0C04001D
S2140199C0E00C0400FCD80300F20C0400060D0400B1
S2140199D01A0D04002E0D04000C4B0020420D04004D
S2140199E070B5064615460C4679B172B1FFF794FF7D
S2140199F068B121462A463046EEF74AF8014618B1C4
S214019A00044800F0BFFC012070BD2120FCE71120B6
S214019A10FAE700BF540D040037B505460C46FFF7BC
S214019A207BFFE0B1114B1B68AB421AD9CCB10021C8
S214019A302422204601F0B8FD2146284616F0BBFD3B
S214019A4088B9284601AA04F10801EDF7D3FF20B131
S214019A5040F20643C01A18BF012003B030BD1120E2
S214019A60FBE72120F9E70120F7E700BF0C4B0020B8
S214019A70F0B593B00546FFF74FFF002845D0254BBC
S214019A801A68AA4207D829462348013A00F07AFC08
S214019A90212013B0F0BD05A8EDF7F0FE284603A976
S214019AA016F089FD98BB049A22F4FF57C2F30C0303
S214019AB027F01F072BB14FF400532946174800F033
S214019AC061FC039E7FB120F0F9FD30464FF4005152
S214019AD0EEF76AF83346044606F5005650B9039B7E
S214019AE0F31ABB42EFD32A4639460D4800F04AFC2A
S214019AF0002406E000902A464FF40051094800F081
S214019B0041FC201E18BF0120C3E71120C1E7012038
S214019B10BFE700BF0C4B0020820D0400300E04008E
S214019B20EF0E04009E0E040010B5044638B1FFF790
S214019B30F3FE30B10020044B1B68236010BD2120CA
S214019B40FCE71120FAE700BF0C4B002010B50446D5
S214019B50FFF7E2FEB0B10C4B1A68A24206D82146C6
S214019B600A48013A00F00EFC212010BD20F0A6FDA7
S214019B7040F2C12220460649EDF7FCFE003818BF28
S214019B800120F2E71120F0E70C4B0020820D0400C3
S214019B904848002010B50446FFF7BEFE70B12146C6
S214019BA00848EDF707FF40F20323984208D040F239
S214019BB0012398420CBF0520012010BD1120FCE7AF
S214019BC00020FAE7484800202DE9F0412D4D0446D3
S214019BD02F68FFF7A1FE002851D02968A14207D8B7
S214019BE04A1E2948214600F0CDFB2120BDE8F08120
S214019BF02648EDF79FFEDFF894800246B0B943464B
S214019C002E68964222D1BE4214BF3A4606F1FF3272
S214019C1012BB31461D48C8F80040EDF76BFE014601
S214019C2000B31B4800F0AEFB0120DFE72046EDF74E
S214019C3041FE044638B10146164800F0A3FB201E3B
S214019C4018BF0120D2E7EDF791FCF8E753F8041BA3
S214019C508C42DDD00132D4E70C499200081D01F098
S214019C60F5FCD6E729680948EDF764FE044610B10D
S214019C7001460948D6E7EDF779FC2046B6E71120FC
S214019C80B4E700BF0C4B0020820D040028480020DA
S214019C90350F04000B0F0400680F0400F8B50446E6
S214019CA0FFF73AFE002845D0234B1A68A24207D890
S214019CB021462248013A00F065FB21242046F8BDE2
S214019CC01F4800F05FFB20F0F9FC40F2C1221D495D
S214019CD02046EDF74FFE40F20327054620F0EEFC46
S214019CE0184E65B140F203239D421AD02946164804
S214019CF000F048FB0124154800F044FBDEE720F0A5
S214019D00DDFC29463046EDF755FEB84209D040F253
S214019D100123984203D10E4800F034FBE1E70546E3
S214019D20DFE721460B4800F02DFB2046FFF74CFFEE
S214019D300446E0E71124C1E70C4B0020820D040025
S214019D409F0F040048480020BF0F040001AE030027
S214019D5008E50300D70F040010B50A46044619B1FA
S214019D60024B00211B68984710BD00BF3459040000
S214019D7010B5114C2378580744BF23F00403237011
S214019D802378990705D500F05DF8237823F00203C0
S214019D90237063781BB10023084A63605360002375
S214019DA0082106486370FFF7D7FF2378DA0744BF18
S214019DB023F00103237010BD104B0020144B00202C
S214019DC038B51A4C62782378022A01D1072B11D0B4
S214019DD0DD0712D52378980707D400F02BF82378EF
S214019DE0054643F00203237080B96278237882B176
S214019DF05A0716D50025284638BD17F09EFB23784E
S214019E00054643F0010323700028E3D0FFF7B0FFB7
S214019E10F1E7D907ECD5064962604A600222627012
S214019E20E6E743F004032370E4E700BF104B00208D
S214019E30144B00200122024B002083F8F0207047CB
S214019E401C4B00202DE9F0410A4C002526464FF018
S214019E50010803272046C4F81C80277601351BF02D
S214019E603AFA062D04F12804F4D1002386F8F030DE
S214019E70BDE8F0811C4B00202DE9F04F984691B0CB
S214019E800B1E0A93B44B914614BF83469B4600258E
S214019E901A9E98F8000070B94D4538BF2A464B46C1
S214019EA04FF000000A9928BF09F1FF32D84728462B
S214019EB011B0BDE8F08F252808F1010806D02A4622
S214019EC04B460A996C1CD8472546E2E700234146D3
S214019ED011F8012B2B2A16D00AD8202A16D0232AAD
S214019EE017D0A2F13000092834D800270A2418E038
S214019EF02D2A05D0302AF4D143F001038846E6E73F
S214019F0043F00203FAE743F00403F7E743F00803DC
S214019F10F4E743F01003F1E7884604FB0722A2F1B9
S214019F203007414611F8012BA2F130000928F3D978
S214019F3098F800202E2A52D198F8011008F1010253
S214019F40A1F13000092843F480633ED800244FF085
S214019F500A0E11E02A2A08D156F8047B8846002FFB
S214019F60BCBF43F002037F42E2E70027E0E7024678
S214019F700EFB0411A1F13004104610F8011BA1F1EB
S214019F80300CBCF1090FF2D99046424612F8011B7B
S214019F906C292DD025D8682933D06A293BD0424672
S214019FA0904618F8010B672860D8572836D84528F8
S214019FB008D084D9462800F0188147287FF47FAF5F
S214019FC043F4006343F0200327E12A2906D156F81B
S214019FD0044B08F1020824EAE474D6E7904600240C
S214019FE0D3E7742901D07A29D9D143F48073D7E70E
S214019FF098F801106C29F8D143F4407308F1020275
S21401A000CEE798F80110682902D043F08003C7E72D
S21401A01043F0C003F2E743F40073C1E7A0F158022E
S21401A0200F2A3FF64CAF01A151F822F0CDA0010056
S21401A030BF9E0100BF9E0100BF9E0100BF9E0100A2
S21401A040BF9E0100BF9E0100BF9E0100BF9E010092
S21401A050BF9E0100CDA0010039A20100CDA00100E4
S21401A0600FA20100EFA101000FA20100A0F16901FA
S21401A070C9B20F293FF623AF012249F2410C8A40AB
S21401A08012EA0C0218D10A2900F0158107297FF47B
S21401A09016AF43F0210305930823CDE903431023AC
S21401A0A0CDE9012356F8043B2A46009358464B4611
S21401A0B00A991BF000FAA8E06F2800F05E8110D91B
S21401A0C0782808D1102223F00C0310E0582839D044
S21401A0D0622800F054810A2223F01003642806D077
S21401A0E0F1E769284FF00A0223F01003F6D159056B
S21401A0F048BF23F00103692803F4007101D06428E6
S21401A10040D111B3073626F00706B24670685AF8F2
S21401A110081BCDE9077300230593C30F002802939C
S21401A12006940B46049202DA4B4260EB4000CDE9FE
S21401A13000304B462A4658460A991BF0FEF905465A
S21401A1405646A6E643F02003BCE7D90506F1040A05
S21401A15004D5316805E000BF1953030058060CD535
S21401A1603178CDE90224CDE9047300294FEAD17391
S21401A1700193B8BF4942009120E01906E9D5B6F926
S21401A1800010EEE779B1CDE907730023CDE904238A
S21401A19006F1070A2AF0070A06940293FAE8022350
S21401A1A0CDE90023C5E7D80506F1040A0DD5CDE9AA
S21401A1B00473CDE902240191336800934B462A4685
S21401A1C058460A991BF077F9B9E7590607D5317849
S21401A1D0CDE904730023CDE902240193CBE731686E
S21401A1E013F0800F18BF89B2F2E743F02003CDE9E0
S21401A1F00173073626F007060094B6EC020B4B46B1
S21401A2002A4658460A99EAF7C3FA054641E600F097
S21401A210DF00472801D143F40063CDE90173073617
S21401A22026F007060094B6EC020B4B462A46584623
S21401A2300A99EAF7F1F8E8E713F0020426D04FF09E
S21401A240010A6B1C0B932A464B460A9916F8040B17
S21401A250D84774B354460B9A21E04B4620200A99FE
S21401A260D8470AEB05020AF1010A5745F5D83A1E06
S21401A27018BF0122002A07F1FF3308BF002307F1A8
S21401A280010A1D4408BF4FF0020ADAE7A246E8E7D2
S21401A290551C4B4620200A99D8472A460134BC4211
S21401A2A0F6D3A7EB0A03574538BF00230B9A1A4487
S21401A2B00B920B9DEDE53246002C52F8046B14BF51
S21401A2C021464FF0FF310B9232463144107808B1E7
S21401A2D0914211D1A2EB060A13F480620C9202D0CD
S21401A2E0A24528BFA24613F002030D931BD1AAEB89
S21401A2F005032A460F9308E00132E7E7531C0E9345
S21401A30020204B460A99D8470E9A0F9BD318BB427A
S21401A310F4D3A7EB0A03574538BF00230AF101021D
S21401A3201D4403EB020AAB1B0E9304E01C464B468E
S21401A3302A460A99D8470E9BF51816F8010B28B13C
S21401A3400C9B002BF3D0631E002CEFD10D9B93B119
S21401A3502A46AAEB050405E0561C4B4620200A991E
S21401A360D84732461319BB42F6D3A7EB0A03574523
S21401A37038BF00231D440B9E8BE50822A3E602226C
S21401A380A1E600BF0FB41FB506AA52F8043B02A906
S21401A3900392009204484FF0FF32FFF76DFD05B0BF
S21401A3A05DF804EB04B07047DB5503001FB50346A8
S21401A3B000914FF0FF3203A90248FFF75DFD05B09B
S21401A3C05DF804FBDB5503001FB5CDE902010093E0
S21401A3D002A9134603484FF0FF32FFF74DFD05B0C3
S21401A3E05DF804FBE35503001FB5094B094A1868DD
S21401A3F0094B01A91860094B1360094A0192094AE1
S21401A4001268CDE9022317F03FF905B05DF804FBA9
S21401A41010670020143C0020183C00200467002030
S21401A420DA470400CC4E0020014B186817F040B9FB
S21401A4301067002038B5F1F71BFE0446064D2B6861
S21401A440D3F8B002F1F708FE286817F044F9204661
S21401A450BDE83840F1F700BE1067002010B51F4C6C
S21401A460EFF7DCFE236F012023F0070343F002031E
S21401A4702367EFF7E1FED4F82031002023F007032D
S21401A48043F00103C4F82031D4F8403123F003032C
S21401A49043F00103C4F84031D4F8603123F00303DC
S21401A4A043F00103C4F86031D4F8403223F00303CB
S21401A4B043F00103C4F84032D4F8003223F0070316
S21401A4C043F00103C4F80032D4F8083223F007033E
S21401A4D043F00103C4F8083210BD00BF00800050ED
S21401A4E0064B1B681A7A022A01D81AB97047032A42
S21401A4F000D070471B68024A13607047146700203B
S21401A500CC4E00200022024B5A60DA601A60704777
S21401A510D04E002008B501F037FF0022014B1A701B
S21401A52008BD00BF076100200A4601491BF0C3B8F9
S21401A530CD7104000A4601491BF0BDB8C87104007C
S21401A5400A4601491BF0B7B8C17104000A46014921
S21401A5501BF0B1B8BE7104000A4601491BF0ABB846
S21401A560BB7104000A4601491BF0A5B8B671040088
S21401A5700A4601491BF09FB8B17104000A46014919
S21401A5801BF099B8AC7104000A4601491BF093B858
S21401A590A571040081F0004102E000BF83F0004392
S21401A5A030B54FEA41044FEA430594EA050F08BF68
S21401A5B090EA020F1FBF54EA000C55EA020C7FEA2C
S21401A5C0645C7FEA655C00F0E2804FEA5454D4EBA9
S21401A5D05555B8BF6D420CDD2C4480EA020281EA73
S21401A5E0030382EA000083EA010180EA020281EAAB
S21401A5F00303362D88BF30BD11F0004F4FEA0131FD
S21401A6004FF4801C4CEA113102D0404261EB41010B
S21401A61013F0004F4FEA03334CEA133302D0524291
S21401A62063EB430394EA050F00F0A780A4F101044D
S21401A630D5F1200E0DDB02FA0EFC22FA05F2801887
S21401A64041F1000103FA0EF2801843FA05F359416D
S21401A6500EE0A5F120050EF1200E012A03FA0EFCEC
S21401A66028BF4CF0020C43FA05F3C01851EBE37116
S21401A67001F0004507D54FF0000EDCF1000C7EEB33
S21401A68000006EEB0101B1F5801F1BD3B1F5001F71
S21401A6900CD349085FEA30004FEA3C0C04F1010490
S21401A6A04FEA445212F5800F80F09A80BCF1004FB9
S21401A6B008BF5FEA500C50F1000041EB045141EA3B
S21401A6C0050130BD5FEA4C0C404141EB0101013C04
S21401A6D028BFB1F5801FE9D291F0000F04BF0146F3
S21401A6E00020B1FA81F308BF2033A3F10B03B3F1C5
S21401A6F020020CDA0C3208DD02F1140CC2F10C0255
S21401A70001FA0CF021FA02F10CE002F11402D8BFB2
S21401A710C2F1200C01FA02F120FA0CFCDCBF41EA7E
S21401A7200C019040E41AA2BF01EB0451294330BD4D
S21401A7306FEA04041F3C1CDA0C340EDC04F114042A
S21401A740C4F1200220FA04F001FA02F340EA030001
S21401A75021FA04F345EA030130BDC4F10C04C4F147
S21401A760200220FA02F001FA04F340EA0300294627
S21401A77030BD21FA04F0294630BD94F0000F83F471
S21401A780801306BF81F480110134013D4EE77FEA54
S21401A790645C18BF7FEA655C29D094EA050F08BFA0
S21401A7A090EA020F05D054EA000C04BF1946104681
S21401A7B030BD91EA030F1EBF0021002030BD5FEAC5
S21401A7C0545C05D14000494128BF41F0004130BDED
S21401A7D014F580043CBF01F5801130BD01F0004541
S21401A7E045F0FE4141F470014FF0000030BD7FEAB4
S21401A7F0645C1ABF194610467FEA655C1CBF0B46AF
S21401A800024650EA013406BF52EA033591EA030FC5
S21401A81041F4002130BD00BF90F0000F04BF0021BD
S21401A820704730B54FF4806404F132044FF00005F0
S21401A8304FF0000150E700BF90F0000F04BF002169
S21401A840704730B54FF4806404F1320410F00045CF
S21401A85048BF40424FF000013EE700BF42004FEACA
S21401A860E2014FEA31014FEA02701FBF12F07F4347
S21401A87093F07F4F81F06051704732F07F4208BFFE
S21401A880704793F07F4F04BF41F40021704730B505
S21401A8904FF4607401F0004521F000411CE700BF51
S21401A8A050EA010208BF704730B54FF000050AE0D4
S21401A8B050EA010208BF704730B511F0004502D5D5
S21401A8C0404261EB41014FF4806404F132045FEAD7
S21401A8D0915C3FF4D8AE4FF003025FEADC0C18BF80
S21401A8E003325FEADC0C18BF033202EBDC02C2F172
S21401A8F0200300FA03FC20FA02F001FA03FE40EA04
S21401A9000E0021FA02F11444BDE600BF70B54FF007
S21401A910FF0C4CF4E06C1CEA11541DBF1CEA1355E5
S21401A92094EA0C0F95EA0C0F00F0DEF82C4481EA4D
S21401A930030621EA4C5123EA4C5350EA013518BF6D
S21401A94052EA033541F4801143F4801338D0A0FB5A
S21401A95002CE4FF00005E1FB02E506F00042E0FB07
S21401A96003E54FF00006E1FB03569CF0000F18BF0D
S21401A9704EF0010EA4F1FF04B6F5007F64F54074B5
S21401A98004D25FEA4E0E6D4146EB060642EAC62148
S21401A99041EA55514FEAC52040EA5E504FEACE2EB5
S21401A9A0B4F1FD0C88BFBCF5E06F1ED8BEF1004FB8
S21401A9B008BF5FEA500E50F1000041EB045170BD34
S21401A9C006F0004646EA010140EA020081EA030178
S21401A9D0B4EB5C04C2BFD4EB0C0541EA045170BD74
S21401A9E041F480114FF0000E013C00F3AB8014F1EE
S21401A9F0360FDEBF002001F0004170BDC4F1000437
S21401AA00203C35DA0C341BDC04F11404C4F12005B7
S21401AA1000FA05F320FA04F001FA05F240EA020012
S21401AA2001F0004221F0004110EBD37021FA04F648
S21401AA3042EB06015EEA430E08BF20EAD37070BD02
S21401AA40C4F10C04C4F1200500FA04F320FA05F061
S21401AA5001FA04F240EA020001F0004110EBD37063
S21401AA6041F100015EEA430E08BF20EAD37070BDD3
S21401AA70C4F1200500FA05F24EEA020E20FA04F3AC
S21401AA8001FA05F243EA020321FA04F001F000415B
S21401AA9021FA04F220EA020000EBD3705EEA430ECC
S21401AAA008BF20EAD37070BD94F0000F0FD101F0FB
S21401AAB00046400041EB010111F4801F08BF013C34
S21401AAC0F7D041EA060195F0000F18BF704703F072
S21401AAD00046520043EB030313F4801F08BF013DF9
S21401AAE0F7D043EA0603704794EA0C0F0CEA1355B5
S21401AAF018BF95EA0C0F0CD050EA410618BF52EA6F
S21401AB004306D1D181EA030101F000414FF0000074
S21401AB1070BD50EA410606BF1046194652EA430682
S21401AB2019D094EA0C0F02D150EA013613D195EAF6
S21401AB300C0F05D152EA03361CBF104619460AD13E
S21401AB4081EA030101F0004141F0FE4141F4700148
S21401AB504FF0000070BD41F0FE4141F4780170BD38
S21401AB6070B54FF0FF0C4CF4E06C1CEA11541DBF9D
S21401AB701CEA135594EA0C0F95EA0C0F00F0A7F89F
S21401AB80A4EB050481EA030E52EA03354FEA0131CC
S21401AB9000F088804FEA03334FF0805545EA1313DF
S21401ABA043EA12634FEA022245EA111545EA1065A7
S21401ABB04FEA00260EF000419D4208BF964244F13E
S21401ABC0FD0404F5407402D25B084FEA3202B61A5D
S21401ABD065EB03055B084FEA32024FF480104FF431
S21401ABE0002CB6EB020E75EB030E22BFB61A7546A5
S21401ABF040EA0C005B084FEA3202B6EB020E75EB38
S21401AC00030E22BFB61A754640EA5C005B084FEA9F
S21401AC103202B6EB020E75EB030E22BFB61A75466C
S21401AC2040EA9C005B084FEA3202B6EB020E75EB77
S21401AC30030E22BFB61A754640EADC0055EA060E38
S21401AC4018D04FEA051545EA16754FEA06164FEA7B
S21401AC50C30343EA52734FEAC2025FEA1C1CC0D127
S21401AC6011F4801F0BD141EA00014FF000004FF0B4
S21401AC70004CB6E711F4801F04BF01430020B4F175
S21401AC80FD0C88BFBCF5E06F3FF6AFAEB5EB030C2D
S21401AC9004BFB6EB020C5FEA500C50F1000041EB2A
S21401ACA0045170BD0EF0004E4EEA113114EB5C04F7
S21401ACB0C2BFD4EB0C0541EA045170BD41F48011CA
S21401ACC04FF0000E013C90E645EA060E8DE60CEAD2
S21401ACD0135594EA0C0F08BF95EA0C0F3FF43BAFEF
S21401ACE094EA0C0F0AD150EA01347FF434AF95EAA6
S21401ACF00C0F7FF425AF104619462CE795EA0C0F8A
S21401AD0006D152EA03353FF4FDAE1046194622E756
S21401AD1050EA410618BF52EA43067FF4C5AE50EA30
S21401AD2041047FF40DAF52EA43057FF4EBAE12E720
S21401AD304FF0FF3C06E000BF4FF0010C02E000BF01
S21401AD404FF0010C4DF804CD4FEA410C7FEA6C5CE4
S21401AD504FEA430C18BF7FEA6C5C1BD001B050EA87
S21401AD60410C0CBF52EA430C91EA030F02BF90EA72
S21401AD70020F0020704710F1000F91EA030F58BF31
S21401AD80994208BF90422CBFD8176FEAE37040F093
S21401AD90010070474FEA410C7FEA6C5C02D150EA31
S21401ADA0013C07D14FEA430C7FEA6C5CD6D152EAEC
S21401ADB0033CD3D05DF8040B704700BF84461046B1
S21401ADC062468C461946634600E000BF01B5FFF7B0
S21401ADD0B7FF002848BF10F1000F01BD4DF808ED80
S21401ADE0FFF7F4FF0CBF012000205DF808FB00BF51
S21401ADF04DF808EDFFF7EAFF34BF012000205DF8AB
S21401AE0008FB00BF4DF808EDFFF7E0FF94BF0120F7
S21401AE1000205DF808FB00BF4DF808EDFFF7CEFFF8
S21401AE2094BF012000205DF808FB00BF4DF808ED37
S21401AE30FFF7C4FF34BF012000205DF808FB00BF08
S21401AE404FEA410212F5001215D211D56FF478734C
S21401AE50B3EB625212D94FEAC12343F0004343EAEF
S21401AE60505311F0004F23FA02F018BF40427047CA
S21401AE704FF00000704750EA013005D111F0004054
S21401AE8008BF6FF0004070474FF00000704700BFEA
S21401AE904A0011D212F5001211D20DD56FF4787353
S21401AEA0B3EB62520ED44FEAC12343F0004343EAA8
S21401AEB0505323FA02F070474FF00000704750EAF3
S21401AEC0013002D14FF0FF3070474FF0000070475D
S21401AED053B94AB9002908BF00281CBF4FF0FF31FB
S21401AEE04FF0FF3000F08CB9ADF1080C6DE904CEDF
S21401AEF000F006F8DDF804E0DDE9022304B070474F
S21401AF002DE9F04F099D0E4604460F46002B47D10A
S21401AF108A429446B2FA82F35AD943B102FA03FC42
S21401AF20C3F120029F409C4020FA02F217434FEAE9
S21401AF301C461FFA8CFE220CB7FBF6F106FB1177B6
S21401AF4001FB0EF042EA0742904208D91CEB0202CE
S21401AF5001F1FF3702D2904200F23C813946121AC3
S21401AF60A4B2B2FBF6F006FB102200FB0EFE44EA8A
S21401AF700244A64508D91CEB040400F1FF3202D2B4
S21401AF80A64500F22A81104640EA0140A4EB0E04D1
S21401AF9000211DB1DC400023C5E90043BDE8F08F68
S21401AFA08B4205D90DB1C5E9000100210846F5E738
S21401AFB0B3FA83F100294FD1B342C0F00281824235
S21401AFC040F2FF800846002DE8D0C5E90047E5E7D6
S21401AFD0002B40F0AF808A1A4FEA1C4E1FFA8CF7FE
S21401AFE00121B2FBFEF60EFB1620220C42EA0042BD
S21401AFF007FB06F090420FD91CEB020206F1FF3860
S21401B0002CBF4FF001094FF00009904203D9B9F166
S21401B010000F00F0DC804646121AA4B2B2FBFEF026
S21401B0200EFB102200FB07F744EA0244A7420FD9A1
S21401B0301CEB040400F1FF322CBF4FF0010E4FF061
S21401B040000EA74203D9BEF1000F00F0C9801046DA
S21401B050E41B40EA06409CE7C1F120048B4006FA57
S21401B06001FC00FA01FE22FA04F7E6408A401F437B
S21401B07020FA04F34FEA174843EA0C031FFA87FC49
S21401B0804FEA1349B6FBF8F008FB106649EA064694
S21401B09000FB0CF9B1450ED9BE1900F1FF3A2CBFE1
S21401B0A04FF0010B4FF0000BB14503D9BBF1000F78
S21401B0B000F0A2805046A6EB09061FFA83F9B6FBFC
S21401B0C0F8F308FB136603FB0CFC49EA0646B44595
S21401B0D00ED9BE1903F1FF382CBF4FF001094FF00E
S21401B0E00009B44503D9B9F1000F00F08280434648
S21401B0F043EA0040A6EB0C06A0FB028C66454346DD
S21401B100E14602D307D1C64505D2B8EB02036CEB84
S21401B110070C0138E1465DB1BEEB030266EB09069A
S21401B12006FA04F422FA01F3CE401C43C5E90046B0
S21401B130002133E702FA03FCC3F1200299409C4048
S21401B140D6404FEA1C4E20FA02F21FFA8CF7B6FBE5
S21401B150FEF00A430EFB1066110C41EA064100FBA5
S21401B16007F68E420ED91CEB010100F1FF382CBF09
S21401B1704FF001094FF000098E4202D9B9F1000FD4
S21401B18034D04046891B92B2B1FBFEF60EFB161177
S21401B19042EA014206FB07F191420ED91CEB02027C
S21401B1A006F1FF382CBF4FF001094FF0000991421C
S21401B1B002D9B9F1000F16D04646521A46EA0041A6
S21401B1C00FE7841A66EB030201201746FBE6023EF0
S21401B1D0624421E702396244C1E664440238D3E698
S21401B1E06444023834E7023E6244E6E702386144CA
S21401B1F0C8E7023B3E447BE702383E445BE700BFBC
S21401B200704700BF2DE9F04F924685B089461E462D
S21401B2100D46554A0390294615F8014B135D13F068
S21401B2200803F8D12D2C7CD02B2C4ED04FF0FF31BB
S21401B23002936FF00043CDE9001336F0100851D0A9
S21401B24037464FEAE6783A464346DDE90001FFF71E
S21401B2503FFE002383468E4618461946A44613E051
S21401B260ACF13704A6421FDD002B09DB83457EEBDC
S21401B270010305D38E4508BF83453BD1A24239DA87
S21401B2804FF0FF3315F801CBACF13004092CE9D9A6
S21401B290ACF14104192CE3D9ACF16104192C03D8A3
S21401B2A0ACF15704A642DFDC5A1C2FD0029A12B129
S21401B2B0404261EB4101BAF1000F03D0002B48D1A7
S21401B2C0CAF8009005B0BDE8F08F4FF0FF3002934A
S21401B2D036F010086FF000432C7801F10205CDE935
S21401B2E00003ADD1302C25D0002E3AD10A27B04626
S21401B2F03E46A8E700FB08F307FB0133A0FB070166
S21401B3000B44201843EBE4710123BBE72223039A85
S21401B3101360BAF1000F17D005F1FF39DDE900011E
S21401B320CEE74FF00047009301232C788D1CCDE922
S21401B330017382E72B7803F0DF03582B0CD086B914
S21401B3400827B0463E467EE7DDE9000105B0BDE8C8
S21401B350F08FCDE90001DFE710276C7802353E4615
S21401B36071E710273E466EE7D57104004AE700BF35
S21401B37010B4044C13460A46014620685DF8044B97
S21401B38040E700BF4467002010B4044C13460A4649
S21401B390014620685DF8044B34E700BF446700208F
S21401B3A020F0030110F00300C0F1000051F8043B47
S21401B3B000F1040C4FEACC0C6FF000021CBF22FA1D
S21401B3C00CF213434FF0010C4CEA0C2C4CEA0C4CDB
S21401B3D0A3EB0C0222EA030212EACC1204BF51F8D4
S21401B3E0043B0430F4D0C2F1000102EA0102B2FAD1
S21401B3F082F2C2F11F0200EBD20070472DE9F0473E
S21401B40080460C464548264614F801EB10F80EC057
S21401B4101CF0080CF7D1BEF12D0F5BD0BEF12B0F3F
S21401B4203AD0654633F010003ED04FF0FF379A46CB
S21401B430B7FBF3F703FB07F96FEA09090026304665
S21401B4400EE0AEF1370C63451DDD002E04DBB8427D
S21401B45002D833D1CC4531DD4FF0FF3614F801EB7D
S21401B460AEF1300CBCF1090FEDD9AEF1410CBCF1D7
S21401B470190FE6D9AEF1610CBCF1190F03D8AEF184
S21401B480570C6345E1DC731C1CD005B140420AB180
S21401B490F6B91160BDE8F08733F0100094F800E0CB
S21401B4A0654606F10204C0D1BEF1300F17D06BBB62
S21401B4B00A234FF005091A4F9A46BFE700FB0AC058
S21401B4C00126CBE722233046C8F80030002AE1D017
S21401B4D0611EDEE794F800E00125B41CA2E720789F
S21401B4E000F0DF00582807D083B908234FF007097A
S21401B4F06FF060479A46A1E7102394F801E04FF0F9
S21401B5000F0902346FF070479A4697E710234FF001
S21401B5100F096FF070479A4690E700BFD571040097
S21401B520999999196AE700BF10B4044C13460A4664
S21401B530014620685DF8044B60E700BF44670020C1
S21401B54010B4044C13460A46014620685DF8044BC5
S21401B55054E700BF446700200F4B70B50F4DAB4258
S21401B560A3EB050607D0B6100024013455F8043BBA
S21401B5709847A642F9D80A4D1FF092FA094B5E1B6E
S21401B580AB424FEAA60606D00024013455F8043B28
S21401B5909847A642F9D870BDD86A0020D86A00201C
S21401B5A0D86A0020DC6A002070B5860747D0541E92
S21401B5B0002A3ED0CAB2034601E0013C39D303F863
S21401B5C0012B9D07F9D1032C2CD9CDB20F2C05EBFD
S21401B5D0052505EB054535D9A4F1100C03F1100E30
S21401B5E01A462CF00F064FEA1C1CB644C2E9005559
S21401B5F0C2E9025510327245F8D10CF1010214F07D
S21401B6000C0F04F00F0C03EB021213D0ACF1040381
S21401B61023F003030433134442F8045B9342FBD143
S21401B6200CF003042CB1C9B21C4403F8011BA3425D
S21401B630FBD170BD64461346002CF4D1F9E70346EE
S21401B6401446C0E71A46A446E0E700BF88420ED972
S21401B6508B1883420BD900EB020C002A6ED062468F
S21401B66013F801CD994202F801CDF9D170470F2A9E
S21401B6700FD8034602F1FF3C002A5FD00CF1010C03
S21401B680013B8C4411F8012B614503F8012FF9D1D8
S21401B690704740EA01039B0751D1A2F1100301F163
S21401B6A0200C70B523F00F0501F1100E00F1100407
S21401B6B01B09AC445EF8105C0EF1100E103444F811
S21401B6C0205C5EF81C5C44F81C5C5EF8185C44F870
S21401B6D0185C5EF8145CE64544F8145CEAD1013364
S21401B6E012F00C0F02F00F0C01EB031100EB031329
S21401B6F029D0ACF1040C1C1F8E462CF003064FEA31
S21401B7009C0C1E445EF8045B44F8045FB442F9D115
S21401B7100CF1010402F0030203EB840301EB840144
S21401B72002F1FF3C4AB10CF1010C013B8C4411F8CB
S21401B730012B614503F8012FF9D170BD704702F165
S21401B740FF3C03469AE76246EAE700BF2DE9F04F61
S21401B75082468E463F4875461EF801BB10F80B40E0
S21401B76014F00804F7D1BBF12D0F5BD0BBF12B0F02
S21401B7706FF0004904BF9EF800B005F1020E33F0E9
S21401B780100010D1BBF1300F04D0002B5ED10A237C
S21401B7901F4609E09EF8000000F0DF0058284ED052
S21401B7A0002B53D108231F460025B9FBF7F6284680
S21401B7B007FB16980EE0ABF1370C63451DDD002D37
S21401B7C004DB864202D321D1E0451FDA4FF0FF3574
S21401B7D01EF801BBABF1300CBCF1090FEDD9ABF192
S21401B7E0410CBCF1190FE6D9ABF1610CBCF1190F94
S21401B7F003D8ABF1570C6345E1DC6B1C0AD004B1EE
S21401B80040420AB1CDB91160BDE8F08F07FB00C018
S21401B8100125DDE72223CAF800305AB10EF1FF31C7
S21401B8204846F0E79EF800B04FF0004905F1020ED9
S21401B8300124A4E74846BDE8F08F8146EEE71023D1
S21401B8409EF801B00EF1020E1F46ADE710231F460B
S21401B850AAE700BFD5710400242B02D8012B00D023
S21401B86074E710B500F02EFA16230360002010BD11
S21401B87010B5242A084C1346246807D8012A05D097
S21401B8800A4601462046BDE810405FE700F01AFA76
S21401B89016230360002010BD4467002010B5242A3B
S21401B8A0084C1346246807D8012A05D00A460146E3
S21401B8B02046BDE8104049E700F004FA162303606D
S21401B8C0002010BD44670020844641EA000313F0BF
S21401B8D0030349D1403A23D30B6803604B684360A6
S21401B8E08B688360CB68C3600B6903614B694361F6
S21401B8F08B698361CB69C3610B6A03624B6A4362DE
S21401B9008B6A8362CB6AC3620B6B03634B6B4363C5
S21401B9108B6B8363CB6BC36340304031403ADBD2E1
S21401B92030320BD30B6803604B6843608B688360CF
S21401B930CB68C36010301031103AF3D20C3205D305
S21401B94051F8043B40F8043B043AF9D2043208D0DB
S21401B950D2071CBF11F8013B00F8013B01D30B884D
S21401B96003806046704700BF082A13D38B07B1D007
S21401B97010F00303AED0C3F10403D21ADB071CBFD9
S21401B98011F8013B00F8013BA4D331F8023B20F843
S21401B990023B9FE7043AD9D3013A11F8013B00F87C
S21401B9A0013BF9D20B7803704B7843708B78837028
S21401B9B060467047024B0146186816F04BBC00BF44
S21401B9C044670020024B0146186816F046BC00BFCB
S21401B9D044670020CAB384460B4630B50446084384
S21401B9E0800719D09CF800000C78A04212D150B301
S21401B9F0012A28D0E64603E01CEB030F23D010B340
S21401BA001EF8010F11F8014FA2EB0E03A04203F13D
S21401BA10FF33F1D0001B30BD032A07D8E2E7043A12
S21401BA2011D01EF0803F0ED1032A10D92068194686
S21401BA3053F8045BA446A0F1013E0434A8422EEA62
S21401BA40000EECD0CEE7002030BD10467047A4466D
S21401BA501946C7E780EA010C1CF0030F37D110F036
S21401BA60030C20F0030021F0030150F8042B08BF5B
S21401BA7051F8043B0ED08CF0030C6FF07F434FEA75
S21401BA80CC0C23FA0CFC51F8043B42EA0C0243EAC4
S21401BA900C0300BFA2F1013C9A4201BF2CEA020C42
S21401BAA01CF0803F50F8042B51F8043BF2D04FEACB
S21401BAB002604FEA1222012828BFB0EB036F08BFCD
S21401BAC01B0AF4D003F0FF03000EC01A704710F0F3
S21401BAD0030F0AD010F8012B11F8013B012A28BFE9
S21401BAE09A42F4D0A2EB030070474DF8045D50F87B
S21401BAF0042B01F0030521F0030151F8043B022D4C
S21401BB0026D04DD822F07F45B5EB132FA2F1013C8C
S21401BB102CEA020C0DD11CF0803C08BF51F8043B06
S21401BB200AD185EA0205B5EB036F0CD150F8042B58
S21401BB30E8E74FEA13235BE03CF07F4C54D10B78E7
S21401BB404FEA126554E04FEA126503F0FF034FE037
S21401BB504FEA0245A2F1013C4FEA15452CEA020CD8
S21401BB60B5EB134F18D11CF0803C08BF51F8043BCD
S21401BB7007D185EA0205B5EB034F09D150F8042B2E
S21401BB80E6E75FEA0C4C2FD10B884FEA12452FE00F
S21401BB904FEA03434FEA12454FEA134328E000BF3A
S21401BBA002F0FF05B5EB136FA2F1013C2CEA020C83
S21401BBB00DD11CF0803C08BF51F8043B0AD185EA40
S21401BBC00205B5EB032F0AD150F8042BE8E74FEA3C
S21401BBD013630DE012F0FF0F06D051F8043B4FEA55
S21401BBE0122523F07F4303E04FF0000020BC70478E
S21401BBF005F0FF0203F0FF00012828BF904204BFB2
S21401BC002D0A1B0AF4D0A2EB000020BC704700BF2F
S21401BC1008B5064B044613B1002100F0AFF8044BFB
S21401BC201B6803B19847204614F04DFD7DBD010009
S21401BC3018500020002301461A46184600F048B85E
S21401BC40032A30B415D941EA000484460B46A407FA
S21401BC5004D0541E0FE0043A032A08D91946604658
S21401BC6053F8044B5CF8045BA542F4D0F1E7604658
S21401BC701946541E7AB1431E0139021901E09A424F
S21401BC8009D013F8010F11F801CF6045F7D0A0EBEA
S21401BC900C0030BC7047002030BC704738B5074DEB
S21401BCA0074C2C1BA41005D0013C55F8043D9847C1
S21401BCB0002CF9D1BDE838401EF0F8BEE06A00203D
S21401BCC0DC6A0020014B1868704700BF44670020FB
S21401BCD0F0B5264C83B006460F46256805B36C685A
S21401BCE01F2C3FDCA6B1D5F8880048B3D0F8001168
S21401BCF04FF0010C40F82420022E00EB84020CFACF
S21401BD0004FC4CEA0101C0F80011C2F8803010D0E2
S21401BD10631C002002346B6045F8247003B0F0BD4C
S21401BD2013491448216010B10068C1F88800104D0D
S21401BD30D5E7D0F8043143EA0C03C0F80431E7E74D
S21401BD400D49CDE9002369B14FF48470FFF732FE47
S21401BD5040B100216C68C0E94011DDE90023C5F857
S21401BD608800C5E74FF0FF30D8E700BFA850002095
S21401BD701C50002000000000B5B901002DE9F04F6D
S21401BD80DFF8B49083B0D9F8006096B38846019086
S21401BD907568D6F888706C1E2BD4013507F1800BB8
S21401BDA006EB8505B8F1000F26D173682A68013BBA
S21401BDB0A3423BD000232B60BAB1D6F804A05FB3F0
S21401BDC00123D7F80011A3400B4225D0D7F8040170
S21401BDD057F8241003422BD1019890477368D9F87D
S21401BDE0002053451ED1B2421CD1013C043D631CC8
S21401BDF0D8D103B0BDE8F08F4FB15BF8243043458E
S21401BE00D3D0013C043D621CF3D0002FF5D1013C98
S21401BE10EFD3013CFBD2ECE790477368D9F80020DA
S21401BE205345E0D0002AE4D01646B1E77460C3E774
S21401BE3008469047D2E700BFA8500020431E0333B0
S21401BE4006D8044B984228BF1846642838BF642099
S21401BE50704700BF40420F0038B5194B05461B68B6
S21401BE600C4603B1984744B1236833B11B680133CC
S21401BE7003D0E3680BB1A3684BB91AF0E2F80020CF
S21401BE804FF4C172412100F0FFF9212038BD204650
S21401BE9002F04AFC00230B4A85F83C31C5E93743DA
S21401BEA0C2E9003363694BB1074A422110684FF477
S21401BEB0D272C31A5842584100F0E6F90020E5E76D
S21401BEC018530020B86300207C530020F8B50446C0
S21401BED01EF0E5FA002607460E4B1B6893B19E68D6
S21401BEE0AEB196F82420D20711D435460FCC0FC533
S21401BEF00FCC0FC523682B6096F8243043F001035E
S21401BF0086F8243038461EF0C5FA3046F8BD1B6860
S21401BF10E4E700BF9867002010B5044618B9054B42
S21401BF20054A136010BD00F0D9FCD4F8E830002BA8
S21401BF30F6D1F4E7ED57030094670020014B18682B
S21401BF40704700BFB863002008B502460868FFF7CF
S21401BF5075FF08604868FFF771FF48608868FFF75B
S21401BF606DFF8860C868FFF769FF0B69C860581CD9
S21401BF7003D00B48834228BF03460B614B69581C0C
S21401BF8003D00748834228BF034688694B61FFF701
S21401BF9055FFBDE808408861104601F07BBC00BF34
S21401BFA040420F00D0F8E0302DE9F04105460C463E
S21401BFB013B1C38D8B424CD0D5F8DC30002B4BD05F
S21401BFC09E68002E48D0D868002845D0013800B2B7
S21401BFD000281ADB002106E0128A591CA24217D259
S21401BFE009B2884211DB0B1803EBD3735B1003EB2A
S21401BFF0C30206EB8202B2F80EC003F1FF3EA4456F
S21401C000EAD90FFA8EF08842EDDA2120BDE8F081F8
S21401C0104FF6FF7299B29142F7D09BB203EBC3037E
S21401C02006EB83062846B6F9122095F83011D5F8A6
S21401C030F080EEF709FE0746B8F1000F04D00023A2
S21401C040324628461946C047EC85C5F8E06085F8B3
S21401C05039710020BDE8F0810E20BDE8F08100BFF7
S21401C0602DE9F04782B004460F46164601F086FEDB
S21401C070002863D14F4D2B68D4F8DCA0D4F8E080BB
S21401C0800BB1534576D04FF00009AF6001F09EFE2C
S21401C0900128074665D1204619F012FF002851D124
S21401C0A02B68DAF80010D8F8002013B11868884217
S21401C0B06BD0204619F0B6FEC5E900A8D4F8F050BA
S21401C0C08DF80760002D67D00022204611460DF13D
S21401C0D00703A847204600F0EDFF0546B9F1000F1B
S21401C0E00FD076B9D4F88C300BBB012F05D025B113
S21401C0F0314B002103205B689847284602B0BDE813
S21401C100F087B5FA85F040F207523321400900F076
S21401C110BBF83146204601F00BFA284B05461B6852
S21401C120414620469847D4F88C30002BDDD00022BB
S21401C1304FF40073204600F0E1FBD6E700231D4DC7
S21401C1406B6098E794F82530DA07A9D5D4F89430CF
S21401C1505B05A5D51A4B0122002120461B6898478E
S21401C1609EE70021012000F001FC01F02FFE0128CE
S21401C170FBD190E76B68002B85D0434583D1AB6834
S21401C1809F4215D04FF001097FE7696811B1096830
S21401C190914291D059688CE794F82A1094F8393175
S21401C1A03246994228BF1946204600F0D1FE91E753
S21401C1B00025A2E7B8630020A0670020946700204E
S21401C1C01C530020F8B50F4605461EF068F939469F
S21401C1D006462846FFF7E6FE044620B130461EF026
S21401C1E059F92046F8BD01F0A7FD224639462846F2
S21401C1F0FFF736FF04460028F0D1284619F060FE06
S21401C2000028EBD095F8253013F001030DD0D5F8B2
S21401C210942052050DD5B5F82A21BA4205D0B5F8B5
S21401C2202C31DB1BB3FA83F35B09034A82F8C43073
S21401C230D4E72346F9E700BF001E00B013B5044655
S21401C240694619F001FC204619F045FDFF28024613
S21401C25006D020469DF80010EEF774FD02B010BD22
S21401C2600048FBE70080FFFF38B5044D044C054B42
S21401C270286021601A601DF00DFE38BDAC5200200A
S21401C2809C670020B052002010B550B90548064BF7
S21401C2900160064802601868054B18601868FFF7C9
S21401C2A0E3FF10BD9C67002008540020B052002018
S21401C2B0AC5200202DE9F0418AB001AC05460B4690
S21401C2C02746194A02F1200C2646106851680832A2
S21401C2D003C662453446F7D1002B08BF3B4600270C
S21401C2E010681C463060384603F10C0690B95FFAB8
S21401C2F087F842462846218819F0E5FD50B942469E
S21401C3002846E18819F0F0FD20B942463146284614
S21401C31019F0FCFD0137032F06F1080604F10204AB
S21401C320E4D10AB0BDE8F081F8720400F0B589B036
S21401C33005460E4619F0F9FD044600BB01AC06F1B0
S21401C3400C070FCF0FC497E8070084E8070001A980
S21401C3502846FFF7F9FD2846311D19F0C0FF0446AF
S21401C36048B92846074901F057FA044618B928463D
S21401C37001F0C6FD044628463168FFF79BFF2046BC
S21401C38009B0F0BDF0720400014919F0B0BB00BF5E
S21401C390D1DE010070B5164E032804460D463378EB
S21401C3A01ED023FA04F202F00102AA421DD053B1B4
S21401C3B00122A240A54023EA02032B43DBB23370DD
S21401C3C04BB1012070BD2DB10A4B01201B68984767
S21401C3D03378EDE73570074B00201B689847F0E788
S21401C3E09A07DED003F0FC03E9E7002070BD00BF2A
S21401C3F008610020F052002038B504460D4605F0CD
S21401C40077FD60B101F0C6FC48B9012D07D80120BF
S21401C41019F036FD0D4B1B6823B15B6898470C4B32
S21401C4201C7038BD1EF095F90A4B1A68801A186000
S21401C4301CF0AAFE4FF47A72074B1B6802FB003011
S21401C44019F053FB012001F0ADFCE8E7145300207E
S21401C450A96A0020E8520020EC520020F8B50546F3
S21401C4600C461EF01CF8104F06463B7833B1012DE2
S21401C47004D01CB90D481CF0D9FD3C702146284655
S21401C480FFF788FF0A4B04461B783BB93B782BB96C
S21401C49019F0EAFC10B1074B1B68984730461DF0AF
S21401C4A0F9FF2046F8BD00BF09610020C4520020F4
S21401C4B008610020A0670020054A0B46117831B1BB
S21401C4C000211170034A01215268187810477047FD
S21401C4D009610020A0670020124B0239012910B51E
S21401C4E018701ED805F004FDD8B101F053FCC0B198
S21401C4F001F034FAA8B90C4B1C6834B1236898478C
S21401C500BDE81040002019F0BBBC19F0ECFA074B4F
S21401C51018601EF01EF9064B1860204601F042FC1A
S21401C520EEE710BDA96A002014530020EC5200204B
S21401C530E852002038B5044680B11DF0B0FF012155
S21401C540044608461CF016FA01210B4A084615F067
S21401C55055FF2046BDE838401DF09CBF1DF09FFFEB
S21401C5600546214601201CF005FA01202146024A13
S21401C57015F044FF2846EDE7BE480400F0B585B047
S21401C5801DF08DFF344D04462B7823B133481CF043
S21401C5904DFD002852D11CF0D3FD02AA03A919F0C3
S21401C5A04DFC0346002838D019F05CFC029B9842EB
S21401C5B01CD100202A4B03991B682A4E99423070E1
S21401C5C020D90027C91A012324482B70264A33464E
S21401C5D0CDE900771EF099F8002837D1234A137861
S21401C5E0D90701D53178F9B1204611E019F038FCA8
S21401C5F0029B984228D0002318461949194A09680F
S21401C600137003910121FFF7C5FE002320462B700E
S21401C6101DF040FF002005B0F0BD20462B701DF038
S21401C62039FF212005B0F0BD03F0FE031370002B87
S21401C630DAD10F4B1B6898472046E9E720461DF0E4
S21401C64029FF0E2005B0F0BD0220B3E703232046E4
S21401C6502F703370F3E700BF09610020C452002039
S21401C660E4520020A86A0020B9C401000861002035
S21401C670F052002038B51DF012FF0F4D04462B78FE
S21401C6809BB90E4A0E4913700E4B0F4A0F481A609B
S21401C6900F4A5A60EFF782FF0E490F48EFF77EFF09
S21401C6A00E4B0F4A1A6001232B70F0F781F82046D3
S21401C6B01DF0F0FE002038BD0A610020096100204F
S21401C6C01C730400A06700207DC50100B452002041
S21401C6D05DC4010024730400BC520020F052002007
S21401C6E035C501002DE9F0438F7880460F2F0C46A3
S21401C6F085B003D9212005B0BDE8F08327B9012311
S21401C700374A00201370F6E70D784E78EDB9002E03
S21401C710F0D194F90310E08803F00AF82128E9D053
S21401C72055EA0603A088DFF8C89013D003F064F832
S21401C7304FF60403B9F8002001469A424BD1AE42A7
S21401C740334638BF2B4600262DE0082DD2D8082EBA
S21401C750D0D8DEE703F050F84FF6040501464FF651
S21401C7600500204A136E9BB2AB4208BF0346B1F5E3
S21401C770803FA9F800300FD90223082513668023CD
S21401C7800126C2F880302B4649084FF6FF72013960
S21401C790914228BF114608E0802301260825166627
S21401C7A0C2F880302B460029EFD1002202920122E6
S21401C7B0013FFFB2009201972A4608F1F80002F005
S21401C7C0B7FE1EB14FF48012074B5A65074BA2689D
S21401C7D01A60022394E703480266A9F80030AEE720
S21401C7E00B61002000C001B800D001B8FC52002047
S21401C7F0306A002010B50446D0F818210B4B4FF4D0
S21401C8000061C3F8A82090F82420D20102F4006247
S21401C81005F0D2FA94F8243013F0100F4FF4007399
S21401C82014BF034A034A136710BD00BF001E00B0C1
S21401C830001002B8002002B8431C07D06FF0FF02B8
S21401C840034B10401A62A3F580531862704700BF6D
S21401C85000E000B8F8B504460F4616461DF01FFE68
S21401C8600546A047044620B128461DF013FE204683
S21401C870F8BD04F07FFC04220549D1F8D83E23EA2E
S21401C88007033343C1F8D83E024B1A67ECE700BFF3
S21401C890001000B0002002B800F01803182B0AD0D0
S21401C8A003070AD440F2011310F0100018BF18460F
S21401C8B0034B186570470020FAE70120F8E700BF30
S21401C8C0001F00B0044B1868830654BFC0F30F2046
S21401C8D04FF6FF70704700BFE453002038B103687D
S21401C8E0044A002B08BF1346034A13607047014BE6
S21401C8F0FAE700BF355B0300AC67002010B4D0E94F
S21401C900544122400B4052EA030104D003495DF82A
S21401C910044B096808475DF8044B7047AC67002074
S21401C9200F2938B505460C460ED801F04FFA0128F6
S21401C9300CD1074A2846D36B23F00F032343D36356
S21401C94019F002FB002038BD2120FCE70220FAE79F
S21401C950001F00B0014B186C704700BF001F00B0ED
S21401C960014B002019647047001F00B003282DE911
S21401C970F347884655D82C4B13F800902B4B1E5C7A
S21401C9802B4B13F800A01DF08AFD074604F03EFB72
S21401C990054640B100230022CDE9003301200023E3
S21401C9A0002104F079F904F039FB48B10023002294
S21401C9B0CDE90033002000234FF4004104F06CF968
S21401C9C06EB31C4BDC6C04F008041B4B3146DC6474
S21401C9D0484604F02DFC52463146484604F092FC87
S21401C9E0164BDC646DB1164B1868D0F89410F8300D
S21401C9F003F06EFA13490868FFF71EFF4FF0FF3386
S21401CA000B60B8F1000F04D00F4B002103205B68C8
S21401CA109847384602B0BDE8F0471DF03BBD3446A6
S21401CA20D3E702B0BDE8F087347304003073040026
S21401CA302C730400004000B8006000B8005000B835
S21401CA4008540020A8670020A06700200F4A136F33
S21401CA5013F0A00F15D1506F10F0040013D10C4B3A
S21401CA60D3F8D83E23F07F4323F0FF035BB1D368AE
S21401CA70C3F30362092A07D0B2F10C0018BF0120E4
S21401CA807047002070470120704700BF000002B8C1
S21401CA90001000B070B50D46064620B91A4B1B684B
S21401CAA0A3B10E2011E001F091F9012829D1174B0D
S21401CAB093F90040C4F11C04641BC4F11C03002B51
S21401CAC0B8BF5B42232B0CDD212070BD81EAE173E8
S21401CAD0A3EBE173DBB2232BF6D80C4B19700020C5
S21401CAE0F3E786F828501DF0DAFC094AE402D36918
S21401CAF004F4FF2423F4FF231C43D4611DF0CAFC75
S21401CB00EDE70220E1E700BF085400200C61002099
S21401CB1000C000B818B9034B93F90000704790F9AC
S21401CB20280070470C61002010B5044619F0C8F9BA
S21401CB3010B1012001F0D4F92046FFF75BFE1DF08D
S21401CB40AEFC0A4A0121D2F8A030044623F02003A5
S21401CB50C2F8A0300222064B08469A60054B5B6875
S21401CB60984720461DF096FC002010BD001E00B020
S21401CB70001002B8A0670020064B5A6A920207D43A
S21401CB80D3F8803013F4706F14BF01200020704773
S21401CB9001207047004001B8F8B50E46D0F8943031
S21401CBA002EA010423EA01032343C0F89430464A0B
S21401CBB001F00B0323EA0401D1642340A2F580525D
S21401CBC0D3647207054610D50121FFF7D5FF60B182
S21401CBD004F0D0FA4FF4007314F0040F14BF3B4A6C
S21401CBE03B4A536204223B4B1A67F30606D514F000
S21401CBF0100F14BF00221B22374B5A6537061DD56E
S21401CC00200616D54FF40012304B1A62012203F5A6
S21401CC108053C3F800211DF042FC0E210746032075
S21401CC2003F09EF840F201222B4B3846DA621DF0E3
S21401CC3031FC214605F1F80003F04AF9F10503D568
S21401CC40E2052AD503F05CF8B30503D5A70527D579
S21401CC5003F062F816F48C6F1DD014F4806224D0B1
S21401CC6095F82530DC070CD5EA8DB5F82A319342C4
S21401CC7019D0B5F82C31981A43424341174A82F825
S21401CC80C430D5F8E410284618F055FF8022144B1E
S21401CC90D864144B1A610020F8BD03F02BF8D3E7D3
S21401CCA003F034F8D6E70123E8E77105E9D595F8EE
S21401CCB02530DB07E5D5094B114683F8C4200A4B1E
S21401CCC028461B689847DCE7006000B8005001B8AA
S21401CCD0006001B8002002B8004000B8001E00B095
S21401CCE0001F00B0000002B81C530020014B18685A
S21401CCF0704700BF0853002037B51DF0D0FB002455
S21401CD0001230022CDE900340023054619461046CA
S21401CD1003F0C2FF022002F0E7FA064B21461C6030
S21401CD20054B02205B68984728461DF0B3FB20465A
S21401CD3003B030BD10530020A06700202DE9FF414D
S21401CD4002290D4616469846039004D1FFF7D4FFF4
S21401CD5004B0BDE8F0811DF0A2FB1E4F04463B68FF
S21401CD603BB1B34205D01DF095FB002321203B606B
S21401CD70EEE7194B0022C3F800803E60002301262F
S21401CD804FF0000810461946CDE9006603F084FF0F
S21401CD90124B022083F8008002F0A6FA43462A4688
S21401CDA0022003A902F0BEFA0D4B039A1A6008B9D5
S21401CDB02046D8E70B4D2B689847212804D02046FB
S21401CDC01DF068FB0020C3E731466B6802209847D8
S21401CDD0F5E700BF105300200C5300200E61002021
S21401CDE008530020A0670020044B5B6E5B054EBF16
S21401CDF00120034B187800F00100704700C001B80D
S21401CE000E6100200A78022A11D0101F42424241C8
S21401CE1052004B781201022B0BD0191F4B424B418B
S21401CE205B000549054842EA8312FFF713BD01225C
S21401CE30EFE70123F5E700BFF0FFFF0015DE010075
S21401CE400B78022B10D0181F434243415B004A78EF
S21401CE50022A0BD0111F4A424A4152000F210448B0
S21401CE6043EA8202FFF7F6BC0123F0E70122F5E769
S21401CE7041DE01002DE9F8430E780446042E0D46E6
S21401CE8090F830810BD100275FFA87F9484601F008
S21401CE907DFD08B14E4602E00137042FF4D130463D
S21401CEA001F074FD002849D094F83031B34209D11D
S21401CEB0AA88D4F8A8309A4204D16A88B4F83231E4
S21401CEC09A4238D084F83061AB883046A4F83431C1
S21401CED06B88A4F83231AB8804F59875C4F8A8308D
S21401CEE0FF2384F82B3019F0E0F884F82A0028464E
S21401CEF001F078FC18BB284601F03EFDF8B9D4F8DD
S21401CF00E03053B194F83011414506D02046B3F9CC
S21401CF101220EDF799FE84F83901204601F09AFEB9
S21401CF200949A4F834010123084AD1F8FC1004F198
S21401CF30F80003F0AFFC0020BDE8F88321200C23A5
S21401CF4084F83031F8E700BF001F00B0581F00B06A
S21401CF50F8B5054690F830010C460C28164623D045
S21401CF60FF2923D01AB14FF0FF32114B1A6019F086
S21401CF709CF8074695F8300101F068FD844228BF09
S21401CF800446E4B2BC4238BF3C46E0B285F82B000A
S21401CF9001F002FEFF280CBF2124002416B9284602
S21401CFA001F068FD2046F8BD0224FBE72124F9E7DD
S21401CFB0B067002010B590F8303104460C2B43D0F2
S21401CFC0D0F8E03080F82A10D3B3D0F8F020CAB9F0
S21401CFD090F839318B421BD300222046FFF7B8FF69
S21401CFE040BB1A4B1B78022B23D8204601F032FE99
S21401CFF017490123174AD1F8FC1004F1F80003F091
S21401D00049FC16E0B0F94220B3F912309A42E3DD4A
S21401D0100022204694F83911FFF79AFF50B9C4F858
S21401D020E000204618F08AFC4FF6FF73984201464E
S21401D03001D1002010BD2046BDE81040FFF7C2B860
S21401D040FF2380F82B30F4E70220F3E7346A002050
S21401D050001F00B0581F00B0F0B51D46144B044623
S21401D0601B780F46164685B05BB1D0F8E030E3B1C9
S21401D07002AAB3F912300092002214F021F905B089
S21401D080F0BD02A918F0E0FC9DF808103A462046CB
S21401D090EDF7DAFD014626B92A462046FFF758FF86
S21401D0A0EDE72046FFF786FFE9E71846E7E700BF0A
S21401D0B0824A0400D0F89C30012B01D10020704731
S21401D0C070B5044665498CB019F024F8D4F8E060D0
S21401D0D00146E58DC4F8E40026B1336813B15B68F8
S21401D0E0002B71D11DF0DBF91DF0D4F90123D4F822
S21401D0F0E4108DF80630B389D6E90120EB1A9BB20D
S21401D10000FB03225648ADF80430036800928B42B8
S21401D11007D0204618F00FFD80225249524BC864B2
S21401D1201A61514D00F052FE0128FBD1AB689E06F4
S21401D130F8D420469DF80620009906AB03F0E6F8E1
S21401D14000283ED100F042FE0128FBD1464A136F6B
S21401D150D801FCD493689906F9D4684606A903F069
S21401D1608DFA054668BBE28D404B5A6494F824302C
S21401D17060F3410384F8243000F0EEFFD4F8E03089
S21401D1805969431E0E68DBB2FD2B029622D9F31CA9
S21401D19034D84B68FF2803935ED10126DA1C25D8C4
S21401D1A0024602A9204618F0DEFEE6B9D4F854314C
S21401D1B099053FD494F8243043F0020384F82430D0
S21401D1C011E002200CB070BD1A68032A8AD99B6A46
S21401D1D05B0E8EE74B6801280393DED0024620469D
S21401D1E002A918F0C0FE00200CB070BD0133204B20
S21401D1F05B6816D0DA1C23D80393D1E71C4B0136A3
S21401D2001B6818BF0126DD1C06D802934B68FF2851
S21401D2100393C3D00020C3E7FF284B6819D00393BC
S21401D220C3E7DD1C0FD80246204602A9039318F077
S21401D2309AFEBBE720464FF4803119F01CF8D2E77E
S21401D240FF28B2D1E6E7FF28B0D10022204602A986
S21401D250EDE701200393A1E72A46C0E7FC1F00B0D3
S21401D260F8520020001F00B0000002B8008001B88C
S21401D270B867002010B50C4619B118F021FE00B1B0
S21401D2800434204602F0B8FA024B4042C3F8C80EF6
S21401D290002010BD001000B0838E70B593420C467E
S21401D2A015461CD3836C8B4208BF00241DF0F7F88B
S21401D2B04FF49C530B490646CA68C2F30362D34037
S21401D2C0DA0702D50B6F9B0304D4012229462046B8
S21401D2D001F016F830461DF0DDF8002070BD212063
S21401D2E0FCE700BF000002B82DE9F84F06461546D8
S21401D2F00B4611B92120BDE8F88F002AFAD0032980
S21401D30005D8002201F05EF903460028F2D01C88F9
S21401D3109978B4F5804F01F0070080F0C580A0F140
S21401D320070C1A7993F805A0DF88DCF1000343EBBC
S21401D3300C0305282B7394BF0023C1F30013C1F31C
S21401D340801C6B738B0985F810C003F00203C1F3D0
S21401D350C00C43EA0C03C1F340116B74A974AF828D
S21401D360002A40F0828096F81E31013BDBB2EB7456
S21401D370D6F89430DF0600F18380063801287FD87E
S21401D380B6F81280F76908F1FF38484B083C04EA02
S21401D39008045B6D3B5D0134802B0EBF6FF07F038D
S21401D3A0323B5BB2AB730023AB6096F8279004EA7E
S21401D3B00804B9F1000F61D1631D03EA08035A1C82
S21401D3C002EA0802BA5CFB5C43EA0223D9040FFABC
S21401D3D083FB4CD5D6F8E43013B11B68022B05D875
S21401D3E041F24D724C210020FEF74EFFD6F8E420A4
S21401D3F0CBF30B0392F82420DB000AB1B3FBF2F364
S21401D4009A4508D83BB1CAEB0A2ABAFBF3FA6FEA87
S21401D4100A0A5FFA8AF9D6F8EC3023B1484695F93C
S21401D4200E1098478146631C85F80F9003EA08039F
S21401D430F95C013303EA0803FA5C013303EA0803E3
S21401D44041EA0221FA5C013303EA0803F85C41EA87
S21401D4500241002341EA00616A7C304603F0D8FAB3
S21401D46006232860AB71002045E7531E7EE717F8B8
S21401D47004904FEA49095FFA89F9CCE79946D2E761
S21401D48000230020EB730A4B5A69C2F307231204E8
S21401D49048BF63F0FF035AB212F1800F1CBF323B44
S21401D4A05AB2AA730346DCE7022024E7004000B81C
S21401D4B000C000B838B5148811F003054FEAC4045B
S21401D4C022D13F2C20D9B4FA84F4C4F11903DBB27B
S21401D4D0052B01D8192C15D0052B28BF05230124AF
S21401D4E00633DBB29C40C4F3CF0313800382816111
S21401D4F0448700F02DFF054A631E2343C2F8A4307B
S21401D500284638BD2B46EAE72125F9E7001E00B07C
S21401D51011F5004F1FBF01F30E01044BC1F30E01BD
S21401D520002014BF99642120704700BF008001B815
S21401D530F8B504460E4619B990F824305A063FD479
S21401D5404FF6FF73618ED4F8E470994204D0314BE4
S21401D5501B680BB1204698472F4D2B68BB424DD018
S21401D5602E4B1B683BB11FB13A68002A48D0BF68F2
S21401D5703946204698470727204601F06BFB002EC8
S21401D58032D006270126264B94F9282093F900303D
S21401D5902449C3F11C039B1ACA69DB0222F4FF2249
S21401D5A003F4FF231343CB61D4F8E4301E4A2B6007
S21401D5B01E4B976720461E7018F0C6FC0020F8BD6B
S21401D5C04FF6FF71144DD0F8E4702A6866F386139F
S21401D5D09742418680F8243017D0104B1B68002BE9
S21401D5E0C1D101F037FB072711493B46114AD1F853
S21401D5F0FC1004F1F80003F04DF9C2E70127BBE780
S21401D6001746204639469847B5E701F023FB012720
S21401D610EAE700BF04530020F85200200053002020
S21401D6200C61002000C000B8006000B80D61002049
S21401D630001F00B0581F00B0054A12681AB190F8D2
S21401D6401E1119B91047084602F0AABB01487047D7
S21401D650F452002000FEFFFF344B2DE9F7431C680F
S21401D66001F4007900F00103174653EA0902064661
S21401D6700D4635D04FF000083BB3002300220021B1
S21401D6800120CDE9008803F007FB042001F02CFE01
S21401D69041462046FFF7D0FF01224146208610462C
S21401D6A018F0FEF8D4F8941004F1F80002F010FC1B
S21401D6B01F490868FFF7C0F84FF0FF330B6094F876
S21401D6C0243043F0040384F82430B9F1000F07D066
S21401D6D00121204618F0CFFD25F4007506430D43C1
S21401D6E02B4632462046FFF709F9FB070FD51149AD
S21401D6F0114A086800211368116001210F4A117050
S21401D70003B198470E4B002102205B68984717F03B
S21401D7100E0F08D04FF409723B21002003B0BDE87C
S21401D720F043FEF7B1BD03B0BDE8F0830854002016
S21401D730A86700200C530020105300200E61002023
S21401D740A067002008B5482200210248FDF72CFFFB
S21401D750002008BDDC1E00B073B578216422A0F855
S21401D760141182210C23C0E94112C0E94322C0F8FA
S21401D770002107224FF0FF35002680F830314FF6A2
S21401D780FF730446C28700F14C0282641E4AC385B9
S21401D790A0F8403080F82C3043864263038780F837
S21401D7A02860C0F8A850458580F8265003F03EFC56
S21401D7B02046FFF7C7FF94F928102046FFF76AF9BD
S21401D7C0602340F6FF71114A2046D36402F11C42E1
S21401D7D0D162D1650E4A2946D36440220D4B1A67A1
S21401D7E0D4F89420FFF7D8F90E230022CDE90033B0
S21401D7F040F202231046194603F04EFA01F0E2F811
S21401D800304602B070BD00BF4000FFFF004000B8C8
S21401D810005000B8002002B810B50C46FFF792FF82
S21401D820BCB1A378082B16D8E278082A13D843EAA5
S21401D830021313F0FF030CBF19466168074AC2F8CA
S21401D840DC10217882F82011617882F8233182F881
S21401D8502111002010BD2120FCE700BF001E00B0F2
S21401D860012A10B512D8032B10D803EB820201232C
S21401D870074C934094F82201DBB221B10343002008
S21401D88084F8223110BD20EA0303F8E72120F9E7E6
S21401D890001E00B0034670B50C68B0F834210134A0
S21401D8A008BFD3F800418D6808BF0C604C68F8309B
S21401D8B0013404BFD3F80C414C606E1C3CD1D3F844
S21401D8C00841CE688C60751C3CD1D3F804510E69B2
S21401D8D0CD60013604BFD3F8F8600E614E6901369B
S21401D8E004BFD3F8FC604E618E69013604BFD3F8DD
S21401D8F010618E618E695EB35A32B24238BF3246CB
S21401D9000E688A6116B15A2E38BF5A26C3F80841E6
S21401D9104C68C3E94065C3E943420A69C3F8F82085
S21401D9204A690C49C3F8FC20D1F8FC1007230A4ABF
S21401D93002F0B0FF002070BD02F15A04AC4238BFBD
S21401D9402C46BEE702F17805B54238BF3546BEE73C
S21401D9506422D5E7001F00B0581F00B070B51CF058
S21401D9609EFD04460B4E00F031FA012805D02046F4
S21401D9701CF090FD0225284670BDF36813F0706F09
S21401D980C3F30365EFD1B36ADB06ECD520461CF082
S21401D99081FDF0E7000002B838B51CF080FD4FF6B7
S21401D9A0FF710A4A13888B4203D11CF073FD0E20C7
S21401D9B038BD074C074D1B046566A4F580546366A5
S21401D9C011801CF067FD0020F2E700BF326A0020DC
S21401D9D0006001B80000FFFF2DE9F74304460F463B
S21401D9E015461E46FFF732F830B3A38A23B3204606
S21401D9F018F06CF878B9002E40F0F280794BD3F825
S21401DA00D83E03F03002102A00F0EA8003F0C0038B
S21401DA10402B00F0E580DFF80082D8F81430D907F3
S21401DA2040F1DE801CF03BFD0646032001F058FD68
S21401DA3030B130461CF02EFD022003B0BDE8F08365
S21401DA40D8F8142012F00608F3D130461CF022FD57
S21401DA50644B4FF400612046D3F8D89ED3F8AC6EE1
S21401DA6004F0BEF940B14FF4007201215E4B084646
S21401DA701A67424617F014FF94F82530DA0707D5DF
S21401DA80D4F894305B0542BF4FF40022574B1A6717
S21401DA9039462046FEF796FB524BC3F8D89EC3F88C
S21401DAA0AC6E0028C9D194F82430980601D4002D14
S21401DAB057D0C5F3400003F023FB022315F4807F03
S21401DAC01BBF0021494A484A136717BF484A1367D4
S21401DAD05161136303F04EFB4FF4806315F0040F9E
S21401DAE014BF444A444A15F0400F53624FF00402F3
S21401DAF03D4B28461A674FF0400314BF3F4A404A41
S21401DB00C2F88830FEF7C8FE204618F009F938B189
S21401DB104FF4807315F0010F14BF344A324A13676D
S21401DB20A90647D54FF6FF72B4F8403093420FD09E
S21401DB30344A3549526E100CC2F301120132B3FB5E
S21401DB40F2F308802B4A2C4930481B04486653667A
S21401DB50003D18BF012594F8243065F3451384F879
S21401DB602430204618F0ACF9F0B1204618F0D8F869
S21401DB70D0B14FF40031204604F032F9431C0322A1
S21401DB809BB2234801A918F053FA9DF8042002F02D
S21401DB900703052B9DF8053015D112070DD443F464
S21401DBA080731C4AC2F8B830002003B0BDE8F043C9
S21401DBB018F04BBAFFF7F0FECAE713F0040F09D1CD
S21401DBC09DF80630EBE703F03002202A05D113F06A
S21401DBD0010FF4E74FF48073E3E79DF80630E0E7C2
S21401DBE00E202AE7001000B0002002B8001002B88C
S21401DBF000400054005001B8006001B800D000B8E1
S21401DC0000E000B8004001B8326A00200000FFFFC3
S21401DC1008400054001E00B000C001B82DE9F341D1
S21401DC200646884615461F461CF039FC0446032066
S21401DC3001F056FC38B120461CF02CFC0E24204680
S21401DC4002B0BDE8F081042001F04AFC0028F2D1C0
S21401DC5020461CF01FFC01232A4641463046FFF7AA
S21401DC60BBFE04460028EAD1DFF8C8805FB388F817
S21401DC70000039463046FEF735FD00284CD198F8AD
S21401DC800030012B1CD02022244B1A67244BDB6C5E
S21401DC90B3F5817F1FD2012018F018FA1CF0FFFBA4
S21401DCA0204B06461B680193CBB901F093FC15F097
S21401DCB0800526D101F0E0FC284603F0F5F925E0C1
S21401DCC003F008FABBE798F80030012BF8D0002BD8
S21401DCD0D9D12124B3E78022134B1A61DBE7042054
S21401DCE001F002FB00230122042001A901F01AFB26
S21401DCF00028DAD103F056FA212430461CF0CAFB7C
S21401DD009DE70022094B9A6701F0B6FC084B0121FA
S21401DD105B6800209847F0E7044690E7001002B8D9
S21401DD20001F00B0FC520020000002B800C001B87D
S21401DD30A06700200B61002008B50C4BD3F84C11EE
S21401DD404B1C12D011F080410FD1094B1B6813B147
S21401DD500320FEF70BFE4FF080624FF40071054B77
S21401DD60DA67054AD16201225A6108BD0080E00FD8
S21401DD7008540020001002B8004000B84FF40022FA
S21401DD80034B186F03F500531A67C0F3C040704782
S21401DD90000002B8024B586900F00100704700BF4E
S21401DDA000C001B8084B5A69D10707D508B901F078
S21401DDB077BA5B69DA0706D401F064BA5B69DB07F8
S21401DDC001D40028F8D1704700C001B80F4BDB68BA
S21401DDD0C3F30363013B0B2B0FD8DFE803F0060602
S21401DDE00C06060606080A080808022070470420E2
S21401DDF070470520704703207047054B5B6913F099
S21401DE00060F0CBF01200420704700BF000002B8B7
S21401DE1000C001B8094AD368C3F303630B2B08D0CB
S21401DE206FF49050184100F0010080F001004000AE
S21401DE307047106F10F48030EDD17047000002B8C3
S21401DE400C4AD368C3F30363062B07D8042BD8B256
S21401DE500BD8C31E5842584140007047072B06D1C5
S21401DE60D2F830010028ECD170470220704700201C
S21401DE70704700BF000002B8094BDB68C3F30363B9
S21401DE809A1E012A8CBF00220122012B02701EBF9E
S21401DE904FF4026222FA03F303F001030B7070479A
S21401DEA0000002B8094AD368C3F30363032B01D009
S21401DEB0072B08D1536FDB0605D4906F80F008005E
S21401DEC0C0F3C00070470020704700BF000002B8D2
S21401DED0024B0022196817F0D4BF00BF98730400E4
S21401DEE0024B1B6803B11847704700BF2853002038
S21401DEF0024B1B6803B11847704700BF245300202C
S21401DF0010B5FF224FF6FF71044617F0DCFF68B923
S21401DF10FF224FF6FF71204617F0E6FF30B9204684
S21401DF20BDE81040FF22024917F0F0BF10BD00BF48
S21401DF303C7304002DE9F0411C46184B05461E684B
S21401DF400F46904646B1306801F01CFEF3681BB1DF
S21401DF50B368186801F016FE114B1B682BB1DA681E
S21401DF601AB19B68186801F00DFE9DF81830640719
S21401DF7044EA08425B0503F0BC6342EAC7621A43FF
S21401DF802846084942F4C87203F016FF00222846C4
S21401DF901146FFF781F90020BDE8F0819473040073
S21401DFA0987304009007E12D08B5FFF77BFF88B151
S21401DFB0094BDA6912030DD5186F10F4003009D138
S21401DFC09B6F13F0100F4FF010030CBF034A044A67
S21401DFD0936708BD0220FCE7000002B8001002B8F3
S21401DFE0002002B838B50446F8B1124AD3691B03BB
S21401DFF01DD5556F104BC5F38115032DB3F8B430FD
S21401E0000DD10822083B9BB221460C4818F010F8A7
S21401E0100020084B25729B6F1B0A637238BD022DC8
S21401E02005D1023B2A469BB2EEE72120F6E7022005
S21401E030F4E700BF000002B8001E00B038400054EC
S21401E040431EDBB2FD2B14D9FF280B6801D14A68A9
S21401E050134313F0802F1EBF42F20102074BC3F891
S21401E060282251F82020054BC3F85022C3F8542229
S21401E07070470128F5D10023E9E700BF004001B849
S21401E080F0B585B06D460E460F4B074614460FCBCE
S21401E09085E80F000D4BD3F848020090D3F84C22C8
S21401E0A001923EB1631EDBB2FD2B0AD93060FF2C14
S21401E0B000D1726022462946384617F054FF05B053
S21401E0C0F0BD012CF4E700BF447304000080E00FAC
S21401E0D0F0B585B06E460D4B07460D460FCB86E86C
S21401E0E00F0000F039F8314604460246384618F06B
S21401E0F0B3F84DB140B9FF2C1BBF04AB03EB84044E
S21401E100009B54F8103C2B6005B0F0BD447304002E
S21401E11030B50C4B0546187085B0082380B90A4AFD
S21401E120C2F8FC3351B96C46084B0FCB84E80F009C
S21401E130074B2A4621461868FFF7A2FF05B030BDF7
S21401E140044AEDE7AA6A0020001002B854730400DE
S21401E15008540020002002B8014B1878704700BF11
S21401E160AA6A0020124BD3F8E020D2031ED54FF442
S21401E17080321049C1F8E020A1F58051C1F8EC20A9
S21401E1801A6CD1B2C2F30722C3F88010C3F88020FC
S21401E1900422C3F880200022C3F88020C3F8802020
S21401E1A0C3F88020C3F88020C3F88020704700BFE2
S21401E1B00040005400600054F0220A4B01219A648A
S21401E1C0A022A3F580539A64074B826CC3F8C01053
S21401E1D0FC21C3F89810C3F89C204FF40052C3F8F2
S21401E1E0BC207047006000B800400054F8B50D46EA
S21401E1F0174606461CF053F901230421084C094A28
S21401E2002363A760E6602561C2F8E010064AC2F8FB
S21401E21084311CF03FF90DB102232363F8BD00BF22
S21401E220004000540060005400E100E00222024B6E
S21401E23058611A63704700BF004000540122044B26
S21401E2401A6640F6FF729963D863DA65704700BFB5
S21401E250004000542DE9F04F042A05460B4683B0D2
S21401E26039D901260978141F81615A7803F1040906
S21401E27082619A788261DB7883610368D0F808B09E
S21401E28003F0070306339E4006F1FF3A0AEA0B083D
S21401E2904768A6EB0802944247F000570ED8494655
S21401E2A0224607EB0800FDF70FFB46EA0A0604EBD9
S21401E2B00B023240AA6003B0BDE8F08F494607EB77
S21401E2C008000192FDF700FB019A384609EB0201AE
S21401E2D0A21B4244E7E7013A032AECD8DFE802F042
S21401E2E00B08050213F8012B826113F8012BAA61B2
S21401E2F013F8012BAA611B78AB6103B0BDE8F08F60
S21401E30038B50C46154601460F4B60B101220F4841
S21401E310C3F8C0202246FFF79DFF1DB104220A4B19
S21401E320C3F8C02038BD64B1D3F8A420A24284BF8C
S21401E3300122C3F8C0200222C3F8A040C3F8C020BF
S21401E340EBE70122FAE700BF004000549840005472
S21401E35038B504461CF0A3F801211A4A638F054616
S21401E36011663BB3B3FA83F3C3F11903DBB2A069B9
S21401E370C2F8901093660723D066C2F88C304FF42B
S21401E380A02302F50052C2F8E030A2F58052C2F88E
S21401E390EC3000220C4B1A600C4B1B6F5B0209D54C
S21401E3A04FF480020A4B04F1F8001A67D4F894106F
S21401E3B001F08EFD4FF4E0232846E363BDE83840C4
S21401E3C01CF068B8004000542C530020000002B82E
S21401E3D0002002B82DE9F84305460C46B1B1D0F845
S21401E3E01880478F1CF05BF8B5F83CC0791E01EA2F
S21401E3F00C0323F00702032C0646DFF8F8E042443C
S21401E4005CD1DEF8004024B91CF044F80E20BDE8CB
S21401E410F88324F00104DEF8000020F00100A04299
S21401E42051D10023CEF80030238894426FEA43434B
S21401E4306FEA534323803CD1EB8F08EB070918465C
S21401E440083880B202F108044C4528BF4446082823
S21401E45004D9B4F800E0BEF5804F3ED263440F43C2
S21401E4601B1A3B409BB2AB87E887118894781C4AFD
S21401E470C1F30C0151645367C2F88C004FF480223B
S21401E480184B04F00704C3F8E0200122164BC3F82A
S21401E4908421FFF767FE042C0BD14FF48002134B47
S21401E4A005F1F8001B6F124B1A67D5F8941001F0AE
S21401E4B00FFD30461BF0EEFF0020A8E7601E012886
S21401E4C098BF1446A7E7E88F4344E31A48BFDB1911
S21401E4D008389842A8DC304696E72246B0E700BFE7
S21401E4E0004000540060005400E100E0000002B863
S21401E4F0002002B82C530020144B10B51968CA8F9F
S21401E5008B8F488F13440138073B8C69034023F0F7
S21401E51007031C4402F108030D4A9BB2CB87C2F8DD
S21401E5208C304FF480220B4BC3F8E02001220A4BBB
S21401E530C3F88421A07800F00700042803D1074A15
S21401E540D3681B03FCD4064B1C6010BD0854002086
S21401E550004000540060005400E100E0000002B8F2
S21401E5602C53002010B5064C216839B1CB0703D4D3
S21401E570044B1868FFF72EFF0023236010BD00BF71
S21401E5802C530020085400204FF480320B4B0C49CA
S21401E590C3F8EC20A3F50053C1F8E020D3F88810A7
S21401E5A09A6E012302F0070206329340C1F30C0172
S21401E5B0083B994201D8FFF7D5BD7047006000546B
S21401E5C0005000542DE9F04780460C4616468769F0
S21401E5D0458F1BF064FFB8F83C2005F1FF3C02EACA
S21401E5E00C0323F00701032C82463944B8F83E0099
S21401E5F019D1494C24689CB90244073A02EA0C0234
S21401E60022F00702BC183B44E31A48BF5B19834259
S21401E61010DB50461BF03EFF00242046BDE8F08785
S21401E62024F00104EFE7012C02D0022CEBD10838CC
S21401E6300C46E8E7002E3DD08C423FD1374AD2F84F
S21401E64044903649B8F81270D1F88820C2F30C020B
S21401E650934247DA2588B5F5804FDAD2A378C5F319
S21401E6600C0503F007037A1EA5EB09053A43052BB3
S21401E670337005EA02052DD82DB2E84340F2414237
S21401E6800421C00FFDF700FE7580E3783374D8F8D7
S21401E6901C207B1E03EA0903D118B160A9B213FA44
S21401E6A085F5AF422FBF0023FF1AB780F26024BF63
S21401E6B0B180F36050461BF0EDFEAEE7A4F1080210
S21401E6C0974284BFED0802EBC502B2F80090C9F389
S21401E6D00C09B6E7124B5B6D003B18BF0123A5EB97
S21401E6E0C305C9E70B6C7A1EA3EB09033A431A402C
S21401E6F00C4915B2002DCB680BDCC3F30363D81E9F
S21401E70043424341DB0033708B6F72801B0A3374C4
S21401E710BDE70823F7E700BF2C5300200040005454
S21401E720004000B8000002B8054BA822D3F84C01FF
S21401E7303121431C0CBF0120C0F38070FDF7A4BD3E
S21401E7400080E00F38B5094D0446286840F6970268
S21401E750003818BF01202B21FDF796FDFA235C43F4
S21401E7602B680A20B4FBF3F4604338BD60530020E5
S21401E770174B30B51A68431C164B22D0B2F1407FB6
S21401E7801FD3154D00F03F04D5F8002122F03F02BB
S21401E7901443C3F8C84001F03F042243C3F8D02015
S21401E7A0D5F804310D4A1A400D4B03EA500003EA2E
S21401E7B0510110431143074BC3F8CC00C3F8D410E2
S21401E7C030BD00200146C3F8C800C3F8D000F2E708
S21401E7D00080E00F001F00B0000002B81FF087E1C4
S21401E7E0E0FFFF7F73B5574E0446317819B91C22F6
S21401E7F05548FCF7D9FE2378544A61881370518036
S21401E8004FF0FC62524CFF21C4F8FC204FF47F020B
S21401E810C4F808214F4A022B4F4D117033D10423FF
S21401E82007224E49C4F8FC23C5F8FC33C4F800118E
S21401E8304FF4C071C5F80011C4F8FC234FF48052A0
S21401E840C5F8FC33C5F870214FF40052C4F87021A6
S21401E850C4F808314FF4FF13C4F8FC304FF4BB136F
S21401E860C5F8FC308023C4F8703148F2C8023C4B2E
S21401E870C3F8D8203B4B3C4A0020C3F8C02F0123E5
S21401E880337002B070BD394A012BC4F80021384BF1
S21401E89027D14FF4C072C5F80021D3F83802D3F857
S21401E8A03C12FFF765FF0723C4F8FC330223C5F8C3
S21401E8B0FC334FF48053C5F870314FF40053C4F85D
S21401E8C070310423C4F808310DEB0300ECF7F4F8BB
S21401E8D09DF80530023B012B9CBF8023C5F87031A3
S21401E8E0C3E7244AC5F80021D3F83002D3F834121E
S21401E8F0FFF73EFF0723C4F8FC330123C5F8FC33BA
S21401E9008023C4F870314FF4805301A8C4F87031E5
S21401E910ECF7D2F89DF80530012B05D19DF80430AF
S21401E92053B948F25D1309E0FBD9023B012B9CBFAA
S21401E9304FF40053C5F8703148F25813084AC2F82C
S21401E940D83097E70F610020C41F00B0346A00205A
S21401E950002002B8AE6A0020001002B8C0F10F0015
S21401E960001F00B0001000B034530020C0F70F00A5
S21401E9700080E00FC0F60F00034B1A6802609B8808
S21401E98083800020704700BF346A002010B504461B
S21401E99001F026F80A4BD3F8F83724B983F400239C
S21401E9A0C3F3C04010BD012C05D113F4C02F0CBF1A
S21401E9B001200020F6E7A31E58425841F2E700BFA7
S21401E9C0000002B86FF07F42154BD3F8FC37934234
S21401E9D008D0144A03F03F031370F123124A137050
S21401E9E0124A13701249134B09781A68A9B1B2F189
S21401E9F0A06F12D3D3F850120F4A104BB1F1FF3F5C
S21401EA0018BF13460E4A136041F66A020D4B1B6887
S21401EA10B3FBF2F30C4A13607047084BF2E700BFF2
S21401EA20000002B8AF6A0020B06A0020B16A002078
S21401EA30AD6A00200080E00F5082E00F787304007A
S21401EA40305300207C53002060530020012807D05B
S21401EA50022802D030B100207047034B1878704767
S21401EA60024BFBE7024BF9E7AF6A0020B06A0020D1
S21401EA70B16A00200023F0B590F8304185B0024617
S21401EA802046CDE90133CDF80B30FFF7DFFF92F8D2
S21401EA902B30411EC9B28B4228BF0B46002C3CD0FE
S21401EAA0012C38D1042418464FF00F0C384E0DEBCC
S21401EAB00405B0FBFCF7F75D013CC01BC0B2814208
S21401EAC038BF00206055002CF3D105240F278DF8A0
S21401EAD00830B3FBF7F0305C0344DBB28B4228BF4F
S21401EAE00B462B5501340B2CF3D10F2602F1A8004F
S21401EAF0D43215F8013BB3FBF6F14C1CC1EB011106
S21401EB005B1A0133DBB2E4B21B0443EA045340F858
S21401EB10043F8242EDD105B0F0BD042418464FF003
S21401EB200F0C1C4F0DEB0406B0FBFCF5EDB27D5D42
S21401EB30013C401BC0B2814238BF0020A055002CCA
S21401EB40F2D105240F258DF80830B3FBF5F0385CBB
S21401EB500344DBB28B4228BF0B46335501340B2CE2
S21401EB60F3D10F2502F1A804D43216F8013BB3FB0A
S21401EB70F5F1481CC1EB01115B1A0133DBB2C0B2DF
S21401EB801B0443EA005344F8043FA242EDD1C2E716
S21401EB90717304006473040038B5284B05461A786F
S21401EBA027490C2A02D1FF20087038BD104617F0FD
S21401EBB07CFA04461046FFF749FFA84228BF2846BC
S21401EBC0C0B2A04238BF20460B78C0B28342ECD018
S21401EBD0087088B1431EDBB2022A1A490ED14FF0E3
S21401EBE0FC62C1F8FC20A1F50051D1F8FC2042EAF4
S21401EBF04353C1F8FC30D8E70346EDE7124A134CFD
S21401EC001268AC32C4F8C02F4FF47F02C1F8082155
S21401EC100F49CA6FD202C8D40F22B3FBF2F2551CB9
S21401EC20C2EB02129B1A0133D1F808411B0443EAD6
S21401EC3005532343C1F80831B7E700BF346A002003
S21401EC40AE6A0020002002B808540020001000B070
S21401EC50000002B82DE9F04F90F830510646D0F882
S21401EC60A82087B035BB1F2A38BF1F22093A4C247B
S21401EC70844B85481B6A96F82B10C3F38213DC403D
S21401EC800368DFF82CA29342DFF828827F4B04F05A
S21401EC90010414D11F78A74211D19AF80070AF422F
S21401ECA00DD17B4F3F788F4209D1B8F8040007B0E9
S21401ECB0BDE8F08F032A38BF0322023AD7E7026085
S21401ECC098F800001C70FFF7C1FEFF2924D12846E2
S21401ECD017F0EBF907466F493CB3D6F8E4702FB14D
S21401ECE03B68082B40F2CB8097F838701DBB0B6849
S21401ECF040F27121B3FBF1F353431922B3FBF2F354
S21401ED0039462A4605A8059317F0A5F902023C04E0
S21401ED10059842F0110988E0471E8F4228BF0F462A
S21401ED20012F38BF0127FFB2D5E7012D29D0022DCB
S21401ED3001D0B5B327460B6840F27121B3FBF1F35E
S21401ED4053431922B3FBF2F33946012207EB07249A
S21401ED5005A8059307EB042417F07DF97F00032F20
S21401ED6038BF0327020242EA001242EA0009033FC3
S21401ED7000F01F0007FA00F0FFF7E4FC00F5FA6761
S21401ED8058E00F23B7FBF3F3581CC3EB0313FB1A2E
S21401ED900133DBB2C0B21B0443EA0053C3F3074797
S21401EDA0C9E70C6840F27121B4FBF1F40F23544318
S21401EDB01922B7FBF3F3B4FBF2F43748374A00687D
S21401EDC0A2FB0412013350FA83F313F8013C0392B9
S21401EDD0A3F140012A4603A8019317F03CF9039FCB
S21401EDE02F4AE41BA2FB041200903021049204A8CF
S21401EDF02A4617F030F9DDF810B08146A4EB0B0473
S21401EE0001220594102144F2100405A817F023F9F5
S21401EE10009B1A02019B42EA091244EA0344059B3D
S21401EE2042EA000907EB0B001844FFF78BFC00F5DC
S21401EE300C57283740F6FF711A4B3846C3F8C010F6
S21401EE40A3F58053C3F8C090A3F58053C3F8C4401C
S21401EE50154C276001F0B0FC4FF47A72134B404218
S21401EE60986523680A49B3FBF2F3A8F8043096F8CC
S21401EE702B30B7FBF2F08AF800500B7017E700272B
S21401EE8034E700BF004001B8B067002010610020E1
S21401EE90AB6A00207C5300203053002069C2F5681D
S21401EEA0911E856B006001B864530020001F00B0FE
S21401EEB0AC6A0020346A0020014B1870704700BF0E
S21401EEC0AD6A002010B5044603F012F878B1174B6E
S21401EED01B786BB964B1164B1B784BB1154B1B787D
S21401EEE0013B012B04D84FF40042134BDA6710BDE7
S21401EEF0124BDB6F1B04FAD41BF0D1FA4FF400421D
S21401EF000F4B0446DA67A3F5A0435B682BB1FEF707
S21401EF1041FF10B1022017F0D9F80222094B204612
S21401EF20BDE81040C3F884241BF0B4BA1161002078
S21401EF301261002068530020002002B8000002B8C9
S21401EF40001002B800D003500122024B00201A70B4
S21401EF50FFF7B8BF116100200022024B01201A7092
S21401EF60FFF7B0BF11610020F7B50646504C00F020
S21401EF7037FD504B2578504F1E7085BB2846FFF74E
S21401EF80A1FF2378013B012B19D8E37B01A88DF85B
S21401EF900430237C8DF80530E8F7AEFFC7F88454BB
S21401EFA04FF6FF72454BC3F88420F822A3F5805331
S21401EFB0C3F884200022404BC3F884240DE04FF6AA
S21401EFC0FF723E4BC7F88454C3F88420F822A3F599
S21401EFD08053C3F88420C7F88454394B5BE0002083
S21401EFE0FFF770FF2378013B012B08D8E37B01A8CC
S21401EFF08DF80430237C8DF80530E8F77DFF00237B
S21401F000C7F88434002ECBD062685AB32D4B1B68E8
S21401F01003EB5203B3FBF2F3013B1B0243F0F8038D
S21401F02026782649022E284A1ED0032E4FF6FF7553
S21401F030214826D0012E34D143F00203C1F8845072
S21401F040C2F884300723C0F88434E37B01A88DF826
S21401F0500430237C8DF80530E8F722FF0120FFF706
S21401F06031FF17E0F823DBE74FF6FF7043F00103AB
S21401F070C1F88400C2F8843006220F4BC3F88424FA
S21401F080E3E743F00503C1F88450C2F88430042353
S21401F090C0F884340D4B4FF080420020DA6703B08D
S21401F0A0F0BDC1F88450C2F884300023F0E700BFF9
S21401F0B0685300201261002000C00350006000B8B1
S21401F0C0002002B87C530020005000B8001002B89F
S21401F0D0F0B5294F06463D4604460FCE0FC53368A8
S21401F0E085B02B6000F07CFC0022244BC3F88424FE
S21401F0F0A17A627A42EA0142C3F89024217CE27B3B
S21401F10042EA0142C3F88C24217B627B41EA024039
S21401F110C3F888043B78032B2AD8DFE803F02202E1
S21401F1200C178DF8041004218DF805200DEB010055
S21401F1300022E8F781FEE37B00228DF80830237C6D
S21401F140042102A88DF80930E8F776FE637A0122D9
S21401F1508DF80C30A37A042103A88DF80D30E8F75A
S21401F1606BFE074B187805B0BDE8F040FFF7FCBE14
S21401F170212005B0F0BD00BF6853002000C0035039
S21401F18012610020034BDB6F002BBCBF024BC3F8A0
S21401F19088007047000002B8004000B82DE9F0472B
S21401F1A016F0F8FF4FF47A762D4BB0FBF6F61860A2
S21401F1B04FF4FA73734307462A48190E1B021818B0
S21401F1C0294A4FF0000341F10001FBF781FE274B6E
S21401F1D0A0F5807205461A6320B948222B21FDF757
S21401F1E053F801254FF47A724FF0000A6A435346EA
S21401F1F050083102FBF76CFE1C4B1D4AB7F57A7FAF
S21401F2009A601C4B4FEA056819601B4B89460446F9
S21401F21018604FEA152505D29B222B215046FDF793
S21401F22033F801264FF47A73A8FB030103FB05119B
S21401F2307308C01841F1000100233246FBF748FE6F
S21401F2400E4B023419600E4B49F10009A4081860F0
S21401F25044EA8974054B013C9C63BDE8F08700BF16
S21401F2607C53002020A1070040420F0000C001B8D7
S21401F270021101008C530020885300208453002083
S21401F280805300201022044BC3F884215A600122C7
S21401F290024BDA60704700BF00E100E000C001B831
S21401F2A01022064BC3F88421C3F88420BFF34F8F86
S21401F2B0BFF36F8F0422024BDA60704700E100E073
S21401F2C000C001B810B50446A242A2EB0000A3EBB1
S21401F2D0010104D2034B01399B6B0133184401F041
S21401F2E0030110BD00C001B838B501250A4B020163
S21401F2F09D504FF480730446084A834053661BF0C2
S21401F300CEF8074AA540137823EA05031370BDE833
S21401F31038401BF0BFB800BF00E101B800E001B8FB
S21401F3201B6100202DE9F84F164605468A461F4602
S21401F3301BF0B5F8022E00F0908080461BF0BCF85A
S21401F340594B5A4AD3F82090147D5A6EE4B25207AC
S21401F35044BFD3F82090013404F003041BF0A7F84F
S21401F3604846214600F036FA8446DAF80000012EB7
S21401F37004BF01306044ACEB000C08BFCAF80000C3
S21401F380BCF1804F7DD300F037FA8145A1EB040133
S21401F39088BF454BDFF834C188BF01F1FF3101F06A
S21401F3A0030188BF9B6BA0EB090E0CF80510A1B1F9
S21401F3B0F90742BF41F61F723D4B5A67BA0742BF73
S21401F3C03B4B3C4A5A677B0742BF0022364B9A6743
S21401F3D03C0742BF0022344B9A6511244FF0010AC4
S21401F3E0314B05F11002120103EB051BCBF80C01A2
S21401F3F031499C501A6A0AFA05F4586E0B78A2EB4A
S21401F4000902E4B2234372450B7025D34FF480738F
S21401F410AB40034220D11CF80520002A40D10EB390
S21401F420264AF807536607D541F61F7140F20110C8
S21401F4301F4B596750675967B90706D51C4B1D4ABC
S21401F4401E491F485A6748675A677A0742BF012212
S21401F4501C4B1A613B071AD440461BF01BF80120CF
S21401F460BDE8F88F184A2D0142F805A042F89C3CE9
S21401F4701BF015F810490B7823EA04030B701BF0F8
S21401F48009F840461BF006F80020BDE8F88F212059
S21401F490FFF778FE4FF48032034B4046DA60DCE734
S21401F4A0064A40465366D8E700C001B8EC53002030
S21401F4B000E001B800001F1F1B61002000D001B84A
S21401F4C000000101000002B800E101B8136100204C
S21401F4D0024B1878003818BF012070471B610020C6
S21401F4E0034B10300001185800F00100704700BFB0
S21401F4F000C001B870B50646FEF74CFC044608B1DC
S21401F500FFF7CEFE0023084D3046AB61EB612B6260
S21401F51000F072F9054BC9B2197528620CB1FFF7F4
S21401F520B1FE002070BD00BF00C001B8EC53002042
S21401F5302DE9F0419DF818800D46B8F1000F08BF7F
S21401F5400022214EB5F5803FB168074621F47001CF
S21401F55041F4A001B1609DF820409DF81C104FEACF
S21401F560042444EA016444EA031444EA084444EAED
S21401F57002044FF0180140F2E9222CBF00200120BE
S21401F5807465FCF781FE3564B8F1000F1AD00F4B95
S21401F590BC68D3F888305A2C38BF5A245B0606D587
S21401F5A000F0F0FB18B10A4BB3FBF0F31C44204605
S21401F5B000F022F90130854238BF0022024B34BFE9
S21401F5C05A645864BDE8F08100C001B800C000B8B4
S21401F5D000093D00214B10B51A6E1A66596C59B1D7
S21401F5E01F49C96800292EDB596D4FF0FF3301F022
S21401F5F00F018B409A4326D110242020FFF7C2FD2D
S21401F600184B9C6002F088FB2022174BC3F884211C
S21401F61001F0F4FC48B1002200200821FEF71CF896
S21401F620124B5C66A3F580531C670D4AD36803F042
S21401F6307063B3F1807FF9D9084B0D4A5A6741F2DE
S21401F64001429A6710BD01F0D9FC0028F4D0094B9D
S21401F650064A5366A2F580521367EDE700C001B86B
S21401F660000002B8001002B800E100E000E001B8B6
S21401F670011B01181000002008B52120FFF782FDAC
S21401F6804FF48032014BDA6008BD00BF00C001B8FC
S21401F690F8B5184D04462B6A1B0426D500F0E6FB88
S21401F6A02B6AA0FB044613F0787F4FEA9367C3F3F7
S21401F6B04450C3F3044505D140F25A422B21FCF7CE
S21401F6C0E3FD0120AD01B5FBF0F010EB871005D18D
S21401F6D040F25F422B21FCF7D7FD012002460023B2
S21401F6E020463146FBF7F4FBF8BD00F04BFBA0FBD0
S21401F6F00401F9E700C000B80246012030B50B4C02
S21401F700A0F12003C0F1200524FA05F504FA03F35D
S21401F7102B4304FA00F595428B4100D330BD0F28E8
S21401F72001D00130ECE7FF20F8E700BF40420F00B0
S21401F73010B50C46FFF7ACFFC30943EA4163C01A94
S21401F74061EBD111FFF7D8FFFF2814D00F220C4B25
S21401F75040F01000C3F88820A3F58053C3F8880052
S21401F760A3F580531B6ADBB2802B06D02046BDE88A
S21401F770104000F067BB212010BD0220FCE700BF4F
S21401F78000E000B838B51AF097FE084B084A1D6A23
S21401F790147D5A6EE4B2520744BF1D6A01341AF052
S21401F7A086FE284604F0030138BD00BF00C001B83C
S21401F7B0EC5300200346064A103302EB00111B01EE
S21401F7C0D1F80C01D158C1F3400116F08ABC00BF34
S21401F7D000C001B8064B1B68434303EB8171054B20
S21401F7E01B68A3FB003013F1004341EB0000704798
S21401F7F084530020805300200C4A20F040430146E9
S21401F80010B5002014684FF00042E4FB0320084ABC
S21401F810890F126802FB0300064B9B6B984204D9C2
S21401F82001330131C01A01F0030110BD88530020D5
S21401F8308C53002000C001B8044B01F0F071103069
S21401F84041F0030100011950704700BF00C001B824
S21401F85008B52220FFF796FC4FF48022014BDA60B0
S21401F86008BD00BF00C001B808B5064B4FF03040D8
S21401F8701A6805499200FCF727F8BDE8084001F030
S21401F880E3B800BFB4730400B873040070B50C6825
S21401F890651C15D0C4F302669E42C4F3074530D1F9
S21401F8A0A4B294422DD804EB8506B24229D2141B89
S21401F8B0A50824F003040E59340F04D0012C08D0F7
S21401F8C00022212402E06B1C51F82320C0E9002409
S21401F8D070BD0E4C34F8133042EA03431A686B1CB1
S21401F8E051F8234001EB83014B6822405E4036F01D
S21401F8F0704404D11B0F032B04BF8B681A430024EA
S21401F900E4E7013501EB8501C1E700BF8C73040014
S21401F91007B501A8EBF7D0F84822164B5A65164AE8
S21401F920D2F8D43023F4FC33C2F8D430134B1B681E
S21401F9309DF80530023B012B19D84022104BC3F825
S21401F940FC23104BD3F85C32DBB2FF2B00D106232D
S21401F950094A1B03D2F8FC139BB20B43C2F8FC33D3
S21401F960D2F83021084B1A6003B05DF804FB00F0B2
S21401F970E7FEECE7008001B8000002B8002000B006
S21401F980001002B80080E00F2053002000224FF440
S21401F99000710F4B10B51A675A679A670D4AD16204
S21401F9A0012102F5E8325161DA6812F0706FFBD17D
S21401F9B04FF0304201245A6602F5FC5208329C662A
S21401F9C0DA64054B1B689847044B5C6110BD00BFA9
S21401F9D0000002B8004000B8B4670020002002B85A
S21401F9E001230F4A0F49C2F880328A6A22F00202C6
S21401F9F08A620D4A53600D4A53600D4A5360A2F560
S21401FA0080425360A2F54042536002F5C032536013
S21401FA1002F580425360A2F500425360704700BF72
S21401FA200080005000C0005000D000B800500054C4
S21401FA30005001B808B5FFF7D3FF0E4B0E4ADA6740
S21401FA4000F076FEFFF764FF03220C4BC3F8E020BC
S21401FA50012203F54043DA674FF460725A614FF4AE
S21401FA600072DA67FEF778FBBDE808400021FEF772
S21401FA704FBB00BF000002B80048F000005001B8BC
S21401FA802DE9F04F054687B002900F4657F8044B14
S21401FA90631C06D1029B2C60E81A801007B0BDE8F3
S21401FAA0F08F5FEA147B18BF0123344AC4F3016167
S21401FAB008BFC4F3074332F81120A4B24FEAC30AC1
S21401FAC02F4844EA02440AF104022A4482421BD225
S21401FAD00722CA4002F0010201929A0004EB830356
S21401FAE003930123B94603FA0BF808F0940305F1D2
S21401FAF0080604920593039B09F10409A34208D161
S21401FB00049955443944C0E71D4A9542E0D800207F
S21401FB10C4E7059B53B918F0420F19D118F0280F06
S21401FB200BD146F8084C59F8042C21E04FF420621A
S21401FB3032210020FCF7A8FBF3E740F6042232212D
S21401FB400198FCF7A1FB04F5805246F8082CEAE779
S21401FB5040F60D2232210198FCF796FB04F500527F
S21401FB60BBF1010F46F8082CDDD159F8042CD2431D
S21401FB7046F8042C04340836BDE700BF8C73040035
S21401FB80003000B0F8B50546F0B10026154B3446F6
S21401FB901F46154953F8042BBAB9A00000F13040AE
S21401FBA0294600F50150FFF76BFF30B940F6AE323B
S21401FBB03621BDE8F840FCF767BB0C4B0134044422
S21401FBC047F8265023F81640F8BDAA42FCD0013665
S21401FBD00C2E02D031F81640DCE740F6C83236214A
S21401FBE00020E6E790530020E2590020E459002067
S21401FBF070B50446A8B1C1B1384A52F8043B9842E0
S21401FC0015D1002336498A689206FCD49B00354AF2
S21401FC1003F1304303F50153C2F8B0302022324BD2
S21401FC209A6070BD01330C2B02D1304D12E00123D6
S21401FC3052F8041BA142F5D12D4A32F81330E1E700
S21401FC4004D16268C3E90012083403E0012A01D135
S21401FC50043419602268531CE3D0C2F3016335F8FB
S21401FC601300110C93B211F0FE0F43EA00436068D3
S21401FC700DD00434CAB2022A2168E1D9D4E9016060
S21401FC80033AC3E9001698600C340C33F3E7120FFD
S21401FC90072AD9D8DFE802F00704090D1013181D4A
S21401FCA0C04303F500531860CEE71A6842401A6055
S21401FCB0CAE703F58053F6E716F008FAC4E701220F
S21401FCC003F580538240F2E7012203F50053824098
S21401FCD0EDE71A6830EA0202FBD1B5E7905300203F
S21401FCE0000002B8001E00B0001002B88C730400B9
S21401FCF0E25900200122014BDA677047001002B872
S21401FD000122014BDA677047002002B84022014BFE
S21401FD10DA677047002002B84022014BDA67704765
S21401FD20001002B80B4B1B68D3F8E43023B11A68F5
S21401FD30022A01D9186A7047074B9A6D90B238B1FA
S21401FD40064BC2F307421B68DB085343B3FBF0F0D4
S21401FD50704700BF08540020004001B87C530020C3
S21401FD60064BDB68C3F30363984206D1044AD36BA0
S21401FD7023F0F00343EA0111D1637047000002B893
S21401FD80001F00B0054B1B68D3F8E43013B11A68A6
S21401FD900A2A01D8FFF7C6BF186C7047085400201E
S21401FDA02DE9F743064616F08AF900248046DFF867
S21401FDB090901AF074FB0DF1070105460DF106004F
S21401FDC0FEF75AF89DF806308BB9721C29D016F04A
S21401FDD076F9A0EB080428461AF05CFB9DF806307D
S21401FDE013B99DF807303BB3A642E2D824E0D9F810
S21401FDF00C3013F4603FE8D0D9F8100016F0CCF9B7
S21401FE00731C074603D016F05AF9A0EB08042846DF
S21401FE101AF040FB17F5007FE0D0384603B0BDE886
S21401FE20F08328461AF036FB9DF80630002BC0D129
S21401FE309DF80730002BBCD1004FEEE700FEFFFF18
S21401FE4000C000B810F1800F04D04D28CEBF7F202F
S21401FE50323040B2FF22044BC0B21A62A3F580537F
S21401FE6018620020704700BF00E000B80B4A10B5CA
S21401FE70136E0B4C116E03F00703E35CC1F3CD0167
S21401FE8001FB0333126E0748C2F3454202FB0333FC
S21401FE9000688001B0FBF3F010BD00BF004001B860
S21401FEA0847304007C530020084910B5D1F89C30B7
S21401FEB040B11C46CA68D1F89C309C42F9D1C2F3C5
S21401FEC00362027003F00F0010BD00BF000002B80D
S21401FED0094B01F080011B6F03F480030B4309D12A
S21401FEE04FF40012054B1A62837F1BB10122044BAB
S21401FEF0C3F80021704700BF000002B8006001B8D7
S21401FF00005001B82DE9F04F404F804685B0386863
S21401FF100C4615F0DBFD20B90024204605B0BDE8EF
S21401FF20F08F224600214046FBF73EFB384B5D69C9
S21401FF3015F00105F0D1FCF701F806460028EBD0D4
S21401FF403F68384615F0FAFC4FF6FF73984234D0F6
S21401FF504FF060512F4E304B304AD3F82090D6F8F0
S21401FF608C3011624FF00061A2F58052116224229A
S21401FF700421C6F88C202A4A4FF4804B91604FF436
S21401FF8080520027DFF8A4A0CAF868B0F262A74240
S21401FF901ED30421234A9160A2F5F032C2F88C30B8
S21401FFA04FF060521D4B1A6209EA02031E4A1362A1
S21401FFB04FF480421D4B9A66AFE73146384615F03E
S21401FFC061FC01463846FCF7FDF80028C0D0A3E7DF
S21401FFD0B26E5104FCD5B268D205F9D5CAF868B03C
S21401FFE0D6F890200135012D0392D0D9E21B042AC0
S21401FFF0A8BF042208EB070003A901930092FBF7B0
S21402000063FC009A019B3A4497B2C0E7085400206A
S214020010000002B8004000B8004001B8006001B815
S214020020001002B8002002B8005001B8006000B804
S2140200304FF604014FF60502044B01201B6C9BB2DF
S2140200408B4208BF1346024A136670470080E00FD1
S21402005000C001B82DE9F74F81460F464FF0FF3535
S214020060FFF790FB002601908A462C463046DFF8C2
S214020070D8B006F110031B015BF8033003F0030847
S214020080B8F1010F15D13046FFF794FB02460B4636
S21402009001985146FFF716F9DBF8643006F10802BC
S2140200A0D340DB0739D5002F40D000252C463E60D2
S2140200B040460136082EDCD160B3234A0027D2F828
S2140200C008C0916B0CF440330131A4FB0141641962
S2140200D041F10001B3F5003F30D1536B0CF4405CA4
S2140200E0013347F10006BCF5805F22D1156B15F58A
S2140200F0807505FB06F647F1000203FB0266A5FBC8
S21402010003323244594304FB0212A3FB0434144460
S214020110C9E9003403B0BDE8F08FA84271EB0403CE
S214020120C6D207B13E6005460C46C1E73D463C4690
S214020130BEE7320242EA13621B02E3E7136B13F5D1
S214020140807347F10002DDE700C001B808B516F07B
S21402015037F8044B5A7C012302329340024A536119
S21402016008BD00BFEC530020002000582DE9F341E3
S21402017005460F4668461146FFF76CFF0646B0B1C5
S214020180AFB1DDE900321B0A43EA0263A5FB038432
S214020190094B120A05FB02441A6812B915F0FAFF57
S2140201A00246002340462146FAF792FE3860304661
S2140201B002B0BDE8F08100BF7C53002037B504468C
S2140201C0FFF70EFCE17822791B4841EA0243C0F8A9
S2140201D0CC34E579A37943EA0543C0F8D0342378D2
S2140201E04BB18DF8041004218DF805200DEB0100AB
S2140201F00022E7F721FE63785BB10421A37900228F
S2140202008DF80430E3790DEB01008DF80530E7F741
S21402021013FE227801235AB1084AC2F8C83462781B
S21402022002233AB1054A0020C2F8C83403B030BDF2
S214020230034AF2E7024AF6E700C0035000D0035032
S21402024000E0035070B52C4B0C461A7812B92B4AB4
S214020250926D1A702A4AD26F52054AD51D78294BDA
S21402026005F00F06B0FBF3F040434FEA151505D133
S21402027040F27C622B21FCF707F80120224A0A2171
S2140202807243B2FBF0F34843B3FBF1F602EB5002C3
S214020290B2FBF0F201FB1633042BD2B207D8C3EB43
S2140202A08310C3EB80035BB283B96DB217E0C3F170
S2140202B00B0303EB8303DBB2B3FBF1F32B44DDB298
S2140202C00F2DF2D9013AD2B2053DEEE7053B5BB2FD
S2140202D093FBF1F31D44EBB26DB2002D04DB00205C
S2140202E042EA0512226070BD01320533D2B25DB217
S2140202F0F5E70220F7E700BF1C610020008001B886
S214020300000002B8403B2500809698004FF0000C93
S2140203102DE9F84FA2FB017BC84EDFF85CE3BE195D
S21402032099466BF10003B6457CEB030308D240F214
S2140203303E220E216046FBF7A7FF0220BDE8F88F9B
S214020340D0F8E4A00C461546BAF1000F04D0DAF84D
S2140203500030032B00F21B81B94BBA4A9B6BD2F8D2
S214020360FCA0C3F31408B84BD3F8EC305E00B64BCF
S21402037048BF48F400181B6E48EA456858074EBF47
S2140203804FF440039B0503F0E07348EA030818F0B5
S21402039005FA012D0646D0D10028CED0AB4B9842A6
S2140203A000F0048103F5122303F5F863984200F087
S2140203B00381A74B984200F02F81002502462B4668
S2140203C000204FF00071FAF783FD2B46013007FB41
S2140203D003F3C8F3130100FB0B33A1FB0662A7FB72
S2140203E0007001FB0522034420339B09C9F8003044
S2140203F0F60C984B46EA423618F4801F1C6008BF7B
S2140204007642954B954DC9F8144034441E602C60D4
S214020410BAF1000F00F0B98000239149C8F3815267
S2140204208A5C194618F0807F18BF6408002EB8BF91
S214020430764292066008C2FB06012246FAF748FD9B
S214020440DAF800300E2B08D97F4B7D4A926BD969B9
S214020450D3F80C31C90600F1D68018F4001814BF80
S214020460C42240F207127F49C0F31300A1FB0461C5
S2140204704FEA511102FB01F1C9F80400DAF818003C
S2140204804FF4FA73B1FBF0F118BF4FF0000801FB0E
S21402049003F3A4FB0262FA33A3FB003004FB082238
S2140204A0B342904138BF0131C9B241F4006CC9F879
S2140204B008C000297ED0DAF81C00A1FB003624B161
S2140204C0B4FA84F20E2A40F38880E203002E77D133
S2140204D0B2FBF3F2530003FB0113A3FB00764FEAD1
S2140204E0044EBE454FEA144474EB060609D34E008A
S2140204F03344A0FB0371BE4574EB010102F1010215
S214020500F6D2C2F30E024CEA023C4CF00063C9F883
S214020510083018F043F92B68002B00F08880B3FAF5
S21402052083F4D4F102044CBF1C4623FA04F44E4B67
S2140205309C4288BF6408002846D0B4FBF0F36421CE
S21402054000FB134201FB02F2904244D85A1E5208A4
S2140205505B08013B120242EA0313C9F80C3018F09A
S214020560E9F800285CD0B4FBF0F2642100FB1244E8
S21402057001FB04F4A0425ED8531E5B085208013AFF
S2140205801B0243EA0213C9F810300020D6E6042BF9
S214020590DAF828807FF4FBAE18F0807F0CBF08F0F4
S2140205A0E0734FF4400328F0E078EEE600232F488D
S2140205B01D460CE72120C1E600232D481D4606E70E
S2140205C00B46002289E7044640F2C2422B21002055
S2140205D0FBF75AFE2346013BB8E7C2F10F0702F1CA
S2140205E0110E06FA0EFEFB4043EA0E03A7F1200E9A
S2140205F026FA0EFE43EA0E03FE40013304FA02F226
S21402060046F1000662E702F4801203F400131A436E
S21402061008BFC0F5801020E7002316481D46D6E620
S21402062040F2E5422B21FBF72FFE621EA4E70028CC
S214020630C9D01C46CFE71446F7E700BF006CCA884D
S214020640008001B8001F00B0004001B800F0490267
S214020650005A6202C8530020C4530020C053002030
S2140206609C730400D34D62103FBE40250A3BB2DFA6
S214020670313641DCD694BFD6807C814A10B50B4613
S214020680044686B039B98279016821486B4600680B
S214020690FFF73CFE6B461F4A196851631E4AD2F8A2
S2140206A0FC2062B35A6842B11C4A1D49C2F80C11BA
S2140206B05968A2F58052C2F80C119A6842B1174ADC
S2140206C01849C2F8EC109968A2F58052C2F8EC10EC
S2140206D01549D868D1F8642122F4EE620243C1F8C3
S2140206E06421D1F85C21186922F4EE620243C1F853
S2140206F05C21A1F5FF4158692839FFF7A3FD0020C8
S214020700A2880A4B9A6203F5A033186406B010BD9D
S21402071008540020008001B8001F00B0006001B835
S214020720FFFF0F00FFF8FF0F000002B8004000B8FE
S2140207304FF48062014BDA67704700BF001002B8C0
S2140207404FF48062034BDA67034B1B780BB1034A04
S21402075093657047002002B81C610020008001B833
S21402076040B10368012B05D90069034B002808BF76
S2140207701846704700487047A473040010B590B13D
S2140207800468012C0FD902696AB11168094B102C52
S214020790196051685960916888BFD268996094BFA1
S2140207A0D960DA6010BD102200210248FAF7FCFE7A
S2140207B0F8E700BFD0530020084BC1171A68A2FB07
S2140207C0000302FB013310F1807043F10003400E78
S2140207D040EAC310803820EAE0707047E0530020F9
S2140207E00722164B70B5DA66154B164A1D68164B6D
S2140207F0EC08E005C0184FEA153141F1000100236C
S214020800FAF766FB114B124E18604EF66020FFF7A1
S214020810D3FF4042C6F884000E48FEF7EDFF0246BC
S21402082058B1E301500818184FEA15714FF000034B
S21402083041F10001FAF74CFBF06570BD000002B80A
S2140208407C53002065CD1D00B2E60E00E05300206A
S214020850001F00B040420F0010B5044698B10B4B83
S214020860D3F8FC00FFF78AFF4FF47A7303FB04F019
S214020870074BA0F6AC50DA689B681044C01ABDE875
S2140208801040FFF799BF4EF66020F8E7001F00B051
S214020890D05300202DE9F8430546084614461E4666
S2140208A0FFF76CFF0DB306F0020716F004061ED122
S2140208B0DFB14FF47A706B685843002B40F08C809F
S2140208C0FFF77AFF60626B69002B00F08C804B4A60
S2140208D0D0684FF47A7202FB0300A0F5035010387A
S2140208E0FFF76AFF2062002E57D1BDE8F883286919
S2140208F0002868D04FF47A735843404BA0F6AC50A9
S2140209009B68C01AFFF758FFE061A88B00285DD0ED
S2140209104FF47A735843394BA0F6AC509B68C01A12
S214020920FFF74AFF2061364BE968D3F800800029BA
S2140209304FD04FF47A735943304BA1F6AC519A68B4
S2140209405B68891AC91A2F4BC8171A68DFF8BC9059
S214020950A2FB011302FB003311F1807143F1000385
S214020960490E41EAC3118039274B6161DB6EA361F0
S214020970D9F8003053B1404615F0A2FA30B12246FB
S214020980D9F800301D49D8F8D80098470021A86940
S214020990FFF762FFA062002F8BD1A86830BB47F238
S2140209A03050FFF709FFA0604FF47A702B68584367
S2140209B02BB1124B1B6803F51C5310331844FFF778
S2140209C0FBFEE06091E74EF660209BE74EF6602065
S2140209D0A6E74EF66021B6E7084B1B6803F51C53E4
S2140209E0103318446CE747F2305079E74FF47A73C5
S2140209F05843A0F503501038D3E700BFD053002069
S214020A0008540020E0530020001F00B0CC53002002
S214020A1038B5054608461C4615F074FB0246D5F85E
S214020A20E400FFF79DFE4368A018002B044AA8BF07
S214020A304FF4FA721A44034B92FBF3F2104438BD99
S214020A400CFEFFFF18FCFFFF70B5124C88B001AD1C
S214020A500FCC0FC594E8070085E807008C2200211A
S214020A600D48FAF7A1FDD42200210C48FAF79CFDA6
S214020A700B4B0C4A5A6301F04DFA0B4B1B783BB1F9
S214020A80044E01AD0FCD0FC695E8070084E80700B7
S214020A9008B070BDC41F00B0A01E00B02C1F00B06E
S214020AA0001F00B0101111110F61002008B519F0D7
S214020AB0F6FC0E4B1A78A2B90D4A126812F4843F5D
S214020AC00FD10C4A1021D1671B7863B9084B1B68FB
S214020AD0DB0508D4074B2022DA67BDE8084019F088
S214020AE0D9BC054AEEE7044BF5E700BF22610020B9
S214020AF0A0150020002002B8001002B80A4B197890
S214020B0001F0FF0229B10021197008499202C1F8CA
S214020B10B420597801F0FF0229B1002159709302DE
S214020B20024AC2F8B83070471D610020005000B873
S214020B30064BD3F8D80E064B5B6F1A0103D4054B4F
S214020B409B6E1B0401D500F580707047001000B044
S214020B50000002B8004000B810B519F0A0FC0E2143
S214020B6004460320FFF7FCF840F20122034B20461E
S214020B70BDE81040DA6219F08DBC00BF004000B834
S214020B8008B519F08CFC4FF00042224BC3F88020C7
S214020B90BFF34F8FBFF36F8F0122C3F88420BFF3DA
S214020BA04F8FBFF36F8F0222C3F88420BFF34F8F9D
S214020BB0BFF36F8F0422C3F88420BFF34F8FBFF3B7
S214020BC06F8F0822C3F88420BFF34F8FBFF36F8F57
S214020BD01022C3F88420BFF34F8FBFF36F8F2022FB
S214020BE0C3F88420BFF34F8FBFF36F8F4022C3F842
S214020BF08420BFF34F8FBFF36F8F4FF48072C3F81A
S214020C008420BFF34F8FBFF36F8FBDE8084019F003
S214020C1041BC00BF00E100E008B519F040FC4FF00F
S214020C200042094B1A6001225A6004225A600822C6
S214020C305A6010225A6020225A6040225A60BDE84A
S214020C40084019F027BC00BF00E100E0012370B5A0
S214020C50074C2370074B1E68074B3240D3E90053FC
S214020C6019402840FCF7F8FC0023237070BD00BF33
S214020C7020610020E8530020A01500200022044B2B
S214020C801A70044B197811B11A70FFF70FBF70472C
S214020C9021610020226100202DE9F047DDF820A026
S214020CA003EA0108099B06460C4602EA000703EA25
S214020CB00A09BAF1000F40F04E81031F0B4300F001
S214020CC00E81052871F1000380F0E48050EA0103EA
S214020CD000F06081431E0B4300F02481FFF750FFB3
S214020CE0AD4AD2E9005323EA040325EA06053D434A
S214020CF043EA0807A94BC2E900571E68DFF8F482E8
S214020D0026EA0A0646EA09061E60FFF7CFFE15F037
S214020D102A4F14BF48F202034FF40043A04AB0071A
S214020D20D26EA04848BF43F4005383EA020122EA87
S214020D300302C2669C4A0B408166D366C5F38042B4
S214020D401203290348BF42F48072EB0648BF42F4FE
S214020D500052964BAC0648BF42F400726806D3F8BF
S214020D600C3248BF42F48062290648BF42F4006251
S214020D708F4882EA030123EA0203C0F80C328D4B45
S214020D800A40C7F34024A404C0F80812C3F80C2291
S214020D90EA0448BF44F48034AB0348BF44F48014EA
S214020DA0A80748BF44F4800415F4001F06D0D8F8FC
S214020DB0000015F0DBFA08B944F40024E90248BF43
S214020DC044F40034FA0648BF44F4000473077A4B2E
S214020DD048BF44F004041A6A44F4001484EA020386
S214020DE023F0010375491A400A621C40CB61744B1A
S214020DF016F0010F1C62734B734A18BF1A46734BE8
S214020E007C071B6F48BF42F00062714882EA03010A
S214020E1023EA020303676F4B0A4041661A676E4A6B
S214020E2005F00103516CA0F5803081EA030221EA45
S214020E300301416482631A40684B28025A64D8F858
S214020E40002048BF664B92F8F62058BF654B6907EC
S214020E5048BF43F4806322B115F4C06F18BF43F451
S214020E6080733207604A48BF43F00043D2F8EC1062
S214020E705E4883EA010222F4A0221140C0F8EC1078
S214020E801340C0F8E0205A4ABDE8F047C2F8EC30FA
S214020E90FFF7C2BEA0F580630B4306D020F4806342
S214020EA0A3F500730B437FF419AF19F0F8FA3A4929
S214020EB0D1E9003223EA060322EA040242EA0802E1
S214020EC03B43C1E900324B4A126892F8F610474A91
S214020ED009B313F4C06F1ED04FF4807311E019F0FB
S214020EE0DEFA2D4AD2E9003123F004033B4341EAFD
S214020EF0080157EA0807C2E900314FF480633B4A0B
S214020F000BD0C2F8E030A2F58052C2F8EC30BDE851
S214020F10F04719F0BFBA4FF48073C2F8EC30C2F84B
S214020F20E030F4E719F0BBFA1B4AD2E9003123F0AD
S214020F3001033B4341EA0801C2E9003101232E4A7C
S214020F4057EA08071BBF9363A2F5805253645364A3
S214020F5008BF9363DBE750EA01037FF4BFAEBAF142
S214020F60010F7FF4BBAE19F09AFA0C4A136823F00D
S214020F70010343EA090313604FF48063144AB9F18C
S214020F80000F04D05366A2F580521367BFE71367BB
S214020F905366BCE7BDE8F087A0150020E8530020A2
S214020FA0004000B8006000B8005000B8004001B829
S214020FB0006001B8005001B8000002B8002002B874
S214020FC0001002B8041C00030418000300C001B895
S214020FD000E001B800D001B800C000B800D000B8E8
S214020FE00D0A0A09090A0A09004000540060005462
S214020FF0005000540854002000E000B8024B586825
S214021000C0F3C000704700BFA0150020024B18684E
S21402101000F00100704700BFA0150020024B586880
S214021020C0F3C030704700BFA015002010B50446BC
S214021030FEF700FDFFF7A4FD2046FDF7BDF8FEF71C
S214021040A5FCFEF7ABF8FEF71DF9FFF7C9FB13493F
S2140210500723134AD1F8FC1004F1F800FFF71AFC34
S2140210604FF080710020FEF7E7FB4FF000720D4B49
S2140210704FF400110120C3F80021FEF7DDFBFEF756
S214021080D7FF20B940F292321421FBF7FDF815F093
S214021090A0F8BDE810400120FDF766BF001F00B0B3
S2140210A0581F00B000D001B88023074A13670823F0
S2140210B040B11367054AD2F8A03023F02003C2F8E5
S2140210C0A0307047024AF4E7001002B8001E00B0D3
S2140210D0002002B810B519F0E2F9012104460020FA
S2140210E0FFF7E2FF044B1961044B5B689847204602
S2140210F0BDE8104019F0CEB9000002B8A067002083
S214021100F8B5194C0546207840F2E442B0FA80F071
S2140211103E214009FBF7B8F855B9607840F2E44240
S214021120BDE8F840B0FA80F03E214009FBF7ACB8C3
S2140211304FF440660D4F0E4DD7F8B43040F2E442FD
S214021140C3F381232370C5F8B46060783E21B0FAF9
S21402115080F04009FBF798F8D7F8B830C3F381233C
S2140211606370C5F8B860F8BD1D610020004000B885
S214021170006000B8F8B5084C084D236F0423084FEA
S2140211802B67236F5B0300D4F8BD042602203E675C
S21402119014F09CFF2E67F4E7000002B8001002B8B5
S2140211A0002002B8A82238B51A4B1D6F03F500536B
S2140211B01A6710229A60A3F5804302F100521A675A
S2140211C05A66FFF79BFC144B1B7813B90320FEF7F5
S2140211D08BF80024114B9C67FFF7CCFF104A114B8B
S2140211E0D2F8D81E0B40C2F8D83E04220E4B1A671D
S2140211F00E4BAA06C3F8AC4008D503F58073DB6C29
S214021200B3F5817F22BF8022024B1A61BDE83840C7
S214021210FCF7C2BB000002B81F61002000C001B884
S214021220001000B0DF0000FF002002B8001E00B071
S21402123010B549B930B3164AD3681B0E13F00E0F19
S21402124020D193689A061DD4FFF786FC104C002026
S214021250FEF72AFE032801D0092805D1636FDB03B7
S214021260F5D4E36D0C2BF2D9FFF784FF4FF400722E
S214021270084BDA62012203F5E8335A61042203F5C9
S21402128080531A674FF4C062034BDA6210BD00BF88
S214021290000002B8004000B8006001B808B503219B
S2140212A00920FEF75DFD2022014B1A6108BD00BF32
S2140212B0000002B838B5054619F0F1F80E4B0446A0
S2140212C01868FDF745F835B1FFF7D8FC2046BDE8AB
S2140212D0384019F0DFB8094B1B78002BF6D0084BC4
S2140212E01D78002DF2D1FFF7C9FC2A464FF4804044
S2140212F00021FFF7ABFCE9E708540020216100203B
S214021300206100202DE9F84F5C4B06460D46144638
S2140213101B6F002A40F0AE8013F0A00F14BF4FF0F0
S21402132001094FF00009FCF737FBA0234FF0000A33
S214021330DFF868810320C8F87030FDF7D5FF042077
S214021340FDF7D2FF4E4FFFF799FC4E4B4FF0040BC2
S2140213507B67C7F878A0FFF70DFF4B4B4FF4807101
S214021360D3F8A020494842F02002C3F8A020FF226A
S214021370C8F80820414A1161D0F8D82E44491140D5
S214021380C0F8D81EC8F870B0C3F8ACA07B6913F0DA
S214021390060F04D0FEF75CFA5846FDF7A5FFB9F132
S2140213A0000F08D04FF400623A4B1A674FF400421F
S2140213B0A3F5E0339A6666B1374BDB6C180701D4A7
S2140213C0FFF7CAFBFFF76AFF0420FDF78DFFFFF762
S2140213D095FB2A4B5A69D10747D5DA6812F0706F27
S2140213E0FBD12E4B2E4A1A672E4AD36B23F0F003FC
S2140213F0D36315B12046FFF75DFF2B4BD3F84C3174
S2140214005A1C01D05B0002D50122244B5A6164B3F8
S214021410214BDA6E03F500539A6603F5D0331B6A46
S2140214201E4A23F00103D361204BD3F80C1203F5B6
S2140214300053C3F8081203F50053D3F8841003F5DB
S214021440005399671A4BD3F8EC1003F50053C3F810
S214021450E010184B596C03F500539963164903F5CF
S214021460803359664FF6084313670020BDE8F84FED
S214021470FCF736BD4FF0000955E700BF000002B882
S21402148000C001B800000101001E00B0001000B04C
S214021490DF0000FF001002B8004000B8002002B8CB
S2140214A010003000001F00B00080E00F004001B8BE
S2140214B00040005400C000B85000002F9B4B2DE99E
S2140214C0F04F9F6EDB6E85B01F40994B9F66994B1F
S2140214D0D3F8E050D3F8EC301D40974BC3F8E050F9
S2140214E0964BD3F80822D3F80C3202EA0309944B3F
S2140214F0C3F8089203F52043DA691B6A02EA030876
S214021500904B08F47702DA618F4BD3F80422D206A6
S21402151005D4D3F80431C3F30016DB0651D518F010
S214021520BEFF8A4B5A695E6E1B6F12F0060F06EA02
S2140215300306874A26F0007314BF4FF0010A4FF0E5
S214021540000A23F400637407536604D5814A137DA8
S2140215500133DBB2137518F09DFF002F00F0E28016
S21402156017F4004300F0D38018F099FF0146FFF706
S214021570DFFA0446784BD3F800B0DBF80020DBF83D
S21402158000309A42FBD0DBF800209A42FBD0FFF7ED
S214021590CFFAA04217D1084618F07CFF6F4B1C60AA
S2140215A06F4BD3F870B01BF4E0520ED124F07F4498
S2140215B024F0DF040CB9FFF7F5FD4FF0807B002422
S2140215C014E0B246C9E70446D7E70192FFF7EAFD00
S2140215D05C4B019A1BF480541A6740F09A801BF405
S2140215E0806F0CBF4FF0805B4FF0806BB80715D54D
S2140215F05B4A5448126F02F460410167002900F00A
S2140216008B80110400F18B8012F4005F0CBF4FF048
S21402161000524FF0006200244BEA020BC7F3403739
S2140216207F00504A2A40002A4AD015F4206F0AD07A
S21402163040F6A31206210020FAF726FE0020FFF746
S21402164039FE25F48025EB0506D5FF213D4A4BF4ED
S214021650C06B9160FFF780FA15F0090F0AD040F6CA
S214021660B81208210020FAF70FFEFFF717FE012135
S214021670304A116315F0106F0CD040F6C1120921E2
S2140216800020FAF701FEFFF709FE00221146104677
S214021690FCF736FE15F4202F0AD040F6C9120721B1
S2140216A00020FAF7F1FD0020FFF704FE25F480255E
S2140216B0E80301D5FCF768FF002DB8BF47F008071E
S2140216C069070DD51B4AD26A12F4005F4FF4005226
S2140216D017BF19492449CA624BF4000B08BFCA62F5
S2140216E06A0548BF4BF0040B15F48023019300F003
S2140216F0A480FCF701FF0138062837D8DFE810F08F
S21402170028012B0128012E013101340134019B46A8
S21402171055E74FF0804B52E74FF000727BE74FF0F1
S214021720004278E7BB463C467BE700BF004000B875
S214021730006000B80040005400600054004001B849
S214021740006001B8002002B800E100E000C001B865
S21402175000E001B8EC53002038730400E453002084
S214021760000002B8090B0B890050005440F6FA122A
S21402177003210020FAF788FD01218548826ED0F801
S214021780883002F00702063201FA02F2C3F30C0CAA
S214021790A2EB0C0292B2072A12D97E4A126F5302A9
S2140217A00ED47D4B826B806D5B6D5BB102F00702DF
S2140217B006329140C0F30C00091A89B2072901D8F3
S2140217C04BF4007B754A1278002A36D0704AD2F85B
S2140217D0E02012F4A02F30D1714A724912789AB9D9
S2140217E0F20411D40A787AB14FEADB026E4842EA72
S2140217F0447282F00102D0F8D80E02F001025200C2
S21402180020FA02F2930718D10420FDF76DFD674A0D
S21402181067485067FFF732FA62490A784AB9654A5A
S214021820127832B1644A654912680BEA02020A4229
S21402183001D14BF4804B26F48056B9F1000F1DD02F
S21402184019F4805F18BF4BF4802B19F4807F18BF01
S2140218504BF4002B19F4005F18BF4BF0100B19F471
S214021860007F18BF4BF0200B19F4806F18BF4BF0A7
S214021870400B19F4006F18BF4BF0800BB8F1000F45
S21402188048D018F4001F0AD04D4A13683BB1414AAB
S2140218904C48116F00680022C1F3C061984718F4E3
S2140218A0802F18BF44F4007418F4803F18BF4BF41E
S2140218B0805B18F4801F18BF4BF4003B18F4800FAF
S2140218C018BF4BF0020B18F4003F18BF4BF4801BF6
S2140218D018F4000F18BF44F0100418F4002F19D0A3
S2140218E0394AD2F8A02012F0C00F13D02949CA688C
S2140218F0C2F30362032A01D0072A05D14A6FD00633
S21402190002D48A6F120732D54FF400212F4A28F4E8
S2140219100028D161002E00F01B81330540F18F8034
S2140219202B48DFF88890C2782A49002A58D04FF40C
S2140219300063013AD2B24B66C27032B9264A1278B6
S214021940C2B140F60141254A51670022002173E0E8
S2140219504BF4803B10E74BF4006B0DE74BF4806BC7
S2140219600AE74BF4807B07E74BF0080B04E74BF4DF
S214021970001BCFE7D9F8782012F4A05F15BF4FF40A
S214021980807240F60142C9F85820C9F87820DCE790
S21402199000400054000002B8004000B82261002057
S2140219A02161002024610020001000B000C001B8B0
S2140219B00000010123610020A0150020088D01000F
S2140219C01C53002008540020001E00B0002002B85D
S2140219D01361002000E001B81F61002000D001B8AA
S2140219E00320FDF781FCD9F81420A84B12F0060F4D
S2140219F004BF41F61F72A649A64808BF4A674FF4BD
S214021A000061A34A5166D9F8142012F0060208BFF4
S214021A10C9F878205A8A12F4006162D022F4006271
S214021A205A82027802F0FF09002A5ED1FDF710FF03
S214021A30FFF7B8FB4A4620214BEA020B0C43B000E4
S214021A4009D52E20FDF79EFB4FF00051904A44F038
S214021A50080411675166F10606D52B20FDF792FBA6
S214021A6010218B4A1167516616F0306F05D1F204C9
S214021A7063D5BAF1000F00F0C080330117D52920D4
S214021A80FDF780FB844A526C12B11021834A9160A2
S214021A90FFF7B4FA48B1824A82487D494A6602672D
S214021AA000F54050C068400422D444F0040416F006
S214021AB0007A28D00420FDF717FC2720FDF762FBEA
S214021AC0FFF770FB4FF00071714A5166764AD2F802
S214021AD0D82E520679D40221704A916044F002044C
S214021AE028E002784FF40052A6E74FF400422DE7B2
S214021AF00A6720204A66FDF745FB2D2044F00C04B9
S214021B00FDF740FBD3E716F0807FDFF88C9147D0D5
S214021B100420FDF7E9FB2820FDF734FBD9F87820EE
S214021B20002A3AD1FFF73EFB594A5D4944F00104C8
S214021B30116751660021584A9165720508D55B49BE
S214021B408A78002A00F0D880013A8A700022174369
S214021B50574AD2F8A020130603D558462146FCF76A
S214021B60C7F93A4658462146FFF770F8019B0BB173
S214021B70FCF7F8FC01224F4B05F00435C3F8E050A1
S214021B804D4B18F4002FC3F884211EBF4FF40022D9
S214021B90424BDA6105B0BDE8F08FC9F878A0C3E71A
S214021BA0F104C7D50420FDF79FFB444AC9F8742008
S214021BB0FDF74EFED9F8642012F0407FBAD12A20F3
S214021BC0FDF7E0FAFFF7EEFA80E7394AD2F8A010FE
S214021BD08B0683D402203A4988603A49096891F80C
S214021BE02510C8077FF57AAF92F8C420002A3FF482
S214021BF075AF8021344A116170E7344A12680132A7
S214021C0002D04BF0010B98E728490A7952B1013A03
S214021C10D2B20A7112B9234A2D49516700224BEA01
S214021C20020B8AE70420FDF75FFB0320FDF75CFB4F
S214021C30194A2249516718F032FC81460DF10F000D
S214021C40FEF732F9234A824612780AB1FEF784FF7B
S214021C50BAF1030F0ED1DFF870A00020FEF724F9C8
S214021C60032807D1DAF87420D103F6D4DAF85C2018
S214021C700C2AF2D99DF80F20032A2FD10121164AE9
S214021C804846117018F006FCC8E700BFEC53002067
S214021C9000E001B81F61002000C001B8002002B8B1
S214021CA01000002000D001B8001000B01361002020
S214021CB0001E00B00060005400E100E000000101D8
S214021CC0001002B808540020000002B8A8670020DE
S214021CD00000010D2561002021610020094AD2F88A
S214021CE0E02012F4A02FC9D1FEF7C8FF484618F02C
S214021CF0D1FB4FF4804292E70220FDF7F5FA01226B
S214021D0025E700BF004000540122024B1A62DA6146
S214021D10704700BF002002B80D4B10B5DC691A6A86
S214021D2014400C4A24F47F01D161E20706D5D96833
S214021D304FF0FF30C1F3036114F055FA630706D57E
S214021D40BDE81040042200200021FEF77FBF10BD30
S214021D50000002B8002002B80C4A08B5936B526C19
S214021D6013400B4A9363DB070FD50A4B40F66342D8
S214021D701878122100F00100FAF786FABDE808404A
S214021D80002201200021FEF761BF08BD00C000B896
S214021D9000E000B8A0150020054AD2F88430DB0720
S214021DA0FBD4936FD2F884201340024A936770479D
S214021DB0008001B800A001B870B514460D4618F0B0
S214021DC06EFB064BD3F8A06074402C407440C3F8F8
S214021DD0A04018F05FFB06EA050070BD001E00B0CA
S214021DE0034BD3F8A03099430CBF01200020704764
S214021DF0001E00B02DE9F04117460A43012A1D468F
S214021E009DF818409DF81C60DDF8208029D8B44261
S214021E1027D2082E25D8032B23D8B8F1000F20D0BE
S214021E200A460021FBF71CFDFF21EB009940C9433F
S214021E30DFF834C008F1FF38FF00E2B2964202D85B
S214021E400020BDE8F0813D190CEB8505D5F8E020B1
S214021E5018F8010F0A4098401043C5F8E000013414
S214021E60EBE72120EDE700BF001E00B0034B186829
S214021E70034B002808BF1846704700BF04540020D2
S214021E80889404002DE9F843DFF860900646D9F8F6
S214021E90008008461746B8F1000F03D00E242046ED
S214021EA0BDE8F88306B3336801331DD1E1B1FAF712
S214021EB00DF805460028F1D0C9F80000FAF72CF80C
S214021EC0284613F0A4FC044640B14046C9F80080F8
S214021ED0FAF722F8284613F095FCE0E73560002F63
S214021EE0DDD02846B847DAE72124D8E70854002090
S214021EF0024B1868003818BF0120704708540020AB
S214021F00002108B5024B08465B689847002008BDCA
S214021F10A06700200523064AA2F84A3092F8493004
S214021F2003F0010363F0730382F84930704700BF81
S214021F30001F00B00023F0B585B0CDE9013303934E
S214021F40124B134D1B78134E8DF8043018F0B4FA6A
S214021F502A78337804469A420F4F0CD03178386884
S214021F6001AA297014F074F950B140F608210B4802
S214021F7018F097FB04E0386814F04AF90128EDD00F
S214021F80204618F094FA05B0F0BD00BF896A00201A
S214021F90BA6A0020BB6A002024540020C34804000A
S214021FA0F8B52B4B1B7823B140F6FC31294818F0C4
S214021FB078FB18F081FA284B07461C8814F00604B2
S214021FC009D001214FF4807017F0D0FA3846BDE8E8
S214021FD0F84018F06CBA21464FF4807017F0C6FA33
S214021FE0204600F09DFF022808D180221B4B80214C
S214021FF0186813F0D6FCFFF79DFFE7E7204600F0CF
S2140220008FFF054638B1012807D040F63141114806
S21402201018F047FBDAE70246E8E7FF220F4E104BBE
S21402202030681A70FFF76CFF306814F0F1F8012878
S214022030CCD02A462946306814F0ECF821462C20EB
S21402204017F0C0FA21460A2017F0BCFABEE700BF16
S2140220502B610020C3480400FE59002024540020AF
S214022060BA6A00200021014818F0C6B8206800208D
S2140220707F2837B5044610D14FF6FF730222174861
S2140220800DF10601ADF80630EAF7D6FEBDF80640B9
S214022090E2054CBF6FF04A0464B218F00DFA104B1A
S2140220A005461C700F4B1B88DB0710D50E4B1B78A2
S2140220B0002B0E4B0CBF21466FF07F01186813F001
S2140220C095FC20B140F67861094818F0EAFA2846ED
S2140220D003B0BDE8304018F0EAB900BF641002C091
S2140220E0B26A0020FE5900202C61002024540020F1
S2140220F0C348040010B50FF0DFF860B10FF0DEF849
S2140221000B4A80B141F20D03BDE8104041F20D01C9
S214022110074817F07DBB074B1A781B799A4204D101
S21402212000220023F0E70D23EEE7034AF9E700BF9B
S214022130400D0300896A0020488D0100F8B5164E4E
S2140221400D46337802F0010423B140F2C53113483C
S21402215018F0A7FA124B134F1D60134DA4B1134B80
S214022160997801B10121202017F000FA2B783B70F4
S2140221700F4B1C780F4B00211C70042333700E4843
S214022180BDE8F84018F038B82146202017F0EEF9DE
S2140221902B783B70EEE700BF2B610020C34804009B
S2140221A01454002028610020BC6A00201854002025
S2140221B0296100202A610020206800202DE9F843CA
S2140221C018F07AF9DFF8A0810546B8F80030614CBD
S2140221D013F4807F03D0237873BBFFF7E1FE002160
S2140221E0084617F0EFF95C4B1A78FF2A13D01A78D4
S2140221F002F0FF0632BBFF221A702378052B0AD1A3
S21402220000232846237018F052F9304614F0B0F82E
S21402221018F052F905462378504E062B09D133782A
S214022220FF2B06D03378022B15D100214C4817F02D
S214022230E3FFFF2333702BE000214FF4807017F08A
S21402224095F9CCE71A78012A4FF0FF0214BF33261D
S2140222504C261A70D4E7337813B13378012B22D187
S21402226017F024FA07463E4896F8009001F0CEFB97
S214022270FF235FFA89F9337077B1B9F1010F44D1C0
S2140222806421374884F8009017F0B6FFFFF752FE35
S214022290284618F00CF906E02846277018F007F9C9
S2140222A0384614F065F8B8F800301B0605D500214C
S2140222B0802017F05BF912F06EFB01F0E3FA294E6C
S2140222C0308000B32778012F42D117F0A9FE0546C9
S2140222D010B3013018F0C3FA00F44060B0F5006F96
S2140222E01AD104223946284617F0DAFD284418F097
S2140222F0B6FA4FF6FF7398420ED10020318800F0EE
S214022300F1FC00233380BDE8F883002328462370BF
S21402231018F0CDF83F20C4E7114801F077FB002102
S21402232008462170012500F08FFC23780BB9FFF7D1
S21402233037FE0020318800F0D5FC00233380002DC4
S214022340E1D020780028DED1BDE8F84314F048B981
S2140223500025EAE72B610020B96A0020B86A00204F
S21402236020680020FC590020FE59002008B51346BC
S2140223700A461946064B186813F0C5FB30B1BDE88D
S214022380084040F2F441034818F08BB908BD00BF7C
S21402239024540020C348040008B513460A461946CA
S2140223A0064B186813F0A9FB30B1BDE8084040F2AE
S2140223B0FB41034818F075B908BD00BF245400203D
S2140223C0C3480400024B1878431E584258417047CF
S2140223D02B61002008B5064B1B7823B140F225512D
S2140223E0044818F05EF9FFF7DBFD002008BD00BFC9
S2140223F02B610020C348040008B5054B01EB8101A0
S2140224001868490013F0F4FA002818BF212008BD06
S2140224102454002008B5044B1868F9F70FFF0A2366
S21402242090FBF3F040B208BD24540020014B18780C
S214022430704700BFBB6A002008B5044B186813F04B
S21402244042FAB0FA80F0400908BD00BF24540020CA
S21402245038B5124D0C462B78012B04D940F2465162
S2140224600F4818F01EF921460020FFF7E5FF90B14D
S2140224700C4B1C702B785BB9FFF792FD0A4B93F955
S21402248000100A4BC901186813F086FA002038BDFE
S214022490FFF750FDF2E72120F9E700BF2B6100208D
S2140224A0C3480400BB6A00202D610020245400208B
S2140224B008B5074B186813F004FA30B1054BB3FBA6
S2140224C0F0F083B20BB1184608BD0120FCE700BF4E
S2140224D02454002040420F002DE9F3475C4E0120B1
S2140224E018F0DCF83388990704D440F63F4159487F
S2140224F018F0D7F8DFF8808198F80030053B012BFA
S21402250004D940F64141534818F0CBF8524F3B6885
S21402251023B940F644414F4818F0C3F8348814F003
S214022520200478D00121222017F04CF84FF47A7458
S214022530FFF7BEFF3B681B780933434304EBC30433
S21402254098F80030A5B2062B0BD117F077FC04469C
S214022550FFF7AEFF602358430C2303FB0400284416
S21402256085B2D7F800903D4B99F800801C7808F1A8
S214022570FF381FFA88F8002C52D133885A0505D442
S21402258009F1010018F06BF9C0F340143449354ADA
S214022590887812784B7812FB00F2334F93423B70E6
S2140225A0A4BF9B1A3B703B78CA78BD60934238BF83
S2140225B013463B700EF088FE002833D00EF082FEE3
S2140225C0012814BF1025082525430023DFF8ACA0F8
S2140225D00093802243464946DAF8000013F03AFA9E
S2140225E020B14FF43B611B4818F05BF81F4BDAF83A
S2140225F0000019781E4B197033889B0614D52A469C
S2140226001C4B009713F022FEC0B9002002B0BDE8B2
S214022610F04718F043B82146222016F0D3FF87E78A
S2140226200024B3E72546D0E72A460F4B13F00CFEEC
S214022630014618B9252016F0C5FFE6E721462620F2
S21402264016F0C0FF40F6F431024818F02AF8DCE72C
S214022650FE590020C3480400145400202E610020B6
S214022660896A002028610020D0670020BB6A00200B
S214022670BA6A0020185400202B610020245400203F
S214022680184B10B51B889B0704D440F6A661164863
S21402269018F007F8154B1B78053B012B04D940F6BA
S2140226A0A761114817F0FDFF114B1B6823B940F6CE
S2140226B0A9610D4817F0F5FF00240E4B0E492120A4
S2140226C01C7016F07FFF014618B9BDE81040FFF7F0
S2140226D003BF022804D12046BDE8104017F008B810
S2140226E010BD00BFFE590020C34804002B61002025
S2140226F0145400202661002099280200F8B55A4C8E
S21402270023889A0704D54FF43E71584817F0C9FF3C
S214022710574801F07BF917F0CFFE238805465B0782
S2140227200DD54FF0FF3013F0DCF9524B1B68C01A80
S214022730B0F5717F03D90021042016F017FF284652
S2140227404D4D17F0B4FE2B78042B32D117F0B4FEA1
S214022750238806465F0708D54548002117F04CFD3A
S2140227603046BDE8F84017F0A2BE17F0A0FE17F0FC
S214022770A3FE424B06461B78414F13B923885905E0
S2140227800FD50523012102202B7016F0EFFEFFF76E
S21402279077FF304617F08BFE3B68DA78394B1A70B3
S2140227A0F8BD3868013018F05AF88206E9D50623D3
S2140227B0E8E7062B4DD1344B1B78FF2BF0D1334E76
S2140227C00EF084FD3378002B3DD017F075FE23887B
S2140227D005465B0705D52648002117F00DFD28465D
S2140227E0BFE717F064FE3378013B337017F064FEE0
S2140227F004460121022016F0B9FEFFF741FF2046EB
S2140228001F4C17F054FE2068013018F028F800F428
S2140228104060B0F5006F13D12468012104222046DF
S21402282017F03EFB204418F01AF80146184B042015
S2140228301A783378D21AD2B2BDE8F84017F0D8BF69
S2140228404FF6FF71F2E740202B70BDE8F84013F018
S2140228508FBD012BA4D100232B700E4B1868FFF7F7
S2140228604FFB3F20F1E700BFFE590020C34804009B
S21402287020680020105400202B6100202E610020CA
S2140228801454002027610020B86A00202861002026
S214022890BC6A00202454002008B50A4B1A7882B974
S2140228A0012210281A7004D040F69D61064817F0DF
S2140228B0F8FE0021202016F059FEBDE80840FFF77A
S2140228C00BBE08BD26610020C348040008B5094BAC
S2140228D01B88DB0604D440F2C351074817F0E1FE1A
S2140228E01020002116F042FE044B1868BDE808408E
S2140228F013F0A3BCFE590020C34804002454002051
S214022900012208B5074B1146186813F083FC002114
S2140229102C2016F057FEBDE8084000210A2016F0CB
S21402292051BE00BF24540020014B4008185C70477B
S214022930B46A002008B513460A461946064B1868BC
S21402294013F0E7F830B1BDE8084040F6E941034825
S21402295017F0A7BE08BD00BF24540020C3480400D9
S21402296008B5044B186813F053FC013818BF012051
S21402297008BD00BF2454002070B5054617F09CFD24
S2140229800E4B0F4E1B880446DA07357008D50D4BE2
S2140229900D4D1B78012B08D90121286813F0E2FCA3
S2140229A02046BDE8704017F082BD1BB10EF082FCD7
S2140229B0C305F1D4317881F00101EEE7FE5900201B
S2140229C0B36A00202C610020245400200C4B10B562
S2140229D01B880446DB0711D5FFF78CFB094B84F0F6
S2140229E0010208211868D20012F0DBFF30B1BDE800
S2140229F0104040F63671044817F053BE10BD00BFB3
S214022A00FE59002024540020C348040008B5044B95
S214022A100146186813F088F8003818BF012008BD70
S214022A202454002010B50A4C23787BB1FFF768FFC8
S214022A300021042016F09AFD0021022016F096FDD1
S214022A4000232370BDE81040FFF7AABA10BD00BFEE
S214022A502B61002038B5094800F0E8FC0024084D38
S214022A6095F84430E0B2834200D838BD05EBC0008A
S214022A70043000F0DBFC0134F2E700BFC85400204B
S214022A802854002008B5104602494822F8F71CFFD1
S214022A90002008BD8054002008B5054817F071FFD5
S214022AA0014620B9BDE80840014817F0A5BB08BD9D
S214022AB040680020002238B51C4B15461C461A708A
S214022AC00132082A5D609D8043F8085FF8D14822EB
S214022AD000211748F8F768FD4FF6FE73A4F8683031
S214022AE06FF48033E365134B00211A88124B186883
S214022AF0F8F75AFD114BC4E91255C4E9283584F893
S214022B00445084F85050656584F8A850E9F7FEFCF6
S214022B10FF220B4B012118700A4B00201A70E1F7B6
S214022B20B3FF0020FFF7B8FF002038BD285400206E
S214022B30805400202C6A0020006700200000FFFF5F
S214022B402F6100207561002010B5AC24084B04FBF1
S214022B500030836C53B990F850403CB931B1C0E9AB
S214022B6012122046FFF798FF204610BD2120FCE7F0
S214022B7028540020AC2370B503FB00F5094E7319E8
S214022B8093F850405CB920460BF022FF735D204656
S214022B9043F002037355FFF77FFF204670BD012006
S214022BA0FCE700BF28540020AC235843024A135CBB
S214022BB023F00303135470472854002070B51646BA
S214022BC01F4A04461278C2BBAC211E4D01FB0051BF
S214022BD08A6C92BB91F850203AB1022B2DD191F813
S214022BE04410072907D91C2026E091F8441007292B
S214022BF0F9D8012B08D0AC2000FB0450CA00011DF6
S214022C000C30F8F723FD0021AC2303FB04F000246C
S214022C109DF8143000EBC1012944CB71049B8E80D1
S214022C208B602B1893F84420204601328C7183F86F
S214022C304420FFF731FF204670BD0120FCE700BFAD
S214022C402E61002028540020F8B5234B04461B783A
S214022C500F46002B3ED1AC23204D03FB0053B3F8A6
S214022C60A03023B940F245311D4817F01AFDAC22B8
S214022C7002FB0452D2F8A46036B192F8A330394669
S214022C800020B2F8A020B047AC2300216343EA1824
S214022C90A2F8A010C2F8A410482192F8A82001FBBE
S214022CA002322A44D2F89820964213D0EB5C9B0755
S214022CB00CD5AC226243AB5C204623F0020343F001
S214022CC00103AB54BDE8F840FFF7E6BE0BF0A2FEE8
S214022CD00028EED1F8BD00BF2E6100202854002047
S214022CE01A4904002DE9F04F89B0059008460D46B2
S214022CF017F096F9044618B9212009B0BDE8F08FFE
S214022D00284617F0A9F9C0B20838215C221892F8B2
S214022D1002A00491D1785268277803920022B4F870
S214022D200130ADF81E20434A029192F800B0BBF182
S214022D30000F08D0404B1B681BB120464FFA8AF2A0
S214022D4098470020D9E703F00703022B70D001341E
S214022D5009225946204617F0A3F8023F3F1A3B06BF
S214022D6006465FFA87F8C7D4344FD7F89090B9F181
S214022D70000F27D100210DF11E0B434622460846BE
S214022D80CDF800B00BF05CFDC3B20546002B4BD16C
S214022D90BDF81E0013F030FBE0B9BDF81E0013F0BC
S214022DA014FC8146BDF81E0013F026FBF0B906EBB4
S214022DB0080201232146584692B200F07BFDD0B1AC
S214022DC019209AE75B465A4601212846C84700283A
S214022DD0D0D191E7D7F89430BDF81E00002BDCD096
S214022DE0A11998470028D8D1022086E742464846CD
S214022DF0A119F8F769FDBDF81E0017F011F9029B3C
S214022E00059A0372049B80F809A08372039B1BBA7F
S214022E10C360AC2303FB027393F85020BDF81E0078
S214022E2022B1DB6C03B19847E8B266E7BB6FF9E7FD
S214022E30012062E72E6100200C5400202854002056
S214022E402DE9F84308460F46164602F1010913F02B
S214022E50C1FB8046384613F0C8FA042856D13846D5
S214022E6013F0E7FA48F661054FF6FF7248F641039B
S214022E70294C904208BF1D46B4F85C10301D17F06E
S214022E80F0FC384613F0D5FA0146B01D17F0E9FCFF
S214022E90B4F85E1006F1080017F0E3FC06F10A0427
S214022EA0384615F05AF810B145F01005ADB229466D
S214022EB0484617F0D6FC384613F087FB42460146D2
S214022EC02046F8F701FD3846012117F0E1F84444A0
S214022ED0074660B117F0C0F80546384617F0A0F866
S214022EE0EDB201462A462046F8F7EEFC2C440B4A81
S214022EF0A41B13780134591C1170F37034703046D9
S214022F00BDE8F8430922012116F0CABF484617F069
S214022F10A6FC4C460546C3E7285400202F61002035
S214022F20AC2210B548245043094B1A1892F8A81040
S214022F3004FB0100034493F87700022806D092F8B7
S214022F4050301BB9032818BF012010BD0020FCE733
S214022F502854002070B508B1012070BD234C94F8A7
S214022F60A850002DF8D12946B4F85C20FFF714FAD1
S214022F7029462846B4F85E20FFF7F8F9294628467F
S214022F8004F16002FFF7D6FC94F87730002BE3D00A
S214022F90284694F85860FFF749FA864215D1002071
S214022FA094F95A50FFF736FA854216D10020FFF7F9
S214022FB0B7FF0446002016F029FF0028CDD0214690
S214022FC0BDE870400020FFF705BA284694F858106E
S214022FD0FFF73EFA0028E2D0BFE7002094F95A1025
S214022FE0FFF70AFA0028E1D0B7E700BF285400200E
S214022FF00346AC2010B51446164A00FB032292F88C
S214023000770002280CD1E07F022809D141B112498B
S2140230100978012913D992F85810227891420ED1D4
S21402302018462178FFF708FA90B1482221460B4845
S214023030F8F74AFC002016F0E9FE08B9002010BD99
S214023040044B93F8A8000028F8D1FFF783FFF5E7B2
S2140230502120F4E7285400206C60002080540020D1
S21402306038B5AC230D4C054603FB004300205A6DD1
S214023070D86483F8500012B15865FFF727FCF5F7BD
S2140230805FFBFF281EBFAC2303FB054484F8A800A1
S2140230900020FFF75FFF002038BD00BF2854002045
S2140230A07FB51D4C94F8A83023B1002084F8A80000
S2140230B0FFF750FF94F85A30B4F8A0608DF80F303E
S2140230C026B940F2FD21154817F0EBFA144B3146AB
S2140230D01D6800202A46FFF7B3FEE46F02469CB145
S2140230E00DF10F0301930023294630460093A047B3
S2140230F002462C7854B920462146FFF7A5FD204605
S214023100FFF7CAFC04B070BD0122F2E72946002090
S214023110FFF714F8F6E700BF285400201A49040007
S2140231200067002038B5494B1C78002C58D1484817
S21402313000F06CFC204616F069FE002850D0454C84
S2140231402378D90733D594F850201AB123F0030315
S214023150237045E023F0010323700BF043FC237831
S21402316005469A0701D50BF033FC294600200BF0E2
S21402317049FA40B92378284643F001032370BDE894
S21402318038400BF025BC0023482284F8A33094F87C
S214023190A83084F8A25002FB0343D3F89830A4F870
S2140231A0A000C4F8A430BDE83840FFF779BF94F811
S2140231B04400B0B104F1A003251D95E8030083E89E
S2140231C00300FFF76DFF94F844202846D20004F16E
S2140231D00C01F8F73BFA94F84430013B84F844308B
S2140231E038BDA26C62B99B0711D52378002023F064
S2140231F0020343F001032370BDE83840FFF74CBCDE
S2140232000123A06484F85030904723789EE70BF0A1
S21402321001FC0028E9D194F8A83073B1F5F790FACA
S21402322094F85030002BDBD1FF2818BF84F8A80092
S214023230BDE838400020FFF78DBED4F88C30002B56
S214023240ECD098470028CBD1E8E700BF2E610020DB
S214023250406800202854002070B50446002016F06E
S214023260D5FDAC235C430B4E351995F850300BB1A7
S214023270002070BD0028FBD0074817F082FB00280C
S214023280F6D1335D002BF3D195F84400B0FA80F006
S2140232904009EEE7285400204068002010B5084A8E
S2140232A0034613F0A5F914684FF6FF7203EB4003CA
S2140232B09C42184603D9018802339142F8D010BDC9
S2140232C0E45400202DE9F047204F05463B88A3B37F
S2140232D0B0F90230002B30DBDFF87C801C49D8F8CE
S2140232E00000F8F7B7FB20B94FF4EA71194817F057
S2140232F0D8F90026DFF85CA0DFF860903A88B3B20F
S2140233009A4204D84FF4EB71504617F0CAF9D9F82E
S2140233100030B2B253F83200D8F8001003EBC20401
S21402332068B943F83210A38828460133A38013F005
S2140233305FF9E38803EB4003E380BDE8F087F8F724
S21402334089FB01360028D9D1EDE700BF005A0020DC
S214023350E7480400F148040060680020D8540020C2
S21402336038B5094C094D22682B689A4204D94FF4A5
S2140233708771074817F095F928682368C01A20F065
S214023380010080B238BD00BFE4540020EC54002097
S214023390F148040038B5124C124D21462846F5F77E
S2140233A07DF823680BB12B681BB9DE210E4817F097
S2140233B078F92A680D4B0E491A60236823F0010338
S2140233C013440B600B4B1A602AB9BDE83840F8214B
S2140233D0054817F066B9FFF7C3FF6428F5D938BD6C
S2140233E0DC540020E0540020F1480400E854002099
S2140233F0EC540020E454002038B5094C094D2268EC
S2140234002B689A4204D34FF48A71074817F049F999
S21402341028682368C01A20F0010080B238BD00BFB9
S214023420E8540020EC540020F14804002DE9F04155
S2140234301D4B04461B78012B24D1008816F0D2FDC2
S2140234400546D8B10426DFF864802C4617F034F817
S21402345007462046FFF736FF638843EA0803638081
S214023460A05B16F0BFFD0446384617F020F81CB1E4
S214023470B4F90230002BE9DA062E01D1BDE8F0815C
S2140234800626E2E7022BF9D117F016F80246208844
S21402349016F0A8FD18B10388C3F30E032380104666
S2140234A0BDE8F04117F003B8306100200080FFFF4E
S2140234B02DE9F04F0024BA4B97B006461C8016F052
S2140234C0FBFF0123DFF8EC82B64F3B70B8F8003002
S2140234D0A8F80040ADF81630B34B1B68019316F0FF
S2140234E0E6FFB24B21461A88B14BD2001868F8F7AD
S2140234F05BF80DF11600FFF799FF002E3CD1DFF8BE
S214023500B8924FF0000B0125D9F80040019B9C426F
S21402351039D3BBF1000F39D1002DF2D0D9F80040D3
S214023520DFF898A225462246019B9A4273D30223CD
S2140235300DF116003B70FFF779FF002E40F08F80EA
S214023540D9F800603246AA4280F0A280908816F02F
S21402355049FD18B10388C3F30E039380D08816F092
S21402356041FD18B10388C3F30E03D3801046FFF75C
S21402357095FE0246E7E79847E3B256F82330013451
S214023580002BF8D1BBE7BBF1000F3ED00BF1FF33A7
S2140235905FFA83FB16AB03EB8B0252F8402CB2F9B0
S2140235A0020051880028B1DA4B04AFD4924641F4A7
S2140235B08040931D2AF8020F02933AF8020F16F083
S2140235C011FDF0B1B0F902E0B0F802C0BEF1000F92
S2140235D017DB6FEA4C4C6FEA5C4CA0F802C0039013
S2140235E0FFF770FEBBF10F0F8FBF002516AB039AD5
S2140235F003EB8B009EBF0BF1010340F8402C5FFAF1
S21402360083FB029B9A45D8D180E72046FFF746FE09
S21402361022460446C3E7104612F0EAFF8346B2F992
S2140236200200118800280AEA010108DA204616F08C
S214023630CFFC084381B204EB4B0402EB4B05104669
S2140236401180FFF72BFE02466EE798475FFA8AF371
S21402365056F823300AF1010A002BF6D170E74FF034
S214023660000AF3E73046FFF719FE82467EB1B6F946
S21402367002307188002B0ADA3088C0F30E0016F08A
S214023680B1FC864203462DD1C1F30D017180564628
S214023690AE42E7D3DFF81CA116F00EFF0021064665
S2140236A0504612F0F6FF16F09DFC0546002800F084
S2140236B08780304616F0FBFE284612F099FF064633
S2140236C0204616F085FC814676003246294620467C
S2140236D0F7F7BCFF002249460DF1160017F029F94C
S2140236E03444D9E71BD9304612F082FFC1F30D01EC
S2140236F0420071801846314692B2F7F7A7FFC6E736
S2140237005046FFF7CBFDD146854203D9B0F90230C9
S214023710002B01DA824603E0FFF7C0FDF4E7B1466C
S214023720554507D9BAF80000C0F30E0016F05AFC49
S2140237308245E5D3B9F1000F30D0B9F80000C0F3E6
S2140237400E0016F04FFC034638B93346CB46994571
S21402375013D8B1459BD0D946ECE7484612F048FF4D
S214023760B9F802204946C2F30D02A9F80220420027
S21402377092B21846F7F76AFFE7E718460193FFF793
S2140237808DFD019B9B46854203D9B0F90230002B82
S21402379001DA0346DBE7FFF781FDF4E7CB46DAE71B
S2140237A0025A002030610020E4540020005A002013
S2140237B0D8540020045A0020E85400200080FFFF5E
S2140237C0BDF816303870A8F80030044B30461C603E
S2140237D016F06DFE17B0BDE8F08F00BFE45400206F
S2140237E02DE9F041054616F0FDFB0F460446D8B11A
S2140237F017F089F820B940F2FB41204816F051FF35
S214023800284616F029FC05462046FFF747FDBD422E
S214023810064609D004D840F20351184816F041FF74
S2140238202588ED0B02D02781BDE8F081678020460F
S21402383012F0DEFE074604EB400816F03DFE104B83
S2140238401A68B2420AD1C3F8008016F030FE2A4641
S2140238504046BDE8F041FF21F7F7A6BEA6EB0806F4
S214023860B5B216F024FE072DF1D90023083D44F820
S2140238701730C8F80430A8F80250D5E7F14804001B
S214023880E454002038B516F017FE00210546044819
S21402389012F0FFFE0446284616F009FE204638BD02
S2140238A0045A0020024B1888B0FA80F0400970478C
S2140238B0045A00202DE9F74F044600881F4616F0EA
S2140238C091FB88461546064617F01DF820B940F2C9
S2140238D0FE613F4816F0E5FE3388DB0B009306D008
S2140238E033892B443381002003B0BDE8F08F208853
S2140238F016F0B2FB82463046FFF7D0FC019016F077
S214023900DBFDDFF8D0B0019BDBF8002081469A424F
S2140239101DD1FFF725FDA84204D2484616F0C7FD82
S2140239201A20E1E70AEB050373803FB1208816F000
S21402393077FB2A4641465044F7F7C6FF3046FFF764
S214023940ADFCCBF80000484616F0B1FDCBE716F00A
S214023950AEFD208816F080FB2844009980B216F04F
S214023960D3FB06460028DBD016F05AFB8146208899
S21402397016F056FB8246208816F06EFB514602462B
S2140239804846F7F7A1FF3046AFB116F049FB0746A7
S214023990208816F061FB2A4641463844F7F794FF22
S2140239A00121208816F074FB01210246304616F0EB
S2140239B083FB268097E716F033FB8046208816F0B6
S2140239C04BFB2A4639464044F7F7EEFDE8E700BFD0
S2140239D0F1480400E45400203421014816F061BE88
S2140239E005490400036910B55BB18268064B9A422A
S2140239F001D1002010BD446916F04CFE201AF9D5FC
S214023A00F7E74FF0FF30F5E7D939020082681C4B22
S214023A1070B59A420446056819D116F04DFD236921
S214023A2023B1A34206D100222A601A61BDE8704083
S214023A3016F03DBD1A4611461269A242FBD12A680B
S214023A40A24208BF29600B6100232361EEE70369E7
S214023A5093B198426E6803D19D210A4816F021FE62
S214023A602B46B44209D122699D4218BF1A614FF013
S214023A70000308BF6A60236170BD33463669F0E70B
S214023A80D9390200054904002DE9F047074600250A
S214023A904FF0010A154EDFF858808AB0347914B90F
S214023AA00AB0BDE8F087D6F8009087B900972A4694
S214023AB0B8F80010234603A816F0CAFF2246484666
S214023AC003A9E9F7E5F92544EDB20836E6E722460A
S214023AD003A94846E9F7B0F9CDF800A023462A46DE
S214023AE0B8F8001003A816F0B3FFECE7B49404008D
S214023AF0065A00200148FFF799BC00BF065A00206C
S214023B009C46174BF7B5054608461988164611B166
S214023B10144B1C78CCB1014662463046BDB103B0A8
S214023B20BDE8F040E9F788B91C44E4B208373B79AF
S214023B30002BF0D03A689642F6D185F0010522466F
S214023B40009516F085FF03B0F0BD074FEFE7E9F7E3
S214023B509FF9B0B203B0BDE8F04010F020BF00BF3E
S214023B60065A0020BD6A0020B494040010B5074C23
S214023B70238843B10020FFF787FF0020FF22044B73
S214023B8020801A7010BD0220FCE700BF065A0020F3
S214023B90BD6A0020142810B518D8082805D110F0E0
S214023BA067FFC401E4B2204610BD0E2802D110F011
S214023BB062FFF6E7064B53F82040002CF3D00A28A3
S214023BC02478F0D105F0A0FE0443EBE7FF24EAE7F1
S214023BD004950400014BB3F868007047285400208F
S214023BE00048704792540020014B1878704700BF77
S214023BF0AA600020014B1870704700BFAA60002020
S214023C00194B022810B5187002D0043801281BD8A8
S214023C10164B1B78042B03D00021154816F0ECFA3D
S214023C20144B1B689A001BD513F0805F40F61144B4
S214023C3018BF4FF44164204611F0B4FA90B92046FA
S214023C40BDE8104010F0A9BE0948FFF7DFFE0A489B
S214023C50FFF7DCFE162412F048FF11F09DFAEAE7A1
S214023C601524E8E710BD00BFAE600020AF6000205C
S214023C7064680020A846002014460020024B1878EC
S214023C8000F00F00704700BFAE600020034B1878AC
S214023C9000F00F00831E584258417047AE60002065
S214023CA008B512F00DFFC0B112F023FFA8B10AF05A
S214023CB0A7FF90B90A4812F0B5FC70B1094812F095
S214023CC0B1FC50B110F0DCFE38B111F06DFA20B93B
S214023CD0BDE80840044812F056BD002008BD00BFEB
S214023CE0085A00203A5A0020F054002030B5054603
S214023CF00C4693B081B910B9002013B030BD102322
S214023D00214A69460120FFF7FBFE9DF805305A1E40
S214023D10052A28D91720F0E7182200212046F7F7AF
S214023D2043FC002DEBD1FFF7B1FF30B310F073FD6B
S214023D306A4601460020FEF7A5FEBDF8043020467E
S214023D4023819DF80230A3729DF80030E37213F0CF
S214023D5056F8002304F11401237304F1100003F053
S214023D60CBFDE081C8E7094A9DF80410127891421B
S214023D70D0D12B70002CD6D1BEE7054B1B78033B67
S214023D80022BD3D9C6E700BF64EE0100946A002076
S214023D90AE60002030B593B005460C46FFF776FFBE
S214023DA020B90C4B1B78033B022B10D810F033FDC6
S214023DB06A4601462846FEF765FE00209DF8023058
S214023DC0607023709DF80030A37013B030BD1720CA
S214023DD0FBE700BFAE600020054B1878012805D02F
S214023DE000F0FD00A0F1310358425841704700BF71
S214023DF0AE6000201FB50146002201A816F0CCFADC
S214023E00064801A916F0F2FD20B116F009F940891C
S214023E10C0F3400005B05DF804FB00BF3A6A00201C
S214023E2030B585B00D460022014601A816F0B4FA58
S214023E30084801A916F0DAFD50B116F0F1F804466A
S214023E40014608222846F7F701FC6089C0F34000C5
S214023E5005B030BD3A6A0020F8B50546F8B1002133
S214023E600F4816F060FD0446A8B10D4F204616F026
S214023E70D7F8064616F07CFA830705D408222946A8
S214023E803046F7F7DDFE38B12146384616F06FFDAC
S214023E9004460028EAD10024201E18BF0120F8BDDF
S214023EA03A6A002010B50C460146064816F09EFDFA
S214023EB030B116F0B5F843891C4214BF0120002029
S214023EC010BD00BF3A6A00201FB51446024601A87C
S214023ED016F062FA074801A916F088FD40B134B11F
S214023EE016F09EF8142201462046F7F7AFFB012093
S214023EF004B010BD3A6A00201FB50146002201A890
S214023F0016F04AFA094801A916F070FD58B116F0E3
S214023F1087F84389024613F0020004D0507B80F0F3
S214023F200800C0F3C00005B05DF804FB3A6A002042
S214023F30F7B59DF824400D4601949DF820400646AC
S214023F4000941F4613F0F8FF4FF6FF7188420446AE
S214023F5010D0BB0711D4284600F056FF204616F0B4
S214023F606CFDFF281FBF084A32F8103023F4804346
S214023F7022F81030204603B0F0BD024629463046ED
S214023F8012F097FCEAE700BFD859002073B50E4638
S214023F900146144816F02AFD0546D8B116F040F838
S214023FA043890446334012D09B0736B20BD5002E07
S214023FB009DAA17B437B0289007B019101210091F2
S214023FC02146FFF7B5FF638923EA06036381628908
S214023FD012B1012002B070BD2946024812F078FBE9
S214023FE0F7E700BF3A6A00200148FFF71FBA00BF92
S214023FF03A6A002013B53E4C0DF020FFD4F8FC318F
S2140240001020C3F307430193FFF7C4FD000650D503
S2140240100020FFF7BFFD01064BD5019B802B3ED14A
S214024020236A9A0704D440F61544204602B010BD0F
S214024030E3699B07F7D52F4811F0E2FB012012F047
S214024040B2F90DF00EFF04460028EED100F042F958
S214024050294812F072FB00F099F9E8F757F80DF0CC
S214024060ECFE08F003FF08F055FFF4F761FAF4F7E8
S214024070FFFAF4F719FB03F0DBFD10F0FBFC10F07F
S214024080FCFC11F094F81D4813F05FFF06F08CFA62
S21402409011F050F80028C8D011F04EF8C5E7019B81
S2140240A0812BC0D1D4F80C315B00BCD5D4F80C31CE
S2140240B0BFE71020FFF76EFD0006BCD40020FFF716
S2140240C069FD0106B7D5019B802B05D1084B1A6AFC
S2140240D0D207A8D5DB69ACE7019B812BA3D1044BA1
S2140240E0D3F80C21002A9EDAD3F80C31A1E700BFE0
S2140240F00080E00F690345ECF0540020F53D020015
S21402410010B512F0EFFC70B301F0E0FA80F0010493
S214024110E4B20020FEF724FC44EA800424B212F043
S214024120CFFC10BB02200443164816F02AFC44EAD1
S2140241304014154816F025FC24B244EA001413482D
S21402414016F01FFC24B244EA8014114816F019FC3B
S21402415024B244EA40240F4816F013FC24B244EA80
S214024160C02080B210BD0124D3E70B4812F05AFAE1
S2140241700028D7D0094812F055FA80F00100C0B2E4
S2140241804000D0E7A468002088690020AC460020E2
S2140241900869002068690020085A00203A5A002060
S2140241A008B501F07FF8FEF709F8144812F03AFA5B
S2140241B008B904F025FF124812F034FA08B906F0DE
S2140241C0DDF902F095FF0F4812F0E9FA0E4B1B7864
S2140241D0043B022B09D80D4816F0D3FB28B1FFF793
S2140241E08FFF102801D107F0E1FC10F04BFC12F013
S2140241F06FFBBDE808400648FFF75AB9085A002088
S2140242003A5A0020F0540020AF600020886900204F
S2140242107C950400014B1868704700BF24540020A8
S2140242204FF6F77370B5984204460D4686B043D8EB
S21402423012F05CFBA04207D1082220492846F7F775
S21402424005FA002006B070BD1D4EB6F86830A342CF
S2140242500AD10022082106F16A0012F0D5FA18B92E
S214024260082206F16A01E9E784B100230122194611
S2140242702046009308F05CFDFF2811D1294620460F
S21402428008F000FF80F00100C0B2DBE70D4B1B68B0
S2140242909B07EAD4284606F0FBFD0028E5D0D0E7C7
S2140242A002A913F0F4FC0028E8D1DDF80D302B60EB
S2140242B0DDF811306B60C4E70120C3E731610020EE
S2140242C028540020A8460020014B1870704700BFF3
S2140242D0946A002010B5054C082221460448E8F7E7
S2140242E0ABFD204612F03CFB10BD00BF3161002042
S2140242F034B608C00048704731610020082208B56D
S2140243000349F7F79DFCB0FA80F0400908BD00BFEC
S21402431031610020014B1870704700BFA260002078
S214024320F7B50D46044616461F460021284601F0FC
S21402433061FD0B4B002183F859402A46334620463E
S21402434000970AF03FF9014630B10222204603B038
S214024350BDE8F04000F006B8012003B0F0BD00BF93
S2140243602854002013B513460C461AB1022A0CBF75
S214024370134601230021044A019100922246FEF7C9
S2140243801DFC02B010BD00BFC76B030000B50020C5
S21402439093B0FEF78FFB1E4B188813F0D7FD1D4B0C
S2140243A01D491A7800200AF091F934220021684645
S2140243B0F7F7FAF80B238DF800306FF48033019389
S2140243C04FF6FE73ADF8103003238DF81D30134BF5
S2140243D0134A0893134B10680993134B51680D93B5
S2140243E0124B6A460E93124B0F93124B1093124BBC
S2140243F0119302AB03C300210846FEF7F9FD6A4695
S21402440001210020FEF7F4FD13B05DF804FB00BFA7
S214024410266A0020A36A00201859040035480200C4
S21402442031610020636903001D750200DD49020048
S21402443049840200C76B03004D710200014B1878D5
S214024440704700BF39610020014B1888704700BFD3
S2140244503E6A00202DE9F74F814610460E469046EA
S21402446016F0FDF9DFF840B105469BF8003033B987
S2140244704A4B1B681BB94A4B1B68002B7FD015F4AE
S214024480406A05F040071BD19FBBB5F5804F61D24D
S2140244904FF48074B9F1400F73D0B9F1800F63D036
S2140244A0B9F1100F6BD100239BF800003D4AD9B238
S2140244B0884264D932F8021B0133A142F7D166E082
S2140244C008F1030016F0CBF94FF6FF73984214BFBB
S2140244D00124022487B1052705F44043B3F5004FB3
S2140244E044F0080425D0B5F5804F24D244F48074F5
S2140244F021E054460327EFE7B5F5804F4FF0050756
S214024500F4D3BAF5406F14BF022008203844404462
S21402451016F0A5F9019012F006FA019B05F4404543
S21402452098420CBF44F0080444F00404B5F5004F6A
S21402453001D144F08004BAF5006F0FD108EB0700F2
S21402454016F08DF9054612F0D1F9A842A2D144F030
S21402455010049FE7544603270220D7E7BAF5406FB8
S21402456008BF44F0200495E70C4B1B683BB10022C1
S214024570D1B233F8110033F91110002903DA002002
S21402458008E0074BF1E7A04202F10102F0D106B1C2
S2140245903480012003B0BDE8F08F00BF0055002034
S2140245A004550020585A002072610020034B1A78E6
S2140245B0022A04BF09221A70704700BF3A6100201F
S2140245C00C22034B1A211A700320002201F090BD20
S2140245D03A6100200C2208B5054B1A211A700022F7
S2140245E0104601F085FD0022024B1A6008BD00BF8E
S2140245F03A6100200C5500200C2270B50D4B054682
S2140246001E781A7030B93046BDE8704000221A2172
S21402461001F06EBD084B1C78E1B21A29F3D825FAD0
S21402462004F3DB0703D54422304601F061FD013472
S214024630F2E700BF3A610020BF6A00200C22024B5C
S2140246401A7010F0AABD00BF3A610020F0B50C88BF
S21402465005460E468BB0E4B94FF6FF77ADF82470E8
S21402466010F0B0FD10B902200BB0F0BDCDE903404A
S214024670CDE90544134A0294B2F85C3060320193E5
S21402468000923B464CF60101FF2009AA13F079FC82
S2140246903080284612F070FA0B4C70B1237863B162
S2140246A0013BDBB22846237012F066FA38B1207856
S2140246B0B0FA80F04009C0B2D6E70523F2E701203F
S2140246C0F9E700BF28540020BE6A0020034B1146BB
S2140246D01B6803B1184710F020B900BF0C55002024
S2140246E00C22024B1A7008F039BF00BF3A61002054
S2140246F00148FEF79BBE00BF0A5A00207FB505465A
S2140247000C46164615F0B6FE00286BD1062D03D8C9
S2140247105223EB40DB071AD4B4F1006F05D3E30E45
S2140247201C3B032B18D94F202EE000222F4B1A6079
S2140247302F4B1D7012F08EF803460A2D54D8DFE870
S21402474005F02D183E49182518535341360002F03D
S214024750A3F8B4F1006FE2D20022244B042D1A60B3
S214024760234B1D70E6D1022001F0B6F912F072F862
S2140247700346012202921F4A01921F4A00921F4AD2
S214024780314620460AF078FA04B070BD314620461B
S2140247901B4A04B0BDE870400AF056BA31462046BD
S2140247A0184B194A04B0BDE870400AF031BA00222C
S2140247B00292164A0192104A0092154AE0E7022235
S2140247C00B4B1A7000221046124904B0BDE8704026
S2140247D0FEF7BAB9002202920F4A0192064A0092E6
S2140247E00E4ACDE74D20CFE70120CDE70C5500203D
S2140247F03A610020F945020035480200B36B030017
S214024800E1460200D5450200CD4602003D460200C2
S2140248104D460200AD450200C1450200756B03001D
S21402482008B50AF059FA0C22014B00201A7008BD8E
S2140248303A610020F0B585B0ADF8060018B97621C9
S214024840644815F02EFFBDF8060011F0CEFD0446B2
S214024850BDF8060011F0C9FD082846D00C2CBDF89C
S214024860060042D111F0B1FE074615F0F8FF0DF131
S2140248700F010646BDF8060010F0EDF8002879D0C4
S21402488009220021384615F00BFB9DF80F30103335
S214024890C518BDF8060015F0DFFBEDB2854269D2F9
S2140248A02946BDF806000AF025FB06F44C4416F429
S2140248B04066054614D0F81C15F0D1FF4FF6FF737C
S2140248C0984208BF44F04004B6F5006F08D1781D40
S2140248D015F0C5FF4FF6FF73984208BF44F0100468
S2140248E09DF80F305BB3072D44D1BDF8060011F0DA
S2140248F072FD0446BDF8060011F077FD082817D0B1
S214024900A30615D524F0200189B2BDF8060011F0E1
S2140249104DFDBDF8060011F058FE0021092215F0E3
S214024920BFFA00F1100189B20DF1060013F052FC35
S2140249300022BDF80610284815F0FBFF1AE0082DE5
S21402494016D8BDB1013D072D14D801A353F825F0A2
S214024950AD490200B94902007549020079490200D0
S21402496075490200C5490200EB480200CB49020025
S2140249707C2D24D005B0F0BD24F48844A4B2B4F54E
S214024980084FF7D1BDF8060011F02AFDBDF8061053
S21402499013F0E1FA0028A8D0BDF8060011F078FD61
S2140249A000220146022015F023FFE3E724F4806488
S2140249B0A4B2B4F5484F97E7B4F54C4F94E7B4F574
S2140249C04C4F92D04CF6500301E04CF640439C42CA
S2140249D08AE700BF13490400085A00202DE9F7436E
S2140249E00F4690469946064615F01AFB0446304690
S2140249F015F032FBC5B2083D2C44E178094BA2788B
S214024A001970094B31461A70002043463A46CDF8D3
S214024A1000900DF09EFE003818BF012003B0BDE8DE
S214024A20F08300BF54610020536100202DE9F04F4F
S214024A30DFF84081DFF8409198F8002099F80030BE
S214024A4006469A4285B004D340F21911424815F040
S214024A5028FE30460DF10F0115F0B6FC20B14FF4DA
S214024A608E713D4815F01DFE98F800709DF80F40B7
S214024A703D1B15F0FF0530D04FF0FF3C374B0121B0
S214024A801B78A140184699F800304FF6FF790CFAC9
S214024A9003FC0023324A01F1FF3E0193C1F1000AF2
S214024AA09DF80430984243D8122004FB00002D4B98
S214024AB0A0F1120105EBC5025200194404F10109E6
S214024AC01844F6F7C3FD4FEA89092748A9F10401FD
S214024AD00144AA004844F6F7B9FD224904EBC40291
S214024AE001EB420321F81260204A013712784FF692
S214024AF0FF71DA731A745A7412025A801C4A0D2015
S214024B0012781A7110225A7100229A73C3F806207C
S214024B10C3F80A20144B43F8242088F8007015F0D6
S214024B2067FE0EB913F076F8204605B0BDE8F08FA2
S214024B3013884B450AD053680AEA030B03EA0E03AE
S214024B400B4403EB4B0343EA0C035360019B08320E
S214024B5001330193A4E700BF26490400A06A00209F
S214024B6078440020A4590020744400205461002098
S214024B703B610020A86000209E6A002010B5074C0A
S214024B802046FEF743FF04F06BFB02F0DDFE2046F4
S214024B90BDE810404FF47A5115F02EBB6468002031
S214024BA02DE9F041074600250A4B0B4E93F800808C
S214024BB0ECB2A04503D8FF242046BDE8F0810822C7
S214024BC03846B11DF7F73CF801350028F4D0123606
S214024BD0EEE700BFA8600020A459002007B50DF13B
S214024BE0070115F0F1FB30B19DF80730034803EBDF
S214024BF0C30300EB430003B05DF804FBA459002096
S214024C002DE9F843294E044633785D1E2D1A834259
S214024C10EDB204D84FF4A171254815F042FD0123E8
S214024C20A3404FF0FF305F1E3B4400214FF6FF7E4D
S214024C306FEA03081F4A92F800C01F4A1278904093
S214024C401E4ACBB29C4523D8BDB127B204EBC4049E
S214024C501B48640005EBC50204F112010144520030
S214024C602044F6F7F3FCBF001648AA00391D01449B
S214024C7002F0FC023844F6F7E9FC33780022013BE6
S214024C8033704FF6FF71BDE8F8430E2015F0B0BD45
S214024C901388734507D0536808EA03093B4003EBC1
S214024CA059030343536008320131CAE7A860002063
S214024CB026490400A06A00209E6A0020784400204C
S214024CC0A45900207444002010B50A4C207858B924
S214024CD0094B1B781A2B03D99921084815F0E1FCD9
S214024CE00322074B1A7010BD0138C0B2FFF788FFC7
S214024CF0ECE700BFA86000209E6A00202649040058
S214024D00A46000202DE9F047054615F085FEFF2831
S214024D10044624D1DFF884901E4B99F800201B78B5
S214024D209A422BD22846BDE8F047FFF77FBE388866
S214024D303B79504518D86F2B4FEA131214D85B07ED
S214024D4010D0123708F1010899F800105FFA88F6B9
S214024D50B142ECD80023104ADEB28E4214D320466B
S214024D60BDE8F087022AECD913F0C5F80028E8D18E
S214024D7029463046BDE8F04711F03FBF4FF0000825
S214024D804FF6F77A044FDFE7107901338F28EFD812
S214024D901232E1E79E6A0020A4590020A860002093
S214024DA04FF6F773984210B514D8FFF7ABFFFF28FB
S214024DB010D0134C00B200EBC00004EB40040DF020
S214024DC0DAFE104938B962880B7802EB0313A3EBBC
S214024DD01213638010BD227C637C09789A42E273C8
S214024DE02374617407D98B4203D213468B4228BFC1
S214024DF00B461B02EDE78A42F8D31346F9E700BFDB
S214024E00A4590020546100202DE9F04106460F46C1
S214024E1000240E4DDFF8388098F80030A34201D8FF
S214024E20BDE8F081082229463046F6F709FF40B968
S214024E3035F8063CBB4204D02046FFF7E1FE013CB3
S214024E40E4B20134E4B21235E6E700BFAA59002004
S214024E50A8600020F8B5054608460E46FFF7A0FEF5
S214024E60FF2830D01D4B294653F820703046FFF7F6
S214024E70CBFF2846FFF746FFFF28044625D113F04E
S214024E8055F8FF280AD1164C207838B10FF0C6FC28
S214024E902378B0FBF3F202FB1300C0B2294611F0EE
S214024EA0ACFE044623B20F4D03EBC30305EB4305EA
S214024EB008223146A81DF6F7C9FB2B79204603F0D7
S214024EC00F032B71F8BD0027D3E7074B1B78002B87
S214024ED018BF0027014B43F82070E3E77444002014
S214024EE09E6A0020A4590020C06A002038B50B4BE9
S214024EF004461B780D46834204D840F25A210848DD
S214024F0015F0CFFB074804EBC40400EB4400294627
S214024F10BDE8384008220630F6F798BB9E6A0020A5
S214024F2026490400A459002070B5044608460E46D9
S214024F3015F072FDFF28054610D02046FFF730FE1A
S214024F40FF2807D0084B1B7823B9084B53F82020BC
S214024F5043F8252021462846FFF7C8FF314620465B
S214024F60BDE87040FFF750BFC06A002074440020BE
S214024F702DE9F8430024804601272646114DDFF826
S214024F804C9099F80030A34210D83E430134E4B264
S214024F901A2C4FEA470705F11205F2D14FF0FF30FF
S214024FA0094B1B7898403043BDE8F8832B8843456D
S214024FB0EBD0284611F06AFE0328E6D82B796F2B31
S214024FC0E3D8E3E7A45900209E6A0020A8600020E8
S214024FD010B5084C00EBC00004EB400423795B07D5
S214024FE007D1204611F052FE237923F00703184317
S214024FF0207110BDA45900200022084B1878084BD7
S214025000D1B2884203F1120300D8704713F80D1C80
S214025010013221F0100103F80D1CF1E7A860002010
S214025020A45900202DE9F04702261227DFF85C90EB
S214025030DFF85C8099F8004000250CE007FB05F3DA
S21402504038F803A00021504611F035FE10B15CB1CD
S214025050013CE4B2013599F80030EAB29342EDD849
S214025060A34204D14FF6FF7A5046BDE8F0870FF010
S214025070D5FB99F80030012EA3EB040390FBF3F264
S21402508002FB1300C4B2EDD00126D5E7A8600020CB
S214025090A4590020034B00211A7803489200F6F721
S2140250A083BA00BF9E6A00207444002010B5134BDA
S2140250B00C461B7886B0834212D9114900EBC00019
S2140250C001EB4001082220460631F6F7BFFA00221D
S2140250D00821204611F098FB80F00100C0B206E0DD
S2140250E0C01A01A9C0B212F02AFF10B1002006B001
S2140250F010BD01AB03CB20606160E8E79E6A00202A
S214025100A459002008B5074B024653F820308B42BC
S21402511006D915204FF6FF7115F06AFB002008BD70
S2140251200120FCE774440020024B013143F82010B2
S214025130704700BF744400202DE9F34781460C46B1
S21402514000272A4EDFF8ACA09AF80030FDB2AB4238
S21402515010D86946204612F00BFFC0B308226946F3
S2140251604846F6F76DFD90B34946204612F049F8D8
S214025170FE2537E006F10608082241464846F6F7BD
S2140251805FFD90B94FF6FF739C422BD03388A34243
S21402519028D0204615F051FCFF2814D14946204657
S2140251A002B0BDE8F047FFF755BE14B91236013714
S2140251B0CAE73388A342F9D100220821404611F0FB
S2140251C023FB0028F2D12846FFF71AFDCCE7494612
S2140251D0002015F030FCFF28054603D0044B1B7850
S2140251E00344DDB2284602B0BDE8F087A459002089
S2140251F09E6A0020A86000200F4B1B7883420CD8C2
S214025200C01A0E4AC0B232F81030D90411D443F490
S214025210805322F8103001207047094B00EBC00083
S21402522003EB40035A79D10603D442F010025A71B6
S214025230F1E70020704700BF9E6A0020D859002080
S214025240A4590020F0B5134B06461B78FBB1002587
S2140252501148DFF84CC090F800E0104807781F4469
S214025260E8B2864501D80020F0BD7C1B94FBF3F023
S21402527003FB10440CEBC4003CF83440B44204D1A7
S214025280002AF1D184788C42EED00135E8E7184640
S214025290EAE700BFA06A002094460020A66000202D
S2140252A07844002070B50CF0BAFD14250F49104E54
S2140252B00B78328830809B1A03449BB2B3FBF5F41A
S2140252C005FB14330B700B49E2B20B78934292BF84
S2140252D000239B1ADBB2032A0B7088BF0023064901
S2140252E09EBFD2000B68D3400B6070BD3D610020AC
S2140252F00C5A0020A560002094460020084B18682F
S214025300084BC2B21B789A4208D2074BC0F307205A
S2140253101B78984234BF0020012070470120704756
S21402532094460020A06A00203C610020F8B505469D
S2140253301746FFF7E3FF064610B9184B1A783AB934
S214025340212001224FF6FF7115F052FA0020F8BD17
S2140253501348DFF854C003780133B3FBF2F402FBC0
S214025360143303700F48DCF8002000EBC30420F867
S214025370335002F10132A1703846CCF80020FFF714
S214025380F7FDE670606011F0B1FAA84201D1012083
S214025390DDE7E3780133E370F9E700BFA06A002097
S2140253A0A6600020784400209446002010B50B4CDE
S2140253B00B4A2378063B13700CF031FD0022094B92
S2140253C0FF211880084B09481A602278D200F6F7A7
S2140253D0EBF80422064B1A7010BD00BFA06A00202C
S2140253E03C6100200C5A002094460020784400209D
S2140253F0A56000202DE9F843074615F04BF905464F
S2140254001A4815F0BEFA1A4B48B31C683C1B2C44CB
S214025410A4B20022174BDFF864901B78164D99F859
S214025420006005EB03155FFA82F8464509D9AB889A
S21402543005F11000A34215D9B21A29461201F6F751
S21402544005F9013689F80060AC80B8F1000F03D187
S2140254503946064814F0D0FE2846BDE8F8833C4696
S2140254601D60D6E705460132DDE700BF84680020EE
S214025470105500203F610020744300204061002048
S2140254802DE9F74F15F006F94FF0000E284D294F7B
S2140254902978294C97F800A004EB011303EB0A12B3
S2140254A00092F3465246DFF898801FFA80FC0646C2
S2140254B0B8F80000ACEB0009A0EB0C001FFA89F963
S2140254C001900098984217D1BEF1000F00D02970C3
S2140254D0524503D200203A70FDF7DEFA3B7823B33A
S2140254E02B78164804EB0314A188C8F8006003B0B2
S2140254F0BDE8F04F14F080BEB3F804C0CC450FD818
S2140255004FF0010E93F802C001310CF1FF3C013A54
S214025510A3F804B083F802C0C9B2D2B21033D0E7FF
S21402552001988444A3F804C0F8E703B0BDE8F08FFE
S2140255303F61002040610020744300208468002000
S214025540105500207FB56C461E4B1F4D1E78013E3F
S214025550F6B21E7095E80F0084E80F001B4B284633
S2140255601A7805F1100132441201F6F76FF89DF829
S214025570026016F00F0511D1BDF8080009F02CFEE6
S214025580360918BF29464FF00002BDF8000008BFD2
S214025590039904B0BDE8704002F022BDBDF80400D5
S2140255A0FFF728FF0346828804ADADF804202246A2
S2140255B003CAAA4218605960144603F10803F6D1DA
S2140255C004B070BD3F61002074430020406100209B
S2140255D0F8B50024084D094F094E3B783178E2B2FF
S2140255E00B449A4204F1010400DBF8BD2846FDF79D
S2140255F01DFF1035F1E700BF744300204061002014
S2140256003F61002070B5134B06460D461046124900
S2140256101A78124B09781B780B44934206DB1F203C
S2140256204FF6FF7115F0E4F8002070BDFFF7E2FEBA
S214025630013506808570044615F027F8E08009F0EB
S214025640D1FD40F602432081E3600020FDF724FAF4
S2140256500120EAE79D6A0020406100203F610020A9
S2140256602DE9F84386460023144FDFF85C803E7827
S21402567098F8005012497219DCB294421CDA4FEACA
S214025680041C31F80C900133F14501EB0410F3D100
S214025690631CD21A0CF1100C12016144F5F7D6FF06
S2140256A0A5428BBF05F1FF3506F1FF3688F800509C
S2140256B03E700CB9034B1C70BDE8F88340610020B5
S2140256C0744300203E6100203F610020044B054ADF
S2140256D01B781278D3420CBF01200020704700BF0F
S2140256E03F61002040610020024B1878003818BF46
S2140256F0012070473F610020002108B5084B094889
S2140257001970094B1970094B1970094B1A78120156
S214025710F5F74AFFBDE808400648FEF777B900BF2E
S21402572040610020744300203F6100203E6100205B
S2140257309D6A00208468002010B50B4C23784BB17C
S2140257400A4802F03BFD58B1084B0121188811F0B7
S214025750BFF908B9002010BD0122054B1A70FAE7FE
S214025760FFF7F0FEEAE700BF3F6100207443002027
S2140257703E61002010B50E4B1B78BBB10D4C238842
S21402578083424FF0000311D10B4AE160137049B90E
S214025790A3781033A37011F065FC18B9A37823F030
S2140257A00F03A370FFF7CEFE012010BD1846FCE7DC
S2140257B03F610020744300203E61002070B592B025
S2140257C00C4606460FF027F8E17A05460020FCF75D
S2140257D033FE28B394F90A0011F021F810BB134BDC
S2140257E0E27A294683F85820A27A83F85A206A4633
S2140257F0FDF748F94FF6FE739E420CBF4FF6FF7355
S21402580023896A4629460020ADF80660ADF80430C2
S214025810FDF7EEFB40B92289054B5A8012B070BDE7
S2140258205520FBE75620F9E72120F7E72854002009
S2140258301455002010B50446014608220948F5F71B
S21402584005FF237B022B0AD8002B14BF312201222C
S21402585005490B7017234B61044B1A7010BD0023C9
S2140258600122F5E71855002014550020AE600020EE
S214025870014610230120014AFEF742B964EE0100F8
S214025880014B5861704700BF14550020014B187831
S214025890704700BF1455002010B5054C2378112B15
S2140258A003D0E221034814F0FCFE4123237010BD0E
S2140258B0AE60002031490400064B01461B78042BDB
S2140258C004D1054A137E053313767047034814F055
S2140258D093BC00BFAF60002014550020A4680020CF
S2140258E008B50648FDF7A2FD0548FDF79FFD0FF037
S2140258F0BEF8BDE8084000F0EBBF00BF085A002023
S2140259003A5A0020064B1878332806D000F0EF00EB
S214025910A0F143035842584170470120704700BF28
S214025920AE600020002208B5074B4FF6FE701A70D4
S21402593010F0E8FF4FF6FF7011F001F8034B5869BC
S214025940BDE808400FF029B8AE60002014550020CC
S21402595008B5064B187838B10548FEF743F84FF4F9
S2140259607A73B0FBF3F0C0B208BD00BFA36000209C
S214025970544600202DE9F0438BB00746154698465C
S2140259800E469DF8489049B9104605AC15F055F8F4
S214025990214612F0D4FA172818BF2646B9F1000F8E
S2140259A00AD1124B1B781BB9284612F0E5FAD0B979
S2140259B02846FEF7A1FA02E0284612F0DDFA80F049
S2140259C00104E4B29DF850302A4602939DF84C300A
S2140259D03146CDE9009338464346039411F0BCF9AC
S2140259E00BB0BDE8F0834C46ECE700BFAA6000208F
S2140259F00022014B1A7670471455002008B5002085
S214025A00FEF788FC0023024AC2E90133538008BD30
S214025A101455002010B5144B1B78033B012B16D8E7
S214025A20124BB3F868204FF6FF739A420FD1032049
S214025A30FEF7E6F801F052FFFFF7E0FF002014F051
S214025A40E5F978B1BDE81040002010F0CCBDFEF7B5
S214025A50C7F80446FEF7BEF80146204607F01AF8D5
S214025A600220E5E710BD00BFAF60002028540020EA
S214025A7008B5114A114B58611378032B1BD0D3B1CA
S214025A80332B01D0432B10D10D4B1B78033B012B3C
S214025A9005D803231370BDE808400EF07EBF0EF053
S214025AA07CFFBDE80840FFF7B5BF21231370BDE8B1
S214025AB0084001F07DBD08BDAE60002014550020F0
S214025AC0AF60002008B50348FDF7A0FFFFF796FF7A
S214025AD0022008BD5446002038B5114D04462B78E6
S214025AE0834218BF28700FF065FB80B124B92046A8
S214025AF00FF062FB02220DE001200FF05DFB2B7817
S214025B001A1F012A05D9062BF4D1032202E0002C23
S214025B10F5D10122BDE838400021084611F05CB8F4
S214025B20AF60002030B5044685B068460D46FFF7E4
S214025B309FFE94B100212846144A01F0F3FE144B4E
S214025B4020681B7861688DF80430124B1B788DF83C
S214025B50053002AB03C305F071F90F4B93F85820DA
S214025B6093F85A308DF803208DF8023010F0DBFEE1
S214025B70ADF8000010F0BAFE1023ADF80600694634
S214025B800020064AFDF7BCFF05B030BD00F8FF074F
S214025B90946A0020AF6000202854002064EE0100C2
S214025BA010B5104B04461A780F4B002083F8582085
S214025BB014F02CF910B1002010F015FD0021084653
S214025BC0FFF7B0FF0FF0E8FA2046FDF749FA40F675
S214025BD017400EF0E2FE0023044A1380044A1380A4
S214025BE010BD00BF4161002028540020E259002069
S214025BF0E05900201FB504466846FFF739FE54B147
S214025C0000238DF80530102369460020064AFDF76A
S214025C1077FF04B010BD10F069FEADF8060010F074
S214025C2082FEADF80000EEE764EE010010B5014614
S214025C3004460020FCF700FC90B10C4B1B78023B9C
S214025C40032B0FD80A4B1C7014F014FC60B9094AD7
S214025C500949FCF779FF003818BF0120800010BD03
S214025C605520FCE70220FAE74D20F8E7AE60002058
S214025C7041610020F1840200A15B0200F8B50646ED
S214025C8014F0F8FB044668B914F0C0F850B1064D9B
S214025C90204695F8587085F8586010F0A4FC10B1AC
S214025CA085F858704D20F8BD285400202DE9F041A3
S214025CB080461846033B012B0E46174602D918B1FA
S214025CC0212438E0FFF708FF274B1D78022D08D065
S214025CD0032D46D1B8F1000F03D1244B1B689B0756
S214025CE03FD43320FDF78CFF01F096FAB6F1006F31
S214025CF034BF1F4B052231464FF0060038BF1A78D4
S214025D00FEF7FCFC044628BB1A4D2873012000F05F
S214025D1017FE10F008FE68802846B8F1000F0DD076
S214025D20022300F8043B11F06AF86C732F613946BF
S214025D3030460EF076FD2046BDE8F081012300F8DD
S214025D40043B11F05CF86C732F61394630460EF056
S214025D5067FDF0E72846FDF753FFB8F1000FF4D0D1
S214025D60E5E70224E7E700BFAE600020A846002071
S214025D70C16A002014550020034B187818B9034B4B
S214025D80034A1B78D05C7047AD600020AF600020ED
S214025D906096040038B5437B0446DB0703D590F9CA
S214025DA009000FF0F8F900250F4B83F859502079B7
S214025DB0FFF764FFFFF7E0FF618824880346224668
S214025DC02846FEF7ADFA044620B11720FFF750FE2C
S214025DD0204638BD1723054DC82105486B6114F0CF
S214025DE00BFA03232B76F3E72854002014550020E1
S214025DF0A4680020F0B51A4D06460C4693B0A5F8E6
S214025E00680005F16A0729BBC5F86A1079600EF0CA
S214025E1002FD6A4601460020FCF734FED5F86A30D9
S214025E20ADF81060CDF812307B68CDF816300EF063
S214025E30F2FC6A4601460020FDF7DAF84FF6FF73D9
S214025E40B5F86800984203D014B106490EF0ECFC8F
S214025E5013B0F0BD08223846F5F7F8FBD7E700BFC7
S214025E6028540020925400202DE9F041DFF8B88033
S214025E701F4698F8003005460C4616461BB102250A
S214025E802846BDE8F081531E052BF8D814F0F2FA26
S214025E900028F4D13B7B032B14D14FF6FE739C42B1
S214025EA012D1012E09D0022EE9D110F01FFD4FF6B5
S214025EB0FB73984203D810F019FD044604E011F073
S214025EC070F9FAE7012EDAD0EDB939462046FFF727
S214025ED075FC05460028D3D198F80030332B03D042
S214025EE0532B1CBF0E4B18613046FFF7F5FD002101
S214025EF04FF6FF70FFF77EFF0A4B1B78002BBFD0D2
S214025F0012F020F8BCE7397B721ECB1E594259416B
S214025F105042504105F07CFF05460028D5D0AFE739
S214025F2014550020C26A0020AE6000202DE9F04120
S214025F3005460F46904610F0D9FC6B7B0446DB07FD
S214025F4003D595F909000FF026F910F0CFFC384B6F
S214025F50384E188010F0E7FC374B1880FDF73AFEF3
S214025F60364B1880FDF73CFE082201463448F5F70A
S214025F706DFB10F07DFC334B18702879FFF77EFE20
S214025F8000216888FFF736FFFDF726FF60B14FF65F
S214025F90F672631E9BB2934206D911F002F9B6F866
S214025FA0683004468342F8D0204610F0ABFC2888BE
S214025FB010F0C5FC4146B6F86800B847044628B952
S214025FC01920FFF755FD1920BDE8F081B6F86810D4
S214025FD010F045FA00231C4D86F859302B7803F052
S214025FE0FB03022B02D0204610F0A6FE002220461B
S214025FF01146FFF707FB0446B0B117236B61134B3C
S2140260001B78042B09D1C821114814F0F5F8032394
S2140260102B7684F00100C0B2D6E74FF416710C4816
S21402602014F0EAF80023F3E71720FFF721FDF0E764
S214026030125A002028540020105A00200E5A00201F
S214026040426100204A61002014550020AF60002003
S214026050A4680020F0B50C461E460B4620490746AB
S21402606089B004F1140053F8045B834241F8045BE0
S214026070F9D11B8802AD0B80D4F80E00D4F81210AA
S214026080238803C5ADF8103023798DF812208DF8D9
S214026090133000233A468DF814304FF6FE71012075
S2140260A002ABFFF7E1FEC8B902A8FFF7C3FB237BEA
S2140260B04BB10C4D0C4B01AA2946012001930FF05F
S2140260C048F82A781AB92046FFF764FE03E020460D
S2140260D00199FFF72BFF08B9044B1E7009B0F0BDFB
S2140260E0145A002014550020156E03004B61002040
S2140260F001232DE9F341304E05460F4600202F4975
S2140261001446737300F0EAFB0FF047F8DFF8AC8032
S21402611038B9012D01D9042D0FD1214638460EF08B
S21402612000FC1020002111F025FF00283CD00020A2
S21402613002B0BDE8F041FCF7AFBC002CF1D1204B19
S2140261401B78212B03D0062B01D0532B02D101F052
S2140261502FFAE6E7FDF740FE0028E2D000F0EAFB61
S21402616028B9307BC0F11800FFF782FCD9E7154B3F
S21402617041462046019300F0B1FB20B140F61901DA
S214026180114814F08EFA01AA0B4998F80C000EF08A
S214026190E0FF32781AB90948FFF7FCFDC1E701991A
S2140261A00648FFF7C3FEBCE7FFF79EFA0028BED1FB
S2140261B002B0BDE8F08100BF14550020145A00203A
S2140261C0AE600020156E0300314904001FB5144B63
S2140261D004461B88DB0707D44FF6FF700021FFF743
S2140261E009FE002004B010BD0A230E4A012001A9B0
S2140261F0FDF786FC4FF6FF73BDF80C209A42EBD0F3
S2140262000822FF2101A810F0FFFA0028E4D10CB9F9
S2140262100120E7E7BDF80C0001A9FFF7EBFDF7E761
S2140262202C5A002026E1010038B50C46154610F01F
S21402623069FB02F053FF29462046FFF7DBFD00F01C
S21402624079FB48B1054BDB790E2B28BF0E230133B1
S214026250DBB2034A137038BD0123FAE7145A002052
S2140262605761002038B51D46FFF7FEFD0446C8B943
S2140262702B7B2846032B03D1BDE8384010F0DEBD49
S214026280FFF7D8FA084B25469C8110F0F1FA012157
S214026290064B81401A780620FEF730FA044608B10B
S2140262A0034B1D70204638BD14550020C16A0020DD
S2140262B0AE60002030B5012087B0FFF787FF6B463F
S2140262C00446144A1068516803C384B904F0C4FD36
S2140262D002A8FFF7CDFA4FF6FF752246BDF80E006C
S2140262E02946FFF7A1FF0EF0A3FA07B030BD6B46B2
S2140262F0094AD2F86A00D2F86E10B2F8685003C3A0
S21402630004F0AAFD02A8FFF7B3FA6A46BDF80E002B
S214026310E6E700BFC5D103002854002037B5324B4C
S21402632004461B781BB10224204603B030BD14F08D
S214026330A1F80028F7D100F00DFB14B122882B4BF0
S2140263401A8000210DF10700FDF7D0FC002848D185
S21402635010F046FD04460028E6D1254D9DF80700BC
S214026360FFF7BAFB2B78033B012B27D82046FFF713
S2140263702DFF18B3FFF79EFF00F0FCFEFFF74AFB67
S214026380012010F03FFA48B9184B1B889A0707D528
S2140263902346052201201749FFF788FC0446C3E777
S2140263A0154D022329460120144AFDF7A9FB2B8826
S2140263B05B07B9D5204600F0F1FEB5E72B78053B22
S2140263C0012BB1D8FFF776FFFFF724FB2B78052BBE
S2140263D00CBF04200520FDF713FC012010F012FA72
S2140263E0DCE71724A0E700BFAE6000202C5A00208E
S2140263F0AF60002000F8FF07DE59002027E1010009
S2140264007FB50024184E194D3278E3B29A4201D86D
S21402641004B070BD4FF6FF73B5F868209A421AD0E2
S214026420134B1B88DB0714D5124AB5F86830106880
S2140264305168ADF80C3001AB03C30F4A0A230020A3
S21402644001A9FDF75DFB022300200C4A0C49FDF76B
S21402645057FB0134D8E700220821064810F0D4F989
S2140264600028F6D1DCE700BF9F6A002028540020EF
S2140264702C5A00209254002026E1010027E1010058
S214026480DE59002010B500F0C7FE01F013FCD8B1AB
S2140264900E48FDF7BBFA0E480E4C017A0E30FFF797
S2140264A041FB23781BB100F0F7F90023237000228A
S2140264B0094B1A73FFF7AEFA07F0B8F900F012FFAD
S2140264C0BDE81040FFF79CBF10BD00BFA4680020C7
S2140264D0145A00204B6100201455002010B52548A0
S2140264E0FDF794FA01F0E6FB30B1234B1B781BB99B
S2140264F0BDE81040FFF7C6BF01F0DCFB78B11F4CC9
S214026500237E83B1C8211B4813F076FE0021237E2A
S2140265100846013B2376BDE81040FCF72BBBFDF78F
S2140265205BFC0028EBD1FDF757FC154B1B7858B9DE
S214026530112B03D003F0FD03412B19D1BDE8104007
S2140265400E4B5869FFF794BA332BF7D10D4B1888C8
S21402655010F0D8F90C4B188810F0F1F90B4B0C49D7
S2140265601888FFF747FC0B4B1878FFF787FBE5E721
S21402657010BD00BFA4680020AA60002014550020A9
S214026580AE600020125A0020105A00200E5A002038
S214026590426100204A6100202DE9F04F0F4685B087
S2140265A002AD044629463846914611F075FF4FF073
S2140265B0000B82463846CDF804B010F006F846784E
S2140265C0022C804606F0020609D85CB1FDF704FCF0
S2140265D00446002848D1754B01241B7865E0043C2C
S2140265E0022C3AD9FDF7F8FB38460FF067FF002475
S2140265F00546A046DFF8D8A138460FF0E6FF50F869
S21402660009300DF10500019314F029F99DF807B041
S2140266100746B8F1000F4DD1BBF1000F5BD0DFF893
S2140266208C9199F800300BB1002E63D0002C61D00B
S2140266305F4B1B78022B5DD1BBF1000F53D138465E
S21402664010F060F958465946FFF76CFA07F0EEF874
S21402665040F607400EF0A1F934E010F0B5FBFDF766
S214026660BBFB0446F8B15C464EB1524B1B78012B7D
S21402667002D0043B012B0BD805B0BDE8F08F4B4B84
S2140266801B782BB14B4B1B7803F0FB03022BF3D08A
S214026690BAF1000F404608BF002511F0F0FE4FF099
S2140266A001088246A8E7414B1B78002BF0D0002E4B
S2140266B0EED1E1E7BAF1000FAED05046FDF71EFE6E
S2140266C00028A9D1002013F0A1FB0028D4D0002076
S2140266D00FF089FFD0E74FF6F7739F429FD9172036
S2140266E0FFF7C6F9EEE7FDF777FB48B13248FDF74C
S2140266F08DF9F4E7FDF770FB10B1BBF1000FF5D191
S214026700FDF76AFB0028DDD02846FEF749FAFF2887
S214026710DFF89CA0294C03D09AF80030012B04D154
S2140267202946B4F86800FEF795FBFEF751FC2A46A8
S2140267303846B4F86810FFF777FD214B214A93F9E3
S21402674006301B0213809AF80030012B19D0312B29
S21402675014BF432311238AF800301B4B16481968CE
S21402676013F04AFD00F006FD0023124C99F80010C3
S214026770237641B9104813F03FFD40F61B43636190
S214026780A0E71123E7E7B8F1000F03D016B1FFF731
S21402679079FEF2E70D4B1B78042BEED10521064855
S2140267A013F02AFD09232376E7E700BFAA6000203C
S2140267B0AE60002014550020A46800202854002053
S2140267C0145A00202A5A0020C4680020AF60002015
S2140267D03161002070B508468CB00D460FF0F5FE0C
S2140267E009220021064613F05BFB044628460FF0FA
S2140267F065FE052228460DF10F0304A90EF01FF9C7
S21402680002281BD09DF80F3029461C440023E4B210
S21402681004F11002365D01200093D2B20BF099FF0C
S21402682060B1022E0AD1064B1B78012B06D1054B0E
S214026830187818B922462946FFF7AEFE0CB070BD8E
S214026840AE6000201455002008B5084B187050B1F1
S214026850074B1B883BB14FF47A710648594313F035
S214026860CBFC002008BD0120FCE700BFA160002091
S214026870406A002074450020014B188000207047B3
S214026880406A002008B5FDF7C1F80022014B1A70D5
S21402689008BD00BFA160002010B50024044B0548C7
S2140268A01C80054B1C70FDF7B1F8204610BD00BFDA
S2140268B02E5A0020C86800204C61002008B5034804
S2140268C0FDF7A4F8BDE80840FFF7E6BFC868002059
S2140268D00148FCF7ABBD00BF2E5A0020F7B5134B9C
S2140268E004461B780E46EBB183421DD900211048A0
S2140268F014F019F8002501460D4F09B9012009E0E8
S214026900AC4209D10024162322463046009414F0E5
S2140269109FF8204603B0F0BD384614F028F801353B
S2140269200146EAE71820F5E72720F3E74C61002046
S2140269302E5A0020014B1878704700BF4C61002089
S21402694025289DBF024B187000202120704700BFEB
S214026950C36A0020012307B51846064A0DF107014F
S214026960FDF7CEF89DF80720034B1A7003B05DF8CA
S21402697004FB00BF29E10100426A002084B010B582
S21402698002AC84E80F00082224480DF11601089C88
S214026990F5F756F938BB9DF815309B0705D4204B02
S2140269A01B7803F0FD03312B23D11E496378097847
S2140269B003F00F028A4203D0012928D1022A18D1F5
S2140269C02278B2B91B09022B13D194F90230002B9C
S2140269D021DB154BB3F86820BDF80A309A4208D17D
S2140269E0FEF790FF06E0002208210C480FF00CFF8D
S2140269F020B90020BDE8104004B070470B4BBDF82C
S214026A0008205B889A42C6D0002BC4D0F1E7022940
S214026A10EFD1012AD3E70120ECE700BF185500208A
S214026A20AE600020946A00202854002014550020EE
S214026A3084B02DE9F0478EB016AC84E80F00DFF87C
S214026A4068C1564BBCF802009DF85D9010F0010438
S214026A509DF96220BDF870E09DF875A09DF97670EC
S214026A609DF878509DF97A109DF95E809DF86060D9
S214026A701B782FD09DF87D00C0F34004C0F3800041
S214026A80002B44D0464B1B78012B02D1002C00F081
S214026A908280C0B19CF800301E335BB2BB42ACBFF2
S214026AA0002701279845D4BF00230123BB4209D102
S214026AB08A4208DB0CD1A81BC0B280288CBF0020FB
S214026AC0012000E038460EB0BDE8F04704B070473B
S214026AD00020F8E710F0020F18D0C3B1490814BF1F
S214026AE001200020520814BF012300238342EAD16A
S214026AF0AB1BDBB2802B0AD9AE42E9D1B84506DB26
S214026B0049D1CA4594BF00200120DCE70BB9012019
S214026B10D9E7AE4216D002AC1CAF0FCF0FC497E82F
S214026B20030044F8040B2180DDE91A0116AB00903D
S214026B30ADF804100FCB0EF005FB0028E7D1AE42ED
S214026B40B9D1C0E7BDF8583073451ED008AC0DF178
S214026B50700CBCE80F000FC49CE8030044F8040B5A
S214026B602180104C638873450FD10822211D0DF138
S214026B702E00F5F765F8024638B90821201D0FF0F9
S214026B8043FE10B96388002BC1D1B845BFDBC2D122
S214026B90CA45BCD8BFE7204695E700BF4C61002037
S214026BA0AE60002014550020426A002084B02DE911
S214026BB0F04F8FB06A4E18AC08AD84E80F0016226C
S214026BC000212846F4F7F0FC33783BB90024654BE5
S214026BD032781B789A4239D2002726E00021624892
S214026BE013F0A1FE00270446B846DFF87C91002C7D
S214026BF045D13FB1224639465B480FF069FD3378EE
S214026C00013B33703378002BE0D0002156484FF01A
S214026C10000913F088FE4F468046CA46DFF848B1A0
S214026C20B8F1000F6CD1002FD1D01621002218A87F
S214026C300FF0E6FC014648B1002F00F08B8022469A
S214026C4049480FF0FDFC337801333370454B3278F8
S214026C501B789A4207D94448002201880FF038FD73
S214026C603378013B33703378012B03D13F494048D8
S214026C7013F0C2FA0FB0BDE8F04F04B0704700221E
S214026C80214616232846CDF8008013F0E1FE162290
S214026C90294618A8F4F7D4FF0028EBD09DF8642004
S214026CA09DF824309A4225D1BDF86020BDF82030E8
S214026CB09A421FD108220DF12E010DF16E00F4F753
S214026CC0BFFFB8B902AF0DF1600CBCE80F000FC7EA
S214026CD09CE8030047F8040B39800EAB13E9030067
S214026CE00090ADF8041095E80F00FFF7A1FE00280B
S214026CF0C0D027462146484613F039FE044676E7BA
S214026D001623002241462846CDF800A013F0A0FE26
S214026D1002AF0DF1600CBCE80F000FC79CE8030041
S214026D2047F8040B39800EAB13E903000090ADF868
S214026D30041095E80F00FFF77BFE074620B1B9F175
S214026D40000F04BF444681464146584613F00FFEE4
S214026D50804665E73A46044813F0EBFD73E700BF4A
S214026D604C610020C36A00202E5A002020BF020079
S214026D70C86800202DE9F04F002104469FB00DF1AF
S214026D804008162240460E91CDE90C11CDF83B1074
S214026D90F4F70AFC052220460DF11F0316A90DF092
S214026DA04EFE0228074600F0F28020460FF00DFC49
S214026DB0064613F054FD8146F01C13F050FDADF864
S214026DC04000701D13F04BFD012FADF84200204627
S214026DD040F0E0800FF0F9FB0546204613F020F95C
S214026DE00D3502232D1A0093214643460820EAB2A7
S214026DF00BF0AFFC002800F0CA8020460FF0EAFB3A
S214026E00012F83469DF84D3040F0DC8000252F464A
S214026E1043F001038DF84D3016AE3388022B4DD168
S214026E20F1782046023108F065F81B2846D1F17841
S214026E302046033108F05EF819283FD1F178204643
S214026E40043108F057F84A2838D14FF0050AF1788D
S214026E5020460131514408F04DF8F178059051442E
S214026E60204608F047F8059B00EB032083B200F0AB
S214026E703F02932B059240F095800023F778214637
S214026E8002375744FFB23A4600930CA80F2313F07A
S214026E90DFFD07F10F01204611F0D7F907F11101C6
S214026EA00546204611F0D1F9ADF84200059B0233A3
S214026EB053445FFA83FA33795345C8D806360DF140
S214026EC07603B342A9D19DF84D20C5F3C03363F3D0
S214026ED0410220468DF84D200FF00EFB8DF844003F
S214026EE020460FF0FEFA8DF8450020460FF0FEFA17
S214026EF09DF83230BBF1190FC3F3C3028DF8472059
S214026F00DDF833208DF84600CDF84E20DDF8372028
S214026F10CDF8522094BF00229DF83E208DF84820DE
S214026F2003F003028DF84A209DF84D20DB0963F337
S214026F308202694B8DF84D201B78022B56D1BDF884
S214026F4040600FF0F0FC864250D108A80FF057FFC1
S214026F50BBF1190F47D908220DF14E0108A8F4F724
S214026F606FFE00283CD1B9F5004F02D0B9F5624F4A
S214026F700DD140F6FF7325F440459D4207D100220D
S214026F8008210DF14E000FF03FFC00283ED01FB046
S214026F90BDE8F08F0FF019FB0546204613F040F8C7
S214026FA007351EE7412B81D1F17820460231514444
S214026FB007F0A0FF494B1B78C3F1B30318448DF8C2
S214026FC0490073E76FF30003F01D8DF84D3013F0A0
S214026FD046FC0CA9054620460FF063FF0B2772E716
S214026FE000F058FDBFE700F055FDD0E7B9F5004FB9
S214026FF002D0B9F5624FCAD140F6FF7325F4404578
S2140270009D42C4D1BBF1190FC1D9B8E7BBF11A0F23
S21402701006D007F11F0142462046C9B20EF098F884
S2140270202F4C304D637BDBB12B78012B1DD1012316
S21402703023730CAB029314AC94E803000090ADF8F3
S214027040041098E80F00FFF799FC90B194E803004B
S2140270500090ADF8041098E80F00FFF7A7FD08E0CF
S214027060FCF7BAFE0028DFD0E1E703F0FD03042BAD
S214027070DDD02B78012B01D0042B88D11A4BDDF8FA
S2140270804E001B78DDF852108DF82230BDF84030E5
S214027090ADF820309DF84D30C3F340038DF8233011
S2140270A09DF8313003F00F038DF82C309DF84830F0
S2140270B08DF82D3009AB03C30C4B1B681BB1414640
S2140270C008A8984763E79DF946209DF8451008A84A
S2140270D00DF025FC5BE700BFAE6000205361002088
S2140270E0145500203A610020526100200855002005
S2140270F010B513F0CFFA114B1B78022B1CD1104A95
S2140271001468A04218D00F4910600A68121B104477
S2140271100D4A086012786AB1013A93403C22534302
S2140271204FF47A725343984206D9BDE810400320C2
S214027130FCF766BD0A23F3E710BD00BFAE60002071
S214027140A04600209C460020906A0020064B1B8822
S214027150DB0708D50022054B43F82020044A135CBF
S21402716063F00F0313547047305A0020F044002097
S2140271707360002008B513F08DFA0022024B1860E7
S214027180024B1A6008BD00BFA04600209C460020A5
S214027190014B1868704700BF9C46002008B50C4893
S2140271A0FCF734FCFCF772FD80B10A4B0322B3F8FD
S2140271B0681001200DF0ECFF4FF47A71064B04487C
S2140271C01B885943BDE8084013F016B808BD00BF37
S2140271D0E868002028540020246A0020014B18800A
S2140271E000207047466A0020044A054B1870138830
S2140271F023F003031843108000207047305A002003
S214027200916A0020034B1888C0F30E00003818BF9E
S21402721001207047DE59002008B5FFF7F3FF30B1B2
S214027220002004490223044A0880FCF769FC002077
S21402723008BD00BFDE59002027E10100024B188876
S214027240C0F30E00704700BFDE5900200023084A34
S21402725001201370074A08491370084B084A1B7826
S21402726043F0040313800223064AFCF749BC00BF1E
S2140272704F6100204E610020DE590020916A0020F6
S214027280305A002027E1010030B5012100240B23EB
S21402729085B0104D019400918DF80C308DF80D00DC
S2140272A00323B5F8680003AA8DF80E4011F086F89D
S2140272B068B1B5F868100FF0B1FE40B10522064B72
S2140272C064211A70054B06481C7012F095FF05B033
S2140272D030BD00BF285400204E6100204F610020C0
S2140272E008690020064B1B78033B012B06D8054B8A
S2140272F01B781BB9044B1878FFF7C6BF704700BF50
S214027300AF6000204D610020906A002010B515483D
S214027310FCF77CFB144B1978F9B9144A13787BB145
S214027320013B1370124B1B78042B02D10846FBF765
S21402733021FCBDE810404FF496710A4812F05CBF7B
S2140273400C4A128802F00302022A0AD1BDE8104053
S214027350032201200849FEF7A9BCBDE81040FFF74A
S214027360C1BF10BD086900204F6100204E61002099
S214027370AF600020DE59002000F8FF07084B1A789D
S2140273805AB10223013A93404EF660225343032138
S2140273900448B3FBF1F112F02FBF42F21073F6E786
S2140273A0906A00200869002070B505461748FCF769
S2140273B02DFB0122164B28461A7011F023F8411CA9
S2140273C0044689B2284607F095FDA11C064689B2F6
S2140273D0284607F08FFD0F4C02232080214600200E
S2140273E00D4AFCF78DFB86B9238803F00303022BB4
S2140273F003D1FFF7BFFEFFF7C1FF23885B0704D563
S214027400BDE870400548FFF7C9BE70BD0869002098
S2140274104F610020DE59002027E10100E8680020C5
S2140274202DE9F0431F4C0546238889B0002B33D044
S2140274301D4E00214FF4807010F07CFD3378DB0780
S21402744028D50121208812F023FE074620880FF057
S214027450BCF8023013F003FA05A98046208811F022
S214027460B8F83378384613F0020F104B18BF0025D1
S214027470B3F8009012F0F0FD0646384612F0D0FD42
S214027480F6B20290424606212846CDE9009605ABA2
S2140274900DF001FA00232380054809B0BDE8F04349
S2140274A0FCF7B4BA365A002050610020345A002045
S2140274B02869002010B5044640F62140FFF7B0FFC9
S2140274C001214FF4807010F035FD78B10022084B90
S2140274D01C80084B1A7007F085FEBDE81040064B6C
S2140274E01880064B0648198812F086BE10BD00BFEB
S2140274F0365A002050610020345A0020266A0020A6
S21402750028690020044A137818B943F0010313705F
S214027510704743F00303FAE750610020044B1B78E0
S2140275201BB9044A1380FEF707B90020704700BF54
S2140275303E610020325A0020042230B501F040039A
S21402754087B0002B054614BF012400248DF80C20BA
S2140275508DF80D1004D004A910F00AFD10B304AB88
S214027560CDE9004301210223284603AA10F026FF94
S2140275700446C8B10D4BB3F868100EF070FF4FF614
S214027580F7739D4209D9322202212046FEF73AF8C5
S21402759080F00100C0B207B030BD294620460FF089
S2140275A03DFDF5E70120F6E71920F4E72854002010
S2140275B010B5FFF731FE04F031FA0FF0BBFB0020E6
S2140275C010F0CEFC12F056FF08B1FDF729F9204C58
S2140275D02378532B12D1032323700023FF2219464C
S2140275E00120FEF763FB002012F010FC10B1002011
S2140275F00EF0F9FFBDE810400DF0CEBD062B01D00F
S214027600212BF0D10120FEF7F5FA4FF6FE700FF0AF
S21402761079F94FF6FF700FF092F90020FEF752FA52
S2140276200020FEF759FAFEF7E9F900F029FB0DF003
S214027630B6FD2378212B02D1FEF774F9D3E700209A
S214027640FCF7DEFA00214FF4004010F063FACAE7B6
S214027650AE60002010B50A4C0A48FCF7D7F923782A
S214027660062B02D10120FEF7C5FA2378062B01D09D
S214027670532B03D1BDE81040FFF79ABF10BD00BFE1
S214027680AE600020486900202DE9F047DFF8C08090
S21402769004460E461746FFF7BFFD98F8005015B988
S2140276A00220BDE8F087212DFAD0284813F069F9A8
S2140276B00028F5D114F0200439463046DFF894A0AD
S2140276C0DFF8949005F00F051BD00DF0ACF8012DF5
S2140276D08AF80070A9F8006029D1212388F80030C2
S2140276E0FFF766FF0020DCE7212388F80030FFF76B
S2140276F05FFF00214FF6FE70FEF77CFBFEF780FE72
S214027700F0E70DF08FF8012D8AF80070A9F80060F6
S214027710EAD0062321464FF6FD7088F80030FFF7C0
S2140277200BFF40F22621094812F066FDE1E75323DB
S21402773021464FF6FD7088F80030FFF7FDFE40F256
S2140277402621024812F058FDCCE700BF4869002007
S214027750AE60002051610020486A0020F8B50D4650
S2140277600646511C284607F0C5FB044628460EF07E
S2140277702CFF0546023013F072F8154B07461B78AD
S214027780022B02D0043B012B21D8124B1B68580255
S21402779001D5A1061BD5620619D50F4BB3F8683082
S2140277A0B34214D16B781B070DD5284610F067FE3E
S2140277B0FCF7A4FD58B1314604F020000122BDE8D2
S2140277C0F840FFF761BF0FF091F8B842F3D0F8BD6A
S2140277D0AE600020A84600202854002073B5044658
S2140277E00D4613F02AF9FF28034625D0134A1278CD
S2140277F04AB1134A32F81020520404D510F0A1FB05
S214027800002002B070BD184610F0ACFB6946064672
S21402781010F0AEFB40B1FCF7E7F928B100230222D4
S2140278206946304605F0DCF8204645F0400102B0D5
S214027830BDE87040FFF780BE0120E2E7AA600020A4
S214027840D859002038B505460EF0BFFE0446284635
S21402785010F0D8FD411C89B2284607F04BFB4206C1
S2140278600DD563781B070FD5204610F008FE01469B
S214027870002013F0E0F8BDE8384010F062BB034881
S214027880BDE83840FFF7E6BE38BD00BF48690020B5
S21402789038B54FF6FF75A842044617D00FF043F8E6
S2140278A0A04213D04FF6FD72094B198891420DD9AA
S2140278B0084A1288AA4201D0A24207D11C804FF47D
S2140278C07A71BDE83840044812F096BC38BD00BF55
S2140278D02E6A00204A6A00203446002008B5044872
S2140278E0FCF794F84FF6FF72024B1A8008BD00BFF1
S2140278F0344600202E6A002037B505460C4608237B
S21402790069460120064AFCF7FBF815B19DF80630D9
S2140279102B700CB1009B2360BDF8040003B030BD91
S21402792025E1010007B508238DF80600ADF804101E
S214027930009269460020034AFCF7E2F803B05DF8BD
S21402794004FB00BF25E10100024A13780BB1013B9C
S214027950137070479F60002008B50EF0F0FF0021FC
S2140279604FF6FF72054B08461A80FEF7DBF8BDE8B5
S214027970084040F616400DF010B800BF2E6A0020F0
S21402798008B5FCF743F80A4B1B78023B032B08D8D2
S2140279904FF6FE73074A108898424FF6FF7301D1DE
S2140279A0138008BD9842FCD0BDE80840FFF7D4BF5C
S2140279B0AE6000202E6A002010B5084B1B78042B00
S2140279C00AD00EF093FF002104460846FFF794FF04
S2140279D0231A5842584110BD0020FCE7AF60002031
S2140279E0F0B5002689B00546CDE90566ADF81C60FF
S2140279F010F008FD0A23024604462946009605A80A
S214027A0013F026F89DF815309DF814701F2B27D812
S214027A1003A80FF0F4F908220DF1160103A8F4F7F3
S214027A200FF90646E0B9092F1CD1FFF7C5FFB8B11A
S214027A30144B1B78A3B1144B1A884FF6FD739A4267
S214027A400ED9124C124A23780433DBB22370127812
S214027A50013AB3EB820F03DD58B20BF058F82670EA
S214027A6009B0F0BD0A34E4B22146284607F042FACD
S214027A700FF058FA611C284610F0E7FBFFF708FFE4
S214027A80EEE700BFA46A00202E6A00209F60002056
S214027A908F6A002038B5134B1B78033B012B20D985
S214027AA0114B4FF6FF711B78ABB1104D2B888B42F2
S214027AB017D10EF038FF4EF6602104460C4812F03D
S214027AC09BFB4FF6FE7322462B800021BDE8384012
S214027AD009200FF035BA074A13888B421CBF0133C0
S214027AE0138038BDAF600020A46A00202E6A0020F2
S214027AF034460020DA59002008B50448FBF786FF12
S214027B00BDE8084000210846FBF734B86869002043
S214027B1010B5044661B1FF210EF0F8FC00212046A4
S214027B200EF0FAFC0EF03BFC014620460EF0FAFC84
S214027B302146BDE810400022014812F0FABE00BFFE
S214027B403A5A00202DE9F0410D46174604460EF03B
S214027B503CFD06782846FCF74DF929468046204625
S214027B600EF07DFC0EF0C2FEA84206D12046012190
S214027B70FFF7CEFF0120BDE8F0812846B8F1000FDE
S214027B800AD0FCF7B9F950B9144B3A462046BDE87C
S214027B90F0411978FDF736BD10F0EEF9F3E706F07E
S214027BA00306012E08D00EF0A1FE00232246294627
S214027BB002F042FA0028D9D120460EF00CFC43050A
S214027BC005D52046BDE8F04100210EF081BF2046D3
S214027BD010F0BDF9B0FA80F04009CCE78E6A0020BA
S214027BE010B586B0044610F00DFC104B024618681D
S214027BF019790290D3F805005B7A01328DF81430B9
S214027C0000238DF80C1004902146009392B20523AF
S214027C1004A812F01DFF052204A902A8F4F710F822
S214027C20B0FA80F0400906B010BD00BFD895040037
S214027C3008B511480EF086FD104B1B78012B06D8AE
S214027C40FF2010F057F9FDF7B1FB10F072F9FDF7BF
S214027C503BF801F091FCFFF7F9FA10F04BFD07F044
S214027C60F1FDFDF749FD07F03DFB0CF0DEFDBDE83A
S214027C70084002F0D3BC00BFF05400206C60002025
S214027C8008B5F0F75DFDFF2803D0094B1B78012BE2
S214027C9006D9002010F02EF9FDF788FB10F049F9FE
S214027CA0FDF712F801F068FCBDE8084002F0B6BC29
S214027CB06C600020064B1878112806D000F0FD00F4
S214027CC0A0F141035842584170470120704700BF57
S214027CD0AE6000202DE9F8430446FDF70FFB18B10D
S214027CE000263046BDE8F8834FF6FF78184BB3F807
S214027CF068104145F4D020460EF0B1FB154B022128
S214027D0020461A88FDF77EFC06460028E8D0204664
S214027D100EF05BFC90F807900546043012F09FFDCB
S214027D2007460EF0E3FD494602463846FDF7FEFAE0
S214027D30A81C12F094FD404502D12046FFF7BAFB7C
S214027D402B789B07CDD101212046FFF7E1FEC8E73D
S214027D5028540020385A0020F8B507460EF035FCA5
S214027D600546043012F07BFD0646A81C12F077FD8D
S214027D700446304612F061FE3046FCF73BF82B789C
S214027D809B0701D10EF0B2FDAB790BB90320F8BD0B
S214027D900EF0ACFDA0420CD10EF0A8FD0446094B35
S214027DA0214638461A78FFF7CDFE0028EED000208E
S214027DB0EDE7054B1B78052B1CBF044BB3F8684058
S214027DC0EDE700BF385A0020AF600020285400209C
S214027DD02DE9F041064610460D4610F013FBA0F1C1
S214027DE01004E7B256FA84F42146EA1B04F10E00A8
S214027DF0F3F72CFC2823DFF84480F35598F800307C
S214027E00637301F0CDFB611C024601200DF0DCF924
S214027E1008220949601DF3F719FC98F800000FF0D4
S214027E20D5FE05F10E0130463B460022C9B201F0EE
S214027E3069FC1220BDE8F08131610020A9600020B3
S214027E402DE9F04F87B004460EF0BFFB06462046EB
S214027E500EF01EFB0746301D12F001FD8146B01CD7
S214027E6012F0FDFC384696F807A012F0EFFD3378C4
S214027E709A075FD12146042001F04CFD002859D014
S214027E80204610F0BFFA0146204607F033F8830773
S214027E9050D1204610F0B6FA0146204607F02AF8DE
S214027EA010F00303039345D12046FFF799FE0028FE
S214027EB040D0204610F07CFB451C204612F0CCF841
S214027EC0EDB205F10A0B83455DDA304A04AB106861
S214027ED0516803C3691C204607F00CF82946804601
S214027EE0204607F007F800EB082059461FFA80F8EC
S214027EF0204606F0FFFF8346039B2146AA1C0093FA
S214027F0004A8082312F0A4FD20460EF0C1FA5A4631
S214027F1041460DF04BF90122404604A90FF08CF9B8
S214027F2088BB022007F032FC013003D1404604A988
S214027F30F0F7CEFC0EF0DAFC48453A46514607D139
S214027F400EF0DCFEF8B907B0BDE8F04F0FF028B926
S214027F5048460EF0D3FEB0B90D4B1B781BB9394616
S214027F6048460FF033F83A4651464846FDF7DEF9E2
S214027F7048B1317811F0030105D1204607B0BDE8BB
S214027F80F04FFFF7C5BD07B0BDE8F08FC5D10300BF
S214027F90A560002038B5114D2B78023B012B18D86E
S214027FA00DF006F90446B0B9FFF7A2F82B78032BBA
S214027FB007D12346FF2221460120FDF777FE012046
S214027FC038BD21462046FAF7D5FD003818BF0120F5
S214027FD0F6E71720F4E70220F2E700BFAE600020C3
S214027FE02DE9F74305460E4614460EF0FEF90C2818
S214027FF028464AD10EF0E9FA0922002111F050FF74
S21402800000F11001C9B2284606F074FF042813D006
S2140280107C282BD0012840F0AC8046B91321284694
S21402802010F013F903B0BDE8F0430EF088BC03B0BD
S214028030BDE8F043FDF7DCBC5B4B1B78022B40F03F
S214028040988046B9FFF7FAF8C3070AD5FFF792F801
S214028050002C08BF3F26304603B0BDE8F0430CF0C4
S21402806000BCFFF7CFF80028F0D0F1E7284611F061
S214028070F3FF0446284611F0D3FF02463046E1B22B
S21402808003B0BDE8F0430CF0EABB0EF09EFA804661
S214028090043012F0E4FB074608F1020012F0DFFBA0
S2140280A04FF6F773984204460CD8404A13880133B9
S2140280B09BB213800BB93E4A13801EB13C4A13880A
S2140280C00133138098F8009009F00309B9F1010F03
S2140280D01DD1284610F096F90146284606F00AFFFA
S2140280E00B2809D00D2807D0042842D1284603B011
S2140280F0BDE8F043FFF7A6BB2E4B1B78042B38D106
S2140281000021084603B0BDE8F043FAF733BDB9F1E3
S214028110000F2ED13146284603F05EFD4EB34FF6D1
S214028120F7739C4225D898F80160204616F004069C
S21402813022D10FF0EFFE054620467DB10FF01CFF60
S214028140034600BB0C220090214638460FF00CF97D
S2140281500C22002339462046009308E00FF00CFF5D
S2140281600346C8B9144A00901278214638460FF0E2
S214028170FBF803B0BDE8F0830FF0FEFE034678B9C5
S2140281800B220090F1E70622334621463846009637
S2140281900FF0EAF80622DCE72B4600950622E4E713
S2140281A04B46CDF80090F9E7AE600020E259002079
S2140281B0E0590020AF600020C56A00202DE9F04F8C
S2140281C005888BB0044628460EF0FFF907460430B1
S2140281D012F045FB8146B81C12F041FB05A9804609
S2140281E0284610F059F9284610F00CF901460646C2
S2140281F0284606F07FFE3B78824603F00303012BF7
S2140282000CBF83464FF0FF0B12F03FFAE388019053
S21402821002930EF06BFBFB7900904846039300F046
S21402822081FF002876D1404600F07CFF002840F00F
S2140282308880FDF72BFB8046FBF7CEFD10B9FFF7D3
S21402824039FD30B1A8F104085FFA88F8B8F1020FD8
S2140282501BD90BF0FD03042B00F0B380FFF72AFDB9
S21402826020B10AF0030ABAF1010F0ED0FBF70EFD99
S21402827028B9714B1B7803F00F03062B68D16F4B9E
S2140282802846B3F868100EF0EAF8BBF1010F63D186
S21402829028460EF0CEF84FF6FF73984240F09180D3
S2140282A000233146284607AA0FF03CFE0746002860
S2140282B042D042799DF82530934209D9711D28464D
S2140282C089B206F02BFEA37823F00F030233A370C5
S2140282D00CF0A4FA7E23B0FBF3F202FB130303F5C1
S2140282E08073A3809DF8263013F0180F0AD0A37867
S2140282F01B0707D1009B4B4504D048467A7905A94F
S2140283000CF0C1FA9DF82700003818BF01200BB008
S214028310BDE8F08F28460EF058F9023012F09FFAA8
S2140283204FF6F773984207D9039B2BB92846FFF7F7
S21402833057FC00287FF477AFA37823F00F03A370CF
S21402834008E0404612F082FB00287FF472AFF3E7A3
S2140283502823A3800020DAE7BBF1020F54D10123C1
S214028360314607AA28460FF0DDFD80460EF0BEFA1B
S214028370BDF8223098421FD1B8F1000FDCD001229E
S214028380B8F80230314628460FF0CAFD2C4A137858
S2140283900133DBB2FB711370B8F80230BDF81E2051
S2140283A09A421FBFA37823F00F030233A3704FF441
S2140283B0C873A3800120AAE7184612F047FB0028DC
S2140283C0DAD128460EF035F812F0E0FA012808BF96
S2140283D01C4BA27809BF1B78FA2303EB830303EB3B
S2140283E0830302BF9B00FA339BB21209A4D1DDE9D4
S2140283F00121521A92B293429ED30CF00FFA00F069
S2140284001F001030A080D5E7BBF1030FD9D1009B27
S2140284104B45D6D1711C284689B206F06BFD0C2856
S214028420CFD1FCF7FFFD4FF6FF7398420146C8D046
S21402843028460EF014F8C4E7AE6000202854002048
S214028440AC6000209D6A00202DE9F04105460C46EE
S2140284500DF0CBFF082802D10120BDE8F081201DD7
S21402846012F0FDF90646284694F807800EF010F83A
S214028470074628460DF0AFFF010612D5184B1B78AB
S214028480042B0ED1174B1B78022B0AD1164BB3F8CE
S21402849068204FF6FF739A4203D000210846FAF787
S2140284A069FB124B1B78002BD6D1A01C12F0D7F911
S2140284B04FF6F773984202D86378DA070DD5237819
S2140284C09B070AD13A46414630460EF017FC80F02A
S2140284D00100C0B200F00100BFE70120FAE700BFCA
S2140284E0AF600020AE6000202854002056610020B5
S2140284F02DE9F04F9DB004460DF077FF0546204665
S2140285000DF073FF082869D14FF400432046ADF8FA
S2140285105030ADF85C4011F09FFDBDF85C20A0F134
S2140285201005EDB210461023002100950FF07AFEDA
S214028530294617A80FF04EFE204611F071FD0AF0EC
S214028540FCFA002321461A460C2000930AF001F991
S21402855098B3204611F064FD14A902461020FBF7DA
S21402856079FF0501204611F05BFD14A90246402062
S214028570EDB2FBF76FFF10B120460CF058F920461B
S21402858011F04EFD14A902468020FBF763FFB8B92E
S2140285909DB1102517A805F067FF2046BDF850705C
S2140285A011F05AFD0646204611F03AFD2946009083
S2140285B0F3B2384617AA0CF0D0F91DB0BDE8F08F1A
S2140285C0BDF8503017A8ADF85E40ADF85C300CF040
S2140285D0E7FD0028DCD145F08005DBE720460DF0FC
S2140285E044FFB0F5006F40F0058120460DF050FFC5
S2140285F00646042D40F0018120460DF0ECFE80F484
S2140286000060C0F3C02000223146400012F0F0F8AD
S214028610944B1A78022A0DD0FFF74CFB50B902F0A1
S214028620FD03312B06D0043A012A03D98E4B1B7860
S214028630002BC2D02146022001F06CF905900028DA
S214028640BBD02046ADF846400DF0BFFF0446BDF84D
S21402865046000DF01DFF0646201D12F000F9A31C71
S21402866083461846039312F0FAF812A90746BDF895
S21402867046000FF011FF63780690BDF8460094F8A6
S214028680008008930FF0BEFE6378054608F00308E4
S21402869030460C93FBF7AEFBB8F1010F0CBF032379
S2140286A002230E93714B08BF4FF00B091E802378EE
S2140286B018BF4FF00A0903F03C03082B0D907FF415
S2140286C07CAFBDF8460011F0C7FCA8427FF675AF36
S2140286D0B8F1010F03D023789B077FF46EAF644B8B
S2140286E0B3F86830B3420DD1624A634BB2F9001058
S2140286F093F90030002900F0A58001EB0313A3EBE9
S214028700211313804FF0010AA5F11003DBB20A937E
S2140287108DF8453010224846BDF84610CDF800A028
S2140287200DF145030AF015F800283FF446AF089B02
S21402873013F00203099300F00981504B1B78002BBB
S2140287403FF43BAFBDF8469048460FF05BFE002371
S21402875007904846CDE917331993ADF868300DF007
S21402876097FE079B039003F10E01484689B20FF06D
S2140287701CFE002870D000234946079A009317A8CB
S2140287800E2312F065F950460DF15D010CF02AFD3C
S2140287909DF869300B9004939DF85C30282B5BD1D2
S2140287A00DF16100FBF7AAFD0F90002854D1049842
S2140287B00FF00CFA0F9B002866D1314B049A1B78F7
S2140287C0D31A1C0648D404F059F950453CD111F08E
S2140287D061FF2C4E0546346824B104F055F92C1B73
S2140287E0844239D30023FF2219461846FDF75EFA63
S2140287F0356031E04FF6FD76FBE64FF6FF70301A35
S21402880018BF012000223146400011F0F1FF0C2D66
S2140288100DD12146012001F07DF800283FF4CDAEAF
S214028820214600201DB0BDE8F04FFDF7D3BF2DB99D
S21402883020461DB0BDE8F04FFEF79CBA042D7FF42B
S214028840BCAEE5E61B025CE704F018F9022803D189
S21402885004F0F6F80028BAD000221920039911F085
S214028860C7FFAAE6AE60002056610020565A0020D6
S214028870285400202A5A002053610020AA600020B3
S214028880A96000203855002010214846079ACDF8E6
S21402889000A00EF0EBFF0028DED0BB4B049A1B783C
S2140288A0934240F0AA8003990DF1610214A811F0D8
S2140288B073FD012114A8FBF7F5FA824648F203017C
S2140288C014A8FBF763FBBAF1000F03D0082114A823
S2140288D00CF02BFC48460FF0B3FD03990DF1610036
S2140288E0FCF72AFCFE288246B6D0FF280AD1039857
S2140288F012F092F8FF28824600F087800DF161019F
S214028900FCF7F4FAA04B049A1B78934200F0A3807B
S21402891050460B99FCF7F6FB00283FF44EAE504645
S2140289200B99FCF701FC237898070FD148460FF005
S21402893069FD0146484606F0DDFA00F0030001280C
S21402894004D103980DF16101EFF7C2FFBDF84600AE
S2140289500DF041FD010440F18580204611F07FFFB5
S21402896040F4007189B2204611F07BFF00224FF4DA
S2140289700041BDF846000DF01FFDDDF814900123FE
S21402898010220093BDF846100E980DF1450309F02B
S214028990E0FE00283FF411AE032866D1204611F00F
S2140289A05EFF40F4007189B2204611F05AFF30464D
S2140289B012F04CF8002840F0B680DDF81490B8F1BA
S2140289C0010F40F0B6800320BDF8461000F0A2FF6B
S2140289D0002840F0AE802946BDF8460006F08AFA26
S2140289E00F2801467FF6E9AD4FF6F7739F423FF632
S2140289F0E4AD30460EF057FBDFE55046049903F02F
S214028A0085FA00287FF44FAF26E7237803F00303A6
S214028A10012B08D148460FF0F5FC0146484606F001
S214028A2069FA082892D0594B1A78594B1B789A4201
S214028A3009D20DF161010398FCF70CFA039811F0C4
S214028A40EBFF82465EE7A01C11F009FF4FF6F773B4
S214028A509842EED900E75046FCF7CEFB00283FF4DA
S214028A6057AF5CE74FF0000989E7304611F0EEFF9A
S214028A700028A4D0099B002B57D1B9F1000F52D180
S214028A80B8F1010FBDF846009DD0294606F032FA2D
S214028A908246DFF8089199F80030002B54D00DF08A
S214028AA025FF87427FF489ADB8F1010F7ED1BAF176
S214028AB0070F75D8BAF1050F7FF67FAD354B1B78D9
S214028AC0022B02D0043B012B03D899F80030002B6E
S214028AD041D00C9B9A0640F1B4800D9B002B40F0CF
S214028AE0AC80304611F0A9FFFF2840F0A6805E4514
S214028AF07FF463AD069B002B00F09D8012AB46F21E
S214028B0004020124ADF85C2001932146022330467C
S214028B10009417AA0FF052FC00283FF44EAD2146EF
S214028B200DF0D6FF49E5DDF8149030460FF00CFA4A
S214028B3045E72946BDF8460006F0DCF9099B824661
S214028B4013B9B9F1000FA4D0124B1B78022B02D036
S214028B50043B012BBDD8304600F0E4FA81460028DB
S214028B607FF42BAD0DF0C2FE864225D10A4BB3F838
S214028B7068400DF0BBFE4B4601460D222046CDF85E
S214028B8000900EF0F1FB18E5A9600020A860002016
S214028B909E6A0020AE60002028540020AA600020B2
S214028BA0AAF10E03DBB2012B88D906E50AF003030D
S214028BB0012B7FF402AD81E7304611F047FF58B92A
S214028BC00DF0B1FE4FF6FF73984205D011F052FC3D
S214028BD010B93046FCF7E4F8304611F037FF88B19A
S214028BE00DF0A1FE4FF6FF7398420BD011F042FC37
S214028BF040B9B8F1010F02D1BAF1060F02D03046E1
S214028C000FF0A1F9069BA3B91946012258460EF0A9
S214028C1013FB814600287FF4D0AC20460FF02FFCD1
S214028C204A46014638460EF007FB00283FF451AF8D
S214028C30C3E412A9E9E7069B61E7637823F0200301
S214028C4063704FF6FC739F423FF4B7AC4FF6FD736A
S214028C509F4204D1B34B1B78042B3FF4AEACA379EE
S214028C600BB1013BA37163785B0727D500235846F7
S214028C7017AA14A917930FF047F91798F0B10FF037
S214028C803CF98146384611F0D8FE179A0146137908
S214028C9003F03000102806D003F00C0008281CBF92
S214028CA023F00C031371137903F03303202B05D141
S214028CB0FF2903D0012248460FF02EF9304611F064
S214028CC0BCFEFF281EBF0022974B43F82020089BBD
S214028CD003F001094FF6F7739F4200F2F980B9F1EB
S214028CE0000F40F00181314658460EF06FF90DF044
S214028CF0FDFD874200F0C680384611F0A7FE002828
S214028D0041D0B8F1010F27D1BAF1010F17D14A4667
S214028D102946BDF846000FF002F9384611F096FED5
S214028D20824B1B78002B72D1584611F08FFE00281A
S214028D3066D1384611F08AFE002861D13DE43846F5
S214028D4011F084FE50B3BAF1030F27D12946BDF8BD
S214028D5046000EF041FB30E4384611F077FE384606
S214028D600FF00AF9002847D0002339465846BDF8C6
S214028D70462001F061F900283ED00021BDF84600E9
S214028D80FEF7C6FE19E4384611F060FE18B1B8F1D7
S214028D90010FD8D0E3E7B8F1010FE0D1634B1B789F
S214028DA0002BC1D0BAF1050F31D10DF09FFD8DF821
S214028DB05C000DF09BFD000A8DF85D000123022287
S214028DC017A90DF14600FAF775FD00287FF4F5ABFA
S214028DD0691C89B2BDF8460006F07AF803780133BA
S214028DE003706378590715D40DF080FD834522D0B1
S214028DF0002239461C2032E54C4B1B78002B93D0C0
S214028E00B8F1010FCED063785A0714D502E0637822
S214028E10580718D5BDF8464020460FF0B5FA411C53
S214028E2089B2204606F054F80378B8F1010F03F130
S214028E30FF33037004D0BDF84600FEF78DFF09E04D
S214028E40BAF1050FD0D0BDF84600FEF785FFBAF19D
S214028E50030FCDD00228CBD10021584617AA0FF017
S214028E6056F830B10379468003F03C0343F04003E2
S214028E70037100232E4A00933946584612780EF0A4
S214028E8073FAB5E7B8F1010F7FF477AF0AF1FF3353
S214028E900C2B00F2868001A252F823F0FD8E02000F
S214028EA0FD8E02004D8D0200138F0200358F0200E8
S214028EB0BB850200598F0200698F0200758F02007F
S214028EC0758F0200BB8502008B8F0200978F02000F
S214028ED0B8F1010F71D0B9F1000F08D1BDF8460004
S214028EE0FEF7AEFFFFF769BBB8F1010FCED0237ACB
S214028EF003F00303012B7FF460ABEFE7AAF1020352
S214028F005A422946BDF846005A410FF008F8FFF7C4
S214028F1054BB2A465846BDF84610FEF71FFCFFF71C
S214028F204CBB00BFAF600020F0440020A26A0020C5
S214028F30C56A0020691CBDF8460089B205F0DAFF52
S214028F400235EDB20246BDF846305846009512A9E3
S214028F5006F0D4FDFFF731BB01200A9ABDF8461091
S214028F60FDF71AFBFFF729BBBDF846000EF0DDFF42
S214028F70FFF723BBBDF84600FEF732FDFFF71DBB29
S214028F80BDF84600FEF72CFDA8E7BDF84600FEF742
S214028F900BFAFFF712BBBDF846000CF0FBF8FFF722
S214028FA00CBB2B4622465046BDF846100CF0C8F8BD
S214028FB000287FF402AB51461BE50AF1FF330C2B67
S214028FC03FF6FBAA01A252F823F000BFFD8E020074
S214028FD0FD8E02004D8D0200138F0200358F0200B7
S214028FE0BB850200598F0200698F0200818F020042
S214028FF0818F0200BB8502008B8F0200978F0200D2
S21402900010B5002111480DF044FB0446E8B10DF0FE
S21402901068FA0F4B187020460DF068FA0D4B187060
S21402902020460DF069FA0C4B187020460DF069FACE
S2140290300A4B1860012011F031FB2046FFF758FA60
S214029040BDE81040002011F029BB10BD085A0020D0
S21402905054610020536100205261002030550020E8
S21402906070B5144E044633680D46BBB10DF0BDF91B
S2140290700C2813D120460DF0A8FA09220021044636
S21402908010F00EFF235C042B08D10B4C25B10B4BC2
S21402909022781B789A4203D300232370002070BDE7
S2140290A00748316811F0A8F82378012001332370AD
S2140290B0F5E700BF3455002055610020C46A002041
S2140290C068690020014B93F9010070472A5A002074
S2140290D0014BB3F8680070472854002070B500248E
S2140290E00D4D2C70EFF706FAE6B2B04208D8002211
S2140290F00A4B1A700A4B198801B11A80012070BDFA
S214029100304611F0A0FCC30748BF2B7804F10104D7
S21402911044BF01332B70E5E7A7600020A060002063
S214029120DC59002038B50B4B05461B7873B101336A
S2140291305C08094B188810F073FF002330F81320E0
S214029140AA4205D00133DAB2A242F7D3002038BDD4
S2140291500120FCE7A0600020DC59002030B505465F
S21402916085B008460C4611F06AFCFF280CD00EF0BB
S21402917018F8012200210346CDE901120092214689
S2140291802A460720FCF7F6FB284611F056FCFF2875
S21402919004460FD011F057FCC2070DD5204611F039
S2140291A052FC830708D40B4A32F8143043F4806327
S2140291B022F8143005B030BD0DF0F3FF0122002175
S2140291C00346CDE90112009207202A46FCF7D2FB9D
S2140291D0F0E700BFD85900204FF6FA72431E9BB242
S2140291E0934270B504462AD8FFF79CFF38BB194B4A
S2140291F01B78042B23D0204611F00EFCFF2801D04A
S214029200FBF7FEFC20460EF07AFE08B10EF071FE69
S2140292102046114E03F0ACFE20460BF032FB3178AE
S2140292200E4D69B1288810F0FBFE054601461E2247
S2140292300230F2F70BFA2C8033781E2B07D970BD5A
S214029240202010F061FF28800028EBD1F7E70233D8
S2140292503370F4E7AF600020A0600020DC590020E5
S214029260044A13782BB1013BDBB213700BB9024AE6
S21402927013807047A0600020DC5900200148FAF7EE
S214029280D5B800BFDC5900202DE9F04780461746C6
S2140292900D468CB061B903AE00211B4811F043FBAA
S2140292A04FF000090446DFF860A01CB920461DE016
S2140292B00E46F1E70022214624233046CDF80090E0
S2140292C011F0C6FB082241463046F2F7B9FCA8B9AF
S2140292D0337C9BB96FB945B92A4621460A480DF038
S2140292E0F7F90A4A1388013B138001200CB0BDE847
S2140292F0F0873B88B28953405B06ECD52146504640
S21402930011F035FB0446D0E73E5A00203C5A0020B6
S214029310024B1888003818BF012070473C5A0020BC
S2140293202DE9F04330488DB0FAF770FB11F0B2F930
S2140293302E4D2B68C41A4FF47A73B4FBF3F4A4B21E
S21402934014B111F0A7F92860294F4FF6FF763B8833
S214029350DFF8A080ADF80A3000233B8000210DF133
S2140293600A000DF096F9054658B9224B1B882BB118
S2140293704FF47A711C48714310F03EFF0DB0BDE801
S214029380F0834FF0000924234A462946CDF8009080
S21402939003A811F05DFBBDF81A30A34294BFDB1A96
S2140293A01B1B9BB2ADF81A3063B9BDF818301B060A
S2140293B002D508980BF0D2FCB8F80030013BA8F8AA
S2140293C00030CBE79E4228BF1E4601234A46294666
S2140293D0009303A8242311F03BFB4A46294638464D
S2140293E011F0A7FABAE700BFD44500203C5500208A
S2140293F03E5A00203C5A0020F0B504462E4A8DB054
S2140294001068516801AB03C3A378012B4FD1162213
S21402941000210DF11A00F2F7C7F8D4F82110D4F89B
S2140294201D0003AB03C32388190644BF6268089273
S214029430DA050BD5221D08AE04F11407354610686E
S2140294405168083203C5BA422E46F7D1ADF8183035
S21402945013F0040318BFA3690593EFF763F800231C
S214029460ADF81A00082201A903A88DF81C30F2F7FD
S214029470E7FB18B106A903A80EF02EF90022242154
S21402948003A80DF0BDF8044698B10020FFF748FF88
S21402949000222146094811F04CFA094A0020138896
S2140294A001331380FFF73CFF00200DB0F0BD022011
S2140294B0FBE71920F9E700BFC5D103003E5A00209A
S2140294C03C5A0020F7B5044600200E46FFF728FF58
S2140294D0104B1B88A34202D8212003B0F0BD002106
S2140294E00D4811F020FA002501460B4F0029F3D053
S2140294F0A54208D10024242322463046009411F0C7
S214029500A7FA2046E9E7384611F031FA0135014656
S214029510ECE700BF3C5A00203E5A00200148F9F70B
S21402952085BF00BF3E5A0020014B1888704700BF17
S2140295303C5A002070B50C4611460E4A2378127823
S214029540064613F0200542EA0302227018BF611D88
S2140295500822F2F77BF8002D0CBF05200D20D4F868
S2140295600130B3602378337303F01803082B08BF67
S214029570013070BDAA600020042307B501200DEB60
S2140295800301054AFAF7BCFA019B044A1B0313605F
S21402959003B05DF804FB00BF63E5110098460020A7
S2140295A010B5064C2368C3F30B0313B90448E3F75C
S2140295B033FC2068431C236010BD00BF9846002081
S2140295C063E51100014B1868704700BF98460020FB
S2140295D007B50020054B064A186004230DEB03016D
S2140295E00190FAF78DFA03B05DF804FB9846002066
S2140295F063E511007FB511230A4A012001A9FAF793
S2140296007FFA094B9DF814201A70084B1B780BB191
S214029610052B05D10BF001F9012007B05DF804FB1C
S2140296200020FAE779EB0100A9600020AA6000207A
S2140296302DE9F04F0646CBB0884600880121174632
S21402964010F026FD2E4B3A463188ADF8160006A8D5
S2140296500EF0E1F80DF1280B5A464146C41930883F
S2140296600EF063F8E4B208EB0003A34208BF044618
S21402967005464FF004091CBFA4EB0804E4B22346D7
S2140296805A460121CDE900090BEB050ACDF808B0D0
S2140296902D1B06A8EFF776FBEDB20BEB0403009347
S2140296A0019523465A46414630880EF06CF83488B7
S2140296B03946204605F01EFC394600F0F8022046E0
S2140296C005F02CFC0121308810F0E2FC01234A460A
S2140296D0514680B10DF11600FAF7ECF80121044666
S2140296E0BDF81620308810F0E7FCB4FA84F0400982
S2140296F04BB0BDE8F08F3046FAF7DCF80446F4E7E4
S214029700316100202DE9F04FC9B0044688469246E2
S214029710C118224A04A81F46FFF70CFF4FF004099F
S214029720C519EDB208AB0293A5EB0A0BA8EB0A0328
S2140297305FFA8BFBA8EB0506DBB2F6B204EB0A0275
S214029740009301215B46CDF8049004A8EFF71AFBBC
S21402975006F590730DEB03025A44A2F58072136865
S21402976008A844F80830E35D324623F00703E355C1
S2140297702C442146F2F7A8F808ABCDE9019308AAD3
S21402978000230121009604A8EFF7FCFA3246204691
S21402979008A9F2F799F849B0BDE8F08F31610020C8
S2140297A0F8B506460EF004FF811C054689B230461F
S2140297B00EF0FBFDF0B1EDB12946304605F09AFBFE
S2140297C01228074616D80C4B691C1C5C89B2304618
S2140297D005F090FB2C44052FE4B205D1052809D8E4
S2140297E0064B1B5C1C44E4B221463046BDE8F840FA
S2140297F00EF0DBBD0020F8BD1A9604001496040095
S214029800F8B505460EF0FEFD044628460CF0DDFED1
S214029810A11C074689B228460EF0C7FD00283ED096
S214029820002C3CD02146284605F064FB0646611C07
S214029830284689B205F05EFB0F2E30D8194B9B5D89
S214029840E118731E89B2092B0ED8DFE803F009056A
S2140298500D0D120D0D181E1EC40644BF083189B226
S214029860820601D5083189B22846BDE8F8400EF0D6
S2140298709CBD7B78DB0612D501EB4001F3E700F0D6
S2140298801F0000EB40000144EDE71F2805D8092E13
S2140298900ABF4000022080B2F5E7C828E4D00020C4
S2140298A0F8BD00BF2D960400F8B506460CF08DFEF6
S2140298B009220021054610F0F3FA00F110042846AA
S2140298C010F0CDFFE4B207462146304605F012FB03
S2140298D00546304610F0C0FBBA05A0EB0403DBB227
S2140298E00AD47C2D0AD0082D0AD8064A505D984222
S2140298F08CBF00200120F8BD1220F8E70320F6E70F
S214029900FF20F4E73E960400014B1878704700BF2C
S214029910C66A002038B5114B04461B7808469BB928
S214029920012038BDA24205F101050FD103EBC103A8
S2140299305B6898470028F3D11E2022464FF6FF7137
S21402994010F056FF0020ECE70025054BE9B213F8AD
S2140299503120002AE6D11446EEE700BFC66A002090
S214029960E49504004FF6FF7307B502220DF10601D7
S2140299700348ADF80630E3F78BFA03B05DF804FB54
S214029980603202E0002307B5ADF80430134B98426C
S21402999021D10B88DA0703D5232003B05DF804FB38
S2140299A09B0748BF4FF47F434FF002020C480DF16D
S2140299B0060148BFADF80430E3F73EFA4FF6FF73F0
S2140299C0BDF806209A42E7D10222054801A9E3F72C
S2140299D05FFA0020E1E72120DFE700BF1FD1BACA05
S2140299E0603202E0002313B50222038004460DF122
S2140299F006010F48E3F720FA2D2801D0112805D1D9
S214029A004FF6FF73ADF80630FFF7ACFF9DF8063051
S214029A10BDF806201BB1238843F0010323800020F3
S214029A20FF2A82BF238843F00203238002B010BDC0
S214029A30603202E0034B1B78002B14BF44205620F2
S214029A400E307047AA6000202DE9F04F8DB0179CAB
S214029A5006468946CDE90223BDF85870D588ADF88A
S214029A6016103CB9EC0605D500970BF007F80DB0BA
S214029A70BDE8F08FC5F380242B054FEA043448BFB7
S214029A8044F40064A80511D544F080040A2E00F2BE
S214029A906981DFE816F09A002F0017003700670189
S214029AA06701370010009A0037009E00E90548BF9C
S214029AB044F04004EAE74FF001084FF0020B4FF083
S214029AC0000A14E008A95FFA89F00EF0E0F8DDF863
S214029AD02500DDF8291006AB03C3A44B33F8193072
S214029AE0ADF816304FF00008C3460DF1180A002FE5
S214029AF05DD125E006AA0DF116015FFA89F003F0A2
S214029B0017FAEFE74FF6F773994540F22B8115F4F3
S214029B10026F40F02781964B1B78022B03D0043B42
S214029B20012B00F2218147BB032E4FF001080CBF28
S214029B304FF00C0B4FF0080BBA4624F4C074A4B2D4
S214029B408C4B18884FF6FF73984206D08A49FAF76C
S214029B5067FB10B124F48054A4B2039B38460093EA
S214029B60BDF81620534644F4027105F0EBF9ADF841
S214029B702000002838D1192079E7384610F06CFA10
S214029B800246FFF757FF032E08BF0138824201DD67
S214029B9038206CE7032E4FF001080CBF4FF00C0B79
S214029BA04FF0080B4FF0000A24F4C074A4B2029BD4
S214029BB01B889BB91A4639460620009308F0ECFD2E
S214029BC00028BDD140F6014051E74FF00008C346D9
S214029BD075E74FF001084FF0030B70E70023394694
S214029BE01A4607200093E9E74FF6FF73614A118889
S214029BF099421CD00CF0E9FC03465E4A04301188F8
S214029C00039310F02EFE5D49039B097814F4805FDF
S214029C10D9715949574A1FBF086898604868D86082
S214029C204FF6FF7313804FF0FF330B604B605946BD
S214029C30029A08A805F03AFA00289CD0504C2378DD
S214029C40002B3CD1A7B1384610F006FA0746BDF8FD
S214029C50200010F001FA23780744002B14BF1222CA
S214029C600022EB1003F0040317443B44842B8FDCE2
S214029C7015F400570AD0BDF8204020460CF0ABFB86
S214029C8040F4806189B220460CF090FBA6F10803EE
S214029C90012B05D801221021BDF820000CF08CFB08
S214029CA0179BBDF8204043B32046BDF816100CF0B3
S214029CB0D6FBBDF82030179A00201380D7E6AA06F6
S214029CC0C0D56B0103F020030A2E14BF43F0010334
S214029CD063F07E03DBB2B8F1000F08D000215246D3
S214029CE0009108A800F082FE0028ABD0BFE61A4614
S214029CF0514608A80DF0BAFEF6E720460EF082FBA3
S214029D00179B024621460420009308F045FD0028D2
S214029D103FF458AF0A2E18D84FF4D963F340DB0746
S214029D2013D5072E0AD00A2E08D0BDF820000DF053
S214029D305DF980F00100C0B2800098E608A80BF03A
S214029D400CFA0028F1D0042091E617B125F0400560
S214029D50ADB22B463146BDF820005FFA89F201F01B
S214029D607DFE84E6012082E6162080E60C5900205D
S214029D70AE6000204C6A0020C76A002061610020A5
S214029D80AA600020F7B50F469DF828100446DDE9C4
S214029D900B061D46F1B94FF6FF739C421CBF174BCC
S214029DA01C804FF000041CBF154B1A70BDF824002F
S214029DB005F012FA00232A46CDE90043394606206A
S214029DC09DF82030FFF740FE10B90EB1AB7A337023
S214029DD003B0F0BD78B14FF6FF739C421FBF074B2E
S214029DE01C80074B1A7000220CF00AFC044600285E
S214029DF0DCD11920ECE72120EAE700BF4C6A0020FC
S214029E00616100202DE9F04788469DF82810074634
S214029E1016461D469DF820A0BDF824900B9839B131
S214029E2058B300220CF0ECFB044610B9192025E0CA
S214029E300C464FF6FF739D421FBF114B1D80114B00
S214029E4083F800A04FF6F7739E4208D80E4B4FF6E3
S214029E50FD761A784FF6FF73002A18BF1E4648464C
S214029E6005F0BAF900233A46CDE90843314643469F
S214029E70BDE8F0470320FFF7E7BD2120BDE8F087E5
S214029E804C6A0020616100206B6000202DE9F047DB
S214029E9086B09DF838600546DDE90FA80C461746E1
S214029EA09946B6BB374B1B78022B1DD125BB4FF606
S214029EB0F7739C4214D80026484605F08DF9002315
S214029EC03A46CDE900632146FF232846FFF7BCFD4C
S214029ED038B9B8F1000F04D0BB7A88F8003000E039
S214029EE0012006B0BDE8F087043B012BDED9084608
S214029EF00BF030F910B31DB3022D31D1EEF7F4FAA0
S214029F00A042EDD9204B33F814204FF6FD739A4247
S214029F1019E0BAF1000F32D01A4B1B78022B05D18A
S214029F20FFF788FDB042E6D23820DAE7043B012B81
S214029F30F6D908460BF00EF90028F1D11620D0E724
S214029F404FF6F7739C42CBD8002EB4D0314600228F
S214029F5050460CF055FB06460028ADD11920C0E746
S214029F60012DBDD104AA0DF10E01E0B202F0E0FF10
S214029F70064B1B78A342B3D9BDF80E20C5E72120B5
S214029F80AFE700BFAE6000200C590020986A0020A0
S214029F9030B5104B87B005460C461868596803AAB8
S214029FA003C298680C4910609A88DB8852BA23F07C
S214029FB04003ADF812300023CDE90043ADF810207F
S214029FC0FF23098803AA0720ADF80E50FFF73CFDD1
S214029FD007B030BD4A5A0020565A002038B50C4603
S214029FE01146124A124D108022682A6062686A6020
S214029FF0A268AA60E288500616D5EA88520613D5E9
S21402A00061B1002218460CF0FBFA014650B1608896
S21402A010FFF7BEFF0522074B1A7038BD08460EF042
S21402A02032F9F2E71920F5E70220F6E7565A002041
S21402A0304A5A0020716100202DE9F04F074689B088
S21402A040104615461C468A460EF0DCF9014628469E
S21402A05004F050FF064628460CF0B7FA043010F01B
S21402A060FEFB80460CF042FC804550D0B2074ED133
S21402A070DFF8AC80284605A9B8F800B00EF0A9FAB9
S21402A0809DF81930A8F8007003BBBDF81430EBB980
S21402A09028460CF09AFA023010F0E1FB4FF6F773FE
S21402A0A0984294BF4FF000094FF001090123013492
S21402A0B0E4B22A463846CDF8009005A9039303F089
S21402A0C001FC039B40B901339C421ED20020A8F833
S21402A0D000B009B0BDE8F08F022CF8D1012BF6D102
S21402A0E00C4A0D4BA3F800A01378591C11700B4AAA
S21402A0F07F3B16F00C01137007D1BDF81A305B06D1
S21402A10003D5BDF81600FFF743FF0223D1E7002070
S21402A110DFE700BFAC6000204C6A002061610020CF
S21402A120565A00202DE9F04FABB00F46ADF81E0090
S21402A1300CF04BFA00F1020A0646504610F08FFB6E
S21402A140BDF81E40054620460EF05CF90146204644
S21402A15004F0D0FE814600F00308301D10F07FFBAD
S21402A160414C20800CF0C2FBA8422DD04FF6F7736C
S21402A1709D4229D87378DA0726D428460DF0FCFECD
S21402A18030B101232946BDF81E202088FFF754FF70
S21402A1900CF0ACFB344B1B8883420FD1BDF81E403B
S21402A1A020460EF02FF90146204604F0A3FE10F0DA
S21402A1B00C0103D1BDF81E0001F00EFD00222B4B50
S21402A1C01A602BB0BDE8F08F2949BDF81E000EF0CC
S21402A1D000FA2849BDF81E000EF05EF90028254B4D
S21402A1E008BF0023214ABDF81E0013600CF079F95F
S21402A1F0214B1870BDF81E000CF078F91F4B187032
S21402A200BDF81E000CF07DF91D4B186000238DF87A
S21402A2102230002F3AD0164BDB889B0636D5194BD8
S21402A2201B689D071ED4B8F1010F14BF082318231C
S21402A2300DF12202009200220DF11E00114600F0DE
S21402A240D5FB18B3B8F1010FA2D10F4B1B78112B17
S21402A2509ED10DF0AAFC00289AD140F61D40FBF7CD
S21402A2600FFB95E70823E3E7565A002044550020E3
S21402A2704A5A002059610020546100205361002090
S21402A28030550020A8460020AE600020504610F050
S21402A290E6FA8246BDF81E000FF0DEFEA0F11005BB
S21402A2A0EDB22A4631460AA8F1F70EFBFF238DF8D7
S21402A2B02F304FF6F7739A4540F2DF80B8F1010F60
S21402A2C000F0E780B8F1020F00F04681B8F1000F07
S21402A2D07FF45EAFA44DBDF81E00EB88ADF82400F7
S21402A2E004930CF072F9BDF82460074630460EF06F
S21402A2F089F80146304604F0FDFD8DF82300B81CAF
S21402A3007E7810F0ACFA07460CF0F0FA06F001067A
S21402A310B4F8009003906C88002E7FF439AF4FF6A5
S21402A320F77A4246494657458CBF0620082010F069
S21402A3305FFABDF824B058460EF064F85946024655
S21402A34043460420CDF8008008F003FA57458346BA
S21402A3500AD8B5F90620EB88002A05DB580603D58D
S21402A36041462046FFF714FEBBF1000F3FF410AF44
S21402A3702B88002B5AD16B79002B57D14FF6F773E7
S21402A3800DF126019F42BDF8240094BF4FF0000B4A
S21402A3904FF0010B0DF0DAFCDFF8D8A100F1FF3820
S21402A3A0BAF800301FFA88F10593EB88BDF826004C
S21402A3B0069304F09FFD069B0499019000932246A3
S21402A3C05B460598C1F340110AF0D1FE00283FF41F
S21402A3D0DFAE042306200093BDF82610624B5FFA18
S21402A3E088F208F0B6F900283FF4D2AE48F202032B
S21402A3F06A889A4205D1BDF82410BAF8000000F027
S21402A40025FF594D09AA29460DF123000AF0ADFE93
S21402A410034600287FF4BCAE2104BAF80000BDF85B
S21402A420242060D5234629460DF0A5FC9DF823304E
S21402A4304D4D03F00C030C2B75D128890DF066FCEC
S21402A44000283FF4A5AE039B002029894B4514BF84
S21402A4500226032602F044FC444B18704FF6F773AC
S21402A4609F42BDF8240075D8A4F1380253425341E6
S21402A47032463D4904F036F88AE6B8F1020F6BD050
S21402A480394BB3F90630002B26DAB8F1010F7FF408
S21402A4901DAF0CF02BFA238883423FF479AE0520D9
S21402A4A0BDF81E10FFF736FA00283FF471AE2E4AAA
S21402A4B0D3885B0607D50023CDE900330A20FF23A5
S21402A4C02188FFF7C1FA3A469DF822302188BDF866
S21402A4D01E0002F01DF85BE629460AA800F070F896
S21402A4E00028D2D054E60221DFF88C8088F80010CB
S21402A4F02946CDF800B003F0E5F9132C96D0EB8888
S21402A5005D0493D41A4B1B78D80703D598F800201D
S21402A510022A8BD099077FF53BAE98F80030012BC4
S21402A5207FF436AE82E700222B79124800936B79CD
S21402A5301146008802F0FCFB0C4B18709DF8233085
S21402A54003F00C03082B89D1039B4B4514BF04264A
S21402A550052683E701238BE74846BDF81E200249FD
S21402A56001F0AEFA14E600BF4A5A002070610020DD
S21402A5706F600020565A00206261002010B500214C
S21402A58008480CF086F8044650B101460420FFF74E
S21402A590C1F928B12046BDE810400121FFF7C2BD2F
S21402A5A010BD00BF3A5A0020034BFF211A78034819
S21402A5B09200F0F7F9BF00BF996A002060430020BE
S21402A5C070B5451804464FF0FF31AC4212D1104B1D
S21402A5D010481A7805460023934211DB0E4C207869
S21402A5E0431CB3FBF2F602FB163345F82010237029
S21402A5F000200CE014F8010BE1F79EFD0146E4E7AB
S21402A60050F8044BA14201D00133E5E7012070BDAA
S21402A610996A00206043002063610020042307B586
S21402A62001200DEB0301054AF9F76AFA019B044A79
S21402A6301B03136003B05DF804FB00BF23E11100A7
S21402A64040550020014B1868704700BF4055002057
S21402A650014B1868704700BF4055002010B5064CE5
S21402A6602368C3F30B0313B90448E2F7D5FB20684B
S21402A670431C236010BD00BF4055002023E111009B
S21402A6802DE9F04F93B003930023DDE91C7906937E
S21402A69099F8003083460DA804930E4615460AF034
S21402A6A0F4F999F8003013F003043ED0039B0DF141
S21402A6B0250A8DF824300022082138460CF0A4F82A
S21402A6C0002870D028880BF080FF99F800301C070D
S21402A6D04CBF0430023010F0C2F807A98046F9F7E2
S21402A6E09FFB9DF824300446980633D5288806F149
S21402A6F00D010DF05AFEA8B1002300933846082338
S21402A7002988721D10F0A4F999F8003003F0180396
S21402A710182B4AD1B8F1000F47D0A94BB3F86830CE
S21402A720434542D040F60A4327E02888711D0DF0C3
S21402A7303CFE0028F6D0009405233246298809A854
S21402A74010F086F99DF824300DF1240A03F0180360
S21402A7500393B0E714BB39464046F9F761FD00287B
S21402A760D2D099F800309907DCD040232246214601
S21402A77040460DF0A7FB40F6094399F8002012F078
S21402A780030440F0F780288803930BF081FE2246EC
S21402A79001461A2010F02CF8039BEBE007AB03CB24
S21402A7A038607960B0E74FF6FF780AF0C3FC0446DB
S21402A7B020B104213846F9F74FFB04461E9B002BB6
S21402A7C05AD009231E990DA88DF834300AF0D7FA0C
S21402A7D0209B0BB1209B0693039B002B40F08E80A0
S21402A7E00DA8EEF731FB99F800309A0700F0988032
S21402A7F0FFF734FF5146024601200AF0E5FC99F8BD
S21402A80000309B0710D5594628880DF0A8FE0BF19C
S21402A810090350FA83F35FFA83FB594628880DF042
S21402A82075FE00EB0B06F6B299F8003013F0C20F75
S21402A8300AF104030DD09DF82420624942F020025A
S21402A8408DF824200A68CAF804204A685A600AF179
S21402A8500C03012209A800921B1A324629889BB2D1
S21402A86010F0F6F8324659462846FEF7E1FE002872
S21402A87000F0A48000237DE01F9B5BB19E460DF195
S21402A880340CBEE80F00ACE80F00DEF80030CCF85F
S21402A89000309DE7049B594603F020032888049362
S21402A8A004F028FB10F0030F0CBF012300230593CE
S21402A8B0049B059A003B18BF012342EA4303009318
S21402A8C00DAA06AB38461F9900F0FEFA049A034614
S21402A8D082B1002880D0059B0DAA0093384606ABAD
S21402A8E01F9900F0F1FA034699F8002022F02002A0
S21402A8F089F80020002B3FF46FAF3EE7039B102B36
S21402A90006D1BDF8363043F00103ADF8363067E7BE
S21402A910039B182B4FD1BDF8363043F00203F4E701
S21402A92001200DF125010AF05DFC99F800308246FF
S21402A93013F0040F288821D1069B1BB3002C35D0B8
S21402A9400BF0A6FD0022014616200FF051FF84B13F
S21402A9507FB14FF6FF7398450BD000230DA91A4618
S21402A96038460AF01DFB394640469DF835200AF067
S21402A970F7FB0123184613B0BDE8F08F002CDFD199
S21402A980104F01E0002CDBD10023324600935946DB
S21402A9903B460CF06BFF00283FF4C4AE002C3FF49D
S21402A9A069AF069A0AF10103136063E71B68534511
S21402A9B0C6D80124E8E740F60A43DBE71923D9E7BD
S21402A9C02854002031610020002307B5054A0648B6
S21402A9D0136004220DEB02010193E2F759FA03B069
S21402A9E05DF804FB4055002023E111002DE9F04FED
S21402A9F00446B1B000888DF82F3016468A460DF010
S21402AA0001FD0146814620880DF080FD00EB090815
S21402AA1020880DF0CDFD00239DF82F505FFA88F8B0
S21402AA2015F001070790ADF8363008D101460DF152
S21402AA30360220880DF073FC08B1ADF8367016B9F0
S21402AA40CDE90E660EAEFEF763FC18B145F02005A2
S21402AA508DF82F500023CDE9033302930DF12F0317
S21402AA60CDE900632246534641464846FFF708FEB4
S21402AA700546002800F043819DF82F3013F00107A9
S21402AA8046D1B44A23F02003106851688DF82F305F
S21402AA9010AB03C3184600F0FBF90546FEF744FD6B
S21402AAA0BBB2984200F2B7803A9B13B100233A9A9F
S21402AAB01370BDF83630CBB1012120880FF0E8FACA
S21402AAC027880546002800F04F81012138460FF0FE
S21402AAD0DFFABDF83670054638460FF0BDFA002399
S21402AAE000903A46194628460DF09CFB0023CDE915
S21402AAF0033302930DF12F03CDE90063224653463A
S21402AB0041464846FFF7BCFD0546002800F0F780A0
S21402AB109DF82F3003F01103102B40F003818E4B6B
S21402AB201B78432B40F0FE808C4B1B685B0640F183
S21402AB30F980208808F105010DF037FC83460028CD
S21402AB4000F0F0804146208804F0D4F9844B10F0DF
S21402AB50200F08BF1E4612A800F09AF908223146B6
S21402AB6012A8F1F76DF8002800F00E81314612A8FF
S21402AB700AF0BFFA012326AE00933246002314A938
S21402AB8012A800F0A1F9002840F0CC8012AB0DF11B
S21402AB902F07CDE9036002900093224653464146B2
S21402ABA048460197FFF76CFD002800F0EF80BDF8DD
S21402ABB09A30102043F0080318AA14A9ADF89A3068
S21402ABC00CF02BFD002840F0AD8012ABCDE90360FF
S21402ABD0CDE9017000932246534641464846FFF7A8
S21402ABE04FFD0546002840F09D8018AB4FF490714B
S21402ABF0002012AA00F0D4F84FF0005100200CF00A
S21402AC0089FFBBF1000F00F08C804FF080510020CE
S21402AC100CF080FF85E018AB14AA26A9F8B20AF059
S21402AC2014FA002840F09480082210A927A8F1F709
S21402AC3007F88346ADB19DF8A53013F0020F0893CE
S21402AC400FD0082212A927A8F0F7FAFF48B9089BE6
S21402AC50590706D53A9B13B101233A9A1370089501
S21402AC6007E03A9B002B61D1BBF1000F70D10023A5
S21402AC7008930DF1740C14AB0FCB8CE80F00BDF8E3
S21402AC803630CBB1012120880FF002FAB4F800B0BA
S21402AC9000284FD0012158460FF0FAF9BDF83620A9
S21402ACA08346104609920FF0D7F900231946099AEF
S21402ACB0009058460DF0B6FA2A4B0DF1740B049329
S21402ACC0002303930DF12F03CDE90063224653467A
S21402ACD041464846CDF808B0FFF7D2FC002837D1E7
S21402ACE0002D33D012AA5B464FF482714FF4005007
S21402ACF000F056F8089B13B126A809F0C1FF174BBF
S21402AD001B689A070DD4FEF703FB50B1114A18AB25
S21402AD101068516803C3002226A918A80CF0A0FCEC
S21402AD2068BB0025284631B0BDE8F08F00233A9A6A
S21402AD30137099E7BDF836200A90104609920FF074
S21402AD408BF9DDE9092307990090B2E72A46CAE79C
S21402AD500137A3E6C5D10300AE600020A846002056
S21402AD6092540020A4460020BDF836B058460FF094
S21402AD7073F92B4600905A4638460799B4E626A938
S21402AD8018A80CF0A9FCC6E78346F3E614AB2DE739
S21402AD9001461A230120014AF8F7B2BE24E1010057
S21402ADA0F0B5164691B0074609A80D461C46FFF7B1
S21402ADB0EFFF3EB1336845F04005CDF826307368A4
S21402ADC0CDF82A301B4B1A6822EA070242EA05012E
S21402ADD019604B040DD5BDF824200B0A03F4E24398
S21402ADE0C9B222F4E3420B4322F07F021343ADF8CA
S21402ADF024301A230020104A09A9F8F781FEB4B1BC
S21402AE0004A809F042FE02236A468DF81030154661
S21402AE10234604F11006144618685968083303C41A
S21402AE20B3422246F7D1294604A809F0A8FF11B07A
S21402AE30F0BD00BFA846002024E1010047F2FF1043
S21402AE40044B196841F48042014041F480411A6083
S21402AE500CF060BEA846002000B589B0FEF7CAFB1B
S21402AE6001A8FFF795FF0948BDF804200168130200
S21402AE7021F0FF0103F4E2030B43D2B2134343F47F
S21402AE808043036009B05DF804FB00BFA8460020BB
S21402AE9010B50C4B0446186888B0830706D54FF0E9
S21402AEA0FF3323600120636008B010BD10F040003D
S21402AEB0FAD001A8FFF76CFFDDF806302360DDF854
S21402AEC00A30EFE7A84600202DE9F04F99B08146F8
S21402AED00C461E4617469DF88880A2B1154628469F
S21402AEE009F0D3FD18F0020B0FD004B911AC6B4673
S21402AEF02246294648460AF086F80EB100233360F9
S21402AF0019B0BDE8F08F0CADE9E76B462946484616
S21402AF1004AA0AF045F86B7808F00108FF2B25D042
S21402AF2000287AD154B104AB08AF1A4603CABA4213
S21402AF3020606160134604F10804F6D126B16A78EF
S21402AF40374B03EB82033360B8F1000F01D10020C8
S21402AF50D6E7BDF80030D906F9D418204FF6FF71AF
S21402AF606A780FF045FC40F60E40C9E7DFF8B8A055
S21402AF70DAF800302EB19A0756BF2A4AC6F800B051
S21402AF80326003F03003102B01D0202B1ED111A803
S21402AF90FFF7FEFE082248460DF14601F0F750FE86
S21402AFA028B1DAF8003003F04403402B0ED0B8F193
S21402AFB0000F0ED108A80CF0B1FD02232B70C4B905
S21402AFC0002FC4D0281DFFF763FFC0E740F60A40F3
S21402AFD096E7DAF80030DB03ECD508A80CF09EFD05
S21402AFE002232B70BCB9002FB7D0281DFFF750FFE5
S21402AFF0B3E7002608AB0CAF1A4603CABA42206073
S21402B0006160134604F10804F6D1281DFFF740FFDD
S21402B010002E9CD0A1E70126ECE72D2070E700BFAA
S21402B020BC420020A4460020A846002049B9084B8E
S21402B030197849B14EF66023594328B105480FF0F6
S21402B040DBB841F28831F8E70248F8F7DFBC00BF08
S21402B0506D600020F445002070B586B00546F8F70E
S21402B060C3FD10B9022006B070BD01A8FFF710FF9D
S21402B07006460028F6D08DB92E4B1C6814F0020442
S21402B08006D02D4B1B78112BECD12C4BB3F8684015
S21402B0904FF481630221ADF80C3023E02846F9F71D
S21402B0A02DF90028DED1234B1C6814F0020406D0CA
S21402B0B0214B1B78112BD5D1204BB3F868400822C0
S21402B0C0294601A8F0F7BCFD0028E1D04FF4027330
S21402B0D000260A21ADF80C302B68CDF80E306B68CE
S21402B0E0CDF81230002203A80BF08AFA024608B9FD
S21402B0F01920B8E70F4B196801F03003102B17D050
S21402B100202B14BF01230323490001F004010B4343
S21402B1102046002100F0F4FF0028E9D0002101209B
S21402B120FFF784FF16B10122054B1A7000209AE73A
S21402B1300323E9E7A8460020AE600020285400203A
S21402B1405861002030B500251D4C85B0CDE900556C
S21402B150F8F75CFC23784BB31A491B480A78007848
S21402B160904223D90132012B0A700ED12A464FF49F
S21402B170A071284602F0BEFAC0B2B8B941F28831D0
S21402B18012480FF039F805B030BD022B09D1284617
S21402B19002A9F9F745F80028EED102A8FFF75CFFEE
S21402B1A0EAE7032B02D101F065F9E5E7002108463C
S21402B1B02170FFF73BFF0421684609F0D4FBE2E763
S21402B1C06461002065610020CF6A0020F4450020FB
S21402B1D070B5194A194D04465168106886B02E7823
S21402B1E001AB03C31EB10224204606B070BDF8F7B9
S21402B1F045FD0228F7D103A800F0E8FD082201A9C0
S21402B2000DF10E00F0F71CFDA0B10D4B32464FF4C7
S21402B210A07130461C7002F06DFA04460028E3D195
S21402B2200123084A41F2883107482B7013700EF04A
S21402B230E3FFD9E72324D7E747960400646100209A
S21402B240CF6A002065610020F4450020F0B50C4668
S21402B25000219BB02B4F0646492207A80691F0F71D
S21402B260A3F93B78012B34D19EBB0DF10E0120468B
S21402B2700CF06CFD0546BDF80E000EF0EDFE441B0C
S21402B280E4B2BDF80E1023462A46009606A80FF032
S21402B290DFFB304604A9F8F7C3FFD0B9CCB19DF85E
S21402B2A01920B2B9BDF8233003F47E43B3F5285F04
S21402B2B01ED3B3F5385F0ED31349BDF80E000B68E4
S21402B2C043F400030B60294609F02DFF18B104234E
S21402B2D03B701BB0F0BD01220C4B04A81A70FFF79E
S21402B2E0BBFE41F288310A480EF086FF0223EFE7E2
S21402B2F011463A70FFF79AFE1E2104A809F033FBA6
S21402B300E7E700BF64610020A846002065610020D0
S21402B310F4450020014B1870704700BF656100209D
S21402B320014B1878704700BF64610020014B18700B
S21402B330704700BF646100202DE9F04F0446408844
S21402B34091B00E298846ADF81A0074D094F8089089
S21402B350A7790BF03AF909A90546BDF81A00E6796D
S21402B3600DF037F9BDF81A000BF035F8430542BF69
S21402B370BDF82A3043F40053ADF82A30E379D806F4
S21402B38042BFBDF82A3043F48053ADF82A30BDF8E8
S21402B3902A30990613D5022F52D10CA9207A0CF026
S21402B3A076FCDDF83500DDF8391007AB03C307AAD3
S21402B3B00021042300910DF11A00FFF717FB01216B
S21402B3C0BDF81A000EF064FE022F824644D1454BA9
S21402B3D033F81950B8F1000F79D0BDF82A305A0662
S21402B3E075D54FF6FB72954271D83F4AB2F868207F
S21402B3F0AA426CD0DB0502D528460CF08EFDBDF8BD
S21402B4002A30D80463D5002F33D1BDF81A000AF0CB
S21402B410E2FFC10663D548F23403BDF826209A42FD
S21402B42009D1324E3078FF2805D003222946FCF790
S21402B4302BF9FF2333700023236011B0BDE8F08F91
S21402B440012F01BF237A2A4A03EB430302EB83034D
S21402B45014BF00229A1CABE7012F05D10C2303FB75
S21402B46009F3234AD55AB5E7A81C0FF0F8F90546A2
S21402B470B0E7284601F07CFDBDF81A000AF0ABFFE3
S21402B480C206C8D46389504605930EF0E5FD83468E
S21402B49050460EF0C5FD059B02905FFA8BF04A46B9
S21402B4A0394601900093404609AB09F0F4F9B8F129
S21402B4B0000F14BF0B20092016F0030218BF02F17A
S21402B4C0FF32294618BFD2B20FF092F9A3E7BDF8B1
S21402B4D01A000AF080FFC3069DD4002FD2D1A946D7
S21402B4E0D0E700BF0C59002028540020D36A002061
S21402B4F04C58002038B500240F4B104D2A78A24233
S21402B50005D8C2B9BDE838400D48F8F77FBA598861
S21402B51069B9013AD2B2A2422A70EFD0121B18467B
S21402B52003F110011201F0F791F80346E6E7013441
S21402B5301033E4B2E2E738BDC04200206861002062
S21402B5408869002070B51A4B1A4A1D780023DCB2AF
S21402B550A54200D870BD144666880133864202F1C1
S21402B5601002F4D1E379A588E16003F040028DB9B8
S21402B570CAB123F00403E3710BF027F8037803F053
S21402B5807F03037021880029E4D1BDE870400A4891
S21402B5900EF032BE00216580A180002AE9D1BDE806
S21402B5A07040FFF7A7BF2046FFF7C6FEF7E700BFCB
S21402B5B068610020C0420020886900202DE9F0471B
S21402B5C0044686B040880F4615460AF0FEFFA37969
S21402B5D08046082B52D8DFE803F0052E1851515149
S21402B5E05151050002300FF03AF9002D4ED069464F
S21402B5F0F8F716FE002841D1684601F063FDB0FA5E
S21402B60080F0400906B0BDE8F08702A9207A0CF067
S21402B6103EFB6B466E46DDF80D00DDF81110334A30
S21402B62003C3237A32F81390314AD05C75B131469F
S21402B6300CF051FBE6E7237A2E4903EB430301EBBA
S21402B640830231F82390907A961CEFE74FF6FB7A46
S21402B650D14515D930460CF088FC4FF6FF73984258
S21402B660054615D00146304601F09EFC554508D9E0
S21402B670E379DA060ED440F62243E3600020C1E7FF
S21402B6804D46294608F102000FF0EBF80120B9E713
S21402B6904D46EDE74FF6FC78454512D103F00C0314
S21402B6A00C2B1CD1DFB130464FF6FD7101F07CFC4D
S21402B6B040F61F412046E160FFF73EFEFFF71AFF05
S21402B6C0DCE74FF6FD739D4209D10023304619464A
S21402B6D01A4602F0DBF84146304601F065FCE37993
S21402B6E043F00C03E37140F62343C6E70C590020EF
S21402B6F0746000204C58002073B5044640880E46FD
S21402B7000AF063FF02300FF0AAF809F023FD18B121
S21402B710A11C201D09F023FDE6B1E5790135EDB245
S21402B720E57115F0400514D0ECF7D8FE0122054667
S21402B73000212046FFF742FF18B1394B1B882B44E5
S21402B7409DB2384B1B78042B01BF354B1B885B1907
S21402B7509DB22580002231462046FFF72FFF20B3F8
S21402B76060880AF032FFE2792F4922F00C03E37177
S21402B7700B7805460133DBB20B70C3712B4BA61C4C
S21402B7801B780BB3E37998061ED52949097871B15F
S21402B79059060CD592070AD50022042311463046D4
S21402B7A00092FFF723F910B1E06002B070BD0022EC
S21402B7B00123114630460092FFF718F920B1E379CB
S21402B7C043F00303E371EFE7304609F0C6FC0028B6
S21402B7D0EAD16088FCF7C0FA0328E6D8DFE800F072
S21402B7E0020D1D19E37943F00403E3711B06DCD551
S21402B7F0104B1A78104B1A70D7E740F62443E360D2
S21402B800E37943F00803E3712B7803F07F032B7090
S21402B810CBE740F62543E360C7E740F62643FAE760
S21402B820266A0020AF600020AC600020AA600020DC
S21402B830D06A002072600020676100202DE9F74F71
S21402B84006460EF022FF5F4B0546B3F800901880BE
S21402B8505D4BA0EB09041B78A4B2A34298BF002359
S21402B8604FF000084FF6FF7788BF1B1B564A88BF6B
S21402B870DBB21370DFF864B1A9EB00030093534BFD
S21402B8805FFA88F2197891420ED80EB1FFF732FEAF
S21402B8904FF6FF739F4200F08E8039464C4803B045
S21402B8A0BDE8F04F0EF0A8BCBBF80220002A3CD040
S21402B8B0484B9BF807201878BBF800A0042818D03D
S21402B8C00020BAF1000F08BFA2462044504523D2FA
S21402B8D0BBF80010009B1944ABF80010002E4ED0A7
S21402B8E002F04802482A4AD100215846FFF704FFD0
S21402B8F045E00192F8F704FC30F01003019ADFD11C
S21402B900FBF746FC344B019AB3F800C08445D7D9FE
S21402B910ACEB000080B2D4E702F00C00042807D19A
S21402B9200022ABF800200BF1100B08F10108A6E785
S21402B930510602F0030C02F008000ED528B3BCF143
S21402B940030F25D1DEB1DBF80C105846002908BFDC
S21402B9504FF44261FFF7F0FC11E040B3BCF1010F77
S21402B96025D11206EED44FF4C862ABF800209BF83D
S21402B970072022F0030242F002028BF80720BBF8EF
S21402B9800020974228BF1746CDE703208445D9D228
S21402B99013060ED50C4B1A780AEB0200844208DA1C
S21402B9A04A44521B0AEB0201ABF80010E7E70120FB
S21402B9B0ECE7012199E7064803B0BDE8F04FF8F737
S21402B9C025B800BF405A0020676100206861002049
S21402B9D088690020AF600020266A0020C04200204E
S21402B9E0F8B500250A4E0B4F3378ECB2A34204D8C2
S21402B9F0BDE8F8400848F7F719BD07EB0414A01C89
S21402BA00F7F714FD201DF7F711FD0135ECE700BF2F
S21402BA1068610020C0420020365A002070B500241B
S21402BA200B4D0C4E2B78A34208D81B1BDBB22B7097
S21402BA306BB9BDE870400848F7F7E8BF06EB04109C
S21402BA4040F621410134FFF777FCE4B2EAE770BD25
S21402BA5068610020C042002088690020F8B5154EB3
S21402BA60DFF858E035789EF800E0134FAE454FEA0F
S21402BA70051C07EB051419D0002503F4835343EA8B
S21402BA801323A1712272E371608027F80C50A580FF
S21402BA9003F0A8FB40F60243E3603378608101338B
S21402BAA028463370FFF7CAFE2846F8BD40F6034024
S21402BAB0FBE700BF68610020C0420020976A0020B2
S21402BAC02DE9F04F344B0D461C78174685B05CB90D
S21402BAD0B1F90680DFF8C890DFF8C8A0DFF8C8B072
S21402BAE099F80030A34202D805B0BDE8F08F0AEB01
S21402BAF00416B08800B9708801A90CF06AFDAA7A0B
S21402BB009DF80E309A4244D1B8F1000F0FDA297A26
S21402BB109DF80C202B89914209D8204800780844C9
S21402BB20824236DA521A1B0A1341D90731D53846F1
S21402BB300CF03EFDBDF80A3004469A0602D5EB88A4
S21402BB409B06D1D5F37903F00C03042B08D1708839
S21402BB50F9F786FD00237288194618460CF0FFF99D
S21402BB6000213046FFF7E8FBFFF7C4FC38460EF02C
S21402BB7073FA844208D2337A01228BF800302946BF
S21402BB800023384602F0AEFCB8F1000FACDA00240F
S21402BB90A6E70134E4B2A3E766610020966A0020B5
S21402BBA068610020C04200207061002008B50EF0D7
S21402BBB06CFD074B1B88C01A80B2B0F5807F05D992
S21402BBC0BDE80840002103480EF016BB08BD00BFC2
S21402BBD0405A0020886900202DE9F04788B00446C4
S21402BBE00D460CF00FFC0146204603F083F910F0D8
S21402BBF003035FD110F00C0F06D12946204608B089
S21402BC00BDE8F047FFF79EBC20460AF0E4FBC306F9
S21402BC1038D420460CF0F6FB0146204603F06AF9BB
S21402BC20064620460AF0D1FC804602300EF017FE89
S21402BC3005A9074620460CF0CCFC06F00C0698F840
S21402BC4001300C2E0CBF4FF003094FF006090121FC
S21402BC5013F0010F204618BF4FF003090EF018FA32
S21402BC60174B80461B88A3420FD1B5FA85F04009D0
S21402BC70FBF748FC20460AF0DCFB002201460720C0
S21402BC800EF0B6FD08B0BDE8F08703F0ABFA8246C8
S21402BC9040460EF0E1F9064640460EF0C1F9F6B20D
S21402BCA002903A4649462846CDE900A605AB08F07A
S21402BCB0F2FDDFE7012BE5D110F00C0FE2D19CE795
S21402BCC0365A0020002210B5094B1C78094BD1B217
S21402BCD08C4201D8002010BD197A814202D199798E
S21402BCE0022902D010330132F1E70120F3E700BF48
S21402BCF068610020C04200200146002210B5084BB1
S21402BD001C78084BD0B2844201D8002010BD187AA5
S21402BD10884202D198790128F8D010330132F1E72F
S21402BD2068610020C0420020002210B40A4B1C7832
S21402BD300A4BD1B28C4203D85DF8044BFFF7DABB4C
S21402BD40197A814205D19979012902BF0021198009
S21402BD50598010330132ECE768610020C0420020AF
S21402BD60024B1878003818BF01207047686100201F
S21402BD70044B1B6813F0300F03D0202130200BF049
S21402BD80C9BE7047A8460020002310B504460849DD
S21402BD901A4601EA00414FF07F60FFF701F8E30719
S21402BDA003D5002130200BF0B5FE002010BD00BFE9
S21402BDB000007207044B5B8823F4784323F08D035C
S21402BDC003800020704700BFA846002008B5002266
S21402BDD00346C3F80220C3F806200B4A0230126854
S21402BDE0D1B212F0200F18BF41F01001198093074C
S21402BDF001D4FFF74DF8054B1B78023B032B8CBF93
S21402BE001720002008BD00BFA8460020AE60002014
S21402BE1038B505460C46FDF7EDFB98B10E4B187883
S21402BE2078B10E4B1B681A040FD58CB113F0420F73
S21402BE3000D17DB103F44073B3F5407F0CBF002000
S21402BE40232038BD40F60840FBE740F60B40F8E7F3
S21402BE502046F6E72320F4E7AA600020A846002042
S21402BE60F0B504468DB007A80D46164608F00DFE3E
S21402BE701022002103A8EFF797FB5CB1234603AC20
S21402BE8003F11007224618685968083303C2BB42FA
S21402BE901446F7D1012703A986EA070307A88DF8F7
S21402BEA01C708DF81D3008F05BFF80EA070401A8BD
S21402BEB0E4B2EDF727F8B6B101A88DF80650EDF713
S21402BEC04DF864B1002303A907A88DF81D3008F0C9
S21402BED056FF0C4B1B78432B01D1F9F7DBF80A4BC4
S21402BEE01D700DB0F0BD01A88DF80750EDF736F8BD
S21402BEF0002CF6D003A907A88DF81D7008F03FFFA6
S21402BF00EFE700BFAE600020A9600020F0B5012573
S21402BF1093B007460DA80C4608F0B7FD05A90DA874
S21402BF20ADF8345008F046FF01A8ECF7EBFF09A97C
S21402BF300DA88DF835509DF8066008F03BFF0DA859
S21402BF409DF8075008F0CCFE70BB731BDBB2802B4B
S21402BF5028D91FB1A64225D0A54223D105A90DA8EE
S21402BF6008F00DFF03A8ECF7CDFF03A88DF80F60CD
S21402BF70ECF7F4FF0122294609A8FFF771FF0AF041
S21402BF80AFFE01214FF400700BF0D4FFFDF71AFB51
S21402BF90B0F1004F01D9FDF71BFB044B187808F0EF
S21402BFA0E0FC012013B0F0BD0020FBE7A9600020F2
S21402BFB070B50E46144605460320FFF7B7F946F05D
S21402BFC004022946204608F034FF0022014B1A607C
S21402BFD070BD00BFA4460020F0B587B007880546AE
S21402BFE01022002102A8EFF7DFFA3E4B1B78002B47
S21402BFF076D1BC055ED407F08403842B63D000227E
S21402C000394C11461046FFF72BFF17F4045F2760E2
S21402C01005F102061CD0B9040AD5304602F09CFA95
S21402C02000284ED1236823F4005343F48073236020
S21402C03030460BF0EBFD002842D108F024FD18B97B
S21402C040236843F480332360236843F0200323608D
S21402C05022680DF1060042F400432360FFF7AAFEB1
S21402C06012F4805FBDF8063031D043F02003ADF8FD
S21402C07006302168334611F0400218BF05F123024C
S21402C0804FF07F60FEF78CFEBDF80630DA0703D568
S21402C090002130200BF03EFD23689B0506D50122C9
S21402C0A095F8221005F11200FFF7DAFE00200F4B7A
S21402C0B0186006E005F112000BF0A8FD00289AD0E1
S21402C0C0292007B0F0BDB80799D52320F9E723F059
S21402C0D02003ADF80630FDF77BFAFEF775FCC8E7DD
S21402C0E00220EEE7AE600020A8460020A44600200C
S21402C0F0024B1868C0F30050704700BFA8460020E5
S21402C1002DE9F04F064689461046002189B01546AD
S21402C110984602F0EFFE102807460AD86A4B0341FB
S21402C120DB0706D4C8F340049DB9002009B0BDE879
S21402C130F08F664B1C78002CF6D0FFF7D9FF00284C
S21402C1400CBF4FF4F0744FF4D074FC4004F00104BA
S21402C150EAE74FF0000A18F0010F53465246294606
S21402C1604FF00500CDF800A00CBF4FF0080B4FF4BF
S21402C170027B06F011FB0028D7D0C8233246009374
S21402C18059465346284602F0DDFEADF80E0000285A
S21402C190CBD018F0080A4AD14FF6F773A7F10F0270
S21402C1A0D2B29E428CBF09230123012A01D843F052
S21402C1B04003474A8DF810301378591C11708DF8D9
S21402C1C01130002C4FD09DF81030052F43F020037D
S21402C1D08DF8103033D03F4B1D78002D5AD04FF6D5
S21402C1E0F77300259E424FF00F0248D9012304A997
S21402C1F00DF10E00F7F75EFB002896D1002C4DD10C
S21402C200BAF1000133463A4618BF0121BDF80E00C6
S21402C210CDF8009008F0A8FFADF80E00002884D0F4
S21402C22018F0040F4DD031460AF0F8FE7EE7494674
S21402C2300DF10E000BF0A3FE0028ADD175E701212B
S21402C240BDF80E000DF024FF012102F053FE01237B
S21402C250834013F0620F1CD11E4B1B78E3B14FF6DE
S21402C260F7731825BEE71B4B25461B780222002BC8
S21402C270BCD04FF6F7739E42B8D8052FB6D0BAF1A7
S21402C280000FB3D19DF8103043F040038DF8103004
S21402C290ACE710250F22A9E71825FBE7BAF1000F35
S21402C2A00AD002234A46009029460DF10E00FEF7F8
S21402C2B09DFB0028A4D038E741235246CDF800A0C3
S21402C2C0F2E70AF093FE31E79FFEFEFFAA60002027
S21402C2D0AB6000209E6000202DE9DF431E46144B13
S21402C2E080461B680F469B0791460A9C1BD4204635
S21402C2F014B108F023FFC0B20622CDE902403B4645
S21402C3000020CDE900890B490BF0FCFF024650B134
S21402C3100021002E0CBF01230323084604B0BDE80B
S21402C320D043FFF7EDBE002004B0BDE8D08300BFC7
S21402C330A84600203F4904002DE9F04F8DB0814603
S21402C3408A461F4693469DF85C803AB903A8FEF7D4
S21402C3509FFDB0BB00200DB0BDE8F08F1546002251
S21402C360232110460AF04CF9ADF80A000028F1D055
S21402C3700DF056FE0523044618F0100F00F8023B97
S21402C380677020D011220021EFF70EF904F1130690
S21402C390032F4FF0080237D159463046EFF756F9C9
S21402C3A0C8F3801306F10905337208F0C3FE0028AD
S21402C3B03ED000232B706B700123033505F8013C39
S21402C3C036E003ADCBE7012610221699EFF73EF9C9
S21402C3D006FA07F313F0620F02D104F11206D7E74A
S21402C3E007A808F052FB05A88DF81C60ECF78AFD3A
S21402C3F09DF8162018F0200F9DF8173008BF134638
S21402C40004F11306A374C3E751463046EFF71EF94C
S21402C410012306F10802121B28460093BDF80A10F3
S21402C420082392B20EF014FB042F06F11005BCD0BE
S21402C4302D1BA9B20DF10A000BF0CCFE002889D103
S21402C44018F0040F0BD048460EF0F7FAFF281FBF6D
S21402C450074A32F8103023F4804322F8103043465D
S21402C46051464846BDF80A20FFF74AFE73E700BF6A
S21402C470D859002070B5032690B08DF80760F7F7FC
S21402C480B3FB18B90224204610B070BD02AD284690
S21402C490FEF7FEFC0028F5D01B4B1C6814F00204C5
S21402C4A0F0D140F20F43194AADF82430136804A8BD
S21402C4B0CDF826305368CDF82A3008F0E6FA95E82B
S21402C4C0030005AB83E80300062304A88DF81D309D
S21402C4D08DF81060ECF7B8FC01210DF12E020DF17B
S21402C4E00700ECF709FC22461A2109A80AF088F888
S21402C4F0024608B91924C6E7012329462046FFF753
S21402C500FFFD0028BFD1F5E7A846002031610020D4
S21402C5102DE9F04F04460D46002191B01F2208A8CF
S21402C5209B460791EFF740F820460BF06BFF01465B
S21402C530204602F0DFFC8DF8110020460AF045F88E
S21402C5409DF81130467899068146C6F34006204685
S21402C55048BF46F002060CF02BF8804620460DF047
S21402C5607BFD0022A0EB0803DBB2232B28BF23238C
S21402C57000922146424607A80EF06AFA00283AD1EF
S21402C580A24B9DF81C701B789DF81DA0B3B3FFF755
S21402C590AFFD00280CBF4FF4F0734FF4D073FB408E
S21402C5A0DA072BD5B30729D4082F22D1BAF1040F04
S21402C5B021D1FBF77FFBF0B90123424600932146C7
S21402C5C005200DF1110306F0C4F8A0B1053F0D2FAA
S21402C5D011D8DFE817F024001000AF01BC01C50136
S21402C5E0100010001000100010001000CB01F9011E
S21402C5F0F901052F07D011B0BDE8F08F102F05D135
S21402C600BBF1000FF7D0FBF755FBD5E7FBF752FB64
S21402C6100028D1D0052FCFD0112FCDD0EBE7BAF11D
S21402C620050FE8D8204609F033FF029009F1020010
S21402C6300EF015F982460DF11200FFF7BBFB01233F
S21402C6409DF81D8003FA08F313F0620303932DD0BE
S21402C650BDF812309D0722D5B407CCD5FBF72AFBCE
S21402C6600DF11E000BF0D2FAB8F1030F04469DF846
S21402C6702EB02FD10DF12F050AF038F9824540F081
S21402C6803181032EB7D19DF836100DF11E02003906
S21402C69018BF01210DF12E0008F071FDABE7FBF784
S21402C6A009FB0028DCD1002EA5D0D9E7FBF702FB58
S21402C6B068B10DF11E000BF0A9FAB8F1030F04469B
S21402C6C04FF0000B40F082800DF12E05D4E7002ECD
S21402C6D091D0EEE74E4B1B6898072AD5FF22082119
S21402C6E00DF137000AF090F8814610BB034601466A
S21402C6F00DF137020220FEF753FB0AF0F7F88245E7
S21402C7000DF137070DF12F0523D04FF6F7739A4533
S21402C71040F2ED800022082128460AF075F800282B
S21402C72000F0E580002259460DF11E00FFF798FB47
S21402C73061E70DF137070DF12F0538460BF012FAB7
S21402C740002848D00AF0D2F8824540F0CC804FF05C
S21402C75000092846F7F7D2FD002800F0C480B8F199
S21402C760010F5BD0B8F1040F7FF445AF0BF01DFA52
S21402C77010B1032E7FF43FAF002C7FF43CAF3A4655
S21402C78002210DF11E00FFF713FC224B1B7863B14A
S21402C790FFF770FEFEF7C4FD022806D10120FEF761
S21402C7A0B9FD01210846FEF741FC1B4B1B78022B04
S21402C7B020D10321384608F0D6F8FEF7B1FD01462F
S21402C7C000287FF418AFFEF731FC14E70DF13607A8
S21402C7D00DF12E05B1E7104B1B78432B7FF40BAF00
S21402C7E0B8F1010F7FF407AF0AF080F882457AD1DC
S21402C7F0C146AEE7412B7FF4FEAE054B1B685905DA
S21402C8007FF5F9AEF9F73EFEF5E600BFAA60002016
S21402C810A846002058610020AE6000206C4D2B78A0
S21402C820022B22D02B78412B3FF4E5AE3CB9FBF726
S21402C83041FA594602460DF11E00FFF711FBFBF7BF
S21402C84039FA00283FF4D7AE0BF0AFF9614C98B135
S21402C85023681B0502D42B78432B0DD1B0070BD4CB
S21402C86040F61A40F9F70CF8C5E60BF09EF90028D8
S21402C870D8D0B207D6D4BEE6206810F0020002D1A5
S21402C88002990BF051FB2B78112B16D12368590510
S21402C89013D50020FEF7E0FB044600287FF4ABAE7B
S21402C8A00AF092FA40F61C40F8F7EAFF21462046C4
S21402C8B0FEF7BCFBF8F7F0FF9DE6B20701D5FFF7DF
S21402C8C057FAB9F1000F9DD008F0DDF818B94FF409
S21402C8D080310BF01FF900223F4B38461A600BF0EE
S21402C8E038F98FE70027039B002B7FF40EAF4FF635
S21402C8F0FF73284605A9ADF8143009F0EAFF20B107
S21402C900284609F0C7FFADF814004FF6FF73BDF8CE
S21402C910140098423FF46FAE002C0CBF042315237C
S21402C92001930DF11E0300933A4643462946FFF74C
S21402C93003FD60E60DF11D00F7F7E0FC00283FF46A
S21402C9405AAE022229460020FAF79EFE53E6F30765
S21402C9507FF551AE3246284607A90BF00FFB4AE692
S21402C9609DF81D100120FFF7D1FA44E6184B1B78FC
S21402C970022B20D1002D7FF43EAE05A8FEF788FAE2
S21402C98000283FF438AE154B1D709DF81D30002B65
S21402C99014BF64246524FEF7C3FC032806D1284688
S21402C9A02946FEF743FB2846FEF7C0FC214605A8AB
S21402C9B007F0D9FF1FE6043B012BDBD9284608F017
S21402C9C0C9FB0028D6D116E6204608F0C5FB12E6BB
S21402C9D0AE600020A8460020A44600205861002031
S21402C9E02DE9F34105460E46174698460BF0DDF84C
S21402C9F0044640B101233A4631462846CDF8008027
S21402CA00FFF76AFC04460BF0D0F830B1FFF770FB74
S21402CA1078B10A4B1B689B010BD400233A46314679
S21402CA202846CDF80080FFF757FC002C0CBF0446C2
S21402CA30012404F0010002B0BDE8F081A8460020FF
S21402CA4070B58AB005A808F020F8022301AA154698
S21402CA508DF81430084B03F110061446186859680E
S21402CA60083303C4B3422246F7D1294605A808F084
S21402CA7077F90AB070BD00BF4F960400014B1878D4
S21402CA80704700BFD16A0020014B1888704700BF6C
S21402CA904E6A00204FF6FF732DE9F0439942804616
S21402CAA00D4685B00BD000274FF6FD791C4EEBF7EE
S21402CAB01BFDFCB2A0420BD84FF6FF701DE0F7F745
S21402CAC01DFC0028EFD005B0BDE8F04309F00EBF0C
S21402CAD036F814304B4517D8694620460BF09BF8BB
S21402CAE0082241460DF10500EFF7AAF84FF6FF734C
S21402CAF060B99D4204D136F8140005B0BDE8F08353
S21402CB0026F814500BF061F80137D0E79D42FBD0AF
S21402CB1036F81430AB4208BF26F81490F4E700BF8C
S21402CB200C5900202DE9FF4706460F4600254FF612
S21402CB30FD79DFF83C80DFF83CA0EBF7D5FCECB2E1
S21402CB40A04202D804B0BDE8F08738F814304B454E
S21402CB500CD8694620460BF05EF8082231460DF1E5
S21402CB600500EFF76DF808B90AF804700135E4E736
S21402CB700C59002074600020014B33F810007047F7
S21402CB800C590020F0B5064600250D4F85B0EBF790
S21402CB90ABFCECB2A04201D805B0F0BD37F81430B9
S21402CBA0B3420BD1694620460BF071F89DF800306F
S21402CBB0022B1CBF4FF6FD7327F814300135E6E74B
S21402CBC00C59002030B585B004460D46EBF78CFCB8
S21402CBD0A0420FD9084B33F814204FF6FD739A4241
S21402CBE008D8694620460BF052F829460DF1050092
S21402CBF0FFF750FF05B030BD0C59002030B585B0A8
S21402CC000446EBF771FCA04219D92046FFF75AF802
S21402CC100546B0B9694620460AF0FDFF9DF8003089
S21402CC202BB1694620468DF800500BF012F84FF6ED
S21402CC30FF720020044B23F8142005B030BD2820D4
S21402CC40FBE740F60440F8E70C5900202DE9F041D6
S21402CC500B7805460E461BB9BDE8F041FFF7CEBF7E
S21402CC60EBF742FCA84231D92846FFF72BF878BBEF
S21402CC70374617F8058B4FF6FF713846FFF70AFF5F
S21402CC800446384600F01EFAB0FA80F04009B8F1C1
S21402CC90000F15D0B8F1030F15D04FF6FF724FF6FE
S21402CCA0FD73944208BF1C460B4B314623F81540D1
S21402CCB00A4B585528460AF0CCFF0020BDE8F08102
S21402CCC04FF6FF74F0E74FF6FE74EDE72820F5E71F
S21402CCD040F60440F2E700BF0C59002074600020C2
S21402CCE02DE9FF410D4604464FF6FE780F4F0E0A19
S21402CCF0EBF7FAFBA04204D8FF24204604B0BDE8B6
S21402CD00F08137F8143043450CD1694620460AF0C4
S21402CD1082FF9DF80520EBB29A4203D19DF80630B9
S21402CD20B342EAD00134E4B2E2E700BF0C59002075
S21402CD302DE9F04F0C461746984600254FF6FD7B28
S21402CD4087B09DF840A0DFF85C900190EBF7CCFB33
S21402CD50EEB2B04201D8FF2616E039F816205A4540
S21402CD601ED8304602A90AF056FF3FB99DF80920A0
S21402CD70424515D19DF80C20524511D144B939F8D7
S21402CD801620019B9A420BD1304607B0BDE8F08FC1
S21402CD90082220460DF10D01EEF752FF0028F3D0CF
S21402CDA00135D3E70C59002010B514460AF033FFBC
S21402CDB02046BDE8104008220149EEF747BC00BFF6
S21402CDC0316100202DE9FF4707461546084608222E
S21402CDD024491E46EEF734FF044600283FD14FF69C
S21402CDE0FF7ADFF88490EBF77FFB5FFA84F88045E2
S21402CDF00BD385B3384605F06DFD01250C9B1870E4
S21402CE000120357004B0BDE8F08739F81830534574
S21402CE101FD0694640460AF0FEFE7A789DF8013039
S21402CE209A4216D17A88BDF802309A4211D13A79DE
S21402CE309DF804309A420CD108220DF10501781DA6
S21402CE40EEF7FEFE28B9002DD7D1404605F05DFD6F
S21402CE50D3E70134C7E7FF2005F057FDCEE70020F1
S21402CE60D0E700BF316100200C590020F0B5002544
S21402CE70154E164F85B0EBF737FBECB2A04201D841
S21402CE8005B0F0BD694620460AF0C5FE9DF80030A2
S21402CE90032B06D90023694620468DF800300AF097
S21402CEA0D8FE9DF8002062B14FF6FD734FF6FE7174
S21402CEB0032A08BF0B4626F81430002301353B55DB
S21402CEC0D9E74FF6FF73F6E70C590020746000208E
S21402CED0F8B50E4604464FF6FF770C4B0C4D1B7802
S21402CEE003EB430305EB8305A54202D80024204644
S21402CEF0F8BD2388BB4206D008223146A01CEEF7B6
S21402CF009FFE0028F3D00C34EEE700BF986A00209C
S21402CF104C580020044BFF211A78044802EB4202C8
S21402CF209200EEF741BB00BF986A00204C580020E2
S21402CF30F8B504460C4B0D461B781046A3420DD995
S21402CF400C27022117FB04117C43084E08223144A9
S21402CF50EEF77CFB335B00202B80F8BD00231360CA
S21402CF6053604FF6FF73F6E7986A00204C5800208D
S21402CF7038B504464FF6FD75FFF704FE0022084B4F
S21402CF801878084BD1B2884200D838BD33F80C1C4A
S21402CF900132A14208BF23F80C5C0C33F2E700BF53
S21402CFA0986A00205858002070B505460E46084676
S21402CFB0FFF7DEFF31462846FFF76CFD2946064896
S21402CFC0FFF786FF00B970BD044624F80C6B0AF022
S21402CFD0FCFD29462046F3E74C58002010B50822EF
S21402CFE086B023490446EEF72BFE20B906B0BDE80C
S21402CFF0104009F07BBC082220461E49EEF720FEB0
S21402D00020B91D4BB3F8680006B010BD00230122FC
S21402D01021464FF6FF700093FFF78AFEFF2806D0E0
S21402D020164B33F810004FF6FB739842ECD903A860
S21402D030FEF7CCFE58B9BDF80C305B0607D50822C1
S21402D04021460DF10E00EEF7FBFD0028DCD021464E
S21402D0500B48FFF73DFF40B14FF6FB724FF6FF73EA
S21402D0600088904288BF1846CEE74FF6FF70CBE79F
S21402D0703161002092540020285400200C590020D0
S21402D0804C58002070B5002204464FF6FB76084640
S21402D0900A4B1D780A4BD1B28D4201D8002009E016
S21402D0A01988B14207D8A14205D10822991CEEF789
S21402D0B0CDFA012070BD0C330132ECE7986A0020ED
S21402D0C04C58002037B5014605460E48FFF700FFCC
S21402D0D0044640B1807A29460AF0FDFD80F0010040
S21402D0E0C0B203B030BD03460090012229464FF677
S21402D0F0FF70FFF71DFEFF2816BF034B2046185C85
S21402D100E9E700BF4C580020746000202DE9F34187
S21402D110224B04461B780F468342154638D9FEF743
S21402D120EBFDB8BB4FF6FD739D421D4E0ED004EBD1
S21402D130440326F823504FF6FF739D421FD1204624
S21402D140FEF7F2FD002002B0BDE8F0810DF1060107
S21402D150384609F0BEFB4FF6FF72BDF80630384679
S21402D160934218BF1D460C236343F55206EB030891
S21402D170FFF7A8FFB0FA80F0400988F80A000C23EF
S21402D18003FB0460082239460230EEF75FFAD9E75D
S21402D1902820D8E740F60540D5E700BF986A002069
S21402D1A04C58002038B504460D46FFF7BBFC214616
S21402D1B00448FFF78DFE00B938BD857221460C3053
S21402D1C0F7E700BF4C5800200023074A1370074AAF
S21402D1D01370074A118801B11380064B1A880AB1E8
S21402D1E000221A80704700BF6A6100206961002031
S21402D1F0465A0020445A00202DE9F04F3C4C1D466A
S21402D200238887B00746884610469DF840605BB97B
S21402D21052B10AF0F8FF20804FF4FA61354807B0A1
S21402D220BDE8F04F0CF0E8BFDFF8D890B9F8004040
S21402D230002C49D020460CF00FFFC0F347062046CC
S21402D2400CF0EEFEDFF8C0A00296BAF80030DFF867
S21402D250BCB00193BBF800300446009300222B4674
S21402D260012025490BF04EF8ADF81600E8B101256D
S21402D27004EB4606B4420DD1BDB9BDF81630A3B1D3
S21402D2802A464146384600F06FF9ABF80050AAF835
S21402D29000500AE0012321461A460DF11600F6F761
S21402D2A009FB023405460028E4D00023134AA9F8F5
S21402D2B000301378013BDBB21370002BACD107B001
S21402D2C0BDE8F04FFFF780BF0D4C237823B90DF071
S21402D2D0D1F808B901232370324629460520F7F70C
S21402D2E00DFA0028EBD1207007B0BDE8F08F00BF22
S21402D2F0465A0020A8690020454904006A610020B9
S21402D30069610020445A0020E0590020E2590020BA
S21402D31030B5154D87B02C889CB923464FF4A072C1
S21402D32048F2380103A80AF0B2FD21462046FAF771
S21402D330E3FA22460D4B009403A9FFF75DFF07B000
S21402D34030BD204609F041F904300DF088FA03A9F1
S21402D350044628880BF03DF90023009320462A88CD
S21402D36003A900F0AFFAEAE7465A002000F8FF07E2
S21402D37037B5002001A9FAF7BFFA0D4C014623780B
S21402D3800C4D7BB10C4B019A1878FAF7CBFA207841
S21402D390F8F74CFC002323702B700848F6F736FB90
S21402D3A003B030BD2B78002BF7D0FFF7B1FFF4E7C0
S21402D3B06C6100206A6100206B610020A869002071
S21402D3C008B50548F6F732F80448F6F72FF8BDE830
S21402D3D008400348F6F72AB8465A0020445A002066
S21402D3E0425A00202DE9F04F89B089460446CDE91D
S21402D3F005239DF84870139E30B316F801ABBAF1B8
S21402D400000F23D00AF1FF34A400E4B23146012013
S21402D41007F0E8FEC00E1BD1DFF838B13146012016
S21402D42007F0E0FE9BF8005034442279BDB1002F8D
S21402D43047D180234846CDE90277CDE900773E4AB8
S21402D440059900F091F83CE08246DFE75446DDE7B6
S21402D4501B28ECD93146012007F0C4FEE7E7DFF8C7
S21402D460F880FF2A00EA08080BD14246E379A17940
S21402D470607901EB032189B209B0BDE8F04FFAF7F3
S21402D48051BA2E4909688B070AD5FE2A35D10123DF
S21402D4900135EDB2202D4FEA43030AD1FF250AE0FB
S21402D4A0294628460792FAF727FA4845BFD1079A2F
S21402D4B0EBE79845ECD1224B1B78FF2B04D0AB420E
S21402D4C004D009B0BDE8F08FFF2DFAD0294600201F
S21402D4D0F4F7B2FF0028F4D09BF800306479002BF2
S21402D4E0EFD1FFF771FE17484FF410510CF084FE8F
S21402D4F0154B8BF800501C70E3E7052A97D8BAF153
S21402D500010F94D8B8F1000F91D0002FD9D17379BA
S21402D510002BD6D00D49098821B9082B28BF08232D
S21402D5200B490B70434648461292DDE9051209B0D4
S21402D530BDE8F04FFFF760BE45490400A84600204C
S21402D540D26A0020A86900206B610020465A00209B
S21402D5506A6100206C61002000F8FF07014B18800A
S21402D560FFF7D6BE445A00200CB42DE9F04F8BB01C
S21402D57014AA0E4652F8041B07460992002940F0E8
S21402D5808F80BDF85400ADF82200002800F0A1807C
S21402D59033794FF6F778002B40F0868047458CBFEC
S21402D5A04FF009084FF008084C4B1C78FF2C40F04F
S21402D5B08380B6F90230002BA9BF494B347A1C7817
S21402D5C00134A2BFE4B21C7044F08004DFF81CB140
S21402D5D02246002101F0A2FC9BF80030BDF8220092
S21402D5E0002B6CD0DFF808A14FF00009BAF8003023
S21402D5F007930CF031FD0546BDF822000CF010FD35
S21402D600EBB2CDE90193FF23CDE90309009322464D
S21402D610334639460798FCF7B5FB4FF6FF730546C7
S21402D6208BF80090AAF80030382D33D132463946AE
S21402D63040460DF1220307F095FD00284BD04FF629
S21402D640F7739F4226D8B6F902307088002B21DA8B
S21402D65048F204022349244B4FF00008904214BFBC
S21402D6608946994609F042F9494603468A2201202C
S21402D670CDF800800AF046FE814658B12246414661
S21402D68001F04CFCFF23324639464046CDE900986D
S21402D690FCF7DAF928460BB0BDE8F04F02B0704747
S21402D6A001200AF00CFE6EE7002347458CBF4FF0C0
S21402D6B006089846337177E7FF221A7086E7CDE9A7
S21402D6C000033246FF2339464046FCF7BDF90546BD
S21402D6D0AAE71925DEE70546DCE700BFD46A002084
S21402D6E06E610020564904004B4904006D6100201B
S21402D6F0485A002070B54FF40033002405461646FB
S21402D70088B0ADF81A100DF10F0204A90593ADF812
S21402D7101840ADF81C4004948DF80F4007F001FD48
S21402D7209DF80F3028460193049B044A009305A9EE
S21402D7303346FFF719FF08B070BD00BF4F4904001B
S21402D74030B54FF48035002487B00395BDF82850D5
S21402D750CDE900128DF81030074A034603A9BDF83A
S21402D7602C008DF81140ADF81250ADF81440FFF7BA
S21402D770FBFE07B030BD00BF5B490400B1F1006F8D
S21402D7802DE9F04314462CBF392238228BB01D46B1
S21402D7904FF00003ADF81E204FF480022CBF4FF06E
S21402D7A001099946FF2C0646ADF81C300892ADF8E2
S21402D7B024304FEA11471FFA81F80FD109F0A7FB70
S21402D7C0B9F1000F19D1154ACDE902054346304694
S21402D7D0CDE9007407A9FFF7C7FE1AE0FE2C0AD1AE
S21402D7E009F095FB0130C0B209F09CFBB9F1000FBD
S21402D7F012D00B4A02E0E8B2F8E70A4ACDE903057E
S21402D80001233046CDE90174CDF8008007A9FFF761
S21402D810ABFE0BB0BDE8F083034AD5E753490400DC
S21402D82059490400524904005A4904004FF4981218
S21402D8304FF0806310B586B0CDE903230023ADF820
S21402D840143009F053F80446F8F796FA054B01909F
S21402D8500093054A234603A94FF6FD70FFF784FEA0
S21402D86006B010BD316100205F49040008B5064BC2
S21402D8701B78022B02D0043B012B03D8FFF7D6FFFE
S21402D880002008BD0220FCE7AE60002030B5002470
S21402D8904FF4806587B0CDE900128DF81030084A43
S21402D8A0034603A94FF6FD708DF811400394ADF8B8
S21402D8B01250ADF81440FFF757FE07B030BD00BF58
S21402D8C0634904002DE9F04F99B00E4605460CA9AF
S21402D8D01046CDE90A329DF888700AF037FABDF88C
S21402D8E03090804648460CF0B7FBB6F90230044644
S21402D8F0002BB6F806A0B6F802B004DA00228D4B6A
S21402D9001A70002049E048460CF0A6FB4045F5D3C5
S21402D910A4EB0804E3B2002F18BF4FF4A07A152B2D
S21402D920099328BF15230024013308F1FF32494624
S21402D930DBB292B2009412A80DF08AF86FEA4B435B
S21402D9406FEA53437C499DF8482008684968ADF859
S21402D9503E300DAB03C3ADF84040ADF83C40ADF8E9
S21402D96042A0ADF84420BBF1000F24D10DF14900CE
S21402D970F6F7C4FCA0B108F0B9FF5C4680460DF18C
S21402D98051060DF149030A9A96F80090012A2CD105
S21402D9904FB384F0010404F0010019B0BDE8F08F23
S21402D9A00DF149000AF0E1FA4FF6FF74011B4C42F2
S21402D9B080464C41E3E7BBF1010F57D1BDF84980E1
S21402D9C008F094FF80450AD040460DA90AF0D0FA26
S21402D9D080F00104E4B20DF14B060DABD3E7574BD2
S21402D9E00DF14B06CFE70A9CD5E75FB344BBB9F10E
S21402D9F0010F25D830D108F079FF08F077FF2246CC
S21402DA00804671784D4B029100210120CDE90081BC
S21402DA104B490AF077FCADF8320088B124BBB9F165
S21402DA20010F0CBF0D210C210DF132000AF0D2FBC2
S21402DA30024628B92846BDF832300FA9FFF794FDF2
S21402DA400120AAE7B9F1010F04D1002CD3D081221C
S21402DA507178D8E7002CFAD1B9F1010F94BF0022F1
S21402DA6001227178D201CEE70C21DDE70A9B002B5A
S21402DA707FF447AF7388342B4BD1099B092B7FF475
S21402DA8040AF002F7FF43DAF9DF951603A46B41087
S21402DA9008210DF1490004F0200408F0B5FEA0B1FB
S21402DAA0284B1B78012B3FF42CAF274A274BB2F8A2
S21402DAB068201B68AA421DD0DA001BD5C823284658
S21402DAC0234A0FA9FFF750FD1BE70DF14900F6F7B1
S21402DAD015FC0028E4D10DF149000AF046FA4FF68B
S21402DAE0FF739842EAD02146F9F778FE03460028EB
S21402DAF0E4D1E4E75B0201D5002E08DA00232846CB
S21402DB00134A0FA9FFF730FD124B1C70F9E68D235E
S21402DB10D5E7099BCDE905A204930DF14903CDE9AA
S21402DB20028331462846CDE900790B9B0FAA00F006
S21402DB303DF8E6E662610020C5D1030031610020AF
S21402DB4067490400AF60002028540020A846002041
S21402DB50AFFE0300D36A0020024B187840F0800024
S21402DB60704700BF6E610020014B1880002070478E
S21402DB70566A00204FF6FF71034602881B798A42D6
S21402DB8017BF074901200A8041881EBF054A0020A8
S21402DB901180FF2B1EBF044A00201370704700BF7F
S21402DBA0526A0020506A00206F6100202DE9F04F73
S21402DBB0A1B09946BDF8AC302D9F0D939DF8B030BC
S21402DBC004460E93BDF8BC3038460F939DF8C0301D
S21402DBD04E88884615469DF8A8B010930CF03FFE76
S21402DBE0112E824671D808F081FE504576D0062E58
S21402DBF010D14FF6FD72924526D0BBF1000F10D120
S21402DC0000228023CDE900A229462046BC4AFFF71F
S21402DC10ABFC06E0BBF1000F03D1032E07D8012EA2
S21402DC2009D80022B74B1A7021B0BDE8F08F043E27
S21402DC30022EF6D8E4E7802329462046B24ACDF8DB
S21402DC4000A0FFF791FCECE7B04B1B785E074CD4C4
S21402DC5008F04CFE0026034632460120A8490096EC
S21402DC600AF050FB3B79ADF866000F930028DBD034
S21402DC70DDE90E320D9803EB42090CF0EDF95FFA7E
S21402DC8089F909F105085FFA88F88045CCD2414641
S21402DC900D9801F02FF9109008EB40080D980CF043
S21402DCA0DBF98045C0DADDE90F321343DBB2002B25
S21402DCB040F03482BBF1000FB6D1D846424604216A
S21402DCC0BDF8660001F02AF974E1904A3A2E1278FD
S21402DCD012D948F23B039E4207D013E08B4A1278D1
S21402DCE050070BD5321F022A08D8B8F8063043F47C
S21402DCF08043A8F8063097E71B2E1DD8B21E91B2B5
S21402DD0013295FD9109B494602930F9B3046CDE9F3
S21402DD1000B30E9A234607F00BFA0F2884D101228D
S21402DD20784B1A70794B1B789B0740F12783BBF11F
S21402DD30000F7FF479AFD8E7A6F11C011E29E1D8BF
S21402DD4001A050F821F000BF93E3020005DD0200B7
S21402DD5005DD020029DC020005DD020081E1020089
S21402DD6081E1020005DD020005DD020005DD02009C
S21402DD7005DD020005DD020005DD020005DD02000C
S21402DD8005DD020005DD020005DD020005DD0200FC
S21402DD9005DD020005DD020005DD0200B3E102003A
S21402DDA0B3E1020065E3020005DD020005DD0200C4
S21402DDB087E3020005DD0200E3E30200F9E3020066
S21402DDC007E40200132A9DD801A151F822F000BFF1
S21402DDD021DE0200B1DE0200CFDE0200E7DF020033
S21402DDE051DC020005DD020005DD020005DD020051
S21402DDF005DD020005DD020005DD020005DD02008C
S21402DE0005DD020005DD020005DD020005DD02007B
S21402DE1005DD02002BE1020005DD0200BFE3020081
S21402DE2000231A938DF866300DF1660322460E998A
S21402DE30484600931AAB07F075F908F057FD0646F8
S21402DE40EAF75EFB162894BF4FF002094FF022094C
S21402DE50F7F792FF2E4B0746B3F800A0FBF7EAFD52
S21402DE602C4B80464FF6FF70B3F800B00AF035F838
S21402DE70294B9DF866201988244B1B7813F0020361
S21402DE801CBF264B1B780B921A9ACDE90701CDE9E7
S21402DE90093240232946CDE9019320460023CDE9E5
S21402DEA0058BCDE9037A1E4A0096FFF75DFBBBE6BB
S21402DEB008F01CFD1B4B1C4A1B88CDE92A030023D5
S21402DEC02946204621B0BDE8F04FFFF74DBBBE788D
S21402DED01AA9731EDBB2EF2B304627D9F22E25D0B5
S21402DEE005F052FC822608F001FD00232946CDE902
S21402DEF00003034A33462046FFF736FB94E600BF8C
S21402DF004B49040062610020564904006F600020FD
S21402DF10566A0020526A0020506A00206F61002074
S21402DF206D490400546A00207A49040005F02CFC6E
S21402DF30002856D008F0DAFC9DF86C209DF86E108A
S21402DF400492BDF86A2049000392BDF86820C9B25F
S21402DF50CDE901629DF86D2003465200D2B2083226
S21402DF600A44009201200022C6490AF0CBF99DF825
S21402DF706D30ADF866008DF8633000283FF454AE7D
S21402DF804FF0000801230DF163011A460DF16600F9
S21402DF90F5F790FC074600287FF446AE9DF86330FE
S21402DFA0FAB293420CD89DF86E308DF86330B8F111
S21402DFB0000F02D0BDF8663036E04FF00108E1E708
S21402DFC04146304605F0E2FB0123ADF8640002222A
S21402DFD019A90DF16600F5F76DFC01370028DDD0B2
S21402DFE022E683267FE708F081FC064605F0EDFB75
S21402DFF03346009000220120A3490AF083F9002844
S21402E0003FF412AE00273E46ADF8680005F0DDFB91
S21402E0105FFA87F840450DD832460421BDF86800FD
S21402E02000F07CFFBDF86830002229462046FFF744
S21402E0309BFAF9E5404605F0A5FBFF288DF8660039
S21402E0400BD0012301361A460DF166011AA8F6B264
S21402E050F5F730FC00287FF4E7AD0137D6E75046E7
S21402E060B7F8029005F08EFBFF288DF8640000F0EA
S21402E070E2811AA905F088FBBDF868304B4507D047
S21402E0804FF6FF72914540F0D681190400F1D38114
S21402E0909DF86D3012930E9B0533DBB213930F9BE4
S21402E0A0149300234FF0000911934B4613E0179385
S21402E0B04900139BC9B219440D9889B20AF0C5F8F3
S21402E0C04FF0000A179B159012995FFA8AF28A425D
S21402E0D016D309F10109149A5FFA89F19142E6D33F
S21402E0E09DF86E201292169A1392002B40F095819C
S21402E0F0119B002B40F09F81109B14930123D1E7C4
S21402E10011999DF86400179305F040FB159A179B2A
S21402E1100AF1010A824208BF0123D5E709F106097E
S21402E1205FFA89F3B046169386E1BD1C294650462F
S21402E130BC7A06F080FB01222946504609F07CF89C
S21402E140504609F0DEFE284609F00FFF3A88824262
S21402E15007D04FF6FF72904203D00CF06EFC09F027
S21402E160F0FE84F00804C4F3C00421462846FFF7F4
S21402E17019F82146284621B0BDE8F04F07F001B84D
S21402E180BBF1000F7FF450AD12073FF5AEAD33463C
S21402E1903A462946204601F08FF900287FF444AD1E
S21402E1A0842329462046394A21B0BDE8F04FFFF7BE
S21402E1B0DBB90F9897F8008009F04BFC0021074660
S21402E1C0204601F0E3FC312EA7EB0007FFB240F039
S21402E1D0D5804FF0000A012053465246CDE9008A08
S21402E1E02B490AF08FF8ADF8660000283FF41CAD04
S21402E1F0162251461AA8EDF7D7F91AA808F0FFFD1D
S21402E2004FF0FF33DFF894B0CDE91C339BF8009053
S21402E210B9F1000F02D14FF0010A55E01D4E3379D5
S21402E2206F2B02D90026324625E050461CA9F6F787
S21402E2303DFF0028F6D0184BB6F80090B3F86830C9
S21402E240B9F1000F2CD1003B18BF01235B0143F04C
S21402E25004038DF87A3002238DF87B3073881B0A0C
S21402E26049461EA88DF87D300CF0FBFAB8F1000F77
S21402E27065D0002601220221BDF8660000F04EFE9F
S21402E28032461CE57E4904004B490400AFFE0300FB
S21402E29086490400A459002028540020A8600020C3
S21402E2A0B3EB090318BF01235B0143F005038DF8A6
S21402E2B07A3002238DF87B300F238DF87C30CDE741
S21402E2C00AF1010A5FFA8AFA0AF1FF36F6B2304616
S21402E2D00CF0B9FBC307F3D59BF8003019EB030F1C
S21402E2E004D009F101095FFA89F9E9E7584B1CA93C
S21402E2F018783044C0B2F6F7D9FE002892D03046DD
S21402E30009F030FE814630460CF09DFBC0070FD464
S21402E31016238DF87A304F4B1B780133DBB20F2B66
S21402E32028BF0F238DF87C304B4B33F8163096E718
S21402E33030460CF088FB8107EAD41223E9E7BDF8E1
S21402E34066000BF089FE1630B84292DC01231622D4
S21402E3501AA90DF16600F5F7ADFA00287FF464AC51
S21402E360012660E712073FF5C0AC3B462246294627
S21402E3700F9801F0F9F800287FF456ACBBF1000FB5
S21402E3807FF452AC0CE7BBF1000F7FF44DAC802358
S21402E39007E708F0ABFA50457FF446ACB81CF5F731
S21402E3A0ADFF00283FF440AC08F0A0FA064608F09D
S21402E3B09DFA2A4B2A4ACDE92A03334680E5384697
S21402E3C00CF04DFA09F089FD00283FF42DAC2A9096
S21402E3D0002329462046234A21B0BDE8F04FFFF726
S21402E3E0C3B84B462A4621460020CDE92AB721B0BB
S21402E3F0BDE8F04FFEF7F6BF4B462A4621460120FF
S21402E400CDE92AB7F3E75B464A46294620462A97CD
S21402E41021B0BDE8F04F06F0B9BE012319A91A468D
S21402E4200DF16600F5F746FA00287FF4FDAB08F119
S21402E43001085FFA88F8013605F0C7F95FFA86FA2E
S21402E44050453FF60CAEB8F1000F3FF433AC35E45E
S21402E4509E6A002057610020D659002031610020B4
S21402E4608B49040056490400F8B5164B04461D882D
S21402E470154B20F8025B196879B10822EDF7E6F829
S21402E480124B0C201B78124EA372124B19780023E3
S21402E490DAB2914205D8FF2209E0C4F802104160C0
S21402E4A0EEE7013300FB03F7F75BAF42F0D10A4B0E
S21402E4B0E2721B782373094B1B786373084B1B6845
S21402E4C02361F8BD565A0020445500207061002092
S21402E4D040580020986A00205461002053610020B2
S21402E4E030550020F0B589B006460C4615460AF0AF
S21402E4F05FF80DF10A020146304609F010FF144F8C
S21402E5000346F0B901223A702288BDF80A102AB1F1
S21402E51002460090072004F01CF990B103A8FFF70A
S21402E520A3FFBDF80A000BF097FD0646BDF80A00E9
S21402E5300BF076FD21460090F3B2284603AA06F0B9
S21402E540A4F90023034A3B70136009B0F0BD00BF74
S21402E5507161002044550020142230B58BB0054668
S21402E5600DEB02011548DEF767FC10BBBDF8143050
S21402E570DA0720D413F0060FC3F3410208BFC3F331
S21402E58041220F4B0DF116019C5C68462246EDF7C0
S21402E5909BF9BDF8263004F128026A4402F8283CAA
S21402E5A002341B0A02F8273C69462A46E0B209F002
S21402E5B034F80BB030BD2320FBE700BF703214E006
S21402E5C06796040010B58AB0ADF826200022CDE981
S21402E5D0052204920CAA02924FF6FF720446AC2160
S21402E5E001200192064A039004FB01226032009247
S21402E5F04CF620010DF1260209F0C3FC0AB010BD4C
S21402E6002854002010B54FF6FF741E4A8AB0B2F89E
S21402E6106800B2F85E10A042ADF82600B2F85C3090
S21402E6204FF6FD70ADF8241018D081424FF000006E
S21402E63094BF48F660014CF66001CDE90500CDE9CD
S21402E6400300CDE9010094BF09AA603200920DF1E1
S21402E6502602042009F095FC0AB010BD81424FF054
S21402E66000008CBF603209AA00928CBF4CF6604153
S21402E67048F66041CDE90500CDE90300CDE9010089
S21402E680014AE6E7285400209254002000B50E4BBB
S21402E6900022B3F85E308BB0ADF824304FF6FF732D
S21402E6A0CDE90522CDE90322CDE9012209AA00928D
S21402E6B04FF400610DF126020720ADF8263009F06E
S21402E6C060FC0BB05DF804FB28540020202A10B52D
S21402E6D0144614D8012A04D10C88B4F5004418BF95
S21402E6E00124620030B10748ECF7B0FF064B002069
S21402E6F01C7010BD0548ECF7A9FF054BF7E7212073
S21402E700F7E700BF585A002072610020985A00208E
S21402E710736100202DE9F047104617460CF09FF86B
S21402E720DFF814A1DFF814919AF8003099F8002067
S21402E7300546134302D10020BDE8F08710F4406876
S21402E74000F0400619D186BBB0F5804F5CD24FF47C
S21402E750807400239AF80000344AD9B288425DD801
S21402E760002399F80000324AD9B28842E3D932F837
S21402E770021B0133A142F7D155E0F81C0CF06FF8EA
S21402E7804FF6FF73984214BF0124022486B1052671
S21402E79005F44043B3F5004F44F0080424D0B5F521
S21402E7A0804F23D244F4807420E044460326EFE7E9
S21402E7B0B5F5804F4FF00506F4D3B8F5406F14BF99
S21402E7C002200820304438440CF049F8194B05F46E
S21402E7D04045B3F85C3083420CBF44F0080444F072
S21402E7E00404B5F5004F01D144F08004B8F5006F7B
S21402E7F00ED1B8190CF033F80E4BB3F85E308342E4
S21402E800A7D144F01004A4E7444603260220D9E721
S21402E810B8F5406F08BF44F020049AE732F8021BAE
S21402E8200133A14299D1012086E700BF985A002001
S21402E830585A00202854002073610020726100207C
S21402E8402DE9F04F104685B0164698460CF007F8AC
S21402E8505D4F00F00803B7F85C10044600F00709A5
S21402E860F01C02930391B7F85EB00BF0F8FF06F1C6
S21402E870050A054650460BF0F2FF03464FF6FF70B8
S21402E880854218D00399A1EB050CDCF1000545EB97
S21402E8900C056D004FF6FF718B420ED145F0040554
S21402E8A00BF0E8FD029B6BB1B9F1000F11D04220CC
S21402E8B005B0BDE8F08F0125ECE79B4508BF45F0A3
S21402E8C00805EDE7B9F1030FF1D8DFE809F0021BFE
S21402E8D0795D0BF0CFFD08B9A807E8D524F0080447
S21402E8E0A4B2B4F5004F05D0B4F5624F02D0B4F529
S21402E8F0404FDCD10025294697F8A820002007F0D3
S21402E90042FE3CE0D7F88030E3B9002132460846A2
S21402E910FFF700FFD8B948F6410224F038039BB24D
S21402E9209342C4D10A2D49D0062DC0D197F877302C
S21402E930023B012BBBD8F3F745FD0028B7D140F6C2
S21402E940040505E04146304698470028DDD00825F4
S21402E950E20648BF45F08005A30648BF45F4805549
S21402E96005F00C03042BC6D1F01D0BF078FF97F8C8
S21402E970A8303246009341462B4607F0D9FD08B32D
S21402E9800E9B1880002093E7A90705D14FF6FF7368
S21402E990B7F85C209A428AD104F44063B3F5006F5C
S21402E9A00AD0B3F5406F82D1082250460749EDF7E8
S21402E9B047F900287FF47BAF0C25C9E70425C7E793
S21402E9C0432075E7192073E7285400208854002056
S21402E9D0034B1A781AB1FF2A04BF00221A70704736
S21402E9E07561002070B5084C084E2378F55C1DB1A1
S21402E9F03E2107480BF055FEFF2223782846F254A4
S21402EA000023237070BD00BF746100207561002072
S21402EA108F490400034B044A1B78D05CFF3818BFAA
S21402EA200120704774610020756100200023074AA8
S21402EA3007491360074A1360074A1360074A1160C2
S21402EA400121074A1170074A136070475455002087
S21402EA500D810300505500204C550020C869002047
S21402EA60D56A00205C5500200E2A70B50C46064674
S21402EA701546194603D9FFF7D9FF502070BD012865
S21402EA8007D10020F3F7B8FCB0B1FFF7CFFF212083
S21402EA90F4E780220021224B1A70224B1960224B87
S21402EAA01B684BB134200BF02FFB204B188018B993
S21402EAB0FFF7BCFF0120E1E724F0FF6323F4FF2306
S21402EAC01BB1FFF7B3FF4F20D8E774B92046F3F720
S21402EAD0ADFC0124032510F0800F43B21BBF00F0EB
S21402EAE01F039C409C4044F078440020104B24F0C6
S21402EAF078441E700F4B10491D70104B1C60104B53
S21402EB001870104B1A68F4F71FF818B1FFF78EFF4B
S21402EB100420B3E79DF810200B4B1A70AEE700BF37
S21402EB2076610020585500204C550020D85A002007
S21402EB307B610020796100202DEE02005C550020EA
S21402EB407A61002054550020776100207FB5244B5F
S21402EB5000251A7801232348234903FA02F2007893
S21402EB601A440A60ADF80E5020B3984236D11F4CB4
S21402EB701F4B20781B680DF10E0198471D4EBDF8FD
S21402EB800E20307092B11C4B294600932846022371
S21402EB900195F4F713F83278237822B1012A12BFCE
S21402EBA01B230133DBB2237004B070BD013818BFDB
S21402EBB00120F0E778235A43013A0A6008220F49F7
S21402EBC00BF0E8F90B49094A0978137821B10129B3
S21402EBD012BF1B230133DBB21370E5E71846E3E7E7
S21402EBE0796100207B610020605500207A61002058
S21402EBF0C8690020D56A002069EE020001A403005D
S21402EC00024B1868003818BF012070474C55002088
S21402EC1037B505461C460BF02DFC68B974B1084B97
S21402EC201A60084B0A461C600123294600930323F8
S21402EC30FFF71AFF03B030BD4D20FBE72520F9E7AA
S21402EC40485500205055002013B504460BF012FC20
S21402EC5058B962B1074B1A6001230A46009321464F
S21402EC600323FFF701FF02B010BD4D20FBE725206E
S21402EC70F9E700BF4C5500202DE9F0410446DDE9D6
S21402EC8006861D469DF820700BF0F4FB88B99EB1EF
S21402EC90A2B10B4B01201A600A4B0A46C3F8008049
S21402ECA0094B21461E602B460697BDE8F041FFF74A
S21402ECB0DBBE4D20BDE8F0812520FBE72120F9E7E9
S21402ECC0C869002054550020505500200148F4F72A
S21402ECD0ADBB00BFD85A00202DE9F0410020F3F763
S21402ECE0A1FE114B114C1E68114B20881D68114B5A
S21402ECF0114FD3F8008010B13978F4F771FD002077
S21402ED003870FFF793FEF4F7ABF90EB14046B04702
S21402ED103DB12088A84700232380BDE8F0410BF0D0
S21402ED203BBDBDE8F08100BF50550020D85A0020F8
S21402ED304C5500205C5500207C610020F8B52F4819
S21402ED40F4F764FE2E4B187830BBF3F76FFB2D4FAB
S21402ED5006463B6803B32C4B2C4D1C6824B195F930
S21402ED6000301A461946A047294B1B6883B1294C26
S21402ED702378312B0CD8284B18880BF051F92378BE
S21402ED805A1C22702A78C25423785A1C2270C654FF
S21402ED9080232B7000233B60204C23781A2B22D82A
S21402EDA01F4A1278012A09D100211E4A156825FA3F
S21402EDB003F0C007DAB20ED501B122700020F3F7D5
S21402EDC035FB2178884212D10022174B1A70FFF7C2
S21402EDD0BDFE40B9F8BD0133D8B21A284FF0010182
S21402EDE0E5D90A442270BDE8F840FFF775BF002057
S21402EDF0F3F72EFB0028E7D0F5E700BFCC6900202A
S21402EE007B6100205855002048550020766100207E
S21402EE104C5500207C610020D85A00207A610020E0
S21402EE20D56A00205C5500207861002008B50B4B9F
S21402EE30187880B90221F3F7CDFA094B1B782BB16B
S21402EE4000214FF6FF720846F3F7A6FABDE808401F
S21402EE500448FFF773BF00210846ECE77B610020F9
S21402EE6077610020CC69002038B5144B0C461D781B
S21402EE70012D21D181B90846F3F7D8FA104A05FACE
S21402EE8000F013680F4923EA0003136020462A465F
S21402EE90BDE838400BF07EB80B4A13780133DBB27C
S21402EEA0022B137004D9BDE838400848FFF746BF66
S21402EEB0FFF74CFE0028F6D138BD00BF7B6100206C
S21402EEC05C55002001A4030078610020CC69002074
S21402EED038B50C4605460BF0BFF8A04203D82D21E4
S21402EEE003480BF0DEFB28460BF09AF8204438BDA8
S21402EEF0A349040070B506460D460BF091F8044689
S21402EF0048B130460BF0A8F8A84203D8352102488B
S21402EF100BF0C7FB605D70BDA349040070B50C46DC
S21402EF20064615460BF098F8A04203D83E21044840
S21402EF300BF0B7FB30460BF073F800B1055570BD09
S21402EF40A34904002DE9F0438FB007460C46154648
S21402EF501E469DF85880F8F755F920B1F4F796FE4C
S21402EF6008B144F400544D4B1B7813B924F40074D2
S21402EF70A4B2200509D546B9284604A9F5F750F9E2
S21402EF80002846D024F40064A4B2ADF81840ADF8C8
S21402EF901A5007F0ABFC424BADF81C00B8F1000F5C
S21402EFA002D01A78424501D293F800803D4AE10524
S21402EFB0137848BF0DF1210103F10103DBB2137090
S21402EFC058BF08A922058DF81E808DF81F3006D579
S21402EFD03368083141F8083C736841F8043CE3049E
S21402EFE007D5314A0831136841F8083C536841F89E
S21402EFF0043C0DF11808A1EB08005FFA80F9002125
S21402F00048460BF081F8064628B900200FB0BDE846
S21402F010F08304AEB9E70BF003F841464A46ECF734
S21402F02053FC30460BF018F8804630460AF0F8FFDC
S21402F0300023024600934FF6FF7004235FFA88F11E
S21402F04007F076FAADF80E000028DED040F2011383
S21402F0501C421AD14FF6F7739D4216D80AF0FCFFEF
S21402F0600DF10E010446284600F090FDBDF80E0094
S21402F0700AF0F2FFE4B2A04207D9BDF80E0007F08C
S21402F080A4FA437843F004034370BDF80E003A46F0
S21402F09001210BF011F8BDF80E00B7E7AA600020B8
S21402F0A0926A0020AC60002031610020F0B5082989
S21402F0B0D58889B028D00C2926D0AE0424D405F0F1
S21402F0C040030B43424C267816B105F02004234336
S21402F0D02FB2002FB8BF43F08003032920D112239A
S21402F0E0AC068DF80430937A10D48DF805300DF105
S21402F0F0060401A9621A012392B2F4F7DBFBB0FA06
S21402F10080F0400909B0F0BD0B46DBE732228DF8ED
S21402F11005308DF80420002EE9D00DF11304E8E73F
S21402F1200C298DF804300ABF138953798DF80530FF
S21402F130548805BF1B0A8DF806308DF805300DF190
S21402F140070318BF0DF106031C70240A5C701488AE
S21402F15002399C70240ADC70147901291C7111D8BA
S21402F160917A002F597131DA022112899971DA7176
S21402F170120A03F109041A72002EBAD0AB06B8D5E9
S21402F1800534B6E7A9071AD4002F0CDA117A51B162
S21402F190917A59711189127A03F1080492B1022206
S21402F1A09A71D971E8E70B4C217801F1010C84F8C9
S21402F1B000C091729C1D002F5971DDDAEAE7917A40
S21402F1C09C1DF8E70122090A9A71EAE79C1DD3E71B
S21402F1D0AA600020AB600020014B1880704700BF79
S21402F1E0DA5A0020014B1888704700BFDA5A00200E
S21402F1F02DE9F84307460BF04DFA05461B480BF07F
S21402F200C0FB1B4B60B31C683C1B2C44A4B2002200
S21402F210184BDFF868901B78174D03EB830399F8B9
S21402F220006005EB43055FFA82F846450AD9AB88CB
S21402F23005F10A00A34216D90A23B21A29465A43EE
S21402F240ECF704FA013689F80060AC80B8F1000FDA
S21402F25003D1394605480AF0CFFF2846BDE8F883B1
S21402F2603C461D60D3E705460132DCE7EC69002028
S21402F270645500207D610020725900207E610020C6
S21402F2801FB5154A154C1378013BDBB21370616843
S21402F290206801AA03C221891180114A1278D21865
S21402F2A005D00A2320465A43E118ECF7CFF99DF819
S21402F2B006301B070DD0BDF80C00FFF799FF03467A
S21402F2C08288ADF8082001AA03CA1288186059601D
S21402F2D01A8104B010BD00BF7D6100207259002063
S21402F2E07E610020002108B5084B09481970094BB9
S21402F2F01970094B1A7802EB82025200ECF754F9A5
S21402F300BDE808400548F4F781BB00BF7E610020D7
S21402F310725900207D6100209C6A0020EC69002062
S21402F320F8B50024084D094F094E3B783178E2B211
S21402F3300B449A4204F1010400DBF8BD2846F4F7B8
S21402F34075F80A35F1E700BF725900207E61002089
S21402F3507D61002010B5064C207828B1054807F0DC
S21402F36060FE10B1034B188810BDFFF789FFF3E764
S21402F3707D6100207259002008B50A4A03461078BB
S21402F38060B1094A1088984209D121B9937810339E
S21402F39023F00F039370FFF773FF012008BD0020D0
S21402F3A0FCE700BF7D610020725900202DE9F74F6F
S21402F3B000260BF06FF9DFF8F890B24699F8007065
S21402F3C0B3463A46DFF8EC801FFA80FEB8F800C073
S21402F3D0344CAEEB0C039BB201932378324D009370
S21402F3E003EB830305EB4303ACEB0E0C5FFA86FEDE
S21402F3F0BE4515D3BAF1000F01D0009B2370BA4266
S21402F4002AD3002F37D00A222378C8F8000002FB3E
S21402F41003532648998803B0BDE8F04F0AF0ECBEC5
S21402F420B3F804E001998E4512D84FF0010A00990C
S21402F43093F802E001310EF1FF3EC9B2013AA3F899
S21402F44004B083F802E00091D2B20A330136CDE767
S21402F450E644A3F804E0F8E789F800204AB10A2255
S21402F4602378C8F8000002FB0353104899880AF074
S21402F470C3FE237813B903B0BDE8F08FFFF76AFF27
S21402F48006460028F5D006F0D4FF0146304607F0BF
S21402F490C5FD20B100212888FFF76EFFE9E740F698
S21402F4A00241F8E77D61002072590020EC690020D5
S21402F4B07E610020645500202DE9F04192F8088014
S21402F4C01F4608F1FF33DBB2EF2B05460E46144605
S21402F4D088B00BD982238DF80E30314628469DF827
S21402F4E00E30204AFEF740F8012037E00E220021B7
S21402F4F004A8ECF759F8B4F809308DF81180ADF885
S21402F5001230E37A03F07F02032A08D0012B24D1BB
S21402F51003238DF81030A389ADF815300EE0032BC7
S21402F52014BF022301238DF81030E368CDF815309E
S21402F5302369CDF81930237D8DF81430A7F1210107
S21402F5404A420DF10E034A41009321460DF10F0384
S21402F55004A8FDF737FC0028BFD1002008B0BDE89C
S21402F560F08100BFAFFE03002DE9F04F00241D78A6
S21402F57095B0CDE902010492234622460120CDE948
S21402F5800054404908F0BEFEADF81E00F8B1A3468E
S21402F590264627460DF120090DF1380AE8F7A4FFA2
S21402F5A05FFA84F8404516D83A460221BDF81E0096
S21402F5B0FFF7B4FC32460421BDF81E00FFF7AEFC8E
S21402F5C0DDE903100022BDF81E30FDF7CDFF012055
S21402F5D015B0BDE8F08F4A4640460AA9FDF7E4FB9F
S21402F5E09DF8282022B12DB1013DEDB20137FFB2C0
S21402F5F00134D3E7BBF1000FF8D199E803009DF878
S21402F60029308AE803008DF84030BDF82A30032AF4
S21402F6108DF841304FEA13238DF8423017BF03238B
S21402F62001238DF843309DF82C30DDF83110DDF8DB
S21402F6302D0014BF8DF84C308DF8433011AB03C348
S21402F64002980CBF4FF00E084FF0150808F001FAAA
S21402F6500590BDF81E000AF0FFFC059900EB0803B2
S21402F66099420BDB0123424651460DF11E00F4F788
S21402F67021F90028ABD10136F6B2B7E74FF0010BFD
S21402F680B4E700BF8649040038B505460D4B0E4860
S21402F6901C88F4F7A7F9012D0CD10C4B1C88FA2113
S21402F6A0614358B1884209D28408012C204638BFEB
S21402F6B0012038BD022D08BF0224F0E702480AF0F6
S21402F6C09BFDF2E76E590020944500206C590020FD
S21402F6D0012208B5054B06481A7000210AF08CFD77
S21402F6E0BDE808400020FFF7CFBF00BF95600020AE
S21402F6F0944500201E4B73B51A8802F108039BB28C
S21402F700012B02D81B4B1B7823B902B0BDE8704010
S21402F710F4F77CB90024184B184D1C70184B1C705B
S21402F7202B787BB14FF6FC73164E00932246234687
S21402F7302146308808F0B3FB4FF6FD732C703380F9
S21402F74001200FE0104B1046197807F065FC0028E0
S21402F750F6D10C4B1A884FF6FD739A42F0D001236D
S21402F76002202B7002B0BDE87040FFF78DBF00BFCD
S21402F7707059002095600020986000209660002056
S21402F780976000206A59002099600020012808B579
S21402F7900AD002280CD020B9084B18700848F4F793
S21402F7A035F94FF0FF3008BDBDE80840FFF790BFBF
S21402F7B00020BDE80840FFF767BF00BF9560002045
S21402F7C09445002002280CD859B1064A1378013312
S21402F7D0DBB21370044A12789A4202D80220FFF76C
S21402F7E0D5BF7047976000209A60002038B5A0F613
S21402F7F01343012B04460D4615D80E4A13780133DF
S21402F800DBB213700C4A12789A420CD84FF6FD728D
S21402F8100A4B00201988914201BF00221D80084B26
S21402F8201A70FFF731FF29462046BDE8384005F03A
S21402F83030B800BF986000209B6000206A59002004
S21402F8409660002000234FF6FD71054A1370054AA4
S21402F8501370054A1180054A1370054A13707047E3
S21402F86098600020976000206A5900209660002069
S21402F8709560002030B5094B02461B7833B1084B21
S21402F880084C19780023D8B2884201D3FF2004E03E
S21402F890013334F823509542F5D130BD9B6A0020DF
S21402F8A09D6000204A5900200022FF21044B054893
S21402F8B01A70054B1970054B1A789200EBF774BE56
S21402F8C09D6000204E5900209C6000209B6A00200C
S21402F8D0F7B58DF807100DF10701044602F0A5FFF3
S21402F8E0234B1D78002D41D02046FFF7C3FF214E43
S21402F8F0FF283178204B05D1204A107885422DD931
S21402F900451C1570884219D01C4A1B4D92F800C03F
S21402F9100022D7B2BC450CD92F4697F803E0013235
S21402F920864505F10405F4D102B203EB8202D278D1
S21402F930FA7002B203EB8202D170307002B203EBAD
S21402F940820123F82240FF228A709DF80720FF2AB0
S21402F95002D003EB8203987003B0F0BD0A4610464D
S21402F96003EB8202D278FF2AF9D1CBE7FF20F3E736
S21402F9709B6A00209C6000204E5900209D6000205B
S21402F9802DE9F843FFF776FFFF28044669D04FF6C5
S21402F990FF72354F03B2DFF8DC80344E27F823209F
S21402F9A098F80050A54202D10020BDE8F8833378CB
S21402F9B020B28100A34207EB800090F803E010D04B
S21402F9C00023294A5FFA83F94D45944606D99CF8E6
S21402F9D003900133A14502F10402F3D18CF803E04F
S21402F9E001E086F800E0013DEDB22A1BD2B20431F6
S21402F9F092003944EBF72AFE88F800503378FF2B42
S21402FA0004D0A34224BF03F1FF33337000214FF624
S21402FA10FF70154BCAB2AA420CD300234FF6FF71F1
S21402FA20134ADCB2AC42BBD2013332F8230088421E
S21402FA30F7D1B5E79A78A2420BD11880DA78FF2A76
S21402FA4004D0A24224BF02F1FF32DA70013104333D
S21402FA50E0E7FF2AF2D0A24224BF02F1FF329A70F8
S21402FA60ECE72D20A1E700BF4E5900209C60002045
S21402FA704A5900209D600020F8B51C4B05461B78AD
S21402FA80084673B3FFF7F6FEFF28044629D0284639
S21402FA90FFF7F0FEFF2806D0154B164E1A78002305
S21402FAA0D9B2914218D3FF212846FFF711FFFF284B
S21402FAB0014616D00546104F23B207EB830237F8ED
S21402FAC023009678FFF704FFA84208BFFF25FF2E03
S21402FAD0214608D12846F8BD013316F82310814284
S21402FAE0DED1FF25F6E73446E6E700BF9B6A002034
S21402FAF09D6000204C5900204E5900202DE9F0410F
S21402FB0080460E461F46002386B001A814469DF87E
S21402FB1030508DF80330FEF7A7FCADF804802EB106
S21402FB203368CDF806307368CDF80A3038460AF0E6
S21402FB3077FA0DF103034219214601A804F0B5FE37
S21402FB409DF8033093B931464046E8F7C1FE0E4BA6
S21402FB501B785BB10B2C09D8FF214046FFF7B8FE95
S21402FB60064605EB4404E4B2A54202D106B0BDE85F
S21402FB70F0812946384608F068FB3146FFF7A8FEB2
S21402FB8002350646EDB2EFE79B6A002000232DE918
S21402FB90F3470DF107028DF8073004460E4602F0D1
S21402FBA02FFE9DF80730054663B92046FFF762FE32
S21402FBB004465EB130880AF04FFA5FFA80F8FF2CEE
S21402FBC045D10025284602B0BDE8F087B046F6E7E4
S21402FBD001320C2AF5D02DB207EB8505AD78FF2D44
S21402FBE0F6D112F0FF0AECD04FEA4A050235EDB222
S21402FBF0002EE7D0304605EB080108F0EBFA0028A5
S21402FC00DFD1524641463088FFF788F90AF1FF32C3
S21402FC1008F1010108F102093088D2B2C9B25FFACE
S21402FC2089F9FFF77BF924B207EB8404A478FF2C4A
S21402FC30C8D023B2494637F82320308808F015FB8F
S21402FC400028BED109F102095FFA89F9EBE72546D9
S21402FC500022014FBFE700BF4E59002008B5D5F776
S21402FC60D7FED5F7C1FA00F04AFAD6F7D5FEBDE8B8
S21402FC700840D5F76BB810B5044601880120D5F7C1
S21402FC8085FFE3880BB9C823E38010BD37B5044669
S21402FC90D5F78AFF658885420ED8A188E288814218
S21402FCA005D3431B5343491BB3FBF1F39AB280B20D
S21402FCB040EA024003B030BD0022F8E770B50C46B9
S21402FCC0088800F04BF994F84430054683420FD07A
S21402FCD004F11C06304600F07CF984F8445000F02B
S21402FCE07CF9618BA0643046BDE8704000F06CB9C8
S21402FCF070BD38B5044690F844108378826CCB1AEF
S21402FD0059425941D5F78CF8E37893B1257985B9EC
S21402FD1000F063F90346A268218A04F11C009C1ACB
S21402FD208C4236BF52182946D11ABDE8384000F038
S21402FD304BB938BD09B100F0FDB800F005B938B5C9
S21402FD408388044603B3E3780088A17804F10C059F
S21402FD50A3B10023B1FA81F1E3704909FFF7EAFF84
S21402FD604FF6FF72A388218993421CBF03F1FF332B
S21402FD70A3802846BDE8384000F026B90123E37088
S21402FD80FFF7D8FFE188F4E738BD10B5044681785E
S21402FD900088FFF7CFFF0123E3700023A38010BD86
S21402FDA010B581780446B1FA81F100884909FFF757
S21402FDB0C1FF0023E370A38010BDFFF7F1BF70B54B
S21402FDC00446054600262B4655F8040B10B11B1BAD
S21402FDD00C2B00DD70BD237C8680002BF3D0637C69
S21402FDE013B1FFF7D2FFEEE7FFF7DAFFEBE7FFF715
S21402FDF0E6BF70B5044605464FF6FF762B4655F825
S21402FE00040B10B11B1B0C2B00DD70BD8388B342A4
S21402FE10F4D04FF4FA724FF6FF731146D5F754F842
S21402FE20ECE709B100F086B800F08EB810B50446CB
S21402FE30C0600830D6F71CF821792088B1FA81F123
S21402FE404909FFF7EEFFA37943B121796088B1FA39
S21402FE5081F1BDE810404909FFF7E3BF10BD00F08D
S21402FE60A9B80346184613F8012B8A4201D0002A85
S21402FE70F8D1704710B53B2104460068FFF7F1FF42
S21402FE800022034603F8012B2068236010BD10B53C
S21402FE9040B1421E0A24002012F8013F303BD9B27C
S21402FEA0092900D910BD04FB0030F5E708B500F0BB
S21402FEB07EF808B540F2BA4200211020D5F7E4FDDC
S21402FEC041F2E823584340F6FF7300F2FF70B0FB9E
S21402FED0F3F080B208BD50F80C3C23B150F8041C75
S21402FEE030F80E0C18477047084619B1FF2110303B
S21402FEF002F0ADBB704773B505460E466DBA1446A2
S21402FF00D5F7ECFEADF804507EB1012C04D0032CDC
S21402FF1009D00022012101E02246022101A8D7F7DA
S21402FF208BFF02B070BD0022F7E7042132460DEBCC
S21402FF300100F4E707B540BAADF8040001A8D7F708
S21402FF40AFFF03B05DF804FB07B540BAADF8040096
S21402FF5001A8D7F7D1FF03B05DF804FB002307B56D
S21402FF6040BAADF804000DF1030101A88DF8033084
S21402FF70D7F7EEFF9DF8030003B05DF804FB0078A8
S21402FF8000F0DF03552B07D0642807D0663818BF69
S21402FF904FF0FF30C0B27047012070470320704711
S21402FFA018B12D280CBF012002207047704708B5F3
S21402FFB001F03FFF08B500F083F8BDE8084004F002
S21402FFC042BC50E9023018470A460830FF2102F0C8
S21402FFD035BBFF21083002F042BB08B50AF0B9FB78
S21402FFE0BDE8084009F0D0B813B500240DF10700AB
S21402FFF08DF8074003F0D9FB40B99DF80700033897
S21403000003288CBF0020012002B010BD2046FBE76A
S2140300102DE9F041044600274FF00C0E8F4202DB19
S2140300200020BDE8F0812078904204D1002594F8A2
S2140300300780454502DB01370C34EFE70EFB05F678
S214030040D4F808C00CEB06003CF806609E42E8D0E5
S2140300500135EEE7F0B585B005460E461746D5F7EB
S2140300605DFF0446A0B131462846D5F70FFF8378D7
S2140300703A46002BA36831460293A3782846019399
S2140300804FF0000300930CBF80234023E4F7BCFE2D
S21403009005B0F0BD08B51288D5F740FF50B1027918
S2140300A0BDF80C309A4207D881680298EBF7CEFA6F
S2140300B0002008BD8620FCE78920FAE7D6F732B889
S2140300C0002004F03CBC08B504F0A1FC002814BFD3
S2140300D00320002008BD10B50446FFF785FF20B1B6
S2140300E02046BDE81040DFF7D5BD10BD08B5FFF7C5
S2140300F07BFF18B1BDE80840DFF7BEBD08BD7047FB
S21403010008B502F080F9FFF7A9FDD6F777F8642063
S214030110DFF7D0FD6420DFF7BDFD02F076F9D4F7F4
S21403012043FE08F08BFCF8E7F8B5D0E90176437B8D
S21403013004460D4613B133463E461F46FFF74DFFB2
S214030140012D206438460ED1D4F724FF3046D4F769
S21403015045FF257360784FF47F42BDE8F8404FF4BF
S2140301608171FFF777BF022D05D1D4F737FF3046ED
S214030170D4F710FFEDE7D4F731FF3046D4F72EFF60
S2140301800025E6E738B5037B04468B420D4607D1C8
S21403019090F844305BB3BDE838404830FFF719BFEA
S2140301A0FFF71BFF216C431AC72B0CD80123C8315A
S2140301B084F8455084F84430091A04F14800BDE831
S2140301C03840FFF701BF0DB1237B2BB929462046E4
S2140301D0BDE83840FFF7A8BF00212046FFF7A4FF7D
S2140301E00123C82184F8455084F84430E5E738BD38
S2140301F090F84510FFF7C6BF0121FFF7C3BF0221E2
S214030200FFF7C0BF0021FFF7BDBF4FF6017399424A
S21403021010B5044602D10021FFF7B4FF2046BDE81F
S2140302201040D6F78BB9032910B504462BD0007BB4
S21403023030B9012903D002290CBF0120FF2010BDCD
S214030240032A07D8DFE802F00208101401291CD09D
S21403025002291FD0FF20F2E70029FBD1B4F85C2067
S214030260012A12D0022AF4E704290ED00529F0E762
S214030270042914D0052914D00029EBD1B4F85C2046
S214030280111F0129ECD80220D9E75A1E53425341C5
S2140302905800D4E7022B0CBF02200120CFE7002032
S2140302A0CDE70120CBE730B587B005460C46D5F73A
S2140302B027FF012820D11CB1611E4B424B41580039
S2140302C06B784FF480728DF804304FF48273ADF878
S2140302D006304FF48173ADF8083001238DF80B30E8
S2140302E0002385F8900001A8CDE903238DF80A4082
S2140302F08DF81430D5F73CFF07B030BD4168034690
S214030300C978027B99B98168C97899B9002A08BF68
S2140303100321D6F7D7B99B7B002B0CBF0121022103
S214030320F7E79B7B002B0CBF02210121F1E7012A93
S214030330F1D17047012AF4D17047042910B5044659
S21403034004D831B1BDE81040D6F740BA05290DD020
S21403035010BD037B5522002B08BF0321A0F85C10B9
S21403036040781221FFF776FE2046EBE743681A8AA9
S21403037083681A82E6E70123037303780133437322
S2140303804FF44073C381032303740023A0F85C3047
S21403039080F89030704738B504460D4601B9458954
S2140303A00123E373FFF719FEFA2202FB050020611F
S2140303B02089BDE838405043FFF78DBE10B504468C
S2140303C0806BD8B1E278022A04D0636B5B7972B98A
S2140303D084F83C3094F83C306BB1FFF7D6FC607879
S2140303E04FF60272BDE810400621FFF733BEB3FA9C
S2140303F083F35B09ECE7FFF7D3FCF0E710BD10B51A
S2140304000446406BD4F7C6FD2046BDE81040FFF710
S214030410D5BF10B50446406BD4F7E0FD2046BDE8D3
S2140304201040FFF7CBBF10B50446406BD4F7FCFD76
S2140304302046BDE81040FFF7C1BF10B504460022B2
S21403044006214078FFF706FEA378022B01D0FF2B88
S21403045004D12046BDE81040D6F71ABD10BD4FF6AE
S2140304600273994210B5044601D1FFF7A7FFE3785C
S214030470022B02D02046FFF7A1FF2046BDE810401E
S214030480D6F706BD10B5D0F8A4407CB103791BB1EE
S2140304904079D6F7BDFD48B9A3883BB9322220463A
S2140304A0BDE8104001231146D4F70EBD10BD10B5AC
S2140304B00446FFF7E7FFA278237982B913B12046F3
S2140304C0D6F7CCFD2046D6F709FE03236078A4F8BA
S2140304D06C305522BDE810401221FFF7BBBD012B3F
S2140304E002D12046D6F7BAFDA379012B02D12046C6
S2140304F0D6F7F4FD0123E9E710B583780446ABB9D4
S214030500FFF7C0FFA3788BB9237913B12046D6F73C
S214030510C5FD2046D6F726FE04236078A4F86C3083
S2140305205522BDE810401221FFF794BDB4F86C3095
S214030530022B0DD02379032B02D12046D6F78EFD4E
S214030540A379032B02D12046D6F7C8FD0023E4E7A0
S2140305502046D6F749FEF9E7827883685AB9DB78EE
S214030560002B14BF03230423A0F86C30552212215A
S2140305704078FFF76FBD1A7922B9DB78003B18BFC6
S2140305800123F1E70223EFE77FB500239E6A0446C3
S214030590B6F5804F0D460CD201A8D6F7D1FF039BC4
S2140305A05B0506D529462046336C04B0BDE870408B
S2140305B0184704B070BD00239B6AB3F5804F05D27D
S2140305C01B6BB3F5804F01D29B6818474FF48170BD
S2140305D070471FB500239A6AB2F5804F04D340F2E2
S2140305E0011005B05DF804FB126BB2F5804FF6D22E
S2140305F0012201A8CDE902338DF80420D6F7A0FF27
S214030600039BDB03EBD5029B1A0EE8D0012A03D12A
S214030610C3F307430A2BE2D900239B6A1B6B1B6CAD
S2140306209847DEE708B50AF047FAB0FA80F04009C3
S21403063008BD134610B542B103439B0707D10AF022
S2140306403FFAB0FA80F0400910BD0120FCE7002015
S214030650FAE700230360704703680B600160704786
S21403066010B538B132B129B100230139D45C14B9BD
S2140306700023037010BD8B42FAD200F8014B0133FE
S214030680F4E7034638B10020814204D01A5C02B96D
S21403069070470130F8E770474FF0FF31FFF7F1BFBF
S2140306A070B50C461646054660B15AB151B1FFF710
S2140306B0F3FF844206D9211A32462844BDE8704027
S2140306C0FFF7CEBF70BDFEE7FEE700239A4200D1D8
S2140306D0704710B550F8234041F8234001339A423F
S2140306E0F8D110BDD7F78CBB4369426CD91C143ABA
S2140306F0B1FBF2F103EBC1000330B0FBF2F00230C2
S214030700704738B505460C46FFF7EEFF6A6CE31DE7
S214030710143AB3FBF2F3013304EBC30402FB0040C9
S21403072038BD38B5054644692146FFF7EAFF6A6CCB
S214030730E31D143AB3FBF2F3013304EBC304204482
S21403074038BDF7B507460E4600257C6CA8196442EB
S21403075080EA06031C4003D02C46204603B0F0BDB7
S214030760FB6B01225B6901A99847019B0133F4D116
S2140307700435EAE770B505460C46D9F717F9EB6B6F
S2140307802046BDE87040DB68184770B50025044670
S21403079086B00562E369AB4202D8206A06B070BD34
S2140307A0666C2068E36B05225B6901A906FB0500FE
S2140307B0984701A800F023FC00F046FC10B1236A1A
S2140307C0013323620135E5E738B50446456C006816
S2140307D004F1400305FB0101E06B00F042FC054613
S2140307E02046FFF7D2FF284638BDF0B5054600265B
S2140307F087B0EC69013CB44203D80C46204607B0E8
S214030800F0BD01B14C1E6F6C2868EB6B05225B696B
S21403081001A907FB0400984701A800F0F0FB00F0CD
S21403082013FC0028EAD121460136E2E7F0B5044678
S2140308300D46466CE36B006887B005225B6901A929
S21403084006FB0500984701A800F0D9FB00F0FCFB67
S21403085020B101A800F0AAFB07B0F0BD2946204648
S214030860FFF7C3FF0646676C2068E36B05225B69E8
S21403087001A907FB0600984701A800F097FB431C55
S214030880EAD0B54238BF0130E6E72DE9F0434FF62C
S214030890FF79D0F8248004460E46C84514BF454663
S2140308A00025002787B0E369BB4202D807B0BDE83E
S2140308B0F083E26B2368606CD2F814C000FB05304B
S2140308C0052201A9E04701A800F099FB022806D0FB
S2140308D0C8450CD1721C29462046FFF775FFE3690D
S2140308E00135B5FBF3F2013703FB1255DBE7294667
S2140308F02046FFF79BFFB0F1FF3F14BF0246324688
S2140309000132E8E70368F0B5CC1A436C0646B4FB3D
S214030910F3F4002587B0F36937685A1E9542706C66
S21403092008D3706C336800FB043007B0BDE8F040B2
S21403093000F095BB0134B4FBF3F203FB1244F36BF4
S21403094005225B6901A900FB0470984701A800F023
S21403095056FB00F079FB0028E3D10135DBE710B442
S21403096023F0030422449B070A44436C18BF043253
S2140309705B4281EA0204234203D05DF8044BFFF78F
S214030980C1BF10465DF8044B70472DE9F041D0E92E
S2140309900A369E42044686B028D11422C3694568A7
S2140309A002FB1355284606B0BDE8F0812068676C45
S2140309B0331AB3FBF7F3E26B07FB0300D2F814809A
S2140309C001A90522C04701A800F019FB012804D09D
S2140309D0636C1D44013B3340ED1A31462046FFF756
S2140309E091FF0646A36AB342E0D1DBE70025F9E7A9
S2140309F008B508301346D1E90012D8F75DFF012089
S214030A0008BD13B50C460021217600936168134692
S214030A102246D7F74BFB18B1E37D03B1A07EA07542
S214030A20A07D02B010BD73B5164600F108050C464E
S214030A30284609680DF1070200F098F9032E06D13F
S214030A406368834203D12846216800F076F90120C3
S214030A5002B070BDD01E009B42424241187E8242C5
S214030A6011D11A688A420ED85A688A420BD35A6939
S214030A7001325A61D3E9030282423FBF986840F8C5
S214030A80221001321A610120704710B5032A029C16
S214030A9007D1A26A5340626C5242134201D100F05E
S214030AA04CF9012010BD08B5C36800209847BDE87F
S214030AB00840D8F783BF012814BF0420022070B56E
S214030AC0002442431C70CC7D101D02F002024CB978
S214030AD01AB1012220F003001A7000F108034868D7
S214030AE0184470BD1AB1012220F003001A700023C7
S214030AF00C7E01F12005DAB2A24201D30020F0E712
S214030B0035F833205E1C824206D901EBC30300F19D
S214030B100802D8691044E4E73346801AEBE773B556
S214030B20054690F842601C4630460DF10303FFF776
S214030B30C2FFEB6B012E5B690DD1324601A99847C4
S214030B409DF8033013B1BDF806300193BDF80430A9
S214030B50236002B070BD0122214602B0BDE870409A
S214030B601847F0B5054600244868EB6B87B00E4679
S214030B7001225B69029402A908309847274695F834
S214030B804230012B40F0AC80632C00F2AB80612C2A
S214030B9008D805AB224631462846FFF7C0FF9DF826
S214030BA014305BB305AB2246314628468DF81070E9
S214030BB0FFF7B5FF95F84230012B059B7FD14FF623
S214030BC0FF72934256D0082205A904A800F063FAE0
S214030BD0059B9DF81010C3F3072291424AD1DBB25E
S214030BE0029A1A44029245E0DCD005AB224631460F
S214030BF02846FFF794FFBDF81430D2E795F8423045
S214030C00012B39D1612C2ED822463146284603AB18
S214030C10FFF785FF3146284604AB621CFFF77FFFCC
S214030C203146284605ABA21CFFF779FF102208239E
S214030C300DEB02010DF107008DF8073000F02BFADB
S214030C40102205A90DF1070000F025FA039BDAB27E
S214030C504AB99DF80720B2EB132F04D1DDE904321D
S214030C6003EB0243029395F84230012B14BF012392
S214030C7002231C44013482E7302CF4D82246314642
S214030C80284603ABFFF74BFF3146284604AB621CEE
S214030C90FFF745FF102320220DEB03010DF107009C
S214030CA08DF8073000F0F7F9039B9AB2002ADAD1E1
S214030CB09DF80720B2EB134FD5D1049BD2E701333F
S214030CC0D8D0102205A90DEB020000F0E4F9059B2D
S214030CD09DF81010C3F307429142CBD19BB27FE736
S214030CE0312C81D9029807B0F0BD13B500240194C6
S214030CF0049C0094D7F7B6FE02B010BD13B50124CA
S214030D000194049C0094D7F7ADFE02B010BD0023F7
S214030D104FF0FF3230B544689C4202D10023037281
S214030D2030BD016801EBC30541F833206A60013327
S214030D30F2E7C0E90012FFF7EABF0023F0B5456803
S214030D409D4210D00468DF0054F8332004EBC3063A
S214030D50B2F1FF3F08D0C2F31302914204D14FF021
S214030D60FF33E3517360F0BD0133E9E70023F0B5C9
S214030D7045689D4202D14FF0FF300EE00468DE0066
S214030D8054F83340671C09D0C4F31307B94205D19E
S214030D90240D1470036833445868F0BD0133E8E744
S214030DA0704770B59400224605460E4609F088FE45
S214030DB0431C0AD058B9224631462846EAF740FF74
S214030DC0002814BF3D20002070BD6E20FCE7712074
S214030DD0FAE713B5044601A8D9F76EFE9DF8063068
S214030DE023804FF480736380D9F774FE606000201D
S214030DF002B010BDD9F7E4BD08B5D9F7D5FD00207C
S214030E0008BD10B5044644EA010313F0030308467D
S214030E1009D1934201D1002010BD54F8231040F8A5
S214030E2023100133F5E721469200EAF74DFDF2E77A
S214030E3010B5044609F040FE431C10D088B9D9F714
S214030E4049FE234620F003002044984201D10020A7
S214030E5010BD53F8042B0132F7D03E20F8E76E207E
S214030E60F6E77120F4E7704713B5002304460146FE
S214030E701B220DF107008DF8073000F00CF92268ED
S214030E809DF80730B3EBD26F0CBF0120002002B0F1
S214030E9010BD13B500230446014620220DF10700BA
S214030EA08DF8073000F0F7F80DF107001A22211D20
S214030EB000F0F1F862689DF80730B3EB926F0CBF51
S214030EC00120002002B010BD0068431C5842584160
S214030ED07047006810F07E0F0CBFC0F3C16000209F
S214030EE070470068C0F3D3107047006800F07F00B7
S214030EF001288CBF002001207047036813F07E0F83
S214030F0014BF042008207047036813F07E0F03D134
S214030F10406820F07C40704713F078001CBF03F055
S214030F207F03D81F7047006800F07F0070470328D0
S214030F3009D0022803D1C1F10201C8B270470029C3
S214030F400CBF07200020704737B5054601F10C0497
S214030F5043696946012220469847BDF800300122BE
S214030F6001932046AB6901A9984703B030BD37B556
S214030F7001F10C0443690122694605462046984759
S214030F804FF6FF72009B99B291420DD16FF30F0398
S214030F9043F4254343F0A503019301222046AB699E
S214030FA001A9984703B030BD0020FBE737B50446D8
S214030FB000251B22011D0DF107008DF8075000F0D8
S214030FC06AF860689DF80720B2EBD06F03D120F073
S214030FD0784003B030BD0DF107001B2204F1080171
S214030FE08DF8075000F057F8A0689DF80730B3EB6C
S214030FF0D06F01D1C043EAE74FF0FF30E9E74BF289
S2140310009A22036810B5B2EB134F044613D19BB272
S214031010012B13D1FFF7CAFF01300CD04FF6FF7236
S214031020E068B2EB104F4FEA104309D180B2C01A02
S21403103018BF012010BD2368013303D00420F9E74D
S2140310400220F7E70320F5E701288CBF00200120E4
S2140310507047033801288CBF0020012070471430E6
S21403106070472DE9F04105469846036908460E4643
S21403107017469847044638B943463A463146284603
S214031080D8F70CFD044618B131462846FFF75CFF37
S2140310902046BDE8F0811F2A0B689EBF4FF0FF3144
S2140310A091408B43590801F055315B1A03F03331F5
S2140310B09B0803F033330B44017803EB13130A4402
S2140310C04FF0013103F00F334B43A2EB1362027070
S2140310D0704708B507F05AFBBDE808400021D8F76B
S2140310E0E7BD02210320D8F7E1BF7047704770477A
S2140310F0704770B5054614460E4609F0D0F92B68BE
S2140311005C4034405C402C60BDE8704009F0C2B9D6
S21403111010B5002422B1032A0CD00360047110BD5D
S21403112011F4000218BF4FF07F4221F07F431343B0
S2140311300C0EF2E721F0FF03CCB2EEE730B5012444
S21403114000F5805345685C60CB784A785B0443EAD5
S21403115002230A7813438A78120402F48032134374
S214031160C0F89830EB075CBF00F50050446030BD14
S21403117070B501260C46054600F500535E600B78F5
S214031180497803F0070343EAC103E17843EA0123FE
S214031190A178090101F030010B430367C36AA17903
S2140311A023F48B3323F4807343EA01432179090242
S2140311B001F4E0610B436179090301F480510B43A9
S2140311C0C3621146FFF7BAFF05F580535E60E37905
S2140311D003B1EE6070BD08B50A6FC96F02F007026F
S2140311E0FFF796FF08BD13B5044601A8D9F764FCBC
S2140311F0042C04D8DFE804F00616031013000020BE
S21403120002B010BD40F29C4040F2BA439DF8052060
S214031210012A08BF1846F3E740F6B830F0E74FF464
S2140312201660EDE740F2E240EAE74FF050234FF452
S21403123000321A6770474FF0B0435A6812B19A6A81
S214031240002AFAD1704770B5054614460E4609F0D3
S21403125026F92B685C4034405C402C60BDE8704047
S21403126009F018B90122417803788A4030214B43AC
S21403127042F2100103F1A04303F570335A5070474E
S21403128021FA00F2D20730B5034600F0FC040FD56E
S21403129000220132D2B2042A02D14FF0FF3008E016
S2140312A0831803F00303234421FA03F5ED07F0D470
S2140312B0184630BD00207047002070470020704756
S2140312C00020704701207047012070470F207047A9
S2140312D0EBF7D0B9002307B5CDE900330123694600
S2140312E04FF0FF308DF8023004F058FB03B05DF882
S2140312F004FB0020704710B508B9212010BD002953
S214031300FBD0036813F0704205D1C3F30E030B60E2
S2140313107BB10020F2E703F05044B4F1004F05D050
S214031320B2F1304F02D0B2F1404FE6D103F07F0363
S214031330EDE74368002BE0D00B60EAE737B50C46D1
S214031340054610B9212003B030BD0029FAD000238A
S21403135001A90193FFF7CFFF0028F4D12968019A6A
S21403136011F0704102F1030222F0030201D1226060
S214031370E9E7AD68B1F1004FC5F38033C5F34035F7
S21403138004D103EB450353432360DCE7B1F1204F5D
S21403139001D12B44F7E7B1F1304FFAD0B1F1404F0A
S2140313A0F7D0CFE737B50C460546002800F0878010
S2140313B0002900F0848000230B60036803F0704369
S2140313C00B60C26822B1032A79D143F080630B60B5
S2140313D0AB689A0149D403F08073EA680AB9002B14
S2140313E06DD1226822F0407213432360EA68032A11
S2140313F005D12A69F62A62D962F317432360AB68DC
S2140314001B0442BF236843F400432360EB68032BAB
S2140314101FBF23682A6862F30E0323602B68AA683B
S214031420002B2ADB12F4C84F49D12B6803F0704314
S21403143003F10043B3F1804F05D2530542BF23683F
S21403144043F4806323600023284601A90193FFF732
S21403145052FF40B92B6813F070421FD12368019ADC
S21403146062F30E03236003B030BD03F04073B3F1A1
S214031470407F18BF4FF00073AFE7500402F40051EB
S21403148005D4E1B1236843F400532360CDE7236812
S21403149043F4804323600029C7D0F3E703F05043A7
S2140314A0B3F1004F05D0B2F1304F02D0B2F1404F46
S2140314B005D1019B5A1E236862F30603D2E7212057
S2140314C0D1E738B131B101234B604FF00053002010
S2140314D08B6070472120704737B50C46054608B920
S2140314E0212016E00029FBD001234B60C368A3B973
S2140314F001A90193FFF722FF58B9019B6A699A4233
S21403150009D32A69002AEBD0226043F00053002057
S214031510A36003B030BD1D20FBE7032BE0D10023FF
S214031520F5E7436813B9416070475B685A68012A58
S214031530FBD159607047FFF7DCBE08B5FFF7D9FE4D
S214031540002814BF6FF09200002008BD134642889F
S21403155070B50732072A0C464FEAD20101D0A142E2
S21403156022D146680588202218460021EAF71CF88F
S214031570360A0346DEB9BCB141F20102954205D0F4
S214031580B5F5885F02D0B5F5905F02D100205C60A8
S21403159070BDB5F5105F0DD1182C03D0202C01D0EB
S2140315A0102C01D11C60F1E76FF08600F0E76FF0B6
S2140315B08B00EDE76FF08500EAE7F0B51C4643685D
S2140315C006461B0A0F46154689B035D122462946DC
S2140315D0FFF7BCFF68B9EB1C23F00303C4E903075A
S2140315E0636145B9202200212046E9F7DDFF6FF04D
S2140315F0860009B0F0BD014620226846E9F7D4FF0D
S2140316006A4629463046FFF7A1FF0028EAD1236839
S214031610009A9A42E6D16368019A9A42E2D1A36895
S214031620029A9A42DED1A369069A9A42DAD1E3690C
S214031630079A9A42DDD0D5E76FF08B00D9E7D9F742
S21403164083BDD9F79DBE70470020704700207047C2
S214031650C3681944836853F8210030F8023B1360CB
S2140316607047012310B580F888300378044653B1D9
S21403167000F061FA21462046D9F774FF2046BDE8FC
S214031680104000F04DBA10BD38B50D460446D9F7E4
S21403169051FF6B682046C4F8B032A96800F096F98B
S2140316A04FF0FF332046C4F8B432FFF7CDFF38BD02
S2140316B0D0F8B43210B50133044601D0002010BD73
S2140316C000F0BCFAC4F8B4020130F7D194F8B802BB
S2140316D080F00100F3E708B5D9F768FF08BD0A787C
S2140316E001382D2A0ABF012200228918D9F7BABF6A
S2140316F007281BD8DFE800F0060A0D101315041799
S2140317000120704700220820D9F7ACBF0022102022
S214031710FAE700222020F7E70820FFF7E0BF1020B3
S214031720FBE72020F9E70846D9F7FEBF00207047FD
S2140317302DE9F74307280C46DDE90A7690461D4651
S21403174008D8013806280AD8DFE800F01D27303A03
S21403175044574A00212850D003B0BDE8F083002246
S21403176020461146E9F7ECFE3368C0B205EB830169
S2140317703A6845F82300013348F8221033603B6883
S21403178001333B60E8E7002220461146E9F7D8FE1E
S214031790336880B205EB8301EAE700222046114650
S2140317A0E9F7CEFE336805EB8301E1E70022204626
S2140317B01146EAF773F8336840B205EB8301D7E7BF
S2140317C0002220461146EAF769F8336800B205EBB3
S2140317D08301CDE7002220461146EAF75FF8E1E7EA
S2140317E0002389461E461D468DF8063019F8013F2C
S2140317F07D2B06D125702D0A65703B6848F823407B
S214031800BDE7202BF2D006F00102013612B98DF89F
S2140318100430EBE71022002101A88DF80530EAF723
S2140318203DF8631901359870ADB2DFE72DE9F04F47
S2140318309B46002385B08B45814688469246CDE974
S21403184002336BDC1A461E4619F80340212C09D8CE
S2140318501F2C04D8103C072C98BF012200E0012659
S2140318600133F1E7FF2CFBD15B4436B1013B434523
S2140318700ADD2B2005B0BDE8F08F62B1013B43457E
S214031880F7DC3546374602E000252F462E4645450B
S21403189004DB0020EEE79845F3D0EAE75D453BDB43
S2140318A019F80730202B18D109EB07035B78FF2BB9
S2140318B0DFD1CEB920465AF82510FFF719FF78B3C3
S2140318C003AB019302AB00932046DDE90E235AF8DF
S2140318D02510FFF72DFF0135D9E7212B0ED109EB94
S2140318E007035B78FF2BC4D1029B5AF825200E9979
S2140318F0012641F8232001330293ECE7A3F11004F9
S214031900072C02D91C460137D3E709EB07035B789C
S214031910FF2BAED1E4B2CCE70624CAE72120A9E721
S2140319202620A7E72DE9F04F07460E4615469846AC
S214031930044685B0DDF84490DDE90FAB206808B3B4
S214031940DAF80020D8F800108A421BDA0E9B53F808
S2140319502210D6F789F948BBDAF800200132CAF814
S21403196000206268117BFE291BD10E9B10680121A3
S21403197000932A464346CDE902B9CDF804A0FFF703
S214031980D1FF04462B7843B999F800302BB97EB1C2
S21403199001233C4689F800302B70204605B0BDE88D
S2140319A0F08F01238BF800302B70EBE70C34C5E780
S2140319B03446F2E710B50446236803B910BD237A0C
S2140319C013B92046D9F7E6FE0C34F5E710B541B156
S2140319D00A7932B901249C300C71FEF73DFE20468D
S2140319E010BD0020FCE72DE9F041BAB005460AAA6F
S2140319F0084603A900F05FF90446B0B90DF10A03DF
S214031A0001930DF10B038DF80A0000930AAA2846EA
S214031A1004AB03A9DAF76EF89DF80A20B2B19DF875
S214031A200B2048B12AB1D9F7B5FE20463AB0BDE837
S214031A30F081FFF7BFFFF8E7D5F89C50002DF4D0F0
S214031A40A86808B1FFF7B6FF2D68F7E700B3466846
S214031A501AAB06F10C082AAF01934046049B039980
S214031A6000970AAAFFF7E2FE04460028DDD1039B8F
S214031A7005A8CDE90637049B0595CDE90838DBF7BD
S214031A8001FB05A83368984705A800F03FFDCCE79F
S214031A902D24CAE710B50446AC30E9F781FC04F1FF
S214031AA0AB031A180020934200D110BD13F8011F90
S214031AB00029FAD00A2908BF0130F4E70023F0B55D
S214031AC00B6013600646D0F8AC0278B196F8AC000B
S214031AD060B1012406F1AC07D6F8AC02844210D3F9
S214031AE006F1AC00B3F5007F10D30120F0BD0D68FE
S214031AF001350D60156801351560F85C01330A2859
S214031B0002D0B3F5007FF2D30134E5E7C15C0A29BE
S214031B10EBD00029E9D01168013301311160E1E708
S214031B2010B50021D0F88C200446E9F73DFD0023CC
S214031B30C4E9243310BD73B5044600F1AC05802117
S214031B402046FEF79EFD4FF4007106462846FEF734
S214031B5098FD0136C0F50070864220461FD8E9F787
S214031B601FFC06462846E9F71BFC01362946421C9D
S214031B70A819E9F76BFD2046E9F712FC2146024651
S214031B802846E9F7A1FE2046E9F70AFC0A23204483
S214031B9080F8AC300023C4F8AC3202B070BDFFF757
S214031BA079FF01AAC4F8AC0269462046FFF786FF10
S214031BB00022009B234483F8AC20C0E773B50D4690
S214031BC00446FFF767FF6B1C19D1D4F8AC3213B188
S214031BD0013BC4F8AC3200252046E9F7E1FBA842F6
S214031BE015D82046FFF79CFFD4F8AC322BB16946D4
S214031BF0204601AAFFF762FFA0B902B070BD012D0F
S214031C00FBD1D4F8AC328342F7D20133E1E70820A4
S214031C1000F023F8202000F020F8082000F01DF83C
S214031C200135D9E7009D04F1AC06019BAB42E4D92C
S214031C30715D2046DAF78CF80135F6E707B5002024
S214031C400DF1070100F0E7F820B99DF8070003B08F
S214031C505DF804FB4FF0FF30F9E710B5C1B2044658
S214031C60002000F0C8F800280CBF20464FF0FF30D5
S214031C7010BD0FB407B504AA52F8041B0020019246
S214031C80DAF702FA002003B05DF804EB04B07047FD
S214031C9010B54C1C0B460119045D222C03D07B2C7B
S214031CA001D05C2C05D1D21A1844E9F7CFFC0120E9
S214031CB010BD0020FCE72DE9F0470546914688460F
S214031CC0E9F76EFB2A4606461346197801322029A1
S214031CD0FAD0C9F800305C1B01236FF0404AC8F8FD
S214031CE00030A64201D8002014E02F5D29197B2F6F
S214031CF012D0222F2ED1D8F80030621C53442A4427
S214031D0049F82320012C09D911F8013C13F0DF0F01
S214031D1004D02120BDE8F0877D27F3E701342B5D4F
S214031D20BB4209D12B195B7813F0DF03F1D1222FC5
S214031D3000D12B550134D4E75C2B07D1324621461C
S214031D402846FFF7A5FF0028E3D0013E0134A6424C
S214031D50E5D8DEE75C2F08D1324621462846FFF752
S214031D6097FF0028D5D0013EE4E7202FE2D10022DA
S214031D70631CB3420A70DDD2EA18EB5C202BD9D081
S214031D80D8F800300F2B05DC49F823200133C8F8B8
S214031D900030CFE71E20BDE700F000B800207047F4
S214031DA0D5F750BF70B50C46154610B9DAF760F98B
S214031DB038B143682BB12A462146BDE87040006817
S214031DC01847232070BDF7B50D4616461C4638B98E
S214031DD0DAF74EF904B901AC20B9232003B0F0BDFD
S214031DE003B901ACC768002FF7D02346324629460D
S214031DF00068B847F2E707B501228DF807100DF122
S214031E000701FFF7CFFF03B05DF804FB0B4601465F
S214031E101846FFF7F0BF00230122FFF7D4BF08B52B
S214031E2008F038FCFA23B0FBF3F080B208BD0420B8
S214031E30704740F20160DAF711BA70470120704725
S214031E400020704749BA89B280EA0103C3F303123C
S214031E505340180380B258405B0103F4FF535840C5
S214031E60704708B5DAF7C6FD58B1A0F15903042B3D
S214031E7006D8042B04D8DFE803F0040404030400A4
S214031E805C2008BDDAF70EBF7047F8B50C468D1810
S214031E90073552421540A5F108070646384600F0B6
S214031EA0DFF9A188381B628801EBE00189B2A2EB57
S214031EB0E00225F8041C25F8062CA288C310AAB154
S214031EC0A4EBC202B2F802C0D18003EB0C0151802E
S214031ED0E28892B1D31A9BB204EBC20425F8023C03
S214031EE0A380B3680344B3603846F8BD15F8082CDE
S214031EF042F0020205F8082CEAE725F8022CF0E780
S214031F002DE9F04F4FF0000887B09946531C109BFD
S214031F100546174614BF14460824CDF81480002B34
S214031F2000F0C580C3F80080002900F0C280426834
S214031F308A4240F2BE80073121F0070608F0BCFA59
S214031F4005AACDE9008282463A464B4631462846E4
S214031F5000F08AF9059F834607B130B9504608F06A
S214031F60A6FA192007B0BDE8F08FB7F802802969F2
S214031F704FEAC802C0EBC8080139B8F1270F296138
S214031F807AD9B9F1000F51D1864206F1080848D034
S214031F90224639462846FFF778FF04460590059BF8
S214031FA09844404600F05CF9059906F10F004A880C
S214031FB0C308A2EBD002A8F80220CA88A8F8043007
S214031FC0002A30D0D31A9BB201EBC202A8F806301F
S214031FD093808B88F608A380B8F804303A46E380EB
S214031FE0414600232846668000F0A6F9AB6808330E
S214031FF0AB60237843F0010323702B6901332B6115
S2140320006288AB68504603EBC203EA68AB60934250
S21403201088BFEB6008F04BFA109B083400201C6066
S214032020A0E73C46BBE7A8F80620D2E707EB080480
S2140320302046039200F014F90BF10703DB08059919
S214032040638008F10703DB08A380CB8893B1DB002A
S214032050039AD81D821A5A44C2F3CF020B44E28075
S2140320609A80A38808F1FF384FEAD808A1F80280BF
S214032070CB80BBE7E380F4E7B9F1010F1BD107F18F
S2140320800803B3FBF4F204FB1233B3B1224639461A
S2140320902846FFF7FAFE044623783A4643F0010340
S2140320A0237021460123284600F046F9A8E722209C
S2140320B058E7212056E78642E8D13C46ECE707B5C9
S2140320C000224FF0FF3101AB0192DAF74BFA019889
S2140320D003B05DF804FB2DE9F74F04460D460029CF
S2140320E000F0AB80D0E9056808F0E6F915F8087C3F
S2140320F035F8061CFB07009000D531B9009808F0A8
S214032100D6F9012003B0BDE8F08FA368D4F8109089
S21403211035F804ECA3EBC10B09F10103A5F1080C98
S2140321204A1CC4F808B02361BEF1000F7BD0ACEBA9
S214032130CE03D888B3F802A00190187807F00207F8
S214032140C00765D4002F64D10198A0EB0A07012FBE
S21403215069D18A1CABF108075244C4F81090A760F3
S21403216035F802ECBEF1000F61D0D4E900700CEB39
S214032170CE0A07EB0009CA4559D21CF83EC057469B
S2140321801CF0010C15D1AEEB0101012911D1BAF8EF
S2140321900210AAF802C001310A44BAF80610002950
S2140321A043D00AEBC107216901392161A1680839C7
S2140321B0A16015F8081C013A21F0010105F8081C76
S2140321C0002125F8061C5A801A7861F300021A705B
S2140321D07FB3C3F107023A44C2F3CF02DA80BA8070
S2140321E04EB3B34227D37288002A08BF1E46B8F1FF
S2140321F0000F06D0434504D8B8F80220002A18BFBB
S21403220043460098C4E9056308F051F9002079E7CE
S2140322104FB115F8087C724427F0020705F8087CCE
S21403222000279F809CE763469AE70F46BBE7002795
S214032230BFE7DF80D4E71E46D9E7222062E710B562
S2140322400446DAF7A7F92146BDE81040FFF743BF77
S214032250FFF7F5BF0846FFF732BF0846FFF7F8BF9C
S2140322600023036043607047F0B5D0E90554561C5D
S21403227008BF0822002B4FF0000008BF2C46DDF8ED
S21403228018C0CCF80000002C37D09DF81470658871
S214032290FF0007EBC505C2F1000E2078C00708D57E
S2140322A01BBBE088A0B104EBC004658807EBC5053B
S2140322B0F3E78D42F4D363B904F10806B6FBF2F0F4
S2140322C002FB106670180EB1A842EAD8CCF800409C
S2140322D0F0BD082A0FD06088013004EBC000461A10
S2140322E006EA0E06801B8542F0D2A0880028EFD0AF
S2140322F0A4EBC004D9E70846E8E72046E8E7034628
S2140323000069C0B10AB951B91A6810460378DB07E9
S21403231011D531B9C3885BB100EBC300F6E79A6900
S214032320F3E7012904D1838823B1A0EBC300EDE7CB
S21403233000207047184670472DE9F041D0E9055450
S214032340074688461646ABB1954200D00ABB4246BE
S21403235000213846FFF7D3FFB442054600D02EB916
S214032360424601213846FFF7CAFF0446C7E905542B
S214032370BDE8F081954208D08D4228BF0D46B44291
S21403238005D0444538BF4446F0E70D46F7E74446D4
S214032390ECE79442EAD1E3E770B500261C46C3E9AE
S2140323A00001C3E90266C3E905001E611A775E628F
S2140323B0FFF756FF23690139C908013341802361BA
S2140323C0A36830460833A360E3680833E36070BD50
S2140323D0002307B5684600938DF80430D8F756F8FF
S2140323E003B05DF804FB10B508F059F8044606F090
S2140323F05FFA2046BDE8104008F04CB870474FF42B
S214032400C870DAF727B9DAF7D9B900F01CB87047FD
S214032410704708B503F001F903F009F903F010F962
S21403242003F01FF9BDE8084003F02EB9704708B55E
S21403243003F0EEF803F0EDF803F0ECF803F0ECF835
S214032440FFF7F4FF08BD08B503F01FF903F01EF904
S21403245003F01EF9BDE8084003F021B970470120D8
S21403246070472DE9F34112F001050446884622D150
S21403247010F0030525D12F465208BA4209D1D8F7E2
S21403248093FA0026B74204EB860008D1D8F798FAE9
S21403249011E054F8273001330CD10137EDE704225D
S2140324A058F826300DEB0201019308F009FB30B112
S2140324B0D8F786FA3D25284602B0BDE8F0810136F6
S2140324C0E0E70125F7E77047B0F1006F0FD300F0A0
S2140324D07843B3F1006F0CD000F06040B0F1404F8A
S2140324E009D0B0F1604F14BF0420032070470020CA
S2140324F070470120704702207047002070471AB1CA
S21403250011B180B2DAF7CEBB2120704701F056BE78
S214032510E3F7F8BCFFF78DBCD0E9023253F822305C
S21403252000211878E3F740B9704702F08CB901F040
S214032530DABDC3688268013BDBB252F823305B78AE
S214032540652B02D10020E5F77FBC6E2B01D101205D
S214032550F9E7662B01D10220F5E7704710B5D0E9FD
S2140325600232044653F82230187802F046FAE3683B
S214032570A268013352F82330BDE81040187802F001
S2140325803ABA10B50446C0B2DBF75AFD200ABDE8D6
S2140325901040DBF755BDD0E9023253F822301878E5
S2140325A0DBF756BE02F0E1B9E4F74CB908B501F023
S2140325B0B8FEBDE80840E5F735BBD0E9023253F86C
S2140325C02230186801F0ABBE0020E5F731BC0120CD
S2140325D0E5F72EBC0221DBF7D1BD0321DBF7CEBD29
S2140325E00521DBF7CBBD08B501460C20DBF7A2FDC2
S2140325F0BDE80840DBF730BD08B501460020DBF731
S21403260099FDBDE80840DBF727BD07B5C2688368B8
S214032610043253F8223001211B880DF10602ADF86F
S21403262006300023DCF72EFB03B05DF804FB08B589
S21403263008F044F8BDE80840F1F7B2BD10B51446FB
S214032640DCF73CFE2146BDE8104007F0D5BD08B5D3
S214032650DCF734FEBDE80840002107F0CDBD08B521
S214032660DCF72CFEBDE80840F1F7D0B908B5DCF777
S21403267025FEBDE8084008F084B908B5DCF71EFE61
S214032680BDE80840F1F7AEB97047704708B508F0E3
S21403269015F8FFF7FAFF03F065F8BDE80840DCF726
S2140326A059BE7047012070470120704708B5DCF714
S2140326B0EDFE00280CBF0420012008BD70472DE95D
S2140326C0F34104460D4616461F46DDF8208008F003
S2140326D08DF83B46324629462046CDF8008003F067
S2140326E043F83B46324629462046CDF80080FFF79E
S2140326F0E5FF02B0BDE8F04101F060BD2DE9FF47FC
S21403270004460D4616461F46BDF830809DF83490A5
S214032710DDF838A008F06AF83B46324629462046DC
S214032720CDE9019ACDF8008000F0FDFF04B0BDE8C6
S214032730F04701F043BD704708B508F057F803F0BB
S21403274016F8FFF7F8FFBDE8084001F037BD012093
S21403275070472DE9F74304460D4616461F469DF877
S214032760289008F043F83B46324629462046CDF8E3
S2140327700090FFF7ECFF80463B463246294620464C
S214032780CDF8009002F0F4FF01F018FD404603B0C8
S214032790BDE8F083012070472DE9F74304460D4654
S2140327A016461F469DF8289008F020F83B4632460A
S2140327B029462046CDF80090FFF7ECFF80463B46BF
S2140327C0324629462046CDF8009002F0D2FF01F0AB
S2140327D0F5FC404603B0BDE8F083F8B504460D4665
S2140327E016461F4608F002F83B4632462946204660
S2140327F002F0C0FFBDE8F84001F0E0BC00207047DF
S214032800F8B504460D46164607F0F0FF324629464D
S2140328102046FFF7F3FF074632462946204602F0D6
S214032820AAFF01F0CBFC3846F8BD38B504460D4682
S21403283007F0DCFF2946204602F09EFFBDE838403D
S21403284001F0BCBC10B5044607F0D0FF204602F0EA
S21403285094FF2046FDF732FCBDE8104001F0AEBC05
S214032860704738B504460D4607F0C0FF2946204694
S21403287002F095FF29462046FFF7F2FFBDE83840F1
S21403288001F09CBC704770B504460D46164607F02B
S214032890ADFF32462946204602F083FF32462946DC
S2140328A02046FFF7EFFFBDE8704001F087BC704796
S2140328B038B504460D4607F099FF2946204602F030
S2140328C072FF29462046FFF7F2FFBDE8384001F0C5
S2140328D075BC704738B5054607F088FF284600F0F4
S2140328E0EFFE04460146284601F0ABFF01F066FC06
S2140328F0204638BD38B504460D4602F056FF294635
S2140329002046FFF7E6FF38BD704738B5054607F0A3
S2140329106DFF2846E3F7A2FA04460146284601F06F
S2140329208EFF01F04BFC204638BD38B504460D46F5
S21403293002F03CFF29462046FFF7E6FF38BD704706
S21403294010B5044607F052FF204602F030FF20463B
S214032950FFF7F5FFBDE8104001F030BC704738B50F
S21403296004460D4607F042FF2946204602F021FFA3
S21403297029462046FFF7F2FFBDE8384001F01EBCAB
S214032980704770B504460D46164607F02FFF3246CD
S2140329902946204602F00EFF324629462046FFF718
S2140329A0EFFFBDE8704001F009BC704738B5044638
S2140329B00D4607F01BFF2946204602F0FCFE29467B
S2140329C02046FFF7F2FFBDE8384001F0F7BB70473B
S2140329D038B504460D4607F009FF2946204602F09F
S2140329E0EBFE29462046FFF7F2FFBDE8384001F02C
S2140329F0E5BB704710B5044607F0F8FE204602F024
S214032A00DCFE2046FFF7F5FFBDE8104001F0D6BB1D
S214032A10704710B5044607F0E9FE204602F0CEFEE6
S214032A202046FFF7F5FFBDE8104001F0C7BB70472F
S214032A30704770B504460D46164607F0D7FE324675
S214032A402946204602F0BDFE324629462046FFF7B9
S214032A50EFFFBDE8704001F0B1BB704710B5044608
S214032A6007F0C4FE204602F0ADFE2046FFF7F5FF52
S214032A70BDE8104001F0A2BB704738B504460D46CA
S214032A8007F0B4FE2946204602F09DFE294620465E
S214032A90FFF7F2FFBDE8384001F090BB704770B512
S214032AA004460D46164607F0A1FE32462946204642
S214032AB002F08BFE324629462046FFF7EFFFBDE8BD
S214032AC0704001F07BBB70472DE9F34104460D4689
S214032AD016461F46DDF8208007F088FE3B46324642
S214032AE029462046CDF8008002F070FE3B4632466B
S214032AF029462046CDF80080FFF7E5FF02B0BDE883
S214032B00F04101F05BBB0E2070470E20704738B5CE
S214032B10044607F06BFE2046FFF7F7FF0546204600
S214032B2002F055FE2046FFF7EEFF01F047FB28466E
S214032B3038BD002070470020704738B5044607F0BC
S214032B4055FE2046FFF7F7FF0546204602F040FEF7
S214032B502046FFF7EEFF01F031FB284638BD7047ED
S214032B6008B507F043FE02F034FEFFF7F8FFBDE8B2
S214032B70084001F023BB002070477047704708B534
S214032B80DCF756FD00280CBF0420012008BD704763
S214032B900B68DA7B1AB9DB7C0BB9DCF76DBD8120D9
S214032BA0704708B5DCF780FDBDE80840DCF78ABD52
S214032BB07047DCF779BDDCF785BD082808D84FF4E5
S214032BC08B73C34013F0010F0CBF21200020704706
S214032BD0212070470121DCF767BE0221DCF764BEC3
S214032BE00421DCF761BE0821DCF75EBE1021DCF7AA
S214032BF05BBE08B500F026F808B1002008BDDCF778
S214032C00A3FE0028F9D1DCF7B1FE0120F6E715286C
S214032C1008B503D1BDE80840DCF79CBE01F089FE89
S214032C2060B9E2F76FFC032806D100F009F828B96B
S214032C30BDE80840FFF7DDBF0028EBD008BD7047AE
S214032C40002070470020704708B5DDF775F8FA23B3
S214032C50B0FBF3F008BD0321DDF79EB801207047F3
S214032C60D0E9023253F822301878DDF79DBA0868A7
S214032C70C37B1BB9C37C0BB9DDF7C6BA812070478B
S214032C80D0E9023253F822301878DDF7FFBA7047DE
S214032C9030B50546044615F8100B85B002956569F0
S214032CA01D44CDE900250B46A21D618801F023FED5
S214032CB005B030BD704710B492F80A4192F805315A
S214032CC003EB04230B8100235DF8044B1A4601F043
S214032CD010BE1FB50446084671B12178FF290BD0F4
S214032CE0238B029363690193237C00936288A31D5D
S214032CF0E3F7D0F8FF23237004B010BD0868C37B46
S214032D0073B9C37C032B0BD8DFE803F00208040671
S214032D10DDF7BCBDDDF7ECBDDDF71CBEDDF7CABDD8
S214032D20812070477047704700207047137810B5AE
S214032D30032B0CD15479CBB29C4208D19379B3EBD5
S214032D40112F04D153781B1A5842584110BD002046
S214032D50FCE77FB505460E4600246946E0B201F05F
S214032D6076FD28B96A4631462846FFF7DFFF18B9CD
S214032D700134202CF1D1002004B070BDFFF7E9BF69
S214032D800868C37B9BB9C37C052B10D8DFE803F028
S214032D90030D070B0905DDF781BEDEF7BDB8DDF7CA
S214032DA017BFDEF769B8DDF7E7BFDDF7B9BE8120E9
S214032DB070470020704730B5102587B001AA002160
S214032DC00195FEF745FC04462A46002102A8E8F7CB
S214032DD0EBFB2A46214602A8E8F738FC012102A8A5
S214032DE0DEF778FA07B030BDDEF706BA7047FFF7AE
S214032DF0FDBF0B68DA7B5AB9DB7C012B04D0022BB0
S214032E0004D02BB9DEF78ABEDEF794BEDEF79EBE8D
S214032E1081207047002307B5012101A80193D4F749
S214032E2069FD08B9D4F7A2FB012003B05DF804FBE3
S214032E3008B502F030FA052803D0003818BF012081
S214032E4008BD0220FCE77047D0E9023253F822306F
S214032E501878003818BF0120E0F7F8B9E0F7FCB996
S214032E6000207047002070477047FF207047FF2000
S214032E707047002070470020704700207047704757
S214032E8006207047DFF7A0BC0868E0F779B970B58D
S214032E900D46044600212846164601F074F93246CC
S214032EA020800221284601F06EF932466080042114
S214032EB0284601F065F90023A360E36060600820FC
S214032EC070BD034641B181424FF0640005D94343C8
S214032ED0B3FBF1F0C0B2704708467047E0F7CAB9D3
S214032EE0E0F7C0BFE1F7C8B8B0F5807F05D0A0F51E
S214032EF0007358425841400170470820704730B568
S214032F0099B00D4669461446E1F71AF830B915B17B
S214032F10BDF802302B600CB10D9B236019B030BD99
S214032F202DE9F04788B00E46904604A905AA074641
S214032F301D46FFF7E4FF044638BB28800DF10C0955
S214032F40DDE904A39A4520D2062251463846CDF839
S214032F50009006ABE1F710F8D8B9039B062B18D1FF
S214032F602A88DDF81A3042450ED2BDF8181026F826
S214032F7032102A8806EBC20253602A885344013271
S214032F8006332A800493DBE7F7D9204608B0BDE86A
S214032F90F0870124F9E72DE9F0438FB00F469046FA
S214032FA001A9002204469946FFF7A9FF18B101209C
S214032FB00FB0BDE8F083062220460DF1020302A9F6
S214032FC0FFF7AEFF0028F2D105460246BDF8021011
S214032FD0019CEEB28E42EAD20EAB03EBC60656F85F
S214032FE02C3C36F8306C0634BE4217BFE418012278
S214032FF013460022013522B1C8F80040C9F8003054
S214033000D6E71A46E5E770B50024012602F01DF957
S214033010E5B2C26806FA05F59542234604F10104B3
S214033020F4D3D8B270BD70B586B0E0F7D7FD00F123
S2140330301006E6F743F900240546142201A93019C1
S21403304002F00AF91CB99DF80430FF2B16D00023B2
S21403305003F118026A4412F8142CFF2A06D11C4402
S214033060601E90FBF5F080B206B070BD2B44DBB259
S214033070132BEDD91434B4F5826FDED14FF0FF3045
S214033080F2E7E0F7E1BB07B504220DEB020102F01D
S214033090E3F8019803B05DF804FB37B50546084628
S2140330A00C46FFF7F0FFA84206D0042220460DEB9D
S2140330B002010195E6F754F903B030BD07B50B4698
S2140330C00092002102460120E0F750FC03B05DF8B1
S2140330D004FB08B50121E0F781FBBDE80840E6F7ED
S2140330E0EBBAE0F7BFBE08B5FFF7F3FF002008BD55
S2140330F008B513460A4601461846E0F7CBFC80F0AF
S2140331000100C0B208BD00207047704708B1E0F761
S214033110C9BF704730B4DDE902451DB1029430BC27
S21403312000F0C6B930BC70471F2804D8142200F537
S214033130A030D9F781BE70471F2804D8142200F5A3
S214033140A030D9F7A5BE7047152808B505D1FFF7F7
S214033150DCFFBDE80840E1F7EBB808BD10B5142462
S21403316086B02246002101A8E8F71EFA202322464D
S21403317001A94FF4A03001F078FC06B010BD002082
S214033180704713B500230C461A460146CDE90033B3
S214033190E0B2E1F791FE02B010BD13B5002314466A
S2140331A0019001220093E0B2E1F786FE02B010BD63
S2140331B0D0E9023253F822301868E1F7F5BF194414
S2140331C091420ADC4218002003B9704712F8011D29
S2140331D0013B01EB0020DBB2F6E7002070472DE948
S2140331E0F04F4FF0000A85B0019381460F4615460F
S2140331F05346019A11785FFA8AF2914203D8002067
S21403320005B0BDE8F08F019909EB050801EB420212
S214033210517892F802B011F04004009101F03F0695
S2140332201BD0AC19BC42D4BF00240124334664002F
S214033230A20740F18880009B1B0640F192800E9BFC
S214033240324603EB0B000021E8F7AEF93D460023B8
S2140332501D44ADB20AF1010ACBE7042E07D866B1C6
S214033260B31E022B0BD8DFE803F0122130003E2EEC
S21403327037D03F2E5BD03D2E4BD00320C0E7BD4258
S21403328034BF00240124012664003346D0E7AB1C78
S214033290BB4250DC02233A4629464846FFF78FFFD7
S2140332A0ADF80A0002230DF10A08C1E7EB1CBB4286
S2140332B043DC03233A4629464846FFF780FF03903C
S2140332C0042603230DF10C08B2E72B1DBB4236DCA4
S2140332D004233A4629464846FFF771FF0390042322
S2140332E0F0E77A1E95422CDA02233A4629464846E8
S2140332F0FFF765FF4FF6FF7380B298420EBF0223B7
S214033300023083B25C19A742B4BF03240124042607
S2140333108EE7BD4215D298F80030FF2B0CBF012371
S2140333200133EC18BC42CCBF03240124EFE701248D
S214033330042600237CE73446B4E70224C0E70224CD
S214033340CDE70324E3E70E9A02EB0B0014B142F831
S2140333500B807DE7324641460093E8F7B5FA009BBB
S21403336076E702204CE710B5144686B018811A4655
S2140333700A9B0291CDE9034301230193099B01466E
S21403338000930320BDF82030E1F7D2FF06B010BD4E
S2140333901FB500240294079C0194BDF818400094BE
S2140333A0FFF7E1FF04B010BD2DE9F0410E461746C6
S2140333B0054686B098B391B38AB34FF0000802A9C6
S2140333C05FFA88F001F043FA044640B99DF80830E6
S2140333D0032B08D008F10108B8F1200FEFD12046DF
S2140333E006B0BDE8F0819DF809202B799A42F1D109
S2140333F0BDF80A206B889A42ECD19DF80C30BDF8D4
S2140334000D006B7128812B4622464FF6FF71CDE9DE
S2140334100067FFF7BDFF0028DCD00446DFE7212462
S214033420DDE710B586B00A9C04949DF82440039407
S214033430BDF8204002940124CDE9003413460A4621
S21403344001460620E1F774FF06B010BD1FB504461B
S2140334500846194600230094CDE90123079BBDF8CF
S2140334601820FFF7DEFF04B010BDF0B502280546AE
S2140334700E4614461F468BB00AD106A9F0B201F0D9
S214033480E6F998B99DF8193023719DF81C306371DD
S214033490119B224604930023CDE902330193109B2C
S2140334A03146009328463B46E1F742FF0BB0F0BD9A
S2140334B013B500240194049C0094FFF7D6FF02B0D2
S2140334C010BD2DE9F0450646884614469A46002761
S2140334D001258BB006A9F8B201F0B9F920BB9DF817
S2140334E01830012B19D19DF8192033799A4214D13B
S2140334F0BDF81A2073889A420FD19DF81C303246C5
S2140335007371B9B2CDE9030ACDE90100434602203F
S2140335100094E1F70DFF054610B90137202FD9D1E6
S21403352028460BB0BDE8F0850546F9E70023FFF70C
S214033530C8BF10B50446E2F7D9FC0021631E04F1A8
S2140335400F0213F8010FFF2808BF19709342F8D132
S2140335500023237410BD0020704770B506461D4631
S214033560E2F738FB044608B9212070BD3046E2F77F
S214033570FFFD0028F8D0A0682A46FF21FFF75EF873
S2140335809DF81030002063719DF81430A371ECE7AA
S21403359013B59DF81040CDE9003413460122FFF71A
S2140335A0DCFF02B010BD08B5E2F714FB28B1806853
S2140335B0FF21FFF754F8002008BD2120FCE7012275
S2140335C0FFF7F1BF1FB50B466A460146184601F0E2
S2140335D034F96A460823002032F8021B013B13F035
S2140335E0FF0380EA0100F7D1012838BF012080B22B
S2140335F005B05DF804FB2DE9F04F87B0DDE9109BBD
S21403360005468846484619461F461446BDF8486090
S2140336109DF84CA0FFF7D6FF042D0346ABF8000039
S2140336201AD8022D1DD9042D07D04FF2F222A188F5
S214033630914222D1E28891071FD5E17A0022CDE993
S214033640013720463346CDE90392CDF800A001F0BA
S21403365043F907B0BDE8F08F6A1F012A11D921206C
S214033660F7E700224146CDE91192284622461097F5
S21403367007B0BDE8F04F01F03EB94FF6FF760C21D8
S214033680DCE7052D0ED10023E17A0022CDE90137D0
S214033690CDE903920091234652464146304601F057
S2140336A00EF9D6E74FF2F222A188914204D1E288BE
S2140336B0920701D5E17AE8E74FF6FF760C21E4E7B7
S2140336C0F0B585B00546E1F745FF48B16B88B3F51D
S2140336D0006F05D1681D05B0BDE8F04000F0EEBCF4
S2140336E0284600F004FD0446C8B9E7B269463846E2
S2140336F001F0ADF878B99DF8006066B929463846FA
S21403370001F0A9F820B140F60443984207D08C266E
S214033710304605B0F0BD0134202CE6D1F7E78D2600
S214033720F6E7E2F7FDB82DE9FF4704460D460146E6
S214033730184617461E46BDF830809DF83490DDF8CF
S21403374038A0DCF7E3FED0B92146284601F021F97C
S21403375033463A4629462046CDE9019ACDF80080FD
S214033760E2F782F933463A4629462046CDE90D9AD2
S214033770CDF8308004B0BDE8F04701F0F7BF04B0E1
S214033780BDE8F087E2F71ABBE2F7D2BAE2F7F6BA79
S21403379010B5044601F009F9082201462046BDE8A3
S2140337A01040E7F753BF01F002B9002101F0FFB85C
S2140337B001F011B90020704720207047EFF7D0BD05
S2140337C0EFF71ABEF2F7C4B87047E2F743BC70B51A
S2140337D006460C46154600F04CF850B13CB135B1E0
S2140337E0204600F0D6FC013080B2A84200D9002063
S2140337F070BD304600F043F840B1002CF7D0012DE1
S214033800F5D9204600F0CAFC0230EDE73046E2F771
S21403381081FBEAE7F8B5BDF8185010B3967855B9AA
S214033820D478A6F14107012F07D8621ED2B200F062
S214033830CFFD0020F8BD2C46F3E7433E012E04D807
S214033840A21E92B200F0DCFDF3E7D27813B90DB1F5
S214033850AA4206D811B9E7F7A7FEEAE7E7F7F6FEA6
S214033860E7E78920E6E7413803288CBF00200120DC
S2140338707047413801288CBF002001207047433829
S21403388001288CBF002001207047002070470020CD
S21403389070470388B3F57C4F01D3FFF7F8BF08469C
S2140338A0FFF7F3BF10B54A880488A2420DD1037B05
S2140338B00C79234009D0B2F57C4F08D3FFF7E7FF16
S2140338C00B891B1A5842584110BD0020FCE7012003
S2140338D0FAE738B50D88D488A5420AD10388B3F52C
S2140338E07C4F08D2FFF7D5FF13891B1A584258415D
S2140338F038BD0020FCE70120FAE72DE9F04715461E
S2140339000446B8B149B1EAB100264FF0140AB046EE
S21403391090F80490F3B2994501D800240AE027688A
S2140339200AFB06773846FFF7BDFF013628B13C464B
S214033930A5F800802046BDE8F0877B8943441FFA3C
S21403394083F8E7E71446F5E72DE9F0470E461546F4
S2140339500446B8B149B112B300274FF00C0AB84673
S214033960B0F80890BBB2994501D800240AE0636812
S214033970324620460AFB0731FFF7ABFF28B10C4659
S214033980A5F800802046BDE8F0870B79013713F0D1
S214033990300F02BFCB7843441FFA83F8E2E714469E
S2140339A0F0E72DE9F04186B00D461446984604AA82
S2140339B005AB03A90646E2F783FB40B30DB1049BB0
S2140339C02B6034B3049D03982946FFF762FF2B88C8
S2140339D0074602467188307800F04FFBD8B1297944
S2140339E011F010030BD0EB782A46CDE900433B4693
S2140339F071883078FCF74EFB06B0BDE8F0812A46A6
S214033A0020460599CDF80080FFF704FFF4E78620EB
S214033A10F2E72046F0E77E20EEE71FB51C460023BC
S214033A20ADF80A20BDF818208DF80400ADF806108E
S214033A30ADF80C2069461A4601A800938DF8084095
S214033A40FFF7AFFF009804B010BDF0B587B00E4681
S214033A5005AB04AA03A90446E2F732FB08B3049DA8
S214033A6003982946FFF715FF2B8807460246618809
S214033A70207800F004FBB0B1297911F0100108D0CA
S214033A8000963B462A4661882078D2F71DFB07B08E
S214033A90F0BD009101232A4631460598FFF7BAFE8A
S214033AA0F5E78620F3E77E20F1E72DE9F0410646A9
S214033AB000254FF014080779E8B2874201D800249E
S214033AC01AE008FB05F0D6F800C00CEB00043CF83F
S214033AD0000081421AD132B1802A10D194F90CC069
S214033AE0BCF1000F12DAB0F57C4F05D32046FFF782
S214033AF0CEFE834200D04BB92046BDE8F081402A73
S214033B0004D194F80CC01CF0400FECD10135D3E778
S214033B100121E2F711BA08B513460022E2F73AFB91
S214033B20003818BF012008BD08B513464022E2F747
S214033B3031FB003818BF012008BD08B513468022A4
S214033B40E2F728FB003818BF012008BD08B540225D
S214033B500023E2F71FFB003818BF012008BD08B595
S214033B6080220023E2F716FB003818BF012008BDA9
S214033B700023E2F70FBB0021E2F77CBB10B5044637
S214033B800121E2F777FB2046BDE8104001F022BE94
S214033B907047F8B516461F469DF81820BDF81C302A
S214033BA00546E2F7F7FA78B10421E2F7E1FB0446AB
S214033BB050B1284600F00EFB3A4631462846A04749
S214033BC0BDE8F84000F0FABAF8BD2DE9F74F1E46F7
S214033BD0DDE90C9B074688461446BDF838302AB301
S214033BE0B9F1000F22D00EB392F804A099F8002082
S214033BF0504612F0080F0CBF802240226188E2F77D
S214033C00C9FA98B10821E2F7B3FB054670B15046EE
S214033C1000F0E0FA3346224641463846CDE9009B9B
S214033C20A84703B0BDE8F04F00F0C8BA03B0BDE83C
S214033C30F08FF8B5BDF8187016461A463B4604468C
S214033C40E2F7A8FAE0B177B90221E2F791FB05465D
S214033C50B0B1204600F0BEFA31462046A847BDE87C
S214033C60F84000F0ABBA1021E2F782FB054638B104
S214033C70204600F0AFFA3A4631462046A847EEE71C
S214033C80F8BD73B5BDF8184016461A4623460546D2
S214033C90E2F780FAB8B1C4B92021E2F769FB04461B
S214033CA070B1284600F096FA099B314600932846E1
S214033CB09DF820309DF81C20A047044600F07EFAAD
S214033CC0204602B070BD8624FAE70024F8E72DE903
S214033CD0F04186680446007800F07CFA0025142735
S214033CE03279EBB29A4203D8BDE8F04100F066BAE7
S214033CF07B4332682078D15A02EB030800F0C1F9FF
S214033D0001214046E2F734FB034608B12078984782
S214033D100135E5E72DE9F04F1C4689B09DF84C3098
S214033D20BDF8488001939DF8503092460293224690
S214033D30434607460D46E2F72DFA8DF814700646FD
S214033D40ADF816508DF81840ADF81AA0ADF81C80E3
S214033D5018B9012009B0BDE8F08F05A9FFF7A2FD49
S214033D600028F6D000252F46A8462C4634E00C2320
S214033D701FFA85F903FB09F931887368B1F57C4F9F
S214033D8033F8092003EB090B1AD333F8090050451F
S214033D902CD3019BA3422DD900F0B8F99BF802005F
S214033DA0E2F792FF029B43B19BF8043013F0010F36
S214033DB00CBF05200720E2F787FF0134A4B219E001
S214033DC0ADF81A205946304605AA0393FFF781FD3E
S214033DD0039B0028D9D101353289ABB29A42C6D8A3
S214033DE004EB0800C31B58425841B3E708F1010827
S214033DF01FFA88F80137BFB2EDE710B5012488B083
S214033E0006949DF83C4005949DF8384004949DF82C
S214033E10344003949DF8304002940B9C0194BDF803
S214033E2028400094E2F7E8FB08B010BD2DE9F04700
S214033E3086B0BDF83880DDF83C909DF840A0CDF8FC
S214033E400080CDE9019A04460D4616461F4600F04B
S214033E5012F9B8B1431EDBB2012B10D8002301229E
S214033E60811E48424841CDE90432CDE902A03B46D3
S214033E70324629462046CDE90089FFF7BEFF06B045
S214033E80BDE8F0870120FAE730B50024012587B0A6
S214033E90CDE9044503959DF82C5002950A9DCDE97E
S214033EA00045FFF7AAFF07B030BD30B50024012553
S214033EB087B0CDE9044503959DF828500094CDE9D5
S214033EC001354023FFF799FF07B030BD10B5012435
S214033ED086B0CDE90444002403949DF82840029458
S214033EE0099C0194BDF820400094FFF786FF06B0B6
S214033EF010BD1FB5089C03949DF81C400294069CB5
S214033F00019400240094E2F773FC04B010BD7047DC
S214033F102DE9F84F0229074688460C9D04D84FF032
S214033F20000A5046BDE8F88F1BB10429F7D942F0C2
S214033F3004023A702BB303247B701B0ABB70E3F7AF
S214033F406DFF4FF000099DF82830385504F1020A3A
S214033F5001343B550B9A5FFA89F3D45C002CE0D00E
S214033F60732C10D82E464C2C56F804BB3DD0532C3D
S214033F7015D0622C45D1AC8805F1080600231A46F5
S214033F8016E00124DBE7A4F17503032BC7D8763CC0
S214033F902E1D022C52D8DFE804F0565A58006A68E1
S214033FA005F1080694B2D2B2B2F1FF0318BF01239B
S214033FB00AEB040119448845B1DB5046194600292B
S214033FC047D153441FFA83FA5CB1BBF1000FA6D066
S214033FD0224607EB0A005946E7F776FC54441FFAD5
S214033FE084FA354609F10109B4E74FF6FF736A68A8
S214033FF005F1080694B222469C4214BF022300230E
S214034000D6E76C2C05D1584600F0C8F8841CA4B239
S214034010B4E7732C04D1584600F0BBF8441CF6E70B
S214034020A4F13003DAB2092A01D89CB2A6E7A4F1B8
S2140340304103062B3FF673AF373CE8E70123002422
S2140340402A68A346B4E70223F9E70323F7E7042322
S214034050F5E700F1010C01393A54C9B2120A1FFA06
S2140340608CF0ACE70020E2F7B7BD0022E2F7D4BD40
S2140340700023E2F7E7BD01207047012070470120C7
S2140340807047704700207047002070470020704735
S21403409000207047002070470020704770470E20AE
S2140340A070470020704700207047002070470020AC
S2140340B070477047FF2070470E2070478420704774
S2140340C070470020704770470020704700207047F5
S2140340D0002070470020704700207047002070477C
S2140340E00020704770470E2070470020704700205E
S2140340F0704700207047704770470E207047704720
S21403410000207047812070477047704738B50546D2
S214034110C0B2E2F7D9FD0446280AE2F7D5FD14B18A
S214034120002808BF0024204638BDF8B50546C0B2AF
S214034130E2F7CAFD0446C5F30720E2F7C5FD0746C6
S214034140C5F30740E2F7C0FD0646280EE2F7BCFDBE
S21403415024B12FB136B1002808BF00242046F8BD8D
S2140341603C46FBE73446F9E710B4CC18944203DC2C
S2140341705DF8044BFFF723B800205DF8044B704747
S2140341800423FFF7F1BF08B50223FFF7EDFF80B264
S21403419008BD0078FF2808BF0020704708B5022234
S2140341A00021FFF7F0FF4FF6FF73984208BF002089
S2140341B008BD003818BF0120400070470020704734
S2140341C008B5FFF7A5FCFF284FF0FF3018BF002007
S2140341D0C0B208BD08B5FFF7F3FFFF280CBF2120C8
S2140341E0002008BDF8B506460C4615461F4600F0E7
S2140341F011F810B12544AC4200D1F8BD394630461B
S21403420014F8012BE2F752FEF5E7014600220220DE
S214034210E2F7DCBD0120704737B50546E1F766F8DF
S214034220044601950CB981201CE0237823B120466F
S214034230E1F764F80446F5E72B6862685B889A4200
S214034240F5D1A368EA7B99B272B12A8A9142EED17C
S2140342506A7DB2EB134FEAD10020E36801A99847C1
S2140342608128E4D003B030BD4FF6FF72EEE72DE9A8
S214034270F84304460F46904699460BB3012A1FD8C7
S2140342800C20E7F797FB064610B91920BDE8F8831C
S2140342901020E7F78FFB18B93046E7F793FBF4E7F0
S2140342A00123002547EA084770600570C0F80C90A4
S2140342B04460876033803046E1F710F82846E5E728
S2140342C02120E3E738B50446436808460D46984779
S2140342D0B4F90830002B02DB2B78042B06D100231D
S2140342E020466360BDE83840E3F772B938BD30B5A1
S2140342F04FF48A5587B0ADF816200DF116041A460A
S214034300029543B100230122CDE90033234600F092
S2140343101EFA07B030BD019401240094F7E7FFF7B7
S214034320EBBEFFF7BEBE0020704708B500F001FBEA
S21403433020B900F048FB08B9E0F7C8F9FFF7D2FE4A
S214034340BDE80840FFF7DBBE0020E3F7A9BD002168
S214034350E3F746BE0022E3F705BE1FB5D2880B4639
S21403436012F0200F4FF6FD7114BF49245224ADF806
S2140343700610510544BF083CE4B2110544BF083C8F
S214034380E4B2120444BF023CE4B2032805D8DFE8D3
S21403439000F0020F161CADF80630BDF80600FFF756
S2140343A089FEFF281CBF241AE4B2204604B010BDC1
S2140343B002AA0DF10601D8B200F079FAEDE7D8B2F9
S2140343C000F047FAADF80600E7E7013CE4B2E4E79D
S2140343D0F8B5064617460D4681B10C78FF2C0BD070
S2140343E00846FFF7D6FEB84228BF3846C4B2224670
S2140343F0691C701CE7F72AF93470F8BD0C46FBE716
S21403440070B5044615460E4611B94170017070BD6D
S2140344100B78FF2B05D14B78FF2B02D1037043702B
S214034420F5E73046FFF7BAFEA84228BF284685B20E
S2140344302A46B11CA01CE7F709F925702D0A6570FA
S214034440E5E7F0B523B9013A531C2FD1002020E04D
S214034450042AFBD800231C46551E6E1C1AD1042AB8
S21403446010D00121D200501E01FA00F020421EBFD8
S214034470914049420C4318421EBF4FF0FF3101FAE8
S21403448002F213439C421EDCB4BF4FF0FF30002001
S21403449040B2F0BD40B1465DEF00BE4034434E5DD2
S2140344A0013DBE403343D8E70646F5E78C5C38B992
S2140344B00346A34202F1FF32C6D24FF0FF30E8E7CD
S2140344C0835CA342F5D90120E3E7283807288CBF8D
S2140344D00020012070471D2810D004D840B11C28A6
S2140344E004D0552070471E380128FAD81A2901E04F
S2140344F00B390F298CBF5520002070470829F9E790
S214034500002000217047F7B59DF820400546082C8B
S214034510104619469DF8246036D8002213462C44CC
S214034520AC4208D106F0FD04382C0ED10096FFF7F6
S214034530E7FF03B0F0BD14F8017D1B0243EA1263E4
S2140345401202BA1843F10003EAE7392E10D107EE38
S214034550100A07EE902AB4EEE77AF1EE10FACCBF13
S21403456077EE677A77EEC77A002117EE900AE0E7D0
S214034570824273EB010403D2801A61EB0301D8E78E
S214034580101A63EB0101D4E700200146D1E738B5E2
S214034590C36814461944836853F821501AB1284651
S2140345A0E6F7FEFE2070284638BD2DE9F3411C468B
S2140345B016460DF107029DF82050FFF7E8FF9DF819
S2140345C007308046A34288BF8DF807409DF80770E2
S2140345D00DB1E41BE5B22A4600213046E6F7E4FFB8
S2140345E03A4641467019E7F731F8384602B0BDE857
S2140345F0F0812DE9F3411D46164601AA9DF8204099
S214034600FDF726F8019B80469D4238BF0195019F22
S21403461004B1EC1B224600213046E6F7C5FF3A46B6
S21403462041463019E7F712F8F8B202B0BDE8F08158
S21403463073B50024154601AA1E460194FDF708F833
S214034640019B072B0AD92146CCB216B1C4F1070445
S214034650E4B2425C013108292A55F5D1D8B202B03A
S21403466070BD1FB5030A8DF80E300323009303AB0A
S2140346708DF80D0000F0BBF805B05DF804FB1FB520
S2140346808DF80F100421030A8DF80E30009103AB4A
S2140346908DF80D0000F0ABF805B05DF804FBF0B53F
S2140346A089B016689DF83C50CDF809608DF8113036
S2140346B05668BDF83830012D109FBDF84440CDF83C
S2140346C00D60ADF812308DF8145014D0032D19D1A7
S2140346D03B68CDF815307B68CDF819309DF8483027
S2140346E08DF81D3016230093BDF84C2002AB00F066
S2140346F07EF809B0F0BD8DF81540240A0F238DF817
S2140347001640F0E70120F4E71FB5044608461146B5
S2140347101A4602238DF80D100093214603AB00F0D2
S21403472066F804B010BD10B514461A460B6886B07A
S214034730CDF80D304B683421CDF811300A230093A1
S21403474003AB8DF8154000F052F806B010BD2DE906
S214034750F041B6B014461D4606460F469DF8F08057
S214034760E3F762FE03AA8DF80C001046330A8DF8B1
S2140347700F703F0A8DF80E308DF80D602B468DF8BE
S21403478010708DF8114005EB4405AB4202F10202AE
S2140347901FD16200D2B2931DDBB23D99D8336B446E
S2140347A0073203F8CC8C01EB4805D3B250FA82F2F9
S2140347B0A94202F1020212D103EB4803009006213C
S2140347C03046BDF8F820DBB2E3F738FE36B0BDE876
S2140347D0F08133F8021B1171090A5171D5E731F8DC
S2140347E0024B02F8024C240A02F8014CE0E72DE9DA
S2140347F0F0411C4605460E4617469DF81880E3F71B
S21403480013FE207043463A46314628460694BDE8D2
S214034810F041E3F713BE002070477047D7F776BE24
S214034820704770477047704770470020704770475F
S2140348307047002070477047704702F0EEBEFEF7E1
S21403484074B8FEF757B803F031BAF8F7D7B903F0E0
S2140348501EBAF8F791B9F8F7F9B9F8F7B3B9FEF74E
S2140348601EB9FEF76DB8FEF77AB8F4F72BBCF4F76B
S2140348702FBCF3F78FBBF2F7B1BCF2F7B5BCEFF77B
S21403488089B9FEF7B7B8FEF77CB8FDF718BFFEF791
S2140348909FB8FEF78BB830B4BDF808409DF80C50AF
S2140348A0CDE9024530BCFDF729BFFDF796BFF8F703
S2140348B03FBBE3F713BEF8F705BCF7F751BA70B47E
S2140348C09DF80C40BDF810509DF814600394CDE994
S2140348D0045670BCF5F756BA70B49DF80C40BDF894
S2140348E010509DF814600394CDE9045670BCF5F798
S2140348F089BAF5F773BB10B49DF8044001945DF8CC
S214034900044BF5F7C3BA10B49DF8044001945DF860
S214034910044B01F073BF01F073BFFDF7A2BFFDF7B1
S214034920B2BFFDF7C5BFF1F7C1B9F2F703B8F1F7A8
S214034930D5BFF0F7E7BF02F09FBAF1F78BBB02F0E3
S214034940E1BAF1F7EBBCF1F7BDB8F1F7F9BFF1F750
S2140349507BBFF1F791BFEFF7D1BEFEF7B5B8FEF711
S21403496068B8FEF77BB8FEF788B800F00BBC00F01B
S21403497004BCF7F72BBAF5F735B8F7F705BAF7F728
S2140349802BBBF4F7FFBFEFF7F1B8F6F721BCFFF741
S21403499045BFFAF717BFFEF7E3B8FDF753BFFEF7B9
S2140349A038B801F001BDE3F7F7BCEFF7A3BCEFF7A8
S2140349B09DB901F09BBF01F06BBFEFF7EBB9EFF7C3
S2140349C029BCEFF72DBCEFF759B9E3F701BDE3F7C1
S2140349D013BDE3F7EBBCEFF707B9E3F7F1BCF9F761
S2140349E0C9B801F053BF01F01ABFEFF703B9EFF7E9
S2140349F06BBCEFF74BB9E3F78FBDE3F787BDF8F76B
S214034A00BDBEF9F7A9B803F05DBA03F063BAF8F7C9
S214034A102DBFF9F7A9B800F063B900F0A1B900F00B
S214034A20C9B900F0A0BA00F010BB00F079BAE4F7F9
S214034A3069BA00F0E6B900F013BA00F026B810B56C
S214034A401C4601F0C2FD05F00AFF0023C0F3402018
S214034A502370400010BD002208B50B461146FFF731
S214034A60EEFF023818BF012008BD002070477047CC
S214034A700020704770470020704770470E2070472D
S214034A800120704770470120704714220021E6F783
S214034A908BBD704770B505460C468AB025220021AB
S214034AA00DF10300E6F780FD6B68CDF81D30AB68AB
S214034AB0CDF82130234601AC03F1100622461868D0
S214034AC05968083303C2B3421446F7D101236A7BFD
S214034AD08DF8023012F0040F0CBF4FF480734FF4BE
S214034AE0A073110748BF43F48063ADF80030930703
S214034AF048BFBDF80030684644BF43F00803ADF82E
S214034B000030F4F779FC0AB070BD30B5427B0D4631
S214034B10D10704468BB007D5407801A9F4F7D2FC39
S214034B20D8B12D200BB030BD9307FAD5C2F380035E
S214034B3010074FEA8313ADF8023044BF43F4806393
S214034B40ADF80230BDF80220201D0AB10DF10202B5
S214034B5001A902F07FFD0028E3D001AB03CB9DF84B
S214034B601430A1602373BDF810306060590642BF4D
S214034B70627B42F0040262735A0542BF627B42F0D4
S214034B80080262731B0742BF637B43F0020363732F
S214034B902B4606AC0AAD224603CAAA4218605960E1
S214034BA0144603F10803F6D10020BBE7F0B504462C
S214034BB00D4693B0252200210DF12300E6F7F4FC01
S214034BC0636804F1040CCDF83D30A36809AECDF854
S214034BD041302B4605F110073246186859680833EA
S214034BE003C2BB421646F7D105238DF82230637BFA
S214034BF05B0103F40073ADF820306378FF2B1AD102
S214034C00002360461A4601A900F0CAF99DF805304C
S214034C10FF2B0DD1002301A91A46184600F0C0F950
S214034C209DF80530FF2B03D11C26304613B0F0BD8C
S214034C309DF8053063700020617808AA00F09BFA9F
S214034C4006460028F1D1607801A900F02FFA2B461A
S214034C5003AD2A4618685968083303C2BB42154693
S214034C60F7D1637B6078DB0648BF9DF81C3001A94B
S214034C7044BF63F07F038DF81C3000F02EFAD4E7B0
S214034C8010B504468AB02422002101A8E6F78CFC5E
S214034C90637B590744BF4022ADF810201A0742BF72
S214034CA0BDF8102042F48062ADF81020DB070FD564
S214034CB0607801A9F4F706FC10B12D200AB010BDE8
S214034CC001AB03CB637B606043F00203A1606373B5
S214034CD004A9201D02F0C0FC0028EED00020EDE75A
S214034CE01FB5694600F066F8002818BF2D2005B0EA
S214034CF05DF804FB73B50D4614460646E3F730FD30
S214034D006B881A071AD522463146102002F085FC16
S214034D102046E3F725FD6B88D90717D500232246DF
S214034D2001210DF107008DF80730E3F7E5FF6B88E7
S214034D30002B0CBF2120002002B070BDDE06EAD592
S214034D4022460821281DE3F7D7FFE1E79A0701D596
S214034D500223E4E75B07EAD50323E0E70F20704767
S214034D601FB50C46694600F025F810222146684612
S214034D70E6F766FFB0FA80F0400904B010BDB8B19C
S214034D80B1B14388A3B90378013B082B10D8DFE8F9
S214034D9003F00507090B0F0F0F0F0D00E3F7AEBE69
S214034DA0E3F708BFFFF776BEFFF700BFE4F796B852
S214034DB02120704738B50D4609B300B30378013B8D
S214034DC0082B1AD8DFE803F0050D10131919191963
S214034DD01600E3F7CBFE0446284602F01EFE2046E6
S214034DE038BDE3F707FFF6E7FFF78FFEF3E7E3F7D2
S214034DF037FFF0E7E4F77CF8EDE72124ECE721241E
S214034E00EDE770B586B0064601A80C461546FFF7D3
S214034E103CFE04238DF804301CB12068616802ABA5
S214034E2003C3294601A88DF80560FFF7A8FF06B05F
S214034E3070BD70B586B0044601A80D461646FFF74A
S214034E4024FE0323206861688DF8043002AB8DF8D6
S214034E50116003C3294601A8FFF791FF06B070BD92
S214034E600022FFF7E6BF30B5437B044613F001028A
S214034E700D468BB007D0407801A9F4F723FB70B139
S214034E802D200BB030BD9B07FAD5ADF8022001A943
S214034E900DF10202043002F0DDFB0028F0D0002101
S214034EA00E22A81CE6F780FBBDF810302B80039B70
S214034EB0AB60BDF81230AB819DF81430237301ABA1
S214034EC003CB6060A1600020DBE770B5437B04463C
S214034ED0DB070E468AB003D42D2528460AB070BDDC
S214034EE06946407800F045F905460028F4D1DDF818
S214034EF01D300E226360DDF821300146A360637B1C
S214034F00B01C43F002036373E6F74EFBBDF80030B4
S214034F10069A43F004033380059BB2607360DCE7B4
S214034F200B4610B50446102200211846E6F73CFB54
S214034F302278032A09D0042A0DD0022A11D1014669
S214034F402046BDE81040E4F739B801462046BDE8E0
S214034F501040FFF788BF01462046BDE81040FFF724
S214034F60B4BF262010BDF8B5074608460C461646BD
S214034F701D46FFF78AFD04232370637B314643F007
S214034F800103204667706373FFF714FF08B12D20F3
S214034F90F8BD29462046FFF7C3FF0028F8D0F6E7FA
S214034FA0F8B5054608460C461F461646FFF76DFD40
S214034FB00423237025B108222946E018E6F746FBAA
S214034FC0637B43F0020363734EB9324601212846DE
S214034FD000F0DAF8FF28607007D12D20F8BD3146BF
S214034FE02046FFF7E7FE0028F7D1637B43F0010373
S214034FF063730DB90020F1E7002FFBD03946204636
S214035000FFF78EFFF6E7F8B50C4607460846164642
S2140350101D46FFF73AFD03232046394600F8043BB6
S2140350200822E6F713FB637B314643F00203204670
S2140350306373FFF7BFFE08B12D20F8BD294620464F
S214035040FFF76EFF0028F8D0F6E7F8B507460846E0
S2140350500C4616461D46FFF718FD03232370637B95
S214035060314643F00103204667706373FFF7A2FEE1
S21403507008B12D20F8BD29462046FFF751FF00282A
S214035080F8D0F6E718B18022012100F07DB8FF20A2
S2140350907047002307B51A4619460093F5F714FF21
S2140350A0B0FA80F0400903B05DF804FB0B4610B578
S2140350B019220446FF211846E6F776FA7E2C0146A7
S2140350C08CBF04F5C43004F583304FF01902BDE8F5
S2140350D0104088BFAD30D7F7AFBE7E2888BF00F537
S2140350E0C4304FF0190294BF00F58330AD30D7F7C4
S2140350F0CFBE30B589B00D46FFF7C4FFFF28044680
S2140351000DD001A9FFF7D2FF2868696801AB03C376
S214035110204601A9FFF7E1FF002009B030BD2D208E
S214035120FBE7704770470020704770470F207047B3
S2140351300F207047002070470F20704700207047ED
S2140351400020704784B08DE80F00002004B070473D
S21403515070477047002070477047002070477047BD
S21403516000207047012070477047002070470120D9
S21403517070470E2070470E2070470E2070470020A1
S214035180704770470E207047FF2070477047704780
S214035190002070477047704770470020704770477D
S2140351A00020704700207047002070477047704704
S2140351B0002070470020704770470020704700208B
S2140351C0704770470020704710B50024E3B210B94B
S2140351D0C3F10303DBB20134042CCA544FEA122290
S2140351E0F4D110BD10B50B784C788A78C97828B9F5
S2140351F010462246044608461946034642EA01205C
S21403520043EA042343EA004010BD7047E3F78ABF2E
S21403521008B5D2F7ADFA002814BF8620002008BDD3
S21403522008B5D2F775FC003818BF012008BD08B5CD
S214035230D2F72EFC003818BF012008BD08B5D2F7F8
S214035240B3FC003818BF012008BD08B5E4F74AF8D8
S214035250BDE80840E3F7F8BF70B504460D461646AA
S214035260E4F740F80420E3F7E1FF324629462046F8
S214035270FFF7DDFF04460220E3F7D8FF204670BDA4
S21403528008B5E4F72FF8BDE80840D2F7E5BBE4F726
S21403529061BBE4F741BB08B5E4F73EFB20B1BDE8CC
S2140352A008400020E4F776BC112008BD10B504467C
S2140352B008B1E4F751FD2046BDE81040FCF7C8BF2F
S2140352C010B50446006A10B1616AFFF7EFFF0020CD
S2140352D0C4E9080010BD38B50546FFF7F1FF2B7E7D
S2140352E00446012B0ED0023B012B0ED8EB69012B93
S2140352F018BF6FF09604282200212846E6F754F9D3
S214035300204638BDEB69002BF2E76FF09604F2E710
S21403531018220021E6F748B970472DE9F84F98465A
S214035320DDE90B490D9B15469A0706460F4623D023
S2140353302A460A9B03EB040A1444A24220D10D9B7F
S2140353409B0705D5A2EB050AD14505EB0A0420D831
S2140353502046BDE8F88F434639462020B0470AF179
S214035360010ACA450AEB0B02F5D3A9EB04024C4526
S21403537088BF00222A44DCE7A246A5EB040BF0E72D
S21403538002F1010B434639461AF8010DB0475A4657
S214035390D3E74346224639462020B0470AF1010A9E
S2140353A0D2E72DE9F047DDE90D7616F0020F9DF8FA
S2140353B02880DDE90854DDE90BCE1FD106F001098C
S2140353C04FB1B9F1000F06D0B8F1000F02D116F0B5
S2140353D00C0F00D0013F4FF0300A04E0202C04D01D
S2140353E005F804A001347445F8D3B9F1000F05D0CD
S2140353F04FF03009A74201D9202C2DD116F0100FFB
S2140354001FD016F4806F2CD15CB3744501D0BC4218
S21403541027D1B4F1010E23D0BCF1100F46D1023CC4
S21403542016F0200F28D1202C28D04FF0780C05F842
S21403543004C00134202C21D04FF0300C05F804C0F2
S2140354400134202C1AD0B8F1000F23D04FF02D0CC6
S21403545005F804C0013412E005F804900134C9E7E6
S2140354607446BCF1100FDBD0BCF1020FE2D1202C46
S21403547004D04FF0620CDAE7202C08D12024CDE9C3
S2140354800A76CDE90854BDE8F047FFF746BF4FF06C
S214035490580CCCE716F0040F02D04FF02B0CD7E7CE
S2140354A016F0080FEBD04FF0200CD1E7BCF1020F3B
S2140354B07446C1D1DDE72DE9F04391B0189D1A9EDD
S2140354C01D9F0DB927F010077C0500D515B317F0FF
S2140354D0200F14BF4FF0410E4FF0610EAC4600256F
S2140354E00DF12008AEF10A0EBCFBF6F906FB19C94E
S2140354F05FFA89F4B9F1090F94BF30347444E4B207
S214035500B44508F8014B05F10105BCFBF6F401D3DD
S214035510202D10D11C9C069705941B9CCDE9036493
S2140355209DF86440CDE9015408AC0094FFF739FFB9
S21403553011B0BDE8F083A446D6E72DE9F04F95B049
S214035540269ECDE90A23DDE91E74DDE9229B57EA90
S214035550040308BF26F010067205CDE9080102D53C
S21403556057EA040337D016F0200F14BF41236123F4
S21403557000250DF1300AA3F10A0821464A465B4688
S2140355803846E5F7A5FCD2B2092A94BF3032424426
S2140355904F45D2B274EB0B0405F101050AF8012B53
S2140355A001D3202D14D1259B06960593249BDDE974
S2140355B00801CDE903939DF88030CDE901530CAB88
S2140355C00093DDE90A23FFF7ECFE15B0BDE8F08F84
S2140355D007460C46D1E70025E5E708B100F014B806
S2140355E0704710B1D1E900311847704738B5441EEB
S2140355F014F8015F25B90A2000F006F8284638BDDE
S214035600284600F001F8F3E701460020FCF7F3BB59
S21403561070477047EDF7BEBE704708B5FCF7BCFB96
S214035620D2F7A6F8BDE80840D4F7B6B9704708B570
S214035630D2F7E6FBFBF756F8BDE80840E3F752BEA1
S21403564008B5FBF778FFE4F7BBFBFBF752FEE4F77E
S21403565059FFE4F745FFE4F7C7FEBDE80840D7F770
S214035660C5BB08B5D5F7DCFBFBF732FED5F7E4FB85
S214035670FBF730FED9F7CCFDD9F772FED9F77AFFE0
S214035680BDE80840D9F798BE70477047E4F7D2BE26
S21403569008B5FCF7CCFFBDE80840FCF7F7BF70473A
S2140356A007B500220346114601200092D8F72AFFC9
S2140356B003B05DF804FB07B500920B46027D8189B3
S2140356C08068FDF78CFD003818BF0120C00103B0C9
S2140356D05DF804FB08B50020E0F79CFA0020E2F72B
S2140356E02DF80020DAF726F90020DAF7BDFB0020B4
S2140356F0DAF7BCFD0020DBF7A9F80020DBF7D2FDC4
S2140357000020DEF701F90020DEF76CFE0020DFF74D
S21403571061FCBDE808400020DFF74CBD08B501205A
S214035720FDF73FFA0120DAF765FABDE808400120E5
S214035730DBF78CB808B50220E0F760FB0220DFF742
S21403574053FD0220E2F708FB0220FFF7A2FD02202A
S214035750FDF7C7FC0220DEF745FEBDE80840022041
S214035760DFF7ECBFDAF78ABBFDF7DBBF704770479E
S2140357707047704770477047704710B50446DFF7A9
S214035780F7FE2046FDF743FA2046DCF79DF8204651
S214035790DCF7F0FF2046BDE81040FDF7D5BCFDF76B
S2140357A0F0BCFDF7FABCDFF71FBC70477047FDF788
S2140357B052BA70477047704770477047704705F096
S2140357C014B870477047DFF7A9BC70477047704737
S2140357D0704770477047D0F7C3BBFEF77DBC704772
S2140357E000207047FEF77ABCFEF783BC7047431E63
S2140357F0012B03D9031F58425841704701207047B5
S21403580000F021BC4FF4D0720021E5F7CDBE70B591
S2140358100446E7F7A1FF0546A8B9A169F1B1238AB3
S214035820D3B1204604F11002E7F744FE38BBE16922
S21403583019B3638AA3B1204604F1120200F0CAFA30
S21403584078B1054603E00023A3612361E3610023E7
S21403585028466361236270BDA061E8E72082E6E71D
S214035860E361216A0029F2D0A28A002AEFD02046FB
S214035870E38ABDE8704000F06FBA6182F1E76582A3
S214035880E561DEE711B9D0F8DC1021B1CB6813B1BE
S2140358908B68D88970474FF6FF707047E7F740B8B4
S2140358A010B50C461146E7F761F8E8F78FFA0128BA
S2140358B001D1002010BD002CF7D10520FAE700F037
S2140358C0CFB900F0E3B970B500232425D0F8DC0087
S2140358D0C4689C4201D1212070BD826805FB032267
S2140358E0D6898E4202D8128A8A4201D20133F0E761
S2140358F00020F1E7F8B506460D46E6F7ADFAD8B947
S2140359004FF6FF734FF0240CEF68C1B28F4208D8EE
S2140359101C4621463046E6F755FC00F09AFB204627
S214035920F8BDAA680CFB0122D4899C4202D2002C43
S214035930EFD023460130E8E70024F0E7C08D704738
S2140359400A7838B505461046FFF751FF60B14C7824
S2140359502046FFF74CFF38B12243530704D42846AA
S214035960BDE83840E7F74EBA212038BD10B50446E7
S2140359700878FFF73CFF58B14A781046FFF737FF21
S21403598030B1042A04D02046BDE81040E7F758BAE1
S214035990212010BD00F0E8B8E7F7BABD084600F0CE
S2140359A008BBE7F7F9B838B504460D4600F08EF89D
S2140359B050B129462046E6F705FC30B9294620466D
S2140359C0BDE83840E7F7B0B80E2038BD70B51646C8
S2140359D00C4604F064FD314605462046EAF792FA83
S2140359E00446284604F056FD204670BD00F032B942
S2140359F070B5044600200E4600F027FBD4F8F0509E
S214035A003DB1002331462046AC46BDE870401A46F9
S214035A1060472B46012231462046E7F71DFB284602
S214035A2070BD38B5044648880D4600F00EFBD4F822
S214035A30F0302BB929462046BDE83840E7F71ABAB6
S214035A40022038BD00F003BB00F03CB9E6F73ABFCE
S214035A50E9F732BA70B5BDF81060054606B16BB10A
S214035A60334428469BB200F077F9044620B91EB1AA
S214035A703146284600F0ABF9204670BD2124FBE7EB
S214035A80E8F7A0BDC0F8EC1000207047E7F72CBC81
S214035A9000F05EB910B4BDF8044001945DF8044B01
S214035AA000F09FB80B4610B514461846A1689288B6
S214035AB0E5F70AFFE168034631B1A0886288121A47
S214035AC092B21844E5F700FF002010BD0346408A53
S214035AD018B1188A003818BF012070470846E9F73E
S214035AE0F7BA00F0ECBA00F0EABAE9F703BD0847E4
S214035AF008B5E6F72FFFC0B208BD022A01D800F0AA
S214035B00E2B921207047022A01D800F0EDB921201E
S214035B107047022A01D800F0F9B921207047E8F748
S214035B2043BA0846E8F75EBA00F018BA0020704792
S214035B30002070477047D0F8943003F06003402B82
S214035B400DD0602B03D0203B58425841704749B1D3
S214035B500B68012B06D9486940F00100704740F2F4
S214035B600110704700207047F7B504461046D4E985
S214035B7054C7DDE908268CEA020587EA06010540D4
S214035B80194085EA0C057940C4E95451002523F4ED
S214035B90004106EA010320F0010043F400730240CB
S214035BA043F00203CDE90055EBF776F894F824307A
S214035BB09A0713D5D4F854319B050FD54FF48811A3
S214035BC0204600F058FB94F82430024665F3410360
S214035BD084F8243020460B46E6F790FE002003B0F8
S214035BE0F0BDF0B587B01C461746BDF830601AB94D
S214035BF00024204607B0F0BD002BF9D00029F7D0CB
S214035C0001AAE8F7DFFC0028F2D0BDF80630A21997
S214035C109A42BDF80850C4BF9B1B9CB2B54212D92A
S214035C200399AD1BADB23144A5420391ADF80850BC
S214035C300DD22A463846E5F747FE0499621B7819C3
S214035C40E5F742FED5E70499761B314404912246D4
S214035C503846F5E70846EAF7F5B80220E9F740BC08
S214035C6008B5D0F8E4304BB11A68022A06D993F87F
S214035C7025204AB1186AB0FBF2F008BD4FF446621D
S214035C804C210020E6F700FB0020F6E7D0F8E420DE
S214035C9008B57AB11368022B0CD9536A13F47F4FF5
S214035CA0C3F3072106D0126ADBB253438B42B3FB1E
S214035CB0F1F006D2002040F67F424C21E6F7E4FAE4
S214035CC0002008BD0346D0F830010860B3F834312D
S214035CD000208B80704790F830310C2B14BF90F85F
S214035CE02B00FF20704738B50C464FF4006105467D
S214035CF0ECF776F870B17CB195F81E3173B94FF4B2
S214035D0080724FF480712846ECF756F8003818BFB7
S214035D10012038BD2202F4E72246F2E70020F8E726
S214035D204FF48071ECF75CB808B54A024FF4007183
S214035D30ECF742F8002008BD08B58A024FF48061EC
S214035D40ECF73AF8002008BD4FF40071ECF748B8BA
S214035D50062300208B717047B2F5805FF8B50F46B7
S214035D600646154619462ED89A422CD33F2A26D9DC
S214035D70B2FA82F40122C4F11F03DBB29A4092B254
S214035D80AA422CBFC4F11904C4F11A04E2B20124D6
S214035D90931DDBB29C40A4B2AC4212D096F8F53009
S214035DA09BB9012096F8243060F3C71386F8243095
S214035DB03846E8F71BFA00203762B582F8BD0022A2
S214035DC0ECE70020EEE72120F8E70E20F6E708468A
S214035DD0E8F72CBA70B505460E46144602B3138888
S214035DE03F2B1DD9B3FA83F3C3F11901C9B20629B0
S214035DF001D8192B12D0062928BF062101238A1D94
S214035E00D2B2934030462380E8F718FA2388284610
S214035E10EE616B82E8F79CFA002070BD0021EDE787
S214035E202120FAE710B5144608460121E9F7E0FEFB
S214035E302046BDE810400121E9F7DABEF8B504466E
S214035E400E46174604F02BFB3A46054631462046D7
S214035E50EAF78CF90446284604F01CFB2046F8BDF6
S214035E600220704703207047E9F732BB10B50023C2
S214035E70E7F7B2FD044608B9EBF72CF9204610BD48
S214035E80704770B505460E46144600F0E3F83146F3
S214035E902846FFF72FFD00F0DDF8230704D50B2C6B
S214035EA09CBF24F00804A4B221462846E6F758FD12
S214035EB000224FF400312846EBF77EFF002070BD2A
S214035EC08021EBF78DBF7FB5531C05AAADF81410E0
S214035ED0029202210022DBB2CDE900211146EBF744
S214035EE089FF07B05DF804FB7FB5531C05AAADF820
S214035EF01410029204210222DBB2CDE90021002213
S214035F000121EBF777FF07B05DF804FB1FB5531CC1
S214035F10029100220821CDE900210122DBB21146BD
S214035F20EBF768FF05B05DF804FB07B591F828307A
S214035F30009391F82B3091F8292091F82A10E7F76F
S214035F40F9FF03B05DF804FB10B50446E6F702FD5F
S214035F5001462046BDE81040E6F702BD002914BFFF
S214035F6021200020704738B5054610460C46E8F752
S214035F7067F8D5B1D5F8E030BBB15B69ABB1421E6B
S214035F80D2B2FD2A13D90A68013204BF6FF00102A8
S214035F900A600A68FF281A6007D16268013202D1D4
S214035FA06FF00102626062685A60002038BD012803
S214035FB0F2E738B50546EAF701F904460021A87862
S214035FC0E8F7A6F8204638BD2DE9F74F01251C460D
S214035FD09DF83030064601930368174603F007031F
S214035FE006339D4005F1FF380B46A1B1416804EA2C
S214035FF0080BA5EB0B0A41F00059524509EB0B01C0
S21403600014D952461846E5F75FFC49467A1B5A44AC
S2140360105044E5F759FC019B2BB13C4448EA05087C
S21403602004EA0804F46003B0BDE8F08F1846F0E70E
S21403603037B5002514460095FFF7C6FF204603B084
S21403604030BDE7F779BE0020704700207047002078
S21403605070477047704730B549000446056812B16B
S21403606002291FD90339C90395B9E1B1B1FA81F3FE
S214036070C3F12003C3F10F00012838BF012003F04A
S2140360801F03D940A94201D901384908216030BD10
S214036090B5FA85F339B1B1FA81F29B1A002BE9DC24
S2140360A00F20EFE700210F20F0E7012805D902387B
S2140360B018BF4FF0FF30C0B270470120704708B5D5
S2140360C0E9F760FBBDE80840E9F784BB38B504464A
S2140360D0FFF7F5FF0546FFF7F2FF431BA342FAD38C
S2140360E038BD38B50D460446E9F74CFB35B1844256
S2140360F000D90139204601F0030138BD844238BF78
S2140361000131F7E708B50121FFF7EBFFBDE80840CB
S214036110E9F760BB0B0C23F48053B3F5284FF7B5B0
S2140361200D468FB2064699B216D04AF60103994237
S21403613014D04AF60203994212D0B1F5204F14BF89
S21403614004240324D6F8E0300BB1196851B9D6F805
S214036150DC3093B928680EE00024F3E70124F1E766
S2140361600224EFE7234668463A46E9F78FFBDDE964
S2140361700003002BEBD103B0F0BD19680029E9D06A
S214036180234668463A46E9F781FBDDE90003002B20
S214036190E0D1F0E702F002BB0204C0F3891307D58F
S2140361A06FEA83536FEA935313F5007F18B206D052
S2140361B0A3F1C8006FF4FF739842B8BF1846704740
S2140361C04FF0384359699A6903F500530A405A61F8
S2140361D070470E207047EBF771B9EBF76FB9EBF723
S2140361E06DB9EBF76BB908B50846EBF78DFD08BD3F
S2140361F0EBF764B90220704702207047002070470F
S21403620001207047002070470E207047002070471B
S214036210E7F7DCBD084611460122FFF741BB70B520
S21403622005460C4611461A46EBF720FE06682B4633
S2140362302046B446BDE87040604710B5EBF716FE3F
S214036240BDE8104083681847FFF710BEE7F7E6BCC3
S214036250FFF7A9BBE7F7F0B970B504460D46164637
S2140362604FF4881100F01CF8324629462046BDE854
S2140362707040E7F705BF38B505460C4604F00FF93E
S214036280D5F890301C40D5F88C302343C5F88C30B5
S21403629004F000F9211E18BF01210020490238BD71
S2140362A038B504460D4604F0FAF8D4F890301D408D
S2140362B0D4F88C3023EA0505C4F88C5004F0EAF8C9
S2140362C0284638BD38B504460D464FF48811FFF707
S2140362D0E7FF29462046BDE83840E7F7F9BE73B521
S2140362E00D7806460C4635B304238DF8043023791F
S2140362F0304601A98DF80530FFF738FB0546B8B9D7
S2140363002278A37952BB8DF80430E379304601A98D
S2140363108DF80530FFF714FB054648B923783BB1E3
S21403632061883046E6F7A6FF01213046FFF7DBFC1F
S214036330284602B070BD2946FFF7D5FC29463046ED
S214036340FFF7F2FC29463046FFF7F6FC2378002BCE
S214036350CAD123798DF804306379C9E702228DF810
S2140363600420D3E7FFF7E0BCFFF7EEBC002070473E
S21403637010B50446EBF714FE21460020ECF764FC48
S214036380BDE81040002000F02BB97047012070478D
S21403639008B5EDF787FA80F00100C0B208BD4FF0EC
S2140363A0FF30FFF79EBB70470020704710B50C46C2
S2140363B003F036FE048010BD38B50C46154603F0D0
S2140363C02FFE03881DB11C43A1B2018038BD23EA0A
S2140363D0040189B2F9E708B503F022FE008808BD78
S2140363E008B503F01DFEC07808BD08B503F018FE17
S2140363F0008800F00C0008BD08B503F011FE008805
S21403640000F00C00031F5842584108BD38B5054636
S21403641003F006FE04462846FFF7EEFF30B904F104
S214036420100004F01CFA00F4406038BD4FF400601E
S214036430FBE738B5054603F0F3FD04462846FFF7A9
S214036440DBFF014648B910342046042203F028FD3A
S2140364502044BDE8384004F002BAA08838BD10B521
S2140364600C4603F0DDFD848010BD38B5054603F009
S214036470D7FD04462846FFF7BFFF30B904F11000E6
S21403648004F0EDF900F4404038BD4FF40060FBE73C
S21403649038B5054603F0C4FD04462846FFF7ACFFAF
S2140364A0014648B910342046062203F0F9FC20447E
S2140364B0BDE8384004F0D3B9A08838BD38B50546E2
S2140364C003F0AEFD04462846FFF796FF014608B1E3
S2140364D0201D38BD10340622204603F0E1FC20447C
S2140364E0F7E708B503F09CFD007A08BD08B503F08E
S2140364F097FD90F9090008BD08B503F091FD807A71
S21403650008BD08B503F08CFDC06808BD10B50C4681
S21403651003F086FD047210BD10B50C4603F080FD33
S214036520447210BD10B50C4603F07AFDC46010BD6E
S2140365302DE9F8430F468046002107F11000164662
S214036540994603F0E1FD0446D0B103F069FD054624
S214036550204603F081FD002102462846E5F724F88D
S21403656000232046AB7049F00401FFF71FFFA5F890
S21403657004802EB13A46314605F11000E5F7A4F93A
S2140365802046BDE8F883F8B505460F4610200021DF
S21403659003F0BAFD0446B0B103F042FD06462046BA
S2140365A003F05AFD002102463046E4F7FDFF0023C0
S2140365B039462046B370FFF7F9FE25B12A46012176
S2140365C0204603F079FD2046F8BD08B503F028FD04
S2140365D0103008BD08B503F03FFD1038C0B208BD43
S2140365E00020ECF759BA08B5ECF7B4FC002008BD58
S2140365F04088C0F30C000330800840000430704726
S21403660070B50E4605461146304603F07DFD04463A
S21403661035B128B103F004FD32462946E5F716F8EE
S214036620204670BD0088B0FA80F04009704738B540
S21403663005880022044604F07CF905B1258038BDA0
S214036640F8B507460D4600880021164603F020FDE0
S214036650B042044605D129463846BDE8F840FFF760
S214036660E6BF0021204603F013FDB04205D02046C6
S214036670002103F00DFD0446F3E72A4620460021D9
S21403668003F01AFD32462846BDE8F840002103F021
S21403669013BDF8B5058807467DB1CCB2214628461A
S2140366A003F0F6FC8542064609D100233B80002210
S2140366B02146304603F000FD35462846F8BD214600
S2140366C003F0E6FC21460246284603F0F5FCEEE717
S2140366D02DE9F04707888246884614465FB3384656
S2140366E003F0BAFC3D460646E4B22146284603F0CC
S2140366F0CFFC4045814616D1214603F0C9FC21460E
S2140367000246284603F0D8FC474504D1454508BF52
S2140367100025AAF8005000222146404603F0CCFC90
S2140367203046BDE8F0878742FAD003F095FC304444
S2140367304D4686B2D9E73E46F2E700220123C0E97A
S21403674000237047F8B504460127002603F0B4FE7D
S21403675023683BB903F0ABFE00226368012B0ED11E
S2140367606360F8BD1D691F61266003F0A0FE012D5E
S214036770F2D02B462D691E61012DFAD1E6E7196981
S2140367801A610B46EAE7036823B94068012803D079
S214036790EDF728B9002070474FF0FF307047F8B583
S2140367A0054603F077FF012306460027A8602B73F0
S2140367B003F082FE2B6802467BB11C692169A14265
S2140367C00CBF2F6019612761104603F070FE012C81
S2140367D008D0204663689847EAE76C68012C04D122
S2140367E003F065FE00232B73F8BD6169711AB1F1DE
S2140367F0004FF5D8216969602361E5E702207047F9
S21403680002207047002070470144884201D10120CE
S214036810704710F8013B9342F7D00020704770B5DD
S2140368200146064692B00020EBF7E6FD044670B933
S214036830FDF7F1FF054601466A462046ECF722F9C6
S2140368406A46294620468DF80260ECF7D1FB2046BF
S21403685012B070BD00B593B0FDF7DDFF6A46014682
S2140368600020ECF70FF99DF9020013B05DF804FB66
S21403687000B593B0FDF7CFFF6A4601460020ECF75C
S21403688001F99DF8000013B05DF804FBECF7BEB801
S214036890012070477FB54FF6FF7101AAEDF714FB91
S2140368A020B1BDF80C0007B05DF804FB4FF6FF708F
S2140368B0F9E708B51046EEF7CDFABDE80840EEF75F
S2140368C087BB70477047704770477047704770477D
S2140368D0704738B54FF6FF750D800C46F6F77EFB0E
S2140368E02080A8420CBF2D20002038BD002100B513
S2140368F093B06A460846ECF7C5F8BDF8060013B031
S2140369005DF804FB002110B592B004466A460846BB
S214036910ECF7B8F800216A460846ADF80640ECF7EF
S21403692067FB12B010BD002100B593B06A46084657
S214036930ECF7A8F8BDF8040013B05DF804FB0021DB
S21403694010B592B004466A460846ECF79BF8002159
S2140369506A460846ADF80440ECF74AFB12B010BD91
S21403696070472DE9F04F87B00C4691460746FFF770
S2140369703CFD0546661C304603F071FF042D40F0CF
S21403698090803846FFF721FE0378092203F00303BD
S214036990012B14BF0223032301212046039303F094
S2140369A07FFA092200210546204603F079FA21786A
S2140369B08DF8170001390022204689B2FFF720FE22
S2140369C004EB09088346F0B14FF0010A2A46014654
S2140369D0CDF800A003980DF11703FBF7DDFE0228A0
S2140369E0054626D1584603F037FB00222070C0B276
S2140369F0431E00929BB252465946304604F028F88E
S214036A002378534423703846FFF7E5FC020424D466
S214036A1098F8013021789B071FD50139A1EB0901AE
S214036A203A464046C9B2F1F7D3F9237818442070A2
S214036A3013E020B92070284607B0BDE8F08F03287E
S214036A4009D1404603F00BFF20F4007189B240469B
S214036A5003F007FFD7E70428D5D1012500222046F7
S214036A602178FFF7CDFD07460028E4D04FF0000855
S214036A700146434601224046CDF80080FBF78CFED4
S214036A80022819D1384603F0E7FAC2B2013A207059
S214036A9093B2394601223046CDF8008003F0D8FF82
S214036AA0C9E780F0800520F0800081B23046C5F348
S214036AB0C01503F0D6FED1E70028BCD12070BAE794
S214036AC008B50020FFF764FC80F00100C0B208BDE3
S214036AD00A4608B501460020EDF744FCB0FA80F0FC
S214036AE0400908BD0020ECF7B7BB00210846ECF7C9
S214036AF05BB80020FFF74ABC70B5044603F0AFFE50
S214036B00042200210646204603F0CAF9204403F077
S214036B10A6FE032205460021204603F0C1F92044C1
S214036B2003F09DFE4FF6FF730540ADB29D4214D1B0
S214036B30F30712D506220021204603F0B1F92044BC
S214036B4003F08DFE0446EDF77FFC844214BF022457
S214036B500624EDF773FC204070BD2046FBF7EDFFDF
S214036B60C400E4B2F5E708B5FFF7C6FF003818BF60
S214036B70012008BD0120704710B50446FEF71DFB33
S214036B8008B9FEF71CFB03050FD40C231B2B01D1FE
S214036B90002009E020FA03F1C90703F1010206D534
S214036BA0DBB2E31A5842584110BD0B23F9E71346EC
S214036BB0ECE710B50C46098819B90846F7F766FDE1
S214036BC02080012010BD08B510461A4600F08CFA46
S214036BD0BDE8084003F0E1BD70B504460D46164611
S214036BE092B06A46EBF74EFF6A46294620468DF872
S214036BF01F60ECF7FDF912B070BD10B50C46EDF74B
S214036C00FFFF2046BDE81040EDF710BF0129F8B599
S214036C1005460C461DD003291ED0052920D007297A
S214036C2022D00026002400270120EBF77DFE304407
S214036C3085421DDA0320EBF777FE2044854219DAF6
S214036C400520EBF771FE38448542B4BF07200520C4
S214036C50F8BD6FF00406E5E76FF004040526E2E7E7
S214036C6000266FF00407DFE7002405272646DBE748
S214036C700120EDE70320EBE738B14379490023F021
S214036C800C0301F00C010B434371704710B5044627
S214036C9078B141794088490801F006010131000ABC
S214036CA0FFF7B4FF024601462046FFF7E5FF10460E
S214036CB010BD0722FBE738B50D46EDF78FFF0446F8
S214036CC008B9002038BDFFF7E1FF002DFAD123797C
S214036CD013F00703F5D0984238BF1846C0B2F1E761
S214036CE0EEF78AB90022EEF7ADBA0021012208B505
S214036CF0EEF7A8FA401A18BF012008BD38B51546A6
S214036D00FFF7F0FF0446284603F086FE84B1FF280B
S214036D1004D0626822FA00F3DB0701D5012038BDF0
S214036D200123834013436360E3780133E370F5E79D
S214036D302046F4E7EEF7E0BC10B503F071F900F176
S214036D401004204603F08BFD20F4007189B2204620
S214036D50BDE8104003F085BD2DE9FF4115460191BE
S214036D6001218DF80D301B0A8DF80E309DF82C305E
S214036D708DF80C008DF80F3028460423009103AAE3
S214036D809DF828809DF830709DF8346001F016FB5E
S214036D90044670B12946FFF762FBB8F1000F02D133
S214036DA02046FFF7C9FF2FB146B93146204601F00A
S214036DB0D0F80024204604B0BDE8F0810022204627
S214036DC01146EEF71FFCF4E74FF47A70EEF774BD46
S214036DD008B5ECF71BFEBDE808400020EEF772BED0
S214036DE000B58BB06846EEF743FD009BBDF8060082
S214036DF004A90693EEF7E2FC0BB05DF804FB1FB59F
S214036E0004466846EEF734FD02AB03CB20606160B0
S214036E1004B010BD1FB5062304468DF80C30EEF7FC
S214036E20ABFF00238DF80D00CDE9003301210223CB
S214036E30204603AA01F0C2FA04B010BD38B50022FA
S214036E4008210546FFF7E0FC044698B9FFF74EFD18
S214036E5022464FF6FF71EFF7E7F92846297CEEF74F
S214036E6061FE287C6A69E989F0F75CFDEEF7D2FDDE
S214036E70204638BD0120FCE770B50C4605460120C8
S214036E80EFF75EFD237B4BB1FFF730FD014623464C
S214036E902A46BDE870400120EFF7E4B94FF6FE71CD
S214036EA0F5E7F8B50E460746FFF78FFB054603F0F2
S214036EB0D6FC00F44040B0F5404F14BF0022062233
S214036EC002F10A03EB5C0B325C0004F00E045B0871
S214036ED0144403F0380338461C44FFF77BFB844214
S214036EE008D2001BC2B20F2A28BF0F223046291928
S214036EF0E4F7EAFC2046F8BDECF788BD40F62740E9
S214036F00F0F78EBAFF224FF6FF71F0F7BDBB07B559
S214036F1000210DF10700F0F7EFFC9DF8070003B022
S214036F205DF804FB13B5044601A90020F0F7E4FC62
S214036F30019A01462046F0F7F5FC204602B010BD44
S214036F40F0B50F46002187B0044608461646F0F70C
S214036F50D3FC012305460DF10A008DF808408DF891
S214036F600930FFF74CFF092C1DD131460DF11200F5
S214036F7003F077FC05AB002102AA9B1A2846CDE94D
S214036F800011DBB2642101F019FA0546E0B1092CC1
S214036F9015D1F0F711FD044688B12846F0F720FD19
S214036FA0204607B0F0BD31460DF113008DF8127080
S214036FB04FF6FF7503F055FC0DF11503DBE7284686
S214036FC000F014F80446EBE70446E9E738B5044650
S214036FD00D4603F03BFD40B1AC4206D0204603F01D
S214036FE02CFDBDE8384000F0ACBF38BD10B50446F4
S214036FF0FFF7EBFA023003F032FC4FF6F7739842D2
S214037000204603D9BDE81040F0F764BEF0F7A4FEAF
S214037010B0FA80F0400910BD012070470022F0F757
S21403702091BD70B504460088FFF7CFFA05460430D5
S21403703003F015FC0646A81C03F011FC054603F0F6
S21403704024FB3046F2F76EF830B92846F2F76AF8B2
S21403705010B1284603F0FAFCA378002023F00F03B0
S214037060A37070BD70B50546FFF7AFFA064628460F
S21403707001F0C8F901462846F7F73CFF04462846C0
S214037080FFF7D7F94FF6F773984208D8337803F02B
S2140370900303012B05D1A31E5842584170BD01209E
S2140370A0FCE70020FAE741F2033330B585B00D461E
S2140370B0ADF808300446FFF719FC8DF80A00FFF711
S2140370C015FC0021000A8DF80B0005232046CDE9A8
S2140370D0001102AA8DF80C5001F070F910B1214688
S2140370E0FFF79CFF05B030BD2DE9F0410446174677
S2140370F00D46E1B13F294FF0000600D13546204644
S214037100FFF773F9082814D10121204602F0C0FFC7
S214037110064602F0A1FF0446304602F081FF3B46D6
S21403712001462A46E0B2BDE8F041FDF718BC012649
S214037130E5E72046FFF759F9024630B9BDE8F041C6
S2140371404FF6FF71012003F053BB2046FFF75EF9AD
S214037150B0F5006F0ED12046FFF76BF94FF6FF73BD
S2140371609842014617D0002D0CBF032005200022AD
S21403717003F03EFB29462046EEF7FCFA68B929469B
S2140371802046F1F76DFF40B9324629462046BDE852
S214037190F041F0F725BF0120E9E7BDE8F08170472D
S2140371A0704737B54FF6F675FDF738FB431E9BB2AF
S2140371B0AB420446F8D8EDF711FD0028F4D1694632
S2140371C02046EDF72DF80028EED0204600F09AFE74
S2140371D00028E9D12046FFF788FD0028E4D12046A1
S2140371E0F1F7A0FF0028DFD1204603F02FFC00288C
S2140371F0DAD12046FDF71DFB0028D5D1204603B083
S21403720030BD73B504460E46F1F78CFF054688B9C4
S2140372102046F1F7E1FF21462B460D224FF6FD707F
S214037220009500F0A1F83146204602B0BDE8704054
S214037230F1F794BF02B070BDF7B504460D46174686
S214037240FFF754FB0646002D3FD04FF6FB739C42D8
S2140372503BD82046F1F766FF08B1A64235D0204654
S214037260F1F760FF10B1012003B0F0BD2046FDF733
S214037270E0FAC0B1A642F6D0F4B169462046ECF770
S214037280CFFF0246C0B908216846FFF7BDFA98B992
S214037290082269462846E4F7D3FC68B12946204607
S2140372A0FFF7AFFFDFE7A642E6D12846EDF726F85D
S2140372B010B900F03DFED6E73FB121462846EDF76C
S2140372C033FE21462846F5F76FFE0020CCE737B598
S2140372D0054614460C2914D8DFE801F02C132C13AA
S2140372E0131307131313132424006946ECF798FFAC
S2140372F018B901216846F5F755FF41202946F8F7E6
S21403730075FAD4B12046FFF760F9023003F0A7FA06
S2140373104FF6F773984210D9204603B0BDE83040C5
S214037320F0F78EBD40F6144040F613430B2908BF12
S2140373301846E3E700F0EDFDE3E703B030BD1FB505
S2140373400346084603218DF80D308DF80C100123F3
S2140373500021ADF80E20CDE9003103AA042301F085
S2140373602DF805B05DF804FB2DE9F34106460F46FC
S21403737014461D469DF82080FFF7B8FAB04207D1A1
S21403738000222146384602B0BDE8F041FFF79FBF12
S2140373903A4631462046FFF7D2FFADF8060060B105
S2140373A00D2C05D100224FF6FF71282003F020FA9A
S2140373B035B9BDF80600FFF719FE02B0BDE8F08147
S2140373C00123424629460DF10600ECF773FABDF891
S2140373D00630002BEDD1F0E7F7B50C460546FFF770
S2140373E0F4F8611C06462846F7F784FDA11C0746F9
S2140373F0284600F02AFF014604463846FDF747FABA
S2140374000D2F34D12046F1F78DFE78B1301D03F0F1
S21403741026FA04462846F679FFF73AF83146024636
S214037420204603B0BDE8F040FFF768BCB01C03F08D
S21403743016FA4FF6F773984202D92846F0F700FD7E
S2140374402046F1F7C9FEFFF751FAA04205D1002006
S21403745003B0BDE8F040FFF7A2BE6B46B068F16824
S21403746003C369462046F1F779FE03B0F0BD2A460A
S2140374703946204603B0BDE8F040FFF728BF142284
S2140374800021E4F791B82DE9F04F11F00F070446F9
S2140374900E4615468FB05CD10120E1F703FD09A81F
S2140374A0FDF7F3FA092309A88DF82430FDF7F1FA5E
S2140374B009A8E1F7C9FC01A909A8FDF77BFC26F09A
S2140374C00F08A84404F1100904F10F0A454511D129
S2140374D0236901A93344236109A8FDF750FC002062
S2140374E0E1F7E0FCB6F1005F28BF272738460FB068
S2140374F0BDE8F08F05AA2346964694461868596851
S2140375000833ACE803004B456246F6D12B462246C9
S21403751005F1100B53F8041B5B4542F8041BF9D125
S214037520714609A8FDF72BFC09A8E1F78DFC224656
S21403753021460120E1F772FC013D631E13F8012F7B
S21403754015F8011F534582EA01021A70F6D15D460B
S214037550BCE70227CAE7F0B5174685B005460C46D2
S214037560102200216846E4F71FF8BFB3C4B30F2CFC
S21403757004F00F0608D924F00F043A46214628469D
S214037580FFF781FF40BB2744324639466846E4F797
S2140375909BF980222F6906F1100337446B44B7F535
S2140375A0005F03F8102C2F61C6F110061AD3062EBF
S2140375B01FDDFB001A0E8DF80A201A0C5BBA8DF835
S2140375C00B20ADF80C306A4610212846FFF75BFF08
S2140375D000202B69103B2B6105B0F0BD3E46D8E773
S2140375E02646D6E7022E04DDFB005BBAADF80E3066
S2140375F0E9E76A4610212846FFF745FF2B69102264
S214037600A3F11004002168462C61E3F7CDFFB7F51C
S214037610005F4FEAC403CDD2E7E770B50E460546D2
S21403762086B001A81446FFF72AFF3246294601A86A
S214037630FFF791FF2246054601AB05AE1C4603CC79
S214037640B44210605160234602F10802F6D1284680
S21403765006B070BDF1F718BE0A460021F1F714BE56
S214037660F0B58BB00C4601A9F1F70EFE054680B3C4
S21403767025220021E01CE3F797FF0123A3700E23C6
S214037680BDF810702380FA0510D523464FF4877291
S21403769006AE23F8042B0DF1280C324603CA6245C6
S2140376A018605960164603F10803F6D13B0605D564
S2140376B0238843F080032380069B636001AB03CBE0
S2140376C0039BC4F81D00C4F82110A361F2F7C0FFA2
S2140376D0606128460BB0F0BD30B505460C4687B052
S2140376E001A8FDF7D2F92868696802AB03C39DF8C1
S2140376F0113043F002028DF8112074B1228851062E
S21403770044BF43F006038DF81130530542BF9DF87E
S214037710113043F008038DF8113001A8FDF7B0FAD5
S214037720B0FA80F0400907B030BD2DE9F3410F46AB
S2140377300546164602F090FC4FF00008C41BE4B260
S214037740294623463A463046CDF8008003F080F9B2
S2140377500121284602F09CFC88B10121284602F04C
S21403776097FC074602F078FC0546C3B2424630193A
S2140377703946CDF8008003F06BF92544ECB2204679
S21403778002B0BDE8F0812DE9F04F85B00C46054602
S21403779091461F464FF0010ADDF838809DF83CB04D
S2140377A002F05AFC22463B4629460646CDF800A080
S2140377B0484603F04DF95146284602F069FC3C441E
S2140377C018B35146284602F063FCF6B2B44281462B
S2140377D010DAE7B2F31BDBB2404622462946CDF861
S2140377E000A003935F4403F033F9039BBF1B984445
S2140377F007F0FF0B012300220E9349465B464046E3
S21403780005B0BDE8F04F03F023B95B462246294690
S214037810CDF838A0F3E72DE9F041002686B00746F9
S21403782008460C4615469846CDE9026604968DF83A
S214037830146002F011FC411BCBB20D2B28BF0D23A5
S2140378402A462146009602A803F002F9424602A9F8
S2140378503846F1F76FFE0646294620469DF808206F
S214037860F7F75CFB304606B0BDE8F0812DE9F04F34
S2140378700E46CBB00121054617461C4602F008FC0F
S21403788023463A462946814606A8FFF7C4FF0DF16C
S214037890280A00EB070B5246314628465FFA8BFB55
S2140378A0FFF743FFB34503D200204BB0BDE8F08F8C
S2140378B0ABEB06085FFA88F808F104039842F3DB9B
S2140378C0331F18440423C4B20193A31BDBB20093F3
S2140378D0524643460021CDF808A006A8E1F752FA1F
S2140378E00028E1D1A4EB0B040AEB0803E4B25246EA
S2140378F028463146009301944346FFF744FF394632
S2140379002846F7F7F7FA394600F0F8022846F7F75D
S21403791005FB0121284602F0BBFB002818BF4D4695
S2140379202846ADF8165002F097FB011FC9B20DF1B9
S214037930160000F04FFC0120B7E72DE9D8410646B4
S21403794000F060FD411C044689B2304600F02DFD70
S21403795098B394B321463046F7F7CCFA00F00C03FD
S214037960042B074629D000F00308B8F1020F00D114
S2140379701BBB384600F0B0FD3B060444A4B216D544
S214037980611C304689B200F010FDB0B12146304686
S214037990F7F7B0FAB8F1010F014600F003030CD075
S2140379A0032B0AD0384600F0A6FD03199CB22146E5
S2140379B03046BDE8D84100F0F8BC0020BDE8D881C9
S2140379C0F8B5064600F0E0FC054604463046FEF7EA
S2140379D0FCFD43785B0718D5AC1CA4B221463046A1
S2140379E000F0E3FCB8B129463046F7F783FA0746BA
S2140379F0691C304689B2F7F77DFA1FB1874201D872
S214037A00FF2808D104EB4704A4B221463046BDE85C
S214037A10F84000F0CABC0020F8BD13B5044601A820
S214037A20F1F7E0FFBDF80430DA0710D49B0707D45C
S214037A3010220021204602B0BDE81040E3F7B4BD93
S214037A40224621461020FFF7E8FD0028F0D102B0B9
S214037A5010BD024608B5F1F7EDFF510544BF0838DF
S214037A60C0B2130544BF0838C0B208BDF0B5D3078B
S214037A7005460C468BB04AD5008800F0C3FC0023AD
S214037A800646029314B9CDE9034403AC0022082149
S214037A902046FEF7B9FEA8B12888FEF796FD023009
S214037AA002F0DDFE21460746ECF7BAFB50B1002292
S214037AB040231146384600F005FA40F609452846A5
S214037AC00BB0F0BD31462888F7F714FA10F0030F11
S214037AD00CBF01260026F1F71BFC46EA4000C0B2A5
S214037AE000900021204602AB05AAF3F7EDF9054600
S214037AF0F1F70EFC0028E2D0002DE0D0002120464E
S214037B00009602AB05AAF3F7DFF90546D7E740F67A
S214037B100A45D4E700231A46F3F742B930B58BB0CB
S214037B2005AD04462846FCF7B0FF0223284601A904
S214037B308DF81430FDF73EF9234601AA144603CC0C
S214037B40AC4218605960224603F10803F6D10BB025
S214037B5030BD08B50023024619461846F3F720F948
S214037B60012008BD37B504466846F3F791F9054684
S214037B7048B1082221466846E4F762F8B0FA80F076
S214037B80400903B030BDFF2208212046FEF73CFE25
S214037B90034628B106212846FFF7BCFF0120F0E77D
S214037BA022460146F3F7FCF8F8E707B56846F3F70D
S214037BB06FF910B16846FDF76CFA00F0010003B0E8
S214037BC05DF804FB0120F3F739BE704730B5012496
S214037BD0054689B003A8FCF758FF01A88DF80C40AA
S214037BE0E1F790F99DF806209DF80730AA4209D0E0
S214037BF0AB4209D103A88DF80D40E1F725F9012022
S214037C0009B030BD0024F5E70020F9E70022102173
S214037C10FEF7FABD70477FB50D4600F582300D229C
S214037C20694600F58070D5F707F96B462A4602AE1B
S214037C301C4603CCB44210605160234602F108028E
S214037C40F6D1206810602379137100236B7304B098
S214037C5070BDF0B585B06A4605460B46164601F17B
S214037C600807144618685968083303C4BB422246FB
S214037C70F7D118680D2220601B7905F5823031464E
S214037C80237100F58070D5F703F905B0F0BD38B55C
S214037C9004460D46E0F728FCA04205D920462946AF
S214037CA0FFF7B9FF002038BD2820FCE730B50024D5
S214037CB085B08DF80040E0F717FCE5B2A84204D87B
S214037CC0F5F7D4F8002005B030BD69462846FFF71F
S214037CD0C0FF0134EFE738B50446002002F0ABFEE0
S214037CE0FF2805460FD002F0AEFE10F0010009D0C3
S214037CF0284602F0A8FE400840EAC17080F0010062
S214037D0000F0010038BD04F00100FBE70146F8B5BA
S214037D1006460020F4F7E4FFFF2801D00120F8BD53
S214037D20E0F7D2FB00240546871CE0F7D1FBE3B25D
S214037D30984201D80020F2E735F82430B34203D145
S214037D4017F82430002BE9D10134EEE738B50D4699
S214037D500121044602F09CF930B10121204602F0CD
S214037D6097F92880012038BD20462C8000F020FC9F
S214037D700130C0B2F7E72DE9F04788B007468946D9
S214037D8010460DF10A011D469046FFF7DFFF4FF040
S214037D90000ABDF80A6004463046CDE905AACDF8C8
S214037DA01BA002F059F9031BDBB20B2B28BF0B23D6
S214037DB022463146CDF800A005A802F049FE48F257
S214037DC01F039D4243D00BD885F40043012B15D9DE
S214037DD023464246494628460097FDF7A7F933E06F
S214037DE048F23A039D42F3D1FEF780FDB8422BD00A
S214037DF02246414605A8FDF7CAF925E09DF814304A
S214037E0013BBBDF81D40DDF81500DDF8191003ABF4
S214037E1003C3204603A9E0F75BFD0122204603A91E
S214037E20FFF70AFAA74206460ED0012103A8F5F784
S214037E30B9F948F201039D4206D12EB933463246BC
S214037E403946204600F058FC08B0BDE8F0879DF898
S214037E501450002DF8D12F469DF815800234EAB24F
S214037E604245F1D2D200D2B222440823314692B21E
S214037E70009703A8CDE9037702F0EAFD03A800F014
S214037E8074F802F0DAFD00F05CF80135E7E710B5A8
S214037E900024418084800480C280038110BD13B512
S214037EA0BDF81040CDE900340023F5F749FC02B0D5
S214037EB010BD13B5BDF8104001900094F5F740FCD3
S214037EC002B010BD07B500930123FFF7F2FF03B01E
S214037ED05DF804FB0123F5F7D9BC38B50546EFF783
S214037EE06BFD0446E0F70CFBA40144EA402028405F
S214037EF038BD7047704700207047FF20704700204A
S214037F0070477047002070474FF6FF707047002099
S214037F1070477047002070477047002070477047CF
S214037F200020704700207047704770470020704756
S214037F3070477047002070474FF6FF707047172052
S214037F407047704770477047704770477047012007
S214037F507047012070470020704700207047704725
S214037F60704770474FF6FF7070474FF6FF707047C5
S214037F70002070470020704700207047704700209D
S214037F8070472DE9F04F002785B081460C467E20CA
S214037F9039469846BDF83CB09DF844A0BDF84C5011
S214037FA00192ADF80E7002F0AFF80646002800F016
S214037FB0AA8002F035F839467E22E3F7F5FA304612
S214037FC002F02EF80090304602F02AF8B9F1FF0FBF
S214037FD00CBF274644F003073B0A14F440620770BD
S214037FE043705FD14FF00808C31C184642460199F8
S214037FF0E3F72CFB034604F44044434484B1790678
S21403800006D419464FEA1B2201F802BB5A700B46E8
S214038010B4F5004F56D0A4F5404254425441E40010
S214038020224618460E99E3F711FB009A03462044AE
S214038030A0EB02085FFA88F89DB14FF47C521A53FE
S214038040841C284601F0ECFF8346284602F004F819
S214038050C5B22A4659462046E3F736FC6019023570
S214038060EDB2B9F1FF0F2FD05246109900F8019BDD
S214038070E3F72AFC08F101015AFA81F12944304654
S214038080EBF7AEFB0C210022FF0007F0800710463B
S2140380903943FEF778FAADF80E00E8B9002005B0CC
S2140380A0BDE8F08FB2F5006F80F803804FEA18281A
S2140380B080F8048000F1050314BF4FF008084FF062
S2140380C0020892E70224ABE708EB0A01294430468C
S2140380D0EBF786FB0821D6E7304601F0A1FF0446FE
S2140380E0304601F0B9FF0123024621460DF10E008A
S2140380F0EBF7E0FB0028D1D10121BDF84820BDF8FD
S2140381000E0001F0D9FFBDF80E00C8E710B50C4607
S214038110098821B90846F6F7B9FA208008B1012084
S21403812010BD0220FCE72DE9F04780460F460646C1
S214038130002402F1FF39BC4202D219F8015F25B9C7
S214038140A6EB080080B2BDE8F0879A46A5F1310297
S214038150012A5AF8041B10D83246322D02F8011BA6
S21403816006D10134A4B2A74232D30912B21C7170ED
S214038170013453461646A4B2DDE7342D0CD103343E
S214038180BC42DDDA0B0A317073700B0C090EB37048
S214038190321DF170A4B2EBE7A5F13302062A0DD81F
S2140381A0303DADB22B19BB42CADA2A463046013CF3
S2140381B0E3F74CFA15FA84F47219EBE7A5F14102DA
S2140381C0062A01D8373DECE79D8803F1080AE9E75C
S2140381D01646B5E770B5054600880C4601F03CFF29
S2140381E0A04228880AD201F037FF0023221A194634
S2140381F02846BDE8704092B2EBF75CBB2146EBF72E
S214038200EFFA002070BD38B5054601F009FF0446B5
S214038210284601F021FF002201462046BDE83840EB
S214038220FEF7EEB9F8B516460C461D46BDF81870AF
S21403823001F0F6FE0444304601F0F2FE3A464119D8
S2140382402046BDE8F840E3F701BA70B50C460131A5
S21403825089B20646F6F74EFE214605463046F6F741
S21403826049FE00EB052080B270BD1FB50123ADF8B3
S2140382700C2000930A460223014603A802F0E8FBFB
S21403828005B05DF804FB0FB437B5069D0021A8B210
S21403829001F03AFF044601F0C3FE2CB1002207ABFF
S2140382A00193D1B28D4205D8204603B0BDE83040D5
S2140382B004B0704753F8041B81540132F1E773B5D9
S2140382C004460D4640200021164601F01DFFADF87A
S2140382D0060001F0A5FEBDF8063013B9002002B073
S2140382E070BD402133462A462044FFF71CFF211861
S2140382F089B20DF10600FFF76DFF0028EED1BDF839
S2140383000600ECE70EB403B503AA52F8041B019269
S214038310FFF7D5FF02B05DF804EB03B070472DE915
S214038320F7430F4601218146164601F0B1FE054686
S21403833058B1FFF768FF308088B9284601F08CFEF5
S21403834068B1192003B0BDE8F083484601F084FE07
S214038350FF2FA0EB0704E4B214D014B93480002036
S214038360F0E72A4621462846FEF74AF980460028C3
S214038370E7D03B464A4629460094FFF753FFA6F844
S2140383800080ECE70120DDE708B5FEF71EF9437829
S21403839003F001001A074CBF10300830DB0644BF59
S2140383A00830C0B21030C0B208BD10B50C4601F09C
S2140383B053FEA04234BF0020012010BD7FB51446F3
S2140383C00091024641F2092141F609209DF82060FA
S2140383D01D46002E18BF0146099B0020F6F7B2FD86
S2140383E0ADF80E0010B9002004B070BD01232A4674
S2140383F021460DF10E00EBF75DFA0028F3D1BDF828
S2140384000E00F1E738B50546FFF7BEFF04462846DB
S21403841001F022FE631C9BB283420FD82846FEF768
S214038420D4F843785B0707D521462846F6F762FD5E
S214038430013004EB4004E4B2204638BD0024FBE7D9
S2140384401FB5ADF80E0001F007FE0446BDF80E009A
S214038450FFF7D8FF00F10E03DBB2BDF80E2001468E
S214038460E01A80B200901046FFF7DCFEA4F10E017E
S21403847089B20DF10E00FFF7ADFE04B010BD4278D1
S214038480034612F0080006D0D20702D403F1080010
S214038490704703F10900704737B505460C46FEF7EB
S2140384A094F8437813F0100212D09CB103F0010243
S2140384B01B074FF000032946009320464FF008039E
S2140384C054BF1832203202F0C3FA012003B030BD85
S2140384D01046FBE72046F9E700F00303012B08D01C
S2140384E0C30606D400F00C000C2814BF082009208D
S2140384F0704702207047034611F0030005D003F0CF
S2140385000303022B14BF022003207047F8B50C4662
S214038510064601F0A1FD631C834202D900252846C6
S214038520F8BD21463046F6F7E5FC0746FFF7D4FFCD
S2140385303B060546F3D50444304601F08DFDA4B250
S214038540631C9BB28342E9D821463046F6F7D2FC39
S21403855001463846FFF7CFFF2844C5B2DFE770B5BC
S21403856006460D46FFF7D2FF044610B90024204600
S21403857070BD29463046F6F7BDFC8206F7D5304671
S21403858001F06AFD2544ADB26B1C9BB28342EDD865
S21403859029463046F6F7AEFC00F01803082B14BF46
S2140385A005340634E4B2830644BF0834E4B2DEE797
S2140385B038B50546FFF726FF044608B9002038BD40
S2140385C001462846FFF7CBFF0028F7D02044C0B269
S2140385D0F5E72DE9F04387B005460C46FDF7F5FFB2
S2140385E0804602F03CF907462846FFF70BFF06468F
S2140385F001462846FFF78AFF0022034600922946D3
S214038600324602A802F024FA9DF8086006F00C032E
S2140386100C2B06F003090BD0B9F1010F59D0F10664
S21403862057D49DF809300DF10A050020637107E061
S214038630FF230DF10900637102F011F90DF10B052B
S214038640208198F80130DA0704D508F1020002F019
S21403865006F92081B9F1010F5FFA89F83DD0F306D8
S2140386603BD4284602F0FBF86080A81C02F0F7F81B
S214038670053515F8013C208023712B78B006A372CC
S21403868006F0400348BF43F02003390627D543F4DA
S2140386900073F80448BF43F48063390548BF43F4C6
S2140386A000633206E38011D56A7812F003020DD018
S2140386B06FEA43436FEA5343A978B8F1020FE380A6
S2140386C00B4611D1EB7841EA0321218107B0BDE8BF
S2140386D0F083FF230DF10905A7E7FF23CCE77A060E
S2140386E048BF43F48073D4E7012A04BF0B029BB24E
S2140386F02381EBE7F7F7D8B80BB1F7F741B90AB917
S214038700F7F7BAB9FF21F7F7E3B8431C08BF002011
S214038710E4F700BA034B5868C0F30800003818BFE4
S2140387200120704700ED00E0014B1868704700BF5A
S214038730F0640020084B1B6F03F00703022B04D0E2
S214038740032B05D0012B05D0FEE7044B18687047B2
S214038750034BFBE70348704700800050F06400209B
S214038760F8640020002D310108B5FFF7E3FF054B41
S2140387701B6FC3F301330133B0FBF3F0024B1860F6
S21403878008BD00BF00800050EC640020004870471E
S21403879000B4C40400487047002D3101014B18682B
S2140387A0704700BFF8640020174A9368C3F3044376
S2140387B00C2B0AD8DFE803F00B090909090907217E
S2140387C019091B1D1F001148704700207047936846
S2140387D003F04073B3F1807F11D0B3F1007F10D064
S2140387E0002B0B4818BF002070470A4870470A48FA
S2140387F070470A4870470A4870470A4870470A484D
S21403880070470A48704700BF0040015A405DC600E3
S21403881000093D00C0EA210180BA8C010048E80146
S214038820005A62020024F40080841E0040420F00B7
S214038830014B1868704700BFF464002007B500F0CA
S21403884065FC6A4600F0C2FC18B14721034801F0F4
S21403885028FFDDE9000103B05DF804FBA0B30300C5
S2140388600229F8B596BF104B00245C5C0128054628
S2140388700E4608D0022809D008B944F002040B4B70
S2140388801F6837B9F8BD44F00804F8E744F020043D
S214038890F5E77B681A68144203D0314628465B68BE
S2140388A098473F68EDE700BF124E0400503C002097
S2140388B038B5104D2B78ABB10F4C23781BB100F0B5
S2140388C031FA00232370002001F0FEFE0B4C50B15A
S2140388D000F07AFA0023012120782B70FFF7C0FFFF
S2140388E00123237038BD0122054B1A702278054BED
S2140388F01A70F7E70D5B00200B5B0020125B00206D
S2140389000E5B00200F5B00200E490B78FF2B01D176
S21403891098B170470BB990B97047002814BF01226D
S214038920FF2213440B7060B1074B1B78012B08D949
S214038930064B1B782BB9FFF7BBBF1A46F1E701229C
S214038940EFE77047115B0020125B00200E5B0020F0
S21403895010B501F0A4FD064B04461B781BB1BDE819
S214038960104001F097BDFFF7A3FF2046F7E700BFCF
S2140389700A5B002002282DE9F04147D029480378F6
S214038980FF2B41D1002941D11A461344DBB20370B1
S21403899000293BD0244E3278012A37D9002B3ED00B
S2140389A001F07DFD214F04463B780BB3204D2B7819
S2140389B01BB901222A701F4A1370DFF87C8098F8CF
S2140389C0003023B100F0AEF9002388F800302046CB
S2140389D001F060FD012001F077FE01F060FD2B78C9
S2140389E004461BB100F0F0F900232B7000233B7004
S2140389F0204601F04FFD01243078A04206D02146E0
S214038A00FFF72EFF347001E013B931B9BDE8F081EA
S214038A10002914BF0122FF22B7E70122B5E702248B
S214038A20EAE700BF115B0020125B00200D5B00200D
S214038A300A5B00200E5B00200B5B00202DE9F04351
S214038A4085B0EFF3108572B6AFF3008001F011FF27
S214038A50002800F09280624E624F337823B10020E4
S214038A60FFF752FF00233370387878B903A900F074
S214038A701DFB044650B95C4B039A1B689A4200F2EE
S214038A8084800120FFF740FF012333703B78002BDF
S214038A9040F09980554B1B78002B00F091804FF0E7
S214038AA00208534CDFF868912078404507D099F8C0
S214038AB0003013B94146FFF7D3FE84F80080B8F1BF
S214038AC0020F0FD1DFF8248198F8003053B9494BD1
S214038AD01B7823B900F020F90122474B1A700123B3
S214038AE088F80030207800F0F7F899F8003013B1D2
S214038AF0424B1B782370AFF30080284601F0DFFD5E
S214038B00EFF3108572B63E4B1A7852B100221A70F4
S214038B103A4B20781B78984203D101212170FFF746
S214038B209FFE384800F082FA01F0B7FE8046002820
S214038B3093D12E4F3B789BB189F80000DFF8B890AD
S214038B4099F800301BB100F0EDF889F8008000209A
S214038B5001F0BAFD002839D000F036F900233B7047
S214038B60337823B10020FFF7CFFE002333700021B4
S214038B702078FFF775FE00232370AFF300802846A6
S214038B8005B0BDE8F04301F09ABD1F4BD3F8008053
S214038B9000F048F9039B80449845BFF472AF00F099
S214038BA03BF98200039942F0020292B2CDE90042F9
S214038BB02346164AA1EB0801124801F087FD65E734
S214038BC000F09CF86BE74FF001086AE7012000F01D
S214038BD083F8284601F073FDEFF3108572B6B6E707
S214038BE00C5B0020115B0020583C00200D5B00202E
S214038BF0125B0020105B00200B5B00200F5B002045
S214038C00085B00205C3C0020543C00205189030094
S214038C100E5B002010B501F042FC0022054B1C78C9
S214038C201A7001F037FC00F005FBE4B22043C0B233
S214038C3010BD00BF095B002038B501F030FC094BBE
S214038C4005461B78012B04D801F024FC002420469B
S214038C5038BD054B1C6800F0E5F80444284601F0CF
S214038C6019FCF4E7125B0020543C00201549164A11
S214038C700B6F10B503F007031360144A144C926984
S214038C80032B02F00200C2F34002227017D0D1F881
S214038C90203103F00703022B11D0D1F8803203F002
S214038CA001030C4A137048B143B9064BD3F800319D
S214038CB003F00303591E4B424B41137010BD0123AF
S214038CC0EFE700BF00800050B83C002000C0015012
S214038CD0175B0020185B0020012805D00238012806
S214038CE008D80020D1F7B2BB034A136923F0040364
S214038CF0136130BF704700BF00ED00E0044B054A28
S214038D00D3F8203103F007031360F8F7F0B900BF78
S214038D1000800050C03C00200122014B1A707047AF
S214038D20165B0020F8B51F4B1B78002B39D01E4C62
S214038D302378B3B91D4B9A6DD10302D5DA6D92072A
S214038D402FD49B6DDB072CD401F003FD184B194A77
S214038D501860136F23F0070343F003031367FFF74B
S214038D6003FD01F0F6FC124B134D1B68134EC01A9D
S214038D702B78134F56F8232046F82300111A3A6827
S214038D801048521A0A213A600932B2FBF1F2013353
S214038D90DBB20260B3FBF1F201FB12332B7000234C
S214038DA02370F8BD185B0020155B002000C0005040
S214038DB0B03C002000800050145B0020883C00205C
S214038DC0843C0020803C002008B5F8F791F90D4A52
S214038DD00D49136F096823F007030B4313670B4909
S214038DE0D2F82031096823F007030B43C2F8203179
S214038DF0074B1B7813B10122064B9A62BDE8084065
S214038E00FFF7B2BC00800050B83C0020C03C0020F6
S214038E10185B002000E00050014B1878704700BF35
S214038E20185B0020054B187818B1054B186800EB43
S214038E30D000044B1B681844704700BF185B002023
S214038E40803C0020B43C002008B50D4B1A7892B144
S214038E5000221A700B4A136F23F0070343F0010333
S214038E601367D2F8203123F0070343F00403C2F854
S214038E702031FFF779FC0122034B5A6708BD00BF78
S214038E80165B00200080005000E000500D490B6880
S214038E90A0B10022A3B1834203D1836822B90B6039
S214038EA003E01A469B68F5E7936083680BB90020D6
S214038EB070475A6941690A445A61F8E722207047A5
S214038EC002207047CC3C002010B501F05EFC0A4C33
S214038ED00A4B19682368C31A09B9206010BD002B12
S214038EE0FBD04A699A423ABF9B1A0022D21A4A61B9
S214038EF028BF00238968EFE7C83C0020CC3C00204D
S214038F0038B5154D2B682BB35B69B3B1134A0220F2
S214038F1014681C4400F088FA204600F047FA002242
S214038F200F492B680A70012A05D823B1D888800711
S214038F300AD501230B70002038BD022000F074FA16
S214038F40022000F093FAEAE79B68002BF3D05869F7
S214038F500244E8E72220EFE7CC3C0020C83C002090
S214038F601A5B0020C38870B504460D463BB9FFF76D
S214038F7063FE8542064602D2F9F735FA35460E4AAF
S214038F80656113689BB91460A3600FE02D1A986897
S214038F9019466561034618B15869A842F6D941B126
S214038FA08C60A36013B15A69521B5A6170BD0021CD
S214038FB0F2E71460F5E700BFCC3C002070B5164618
S214038FC09DF81420C0E903360271049ABDF81830E0
S214038FD00260002204460D468260C38006BB01F091
S214038FE0D4FB2844A0613DB9E368656113B120460C
S214038FF02168984796B1354601F051FA0646FFF7C1
S21403900063FF29462046FFF7ADFF074B1B68A342C5
S21403901001D1FFF775FF304601F03CFA002070BD22
S21403902001F0B3FB3044DDE7CC3C0020F8B5054641
S214039030D0B101F034FA0646FFF746FF0B4B28463D
S2140390401F68FFF723FF044620B1304601F022FADB
S2140390502046F8BDAF42F8D1FFF752FF2228F4D1DD
S214039060022000F0EDF9F0E72224F1E7CC3C0020E3
S21403907038B50C460546A8B1A1B100230B7001F024
S2140390801BFA0121084B1B6833B901F010FA0020C4
S21403909038BD9D4204D121702278002AF9D0F4E726
S2140390A09B68F1E72220F3E7CC3C0020F8B50646A0
S2140390B00F4601F001FA00250446124B1B6823B93C
S2140390C0204601F0F4F91B2011E05A691544DA88AA
S2140390D0B2420DD101F059FB0B4E3368C01AA842B9
S2140390E00AD3002320463B6001F0E1F90020F8BDD7
S2140390F0FF2EEFD09B68E2E701F047FB33682B4473
S2140391001B1AEFE7CC3C0020C83C002070B501F0EA
S214039110D3F9064601F039FB084B044601201D68C7
S21403912001F023FB18B101F030FB0446013530464D
S21403913001F0BDF92046294670BD00BFD43C00208F
S214039140014B1868704700BFD03C0020F8B50C4BA5
S21403915005461B680E4683420FD3002440F2E730D1
S2140391602146084B4FF47A721F680023E5FB07017C
S214039170E1F7AEFE30602046F8BD2120FCE700BFD5
S214039180C43C0020D03C00200F4B10B51A689AB19F
S2140391904FF47A71531E1342A0FB01010ED1B2FAAB
S2140391A082F2C2F11F04531CD243E04001FA03F3D8
S2140391B0184321FA02F20243104610BD0023E1F7DA
S2140391C087FE0246F8E700BFD03C002038B5164BB2
S2140391D014468342154B8B4123D3154B1A6802B3AF
S2140391E04FF47A75A0FB050305FB0131531E1342AA
S2140391F011D1B2FA82F3C3F11F055A1CDB4301FAFD
S21403920002F2E84021FA03F310431843E940C4E9A5
S2140392100001002038BD0023E1F75AFEC4E900012F
S214039220F7E72120F6E700BFEFA7C64B37894100D3
S214039230D03C002010B501F03FF9034B1C7801F039
S21403924036F9E4B2204610BD195B002008B5084B7A
S2140392501B7803F0FF004BB101F07BFA054B1B684C
S2140392609B69C01A02288CBF0020012008BD00BFDE
S2140392701A5B0020CC3C0020C2072DE9F8430446C5
S21403928007D5474A136801331360FFF71DFEFFF740
S21403929037FEA30740F1818001F00EF94FF0000876
S2140392A005464646FFF710FE3E4F3C680CB1636921
S2140392B0A3B100223C4B012E1A7003D118F0020F03
S2140392C018BF1E70FFF71CFE222802D1022000F0F2
S2140392D0B7F82846BDE8F84301F0E9B823465A69CB
S2140392E03AB91A792179914288BF1C469B68002BAC
S2140392F0F5D1284601F0DBF8D4F81080B8F1000F5A
S2140393003FD001F042FAA269851AEB17454573F17F
S214039310000337DB23691344A36101232269CAB11F
S214039320C3B9A38BB8EB050833B1E28B13449BB2E6
S214039330B3F57A7F1CD2E38301F0BEF805464146B7
S2140393402046FFF70FFEA369226928461344A3614C
S21403935001F0ADF8E36813B1204621689847B4F8E6
S214039360068001F0A9F801360546FFF7ADFD9CE738
S214039370A3F57A73E383A36918F1FF38013BA3616E
S214039380DAE7454601F098F881462046FFF77EFD6A
S214039390484601F08CF80023C0E7BDE8F88300BF19
S2140393A0D43C0020CC3C0020195B002010B50446BA
S2140393B001F075F84FF0B042936A1907FCD4136AAC
S2140393C0116C5269120704D4CA1A032A01D89942A7
S2140393D00ED1E21A022A98BFDC1CB4F1FF3F38BF55
S2140393E0013C4FF0B04308221C6403F580539A6196
S2140393F001F050F8054A13783BB14FF0B041CB6B00
S21403940043F00203CB630023137010BD5B6A002096
S21403941007B5044B01A9187901F0E7F8019803B0E2
S2140394205DF804FB504C040000F001038207034A76
S21403943048BF43F008039361704700BF001000580D
S214039440820700F001030AD50121064A43F0080308
S21403945011704FF0B041CA6B22F00302CA63024A8E
S214039460936170475B6A002000200058830742BF61
S2140394700822014B5A6170470010005873B502ABBF
S214039480164603E90600044600F052FF054620464A
S21403949000F05EFF9DF800208DB1202C33780ED8A7
S2140394A0012B2ED84FF6FF752D4803EB43132344A9
S2140394B030F81310A94202D0013120F81310294BBB
S2140394C0294E33F8141036F81400814232D34FF67F
S2140394D0FF75A9424FF0010502D0013123F814109D
S2140394E004F0FD01092927D1998AB68A0A44B242B3
S2140394F0B4BF9A829E8233F81430834227D202B0D6
S21403950070BD022BDBD14FF6FF704FF6FF75144B81
S21403951033F81410814218BF013104F1210018BF3B
S21403952023F8141033F81010A9421CBF013123F896
S2140395301010C4E70025D0E71D2CDCD1598F8E18F8
S214039540864203DA01390A445A87D4E75887002D3E
S214039550D5D1204602B0BDE8704001F031B900BF56
S21403956020570020F8570020A457002038B50D4692
S214039570044600F0A1FF064A13889BB22DB123438D
S2140395801380BDE8384000F092BF23EA0403F7E7F0
S214039590FE5900200022034B01214FF480701A70FD
S2140395A0FFF7E4BF2B61002008B5054B1868FCF7EE
S2140395B02FFE00F00300C31E5842584108BD00BFEB
S2140395C02454002038B5044601F098F90C4B0546A0
S2140395D01978187981420FD0631E082B0CD8DFE860
S2140395E003F0050D0B0D0B0D0D0D0D0000220146AE
S2140395F0044B1868FCF70AFE284638BD0022F7E736
S214039600896A00202454002038B54FF0FF300C46FA
S214039610FFF77BF80A4B05461868FFF776F8641BD6
S214039620241A20B210F1630F06DB10F1240F05DABB
S21403963064308000C0B238BD0020FCE7FF20FAE7A4
S2140396402454002008B5134B1B78062B04D040F691
S2140396502101114801F025F8104B1B881B0704D481
S21403966040F622010C4801F01CF80D4B2A2019780D
S214039670FFF7A8FF00210820FFF778FF0222094B17
S2140396801A70094B1868E8F73BFCBDE8084001F080
S21403969084B800BF2B610020C3480400FE59002095
S2140396A028610020B86A00202454002010B50E4C10
S2140396B0236823B940F6A3410C4800F0F2FF206864
S2140396C0013001F0CCF800F0070003280AD1246823
S2140396D009220121204600F0E3FB205C031F5842C9
S2140396E0584110BD0020FCE714540020C348040072
S2140396F038B50C4640B100210420FFF737FF01F0D0
S2140397004CF8012C1DD038BD244B1B889B07F6D57F
S2140397100129234A2FD1117869B30139C9B21170CF
S21403972011B92020FFF722FF00210220FFF71EFFBA
S21403973004221C4B00211C481A7000F05DFD01F04A
S2140397402CF81A4C2068013001F089F800F44060C8
S214039750B0F5006F1FD1246801210422204600F0D3
S2140397609FFB204401F07BF80146BDE83840002209
S214039770202001F03DB800210D4D02201170FFF7A7
S214039780F5FE2B78FF2B04D040F29961094800F0D0
S21403979088FF2C70B3E74FF6FF71E6E7FE5900200B
S2140397A02A6100202B61002000680020145400204A
S2140397B0B96A0020C348040038B5134C054623880D
S2140397C0580709D5FFF7F0FE01460720FFF7FAFE14
S2140397D0FF210120FFF78CFF238899070BD50B4B3E
S2140397E0284619788A1F51425141FFF7EBFE0121A3
S2140397F00020FFF77DFF23881B0703D5BDE838400D
S214039800FFF720BF38BD00BFFE5900202B610020A4
S214039810F7B5124CD4E9006586EA020C85EA03071D
S2140398200CEA000C0F405CEA070E15D086EA0C061D
S2140398307D40C4E90065CDE900230B46084902468E
S2140398400868FCF7A7F838B14FF4FD71054803B074
S214039850BDE8F04000F025BF03B0F0BDA81500201A
S21403986024540020C348040008B50A4B1B88DB06B3
S21403987004D440F64701084800F013FF00211020E7
S214039880FFF774FE002000F06BFBBDE8084000F015
S21403989084BF00BFFE590020C34804002DE9F04FE3
S2140398A05706804614461D4691B005D5FFF77CFE45
S2140398B001460120FFF786FEEE0403D500212D2086
S2140398C0FFF780FEA00224D54046FCF74DFD014677
S2140398D0F8B94020FFF74AFE40460AA9FCF721F9EB
S2140398E0B8B99DF83030022B40F0D980BDF8280077
S2140398F001F0A3F8FF2808D14046FCF710F940B959
S21403990001214020FFF732FE03E001F09AF8002819
S214039910F2D1A10305D5FFF747FE01460320FFF763
S21403992051FEE20104F0807640F1C080854B1B882F
S2140399309B072DD5844E3068FCF788F840BB834BD5
S214039940834F18703B78FF2B04D040F25761814851
S21403995000F0A7FE4FF0000900210220FFF706FEE5
S21403996087F800907C4F3B78062B07D1012108200F
S214039970FFF7FCFD49462820FFF724FE3B78052B1E
S21403998006D100212B20FFF71DFE3068E8F7B8FA52
S21403999000F003FF220717D56B4F0321386805AA8B
S2140399A0FCF76EF8064620B940F2C961694800F034
S2140399B078FE9DF81430072B00F0D080FFF7F4FDF7
S2140399C001460420FFF7FEFDE10505D5FFF7ECFD94
S2140399D001460420FFF7F6FD14F4863F05D0FFF793
S2140399E0E3FD01460220FFF7EDFDA20113D5FFF7C5
S2140399F0DBFD01460820FFF7E5FD00210420FFF705
S214039A00B5FD554B1B78012B03D14F4B1868E8F770
S214039A1077FA00F0C2FE14F0084F09D0FFF7C4FD32
S214039A2001460720FFF7CEFDFF210120FFF760FE6A
S214039A30A30009D5FFF7B8FD01460620FFF7C2FDD0
S214039A40FF210120FFF754FEA70705D53D4B1B88D2
S214039A501E0701D5FFF7F6FD6C0603D500210A2085
S214039A60FFF7B0FD280602D50120FCF78EFCE905BA
S214039A7040F1858140460AAA05A9FCF7C5FB9DF877
S214039A801430222B00F06D8100F28281152B40F2F8
S214039A906A8140F60A112F4800F003FE6FE1032B9C
S214039AA07FF437AF0AA800F0C4FF30E705F00207DB
S214039AB056EA07030DD0284B26201978A1F1060E87
S214039AC0DEF1000141EB0E01FFF77CFD012130467C
S214039AD011E004F0805656EA07030FD01E4B2620EB
S214039AE01978A1F1060CDCF1000141EB0C01FFF73C
S214039AF069FD02213846FFF7FBFD4BE704F088417A
S214039B0051EA060309D0144B272019788F1F794290
S214039B107941FFF757FD0221D9E705F008030B4308
S214039B2002D02320FFF74EFD680703D5002124202B
S214039B30FFF748FDE9077FF52DAF00212520FFF746
S214039B4041FD27E7FE590020245400202A61002007
S214039B50B96A0020C34804002B61002031463868E8
S214039B600AAAFBF793FF20B14FF4DA619E4800F090
S214039B7098FDBDF81630386802330AA9ADF82C30C4
S214039B80FBF786FF20B140F2DF61974800F089FDBE
S214039B900023009331460423386804AAFBF77AFFB0
S214039BA0042804D040F2E4618F4800F07AFDDFF821
S214039BB0589299F80030C3BB0DF1110000F04FFE28
S214039BC000F00700022830D1FFF7EEFC014609201B
S214039BD0FFF7F8FC854B1B78062B23D1844B9DF8A7
S214039BE013201B789A421DD19DF8353023B940F2D5
S214039BF0FA617D4800F055FD0DF1110000F02FFECF
S214039C00C0F3001631462920FFF7DCFC00210820AC
S214039C10FFF7ACFC774B1E70FFF748FD10B93868AA
S214039C20E8F76EF900F0B9FDCEE6BDF8160001219F
S214039C30083080B200F068FA039030B9FFF7B4FC3E
S214039C4001460420FFF7BEFCECE700F0E9F905AA9D
S214039C50014606463868FBF725FF99F800A0BAF1D7
S214039C60000F22D106F1010B584600F0F8FD8306DB
S214039C705AD53868FCF778FB0746FFF795FC053797
S214039C800146F8B2FFF79EFC584600F0E8FD00F0E8
S214039C9007000328584F2DD001210420FFF766FC48
S214039CA04FF0FF30FBF71DFF386000225349BDF825
S214039CB016300978F718F1549DF83630BB709DF8C6
S214039CC03730FB700A9B190E3971190C7971FB71C9
S214039CD0190A99F80030B97123B9737892B343F02F
S214039CE020037370002000F069F97870039800F081
S214039CF071FA97E701210922304600F0D1F8305C6B
S214039D0001210428C9D1FFF731FC4FF0FF30FBF7E0
S214039D10E8FE3B4B38601B885806C6D551464020A4
S214039D20FFF724FC0122C1E7FFF73EFC01460920AA
S214039D30FFF748FC2D4B1B78012BB6D13868E8F7A4
S214039D40DFF8B2E723F02003CBE701227E33DBB252
S214039D5002FA03F313F00A1F31D113F0011F3FF485
S214039D6098AE27202CE0012202FA03F3254A1A4074
S214039D702ABB13F0041FF4D1DA077FF58AAEAB05CE
S214039D802FD50121802011B0BDE8F04FFFF7EEBBC1
S214039D90652B1AD8622B12D8452B0CD8422B0ED81B
S214039DA0352B06D8322B0AD8252B08D9322BD8D0F8
S214039DB06FE6422BFBE7552B05D8522BF7D9262007
S214039DC0FFF7FAFCDBE7622BF1E7952B3FF661AE74
S214039DD0812BBAD8722BC4D0733B022B3FF659AEF5
S214039DE0EDE711B0BDE8F08FC34804002B610020F7
S214039DF027610020B86A002010540020BA6A0020A9
S214039E00FE5900203A0038002E610020024B1878D5
S214039E10B0FA80F0400970472B61002008B5064B66
S214039E204FF0FF311868FCF715FA0028B8BF033067
S214039E3040F3870008BD00BF2454002008B5074B35
S214039E401868FBF73CFD30B1054BB3FBF0F083B26B
S214039E500BB1184608BD0120FCE700BF24540020C0
S214039E6040420F0038B510200C460121FFF77EFB59
S214039E70064B1D68FFF7E2FF012200FB04F1044BCB
S214039E802846FCF7CCF9002038BD00BF2454002038
S214039E9069980300014800F004BC00BFDD480400D5
S214039EA0032A70B5144602D82C4B985C70BD81F01B
S214039EB0010519B90D2A07D1FF20F7E70D2A03D1AB
S214039EC000780538C0B2F1E7084400F0C8FCC5F1D5
S214039ED0040110F440660246C9B209D1042C0846B0
S214039EE0E4D0052C16D112F0400F18BF0846DDE764
S214039EF0C5F10603042CD8B2D8D0B6F5006F03D14B
S214039F00C5F10805E8B2ECE7B6F5406FE9D1C5F14F
S214039F100E05F7E712F4404107D1062CC6D0072CEE
S214039F20C4D0082C13D10130CCE755065CBF831C84
S214039F30D8B2062CBAD0B1F5004F02D1831CD8B2E2
S214039F40EDE7B1F5404FEAD100F10803F7E7130751
S214039F5044BF0530C0B20C2CA8D9ADE7B0940400BA
S214039F60AC2370B5094C054603FB00435E6D26B96A
S214039F7040F2FD31064800F094FBAC2303FB054496
S214039F80002363653346BDE8704018472854002015
S214039F901A49040010B40C461146AC22064B02FBC9
S214039FA00033586D20B95C655DF8044BFFF75ABF64
S214039FB002205DF8044B704728540020AC22034B64
S214039FC002FB003393F8A800704700BF2854002014
S214039FD028B1034B1B68C01A4010013080B270478B
S214039FE0E854002030B1044B00F100401B680138F0
S214039FF003EB4000704700BFE8540020064B1B6885
S21403A000834206D8054B1B68834294BF0020012079
S21403A01070470020704700BFE8540020E454002037
S21403A02010B5044608B9002010BD00F075FC20B931
S21403A03040F2CD41074800F034FB2046FFF7D2FF3D
S21403A0400028F0D00388DB0B14BFD0F80A000830D2
S21403A050EAE700BFF148040010B508B9002010BDB8
S21403A060FFF7C0FF044600F04EFC20B94FF49D6195
S21403A070064800F016FB002CF0D02388DB0B0ABF43
S21403A08060882089C0F30C00E9E700BFF1480400AC
S21403A09038B5FFF7A7FF0D46044650B100F033FC72
S21403A0A020B940F24151034800F0FBFA023534F878
S21403A0B0150038BDF148040070B5FFF793FF0C4652
S21403A0C016460546B0B100F01EFC20B940F24D51CD
S21403A0D00C4800F0E6FA3046FFF784FF00F013FC66
S21403A0E020B940F24E51074800F0DBFA023425F857
S21403A0F0146070BD40F25251BDE87040014800F054
S21403A100D0BA00BFF14804002DE9F8430746884655
S21403A11000F069FB20B940F28E512A4800F0C1FADC
S21403A120FC1CA408284B64000434B7F5005F1E68C3
S21403A130A4B204D340F29551224800F0B2FA00F0DC
S21403A140BBF9224981460B687BB9214B1D68761BF8
S21403A150C6F34F06B44227D90025484600F0A7F9B0
S21403A1602846BDE8F843FFF733BFB8F1000F11D018
S21403A170174A15685A1BC2F34F029442ECD8144888
S21403A180620005EB44040460B8F1000F0FD11344DA
S21403A1900B600CE0F61AC6F34F0676B940F2A651EA
S21403A1A0084800F07EFAD7E705EB44041C6000235A
S21403A1B06F80AB80EB802B80CFE7B442CCD8044AC9
S21403A1C01568DCE7F1480400EC540020D454002062
S21403A1D0E454002038B5054600F06EF904462946D7
S21403A1E00448002200F0A5FB2046BDE8384000F0F6
S21403A1F05EB900BF045A002082684B4B2DE9F0413C
S21403A2009A4204460E46056815D121B140F2131151
S21403A210464800F046FA00F04FF923691BB92B684D
S21403A2202BB924612C60BDE8F04100F040B91A69EF
S21403A23022611C61F6E700F02DFA8046FEF76AFA03
S21403A24020B14FF49571394800F02BFA6FF00043B4
S21403A2509E4221694BD22B7B08EB0602002B4DD086
S21403A260AB6893424AD1531C002949D0616999428D
S21403A27042D01EB9521AB2F1004F3DD96361236929
S21403A2806E689C4203D19D21284800F00AFA2F46A7
S21403A2900023B4420BD0002B41D172696169891A3D
S21403A2A0B1F1004F32D83269374694422CD1226935
S21403A2B0BD420CBF6A603A617BB92669B44203D1DA
S21403A2C0B8211A4800F0EDF93B46012E05D0626925
S21403A2D07169521AB2F1004F23D99D420BBF6B68C6
S21403A2E01A69236122610CBF6C601C6104E043445D
S21403A2F031B162699342C1D1BDE8F0811346B3E739
S21403A3006A6822616C60B9E71646C6E7A8EB0202E4
S21403A310B2F1004FC7D93B4637463669B9E71F4601
S21403A320F9E733463669D0E7D93902000549040010
S21403A3300823064A12F8011B814205D0013B13F09D
S21403A340FF03F7D118467047012070476195040054
S21403A3500823064A12F8011B814205D0013B13F07D
S21403A360FF03F7D11846704701207047599504003C
S21403A37010B5082207490446E1F762FCB0FA80F0FC
S21403A3804FF6FF732289400940009A4208BF40F007
S21403A390010010BD7295040030B504460D4685B025
S21403A3A002B9084A1068516801AB03C301AB03CB7B
S21403A3B020602046ADF80C501B886160238105B0F1
S21403A3C030BD00BFC5D10300002270B50A4B1C7810
S21403A3D00A4BD5B2AC4202D800200C7008E01E88A7
S21403A3E00132864205D30D701B881B1A584258410A
S21403A3F070BD1233EDE700BFA8600020A45900200B
S21403A40010B5164B187860B1154C2368CBB14FF4D2
S21403A410707200201349FFF7BDFD2368013B2360DC
S21403A42010BDFFF7FBFC1049104A91F90040136872
S21403A43084420B4C03F1010313602368B8BF087012
S21403A44053B90B4800F09DFA0028E9D1BDE8104047
S21403A45001460748FFF7D0BE0822DAE77B610020F3
S21403A4606055002001A403007661002058550020A3
S21403A470CC690020054B1B682BB9054B18680038C0
S21403A48018BF012070470120704700BF50550020B9
S21403A4904C55002010B962B6BFF36F8F7047EFF3C9
S21403A4A0108072B67047302383F31188704780F3A9
S21403A4B01188BFF36F8F7047EFF31180302383F358
S21403A4C011887047002070474FF4004070474FF4E0
S21403A4D07A7070470122417803788A4030214B43D3
S21403A4E041F2100103F1A04303F570335A5070474D
S21403A4F0B0F5802F24D010D8B0F5003F22D006D870
S21403A50028B3B0F5803F14BF012048207047B0F54C
S21403A510403F14BF01202C207047B0F5302F13D0D6
S21403A52008D8B0F5E02F11D0B0F5202F14BF0120C6
S21403A53010207047B0F57F0F14BF01200620704728
S21403A5404B2070472A207047112070472120704700
S21403A55008B570B100F022F84FF098435A6CD20257
S21403A560FCD5586D10F4702004D0BDE80840FFF702
S21403A570BFBF212008BD08B528B128220021E1F776
S21403A58013F8002008BD2120FCE7036A042B9FBFB5
S21403A59000EB83020133D16003627047036A052B25
S21403A5A014D84FF09842116CC902FCD504339B00B3
S21403A5B013650168103B11604168116050F8081F6D
S21403A5C011604FF098420344984200D1704750F808
S21403A5D0041F1160F8E7836813B9816070475B68EE
S21403A5E05A68012AFBD15960704709B100F008B8D0
S21403A5F022207047012100F046B8002100F043B83E
S21403A60070B506460D46FFF757FF04461D2E37D88E
S21403A610DFE806F00F18361C1E20362224363636A0
S21403A6202628362A2C2E3036363636343636363606
S21403A6303632FEF77FF8002628602046FFF737FFFE
S21403A640304670BD0120CFF79BFCF4E70320FAE702
S21403A6500420F8E70C20F6E70220F4E70620F2E7EA
S21403A6600720F0E70820EEE70520ECE70920EAE7F5
S21403A6700A20E8E70D20E6E71020E4E70B20E2E7F0
S21403A68000202126D8E70020704708B5FEF7D6F845
S21403A69080B208BD08B5FEF7D1F808BD704742DEA4
S21403A6A0704738B504460D4600F008F8FFF7FBFE82
S21403A6B029462046BDE83840FFF7F1BF704710B97A
S21403A6C062B6BFF36F8F7047012070472DE9FF41D5
S21403A6D00D4616461F460446A8B14FF00008C0F8BC
S21403A6E01C80FEF7A3FCBDF82C30424602939DF86F
S21403A6F028302946CDE9007320463346FEF75EFC34
S21403A70004B0BDE8F0812220FAE7F0B51F46002327
S21403A71087B00D46164604468DF81730A8B1C361B8
S21403A7200DF11701FEF7A4FC9DF817207AB9BDF8C2
S21403A7303430294602939DF830302046CDE9007325
S21403A7403346FEF73BFC07B0F0BD2220FBE70320B1
S21403A750F9E738B5FFF7B0FE054600F016F80446ED
S21403A7602846FFF7A4FE204638BD4FF0B043012825
S21403A7705B6904D0022805D1C3F3C000704703F019
S21403A780010070470020704770474FF0B0439A6A45
S21403A7901207FCD4186A7047704708B5FFF7FCFF2A
S21403A7A000F01DF808BD10B5FFF779FE0121044639
S21403A7B00846FEF7DFF82046BDE81040FFF76ABEFE
S21403A7C010B5044600F012F82046FAF7F8FF2046C4
S21403A7D0F8F72DF9BDE81040F9F7F0BC704708B557
S21403A7E0FFF7FCFF08BD0120704770470020704745
S21403A7F030B589B00446ADF806108DF81020FFF783
S21403A80097FD05462046FFF7A3FD03469DB1BDF819
S21403A8100600ABB900F0BAF8FF2808BF00200DF118
S21403A8200F038DF80F001A46204604990593FEF78A
S21403A83025FE09B030BD0028F5D00DF10603F2E77A
S21403A84000F0A4F8FF2808BF0020BDF806308DF8F6
S21403A8500F00ADF81A308DF8180006ABE3E7008852
S21403A86070470170090A4170704701207047012044
S21403A870704738B5DFF7D8FD0446D4F707FE051E44
S21403A88018BF2546D4F7D4FE041E18BF2C46FFF780
S21403A890ECFF002818BF204638BD38B5FEF7BAF9D6
S21403A8A00446F7F7C4FA04281ED002284FF0000522
S21403A8B008BF0124F8F763F9042817D0022808BF55
S21403A8C00124F7F7F3FE042812D0022808BF012458
S21403A8D0FFF7CDFF04280DD0022808BF0124002D62
S21403A8E018BF0024204638BD0125E3E70125E8E725
S21403A8F00125EDE70024F5E7FF20704708B5FFF7CD
S21403A900FBFF002008BD08B520B1FFF777FB00F07A
S21403A910010008BD0120FAE708B5FFF763FBBDE8B1
S21403A9200840FFF7F0BF008810B1C9B2FFF7B0BB0D
S21403A93070472DE9F041B0F8008006460C46D5B2C4
S21403A940B8F1000F11D029464046FFF7A1FB224677
S21403A950074629464046FFF7AFFB3A4629462046B8
S21403A960FFF7AAFB3480BDE8F0810F46F5E7034600
S21403A9701B8808468B4202D00021FFF789BB0020C4
S21403A98070470069003818BF0120704700207047E1
S21403A990F8B506460D46FFF7EBFC0328044621D020
S21403A9A02846FFF7E5FC032807461BD010F00203F2
S21403A9B018D1A0070DD5F90716D401233C43E207A7
S21403A9C004D431892A89914218BF002303F0010079
S21403A9D0F8BD082229463046E1F732F9B0FA80F38B
S21403A9E05B09EBE70020F3E71846F1E770B50D4681
S21403A9F000210646FFF797FF044630B1FFF710FB2A
S21403AA0001462846FFF7C4FF08B1204670BD21461D
S21403AA103046FFF7ACFFEFE707B50DF10701FFF789
S21403AA20D3FC20B19DF8070003B05DF804FBFF20BC
S21403AA30FAE700207047FF207047FF207047FF208B
S21403AA4070470020704700200021704700207047A1
S21403AA502DE9F84307460846154688461C469DF8E2
S21403AA602090FFF7DDFA4619A4B19EB14046FFF7E2
S21403AA70F3FA254485420FDC2246B9F1000F06D1CE
S21403AA8031463846E0F7E2FD0020BDE8F883394654
S21403AA903046F7E72120F8E71D20F6E70000000020
S21403AAA0F8B500BFF8BC08BC9E467047F8B500BFB3
S21403AAB0F8BC08BC9E4670475FF800F0AD62002005
S21403AAC05FF800F049630020446576696365207487
S21403AAD0797065206368616E676520646574656375
S21403AAE07465643A202564202D3E2025640D0A00F3
S21403AAF050726573732064657465637465640D0AC8
S21403AB00004D756C74692070726573732064657488
S21403AB1065637465643A2025640D0A0052656C65A6
S21403AB206173652064657465637465640D0A004C1F
S21403AB306F6E6720707265737320646574656374E3
S21403AB4065640D0A0072656C61795F737461727473
S21403AB505F6C61746368696E675F70756C73653A82
S21403AB6020616E6F746865722070756C73652069FA
S21403AB7073206163746976650D0A0072656C61798A
S21403AB805F6F6E0D0A0072656C61795F6F66660DA6
S21403AB900A0072656C61795F746F67676C650D0A8E
S21403ABA00057726974696E6720636F6E6669672003
S21403ABB0746F206E763A2025730D0A0053697A6502
S21403ABC03A2025640D0A004661696C656420746F3B
S21403ABD0207772697465204445564943455F434F61
S21403ABE04E4649475F4441544120746F204E562CCD
S21403ABF0207374617475733A2025642E2028627955
S21403AC007465733A202564290D0A007375636365BA
S21403AC107373210D0A004661696C656420746F20A6
S21403AC2072656164204E565F4954454D5F444556F0
S21403AC304943455F434F4E4649472C207573696E1B
S21403AC40672064656661756C7420636F6E666967FA
S21403AC5020696E73746561642C20737461747573F4
S21403AC603A2025642E202862797465733A20256479
S21403AC70290D0A005573696E6720636F6E666967F0
S21403AC803A2025642063686172732066726F6D0DC7
S21403AC900A25730D0A0072626C38633835773B54A5
S21403ACA053303031322D5A533B534130753B524467
S21403ACB03141343B4943313B534231753B52433078
S21403ACC043323B4941353B4D3B004E6574776F72CB
S21403ACD06B20737461747573206368616E67656453
S21403ACE020746F2025640D0A004D616E75666163DE
S21403ACF0747572657220746F6F206269670D0A003F
S21403AD004D6F64656C20746F6F206269670D0A006F
S21403AD10496E697469616C697A696E67205A6967F6
S21403AD206265652077697468202564207377697483
S21403AD30636865732C2025642072656C6179732CB7
S21403AD4020256420636F7665722073776974636861
S21403AD5065732C20256420636F766572730D0A0075
S21403AD60436F6E66696720706172736564207375DE
S21403AD70636365737366756C6C790D0A007265613F
S21403AD80642076657273696F6E20666F726D206ECF
S21403AD906577206C6F636174696F6E0D0A00466198
S21403ADA0696C656420746F207772697465206C61C2
S21403ADB073745365656E56657273696F6E20746F30
S21403ADC0204E562C2073743A2025640D0A004F6CCF
S21403ADD0642076657273696F6E3A2025640D0A00E7
S21403ADE043757272656E742076657273696F6E3A18
S21403ADF02025640D0A00524553455420414C4C21EE
S21403AE000D0A0068616C5F6770696F5F63616C6CE5
S21403AE106261636B3A2065787469206C696E65209D
S21403AE20256C642073746174757320256C750D0A24
S21403AE300068616C5F6770696F5F63616C6C626109
S21403AE40636B3A206E6F20667265652045585449D9
S21403AE50206C696E65730D0A002F686F6D652F721F
S21403AE60756E6E65722F776F726B2F747579612DA1
S21403AE707A69676265652D7377697463682F74757D
S21403AE8079612D7A69676265652D7377697463687E
S21403AE902F73696C6162735F746F6F6C732F736962
S21403AEA06D706C69636974795F73646B2F2E2E2FD4
S21403AEB02E2E2F7372632F73696C6162732F686112
S21403AEC06C2F7A69676265652E630044726F7070D3
S21403AED0696E67206F6C64204F544120696D61670B
S21403AEE0652C2063757272656E74206F6666736573
S21403AEF0743A20256C750A00556E6B6E6F776E205C
S21403AF00636F76657220636F6D6D616E643A20259C
S21403AF10640D0A00556E6B6E6F776E20636D64204A
S21403AF2025640D0A00427574746F6E207072657323
S21403AF30732064657465637465642C20627574207D
S21403AF406E6F20627574746F6E20697320707265FD
S21403AF50737365640D0A00427574746F6E206C6FAC
S21403AF606E672070726573732064657465637465B9
S21403AF70642C20627574206E6F20627574746F6E15
S21403AF80206973206C6F6E672070726573736564D7
S21403AF900D0A004E6F20636F7665722073776974AF
S21403AFA0636820636F6E66696720696E204E562C51
S21403AFB0207573696E672064656661756C74730DBE
S21403AFC00A00417474726962757465206368616E01
S21403AFD06765642C2065703A2025642C20636C75A5
S21403AFE0737465723A2025642C20617474723A2057
S21403AFF025640D0A00506F6C6C20636F6E74726F5D
S21403B0006C3A2073656E64696E6720636865636B6C
S21403B0102D696E0D0A005A434C2061637469766984
S21403B02074792C20656E746572696E672066617329
S21403B0307420706F6C6C0D0A00506F6C6C20636F1D
S21403B0406E74726F6C3A20636865636B2D696E204D
S21403B050726573706F6E73652C20666173743D251D
S21403B060642C2074696D656F75743D25640D0A0044
S21403B070506F6C6C20636F6E74726F6C3A206661EF
S21403B080737420706F6C6C2073746F700D0A0050AD
S21403B0906F6C6C20636F6E74726F6C3A207365749A
S21403B0A0206C6F6E6720706F6C6C20696E746572AF
S21403B0B076616C3D256C750D0A00506F6C6C2063D1
S21403B0C06F6E74726F6C3A207365742073686F7258
S21403B0D07420706F6C6C20696E74657276616C3D5B
S21403B0E025640D0A00506F6C6C20636F6E74726F6C
S21403B0F06C3A20636865636B2D696E20696E7465B0
S21403B1007276616C207772697474656E3D256C7512
S21403B1100D0A00506F6C6C20636F6E74726F6C3A1E
S21403B12020696E76616C696420636865636B2D695C
S21403B1306E20696E74657276616C2C207265766516
S21403B1407274696E670D0A00506F6C6C20636F6EC5
S21403B15074726F6C3A206661737420706F6C6C2027
S21403B16074696D656F7574207772697474656E3D66
S21403B17025640D0A00506F6C6C20636F6E74726FDB
S21403B1806C3A206661737420706F6C6C2074696D02
S21403B190656F75742C20737769746368696E6720AE
S21403B1A0746F206C6F6E6720706F6C6C0D0A0055A1
S21403B1B06E6B6E6F776E204C6576656C4374726C3F
S21403B1C020636F6D6D616E643A2025640D0A005529
S21403B1D06E6B6E6F776E204F6E4F666620636F6D75
S21403B1E06D616E643A2025640D0A00496E646578C5
S21403B1F020617420777269746520617474723A20D2
S21403B20025640D0A004E6F207377697463682063A4
S21403B2106F6E66696720696E204E562C20757369BB
S21403B2206E672064656661756C74730D0A00496EFB
S21403B23076616C69642072656C61795F696E6465BA
S21403B2407820256420696E204E562C20726573651F
S21403B2507474696E6720746F2064656661756C74B8
S21403B2600D0A003E2000556E6B6E6F776E2065727A
S21403B270726F7200496E70757420627566666572C9
S21403B2802069732046554C4C004D6178696D756D89
S21403B290206E756D626572206F6620617267756DCC
S21403B2A0656E7473206578636565646564005468C9
S21403B2B06520617267756D656E74206973206E6FA5
S21403B2C07420666F726D617474656420636F727246
S21403B2D06563746C7900496E636F7272656374207C
S21403B2E0617267756D656E74207479706500496E5A
S21403B2F0636F7272656374206E756D626572206F1C
S21403B3006620617267756D656E7473004E6F206399
S21403B3106F6D6D616E6420666F756E640075696E21
S21403B3207438006164646974696F6E616C002A0026
S21403B330756E6B6E6F776E0077696C6463617264AB
S21403B340006865786F707400737472696E676F70E7
S21403B350740075696E7433326F70740075696E7439
S21403B36031366F70740075696E74386F7074006868
S21403B370657800737472696E670075696E7431362A
S21403B3800075696E743332002E2E2E200068656CAD
S21403B39070000A25730A2573257300257320080099
S21403B3A02F686F6D652F72756E6E65722F776F726D
S21403B3B06B2F747579612D7A69676265652D73776E
S21403B3C0697463682F747579612D7A696762656538
S21403B3D02D7377697463682F73696C6162735F7426
S21403B3E06F6F6C732F73696D706C69636974795FC3
S21403B3F073646B2F706C6174666F726D2F736572F6
S21403B400766963652F6C65676163795F68616C2F26
S21403B4107372632F626173652D7265706C61636509
S21403B4206D656E742E63002F686F6D652F72756E73
S21403B4306E65722F776F726B2F747579612D7A69CB
S21403B440676265652D7377697463682F74757961B0
S21403B4502D7A69676265652D7377697463682F73E0
S21403B460696C6162735F746F6F6C732F73696D7051
S21403B4706C69636974795F73646B2F706C6174664F
S21403B4806F726D2F736572766963652F746F6B6564
S21403B4906E5F6D616E616765722F6C656761637958
S21403B4A02F7372632F736C5F746F6B656E5F6D6162
S21403B4B06E616765722E63002F686F6D652F7275F8
S21403B4C06E6E65722F776F726B2F747579612D7A36
S21403B4D069676265652D7377697463682F74757918
S21403B4E0612D7A69676265652D7377697463682F62
S21403B4F073696C6162735F746F6F6C732F73696DBE
S21403B500706C69636974795F73646B2F706C6174B4
S21403B510666F726D2F736572766963652F746F6BD2
S21403B520656E5F6D616E616765722F6C65676163DB
S21403B530792F7372632F736C5F746F6B656E5F6DB9
S21403B540616E75666163747572696E672E63004318
S21403B550757272656E7420436F6E6669673A20254E
S21403B56030780053657420434341206D6F64652033
S21403B570746F2025643A2025307800656E61626C0E
S21403B58065640064697361626C6564006F75742832
S21403B590636C69656E742900696E2028736572761C
S21403B5A0657229004D464720537472696E673A20C8
S21403B5B02573004170704275696C646572204D4650
S21403B5C04720436F64653A20307825303458006E40
S21403B5D06F6465205B004164646974696F6E616CB7
S21403B5E020696E7465726661636573002020256446
S21403B5F03A200070616765205B25645D206368619F
S21403B6006E205B25645D20707772205B25645D0089
S21403B6106E6F7420616374697665006572726F720B
S21403B620203078253038580070616E4944205B30EE
S21403B63078253034585D206E6F64654944205B304E
S21403B64078253034585D20007870616E205B307842
S21403B65000706172656E744944205B30782530341F
S21403B660585D20706172656E7452737369205B2532
S21403B670645D006E6F646554797065205B00536586
S21403B680637572697479206C6576656C205B25300A
S21403B69032585D006E6574776F726B2073746174D5
S21403B6A065205B253032585D2000427566666572FC
S21403B6B02062797465733A202564202F2025640060
S21403B6C0457020636E743A202564006570202564F7
S21403B6D0205B656E64706F696E742025732C20641E
S21403B6E065766963652025735D20006E776B205B46
S21403B6F025645D2070726F66696C65205B30782503
S21403B7003034585D206465764964205B3078253094
S21403B71034585D20766572205B3078253032585D6C
S21403B7200020202020257320636C75737465723A9D
S21403B7302030782530345820004E776B20636E74A3
S21403B7403A202564006E776B202564205B25735DA5
S21403B750005072696D617279202870726F2900201B
S21403B760206E6F646554797065205B3078253032BF
S21403B770585D002020736563757269747950726F23
S21403B78066696C65205B3078253032585D0045501D
S21403B7902025643A20257320004572726F723A2082
S21403B7A020556E6B6E6F776E20656E64706F696E74
S21403B7B0742E00456E61626C65206576656E742036
S21403B7C0646562756720696E666F20696E20436FD5
S21403B7D0726520434C4920636F6D706F6E656E749F
S21403B7E0006F6E6C7920636F6F7264696E61746F3D
S21403B7F072732063616E20666F726D0A006A6F69EA
S21403B8006E203078253038580A006C6561766500FE
S21403B8102573203078253032580A0072656A6F69BE
S21403B8206E0072656A6F696E44696666446576691A
S21403B830636554797065006578742E2050414E20F8
S21403B84049443A20004E574B206F70656E3A2025C8
S21403B8507520736563004E574B20636C6F73656486
S21403B8600066696E64206A6F696E61626C653A2071
S21403B8703078253032580066696E6420756E7573AD
S21403B88065643A20307825303258004368616E6725
S21403B890696E6720746F206368616E6E656C202521
S21403B8A0643A2030782530325800696E76616C69C8
S21403B8B064206E6574776F726B20696E64657800BA
S21403B8C053686F72742049443A20307825303458D0
S21403B8D02C2045554936343A20002C2050616E20E2
S21403B8E049443A20307825303458005374617274D2
S21403B8F06564206D756C74692D70687920696E7443
S21403B900657266616365004661696C656420746F81
S21403B910202573202573203078253032580054654F
S21403B920726D696E617465642025732030782530E6
S21403B9303258004B65657020616C697665207375B7
S21403B94070706F727420656E61626C65642E00663B
S21403B95061696C656420746F20736574206B65651C
S21403B9607020616C697665206D6F64652E00737553
S21403B970636365737366756C6C7920736574207482
S21403B9806865206368696C642074696D656F757497
S21403B990206F7074696F6E206D61736B2E00666125
S21403B9A0696C656420746F20736574207468652001
S21403B9B06368696C642074696D656F7574206F7055
S21403B9C074696F6E206D61736B2E00646973636FA9
S21403B9D0766572004D6174636820257379206672FC
S21403B9E06F6D203078253034582C20657020256400
S21403B9F0004E574B204164647265737320726573FF
S21403BA00706F6E73653A2030782530345800494598
S21403BA104545204164647265737320726573706F65
S21403BA206E73653A200053657276696365202573E5
S21403BA307920646F6E652E0023202074797065204C
S21403BA4020206E776B20206C6F6320202072656D3C
S21403BA50202020636C75732020206E6F6465202081
S21403BA602065756900202025642020202030782555
S21403BA70303458202030782530345820203078252C
S21403BA80303458203078253034582000736C5F7A71
S21403BA9069676265655F6765745F62696E64696E30
S21403BAA067204572726F723A203078253038580A0C
S21403BAB0002564206F662025642062696E64696EC3
S21403BAC06773207573656400656E61626C656420D8
S21403BAD07072696E740064697361626C6564207069
S21403BAE072696E7400616464206C696E6B206B65AA
S21403BAF079004552523A2043616C63756C617465F4
S21403BB00642043524320646F6573206E6F74206D08
S21403BB1061746368004552523A20496E7374616CCF
S21403BB206C20436F6465206D7573742062652038DE
S21403BB302C2031302C2031342C206F7220313820C9
S21403BB40627974657320696E206C656E677468002D
S21403BB504552523A204145532D4D4D4F206861734F
S21403BB6068206661696C65643A20307825303258FF
S21403BB7000536574206A6F696E696E67206C696E20
S21403BB806B206B6579007365742062696E6420258B
S21403BB90643A2030782530327800454D50545900A9
S21403BBA0554E494341004D324F4E45004D554C547A
S21403BBB049003F2020202000496E646578204945CF
S21403BBC0454520416464726573732020202020203D
S21403BBD02020204E574B496E6465782020496E20FE
S21403BBE04643202020202054544C28732920466C9A
S21403BBF06167202020204B657920202020002564C3
S21403BC002020202020002020256420202020202003
S21403BC10200020202530385820200020307825307A
S21403BC203458202000496E646578204945454520F0
S21403BC304164647265737320202020202020202016
S21403BC40496E20464320202020205479706520200A
S21403BC504175746820204B6579002D202020202014
S21403BC60002563202020202025632020202020007C
S21403BC70696573005741524E494E473A2020524554
S21403BC804144494E47204F46204B45592056414C88
S21403BC905545532044495341424C4544204259207C
S21403BCA04D464720544F4B454E004E574B204B6551
S21403BCB079002573206F75742046433A2025303863
S21403BCC05800257320736571206E756D3A203078A1
S21403BCD025303258002573206F75742046433A206A
S21403BCE025303878005443202573200025732054CC
S21403BCF061626C650025642F256420656E74726925
S21403BD00657320757365642E005472616E7369657E
S21403BD106E74204B657900256420656E74722573F6
S21403BD2020636F6E73756D696E672025642070617E
S21403BD30636B65742062756666657225732E00579D
S21403BD40494C4C0057494C4C204E4F540054727586
S21403BD5073742043656E74657220257320616C6C62
S21403BD606F772074727573742063656E74657220C2
S21403BD7072656A6F696E73207573696E672077657F
S21403BD806C6C2D6B6E6F776E206B65792E0053652A
S21403BD90742074696D656F757420666F72205472B3
S21403BDA07573742043656E7465722072656A6F6975
S21403BDB06E73207573696E672077656C6C2D6B6E7A
S21403BDC06F776E206C696E6B206B657920746F20BD
S21403BDD02564207365636F6E64732E004552524F5D
S21403BDE0523A20002573737461636B206D75737408
S21403BDF020626520646F776E2E0052656164696EFB
S21403BE006720416C6C6F7765640048617368696E80
S21403BE1067206F6E6C7900736C5F7A69676265651D
S21403BE205F6B65795F73657474696E67735F743A85
S21403BE30203078253034580020205065726D6973A1
S21403BE4073696F6E733A202573004572726F723A88
S21403BE50204661696C656420746F2067657420638F
S21403BE606F6E6669672C207374617475733A20303D
S21403BE707825303858004661696C65643A20307816
S21403BE8025303858004D73673A20636C757320303D
S21403BE9078253034582C20636D6420307825303272
S21403BEA0582C206C656E2025640062756666657284
S21403BEB03A2000454D4245525F002573534543558E
S21403BEC0524954595F4C4556454C3A202530325812
S21403BED00025736572617365206B65792025643A66
S21403BEE02030782530385800636D64206E6F7420D8
S21403BEF06275696C74007372632065702025303236
S21403BF00782C20636C757320253034780073656E47
S21403BF1064696E6720746F206D756C7469636173F2
S21403BF20742062696E640025733A2065703A202592
S21403BF30642C20636C3A203078253034582C2061EA
S21403BF407474723A20307825303458002C20737677
S21403BF50723A2025630025733A20726561643A209D
S21403BF60307825303278002C207376723A20256399
S21403BF702C2064747970653A203078253032580066
S21403BF80417267756D656E7420617420696E6465B1
S21403BF90783A202564206973206F7574206F6620B5
S21403BFA072616E676500436F6D6D616E6420616CD0
S21403BFB07265616479206275696C742E2020436112
S21403BFC06E6E6F7420736574204D464720737065DC
S21403BFD0636966696320636F646520666F722063B6
S21403BFE06F6D6D616E642E004D464720436F64652A
S21403BFF02053657420666F72206E65787420636FB5
S21403C0006D6D616E643A2030782530345800557370
S21403C01065204E6578742053657175656E6365207B
S21403C02053657420666F72206E65787420636F6D37
S21403C0306D616E643A203078253032580044697357
S21403C04061626C652044656661756C742052657325
S21403C050706F6E73652053657420666F72206E650D
S21403C060787420636F6D6D616E643A203078253086
S21403C0703258004552523A2072656164696E6720F1
S21403C0806174747269627574652025303278004570
S21403C09052523A20617474726962757465207369CA
S21403C0A07A6520256420746F6F206C617267652043
S21403C0B0666F7220627566666572004572726F728D
S21403C0C03A2061747472696275746520494420303D
S21403C0D07825303458207265706F727461626C65AF
S21403C0E0206368616E67652069732073697A6520CB
S21403C0F02564422C206275742025644220656E7484
S21403C100657265640A006E6F20636D640045727223
S21403C1106F723A20434C492053656E64206661690A
S21403C1206C65642C207374617475733A20307825BB
S21403C130303858004572726F723A2020455549369A
S21403C1403420617267756D656E7420697320656D42
S21403C15070747920616E64206C6F6F6B75702062EB
S21403C16079206E6F6465204944206661696C656456
S21403C1702E0047726F757000556E696361737400A5
S21403C180556E62696E6420257320257330782530DA
S21403C190325800526571756573743A20005A444FDD
S21403C1A02073696D706C65206465736320726571B6
S21403C1B02025303278005A444F206E6F6465206421
S21403C1C0657363207265712025303278005A444FB8
S21403C1D0206D6174636820646573632072657120E3
S21403C1E025303258005573696E67206D79206C6F61
S21403C1F063616C20455549363420666F722064654A
S21403C200737420455549363420696E2062696E641E
S21403C210696E67005A444F2062696E6420726571C6
S21403C220202530327800636C7573746572206C69F0
S21403C2306D6974207265616368656400696E766112
S21403C2406C696420706167653A202564206F7220EC
S21403C2506368616E6E656C3A202564004368616EA0
S21403C2606765206368616E6E656C207374617475B0
S21403C270733A2030782530327800647572617469B9
S21403C2806F6E206D75737420626520696E2072610F
S21403C2906E67652030202D203500636F756E742021
S21403C2A06D75737420626520696E2072616E6765B2
S21403C2B02031202D2038007363616E2073746174FF
S21403C2C0757320307825303258006E6574776F7238
S21403C2D06B20757064617465207365742073746174
S21403C2E0747573203078253032580041637469764C
S21403C2F0652045502072657175657374207374618B
S21403C3007475733A20307825303258004C514920E2
S21403C3105461626C6520726571756573743A20307A
S21403C32078253032580042696E64696E672054611E
S21403C330626C6520726571756573743A2030782572
S21403C340303258004C656176652025733078253089
S21403C350325800506F776572204465736372697054
S21403C360746F722025733078253032580055736900
S21403C3706E67206D79206C6F63616C204555493676
S21403C3803420666F722064657374204555493634CD
S21403C39020696E20756E62696E64696E6700526FFF
S21403C3A0757465205461626C65202573307825307A
S21403C3B03258002F686F6D652F72756E6E65722F1B
S21403C3C0776F726B2F747579612D7A69676265650D
S21403C3D02D7377697463682F747579612D7A69672D
S21403C3E06265652D7377697463682F73696C616220
S21403C3F0735F746F6F6C732F73696D706C696369A9
S21403C40074795F73646B2F70726F746F636F6C2FC6
S21403C4107A69676265652F6170702F6672616D65F4
S21403C420776F726B2F636F6D6D6F6E2F736C5F7AA2
S21403C43069676265655F73797374656D5F636F6D56
S21403C4406D6F6E2E6300457874656E646564205266
S21403C4506573657420696E666F3A203078253034CC
S21403C460582028257329002F686F6D652F72756E07
S21403C4706E65722F776F726B2F747579612D7A697B
S21403C480676265652D7377697463682F7475796160
S21403C4902D7A69676265652D7377697463682F7390
S21403C4A0696C6162735F746F6F6C732F73696D7001
S21403C4B06C69636974795F73646B2F70726F746FE2
S21403C4C0636F6C2F7A69676265652F6170702F667C
S21403C4D072616D65776F726B2F636F6D6D6F6E2F05
S21403C4E07A69676265655F6170705F6672616D65C4
S21403C4F0776F726B5F736C6565702E630053746140
S21403C50079206177616B65207768656E206E6F743E
S21403C510206A6F696E65643A20257300466F7263FE
S21403C52065642073746179206177616B653A2020B6
S21403C5302020202020202020257300466F72636968
S21403C5406E672064657669636520746F2073746113
S21403C55079206177616B6500416C6C6F77696E67F4
S21403C5602064657669636520746F20676F20746F37
S21403C57020736C656570002F686F6D652F72756E1E
S21403C5806E65722F776F726B2F747579612D7A696A
S21403C590676265652D7377697463682F747579614F
S21403C5A02D7A69676265652D7377697463682F737F
S21403C5B0696C6162735F746F6F6C732F73696D70F0
S21403C5C06C69636974795F73646B2F70726F746FD1
S21403C5D0636F6C2F7A69676265652F6170702F666B
S21403C5E072616D65776F726B2F636F6D6D6F6E2FF4
S21403C5F07A69676265655F737461636B5F736C65A5
S21403C60065702E630052583A205265736574546FF2
S21403C610466163746F727944656661756C747343BF
S21403C620616C6C6261636B00657A737020636F750F
S21403C6306E74657273206661696C65642025750087
S21403C640657A7370205265736574205468726573D7
S21403C650686F6C64206572726F7220257500657A48
S21403C660737020536574205468726573686F6C64C6
S21403C670206572726F722025750025752920257333
S21403C6803A2025750053657474696E672054687282
S21403C6906573686F6C6420636F6D6D616E64003FD5
S21403C6A03F3F004D616320527820426361737400FC
S21403C6B04D6163205478204263617374004D616357
S21403C6C0205278205563617374004D61632054785B
S21403C6D0205563617374004D61632054782055635D
S21403C6E0617374205265747279004D6163205478C7
S21403C6F0205563617374204661696C004150532072
S21403C700527820426361737400415053205478205A
S21403C710426361737400415053205278205563611D
S21403C720737400415053205478205563617374200A
S21403C73053756363657373004150532054782055D3
S21403C74063617374205265747279004150532054A8
S21403C75078205563617374204661696C00526F7567
S21403C7607465204469736320496E697469617465EE
S21403C77064004E65696768626F722041646465642D
S21403C780004E65696768626F722052656D6F7665E5
S21403C79064004E65696768626F72205374616C65E6
S21403C7A0004A6F696E20496E6469636174696F6ECF
S21403C7B0004368696C64204D6F7665640041534896
S21403C7C0204F766572666C6F770041534820467239
S21403C7D0616D65204572726F7200415348204F7633
S21403C7E0657272756E204572726F72004E574B20DB
S21403C7F04643204661696C75726500415053204676
S21403C80043204661696C7572650041534820584F52
S21403C81066660041505320556E617574686F726981
S21403C8207A6564204B6579004E574B2044656372E6
S21403C830797074204661696C757265730041505354
S21403C8402044656372797074204661696C757265FD
S21403C85073005061636B657420427566666572206B
S21403C860416C6C6F63617465204661696C757265B3
S21403C870730052656C617965642055636173740057
S21403C88050687920746F204D414320717565756536
S21403C890206C696D69742072656163686564005015
S21403C8A061636B65742056616C69646174652064AA
S21403C8B0726F7020636F756E74004E574B207265EF
S21403C8C0747279206F766572666C6F7700434341A6
S21403C8D0204661696C757265730042726F616463AA
S21403C8E0617374207461626C652066756C6C0050AD
S21403C8F05441204C6F205072692052657100505489
S21403C9004120486920507269205265710050544195
S21403C910204C6F205072692044656E696564005030
S21403C9205441204869205072692044656E696564E5
S21403C93000505441204C6F20507269205478204197
S21403C9406272740050544120486920507269205422
S21403C9507820416272740041646472657373204385
S21403C9606F6E666C6963742053656E740043534C34
S21403C970205278207363686564756C652066616908
S21403C9806C6564000D004465627567207072696E9D
S21403C990742067726F75702025730A0057726F6E66
S21403C9A06720706172616D657465720A005363680F
S21403C9B06564756C65206D6F7665206E776B0025F4
S21403C9C0732025643A202564004D6178206D6F76C8
S21403C9D065206C696D69742072656163686564209F
S21403C9E06E776B2025643A20256400456E642044E8
S21403C9F0657669636520506F6C6C20496E666F724E
S21403CA006D6174696F6E00454D4245525F454E44F5
S21403CA105F4445564943455F54494D454F55543A3F
S21403CA2020202020202020256400506F6C6C20637B
S21403CA306F6D706C657465642063616C6C626163B2
S21403CA406B3A20257300202043757272656E74203E
S21403CA50506F6C6C20496E74657276616C20287119
S21403CA6073293A202020256C640020204C6F6E67C3
S21403CA7020506F6C6C20496E74657276616C20284A
S21403CA807173293A202020202020256C6400202062
S21403CA9053686F727420506F6C6C20496E746572A5
S21403CAA076616C20287173293A2020202020256C7B
S21403CAB06400202057616B652054696D656F75743B
S21403CAC020287173293A202020202020202020208F
S21403CAD02020256C6400202057616B652054696D07
S21403CAE0656F7574204269746D61736B3A202020FC
S21403CAF0202020202020307825303858002020435E
S21403CB00757272656E7420417070205461736B7316
S21403CB103A20202020202020202020202030782586
S21403CB2030385800202043757272656E7420506F3B
S21403CB306C6C20436F6E74726F6C20202020202054
S21403CB4020202020257300202044656661756C74C0
S21403CB5020506F6C6C20436F6E74726F6C202020B5
S21403CB6020202020202020257300466F7263696EE4
S21403CB70672064657669636520746F2073686F72D7
S21403CB807420706F6C6C00416C6C6F77696E6720F5
S21403CB9064657669636520746F206C6F6E672070BA
S21403CBA06F6C6C00534C5F5A49474245455F41469C
S21403CBB05F4C4F4E475F504F4C4C00534C5F5A49A7
S21403CBC0474245455F41465F53484F52545F504F77
S21403CBD04C4C00706F6C6C206E776B2025643A208B
S21403CBE03078253032580046696E6420616E6420C2
S21403CBF042696E6420496E69746961746F723A2083
S21403CC00436F6D706C6574653A2030782530325802
S21403CC1000537461727420746172676574004669A8
S21403CC206E6420616E642042696E6420546172678C
S21403CC3065740025733A2025733A20307825303200
S21403CC405800467261676D656E746174696F6E2015
S21403CC5052582077696E646F772073697A652073FC
S21403CC60657420746F202564002F686F6D652F72BE
S21403CC70756E6E65722F776F726B2F747579612D73
S21403CC807A69676265652D7377697463682F74754F
S21403CC9079612D7A69676265652D73776974636850
S21403CCA02F73696C6162735F746F6F6C732F736934
S21403CCB06D706C69636974795F73646B2F70726FE0
S21403CCC0746F636F6C2F7A69676265652F61707026
S21403CCD02F6672616D65776F726B2F706C756769FF
S21403CCE06E2F667261676D656E746174696F6E2F01
S21403CCF0667261676D656E746174696F6E2E63002C
S21403CD0052583A2041646447726F75705265737067
S21403CD106F6E7365203078253032582C2030782596
S21403CD203034580052583A205669657747726F7503
S21403CD3070526573706F6E73652030782530325885
S21403CD402C203078253034582C20220052583A2094
S21403CD5047657447726F75704D656D62657273686B
S21403CD606970526573706F6E736520307825303244
S21403CD70582C203078253032582C00205B3078250C
S21403CD803034585D0052583A2052656D6F766547C9
S21403CD90726F7570526573706F6E73652030782589
S21403CDA03032582C203078253034580065705B2597
S21403CDB03032585D2069645B253034585D00436C1F
S21403CDC0656172696E6720616C6C2067726F75703F
S21403CDD0732E004552523A204661696C656420748E
S21403CDE06F206372656174652062696E64696E673D
S21403CDF0202830782530325829004552523A2042AE
S21403CE00696E64696E67207461626C65206973205D
S21403CE1066756C6C004552523A2077726974696E77
S21403CE2067206E616D6520737570706F7274202550
S21403CE303032580052583A2041646447726F757016
S21403CE40203078253034582C20220075760052582E
S21403CE503A205669657747726F75702030782530AB
S21403CE6034580075767300766965775F67726F75F9
S21403CE70700047726F7570733A206661696C6564FB
S21403CE8020746F2073656E6420257320726573703B
S21403CE906F6E73653A2030782530325800676574B4
S21403CEA05F67726F75705F6D656D626572736869D3
S21403CEB07020726573706F6E736500646566617566
S21403CEC06C745F726573706F6E73650052583A20A8
S21403CED047657447726F75704D656D6265727368EA
S21403CEE06970203078253032582C007575620047FB
S21403CEF0726F7570733A206661696C656420746F2F
S21403CF002073656E642025733A20307825303258B6
S21403CF100052583A2052656D6F766547726F75708A
S21403CF2020307825303458004552523A20466169FD
S21403CF306C656420746F2064656C65746520626933
S21403CF406E64696E6720283078253032582900725F
S21403CF50656D6F76655F67726F75700052583A201D
S21403CF6052656D6F7665416C6C47726F75707300B2
S21403CF7052583A2041646447726F75704966496433
S21403CF80656E74696679696E672030782530345823
S21403CF902C202200616464004368616E6E656C2019
S21403CFA06E6F742076616C69643A20256400507253
S21403CFB0696D617279002573206D61736B206E6FE6
S21403CFC07720307825303858005365636F6E646178
S21403CFD07279004D61736B206E6F742076616C6995
S21403CFE0643A202564007072696D61727900736516
S21403CFF0636F6E646172790025733A2053657420FB
S21403D0002573206D61736B20746F2030782530385C
S21403D01058005374617475730025733A2025733A68
S21403D020004368616E6E656C206D61736B3A002019
S21403D03020202028312920307825303858205B00DE
S21403D0402020202028322920307825303858205BAD
S21403D0500053746174653A2030782530325820289E
S21403D0602573290043757272656E74206368616E5A
S21403D0706E656C3A20256400546F74616C2062659B
S21403D08061636F6E733A202564004A6F696E206190
S21403D0907474656D7074733A202564004E657477F6
S21403D0A06F726B2073746174653A20307825303262
S21403D0B0580053746F700025732053746F702E20BE
S21403D0C020436C65616E696E672075702E00427230
S21403D0D06F616463617374696E67207065726D69EE
S21403D0E074206A6F696E0054727573742063656E7C
S21403D0F0746572206C696E6B206B6579207570643D
S21403D100617465207374617475730025733A2057D0
S21403D11041524E494E473A20736C5F7A696762659F
S21403D120655F7365745F696E697469616C5F736567
S21403D1306375726974795F73746174652066616977
S21403D1406C65642E20436F6E74696E75696E672016
S21403D150776974686F757420696E7374616C6C207C
S21403D160636F64652E004572726F723A20696E7340
S21403D17074616C6C20636F646520736574757020CE
S21403D1806661696C65642E20497320616E20696E42
S21403D1907374616C6C20636F646520666C6173687E
S21403D1A06564206F6E746F207468652064657669A5
S21403D1B063653F00D0D1D2D3D4D5D6D7D8D9DADB5E
S21403D1C0DCDDDEDF00FFFFFFFFFFFFFFFF005A6926
S21403D1D067426565416C6C69616E6365303900252D
S21403D1E0733A2069737375696E67207363616E2083
S21403D1F06F6E202573206368616E6E656C732028DE
S21403D2006D61736B203078253038582900257320DC
S21403D210697320616C726561647920696E2070722F
S21403D2206F67726573730053746172740045786137
S21403D2306D696E696E6720626561636F6E206F6EDF
S21403D240206368616E6E656C202564207769746858
S21403D2502070616E49642030782530345800546855
S21403D260697320626561636F6E206973206E6F74E5
S21403D2702070617274206F6620746865206375720F
S21403D28072656E74206368616E6E656C206D617383
S21403D2906B2028307825303858292E20476574743B
S21403D2A0696E67206E65787420626561636F6E20B1
S21403D2B077686F7365206368616E6E656C2062695C
S21403D2C0746D61736B206973207365742E004572E9
S21403D2D0726F723A20257320636F756C64206E6FCD
S21403D2E07420617474656D7074206A6F696E3A2079
S21403D2F0307825303258004E6F20626561636F6E5A
S21403D30073206C656674206F6E2063757272656E2B
S21403D31074206D61736B2E204D6F76696E67207473
S21403D3206F206E65787420737461746500257320AE
S21403D3306A6F696E696E6720307825303458206FBF
S21403D3406E206368616E6E656C202564002573200D
S21403D35053746174653A202573004572726F723A8E
S21403D36020257320636F756C64206E6F742073655D
S21403D3707475702073656375726974793A203078B2
S21403D38025303258004572726F723A205363616ECD
S21403D39020636F6D706C6574652068616E646C6580
S21403D3A0722072657475726E65642030782530322B
S21403D3B058002573207363616E20636F6D706C6510
S21403D3C074652E20426561636F6E732068656172B3
S21403D3D0643A20256400257320737461636B20739D
S21403D3E074617475732030782530325800257320A5
S21403D3F06E6574776F726B206A6F696E65642E0054
S21403D400257320747279696E67206E657874206E52
S21403D4106574776F726B2E004E6F6E650053636193
S21403D4206E205072696D617279204368616E6E6515
S21403D4306C7320616E642075736520436F6E666936
S21403D4406775726564204B6579005363616E20507F
S21403D45072696D617279204368616E6E656C7320C4
S21403D460616E642075736520496E7374616C6C20FD
S21403D470436F6465005363616E205072696D617219
S21403D48079204368616E6E656C7320616E64205507
S21403D49073652043656E7472616C697A6564204BAC
S21403D4A06579005363616E205072696D61727920ED
S21403D4B04368616E6E656C7320616E642055736598
S21403D4C0204469737472696275746564204B657968
S21403D4D0005363616E205365636F6E6461727920D7
S21403D4E04368616E6E656C7320616E642075736548
S21403D4F020436F6E66696775726564204B657900B5
S21403D5005363616E205365636F6E64617279204363
S21403D51068616E6E656C7320616E6420757365203A
S21403D520496E7374616C6C20436F6465005363616A
S21403D5306E205365636F6E64617279204368616E13
S21403D5406E656C7320616E64205573652043656E4B
S21403D5507472616C697A6564204B65790053636104
S21403D5606E205365636F6E64617279204368616EE3
S21403D5706E656C7320616E64205573652044697311
S21403D5807472696275746564204B657900536361D0
S21403D5906E205072696D617279204368616E6E65A4
S21403D5A06C7320616E642055736520416C6C204B50
S21403D5B06579732028696E7374616C6C20636F647D
S21403D5C0652C2063656E7472616C697A65642C20C1
S21403D5D06469737472696275746564290053636160
S21403D5E06E205365636F6E64617279204368616E63
S21403D5F06E656C7320616E642055736520416C6C98
S21403D600204B6579732028696E7374616C6C206394
S21403D6106F64652C2063656E7472616C697A6564E9
S21403D6202C20646973747269627574656429004F8B
S21403D6306E2F4F6666207365742076616C75653A47
S21403D64020253032582025303258004552523A2091
S21403D65072656164696E67206F6E2F6F666620253C
S21403D660303258004F6E2F6F666620616C726561AC
S21403D67064792073657420746F206E6577207661F5
S21403D6806C756500546F67676C65206F6E2F6F66E9
S21403D690662066726F6D202530325820746F202501
S21403D6A0303258004552523A2077726974696E6771
S21403D6B0206F6E2F6F6666202530325800496E73D2
S21403D6C074616C6C656420547970652028426173BC
S21403D6D065293A202030782530325800436170613E
S21403D6E062696C69746965733A20202020202020C3
S21403D6F02020202030782530345800426F6F746C19
S21403D7006F616465722056657273696F6E3A202086
S21403D71020202030782530345800536563757265B1
S21403D72020426F6F746C6F61646572204B65793A43
S21403D73020202020202000426F6F746C6F61646984
S21403D7406E67206661696C65642100446F776E6C52
S21403D7506F6164206661696C65642E0044656C6560
S21403D76074696E67206661696C656420646F776EA2
S21403D7706C6F61642C207374617475733A2030780F
S21403D7802530325800496D61676520646F657320E4
S21403D7906E6F7420636F6E7461696E20616E2055C0
S21403D7A070677261646520496D61676520546167BF
S21403D7B02028307825303458292E20536B69707012
S21403D7C0696E6720757067726164652E00457865BB
S21403D7D0637574696E6720626F6F746C6F61642023
S21403D7E063616C6C6261636B2E005374617274695F
S21403D7F06E672045424C207665726966696361747C
S21403D800696F6E0045424C206661696C65642076DC
S21403D8106572696669636174696F6E2E0045424C72
S21403D82020706173736564207665726966696361E7
S21403D83074696F6E2E002573696E67204F544120FE
S21403D840636C69656E74207374617465206D6163BF
S21403D85068696E650073746F7070004572726F72DC
S21403D8603A204E6F20696D61676520617420696E8A
S21403D870646578202564004E6F7420737570706F2E
S21403D880727465642E00436C69656E7420696D61FD
S21403D890676520717565727920696E666F004D61E4
S21403D8A06E75662049443A20202020202020202020
S21403D8B030782530345800496D6167652054797097
S21403D8C0652049443A2020202030782530345800FB
S21403D8D043757272656E742056657273696F6E3A1D
S21403D8E0202030782530385800486172647761729A
S21403D8F0652056657273696F6E3A20004E4100517B
S21403D900756572792044656C6179206D733A2020C1
S21403D91020202020202020202020256C6400536512
S21403D9207276657220446973636F766572792044F4
S21403D930656C6179206D733A20256C6400446F77BB
S21403D9406E6C6F61642044656C6179206D733A2058
S21403D9502020202020202020256C640052756E2075
S21403D960557067726164652044656C6179206D73D8
S21403D9703A202020202020256C64005665726966B4
S21403D980792044656C6179206D733A20202020202D
S21403D990202020202020256C6400446F776E6C6F57
S21403D9A06164204572726F72205468726573686F83
S21403D9B06C643A20202564005570677261646520A4
S21403D9C057616974205468726573686F6C643A2093
S21403D9D02020202564004F544120446F776E6772E1
S21403D9E0616465733A2044697361626C6564004FD1
S21403D9F0544120446F776E6772616465733A2045BD
S21403DA006E61626C656400426F6F746C6F61642054
S21403DA1073746174653A20257300496E76616C6988
S21403DA2064204550202564207768656E20747279DB
S21403DA30696E6720746F2073656E64204F544120AF
S21403DA406D6573736167652E0053656E64696E67F3
S21403DA50205570677261646520456E642072657137
S21403DA60756573742E0025733A20696E76616C694A
S21403DA706420636D6449642030782530325800454D
S21403DA8072726F723A20204661696C656420746F07
S21403DA902073656E64204F544120636F6D6D616E15
S21403DAA064203078253032582C2073746174757373
S21403DAB03A203078253032580053657276657220E6
S21403DAC0756E6B6E6F776E2C2066616C6C696E6715
S21403DAD0206261636B20746F20646973636F76657D
S21403DAE072792E004D6178696D756D20717565725A
S21403DAF079206572726F72732068697420282564B2
S21403DB00292C207374617274696E67207365617261
S21403DB10636820666F72206E6577204F54412073CA
S21403DB2065727665722E0A004170706C79696E674D
S21403DB3020757067726164650025733A20696E7696
S21403DB40616C6964206F66667365742063757272B0
S21403DB50656E7454696D65283078253038582920E9
S21403DB603E207570677261646554696D6528307808
S21403DB702530385829004F544120436C757374651B
S21403DB80723A207761697420666F72202564207369
S21403DB9000525865642074696D654F75742030783B
S21403DBA02530385820732C204D41582074696D65F4
S21403DBB04F7574203078253038582073004D6178BF
S21403DBC0696D756D20757067726164652072657125
S21403DBD07565737473206D61646520282564292038
S21403DBE0776974686F757420726573706F6E73658A
S21403DBF02066726F6D207365727665722E0055709F
S21403DC0067726164696E6720616E79776179004F28
S21403DC105441205365727669636520646973636F44
S21403DC20766572792070726576656E746564202DEC
S21403DC3020616E6F7468657220697320616C72650B
S21403DC4061647920696E2070726F67726573730002
S21403DC504661696C656420746F20696E69746961D6
S21403DC607465207365727669636520646973636F90
S21403DC70766572792E004F54412053657276696338
S21403DC806520446973636F7665727920696E2070C8
S21403DC90726F677265737300436C69656E74207682
S21403DCA06572696669636174696F6E206661696C23
S21403DCB065642E005369676E6174757265004375FB
S21403DCC073746F6D00706173736564004641494CED
S21403DCD04544004E6F207369676E617475726520E4
S21403DCE0766572696669636174696F6E20737570B1
S21403DCF0706F72742C20617373756D696E6720691B
S21403DD006D616765206973206F6B61792E002573DB
S21403DD1020766572696669636174696F6E20257320
S21403DD203A20307825303258004D6178696D756D2C
S21403DD30206E756D626572206F6620646F776E6CF9
S21403DD406F6164206572726F7273207265616368B7
S21403DD5020282564292C2061626F7274696E672EF1
S21403DD60004F544120436C75737465723A20736593
S21403DD707474696E6720494545452061646472651D
S21403DD807373206F66204F544120636C75737465FC
S21403DD9072005061727469616C2066696C652064F8
S21403DDA06F776E6C6F616420666F756E642C20638C
S21403DDB06F6E74696E75696E672066726F6D206F1D
S21403DDC066667365742030782530385800466F755C
S21403DDD06E642066756C6C7920646F776E6C6F6109
S21403DDE06465642066696C6520696E2073746F725F
S21403DDF0616765202876657273696F6E20307825B3
S21403DE00303858292E00466F756E642066696C6537
S21403DE1020696E2073746F72616765207769746812
S21403DE2020646966666572656E74207665727369CA
S21403DE306F6E202830782530385829207468616E34
S21403DE402063757272656E742076657273696F6E81
S21403DE502028307825303858290046696C652069B3
S21403DE606E2073746F726167652069732073616DCA
S21403DE70652061732063757272656E742072756EA9
S21403DE806E696E672076657273696F6E20283078C8
S21403DE902530385829004E6F20696D616765206606
S21403DEA06F756E6420696E2073746F726167652E7A
S21403DEB0004F544120536572766963652044697345
S21403DEC0636F7665727920756E626C6F636B6564DB
S21403DED00049676E6F72696E672073657276657246
S21403DEE02066726F6D206C6F6F706261636B20616A
S21403DEF06464726573730049676E6F72696E672038
S21403DF00307825303458204F544120736572766537
S21403DF107220696E20736561726368206F66205491
S21403DF20430053657474696E67204F5441205365EC
S21403DF307276657220746F2030782530345800442A
S21403DF40656C6179696E67202564207365636F6EFF
S21403DF506473206265666F72652073746172746998
S21403DF606E67204F544120636C69656E7400546974
S21403DF706D656F75742077616974696E6720666F67
S21403DF8072206D6573736167652E00426164204F6E
S21403DF90544120636F6D6D616E643A20307825308E
S21403DFA03258004F544120636F6D6D616E642030AC
S21403DFB0782530325820746F6F2073686F72742020
S21403DFC0286C656E202564203C206D696E202564D0
S21403DFD029004F544120636F6D6D616E6420667235
S21403DFE06F6D20756E7265636F676E697A65642000
S21403DFF0736572766572203078253034582E20206B
S21403E0004D79204F5441207365727665723A2030FD
S21403E010782530345800496D616765204E6F746902
S21403E020667900476F7420756E65787065637465EE
S21403E030642025732E2020537461727420646973E0
S21403E040636F766572792E0064656661756C74001D
S21403E0504F54413A206661696C656420746F20737F
S21403E060656E6420257320726573706F6E73653AF0
S21403E0702030782530325800496D616765206E6F11
S21403E0807469667900476F7420756E65787065638A
S21403E0907465642025732E202049676E6F7265644D
S21403E0A02E004F54413A2044656661756C742072A5
S21403E0B06573706F6E736520666F7220496D616756
S21403E0C065206E6F746966792C207374617475733A
S21403E0D02030782530325800496D616765206E6FB1
S21403E0E07469667920636F6D6D616E6400257320B5
S21403E0F0756E69636173742C207175657279696EC8
S21403E1006700496E76616C69640025732025732069
S21403E1107061796C6F61642074797065203078253E
S21403E1203032580025732025733A206F7574206F9C
S21403E130662072616E6765206A697474657220254D
S21403E140640025732025733A207061796C6F6164CF
S21403E150206C656E67746820646F65736E27742021
S21403E1606D61746368207479706520307825303269
S21403E1705820282564203C20256429002573202563
S21403E180732064756520746F206E6F6E2D6D6174D9
S21403E1906368696E67206D616E7566616374757218
S21403E1A06572204944002573202573206475652015
S21403E1B0746F206E6F6E2D6D61746368696E672071
S21403E1C0696D61676520747970652049440025731D
S21403E1D02025732064756520746F206D61746368F1
S21403E1E0696E67206669726D7761726520766572FF
S21403E1F073696F6E0025732025732C20527827646D
S21403E200204A69747465722028307825303258297C
S21403E2102C205069636B6564204A697474657220A8
S21403E2202830782530325829005175657279206E6A
S21403E23065787420696D61676520726573706F6EAB
S21403E24073650025732072657475726E656420307D
S21403E25078253032582E20204E6F206E6577206941
S21403E2606D61676520746F20646F776E6C6F616491
S21403E2702E00257320746F6F2073686F72742028C6
S21403E2802564203C202564290025733A204E6577B3
S21403E29020696D61676520697320617661696C61C9
S21403E2A0626C6520666F7220646F776E6C6F616454
S21403E2B02E002573206973206E6F74207573696E44
S21403E2C067206D7920696D61676520696E666F2EBC
S21403E2D0004552524F523A204E65787420496D617C
S21403E2E0676520697320746F6F2062696720746F97
S21403E2F02073746F72652028307825303858203E96
S21403E30020307825303858290025732072657475B7
S21403E310726E65642073616D652046696C6556652B
S21403E3207273696F6E2061732063757272656E74A3
S21403E3306C7920696E7374616C6C65642E004F543F
S21403E3404120446F776E6772616465732044697316
S21403E35061626C65643A2046696C655665727369DA
S21403E3606F6E20626568696E642063757272656E8F
S21403E3707420696E7374616C6C6174696F6E00539C
S21403E38074617274696E6720646F776E6C6F616414
S21403E3902C2056657273696F6E2030782530385896
S21403E3A0004572726F723A204661696C6564207428
S21403E3B06F2064656C65746520696D6167652E0002
S21403E3C04572726F723A204661696C656420746F99
S21403E3D0206572617365206F6C642074656D7020B0
S21403E3E0646174612E00496D61676520626C6F63BA
S21403E3F06B20726573706F6E7365004F54413A20DD
S21403E400496D616765426C6F636B5265706F6E73BF
S21403E4106520636F6E7461696E7320696E76616CD6
S21403E4206964206F7220696E636F6D706C657465C6
S21403E4302064617461005570646174696E67204D71
S21403E440696E20426C6F636B2052657175657374D9
S21403E45020506572696F6420746F202564206D7385
S21403E46000446F776E6C6F61642064656C6179201D
S21403E470627920736572766572202564206D730059
S21403E480446F776E6C6F61642061626F727465644B
S21403E490206279207365727665722E0053657276F4
S21403E4A0657220646F65736E277420737570706F62
S21403E4B07274207061676520726571756573742C5C
S21403E4C0206F6E6C79207573696E6720626C6F635C
S21403E4D06B20726571756573742E0053657276656D
S21403E4E0722072657475726E65642027756E737517
S21403E4F070706F7274656420636C757374657220D4
S21403E500636F6D6D616E64272E00556E6B6E6F774D
S21403E5106E2025732073746174757320636F64654E
S21403E52020307825303258002573206861732064C4
S21403E5306174612073697A65202825642920736DC8
S21403E540616C6C6572207468616E206163747561BA
S21403E5506C207061636B65742073697A6520282567
S21403E56064292E002573206572726F723A204578EF
S21403E570706563746564206F6666736574203078AF
S21403E580253038582C2062757420676F74203078D5
S21403E590253038582E202049676E6F72696E6700E3
S21403E5A0257320696E666F20646964206E6F74201D
S21403E5B06D61746368206D79206578706563746532
S21403E5C06420696E666F2E202044726F7070696EC9
S21403E5D0672E004661696C656420746F20777269E4
S21403E5E0746520746F2073746F7261676520646549
S21403E5F0766963652100446F776E6C6F61640055BE
S21403E60070677261646520656E6420726573706FEF
S21403E6106E7365005365727665722061626F7274FD
S21403E620656420757067726164652C207374617409
S21403E63075733A20307825303258004572726F72FF
S21403E6403A2025732068616420696E76616C69647C
S21403E6502025733A200066696C65207665727369B7
S21403E6606F6E00416464696E67202564206D732EA7
S21403E6702064656C617920666F7220696D6D6564D0
S21403E6806961746520757067726164652E00436FF7
S21403E690756E74646F776E20746F20757067726121
S21403E6A064653A202564206D730020537461746595
S21403E6B03A2020202573002057616974696E67200D
S21403E6C0666F7220726573706F6E73653A2025737A
S21403E6D000204E657874204576656E742054696D07
S21403E6E065723A202564206D730020437572726547
S21403E6F06E7420446F776E6C6F6164204F6666732A
S21403E70065743A2030782530385820282564252526
S21403E710290025733A206661696C6564207061720E
S21403E72073696E67204F544120636D6420307825EB
S21403E730303258004F54412044656661756C74202E
S21403E740726573706F6E736520746F20636F6D6D83
S21403E750616E64204944203078253032582C20736B
S21403E76074617475732030782530325800496D61B2
S21403E770676520626C6F636B207265717565737471
S21403E7802074657374206F6E6C7920776F726B7369
S21403E790207768656E207374617465206973204200
S21403E7A04F4F544C4F41445F53544154455F4E4F73
S21403E7B04E450052616E646F6D2044656C6179202E
S21403E7C06265666F72652073746172740044697360
S21403E7D0636F766572696E67204F54412053657286
S21403E7E076657200476574204F54412053657276F0
S21403E7F0657220455549004F627461696E206C69E5
S21403E8006E6B206B6579005175657279696E67204A
S21403E8104E65787420496D61676500446F776E6C4A
S21403E8206F6164696E6720496D616765005665723E
S21403E830696679696E6720496D6167650057616926
S21403E84074696E6720666F722055706772616465BF
S21403E850206D65737361676500436F756E74646FCF
S21403E860776E20746F205570677261646500576118
S21403E8706974696E6720746F20757067726164656A
S21403E88020766961206F75742D6F662D62616E64E4
S21403E890206D656368616E69736D0025733A202584
S21403E8A064252520636F6D706C65746500496D6122
S21403E8B067652025640020204552524F523A204374
S21403E8C06F756C64206E6F74206765742066756C54
S21403E8D06C20686561646572210020204865616468
S21403E8E065722056657273696F6E3A2030782530EC
S21403E8F03458002020486561646572204C656E6755
S21403E90074683A2020256420627974657300202099
S21403E9104669656C6420436F6E74726F6C3A202090
S21403E9203078253034580020204D616E75662049B6
S21403E930443A2020202020202030782530345800E8
S21403E9402020496D61676520547970653A20202040
S21403E950202030782530345800202056657273699D
S21403E9606F6E3A2020202020202020307825303853
S21403E970580020205A696762656520566572736978
S21403E9806F6E3A2030782530345800202048656171
S21403E99064657220537472696E673A20202573008B
S21403E9A02020496D6167652053697A653A202020E7
S21403E9B02020256C642062797465730020205365DB
S21403E9C063757269747920437265643A20203078DF
S21403E9D025303258002020557067726164652044E4
S21403E9E06573743A2020200020204D696E2E20483F
S21403E9F057205665723A2020202030782530345828
S21403EA000020204D61782E204857205665723A2004
S21403EA10202020307825303458002020546F74612D
S21403EA206C20546167733A2025640020202020540C
S21403EA3061673A2030782530345800202020202083
S21403EA40204C656E6774683A20256C6400457272C4
S21403EA506F723A20436F756C64206E6F74206F621A
S21403EA607461696E2074616720696E666F206672D2
S21403EA706F6D20696D6167652E000A256420696DD8
S21403EA806167657320696E204F54412073746F72FB
S21403EA906167652E00496D6167652064656C657402
S21403EAA06525732E004572726F723A2020436F7588
S21403EAB06C64206E6F74207265616420626C6F6391
S21403EAC06B3A203078253032582E0A005374617220
S21403EAD074696E672065726173652066726F6D2058
S21403EAE06F66667365742030782530385820746FE7
S21403EAF02030782530385800436F756C64206E6F6D
S21403EB007420737461727420455241534521202842
S21403EB103078253032582900454550524F4D204510
S21403EB207261736520636F6D706C657465002F6822
S21403EB306F6D652F72756E6E65722F776F726B2FA2
S21403EB40747579612D7A69676265652D7377697463
S21403EB5063682F747579612D7A69676265652D73AD
S21403EB6077697463682F73696C6162735F746F6F20
S21403EB706C732F73696D706C69636974795F736402
S21403EB806B2F70726F746F636F6C2F7A6967626531
S21403EB90652F6170702F6672616D65776F726B2F6C
S21403EBA0706C7567696E2F6F74612D73746F726105
S21403EBB067652D73696D706C652D656570726F6D15
S21403EBC02F6F74612D73746F726167652D65657041
S21403EBD0726F6D2D706167652D65726173652E6347
S21403EBE0002F686F6D652F72756E6E65722F776F67
S21403EBF0726B2F747579612D7A69676265652D73FB
S21403EC0077697463682F747579612D7A69676265AD
S21403EC10652D7377697463682F73696C6162735FBC
S21403EC20746F6F6C732F73696D706C696369747935
S21403EC305F73646B2F70726F746F636F6C2F7A6978
S21403EC40676265652F6170702F6672616D65776F99
S21403EC50726B2F706C7567696E2F6F74612D73748A
S21403EC606F726167652D73696D706C652D65657070
S21403EC70726F6D2F6F74612D73746F726167652D7C
S21403EC80656570726F6D2E63004F54412053696D36
S21403EC90706C652053746F726167652045455052EA
S21403ECA04F4D207761726E696E673A20636F756C9D
S21403ECB064206E6F742067657420736C6F742069AC
S21403ECC06E666F20666F7220736C6F7420256420E7
S21403ECD0286572726F7220307825303258292E20BC
S21403ECE044656661756C74696E6720746F20737013
S21403ECF0656369666965642061646472657373201D
S21403ED006F6666736574730053746F72616765200C
S21403ED104472697665723A20202020202020202025
S21403ED20202020204F54412053696D706C6520537A
S21403ED30746F7261676520454550524F4D20506C85
S21403ED407567696E0052656164204D6F6469667904
S21403ED5020577269746520537570706F72743A2009
S21403ED60206E6F00534F4320426F6F746C6F616465
S21403ED70696E6720537570706F72743A2020202076
S21403ED8079657300426F6F746C6F616465722053AC
S21403ED90746F7261676520537570706F72743A2072
S21403EDA055736520666972737420736C6F740053B1
S21403EDB06C6F7420746F207573653A2020202020B2
S21403EDC0202020202020202020202025640043759A
S21403EDD07272656E7420446F776E6C6F6164204F39
S21403EDE066667365743A20202020307825303858BC
S21403EDF00045424C205374617274204F66667365F7
S21403EE00743A20202020202020202020203078251F
S21403EE1030385800454550524F4D20537461727434
S21403EE203A202020202020202020202020202020C0
S21403EE3030782530385800454550524F4D20456EA2
S21403EE40643A20202020202020202020202020205C
S21403EE5020202030782530385800496D61676520BA
S21403EE60496E666F2053746172743A202020202006
S21403EE702020202020203078253038580053617613
S21403EE806520526174652028627974657329202091
S21403EE9020202020202020202030782530385800BD
S21403EEA04F6666736574206F6620646F776E6C6F4B
S21403EEB06164206F66667365742020203078253081
S21403EEC03858004F6666736574206F662045424C5B
S21403EED0206F66667365743A202020202020203039
S21403EEE07825303858004F6666736574206F662041
S21403EEF0696D6167652073746172743A20202020FF
S21403EF00202030782530385800736C5F7A69676242
S21403EF1065655F61665F6F74615F73746F72616767
S21403EF20655F6472697665725F726561645F63626A
S21403EF302829206661696C65642100426164206D3E
S21403EF4061676963206E756D62657220696E2066FF
S21403EF50696C653A20307825303258203078253071
S21403EF6032582030782530325820307825303258C1
S21403EF70004261642076657273696F6E20696E2045
S21403EF8066696C6520307825303458004572726F98
S21403EF90723A2072656164416E6456616C6964619D
S21403EFA0746553746F726564496D616765282920BB
S21403EFB0747269656420746F2072656164206D6F76
S21403EFC072652064617461207468616E20697420C0
S21403EFD0636F756C6420686F6C642E00736C5F7A65
S21403EFE069676265655F61665F6F74615F73746F9F
S21403EFF0726167655F6472697665725F7265616484
S21403F0005F63622829204641494C454421004C61F0
S21403F0107374206F666673657420646F776E6C6FA7
S21403F020616465643A203078253038580053746F2D
S21403F03072616765204D6F64756C653A204F544165
S21403F0402053696D706C652053746F726167652019
S21403F050506C7567696E00496D61676573205374FC
S21403F0606F7265643A20202564206F6620310A009B
S21403F070253032583A006570202530325820636CAC
S21403F080757320253034582061747472202530340B
S21403F090582073767220256300206D66672025301E
S21403F0A0325800207265706F7274206D696E202569
S21403F0B0303458206D6178202530345820727074AF
S21403F0C02D636867202530385800207265636569AC
S21403F0D076652066726F6D20253034582065702063
S21403F0E0253032582074696D656F75742025303469
S21403F0F05800636C6561720072656D6F76650063B8
S21403F1006C656172696E67206C61737420726570DA
S21403F1106F72742074696D65206F6620616C6C2055
S21403F1206174747269627574657300746573746967
S21403F1306E672074696D696E67206F6620766172EC
S21403F140696F7573207265706F7274696E67206F6E
S21403F1507065726174696F6E73002D2D2D2D2D2DC4
S21403F1602D2D2D2D2D2D2D2D2D2D2D2D2D2D2D2DC7
S21403F1702D2D2D2D2D2D2D2D2D2D2D2D2D2D2D2DB7
S21403F1802D2D2D2D2D2D2D2D2D002D2D7461626CE5
S21403F19065207265616473202D2066756C6C20741F
S21403F1A061626C652D2D00726573756C74203D204D
S21403F1B02564206D73002D2D696E6974202F2073CE
S21403F1C063686564756C65207469636B2D2D2D000B
S21403F1D02D2D6C6F616420636F6E6669677572614F
S21403F1E074696F6E2064656661756C74732D2D008B
S21403F1F02F686F6D652F72756E6E65722F776F72DF
S21403F2006B2F747579612D7A69676265652D7377DF
S21403F210697463682F747579612D7A6967626565A9
S21403F2202D7377697463682F73696C6162735F7497
S21403F2306F6F6C732F73696D706C69636974795F34
S21403F24073646B2F70726F746F636F6C2F7A69675A
S21403F2506265652F6170702F6672616D65776F7278
S21403F2606B2F706C7567696E2F7265706F72746939
S21403F2706E672F7265706F7274696E672E630052C5
S21403F2804541445F5250545F43464700726561648C
S21403F2905F7265706F7274696E675F636F6E6669BF
S21403F2A06775726174696F6E005265706F72746908
S21403F2B06E673A206661696C656420746F207365B7
S21403F2C06E6420257320726573706F6E73653A20C3
S21403F2D0307825303258004552523A2072656164C0
S21403F2E0696E6720636C7573746572203078253099
S21403F2F03458206174747269627574652030782599
S21403F3003034583A20307825303258004552523A35
S21403F310207265706F7274696E67206F66204C4F3B
S21403F3204E4720737472696E6720617474726962E3
S21403F3307574652074797065206E6F7420737570AC
S21403F340706F727465643A20636C757374657220AB
S21403F3503078253034582061747472696275746528
S21403F36020307825303458005265706F7274696E99
S21403F3706720456E7472792046756C6C202D206369
S21403F38072656174696E67206E6577207265706F4B
S21403F3907274004346475F52505400202D20646920
S21403F3A072656374696F6E3A253032582C20617427
S21403F3B074723A2530345800202020747970653AE8
S21403F3C0253032582C206D696E3A253034582C205F
S21403F3D06D61783A25303458002020206368616ECA
S21403F3E067653A0020202074696D656F75743A2549
S21403F3F030345800636F6E6669677572655F726551
S21403F400706F7274696E67002054434C4B2075709E
S21403F4106461746520616C726561647920696E202D
S21403F42070726F6772657373004D616E75616C20E1
S21403F43054434C4B20757064617465206661696C37
S21403F44065642E2573005374617274696E67207544
S21403F45070646174652074727573742063656E746A
S21403F4606572206C696E6B206B65792070726F63B2
S21403F47065737300557064617465205443204C694A
S21403F4806E6B204B657900204E6577206B6579207F
S21403F49065737461626C69736865643A00204572CB
S21403F4A0726F723A00506172746E65723A20005A37
S21403F4B0434C20676C6F62616C20636C7573746574
S21403F4C07220636F6D6D616E647300646972656349
S21403F4D074696F6E00646973632D636F6D2D676562
S21403F4E06E00646973632D636F6D2D7265630065CB
S21403F4F078706563742D7265706F72742D66726FA3
S21403F5006D2D6D6500757772697465006E77726927
S21403F5107465007265706F72742D72656164007332
S21403F520656E642D6D652D612D7265706F72740046
S21403F53043726561746573206120676C6F62616CEA
S21403F54020646973636F76657220636F6D6D616E99
S21403F5506420666F7220746865206173736F6369D5
S21403F560617465642076616C7565732E00636C75D3
S21403F5707374657249641F61747472696275746525
S21403F58049641F6D61784E756D626572546F52657E
S21403F590706F72741F004372656174657320612017
S21403F5A0676C6F62616C2073656E64206D652061A5
S21403F5B0207265706F727420636F6D6D616E642068
S21403F5C0666F7220746865206173736F6369617414
S21403F5D065642076616C7565732E00636C75737451
S21403F5E0657249641F6174747269627574654964EF
S21403F5F01F64617461547970651F6D696E5265701E
S21403F6006F727454696D651F6D61785265706F72A1
S21403F6107454696D651F7265706F727461626C6590
S21403F6204368616E67651F00437265617465732086
S21403F6306120676C6F62616C20726561642072651D
S21403F640706F7274696E6720636F6D6D616E642090
S21403F650666F7220746865206173736F6369617483
S21403F660656420636C75737465722C2061747472A0
S21403F670696275746520616E64207365727665725F
S21403F6802F636C69656E7420646972656374696F51
S21403F6906E2E00636C757374657249641F617474AF
S21403F6A072696275746549641F6469726563746917
S21403F6B06F6E1F00476C6F62616C207265706F72AD
S21403F6C074696E6720636F6D6D616E6400656E644A
S21403F6D0706F696E741F636C757374657249641F0B
S21403F6E061747472696275746549641F6D61736BC6
S21403F6F01F0043726561746573206120676C6F62D7
S21403F700616C207265616420636F6D6D616E642049
S21403F7106D65737361676520746F2072656164201D
S21403F72066726F6D2074686520636C75737465729A
S21403F73020616E64206174747269627574652073E7
S21403F74070656369666965642E00636C75737465BA
S21403F7507249641F61747472696275746549641FC3
S21403F7600043726561746573206120676C6F626124
S21403F7706C20777269746520636F6D6D616E6420AB
S21403F7806D65737361676520746F2077726974653E
S21403F79020746F2074686520636C757374657220BB
S21403F7A0616E642061747472696275746520737027
S21403F7B06563696669656400636C7573746572492D
S21403F7C0641F61747472696275746549641F747921
S21403F7D070651F646174611F004372656174652000
S21403F7E061206578706563742D7265706F72742D11
S21403F7F066726F6D2D6D65206D6573736167652029
S21403F80077697468206173736F63696174656420D4
S21403F81076616C7565732E00636C757374657249D7
S21403F820641F61747472696275746549641F7469D0
S21403F8306D656F75741F0043726561746520612082
S21403F840446973636F76657220436F6D6D616E6492
S21403F850732047656E65726174656420636F6D6DB2
S21403F860616E642077697468206173736F6369617E
S21403F8707465642076616C7565732E00636C7573AE
S21403F88074657249641F7374617274436F6D6D613E
S21403F8906E6449641F6D6178436F6D6D616E644974
S21403F8A0641F005365747320746865206469726509
S21403F8B06374696F6E20666F7220676C6F62616C2B
S21403F8C020636F6D6D616E64732C20656974686563
S21403F8D07220636C69656E7420746F20736572762C
S21403F8E06572206F722073657276657220746F205E
S21403F8F0636C69656E742E005365747320612066AD
S21403F9006C616720736F2074686174207468652067
S21403F9106170706C69636174696F6E206672616D85
S21403F92065776F726B2057494C4C204E4F542072AC
S21403F9306573706F6E6420746F20746865206E65DF
S21403F9407874205A434C206D657373616765207421
S21403F95068617420636F6D657320696E206F7665CA
S21403F9607220746865206169722E00536574732073
S21403F9706120666C616720736F20746861742074FD
S21403F9806865206170706C69636174696F6E206668
S21403F99072616D65776F726B2057494C4C207265A8
S21403F9A073706F6E6420746F20746865206E65785C
S21403F9B074205A434C206D657373616765207468C1
S21403F9C0617420636F6D657320696E206F76657250
S21403F9D020746865206169722E0053657473207401
S21403F9E068652044697361626C6520446566617569
S21403F9F06C7420526573706F6E7365204672616D0A
S21403FA006520436F6E74726F6C2062697420746F26
S21403FA102075736520666F7220746865206E65783E
S21403FA207420636F6D6D616E64206966207468650B
S21403FA3020636F6D6D616E64206973206E6F742032
S21403FA40616C7265616479206275696C742E0064FA
S21403FA50697361626C6544656661756C745265733F
S21403FA60706F6E73651F005365747320746865202A
S21403FA70666C616720746F207573652074686520F3
S21403FA80696E6372656D656E746564207365717502
S21403FA90656E6365206E756D6265722066726F6D46
S21403FAA020746865206672616D65776F726B206679
S21403FAB06F7220746865206E657874207261772093
S21403FAC0636F6D6D616E642E007573654E65787435
S21403FAD053657175656E63651F00436C6920636FBC
S21403FAE06D6D616E6420746F2063616C6C20736C43
S21403FAF05F7A69676265655F61665F7365745F7485
S21403FB00696D652066756E6374696F6E20646F63D6
S21403FB10756D656E74656420696E2061662E680077
S21403FB2075746354696D651F005365747320746838
S21403FB30652074776F2062797465206D616E7566D3
S21403FB406163747572657220737065636966696351
S21403FB50206964656E74696669657220746F2075C2
S21403FB60736520666F7220746865206E65787420EE
S21403FB70636F6D6D616E64206966207468652063CB
S21403FB806F6D6D616E64206973206E6F7420616C97
S21403FB907265616479206275696C742E006D6667A0
S21403FBA0537065636966696349641F006E6F7420EA
S21403FBB000534C5F5354415455535F4E4554574F6F
S21403FBC0524B5F55502030782530345800547275A8
S21403FBD073742043656E74657220455549206861C9
S21403FBE0732025736368616E6765642E00534C5FEC
S21403FBF05354415455535F4E4554574F524B5F44ED
S21403FC004F574E00534C5F5354415455535F4E4F1A
S21403FC10545F4A4F494E454400534C5F5354415436
S21403FC2055535F5A49474245455F4E4554574F52D1
S21403FC304B5F4F50454E45443A2025642073656319
S21403FC4000534C5F5354415455535F5A49474245FA
S21403FC50455F4E4554574F524B5F434C4F534544B5
S21403FC600025733A2025730064697374726962759C
S21403FC707465640063656E7472616C697A656400AA
S21403FC80466F726D002573696E67206F6E2063681A
S21403FC902025642C2070616E49642030782530342A
S21403FCA058004572726F723A204465766963652020
S21403FCB0646F6573206E6F7420737570706F7274E3
S21403FCC0202573206E6574776F726B20666F726D76
S21403FCD06174696F6E004A6F696E00496E76616C77
S21403FCE069642053656375726974792050726F6610
S21403FCF0696C653A2030782530325800704A6F694F
S21403FD006E20666F72202564207365633A20307810
S21403FD1025303258004C696D6974696E67206475C6
S21403FD20726174696F6E206F66207065726D697498
S21403FD30206A6F696E2066726F6D20666F726576D5
S21403FD40657220283235352920746F203235340009
S21403FD5052583A205A444F2C20636F6D6D616E647F
S21403FD60203078253034582C207374617475733AB8
S21403FD70203078253032580053696D706C65005218
S21403FD80583A2025732044657363205265737000C8
S21403FD904D61746368002C204D6174636865733A23
S21403FDA02025640044657669636520416E6E6F7531
S21403FDB06E63653A203078253034580052583A201E
S21403FDC049454545204164647265737320526573E3
S21403FDD0706F6E73650052583A2041637469766596
S21403FDE020455020526573706F6E73652C20436FE9
S21403FDF0756E743A202564004E6F6465002C204DA2
S21403FE006174636865733A2030782530345800731C
S21403FE107461636B207665722E205B25642E2564E1
S21403FE202E256400202573206275696C6420256482
S21403FE305D005A444F00534500484100436C7573B8
S21403FE4074657200476C6F62616C0025737478206A
S21403FE503078253038582C200050726F66696C65F0
S21403FE603A2025732028307825303458292C20430F
S21403FE706C75737465723A203078253034582C20AC
S21403FE8025642062797465732C00205A434C202520
S21403FE907320436D642049443A20256400507265FC
S21403FEA02D52656C6561736500416C706861203125
S21403FEB000416C706861203200416C7068612033C9
S21403FEC0004265746120310042657461203200424D
S21403FED06574612033004741005265736574206979
S21403FEE06E666F3A203078253032582028257329DD
S21403FEF00064656C6574652062696E64696E673A52
S21403FF0020253032582025303258000102030405DC
S21403FF10060708090A0B0C00010101010101010192
S21403FF2001010101005752495445204552523A20D7
S21403FF300025736570202530325820636C75732056
S21403FF402530345820617474722025303458206E5E
S21403FF506F7420737570706F7274656400257369AF
S21403FF606E76616C6964206461746120747970656F
S21403FF7000257361747472206E6F742077726974CF
S21403FF8061626C650057524954453A206E6F20777C
S21403FF90726974652C206A757374206120746573A6
S21403FFA07400524541443A206174747269627574F0
S21403FFB0652073697A6520746F6F206C617267655C
S21403FFC020666F722063616C6C657200636C6E747E
S21403FFD0007372767200525700524F00202052412F
S21403FFE04D20200020746F6B656E20006578746565
S21403FFF0726E2000454E44504F494E5420253032F1
S2140400005800636C7573202F2073696465202F2055
S21404001061747472202F206D666720202F747970A7
S21404002065286C656E292F207277202F2073746FD5
S21404003072616765202F206461746120287261777D
S214040040290025303458202F202573202F202530D2
S2140400503458202F2000202F2025303258202825E1
S21404006030325829202F202573202F202573202F47
S2140400702000556E737570706F72746564004F540B
S2140400804120524541443A2065703A253032582082
S2140400906369643A253034582061747469643A2577
S2140400A0303458206D736B3A25303258206D6663B1
S2140400B06F64653A2530345800524541443A20630B
S2140400C06C757320253034582C2061747472202586
S2140400D0303458206661696C6564202530325800D7
S2140400E0524541443A20636C757320253034582CAD
S2140400F0206174747220253034582C206461746135
S2140401004C656E3A20253032582C204F4B0028255B
S2140401106329253032582530325825303258253058
S214040120325825303258253032582530325825304A
S21404013032580064697361626C65002573642C2010
S21404014064726F7070696E67206570203078253031
S214040150325820636C757320307825303458206309
S2140401606D64203078253032580047656E657261BC
S21404017074656400526563656976656400446973F2
S214040180636F76657220436F6D6D616E6473207263
S2140401906573706F6E73652028636F6D706C65741D
S2140401A0653A202563292C202573204944733A2078
S2140401B00030782530325820005F455854005245A8
S2140401C041445F415454520057524954453A2063BF
S2140401D06C75732025303458206174747220253071
S2140401E0345820004641494C202530325800575296
S2140401F04954453A20746F6F2073686F72740044D4
S2140402004953435F4154545200257325733A20637F
S2140402106C75732025303458005376632044697314
S214040220633A2000257357616974696E67202564F4
S2140402302073656320666F7220646973636F7665E6
S214040240727920746F20636F6D706C6574650053EB
S2140402507461746520636F72726573706F6E64691F
S2140402606E6720746F2074686520746865207265F4
S2140402707175657374206E6F7420666F756E640A8C
S214040280002573636F6D706C6574652E0A002573A4
S2140402905365727669636520446973636F76657225
S2140402A079205374617465206C696D697473207267
S2140402B06561636865640A002573496C6C656761EB
S2140402C06C2062726F61646361737420616464722B
S2140402D06573732C2072656D617070696E67207427
S2140402E06F2076616C6964206F6E652E00257346F8
S2140402F061696C656420746F2073656E64206D613B
S21404030074636820646973636F766572793A203023
S21404031078253032580025735374617274696E6799
S21404032020646973636F7665727920666F722063E2
S2140403306C757374657220307825303458002573D4
S2140403404661696C656420746F2073656E642073FF
S214040350696D706C652064657363726970746F721E
S21404036020726571756573743A203078253032587A
S2140403700025734661696C656420746F2073656E2E
S2140403806420494545452061646472657373207230
S2140403906571756573743A203078253032580025B7
S2140403A0734661696C656420746F2073656E64209F
S2140403B04E574B2061646472657373207265717561
S2140403C06573743A20307825303258004572726F5F
S2140403D0723A202573206261642073696D706C65BF
S2140403E02064657363726970746F72206C656E67DF
S2140403F074682E0025734D65737361676520746F8A
S2140404006F2073686F72740025734D65737361672C
S2140404106520746F6F2073686F727420666F722025
S2140404206E756D2E20656E64706F696E747300252C
S214040430734D61746368257320666F756E642066F9
S214040440726F6D203078253034582E004572726FE6
S214040450723A20257320696E76616C6964206C6537
S2140404606E6774682028256420213D202564292091
S214040470666F722041637469766520456E64706F9A
S214040480696E7420726573706F6E7365002573678A
S2140404906F742061637469766520455020726573B5
S2140404A0706F6E7365005554432074696D653A2009
S2140404B025642F25642F25642025643A25643A256F
S2140404C064202825303858290028556E6B6E6F77BF
S2140404D06E20636C75732E205B3078253034585D3F
S2140404E029000D0A54253038583A005258206C65B5
S2140404F06E2025642C20657020253032582C20630D
S2140405006C7573203078253034582000206D66676B
S214040510496420253034580020464320253032587C
S21404052020736571202530325820636D6420253091
S2140405303258207061796C6F61645B004261736944
S21404054063004F76657220746865204169722042A4
S2140405506F6F746C6F6164696E6700257352582000
S214040560706B7420746F6F2073686F72743A2025F2
S21404057064203C202564002573525820706B742038
S2140405806D616C666F726D65643A202564203C204C
S21404059025640020204861766520526F7574657264
S2140405A020537570706F7274002020456E6420446A
S2140405B06576696365204F6E6C79002020456E6110
S2140405C0626C656400202044697361626C65640033
S2140405D04572726F722072657472696576696E67A9
S2140405E020696E666F20666F72206C696272617233
S2140405F079204944202564002573206C6962726161
S214040600727925732070726573656E74005A696713
S2140406106265652050726F0042696E64696E670099
S214040620536563757269747920436F726500536508
S214040630637572697479204C696E6B204B657973A7
S2140406400043424B45203136334B310043424B4541
S21404065020445341205369676E0045434300434298
S2140406604B452044534120566572696679005061B3
S214040670636B65742056616C6964617465005A4CDA
S2140406804C0043424B45203238334B3100454343FC
S214040690203238334B310043424B4520636F72653A
S2140406A0004E4350004D756C7469206E6574776F08
S2140406B0726B00456E68616E6365642042656163B3
S2140406C06F6E205265710043424B45203238334BDF
S2140406D0312044534120566572696679004D756C25
S2140406E074692D50414E002F686F6D652F72756EBC
S2140406F06E65722F776F726B2F747579612D7A69B8
S214040700676265652D7377697463682F747579619C
S2140407102D7A69676265652D7377697463682F73CC
S214040720696C6162735F746F6F6C732F73696D703D
S2140407306C69636974795F73646B2F70726F746F1E
S214040740636F6C2F7A69676265652F737461636B78
S2140407502F636F6E6669672F736C5F7A696762656D
S214040760655F636F6E66696775726174696F6E2E16
S21404077063002F686F6D652F72756E6E65722F77C6
S2140407806F726B2F747579612D7A69676265652D52
S2140407907377697463682F747579612D7A696762F3
S2140407A065652D7377697463682F73696C6162730A
S2140407B05F746F6F6C732F73696D706C69636974A3
S2140407C0795F73646B2F70726F746F636F6C2F7ABC
S2140407D069676265652F737461636B2F6672616DFA
S2140407E065776F726B2F6165732D6563622E630088
S2140407F02F686F6D652F72756E6E65722F776F72C8
S2140408006B2F747579612D7A69676265652D7377C8
S214040810697463682F747579612D7A696762656592
S2140408202D7377697463682F73696C6162735F7480
S2140408306F6F6C732F73696D706C69636974795F1D
S21404084073646B2F70726F746F636F6C2F7A696743
S2140408506265652F737461636B2F73656375726964
S21404086074792F7A69676265652D73656375726935
S21404087074792D6D616E616765722D6E6F2D76616C
S214040880756C742E63004572726F723A202046614E
S214040890696C656420746F20726561642066726F8B
S2140408A06D20454550524F4D2061742030782534D4
S2140408B0582C207374617475733A2025640045457A
S2140408C050524F4D20496E697469616C697A65644B
S2140408D03A20256300454550524F4D2042757379A2
S2140408E03A202563005061727469616C20576F72F8
S2140408F0642053746F7261676520436F756E743A33
S21404090020256400416464726573733A2030782548
S21404091034582C205061727469616C20576F72646D
S2140409203A203078255800636F6E6669726D656488
S21404093000617373756D6564000A454550524F4DEA
S21404094020496E666F004E6F7420617661696C6133
S214040950626C6520286F6C64657220626F6F746CBD
S2140409606F61646572290050617274204465736314
S21404097072697074696F6E3A20202020202020202F
S21404098020202573004361706162696C697469652F
S214040990733A2020202020202020202020202020E1
S2140409A0307825325800506167652045726173655A
S2140409B02074696D65202873293A20202020202081
S2140409C025640050617274204572617365207469F1
S2140409D06D65202873293A202020202020256400D5
S2140409E0506172742045726173652074696D652068
S2140409F0286D73293A202020202020256400506189
S214040A0067652073697A6520286279746573293A64
S214040A10202020202020202020256C005061727485
S214040A202073697A6520286279746573293A2020D0
S214040A3020202020202020256C00576F726420730D
S214040A40697A6520286279746573293A2020202003
S214040A502020202020256420282570290045455084
S214040A60524F4D20696E69743A2030782558002F0D
S214040A70686F6D652F72756E6E65722F776F726B09
S214040A802F747579612D7A69676265652D73776948
S214040A907463682F747579612D7A69676265652D4C
S214040AA07377697463682F73696C6162735F746FBC
S214040AB06F6C732F73696D706C69636974795F7397
S214040AC0646B2F7574696C2F706C7567696E2F7004
S214040AD06C7567696E2D636F6D6D6F6E2F656570CF
S214040AE0726F6D2F656570726F6D2E6300556E6143
S214040AF0626C6520746F20626F6F7420696D616725
S214040B006520617420736C6F7420256C640A00532E
S214040B106C6F74204D616E61676572206661696CE6
S214040B20656420746F20657261736520736C6F74DE
S214040B300A004D61782072656164206C696D697481
S214040B402073657420746F2025642062797465733D
S214040B500A004164647265737320202020202020DC
S214040B60202020446174610A00307825346C782093
S214040B70202020202020307825780A004661696CE1
S214040B80656420746F20726561642066726F6D20E0
S214040B90666C6173680A00536C6F7420256C640A73
S214040BA020204164647265737320202020203A203C
S214040BB0307825346C580A20204C656E677468209B
S214040BC020202020203A20307825346C58202825F0
S214040BD06C64206279746573290A00202054797045
S214040BE06520202020202020203A20004E6F204719
S214040BF0424C2070726573656E740A005A696742C7
S214040C0065650A005468726561640A00436F6E6E17
S214040C106563740A00426C7565746F6F74680A00C5
S214040C20426C7565746F6F7468206170706C69636C
S214040C306174696F6E0A004D43550A004F74686507
S214040C407220283078256C58290A002020566572B0
S214040C5073696F6E20202020203A203078256C5847
S214040C600A0020204361706162696C697469657367
S214040C703A20307825346C580A00202050726F646D
S214040C8075637420494420203A2000307825582083
S214040C9000536C6F74204D616E616765723A20660E
S214040CA061696C656420746F20696E697469616C2F
S214040CB0697A6520626F6F746C6F61646572202850
S214040CC06572726F72203078253478290A0056656A
S214040CD07273696F6E20202020203A2025640A0053
S214040CE05061727420202020202020203A20257372
S214040CF00A004361706162696C69746965733A20BD
S214040D00307825780A00506172742073697A6520F9
S214040D1020203A20256420420A005061676520732B
S214040D20697A652020203A20256420420A00576FFD
S214040D3072642073697A652020203A202564204254
S214040D400A00536C6F7473202020202020203A2041
S214040D5025640A004661696C656420746F207265B8
S214040D6061642066726F6D2073746F7261676520AC
S214040D70666C61736820286572726F722025642918
S214040D800A00496E76616C696420736C6F74202562
S214040D906420286D617820736C6F74202564290A9A
S214040DA0004661696C656420746F20676574206909
S214040DB06E666F20666F7220736C6F742025640AEB
S214040DC000536C6F74204D616E616765723A2073D0
S214040DD06C6F74207772697465206661696C7572CD
S214040DE0652E2041646472657373206F666673654E
S214040DF0742028256429202B207772697465206C5A
S214040E00656E677468202825642920677265617496
S214040E106572207468616E20746F74616C20736CE4
S214040E206F74206C656E67746820282564290A0030
S214040E30536C6F74204D616E6167657220776172C2
S214040E406E696E673A20736C6F74202564206C6537
S214040E506E6774682028256429206E6F7420616C80
S214040E6069676E656420746F2070616765207369B6
S214040E707A6520282564292E2054686520656E74BA
S214040E8069726520736C6F742077696C6C206E6F62
S214040E9074206265206572617365642E0A00536C63
S214040EA06F74204D616E616765723A206661696C85
S214040EB0656420746F206572617365202564206202
S214040EC07974657320696E20736C6F7420256420B2
S214040ED06174206164647265737320307825347895
S214040EE020286572726F722030782578290A0045AA
S214040EF07261736564202564206279746573206961
S214040F006E20736C6F742025640A004661696C65F4
S214040F106420746F2073657420736C6F7420746F10
S214040F2020626F6F7420286572726F722030782585
S214040F303478290A004661696C656420746F2073EE
S214040F406574206C697374206F6620736C6F747399
S214040F5020746F20626F6F7420286572726F72201F
S214040F603078253478290A004661696C65642074F3
S214040F706F20676574206E6577206C697374206FC4
S214040F806620736C6F747320746F20626F6F7420A6
S214040F90286572726F72203078253478290A0042E8
S214040FA06567696E6E696E6720696D616765207630
S214040FB06572696669636174696F6E2E2E2E002EE3
S214040FC06661696C65642120284572726F722030F0
S214040FD078253478290A002E70617373656421209D
S214040FE0426F6F74696E6720736C6F742025640A91
S214040FF000666E692B00666E69006E616E00666E32
S214041000692D006C696273006273656E64007265B4
S214041010736574007261770073656E645F6D756CDA
S2140410207469636173740073656E642D7573696E99
S214041030672D6D756C7469636173742D62696E6473
S214041040696E670074696D6573796E6300676574AD
S2140410502D7074692D726164696F2D636F6E666995
S2140410606700636F6E6669672D6363612D6D6F64D9
S21404107065006576656E747300736563757269746E
S21404108079007A69676265655F7072696E7400706C
S2140410906C7567696E006E6574006B657973006FB6
S2140410A07074696F6E00706C7567006368616E6754
S2140410B0656B6579006368616E67656B007A646F5B
S2140410C0007072696E742072656C61746564206366
S2140410D06F6D6D616E64732E0061747472005A6471
S2140410E06F2072656C6174656420636F6D6D616EEC
S2140410F064732E00726F75746500706F7765720086
S2140411006D676D742D6C7169006D676D742D626901
S2140411106E64006E6F64650073696D706C6500695B
S21404112065656500756E62696E64006E776B2D7515
S2140411307064006F75742D636C2D6C69737400692C
S2140411406E2D636C2D6C697374005A646F20696E1F
S2140411502D636C2D6C6973742072656C61746564A0
S21404116020636F6D6D616E64732E005A646F206F1A
S21404117075742D636C2D6C6973742072656C617460
S214041180656420636F6D6D616E64732E005A646FC0
S214041190206E776B2D7570642072656C617465645F
S2140411A020636F6D6D616E64732E007363616E2DC4
S2140411B06368616E2D6D61736B007363616E0063AB
S2140411C068616E5067006368616E005A646F2075CC
S2140411D06E62696E642072656C6174656420636F08
S2140411E06D6D616E64732E00756E69636173740051
S2140411F06368616E67656B65792072656C6174659A
S2140412006420636F6D6D616E64732E006C696E6B23
S214041210004F7074696F6E2072656C61746564202B
S214041220636F6D6D616E64732E00726567697374A7
S2140412306572006469736300696E7374616C6C2D07
S214041240636F64650062696E64696E672D746162BB
S2140412506C65007072696E742D72782D6D73677389
S2140412600061707372657472790041505320726520
S21404127074727920666C616720666F72636520639A
S2140412806F6D6D616E647300456E61626C65732F7D
S21404129044697361626C6573207072696E74696EFA
S2140412A067206F66205278206D6573736167657377
S2140412B02E00656E61626C650042696E64696E67D5
S2140412C0207461626C652072656C61746564206369
S2140412D06F6D6D616E64732E005365637572697409
S2140412E079206B6579732072656C6174656420631C
S2140412F06F6D6D616E64732E0064656C6574650055
S2140413004E6574776F726B2072656C6174656420C9
S214041310636F6D6D616E64732E00666F726D00721E
S214041320656A6F696E2D646966662D6465766963A1
S214041330652D747970650065787470616E696400F3
S21404134069736F70656E0062726F61642D706A6F88
S214041350696E006368616E67652D6368616E6E65AD
S2140413606C00696E6974006368616E67652D6B65F1
S21404137065702D616C6976652D6D6F6465007469A2
S2140413806D656F75742D6F7074696F6E2D6D6173F6
S2140413906B006D756C74692D7068792D7374617249
S2140413A074006D756C74692D7068792D73746F7024
S2140413B00066696E64006E6574776F726B2066698A
S2140413C06E6420636F6D6D616E64732E006A6F6960
S2140413D06E61626C6500756E7573656400736C6F20
S2140413E0742D6D616E6167657200636F756E7465EA
S2140413F0727300656E642D6465766963652D737516
S21404140070706F72740066696E642D616E642D620E
S214041410696E6400667261676D656E746174696F87
S2140414206E0067726F7570732D73657276657200E1
S2140414306E6574776F726B2D7374656572696E670B
S214041440006F74612D626F6F746C6F6164006F74EB
S214041450612D636C69656E74006F74612D73746FAF
S214041460726167652D636F6D6D6F6E006F74612DAD
S21404147073746F726167652D656570726F6D006950
S214041480646C652D736C6565700075706461746555
S2140414902D74632D6C696E6B2D6B657900757064A5
S2140414A06174652D74632D6C696E6B2D6B65792084
S2140414B072656C6174656420636F6D6D616E6473D0
S2140414C00074696D6572006E6F7700436F6D6D61B1
S2140414D06E647320746F20636F6E74726F6C206911
S2140414E0646C696E672F736C656570696E67206FD0
S2140414F066207468652064657669636500666F7245
S21404150063652D6177616B65006177616B652D7727
S21404151068656E2D6E6F742D6A6F696E65640072F1
S21404152065706F7274696E672072656C6174656449
S21404153020636F6D6D616E64732E00636C656172FB
S2140415402D6C6173742D7265706F72742D74696D71
S2140415506500746573742D74696D696E67006F74C5
S214041560612D73746F726167652D656570726F6D3A
S2140415702072656C6174656420636F6D6D616E6462
S214041580732E0077697065006F74612D73746F72C3
S2140415906167652D636F6D6D6F6E2072656C617427
S2140415A0656420636F6D6D616E6473007072696E3E
S2140415B074496D616765730072656C6F616400736E
S2140415C0746F726167652D696E666F00646174611D
S2140415D02D7072696E74006F74612D636C69656E2C
S2140415E0742072656C6174656420636F6D6D616EE2
S2140415F064732E0076657269667900626C6F636B3D
S2140416002D7465737400706167652D7265717565F8
S214041610737400757067726164652D7265717565A3
S21404162073740064697361626C652D646F776E67AA
S214041630726164657300656E61626C652D646F77B4
S2140416406E677261646573006F74612D626F6F7488
S2140416506C6F61642072656C6174656420636F6D81
S2140416606D616E6473006E6574776F726B2D737440
S214041670656572696E672072656C61746564206363
S2140416806F6D6D616E64732E007072652D636F6E80
S214041690666967757265642D6B65792D736574006C
S2140416A06D61736B2072656C6174656420636F6D25
S2140416B06D616E642E007375627472616374006784
S2140416C0726F7570732D7365727665722072656CB1
S2140416D06174656420636F6D6D616E64732E00665D
S2140416E07261676D656E746174696F6E2072656C85
S2140416F06174656420636F6D6D616E64732E007330
S21404170065742D72782D77696E646F772D73697A98
S21404171065006172746966696369616C2D626C6FD9
S214041720636B2D64726F700046696E6420616E642C
S2140417302062696E642072656C6174656420636FF0
S2140417406D6D616E64732E00696E69746961746F81
S2140417507200656E642D6465766963652D737570B5
S214041760706F72742072656C6174656420636F6D4B
S2140417706D616E64732E00706F6C6C2D636F6D708C
S2140417806C657465642D63616C6C6261636B006682
S2140417906F7263652D73686F72742D706F6C6C0056
S2140417A0656E61626C655F747970650073746163FD
S2140417B06B00617070007A636C006C6567616379B6
S2140417C05F61665F646562756700636F756E7465F6
S2140417D072732072656C6174656420636F6D6D61ED
S2140417E06E64732E007072696E742D636F756E74FA
S2140417F065722D747970650073696D706C652D70F3
S21404180072696E74007072696E742D746872657392
S214041810686F6C6473007365742D7468726573689E
S2140418206F6C640072657365742D74687265736892
S2140418306F6C64730073656E642D72657175657381
S214041840740073656375726974792072656C61746B
S214041850656420636F6D6D616E6473007365742DCB
S214041860616C6C6F772D74727573742D63656E740A
S21404187065722D72656A6F696E2D7573696E672D54
S21404188077656C6C2D6B6E6F776E2D6B6579007358
S21404189065742D616C6C6F772D74727573742D631B
S2140418A0656E7465722D72656A6F696E2D757369DF
S2140418B06E672D77656C6C2D6B6E6F776E2D6B6512
S2140418C0792D74696D656F7574007365742D6B6519
S2140418D0792D726571756573742D706F6C69637993
S2140418E0006D66672D746F6B656E006170730053D0
S2140418F065637572697479206170732072656C61B2
S21404190074656420636F6D6D616E64732E00476545
S214041910742F736574204D464720746F6B656E2E66
S21404192000656E64706F696E742072656C617465B0
S2140419306420636F6D6D616E64732E0065657072EE
S2140419406F6D207574696C6974792072656C617446
S214041950656420636F6D6D616E647300536C6F74A1
S214041960204D616E616765722072656C6174656492
S21404197020636F6D6D616E647300626F6F742D7398
S2140419806C6F740065726173652D736C6F7400659B
S21404199078742D666C6173682D696E666F00736C5F
S2140419A06F74732D696E666F005072696E7473205F
S2140419B074696D652E005072696E74732061747458
S2140419C07269627574652E00436C65617273207467
S2140419D06865205A444F206C697374206F662063D0
S2140419E06C69656E742028696E2920636C7573743F
S2140419F06572732E004164647320636C757374653A
S214041A00727320746F20746865206B6E6F776E2017
S214041A10636C69656E742028696E2920636C75731F
S214041A2074657273206F6E207468697320646576BB
S214041A306963652E00436C65617273207468652063
S214041A405A444F206C697374206F6620636C696512
S214041A506E7420286F75742920636C7573746572B0
S214041A60732E004164647320636C757374657273BB
S214041A7020746F20746865206B6E6F776E20636CBD
S214041A8069656E7420286F75742920636C75737489
S214041A90657273206F6E2074686973206465766956
S214041AA063652E0053656E647320616E20757064E2
S214041AB0617465206368616E6E656C20726571750D
S214041AC06573742E006368616E6E656C1F005365E3
S214041AD06E647320616E207570646174652063683B
S214041AE0616E6E656C2070616765207265712E206C
S214041AF054686520737461636B2073656E64732029
S214041B006E776B20656E68616E63656420757064BD
S214041B106174652072657120666F72206E6F6E2D1B
S214041B207A65726F20706167652E006368616E6EF9
S214041B30656C1F706167651F00506572666F726D15
S214041B407320616E20656E65726779207363616EBB
S214041B502E007461726765744E6F646549641F7302
S214041B6063616E4475726174696F6E1F7363616E30
S214041B70436F756E741F0042726F616463617374A1
S214041B807320746865204944206F66207468652055
S214041B906E6577206E6574776F726B206D616E610B
S214041BA067657220616E642061637469766520637C
S214041BB068616E6E656C732E006E776B4D67654953
S214041BC0641F6368616E6E656C4D61736B1F0050B5
S214041BD06572666F726D7320616E20656E657267DE
S214041BE079207363616E206F6E20676976656E2058
S214041BF06368616E6E656C206D61736B2E00746134
S214041C00726765744E6F646549641F7363616E44DE
S214041C1075726174696F6E1F7363616E436F756E60
S214041C20741F6368616E6E656C4D61736B1F005341
S214041C30656E64732061206E6574776F726B2061C5
S214041C406464726573732072657175657374206657
S214041C506F722074686520676976656E204945450D
S214041C604520616464726573732E00696565651F3B
S214041C7000526571756573747320616E204945451D
S214041C8045206164647265737320626173656420C1
S214041C906F6E206120676976656E206E6F646520BE
S214041CA049442E006E6F646549641F0053656E6474
S214041CB07320612073696D706C652064657363724C
S214041CC06970746F72207265717565737420666FBF
S214041CD072207468652073686F727420616464721D
S214041CE065737320616E6420656E64706F696E74CC
S214041CF0207370656369666965642E006465737431
S214041D001F746172676574456E64706F696E741FC4
S214041D100053656E64732061206D61746368446566
S214041D207363726970746F727352657175657374D8
S214041D3020746F2074686520676976656E20646514
S214041D407374696E6174696F6E2077697468207441
S214041D50686520676976656E2070726F66696C6563
S214041D602E006E6F646549641F70726F66696C65D9
S214041D701F0053656E64732061206E6F6465206473
S214041D80657363726970746F7220726571756573BA
S214041D907420746F206120676976656E20746172A2
S214041DA0676574206465766963652E00746172677E
S214041DB065741F0053656E64732061205A444F2077
S214041DC042696E6420636F6D6D616E6420746F206B
S214041DD06120646576696365207370656369666906
S214041DE0656420696E2074686520636F6D6D616E2E
S214041DF06420617267756D656E74732E0044657336
S214041E0074696E6174696F6E1F536F7572636520B3
S214041E10656E64706F696E741F44657374696E6171
S214041E2074696F6E20656E64706F696E741F636C80
S214041E30757374657249441F72656D6F7465455594
S214041E404936341F6465737445554936341F005348
S214041E50656E647320616E206163746976652065BF
S214041E606E64706F696E7420726571756573742024
S214041E70746F207468652064657669636520776985
S214041E8074682074686520676976656E2073686F69
S214041E9072742049442E0053656E647320616E206C
S214041EA0756E62696E6420726571756573742066FA
S214041EB06F72206120756E69636173742062696E47
S214041EC064696E6720746F20746865207461726735
S214041ED06574206465766963652E0074617267654F
S214041EE0741F736F757263652065756936341F7366
S214041EF06F7572636520656E64706F696E741F63B8
S214041F006C757374657249441F64657374696E6195
S214041F1074696F6E45554936341F64657374696E0B
S214041F206174696F6E20656E64706F696E741F00ED
S214041F3053656E647320616E20756E62696E6420EC
S214041F407265717565737420666F722061206D7595
S214041F506C7469636173742062696E64696E672069
S214041F60746F207468652074617267657420646594
S214041F70766963652E007461726765741F736F7586
S214041F807263652065756936341F736F7572636591
S214041F9020656E64706F696E741F636C7573746508
S214041FA07249441F67726F75704164647265737317
S214041FB01F0053656E64732061205A444F204D61A0
S214041FC06E6167656D656E74204C65617665206329
S214041FD06F6D6D616E6420746F2074686520746123
S214041FE072676574206465766963652E0074617231
S214041FF06765741F72656D6F76654368696C647295
S214042000656E1F72656A6F696E1F0053656E647332
S2140420102061205A444F204D474D542D42696E642A
S214042020202842696E64696E67205461626C652973
S214042030205265717565737420746F20746865200A
S214042040746172676574206465766963652E0074CE
S21404205061726765741F7374617274496E6465781F
S2140420601F0053656E64732061205A444F204D4709
S2140420704D542D4C514920284C5149205461626CD2
S2140420806529205265717565737420746F207468B1
S2140420906520746172676574206465766963652E6D
S2140420A00053656E64732061205A444F20506F7746
S2140420B065722044657363726970746F722052652A
S2140420C0717565737420746F20746865207461720A
S2140420D0676574206465766963652E0053656E646F
S2140420E0732061205A444F20726F757465207265A0
S2140420F0717565737420636F6D6D616E6420746FA3
S21404210020746865207461726765742E0074617249
S2140421106765741F696E6465781F00696E64657808
S2140421201F65756936341F696E7374616C6C436F12
S21404213064651F00696E6465781F65756936341FAB
S2140421406B65791F005443206C696E6B206B657950
S214042150207265717565737420706F6C6963791F7E
S214042160417070206C696E6B206B657920726571A6
S2140421707565737420706F6C6963791F00426F6FA6
S2140421806C3A20616C6C6F7720747275737420637C
S214042190656E7465722072656A6F696E2075736900
S2140421A06E672077656C6C2D6B6E6F776E206B6533
S2140421B0791F0070726F66696C6549641F636C757D
S2140421C07374657249641F00746172676574496448
S2140421D01F00456E61626C6573207072696E746967
S2140421E06E67206F66205278206D6573736167652D
S2140421F0732E0053657473207468652062696E6478
S214042200696E67207461626C6500696E6465781F28
S214042210636C75737465721F6C6F63616C45701FB5
S21404222072656D6F746545701F65756936341F0079
S214042230436C65617273207468652062696E6469B4
S2140422406E67207461626C652E005072696E7473DA
S214042250207468652062696E64696E6720746162C2
S2140422606C6520746F2074686520636F6D6D616E95
S21404227064206C696E652E00436C65617273206120
S2140422806C6C207365637572697479206B657973F9
S2140422902E0044656C6574652074686520737065EB
S2140422A0636966696564206C696E6B206B6579206A
S2140422B0696E6465782E005072696E747320616C62
S2140422C06C207365637572697479206B6579732EF7
S2140422D0005465726D696E61746573207468652058
S2140422E06D756C74692D50485920696E74657266F4
S2140422F0616365005573656420746F20737461723E
S21404230074206D756C74692D50485920696E746517
S2140423107266616365206F74686572207468616EA6
S214042320206E617469766520616E6420666F726DD6
S21404233020746865206E6574776F726B2E205468FF
S2140423406520737461636B20757365732073616DA8
S214042350652050616E4964206173206E61746976ED
S2140423606520726164696F206E6574776F726B2E78
S21404237000706167651F6368616E6E656C1F706FC1
S2140423807765721F6F7074696F6E734D61736B201F
S214042390284269742030203D20526F75746572732C
S2140423A020616C6C6F7765642C2042697420312040
S2140423B03D2042726F61646361737420616C6C6F5C
S2140423C0776564291F00417474656D707473207496
S2140423D06F206368616E676520746865206368694A
S2140423E06C642074696D656F7574206F7074696FA2
S2140423F06E206D61736B20746F2066696C746572F1
S214042400206F757420756E646573697261626C659D
S2140424102076616C7565732028652E672E206E6F96
S214042420206D6F7265207468616E20332064617954
S21404243073292E0074696D656F7574206F707469E6
S2140424406F6E206D61736B1F0053776974636865E4
S21404245073206265747765656E2064696666657266
S214042460656E74206B65657020616C697665206D99
S2140424706F64657320737570706F72746564206220
S21404248079206120726F757465722E004B656570D5
S21404249020616C697665206D6F64651F00507269F3
S2140424A06E7473207468652063757272656E74202A
S2140424B04E6F64652049442C2045554936342C20FB
S2140424C0616E642050616E2049442E00496E697422
S2140424D069616C697A65732061206E6574776F72C2
S2140424E06B3B20746869732069732061207465737C
S2140424F07420636F6D6D616E642075736564206609
S2140425006F722074632D737761702D6F75742074E9
S214042510657374696E672E005365747320746865FA
S214042520206E6574776F726B20696E6465782075AB
S21404253073656420627920616C6C206675747572AC
S2140425406520434C4920636F6D6D616E64732E2065
S214042550204265666F726520657865637574696E7A
S21404256067206120434C4920636F6D6D616E642C57
S21404257020746865206672616D65776F726B207370
S2140425807769746368657320746F20746869732050
S2140425906E6574776F726B2E2020416674657220A8
S2140425A074686520636F6D6D616E642066696E691C
S2140425B07368657320657865637574696E672C2027
S2140425C0746865206672616D65776F726B207377C9
S2140425D0697463686573206261636B20746F20742A
S2140425E068652070726576696F7573206E6574779A
S2140425F06F726B2E202054686520434C49207573F7
S2140426006573207468652073616D65206E657477E4
S2140426106F726B20696E64657820756E74696C20C1
S214042620746865206465766963652072657365748D
S21404263073206F72206974206973206368616E6703
S2140426406564207468726F7567682074686973209F
S214042650636F6D6D616E642E00417474656D707485
S2140426607320746F206368616E676520646576699D
S2140426706365206F76657220746F206120646966D6
S214042680666572656E74206368616E6E656C20673D
S2140426906976656E20696E20746865206368616E6D
S2140426A06E656C20617267756D656E742E00546875
S2140426B065206368616E6E656C20746F2063686164
S2140426C06E676520746F1F0066696E64556E757359
S2140426D0656450616E49640066696E644A6F696E2B
S2140426E061626C654E6574776F726B005065726DCF
S2140426F0697473206A6F696E696E67206F6E2074E2
S2140427006865206E6574776F726B20666F722061E1
S21404271020676976656E206E756D626572206F66D9
S214042720207365636F6E647320414E442062726F3B
S214042730616463617374732061205A444F204D674B
S2140427406D74205065726D6974204A6F696E696E87
S21404275067207265717565737420746F20616C6C84
S21404276020726F75746572732E00412073696E67EC
S2140427706C65206279746520696E64696361746946
S2140427806E6720686F77206C6F6E672074686520AC
S2140427906465766963652073686F756C6420686128
S2140427A07665207065726D6974206A6F696E696EED
S2140427B067207475726E6564206F6E20666F722E65
S2140427C020412076616C7565206F662030786666D9
S2140427D0207475726E73206F6E207065726D6974E6
S2140427E0206A6F696E20696E646566696E697465D1
S2140427F06C792E1F00436865636B73206E6574776F
S2140428006F726B20706A6F696E207374617475736F
S2140428102E00577269746573207468652065787431
S214042820656E6465642070616E20494420666F722C
S21404283020746865206465766963652E006578741F
S21404284070616E69641F0052656A6F696E732061F9
S2140428506E206578697374696E67206E6574776F29
S214042860726B20696E206120736563757265206FD4
S2140428707220696E736563757265206D616E6E6530
S214042880722077697468206120646966666572657B
S2140428906E742064657669636520747970652E00AD
S2140428A0426F6F6C65616E206E6574776F726B2015
S2140428B06B657920617661696C6162696C697479AB
S2140428C01F4368616E6E656C206D61736B1F416E8D
S2140428D020656E756D65726174696F6E20696E64CD
S2140428E069636174696E67207468652064657669D7
S2140428F06365207479706520746F2072656A6F69E9
S2140429006E2061732E54686520737461636B206F48
S2140429106E6C79206163636570747320534C5F5AE0
S21404292049474245455F454E445F444556494345FD
S21404293020616E6420534C5F5A49474245455F53B5
S2140429404C454550595F454E445F444556494345BA
S2140429502E1F0052654A6F696E732061206E65747F
S214042960776F726B2E00426F6F6C65616E206E65BA
S21404297074776F726B206B657920617661696C6120
S21404298062696C6974791F4368616E6E656C206D4C
S21404299061736B1F004C65617665732061206E65FC
S2140429A074776F726B2E005475726E732070657236
S2140429B06D6974206A6F696E696E67206F6E206633
S2140429C06F722074686520616D6F756E74206F6613
S2140429D02074696D6520696E646963617465642E2C
S2140429E000412073696E676C65206279746520699E
S2140429F06E6469636174696E6720686F77206C6FB4
S214042A006E672074686520646576696365207368FC
S214042A106F756C642068617665207065726D697484
S214042A20206A6F696E696E67207475726E206F6EA9
S214042A3020666F722E20412076616C7565206F6665
S214042A402030786666207475726E73207065726DB9
S214042A506974206A6F696E20696E646566696E695A
S214042A6074656C792E1F004A6F696E732061206E40
S214042A706574776F726B206F6E2061206769766568
S214042A806E206368616E6E656C2C207769746820AE
S214042A906120676976656E20545820506F7765729A
S214042AA020616E642050414E2049442E00546865CF
S214042AB0206368616E6E656C206F6E20776869634C
S214042AC06820746F206A6F696E20746865206E656E
S214042AD074776F726B1F4F6E652D62797465207301
S214042AE069676E65642076616C756520696E6469D5
S214042AF0636174696E672074686520545820506F4B
S214042B0077657220746861742074686520726164E5
S214042B10696F2073686F756C6420626520736574D2
S214042B2020746F1F5468652050414E204944206F1E
S214042B306E20776869636820746F206A6F696E20F8
S214042B40746865206E6574776F726B1F00466F72CB
S214042B506D732061206E6574776F726B206F6E20C4
S214042B606120676976656E206368616E6E656C2C9D
S214042B702077697468206120676976656E205458EA
S214042B8020506F77657220616E642050414E204954
S214042B90442E00546865206368616E6E656C206F11
S214042BA06E20776869636820746F20666F726D2084
S214042BB0746865206E6574776F726B1F4F6E652D33
S214042BC062797465207369676E65642076616C75D6
S214042BD06520696E6469636174696E6720746865EC
S214042BE020545820506F776572207468617420747E
S214042BF0686520726164696F2073686F756C642001
S214042C0062652073657420746F1F54686520504194
S214042C104E204944206F6E20776869636820746F7D
S214042C2020666F726D20746865206E6574776F72A7
S214042C306B1F005468697320696E697469617465F2
S214042C407320612054434C4B207570646174652076
S214042C5070726F6365647572652E00537065636980
S214042C6066792074686520616D6F756E74206F6672
S214042C702074696D6520746F2077616974206166BD
S214042C80746572206F6E652054434C4B20757064D7
S214042C90617465206F7065726174696F6E20636F0E
S214042CA06D706C65746573206265666F726520620C
S214042CB06567696E6E696E672061206E657720545D
S214042CC0434C4B20757064617465206F7065726147
S214042CD074696F6E2E0054686520616D6F756E742E
S214042CE0206F662074696D65206265747765656E0D
S214042CF02073756273657175656E7420747275736E
S214042D00742063656E746572206C696E6B206B65E7
S214042D1079207570646174657320696E206D696CC2
S214042D206C697365636F6E64731F00536574206FFC
S214042D307220636C656172207374617920617761B7
S214042D406B65207768656E206E6F74206A6F696E97
S214042D50656400536574206F7220636C656172202D
S214042D60666F726365206177616B65004469737092
S214042D706C61792074686520736C65657020737463
S214042D806174757300464F522054455354494E4758
S214042D9020505552504F534553202D206761746878
S214042DA065722074696D696E67206D6574726963F7
S214042DB07320666F72207265706F7274696E672016
S214042DC07461626C65206F7065726174696F6E738E
S214042DD02E00436C6561727320746865206C6173A1
S214042DE074207265706F72742074696D65206F66E6
S214042DF020617474726962757465732E004164642C
S214042E00732061206E657720656E74727920746F06
S214042E1020746865207265706F7274207461626CC9
S214042E20652E00546865206C6F63616C20656E6463
S214042E30706F696E742066726F6D20776869636858
S214042E40207468652061747472696275746520699B
S214042E5073207265706F727465641F5468652063AE
S214042E606C7573746572207768657265207468651E
S214042E7020617474726962757465206973206C6F5E
S214042E8063617465641F546865204944206F662036
S214042E90746865206174747269627574652062650D
S214042EA0696E67207265706F727465641F30206681
S214042EB06F7220636C69656E742D73696465206136
S214042EC0747472696275746573206F72203120663B
S214042ED06F72207365727665722D736964652061FE
S214042EE07474726962757465731F546865206D69BD
S214042EF06E696D756D207265706F7274696E672089
S214042F00696E74657276616C2C206D65617375727A
S214042F10656420696E207365636F6E64732E1F5438
S214042F206865206D6178696D756D207265706F7265
S214042F3074696E6720696E74657276616C2C206D98
S214042F406561737572656420696E207365636F6E60
S214042F5064732E1F546865206D696E696D756D20E7
S214042F606368616E676520746F2074686520617499
S214042F707472696275746520746861742077696C0C
S214042F806C20726573756C7420696E20612072659E
S214042F90706F7274206265696E672073656E742E36
S214042FA01F0052656D6F76657320616E20656E74C2
S214042FB072792066726F6D20746865207265706F12
S214042FC07274207461626C652E0054686520696EA4
S214042FD0646578206F6620746865207265706F7209
S214042FE07420746F2062652072656D6F7665641F49
S214042FF000436C6561727320616C6C20656E74723C
S2140430006965732066726F6D2074686520726570DA
S2140430106F7274207461626C652E005072696E74EF
S2140430207320746865207265706F727420746162B0
S2140430306C652E00576970657320616C6C20646142
S214043040746120696E207468652073746F7261679A
S21404305065206465766963652E005072696E7473C4
S2140430602061726269747261727920627974657320
S214043070206F6620746865204F544120696D61672F
S21404308065206F6E206469736B2E00546865206932
S2140430906E646578206F662074686520696D616764
S2140430A06520746F207072696E742069747320646E
S2140430B06174611F546865206F6666736574206961
S2140430C06E746F20746865204F544120696D616783
S2140430D06520746861742077696C6C206265207062
S2140430E072696E7465641F005072696E7473206929
S2140430F06E666F726D6174696F6E2061626F75744F
S214043100207468652073746F7261676520646576E1
S2140431106963652E0052656C6F616420746865206F
S21404312073746F72616765206465766963652E00E3
S21404313044656C657465732074686520696D6167A1
S21404314065206174207468652073706563696669B8
S214043150656420696E6465782E0054686520696E1F
S21404316064657820617420776869636820746F20CA
S214043170626567696E2064656C6574696E67207441
S214043180686520696D6167651F005072696E7473A7
S2140431902074686520696D616765732E00456E61ED
S2140431A0626C6573204F544120646F776E6772615A
S2140431B06465732E0044697361626C6573204F54B2
S2140431C04120646F776E6772616465732E00536581
S2140431D06E647320616E2055706772616465456E17
S2140431E0645265717565737420746F20616E204F28
S2140431F05441207365727665722E0043616E2062B8
S21404320065207573656420746F2064796E616D69DA
S21404321063616C6C79207475726E206F66662073B9
S214043220656E64696E672070616765207265717586
S21404323065737473206F6E2074686520636C6965AB
S2140432406E7420736964652C206966207468652032
S21404325073657276657220646F65736E2774207367
S2140432607570706F72742074686973206665617413
S2140432707572652E00426F6F6C65616E2076616CA8
S2140432807565207475726E696E67206F6E202831BE
S21404329029206F72206F666620283029207468659E
S2140432A02070616765207265717565737420666C3D
S2140432B061671F0053656E647320616E20696D61DB
S2140432C0676520626C6F636B2072657175657374D5
S2140432D020666F7220612066696C652074686520BC
S2140432E07365727665722073686F756C64206E6F92
S2140432F07420686176652E20205465737420686196
S214043300726E657373206F6E6C792028746573749F
S214043310206361736520392E352E36202D204D69A5
S2140433207373696E672046696C6529005072696E0E
S214043330747320696E666F726D6174696F6E206F48
S2140433406E207468652063757272656E742073747B
S214043350617465206F6620746865204F544120634D
S2140433606C69656E7420646F776E6C6F61642E0092
S21404337053746F707320746865204F5441207374BF
S214043380617465206D616368696E652E00537461AF
S21404339072747320746865204F544120636C6965A9
S2140433A06E74207374617465206D616368696E65FC
S2140433B02E20546865207374617465206D6163689B
S2140433C0696E6520646973636F76657273207468CA
S2140433D065204F5441207365727665722C20717592
S2140433E0657269657320666F72206E657720696DF5
S2140433F0616765732C20646F776E6C6F61647320ED
S21404340074686520696D6167657320616E642077F2
S2140434106169747320666F722074686520736572C0
S21404342076657220636F6D6D616E6420746F2075AF
S2140434307067726164652E005072696E74732074CE
S2140434406865206D616E7566616374757265722059
S21404345049442C20496D616765205479706520497C
S214043460442C20616E642056657273696F6E206901
S2140434706E666F726D6174696F6E20746861742015
S2140434806172652075736564207768656E206120B7
S2140434907175657279206E65787420696D616765EB
S2140434A02069732073656E7420746F2074686520B9
S2140434B07365727665722062792074686520636C21
S2140434C069656E742E00506572666F726D73207334
S2140434D069676E617475726520766572696669637C
S2140434E06174696F6E206F6E2074686520696D6103
S2140434F06765206174207468652073706563696607
S21404350069656420696E6465782E00546865206970
S2140435106E64657820617420776869636820746FC8
S21404352020626567696E2076657269666963617490
S214043530696F6E206F662074686520696D616765C3
S2140435401F00426F6F746C6F61647320746865202B
S214043550696D6167652061742074686520737065A1
S21404356063696669656420696E646578206279209B
S21404357063616C6C696E6720746865204F544120E3
S214043580626F6F746C6F61642063616C6C626163FC
S2140435906B2E0054686520696E646578206174201B
S2140435A0776869636820746F20626567696E206255
S2140435B06F6F746C6F6164696E67207468652069E8
S2140435C06D6167651F005072696E747320696E665C
S2140435D06F2061626F75742074686520696E7374F9
S2140435E0616C6C656420626F6F746C6F6164657285
S2140435F02E0053756274726163747320612063686D
S214043600616E6E656C2066726F6D206569746865A0
S2140436107220746865207072696D617279206F72A9
S214043620207365636F6E64617279206368616E6E81
S214043630656C206D61736B206F6620746865206E00
S2140436406574776F726B2D7374656572696E672027
S214043650636F6D706F6E656E742E005468652063BC
S21404366068616E6E656C206D61736B20746F207379
S2140436707562747261637420746865206368616E31
S2140436806E656C2066726F6D1F5468652063686192
S2140436906E6E656C20746F207375627472616374E9
S2140436A020746865206D61736B2066726F6D1F00F1
S2140436B0416464732061206368616E6E656C207477
S2140436C06F20656974686572207468652070726915
S2140436D06D617279206F72207365636F6E646172B8
S2140436E079206368616E6E656C206D61736B206F04
S2140436F06620746865206E6574776F726B2D7374BC
S214043700656572696E6720636F6D706F6E656E7443
S2140437102E00546865206368616E6E656C206D616A
S214043720736B20746F206164642061206368616E2B
S2140437306E656C20746F1F546865206368616E6ED6
S214043740656C20746F2061646420746F20746865EF
S214043750206D61736B1F005365747320656974680C
S214043760657220746865207072696D617279206F65
S21404377072207365636F6E64617279206368616E2C
S2140437806E656C206D61736B2E00546865206368EB
S214043790616E6E656C206D61736B20746F2073753B
S2140437A062747261637420746865206368616E6E07
S2140437B0656C2066726F6D1F5468652076616C7543
S2140437C06520746F2073657420746865206368616F
S2140437D06E6E656C206D61736B20746F2E1F0053C4
S2140437E065747320746865207072652D636F6E66E9
S2140437F0696775726564206B657920736F207468D9
S214043800617420746865206A6F696E696E672064E7
S21404381065766963652063616E20656E74657220E3
S214043820746865206E6574776F726B2E00536574CA
S214043830732074686520707265636F6E6669677559
S214043840726564206B65791F0053746F70732074FF
S2140438506865206E6574776F726B20737465657225
S214043860696E672070726F636573732E005374619C
S21404387072747320746865206E6574776F726B203B
S2140438807374656572696E672070726F63657373AF
S2140438902E0041206D61736B206F66206F70746913
S2140438A06F6E7320666F7220696E646963617469F3
S2140438B06E67207370656369666963206265686114
S2140438C076696F722077697468696E2074686520FB
S2140438D06E6574776F726B2D7374656572696E6747
S2140438E02070726F636573732E1F00446973706C67
S2140438F0617973207468652063757272656E7420CE
S214043900737461747573206F6620746865206E65C1
S21404391074776F726B207374656572696E67207056
S214043920726F636573732E00436C656172732074E3
S21404393068652067726F757073207461626C6520A9
S2140439406F6E20657665727920656E64706F696E39
S21404395074005072696E747320696E666F726D615E
S21404396074696F6E2061626F757420746865206375
S2140439706F6E74656E7473206F6620746865206756
S214043980726F757073207461626C652E0041727478
S2140439906966696369616C6C792064726F70732000
S2140439A074686520626C6F636B206E756D626572F9
S2140439B020646566696E6564206279207468652093
S2140439C070617373656420617267756D656E7420CB
S2140439D06F6E6C79206F6E63652C20616E64207444
S2140439E068656E20616C6C6F7773206974207570DF
S2140439F06F6E20612072657472792E00546865209B
S214043A00626C6F636B206E756D62657220746F20D6
S214043A106172746966696369616C6C792064726F3B
S214043A207020746F20666F726365206120726574FF
S214043A307279202D2073657420746F203078464682
S214043A4020746F2064697361626C651F005365742B
S214043A507320746865207265636569766520776986
S214043A606E646F772073697A652E2020427920640D
S214043A706566696E6974696F6E20696E2074686520
S214043A8020536D61727420456E657267792070727A
S214043A906F66696C65206974206D75737420626541
S214043AA02073657420746F203120627574207468E6
S214043AB0697320616C6C6F777320697420746F204F
S214043AC06265206368616E6765642E0054686520CD
S214043AD06D6178206E756D626572206F66207468FD
S214043AE06520626C6F636B732072656365697665C7
S214043AF064206265666F726520616E2041505320B3
S214043B0061636B2069732067656E657261746564B2
S214043B101F004D616B65732074686973206E6F6453
S214043B2065207374617274206964656E746966795D
S214043B30696E672061732061207461726765742002
S214043B40666F722062696E64696E6720776974684E
S214043B5020616E20696E69746961746F72206E6F7D
S214043B6064652E0054686520656E64706F696E74B3
S214043B70206F6E20776869636820746F20626567BB
S214043B80696E207468652046696E64696E67206194
S214043B906E642042696E64696E672074617267653C
S214043BA0742070726F636573731F004D616B657369
S214043BB02074686973206E6F646520737461727410
S214043BC02074686520696E69746961746F72207008
S214043BD0617274206F66207468652066696E646915
S214043BE06E6720616E642062696E64696E67207019
S214043BF0726F636573732E0054686520656E647017
S214043C006F696E74206F6E20776869636820746FBE
S214043C1020626567696E207468652046696E64690B
S214043C206E6720616E642042696E64696E672069FF
S214043C306E69746961746F722070726F63657373F2
S214043C401F00536574732077686574686572207402
S214043C50686520434C4920666F72636573207468F8
S214043C60652064657669636520746F2073686F7277
S214043C707420706F6C6C2E005468652076616C75C9
S214043C806520696E6469636174696E672077686528
S214043C907468657220746865206465766963652057
S214043CA073686F756C642073686F727420706F6CC1
S214043CB06C1F00536574732077686574686572209A
S214043CC0746865206465766963657320706F6C6CD0
S214043CD020636F6D706C657465642063616C6C62E0
S214043CE061636B2066756E6374696F6E20697320FA
S214043CF0656E61626C65642E005468652076616C3E
S214043D00756520696E6469636174696E6720776897
S214043D106574686572207468652064657669636591
S214043D207320706F6C6C20636F6D706C6574656463
S214043D302063616C6C6261636B2066756E63746984
S214043D406F6E20697320656E61626C65641F004443
S214043D506973706C61797320746865207374617418
S214043D607573206F662074686520456E642044650C
S214043D70766963657320706F6C6C696E672E004598
S214043D806E61626C652F64697361626C652064653C
S214043D9062756720606C6567616379206170702066
S214043DA06672616D65776F726B20646562756760B5
S214043DB0207072696E7420747970652E00456E6189
S214043DC0626C652F64697361626C651F00456E6181
S214043DD0626C652F64697361626C652064656275E4
S214043DE06720607A636C60207072696E74207479E0
S214043DF070652E00456E61626C652F64697361623E
S214043E006C65206465627567206061707060207000
S214043E1072696E7420747970652E00456E61626CEA
S214043E20652F64697361626C6520646562756720DA
S214043E3060636F726560207072696E742074797046
S214043E40652E00456E61626C652F64697361626CF1
S214043E50652064656275672060737461636B6020B7
S214043E607072696E7420747970652E0053656E6482
S214043E70732061207265717565737420666F722095
S214043E804F544120636F756E746572732E005265CD
S214043E907365747320616C6C207468726573686FE4
S214043EA06C64732076616C75657320746F2030784B
S214043EB0464646462E005365747320612074687225
S214043EC06573686F6C642076616C756520666F72C6
S214043ED0206120706172746963756C6172207479F4
S214043EE07065206F6620636F756E7465722E00545D
S214043EF0797065206F6620636F756E7465721F54E3
S214043F0068726573686F6C642056616C75651F0013
S214043F105072696E74732074686520746872657371
S214043F20686F6C6473206F6620616C6C20746865BF
S214043F3020636F756E746572732E00436C656172D0
S214043F407320616C6C20636F756E74657220766185
S214043F506C7565732E005072696E747320616C6C98
S214043F6020636F756E7465722076616C7565732E4A
S214043F70005072696E7473207468652076616C757F
S214043F8065206F6620746869732070617274696353
S214043F90756C617220636F756E7465722E0054685A
S214043FA06520636F756E746572207479706520740D
S214043FB06F207072696E741F005072696E7473207D
S214043FC0616C6C20636F756E7465722076616C75B7
S214043FD0657320616E6420636C6561727320746817
S214043FE0656D2E00536574204D464720746F6B65CF
S214043FF06E2C2043414E4E4F5420424520554E537E
S214044000455420425920434C492E005072696E7420
S214044010204D464720746F6B656E2E005072696E95
S2140440207420616374697665206576656E74732E94
S2140440300044697361626C652074686520656E640B
S214044040706F696E7420666F72205A434C206D65DB
S2140440507373616765732E00456E64706F696E7462
S21404406020696E6465781F00456E61626C65732016
S21404407074686520656E64706F696E7420666F720E
S214044080205A434C206D657373616765732E005028
S21404409072696E7420737461747573206F6620651C
S2140440A06E64706F696E74732E0053686F77732036
S2140440B07468652076657273696F6E206F66207407
S2140440C0686520736F6674776172652E0053657435
S2140440D02074686520636F6E666967757265642010
S2140440E03830322E31352E3420434341206D6F64F0
S2140440F06520696E2074686520726164696F2E207D
S21404410053656520646F63756D656E746174696F5D
S2140441106E20726567617264696E67205241494C0D
S2140441205F494545453830323135345F4363614D28
S2140441306F64655F742E0041205241494C5F4945C7
S21404414045453830323135345F4363614D6F6465BD
S2140441505F742076616C75651F0052657475726EA7
S214044160732050544920726164696F20636F6E66D1
S214044170696720696E666F726D6174696F6E20740C
S2140441806F2064657465726D696E65207468652059
S2140441905048592074797065206265696E67207589
S2140441A0736564206279205241494C2E20726574EE
S2140441B075726E2076616C756520697320656E7500
S2140441C06D205241494C5F494545453830323135BA
S2140441D0345F507469526164696F436F6E666967D1
S2140441E05F7420652E6720205241494C5F4945453F
S2140441F0453830323135345F5054495F5241444972
S2140442004F5F434F4E4649475F32503447485A2023
S2140442103D203078303055205241494C5F49454561
S214044220453830323135345F5054495F5241444941
S2140442304F5F434F4E4649475F32503447485A5FB4
S214044240414E54444956203D203078303155205252
S21404425041494C5F494545453830323135345F5025
S21404426054495F524144494F5F434F4E4649475F66
S21404427032503447485A5F434F4558203D203078E3
S214044280303255205241494C5F4945454538303215
S2140442903135345F5054495F524144494F5F434F70
S2140442A04E4649475F32503447485A5F414E54445D
S2140442B049565F434F4558203D20307830335500EB
S2140442C053656E6473206120726561642061747442
S2140442D07220666F72207468652074696D65206F3D
S2140442E06620746865206465766963652073706506
S2140442F06369666965642E20497420736574732047
S2140443006120666C616720736F207768656E20692C
S2140443107420676574732074686520726573706FA3
S2140443206E73652069742077726974657320746887
S214044330652074696D6520746F20697473206F77C7
S2140443406E2074696D6520617474722E0049641F52
S214044350737263456E64706F696E741F64657374FC
S214044360456E64706F696E741F005768656E2073BF
S214044370656E64696E67207573696E672061206276
S214044380696E64696E672C20737065636966696517
S2140443907320776865746865722061206D756C7427
S2140443A069636173742062696E64696E67207368FA
S2140443B06F756C6420626520757365642E00757372
S2140443C0654D756C74696361737442696E64696E75
S2140443D0671F0053656E64732061207072652D62DA
S2140443E075666665726564206D756C746963617361
S2140443F074206D65737361676520746F2061206730
S2140444006976656E2067726F7570204944206672FF
S2140444106F6D206120676976656E20656E64706FC7
S214044420696E742E0067726F757049641F737263C9
S2140444302D656E64706F696E741F004372656174D7
S21404444065732061206D65737361676520627920EA
S21404445073706563696679696E672074686520722F
S21404446061772062797465732E20557365207468AD
S214044470652073656E6420636F6D6D616E64207471
S2140444806F2073656E6420746865206D6573736150
S2140444906765206F6E6365206974206861732062A7
S2140444A065656E20637265617465642E2045783A8E
S2140444B02072617720307830303046207B303020D0
S2140444C03041203030203131203232203333203412
S2140444D0342035357D2073656E64732061206D65E8
S2140444E0737361676520746F20636C75737465728B
S2140444F0203135202830783030304629206F662029
S2140445006C656E677468203820776869636820690C
S2140445106E636C7564657320746865205A434C201A
S2140445206865616465722E00436C757374657249C0
S214044530641F446174611F0052657365747320744C
S2140445406865206E6F64652E005772697465732003
S21404455061206D6573736167652E00456E64706FC8
S214044560696E741F436C75737465722049441F41E9
S21404457074747269627574652049441F4D61736B67
S2140445801F4461746120747970651F4461746120EE
S214044590627974651F0052656164732061206D65DD
S2140445A073736167652E00456E64706F696E741F61
S2140445B0436C75737465722049441F417474726940
S2140445C0627574652049441F3120696620736572DC
S2140445D076657220646972656374696F6E2C203028
S2140445E020696620636C69656E742064697265630D
S2140445F074696F6E1F0053656E64732061206D6569
S21404460073736167652E0044657374696E617469BB
S2140446106F6E1F536F7572636520656E64706F6985
S2140446206E741F44657374696E6174696F6E206579
S2140446306E64706F696E741F00536F7572636520C5
S214044640656E64706F696E741F004C6973747320B2
S2140446507768696368206F7074696F6E616C206C2C
S2140446606962726172696573206F6620746865207A
S214044670737461636B2061726520696D706C656D1F
S214044680656E746564206F6E207468697320646553
S214044690766963652E005072696E747320696E665F
S2140446A06F726D6174696F6E2061626F75742074C9
S2140446B06865206E6574776F726B207374617465B9
S2140446C02C20636C7573746572732C20616E642081
S2140446D0656E64706F696E74732E006F66667365BC
S2140446E0741F005072696E747320696E666F726D03
S2140446F06174696F6E20666F7220616C6C206176DF
S21404470061696C61626C6520736C6F74732E005201
S21404471065616473207261772064617461206672D7
S2140447206F6D20666C6173682073746F7261676561
S2140447302E004164647265737320746F2072656121
S214044740641F4E756D626572206F662062797465AB
S2140447507320746F20726561641F005072696E74F2
S2140447607320666C6173682073746F72616765206A
S214044770696E666F726D6174696F6E2E0045726144
S214044780736573207468652073706563696669650C
S2140447906420736C6F742049442E0053746F7261E6
S2140447A0676520736C6F74206E756D6265721F008A
S2140447B0426F6F74732074686520696D6167652045
S2140447C0696E2074686520737065636966696564DC
S2140447D020736C6F742049442E00434C4920696E44
S2140447E07374616E6365206578616D706C650064D2
S2140447F0756D6D795F696E7374005A434C20636FF0
S2140448006D6D616E647300626173696300676C6FDB
S21404481062616C006D66672D636F64650075736511
S2140448202D6E6578742D73657175656E6365007895
S2140448302D64656661756C742D726573700074659D
S21404484073742D726573706F6E73652D6F6E00745E
S2140448506573742D726573706F6E73652D6F6666FF
S214044860005A434C20626173696320636C757374E9
S214044870657220636F6D6D616E6473007274666436
S21404488000436F6D6D616E64207468617420726598
S2140448907365747320616C6C2061747472696275DC
S2140448A074652076616C75657320746F2066616329
S2140448B0746F72792064656661756C742E0052415B
S2140448C0494C006C6F7765722D6D61632D7261695A
S2140448D06C2D3830322E31352E342E63006C6962DE
S2140448E07261696C2E6100756E636C61696D6564D6
S2140448F0006275666665722D6D616E6167656D65CD
S2140449006E742E63006576656E742D7175657565B7
S2140449102E63007A69676265652D75707065722D01
S2140449206D61632E63006E65696768626F722E63DD
S214044930006173736F63696174696F6E2E6300310F
S2140449403832317300313432323100313231003290
S2140449507300313232313132003132323131003289
S21404496038310038313100313832313100313231AA
S2140449703131323132323231730031323200313237
S2140449803131323231003131313100323238006D5A
S21404499061632D6D756C74692D6E6574776F726BBB
S2140449A02E63006C65676163792D7061636B657453
S2140449B02D6275666665722E6300000000000200B4
S2140449C00000000000000000BA040000000002001E
S2140449D00000000000000000BA040000000102030A
S2140449E00E312E312E322D6536343961633238005D
S2140449F0010000020303010006000000000003009B
S214044A000000000013B779FAC925DDB7ADF3CFE08F
S214044A10F1B614B80102000000000000FFFFFFFF1B
S214044A20010000000100000000000000000000007B
S214044A30000000000000000000000000000000006D
S214044A40000000000000000000000000000000005D
S214044A5000000000033F1F00F90D0300F50D0300DE
S214044A60D30D0300A10D0300310E0300030E030053
S214044A70A30D03002C000000020202030000000045
S214044A8001020000000801B42C4B04000008015A7F
S214044A90E84A040000080040A44A0400000000009D
S214044AA0000000000000FCFEFFFF00000000000005
S214044AB0FFFF000000000000FFFF000000000000F1
S214044AC0FFFF00000000000040001806F4D20000BB
S214044AD02C00B0023DBE00001700F2000C7C000063
S214044AE00C0041009E4200006400FCFEFFFF000034
S214044AF000000000FFFF0000000000005A00F3065C
S214044B00A554FEFF2100A301A1FEFFFF1100A6008D
S214044B10832700000A006100DC26000006003B0034
S214044B20F820000003001500AD130000C800FCFECA
S214044B30B4008B087BC0FBFF4D00E402E756FFFF82
S214044B402C00A20183EBFFFF1A000301B31A000036
S214044B501100A300552900000A005E005A28000030
S214044B6006003A0021220000040018007316000014
S214044B7024FF030066B2030066B2030066B20300B5
S214044B8066B2030066B2030066B2030066B20300B0
S214044B9066B2030066B2030066B2030066B20300A0
S214044BA066B2030066B2030066B2030066B2030090
S214044BB066B2030066B2030066B2030066B2030080
S214044BC066B2030066B2030066B2030066B2030070
S214044BD066B2030066B2030066B2030066B2030060
S214044BE074B2030066B2030089B2030066B203001F
S214044BF066B20300AEB2030066B2030066B20300F8
S214044C0066B2030066B20300D6B2030066B20300BF
S214044C1066B2030066B2030066B20300EEB2030097
S214044C2066B203000CB303000B0000000B00000088
S214044C300200000000002020000000000300000026
S214044C408C8C3C0000000000000000000000000007
S214044C50000000581200000000000000FFFFFFFFE5
S214044C60FFFFFFFFFFFFFFFF554E4B00474F20009F
S214044C7042544C00474F3200474F3300474F3400EE
S214044C80474F3500474F3600474F3700474F3800E9
S214044C90474F3900474F4100474F4200474F4300B4
S214044CA0474F4400474F4500474F46004A4D500083
S214044CB0424452005550520042544D004D534D004C
S214044CC046544C00554E4B00474F200042544C006F
S214044CD04241440046544C00465243004F5441005F
S214044CE044534C004241500055504700544D450033
S214044CF046415500545A4600554E4B0050494E0006
S214044D00454D3400554E4B0048562000554E4B003A
S214044D10455850004C574D00554E4B0052425400D7
S214044D2044534C00454D3400554E4B0041535400FB
S214044D30554E4B0056465900494E4800554E4B00BA
S214044D404C434B0058544C004F424600554E4B00C3
S214044D50485244004D454D004255530055534700B4
S214044D6044424700444D410056435400554E4B00C0
S214044D705550200052502000415030004150310020
S214044D80415020004450200044454300684C040031
S214044D906C4C0400C44C0400F84C0400044D04009D
S214044DA00C4D0400184D0400284D0400304D04003A
S214044DB03C4D04004C4D04006C4D0400554E4B0015
S214044DC04649420042544C0045585400505752003D
S214044DD05744470020535700435253004653480055
S214044DE042414400464C540042524F000104010321
S214044DF003060105010501090600060B0000070B62
S214044E00050B000000000000000000000400E40C95
S214044E100A0001041001000000050002000003005F
S214044E20A8500400A4500400905004008C500400C1
S214044E308850040084500400725004006250040039
S214044E404850040040500400365004003450040017
S214044E501C500400195004001150040000500400B3
S214044E60F04F0400DE4F0400C44F0400BC4F04009F
S214044E70B04F0400AC4F0400A84F04009A4F04003F
S214044E808F4F0400764F04005D4F0400014F04006A
S214044E90004F0400F04E0400C84E0400BD4E04004B
S214044EA0BC4E0400A84E04000000000000000000F1
S214044EB00000000000000000000000000F000000DA
S214044EC000000000000000000000000000000000D9
S214044ED000000000000000000000000000000000C9
S214044EE000000000000000000000000000000000B9
S214044EF001000000000000000000000000000000A8
S214044F000F00000000000000000000000000000089
S214044F100000000000000000000000000000000088
S214044F200000000000000000000000000000000078
S214044F300000000000000000000000000000000068
S214044F400000000000000000000000000000000058
S214044F500000000000000000000000000000000048
S214044F600000000000000000000000000000000038
S214044F700000000000000000000000000000000028
S214044F800000000000000000000000000000000018
S214044F900000000000000000000000000000000008
S214044FA000000000000000000000000000000000F8
S214044FB0FFFFFFFFFFFFFFFFFFFF000000000000F2
S214044FC000000000000000000000000000000000D8
S214044FD000000000000000000000000000000000C8
S214044FE000000000000000000000000000000000B8
S214044FF000000000000000000000000000000000A8
S2140450000000000000000000000000000000000097
S21404501000FFFFFFFFFFFFFFFF9C0000FF000000F4
S2140450200000000000000000000000000000000077
S214045030800000000000FFFFFFFFFFFFFFFFFFFFF1
S21404504000000000FFFF0000000000000000000059
S2140450500000000000000000000000000000000047
S2140450600000FFFFFF00000000000000000000003A
S2140450700000000000000000000000000000000027
S2140450800000000000000000000000000000000017
S2140450900000000000000000000000000000000007
S2140450A00000000000000000FC03010101010101F2
S2140450B001010101010101010100000000000001DD
S2140450C0002000000000000101000020020411047A
S2140450D0040211101A080A021801081110111A08FD
S2140450E00A04020D0B19195C0110280B01140000A8
S2140450F000000000000000000000000000010101A4
S2140451000101010001010101010101000001010189
S2140451100001000101000000000000000000000083
S2140451200000000000010000000000000000000075
S2140451300000000001FF010023E1010075E4010006
S21404514063E2010063E5010062E1010079EB01001E
S21404515064EE010024E1010025E1010026E10100DE
S21404516027E1010028E1010029E101002AE101000C
S2140451700000010080000100000101008001010020
S214045180000201008002010020E201000003010089
S2140451900005010080050100000601002C890100BD
S2140451A0800601000007010001E5010002E5010098
S2140451B0000801008008010000400100863210103B
S2140451C0FFFFFFFFFFFFFFFF9ABB0300A0BB030028
S2140451D0A6BB0300ACBB0300B2BB030056777777CD
S2140451E07777777777777777777777775A696742B6
S2140451F06565416C6C69616E636530395A696742EE
S2140452006565416C6C69616E636530394E574B2039
S2140452105374656572696E67000095969595950555
S21404522007090D0000000000000102030406000048
S21404523018D40300B3E70300CDE70300E4E7030054
S214045240F7E7030007E803001BE803002DE8030064
S2140452503DE8030059E803006EE803000208010D68
S2140452600D01010112010000FFFFFFFFFFFFFFFF1A
S2140452700000000000000000010905010002000013
S214045280000000031EF1EE0B98520400AFF4030076
S21404529024FF0300FE000000CBF40300F8530400D0
S2140452A000000000D5F40300E853040000000000EA
S2140452B0E2F40300D853040000000000EFF40300F7
S2140452C0C8530400000000000DF50300B4530400A6
S2140452D00000000005F50300A053040000000000D1
S2140452E00CF503008C530400000000001AF50300BC
S2140452F07C530400000000008CF303006853040091
S2140453000000000013F503005853040000000000DA
S2140453101FF503004453040000000000CBB903004B
S21404532034530400000000000000000000000000E9
S21404533000000000E725030030F503006DF50300C8
S214045340010100FFEDE9000096F50300DBF503001C
S214045350010100010107FF00A9E9000028F6030087
S21404536093F60300010100FFE9E80000B4F6030029
S214045370CDF6030000010100FF000000F92503003C
S214045380F2F603004AF703000101FF00E1250300DB
S21404539061F70300B8F7030001010207FF000000ED
S2140453A0DB25030061F70300B8F7030001010207D9
S2140453B0FF000000D525030061F70300B8F70300DB
S2140453C001010207FF0000009DE80000D9F7030072
S2140453D018F80300010101FF3DE8000037F8030058
S2140453E07CF80300010000FFF9E7000037F803002B
S2140453F07CF80300010000FF81E80000A3F8030026
S214045400A9F6030000FF0000CF250300F8F8030008
S214045410C4230400FF000000C92503006BF9030041
S214045420C4230400FF000000D9E70000DAF90300F3
S2140454304FFA030000FF0000B1E7000067FA03001C
S214045440C9FA030000FF0000BB250300DAFA0300D4
S21404545020FB030002FF000079E7000029FB03009D
S2140454609DFB030001FF0000000000009DFE0300FA
S21404547011000000A9FE030012000000B1FE0300A4
S21404548013000000B9FE030021000000C1FE030063
S21404549022000000C8FE030023000000CFFE030025
S2140454A0AA000000D6FE0300FF0000000000000073
S2140454B0FFFFFFFFFFFFFFFF0000000000000000EB
S2140454C0000001080109020A030B040C050D060E70
S2140454D0070F081001180119021A031B041C051DE6
S2140454E0061E071F08200121022203230424052583
S2140454F00626072708280129022A032B042C052D33
S214045500062E072F08300131023203380239043AD6
S21404551008E004E104E204E802E902EA04F008F11F
S2140455201000000000000000040500008C55040074
S21404553002000F00B455040002000F00DC550400FE
S21404554002000F000456040002000F002C5604004C
S21404555002000F005456040002000F007C5604009C
S21404556002000F00A456040002000F00CC560400EC
S21404557002000F00F456040002000F001C5704003B
S21404558002000F004457040002000F000000000051
S2140455906C570400030000004000000000000000F8
S2140455A0190000009057040004000F00800000005B
S2140455B000000000000000006C5704000300000018
S2140455C0400000000000000019000000905704008E
S2140455D004000F008000000000000000000000002F
S2140455E06C570400030000004000000000000000A8
S2140455F0190000009057040004000F00800000000B
S21404560000000000000000006C57040003000000C7
S214045610400000000000000019000000905704003D
S21404562004000F00800000000000000000000000DE
S2140456306C57040003000000400000000000000057
S214045640190000009057040004000F0080000000BA
S21404565000000000000000006C5704000300000077
S21404566040000000000000001900000090570400ED
S21404567004000F008000000000000000000000008E
S2140456806C57040003000000400000000000000007
S214045690190000009057040004000F00800000006A
S2140456A000000000000000006C5704000300000027
S2140456B0400000000000000019000000905704009D
S2140456C004000F008000000000000000000000003E
S2140456D06C570400030000004000000000000000B7
S2140456E0190000009057040004000F00800000001A
S2140456F000000000000000006C57040003000000D7
S214045700400000000000000019000000905704004C
S21404571004000F00800000000000000000000000ED
S2140457206C57040003000000400000000000000066
S214045730190000009057040004000F0080000000C9
S21404574000000000000000006C5704000300000086
S21404575040000000000000001900000090570400FC
S21404576004000F008000000000000000000020017C
S2140457702000000008000000040042213000000061
S2140457800458040000FF420030000000000000003F
S2140457900000F0084000000025580400010023041F
S2140457A0400000002D5804000600300140000000B0
S2140457B000000000FDFF2102400000000100000080
S2140457C0190000041900010119000204190003015C
S2140457D01900050419000601190007040400410015
S2140457E0550A010006004100EF2D03001900810050
S2140457F04527010019008400D13101000080000013
S2140458000000000006435553544F4D0000000000AE
S214045810000000000000000000000000000000007F
S2140458200000000000FFFFFFFFFFFFFFFFFFFFFF7A
S214045830FF0004010401040104010401040104013D
S21404584004010401040104010401FFFFFFFFFFFF3C
S214045850FFFFFFFFFFFFFFFFFFFFFFFFFFFFFFFF4F
S214045860FFFF000102030405060708090A0B1F1CB4
S2140458701F1E1F1E1F1F1E1F1E1F07021F012F0095
S21404588037013F005701DF02E700FF020000000077
S21404589000000000000000000000000000000000FF
S2140458A000000000000000000000000000000000EF
S2140458B03C0504001900000042050400FFFF000038
S2140458C0000000000D0604001806040024FF030070
S2140458D0200604002E06040024FF030041060400EC
S2140458E04C0604005A0604005E0604006E06040015
S2140458F020D503007E060400820604008D060400FC
S21404590097060400A1060400A5060400B3060400D6
S214045910C7060400DD060400008000000000000046
S2140459200000000000000000FFFFFFFFFF00000073
S21404593000000000A9B50100000000000000F03FD0
S2140459400000000000002440000000000000594051
S2140459500000000000408F40000000000088C340A4
S21404596000000000006AF8400000000080842E4119
S21404597000000000D01263410000000084D7974165
S2140459800000000065CDCD4199D80300F46F0400F3
S2140459900000000003100400E46F04000000000090
S2140459A008100400D46F040000000000091004006E
S2140459B0C46F0400000000001AF50300B06F040072
S2140459C0000000000DF503009C6F040000000000BA
S2140459D00E1004008C6F0400000000001410040075
S2140459E07C6F040000000000181004006C6F0400B4
S2140459F000000000271004005C6F04000000000094
S214045A00441004004C6F0400000000004D10040015
S214045A103C6F040000000000621004002C6F0400B9
S214045A20000000005BE603001C6F0400000000009A
S214045A3072100400DC6E04000000000078140400F9
S214045A40386604000000000025040400F86504001D
S214045A50000000007910040038650400000000000F
S214045A60821004003C640400000000008F10040050
S214045A70E45F040000000000AB060400BC5E040003
S214045A800000000096100400BC5E04000100000044
S214045A909A1004007C5E0400000000009F100400BE
S214045AA0405D04000000000058B30300405D04009D
S214045AB0010000008F100400E45F040000000000F2
S214045AC0A6100400E45F040001000000AB1004000C
S214045AD00C5D040000000000B51004000C5D04001A
S214045AE001000000BD1004003C5B04000000000040
S214045AF0D0BA0300085B04000000000000000000A9
S214045B000000000000000000185B0400C110040040
S214045B1024FF0300FE000000D9100400E066040021
S214045B20000000004D150400D066040000000000CC
S214045B300000000000000000000000004C5B0400B1
S214045B40DE10040024FF0300FE000000F41004002E
S214045B506068040000000000FA10040050680400A6
S214045B60000000000011040040680400000000006B
S214045B700911040030680400000000000AB803009D
S214045B80206804000000000014B60300E867040060
S214045B900000000022BF0300D467040000000000D9
S214045BA013110400C4670400000000000FBB0300C8
S214045BB0B46704000000000018110400A467040081
S214045BC0000000001F110400946704000000000099
S214045BD0BBC903008467040000000000241104000D
S214045BE0D85C0400000000002B110400805C040054
S214045BF000000000331104004C5C040000000000A8
S214045C003F110400185C04000000000000000000BF
S214045C100000000000000000285C04004A11040094
S214045C2024FF0300FE00000094CF03000067040076
S214045C3000000000F2F00300F0660400000000001C
S214045C400000000000000000000000005C5C04008F
S214045C506B11040024FF0300FE00000094CF030031
S214045C602067040000000000F2F003001067040040
S214045C70000000000000000000000000000000001B
S214045C80905C04008D11040024FF0300FE00000055
S214045C90AB11040070670400000000009C160400AA
S214045CA06067040000000000BA1104005067040096
S214045CB000000000BF11040040670400000000005C
S214045CC0C611040030670400000000000000000055
S214045CD00000000000000000E85C0400CB11040093
S214045CE024FF0300FE00000056CF03000C680400E7
S214045CF000000000E8110400F8670400000000003B
S214045D000000000000000000000000001C5D04000D
S214045D10F011040024FF0300FE0000000C1204002F
S214045D20A068040000000000AB06040090680400AD
S214045D30000000000000000000000000000000005A
S214045D40505D04001112040024FF0300FE0000004E
S214045D502A120400506904000000000017CC030057
S214045D604069040000000000331204003069040097
S214045D70000000000C12040080680400000000000C
S214045D803812040070680400000000004512040085
S214045D903C5E04000000000053120400085E040089
S214045DA00000000061120400C85D0400000000004A
S214045DB079100400386504000000000000000000AC
S214045DC00000000000000000D85D04006A12040011
S214045DD024FF0300FE0000004C4804002069040071
S214045DE0000000005D480400106904000000000084
S214045DF048E0030000690400000000000000000002
S214045E000000000000000000185E04008812040071
S214045E1024FF0300FE000000B212040070690400B0
S214045E200000000033010400606904000000000064
S214045E300000000000000000000000004C5E0400AB
S214045E40B912040024FF0300FE000000D0BA0300C9
S214045E50A469040000000000F2F003009469040042
S214045E60000000009C160400806904000000000086
S214045E700000000000000000000000008C5E04002B
S214045E80D912040024FF0300FE000000D0BA030069
S214045E90D469040000000000F9120400C469040078
S214045EA000000000F2F00300B469040000000000E3
S214045EB0000000000000000000000000CC5E0400AB
S214045EC00013040024FF0300FE0000001A1304005D
S214045ED0086B040000000000E2D00300F86A040027
S214045EE0000000004D130400E86A040000000000EF
S214045EF00AB80300D86A0400000000001BB80300B8
S214045F00C86A0400000000001F130400B86A0400F6
S214045F100000000037130400A86A04000000000014
S214045F2040130400986A04000000000047130400AD
S214045F30886A04000000000053130400586A040032
S214045F40000000009C160400486A040000000000DC
S214045F5062130400386A04000000000007E103002E
S214045F60286A04000000000067130400186A04008E
S214045F70000000007E130400086A0400000000000D
S214045F8092130400F469040000000000A213040045
S214045F90E469040000000000B1130400B05F0400CC
S214045FA000000000000000000000000000000000E8
S214045FB0C05F0400B613040024FF0300FE000000C4
S214045FC0CD130400786A040000000000D613040011
S214045FD0686A0400000000000000000000000000E2
S214045FE000000000F45F040024FF030024FF030005
S214045FF0FE000000DD1304007866040000000000C4
S214046000EA130400BC64040000000000F313040058
S214046010FC6304000000000006140400C8630400C7
S2140460200000000014140400946304000000000040
S214046030221404006063040000000000301404000E
S214046040C86204000000000041140400A0620400BA
S214046050000000004E14040000620400000000006B
S21404606059140400A8610400000000006C14040025
S2140460708061040000000000FEF303001C610400BD
S214046080000000007F140400DC6004000000000030
S2140460908A140400A8600400000000000000000049
S2140460A00000000000000000B86004009D14040016
S2140460B024FF0300FE000000C1140400286B040043
S2140460C000000000C7140400186B04000000000061
S2140460D0000000000000000000000000EC60040067
S2140460E0CB14040024FF0300FE00000004D10300C8
S2140460F0586B040000000000FD140400486B040004
S2140461000000000009150400386B040000000000BD
S2140461100000000000000000000000002C610400E5
S2140461201F15040024FF0300FE000000D0BA03007D
S214046130BC6B040000000000F2F00300AC6B04002B
S21404614000000000F8F003009C6B04000000000050
S21404615094CF0300886B0400000000003B15040085
S214046160786B04000000000052150400686B0400FD
S2140461700000000000000000000000000000000016
S214046180906104005E15040024FF0300FE00000076
S21404619083150400CC6B040000000000000000001F
S2140461A00000000000000000B86104008815040028
S2140461B024FF0300FE000000AC1504001C6C040061
S2140461C000000000F91204000C6C0400000000003B
S2140461D0B8150400FC6B040000000000BF150400A2
S2140461E0EC6B040000000000CC150400DC6B04001B
S2140461F00000000000000000000000000000000096
S21404620010620400D715040024FF0300FE000000FB
S21404621045140400CC6C040000000000F4150400CF
S214046220BC6C04000000000099D80300AC6C0400A9
S21404623000000000C7E703009C6C04000000000098
S214046240AC1304008C6C04000000000004D10300AE
S2140462507C6C040000000000FB1504006C6C040059
S21404626000000000061604005C6C04000000000039
S214046270131604004C6C04000000000023160400EF
S2140462803C6C040000000000361604002C6C04006D
S21404629000000000000000000000000000000000F5
S2140462A0B06204004816040024FF0300FE00000049
S2140462B099D80300DC6C0400000000000000000015
S2140462C00000000000000000D86204006616040007
S2140462D024FF0300FE00000004D103004C6D0400FC
S2140462E000000000C7E703003C6D04000000000047
S2140462F0AC1304002C6D0400000000008916040092
S2140463001C6D040000000000B511040020630400A6
S2140463100000000000000000000000000000000074
S21404632030630400A016040024FF0300FE000000EF
S2140463309C1604000C6D04000000000094CF0300BB
S214046340FC6C040000000000B6160400EC6C0400AC
S2140463500000000000000000000000000000000034
S21404636070630400BF16040024FF0300FE00000050
S214046370D0BA03006C6D040000000000F2F00300C5
S2140463805C6D040000000000000000000000000037
S21404639000000000A4630400DF16040024FF0300CA
S2140463A0FE000000FF1604008C6D040000000000D0
S2140463B0121704007C6D04000000000000000000BA
S2140463C00000000000000000D86304002817040042
S2140463D024FF0300FE00000048170400AC6D040010
S2140463E00000000017CC03009C6D040000000000B1
S2140463F00000000000000000000000000C64040020
S2140464005217040024FF0300FE00000004D103001A
S214046410DC6D04000000000077170400CC6D040057
S214046420000000008F170400BC6D0400000000008C
S2140464300000000000000000000000004C6404009F
S21404644024FF030024FF0300FE000000A01704003E
S2140464506464040000000000000000000000000067
S214046460000000007464040024FF030024FF0300FB
S214046470FE000000AC1704002C6E040000000000B0
S2140464809C0604001C6E040000000000B217040002
S2140464900C6E040000000000B6170400FC6D040037
S2140464A000000000BA170400EC6D040000000000B1
S2140464B0000000000000000000000000CC6404009F
S2140464C0CA17040024FF0300FE000000D0BA03002D
S2140464D0AC6E040000000000E51704009C6E040087
S2140464E000000000F81704008C6E04000000000092
S2140464F0F2F003007C6E040000000000051804009F
S2140465006C6E040000000000161804005C6E0400A4
S21404651000000000241804004C6E04000000000074
S214046520351804003C6E0400000000000000000063
S2140465300000000000000000486504004218040043
S21404654024FF0300FE0000005C180400D06804006A
S214046550000000008F180400C0680400000000005B
S214046560CA180400B068040000000000E118040023
S214046570C465040000000000EB18040090650400E5
S2140465800000000000000000000000000000000002
S214046590A0650400EF18040024FF0300FE000000BA
S2140465A04C480400F0680400000000005D48040045
S2140465B0E068040000000000000000000000000086
S2140465C000000000D46504000E19040024FF030034
S2140465D0FE0000002FCC0300CC6E04000000000078
S2140465E09C160400BC6E04000000000000000000BE
S2140465F000000000000000000866040021190400E2
S21404660024FF0300FE000000D0BA03000C6F040051
S21404661000000000B2120400FC6E0400000000003B
S21404662033010400EC6E04000000000000000000CB
S2140466300000000000000000486604003C19040046
S21404664024FF0300FE000000CC15040024700400A0
S2140466500000000004D103001470040000000000D1
S21404666099D8030004700400000000000000000035
S2140466700000000000000000886604005C190400A6
S21404668024FF0300FE0000007A190400747004005E
S2140466900000000084190400647004000000000078
S2140466A08F19040054700400000000001AF503005B
S2140466B044700400000000009E19040034700400B6
S2140466C000000000000000000000000000000000C1
S2140466D0AD250300A919040024FF0300FF000000F1
S2140466E0A9250300B619040024FF0300FF000000D8
S2140466F0EDEE0000C819040024FF0300FF000000AC
S21404670089EE0000F5190400BD21040001FF000015
S214046710EDEE0000351A040024FF0300FF0000001D
S21404672089EE0000631A0400BD21040001FF000086
S21404673021EF0000A41A0400C51A040000FF00009C
S21404674021EF0000CE1A04002B1B04000000FF00FB
S2140467509DEF0000391B0400521B0400010001FFDA
S21404676009F00000771B0400B91B04000102FF00B7
S2140467709DEF0000CF1B0400FE1B04000100010275
S214046780FF00000019ED00002F1C04006B1C040021
S21404679007FF000039ED0000711C0400A41C04006F
S2140467A001FF00004DED0000AC1C0400FC1C0400BE
S2140467B00100FF00A9ED0000111D0400621D040085
S2140467C00101FF007DED0000721D0400AC1D0400F5
S2140467D001FF0000FDED0000B41D0400FD1D0400D3
S2140467E0010000010707FF0039F000004F1E0400F7
S2140467F0A41C040001FF000039F10000971E0400E9
S214046800DB1E0400010700010700FF000B2603003F
S214046810301F0400761F04000107000101FF00007A
S214046820C1F00000B21F0400ED1F0400010000FFC9
S21404683091F000000B2004004F2004000100FF002C
S21404684061F00000622004004F2004000100FF00F5
S21404685009F10000A1200400AC1D040001FF0000A3
S21404686079F10000DC2004000D2104000100FF0083
S214046870A9DA000024FF03001B210400000707FF19
S2140468804DDA000024FF030034210400000707FF4C
S21404689059DF000024FF03004021040007FF000026
S2140468A059DF000024FF03004021040007FF000016
S2140468B05D25030024FF0300452104000000FF00BB
S2140468C035DF000024FF03002EF8030001FF00005C
S2140468D0FDDE000024FF03007D21040000FF00000D
S2140468E02DDA000024FF030024FF0300FF0000004D
S2140468F02DDA000024FF030024FF0300FF0000003D
S2140469003325030024FF030024FF0300FF000000D8
S2140469103325030024FF030024FF0300FF000000C8
S2140469203325030024FF030024FF0300FF000000B8
S214046930FDD9000024FF0300B32104000101FF0079
S214046940E9D9000024FF0300C821040001FF000069
S2140469502F25030024FF030024FF0300FF0000008C
S214046960B1D900009012040024FF0300FF000000C9
S214046970B1D90000D221040024FF0300FF00000068
S21404698031DB0000F32104000A22040000010000A9
S21404699007FF00002B2503003022040024FF030019
S2140469A0FF000000ADD800004A22040024FF0300C4
S2140469B0FF000000A52503007822040024FF03003E
S2140469C0FF0000009725030092220400142104000F
S2140469D000FF00002DE20000B722040024FF03009D
S2140469E0FF00000081D70000D122040024FF03002A
S2140469F0FF00000015D70000F422040071230400F1
S214046A0000000310FF000000F1D70000C6230400B6
S214046A103424040001FF0000C5D700004924040004
S214046A208C24040000FF0000D9D600009D24040036
S214046A3024FF0300FF00000029250300CC240400E3
S214046A4024FF0300FF000000B5D60000182504004C
S214046A501421040000FF000081D60000592604001B
S214046A60AE26040000FF000065D60000C826040019
S214046A7024FF0300FF00000049D60000D8260400C7
S214046A8024FF0300FF00000019250300EC26040081
S214046A906A27040000FF000019D60000F52704004A
S214046AA024FF0300FF000000D5D5000012280400D0
S214046AB03D28040007FF000095D500004728040081
S214046AC0A0280400000500FF4DD50000532904004B
S214046AD0662904000002FF0029D500009529040059
S214046AE024FF0300FF00000019250300A729040063
S214046AF0E129040000FF0000BDD40000672A04005A
S214046B00AD2A0400000301FFADD400004D2B0400A1
S214046B10932B0400000301FF49500100332C0400AA
S214046B2024FF0300FF000000B13103005B2C0400C7
S214046B30D62C040002FF000059F500002B2D04009B
S214046B40C423040000FF000025F50000532D0400B4
S214046B50C423040000FF0000D5F400006C2D0400DC
S214046B6024FF0300FF00000055420100852D0400A9
S214046B7024FF0300FF0000002D420100D22D040074
S214046B8024FF0300FF000000B9410100FD2D0400AE
S214046B90232E040000010100010102FF91410100BF
S214046BA0A22F0400CA2F040000FF00007141010058
S214046BB0F12F040024FF0300FF000000B940010089
S214046BC01B30040024FF0300FF0000008330030092
S214046BD03430040024FF0300FF0000008935010060
S214046BE05A3004008B3004000002FF00E52E030038
S214046BF0E830040024FF0300FF000000E12E030039
S214046C001531040024FF0300FF0000003D35010099
S214046C10303104005A31040000FF0000FD32010048
S214046C208A31040024FF0300FF000000791E0100DF
S214046C309D31040024FF0300FF000000611E0100D4
S214046C40B531040024FF0300FF0000005D2E03009E
S214046C50CE31040024FF0300FF000000492E030089
S214046C60FB3104007532040000FF00000932010005
S214046C70B432040024FF0300FF000000F9300100D2
S214046C802C33040024FF0300FF0000001D1D010038
S214046C907033040024FF0300FF000000011D010000
S214046CA08D33040024FF0300FF000000791D01005B
S214046CB03834040024FF0300FF0000006D1D0100AB
S214046CC0C63404000B35040000FF0000391D010023
S214046CD0423504009335040000FF0000651B0100E4
S214046CE0C635040024FF0300FF000000FD0F01006A
S214046CF0F23504005B3604000000FF00FD0F0100BF
S214046D00B0360400123704000000FF009D10010096
S214046D10573704008A3704000002FF00B72D03002B
S214046D20DF3704002D38040007FF0000D1110100EE
S214046D304938040024FF0300FF000000E50F0100AB
S214046D406D3804009238040000FF0000F1100100C2
S214046D50EB38040024FF0300FF000000B50901001F
S214046D602839040024FF0300FF0000007D09010009
S214046D705239040024FF0300FF0000008F2C030098
S214046D808D390400FC39040000FF0000D90201001C
S214046D904D3A0400CC3A040000FF0000812C0300A6
S214046DA0123B0400643B040000FF0000612C030057
S214046DB0AB3B0400F83B040000FF0000A1FB00000E
S214046DC0423C0400783C040003FF0000D9FB0000AA
S214046DD0B33C0400F93C040003FF000089FA0000F9
S214046DE04F3D040024FF0300FF000000ED2B0300CA
S214046DF07F3D0400BD3D040000FF0000E72B0300B8
S214046E00CD3D0400BD3D040000FF0000E12B03005F
S214046E10F43D0400BD3D040000FF0000DB2B03002E
S214046E201B3E0400BD3D040000FF0000D52B0300FC
S214046E30433E0400BD3D040000FF0000B12B0300E8
S214046E406C3E040024FF0300FF000000B72B030081
S214046E508E3E040024FF0300FF000000D9F7000064
S214046E60B63E0400EF3E04000001FF0005F80000F3
S214046E70103F040024FF0300FF000000B32B0300B0
S214046E803B3F040024FF0300FF000000C1F700009E
S214046E90563F040024FF0300FF0000007DF70000B7
S214046EA0713F04009E3F040000FF000065F70000E9
S214046EB0B93F040024FF0300FF000000ADDF00001C
S214046EC0E43F040024FF0300FF000000ADDF0000E1
S214046ED00B40040024FF0300FF0000009DD40000C4
S214046EE01C40040024FF0300FF00000069D40000D7
S214046EF0314004005840040000FF000069D400003C
S214046F00684004005840040000FF000001D400005C
S214046F108F40040024FF0300FF0000001125030037
S214046F20AA40040024FF0300FF0000005DD0000018
S214046F30CD4004003741040000FF00003DD00000AF
S214046F405A41040024FF0300FF00000025EC000063
S214046F50C04204004D430400010000FF09EB00009A
S214046F606A430400BE43040000FF00003DEB00003B
S214046F70D3430400254404000100FF00A9EA0000EE
S214046F803B440400284504000107FF0015250300C0
S214046F903845040024FF0300FF00000009E4000055
S214046FA0494504005B450400000101000007FF009A
S214046FB001E3000096450400A74504000001010013
S214046FC0FF0000003DEB0000F64504000746040001
S214046FD0010000FF79E20000F6450400394604008B
S214046FE000FF0000E98201004A46040024FF030073
S214046FF0FF00000091D000009646040024FF030022
S214047000FF0000000D52030024FF030024FF0300CA
S214047010FF000000B190010024FF030024FF0300DA
S214047020FF0000007590010024FF0300DB46040007
S21404703002FF000021980100E346040024FF030039
S214047040FF000000AD9701000F470400324704001C
S2140470500200FF008F5203005B47040024FF030076
S214047060FF000000899701007D4704009B47040049
S21404707002FF000061970100B04704009B4704002C
S21404708002FF000001000000104C00200000000079
S21404709000000000FFFF0000912B0300000000002A
S2140470A003000000FFFF01006F2C03000000000037
S2140470B004000000FFFF0100FD2C03000000000098
S2140470C004000000FFFF0000812D03000000000004
S2140470D006000000FFFF0000F32D03000000000080
S2140470E019000000FFFF0100892E0300B6170400F4
S2140470F034670020000000000000000000000000CC
S214047100000000000748040070710400000000003E
S2140471100D480400885204000000000014480400CF
S21404712058540400000000004D15040048540400A0
S214047130000000001D48040038540400000000004D
S2140471402F48040028540400000000003E480400B1
S21404715018540400000000004F48040008540400BB
S2140471600000000000000000000000000000000016
S214047170807104006148040024FF0300FE00000040
S2140471807C48040098710400000000000000000021
S2140471900000000000000000A1560300814804001F
S2140471A024FF0300FF03010001013F040201003F26
S2140471B0040202003D040202003D04010200010232
S2140471C00003010002023D04020100020202010063
S2140471D00202000000202020202020202020282832
S2140471E0282828202020202020202020202020207E
S2140471F020202020208810101010101010101010BE
S21404720010101010100404040404040404040410ED
S214047210101010101010414141414141010101017B
S2140472200101010101010101010101010101010145
S2140472301010101010104242424242420202020251
S2140472400202020202020202020202020202020215
S21404725010101010200000000000000000000000C5
S2140472600000000000000000000000000000000015
S2140472700000000000000000000000000000000005
S21404728000000000000000000000000000000000F5
S21404729000000000000000000000000000000000E5
S2140472A000000000000000000000000000000000D5
S2140472B000000000000000000000000000000000C5
S2140472C000000000000000000000000000000000B5
S2140472D0000000000000000000000000A001000004
S2140472E08013002000021000AC500020201500205F
S2140472F00000020800000000FFFFFFFFFFFFFFFF83
S214047300FFFFFFFF00000000000000000000000078
S2140473100000000000000000000000002000000044
S214047320F9C3010010000000D9C4010000000001E8
S214047330000001010001010120C001B800000000A6
S21404734000000000FFFFFFFFFFFFFFFFFFFFFFFF40
S214047350FFFFFFFFFFFFFFFFFFFFFFFFFFFFFFFF34
S214047360FFFFFFFF000102020303040506080C0CDE
S2140473700C00010203040707C8C8C8C8C8C8C8C8A0
S214047380C8C8C8C8030404080808080800B801B830
S21404739002B800B0788F0400608F04000304040869
S2140473A008050000000000000000000000000000C7
S2140473B000000000EA06000048704C0F44700E0EF1
S2140473C030707E1302989A173870340F34705A0F40
S2140473D0307048102C7048102870D0112470E811B2
S2140473E020703E0F1C70901218700C1314703A0F15
S2140473F0B110086001D80A7104B87F78020C7E7850
S214047400641000C6881F00A01DB8707803B018600A
S2140474100F3027B30F330111C04806987C0229B0F9
S214047420086001D8087109DD047109BB11101660E3
S214047430A048086004100112FF3221500860D048AA
S214047440086000880698381400C4441F00A000BAD8
S21404745003DF107109DF0672029836031DB85078F0
S21404746000A04413281441158110086002D8147132
S21404747010880698201900C014C000B80698861B09
S2140474800091069892020160B83020D806711EBC9E
S214047490637C784D5412F03240DE0472404804DBBC
S2140474A008720DDD0C72044BEF3014480698F20493
S2140474B000C4E04000544412086201322140087CB3
S2140474C0811140D91C72B1123032CF4A013AB1DA76
S2140474D0107208D8067104D80871804C237C567044
S2140474E0684C441200C4A41E00A04414413AF32479
S2140474F00164415C412A047580B800C460400054AD
S21404750081D8367140D90472237C084B0698F2045D
S21404751004BA1CB9767900C1204001B835797F21B8
S2140475206121007906B906A901D8067102981002ED
S214047530804C307C0298640208D86A7100C15440BA
S21404754000B8141110D95E71584C441280BDA26D57
S214047550FF25784C4412FC22513A2814104C00C2E1
S2140475600CC101B8241228140862281408622814CE
S21404757008622814304C304C00C11C4000B814116A
S2140475801814086100C5284001B85415FF35047165
S21404759010491814B04C441208620132067102985D
S2140475A00401804C08D80C7107BA24D8047106BAB2
S2140475B0187004D80C7101BA40D80E7102BA0A7059
S2140475C005BA20D8047203BA204C4411C04C1814CF
S2140475D0086118149111383111429111186110D9AB
S2140475E00472EF3200C1084001B8141110311E6154
S2140475F011422814A1110861181406986C1B18145B
S21404760000C1084001B814111861FF31181400C1F4
S214047610448001B8141118140861181430880248FC
S21404762006989403009308DB047101F800A027B0C1
S2140476300F3000A01088B111186180D90A7100C1FA
S214047640884000B80811009100A000C4684000B843
S214047650441000A000C08840005004118261041049
S21404766082601050F07200A05415504512710698AE
S21404767002050698920407B8707802B841781EBAD4
S2140476805B7A5C7A5D7A00C220C001B82412069840
S2140476902A1900C5481F00A05415511400C3FF0141
S2140476A00000313D09647F3406989C020158512835
S2140476B00475015841280E758111086102D90472B7
S2140476C0FF0FCC7007B8727800F8EBBD00C0441FFB
S2140476D000A00411113D10D91271FF33186300C1C4
S2140476E0781002B8381107B97479581000A00698B3
S2140476F092020D300472044809DC0472084800C182
S2140477001CC101B8141100C3D01E00A09115043585
S2140477101A7218131CBB08D804716C7B04D8047145
S2140477206A7B1DBB2F7C5B7B1670044B18131CBB3B
S21404773008D804716F7B04D804716D7B217C0C30EF
S214047740026006987E040698C40B00B8B11118614E
S21404775040D906720298580401BC00C2084001B819
S21404776000DC0A7124150265604A0A702C4A241546
S21404777008654C4A043508D90471202400C13C1F0E
S21404778000A0141200DC327120D8067101B80C7007
S214047790F0DA0C720CDB087102B8069886044824EA
S2140477A000C3384101B834138F7B0E7102B99113AC
S2140477B008DB047203B928707C4914111110FD30DB
S2140477C00DDC1C7200C0A01E00A0041080D810712E
S2140477D000C0448001B80410E5200475804900C345
S2140477E0884000B8FFB80120114108710141181300
S2140477F00824014200C1284000B8141101411C6548
S2140478005141911520351E6551411813281348130C
S21404781000C3844000B8341003D81671073005DC62
S2140478201071B1108F780A7200C384C40350217B90
S2140478301DB8507800B800C13C1F00A014121C608C
S2140478402150F0300152281100A04024076400C0E3
S214047850FFFF0100013C17B00220015840280675BE
S21404786018AC01EC00A0208800C020C001B80412A7
S21404787017B4211304123052F8711964402400C35B
S2140478805C1F00A0341014110698F60D19610092BE
S21404789011592129067600BB11590698D60D876220
S2140478A0313B0472215A412A00A000C2686000B825
S2140478B0B8B91F610D49181200A0308801B91161CA
S2140478C000C30000C0FF3110312800BC002D0C7529
S2140478D0115418AC01EC312DF47019645113415550
S2140478E0312C009300A000C3C00FFEFF50B2313A03
S2140478F0014250AA00A006983E07FFB08678087199
S2140479005CB86B786E7800C2548001B800C0D81F8B
S21404791000A004100812B822217A237A52B84178BB
S21404792001B80C6021A809B819604CA800C0FFD1A2
S214047930C1FF4FB2013A00C0002E300001424FAAE8
S21404794024B86E78ACB9FFB004D804714CB923A936
S2140479500698A80500C01390010006982E0500A0FE
S2140479600698020519B81460FFB28C620F32826A58
S214047970214006982E0549BC21B952B849B207DE03
S2140479802A7105DE0871627C607C1D0C617967785B
S21404799064786B786278657863786078617C010CCB
S2140479A0010C6878020C69786C78020C00C22C8092
S2140479B001B8277A287A267A6A78050C41790A0C5F
S2140479C0B11040D806710298BA06784A2B7A327AF1
S2140479D0584A247A00C400011100404A00C01084AA
S2140479E000000812508800C584100100FBAD10BDCD
S2140479F001BB8A6B21B9FAA9C44A1812217A227AE1
S214047A0000C0341F00A00410FCA88264411030306B
S214047A100129F9A9F8ADFBB08260FBA80330A06584
S214047A202110044820EC237A0410037A184A2411FF
S214047A30DC4A01580029241004753150F8B111505D
S214047A4081632A71514031400812FCB18461FCA95B
S214047A500F310E7117B0112817B111591028FA7684
S214047A60C44AF9B11812217A227AA0700095081235
S214047A70F8A800C20C8001B8207A844A00B808121C
S214047A80020CA44A087A020C21B84178784A0B7A88
S214047A90127A00C2C81F00A0FFB008D80472184AA1
S214047AA0241000DC0A7140A80422241041A8069879
S214047AB09C0200C2481F00A02410015100C4FF010C
S214047AC0000041391150081200A006983E0700BC79
S214047AD000C20C8001B8217A52B84978020C487862
S214047AE0020C49B8417852AC21AC204A087A067A8E
S214047AF0077A49AC00A059B840785AB101D9FC724B
S214047B00427857B8407858B101D9FC72427800A040
S214047B1000C20C8001B8217A227A21B8547852B86F
S214047B20BC4A24119979127107B915614CA9617878
S214047B3000BB03BC0C64147009B919614CA94178E4
S214047B4001BB126300C4002E300000C0FFD1C1FF89
S214047B504FB1013941414FA9E44AC8B8081224ABD1
S214047B604CB823A80698A80500C004900100FFB1ED
S214047B7086790471084806982E0500C080090040DE
S214047B8040A809B8FFB108D9047103B853A8B110C6
S214047B9004D80C7156BB607B57BA627A607A02D8F6
S214047BA00C7156BB607B59BA627A607A04B86E78F8
S214047BB03DB8607800C05638000000C1B08001B8F7
S214047BC014119979087200C0D604000000C124C0BC
S214047BD000B814119F79047208484CA82EB8FFB157
S214047BE008D906714AA804704BA80FB834A800C078
S214047BF00C5E000046B2014246AA00C12C4001B801
S214047C00141108610631087100B9069850110698D7
S214047C103E14B11101D90E710698921B02D9067250
S214047C200698A00C069838145114069892040698E0
S214047C302A110698641700A006984E1701D80A71F0
S214047C401CB85B7807B8757800B84CA84AA84BA847
S214047C5000C0F321FFFF46B1013946A904B86F7886
S214047C6000A0FABC1964415C512C00C0581F00A047
S214047C700410012C0675069892040698780FB11025
S214047C80186005D8327140BA06980E1404B86578A0
S214047C90911004D816711CB86E7800C0684000B8FD
S214047CA021780698781101400A721DB84278069821
S214047CB04A1402985E0B1DB8717804B86C7841B803
S214047CC0427863784478FFB104D906720298CA09E8
S214047CD000C004900100FFB1867904710848069834
S214047CE02E0500C32C1F00A000C274C000B82414C4
S214047CF0481300BC48121C4B1C4A2414481300BCEE
S214047D004812084B584A2414481301BC48124ABA6D
S214047D10447A427A4BBA447A427AFFB0867804723E
S214047D20617A4CBA647A657A3DBA607A4DB942B8DB
S214047D303FBB5B7966796179020C6479050C6379DB
S214047D406079050C627965795A7900C2340102B803
S214047D50241305B819603140081242B86A78020C38
S214047D604A78020C40BCFFB208DA06714ABA0670BA
S214047D704BBA627A657A677A667A6A79667B02981B
S214047D80A40A00C32C1F00A000C274C000B82414A8
S214047D9048131C4B1C4A241448133FBC48121C4A64
S214047DA000BC4812084B444A2414481301BC481229
S214047DB04ABA647A627A4BBA647A627AFFB3867B8A
S214047DC00472617A4CBA647A657A3DBA607A01D9EB
S214047DD04E71647800C1708001B800C0800008004D
S214047DE008110698860B42B861784DB97F797E797A
S214047DF06A7868786278020C7B790F0C7A79140CAE
S214047E007479417860787579050CFFB208DA0671E2
S214047E104AB804704BB8657801BC1664407002D941
S214047E203C710698860B42B84DB96878407841781C
S214047E307F797E797B790F0C7A79140CFFB208DA95
S214047E40087171794ABA067070794BBA7279657A94
S214047E506A78020C4A78050C01BC1664020C417957
S214047E6040790C0C00C04C0102B848100698F20485
S214047E7000C4784000B8007C00C0A01E00A0041116
S214047E8080D93271911104D92C727F2021200411DB
S214047E90FD310DDD207200C0448001B80411E521D7
S214047EA0147600C0244001B804118A790871207C35
S214047EB0104C207C2AB86278511400C0581F00A0C9
S214047EC00410012C17B001118768015841280E765A
S214047ED005218769415C412D112D06700698920490
S214047EE042B84DBB7C7B6478020C29B86878511480
S214047EF0404406750698920442B844782AB84278F4
S214047F00FFB101D90C7100C1548001B8CBB8081177
S214047F10911004D8147100C0A01E00A0041080D8CC
S214047F20067107B8537800F807B800C1CC1E00A045
S214047F3000C220C001B824122811777800F8B110C6
S214047F409478387106989C02E4B91159112806767B
S214047F5000B80C70A0B9115901290475A0B8826044
S214047F6000C3C01F00A03413012B341000C3FFFF4E
S214047F7000FF42B13139114042A800A01DB09178EB
S214047F80FA7142B86478020C00BA29AA00C4548074
S214047F9001B842B84DB900C3C04001B83413977B4A
S214047FA0047240EC020C44785C7953AA0A0C281438
S214047FB042B84DB9FFB301DB2671244C00C3FF0F52
S214047FC0FF0138145479407841785579020C5B796E
S214047FD05A79140C5F795E794A784278347002DBF9
S214047FE01471527951795079020C5B795A795F7918
S214047FF05E791E7004DB1A7100C4FF07000000C31C
S214048000342102B848133FBB467B020C5B795A798D
S2140480103DBB407B4CBB447B457B00C3301F00A06C
S2140480203414403C207100C068C000B848102813BF
S2140480301C4B1C48341448102813144B444834145E
S214048040481028134AAA4BAA04B86D781DB851786C
S2140480505CB84B784E7800A000C074C000B8041119
S214048060108800B9181068480411108801B90B610B
S21404807018102C4804111088008800C1231C000026
S21404808018104AB864784BB86478260C28B000C137
S214048090FFFF0FF0113871B90B61114028A828B9F9
S2140480A07379747900C21010303045AA54790E0CD6
S2140480B000C0E84001B8041100C23030101045AAD0
S2140480C00E0C0410008810880698620D009100902B
S2140480D020888F618F600698620D0090886A214020
S2140480E00112906A035800C13F3F00001138FFBCDC
S2140480F0022441281138014245AA28B953794AB8BE
S21404810044784BB8447800900091181000912C489D
S214048110181000916848181000A09168436091698F
S2140481204361115B012B112841603128315B00BA91
S214048130302806763128204A4163302806763128CE
S214048140104A4163302806763128084A41633028AD
S21404815006763128044A4163302806763128024AD6
S214048160416330280476014A00A0115910D90671DB
S2140481700860086008D90471086004D904710460B2
S21404818002D90471026001D90471016000A000BA2A
S21404819001D806710148112A1F61016001D8F672E0
S2140481A00138F67200A000C220C001B8241211598A
S2140481B02129127300210E7100C238C001B824129E
S2140481C00121212900A002B020D8147100C0B01EDD
S2140481D000A0041002B9457906987613EA7003B035
S2140481E09F78087200B806A800F806983E0700C5EF
S2140481F0641F00A05088044D1CBC00C0B41E00A020
S214048200811101D91E71407C009501150C4D5088D2
S214048210044DFFBB1863315B04110698EE0D31293B
S214048220F8750698681A54150698921B01D90872B0
S2140482300698580706700698F4071CBB547B0698E5
S2140482404E1701D8067202981A0FFFB9012110388A
S214048250F67281129B7AF07100C2448001B824142D
S21404826000C0C01E00A004100113002004104050DB
S2140482700C7200B90698280F18B90A7018B906982F
S214048280280F00B900B806981E0F704A08B806985A
S2140482901E0F00C2284000B814B806981E0F00C26D
S2140482A0EC4001B80CB806981E0F202210B80698A9
S2140482B01E0F108830880698580700930091069879
S2140482C0280F00C0C41E00A00412FFB901212141DA
S2140482D01810009500F8312811280410081200A080
S2140482E004B831281128F8B1181000A006988008A0
S2140482F00E700698C40B06988008069872120698A4
S21404830012079112211900C02C4001B80A78097886
S21404831000F810B901BA0698041406982A110698AB
S214048320641700C5641F00A081109D78FC7200F8D5
S214048330911203321CB900C3A01E00A0341300C45B
S214048340B04000541DB84278707903DE0671447854
S2140483503A707179A11020D806710298541080DB07
S2140483601C7102D8187205B80814A11010300248FF
S214048370081400B808149110086008141DB8627830
S214048380A11000DC0676517900BA06984E1701D87B
S2140483902272911120311D61911004D80E7200C111
S2140483A0501F00A0141101D90A7120880698501194
S2140483B0009200C1204000B801DB1871084C03DEAF
S2140483C00471904C441400C3FF1F0000413BFF237C
S2140483D03811944900C3384101B83413086380DB6C
S2140483E00C7103BA186206983C1008701862069856
S2140483F03C100C490879097914102140081100A092
S21404840000BD0698760210B903DC047100B901BAFF
S2140484100698041402D9067100404E7203B118611E
S2140484200F3106987811FFD82872811008D8187171
S21404843006DD0A710698760203DC0C720698BC11F7
S21404844006984A140C7006DD10710698C21148701E
S21404845020B804A806DD107206988008069812074D
S21404846001F840B804A800F800C0A01E00A0041339
S214048470086301DB227191100111186111381DB9CE
S21404848010D8087144790298541002DBFA72A113CA
S21404849028DBF47203BD06981E11069880081DBAE0
S2140484A07F7A0698F20400C5681F00A00698760234
S2140484B000BA03DC1672044DA11002D804711C4DD8
S2140484C000C10CC101B80698AE045415212D0698B7
S2140484D03E050298AA08911001550335515001191A
S2140484E000A000C14C1F00A0141001D8427101481E
S2140484F00860FE200E75811020D8087100C1501F38
S21404850000A0141101D9287100C02C4001B804122F
S214048510215108610F3118611152281000C008401B
S21404852001B804119112215120311152211900A0D1
S214048530811380DB067201B800A000C314C001B822
S214048540341006302E726C4B34121C4B34101860E8
S21404855002302072811080D8DE713410014A08621D
S2140485600460803021508C480A717F234D233410D8
S214048570013000A000BD06981E111CB84778457847
S214048580437802B8447800A0069880080698BC1180
S21404859000C5741F00A0541506983E050298AA0844
S2140485A0B1138F7B0A7200C384C40350017B069800
S2140485B03E1400C1384101B814118F790E7100C100
S2140485C0B84000B800BA06983C1050BA06980E1484
S2140485D006987811FFD84A71911004D84872811011
S2140485E008601CD8407220D938721112FF3221510B
S2140485F0347180218021111400C0D81E00A00413F9
S214048600FFBA3151113A215111531DB938107B79F3
S21404861040440E7200B900C2AC1E00A018120670C8
S21404862004B860780698381400F800B900C2A4406C
S21404863000541812644A0AB918121CBA507A517AAD
S2140486401DB942795F7900A00698760207DC10729D
S214048650911000200A75069872120298660F069802
S214048660120701B9911004D8047100B910BA06981B
S214048670041400BA0040347100C0A01E00A0041107
S214048680086101D9127104D9E2728110086001D818
S214048690DA711DB8647800C11CC101B80698AE042E
S2140486A001B81160002A047600BA00C5781F00A03D
S2140486B05415212D069872120698580700C57C1F7B
S2140486C000A000F800BC811108D9167280D9207267
S2140486D001B910BA0698041400400E7101BC10705B
S2140486E00698BC1106984A1420B804A800F8069800
S2140486F0721281110231127100B900C21440005482
S2140487001812244A02B918120698BC1100C5801F14
S21404871000A054150698F01A0298AA08041101211C
S21404872014711CBA737A042004122811042004114C
S2140487300121F47200A00698F20401F806984E1778
S21404874001D81671FFB9012110380E7281109B787A
S214048750087104B9677900F8911010D8287100C51B
S2140487601CC101B854110698EE0D00C5C81E00A021
S21404877054155129EA7507B876781DB8447801B8B7
S21404878004A800F8B110186010D82E7100C050402C
S214048790005400C3084000B83114984C44113411F6
S2140487A0086101D9FA714412281008622810086278
S2140487B0281008622810E8700298B0020698920200
S2140487C0113804721E6202BB00C1D81E00A0141128
S2140487D020390C72911210DA0672417B00A00698BA
S2140487E03E1400C2A01E00A0241220DA0472617B8C
S2140487F01CBA527A00A01CBA727A811204DAFC728D
S21404880000A01CB86B7800C0684000B82F7800A0A1
S21404881006984E1701D83A7100C22C4001B82410AD
S2140488200360911120310151383111501D60081236
S2140488301DB9457900C2448001B8241200C0C01E88
S21404884000A004101820002004102050047165793C
S21404885010631EB9637900B902EC00CD114502EC31
S21404886000CC01DB087100BB0298D61803B841118E
S2140488700731FA211C760621911210DA087102DDFE
S21404888010721E7020B80698B20D3038147208B8EC
S21404889006987E0400C02C4000B82978207800F89A
S2140488A0056020D8067102980C1602EC00CA05B8BA
S2140488B023DA187104DBDA7120DAD67110DAD27290
S2140488C01EB8617800B801DA067202EC00C891118D
S2140488D010D9267100C1B81E00A014111150FF3023
S2140488E00C720761A110115002300A7180DB0A7203
S2140488F00AB89E701DB97C79186091111140211137
S214048900C031114001191EB8411108D904716678A6
S21404891020D904726578A11002D80672C0DA1E71D6
S2140489201EB8273123DD087210DB1072607825DD4F
S2140489300A7121DD087208DB0471627803B84111FC
S21404894007310872A1152035AA7102DD2072A11123
S21404895020D9A07102D91672CCDA9872411140D986
S214048960927206B8054D5A720298AE142111404907
S214048970C0D94C71A031411540350265514104619E
S214048980086308DA1E7204DA36721049A115023535
S214048990067110DB0E7201340A7108DB22711EB8F0
S2140489A06778CC3211101A300ADC0872CCDE0471F7
S2140489B0FD3100C00D0F0C0D216001D85C7207B8A4
S2140489C00298D81400BA411108D90C7102EC00CAF6
S2140489D005B830DAEC720734F031036101DA047159
S2140489E0014900C0F300A3E3216001D8D27100C09E
S2140489F09814406821604030014440DA0471204CE9
S214048A0004320262204A111006301F6001421831F7
S214048A101D6111420298F614204A00C0051708503A
S214048A202160113001422088FFBB0DDA507100C16D
S214048A30DE1B250180BC04DA107208DA0A7200C153
S214048A4020841000E024A02408634143026401DA71
S214048A5006711E49024B00C0201F00A00863381090
S214048A60BC2002DA127101B91159A11380DB087116
S214048A7000C100FCFF0118100298621800C4A01E72
S214048A8000A0441080D87C710092D0DA06710DDA0A
S214048A900C711EBD437DEFBD0698140304620DDA07
S214048AA08672A11105D95C7100C24040005424129C
S214048AB01424281401D9067202D9327140D91E71C1
S214048AC002EC00CA211018320471FA2220D804726B
S214048AD00822FE22087502EC00C8F87001D90E714F
S214048AE002EC00C802D9067204DC187200C0A01E8C
S214048AF000A004101D6001D806711EB8647807B87B
S214048B0073780298D61800C0A01E00A00410803007
S214048B100A7100C0C41E00A0041000A006984E17D8
S214048B2001D82E71911010D828728110A0D8227204
S214048B3003B084781C7200C12C4001B814100DBA1E
S214048B40487A697A6B7A08111CB87B7807B8757806
S214048B5000A0641000C6881F00A0C3B806987C0254
S214048B6000C4441F00A014BA281400B8011AB11097
S214048B708F780A7200C084C40350017891101030B4
S214048B80011905BA06980E1402D9067101B804A88C
S214048B9000C0A01E00A004130698641180DB0671B2
S214048BA0029858141DBA7C7A01DB6A7100C2241F2D
S214048BB000A024111114FF3402EC00C8FF24FA7636
S214048BC008610698C20D046111380F30046111144F
S214048BD0011141100698C20D01D8087203B8029814
S214048BE0D8140C4A01DB227124101128112804120F
S214048BF002300471106200C0FFFF0000213800C27A
S214048C00204000B8FF200812411008600698C20DE4
S214048C1001D87C7120BC1033767100BB00C1201FC4
S214048C2000A01415C021112C511218620F320E71B7
S214048C30408851140698FA18414300945112086566
S214048C401C620F320E71411151140698FA181C64F6
S214048C5041430865513B00C1DC1E00A014111112EB
S214048C6031100F30127100BA056101D80471114237
S214048C7001600FD8F472311003601E30047201B81C
S214048C80003A087204B80298D8140298C41600C0B1
S214048C90384101B804118F7914717F2069200411BA
S214048CA00861303110DD06711DBA637A0698120326
S214048CB000F830885088FF34087102ECFF24F870FE
S214048CC002EC00CD1410595001440421FF22F27224
S214048CD00F4C0095009300A000C1A81E00A014111C
S214048CE000A030880698421B8111086102D90672DA
S214048CF00298061A1CBB557B086120D90671029897
S214048D00F6190088A1101860069820190821141571
S214048D10FC251EBB5C7B5D7B00C1084001B81411BA
S214048D200731FE21307608D82A725113FC233413F7
S214048D3004DB20711863FF33315B00C110C000B838
S214048D401411086180490C71FF31302954751EBB1B
S214048D507B7B10707B7B7C7B00DD04717D7B01BBA1
S214048D603815EC25541300DF5471042505DF5471BF
S214048D705415211120880698EE0D009251293E754F
S214048D8000C1084001B8141102DB0C710731315BD5
S214048D9031292A760C7004DF0872016180D91E72AC
S214048DA00698201900C010C000B80698861B0698BE
S214048DB020191411FFD9607202984C1A009000937F
S214048DC000A05415A111186110D9A672082508D858
S214048DD0A071082510D89A71208821110698EE0DE6
S214048DE0FC255412112AF82554110C2520D8087194
S214048DF0F0255411102520290476215918150092BF
S214048E000298B81907B97179811010D80A711CB87C
S214048E10447802B841781CB9747904B9677900F8C3
S214048E208110A0D808711CB9497900A0086002D83E
S214048E30FA7106982019108806983E14106210DA03
S214048E40087108211415F025541100C20020FEFFF5
S214048E50202912750698921B01D90A720698800872
S214048E600698120700941CBB41100C200698641345
S214048E704111082114100698641331284411111264
S214048E800861FF31FF320122105210721861181463
S214048E9004244413042438140C7018612141181453
S214048EA008240814029838144044147100C1AC1EF7
S214048EB000A0141551131C630FDB0C721965069879
S214048EC00205411500A000C3784000B83413807B27
S214048ED006720698120706983E1408BB51140698A4
S214048EE0B01A4415FC25541500C3784000B8341352
S214048EF0807B047100A002983E051CB900C3A01E26
S214048F0000A03413086308DB1A718113A0DB067112
S214048F10497910706979086302DB087204B96779C5
S214048F2000F800A08111086102D910711CB9757986
S214048F30069820191411FF3100A0FFB900A00410F0
S214048F4008211411F421081100A0811110611031B8
S214048F500E710698201908211411F821141100A086
S214048F60B891040000000000908F04000100000087
S214048F700000000000F04902B89104000000000060
S214048F80B48F0400010000000000000000F0490255
S214048F90D88F04004063598F404B4C000B000B00E5
S214048FA01A00FF7FC8670020000000005A940400DF
S214048FB000000000C89004004063598F404B4C00EA
S214048FC00B000B001A00FF7FC8670020000000009B
S214048FD05894040000000000FC1F0103B89304002A
S214048FE01CC0011000F807001CC001301402080061
S214048FF050C0010087413004244006010700620087
S2140490003870000000000000000000030068010F34
S21404901040B8244058400101FC0069008040050126
S2140490202363E0119BC34A74F0030000038000002E
S214049030BE0A0000E040010133000000F0400401D5
S214049040590B0000640483078813C83A90200A006A
S21404905028410101001E00003C410B0100148C0055
S214049060141A21282E343B42495043557698BA0C9C
S21404907028690000010000000721286414171A005C
S2140490802004C869A1203A093C42010129000000D5
S214049090A080020170780300D5C00000A8800111EA
S2140490A0F0010000A88001310542CB01AC8001111B
S2140490B0F0010000AC80013105228D00B080010172
S2140490C000030002FFFFFFFFFC1F010308940400D7
S2140490D01CC0011000F807001CC00130F50208008F
S2140490E050C001008741300C2440060107C05200DE
S2140490F00000000000000000000000030000000064
S21404910000000000584001016402FF008040050191
S2140491104B01A0089BC34A74F00300000000000043
S21404912000000000E040010133000000F0400401AC
S21404913000000000640483078813C83A9C200A00D1
S21404914028410101031000003C410B01000000000F
S2140491500000000000000000000000000000000006
S21404916000000000010000000000000000000000F5
S21404917000000000000000003C4201010000000066
S214049180A080020170780300D5C00000A8800111F9
S214049190F0010000A88001310542CB01AC8001112A
S2140491A0F0010000AC80013105228D00B080010181
S2140491B000030002FFFFFFFF0C40020001801400C2
S2140491C07F40000020400200000000000000000075
S2140491D0304007000000000000000000000000000F
S2140491E0000000000000000000000000A0070000CF
S2140491F050400100000000005C4002000000000037
S21404920000000000A840010007000000B44004006D
S21404921000400000FF4C000000410000FF4D00002D
S21404922008C001000000000020C00110FF0000007C
S21404923020C001300043000024C00400EC80B303C7
S2140492404375A802000000002E02000054C003006C
S2140492500E2D09E654060708D1B6020064C00800BD
S2140492600430000040201006C8F248181FE8F60034
S214049270BD4B721511A3180510325476980A0000D7
S21404928088C0010000000000080001010407000077
S21404929018000101000000002000010108840000FD
S2140492A01C4002011000000020F913045C40050174
S2140492B04108000001000000B0070800A7000000F5
S2140492C000000000944007010101103050707F7FB9
S2140492D00000000000000000000000000000000085
S2140492E000000000E440010100000000EC40010121
S2140492F07DA8D98B0041020100612000B7563512C3
S2140493000C410301F95412002030042988BB4000A4
S2140493102441010100000000304103016406660C8C
S2140493200C010000E853FA00684103016404830753
S2140493308813820000000000304203010000000091
S2140493400000000E0000000044420101000000007E
S214049350108001010300000038800201114910004A
S2140493600100000088800101000000009C800101CB
S214049370EB400200B48001013700000188000202BD
S214049380000C00044C0000009400010200040000DD
S214049390D00002020E00000090029608E4000102CB
S2140493A03D094204F4000102000000001801010215
S2140493B060005102FFFFFFFF1200000066666600B1
S2140493C0000000006C9404005C940400000000009C
S2140493D0001A9A00005A620280841E000420FE00CE
S2140493E011495002000000000000000000000000C8
S2140493F00000000000000000B1841E000000000011
S214049400000000000000000012000000666666000F
S214049410000000006C9404005C940400000C00003F
S214049420001A9A00005A620280841E00042000007B
S2140494301149500200000000000000000000000077
S2140494400000000000000000B1841E0000000000C0
S214049450000000000000000005040000E119000000
S214049460E11900000000000000000000193F01069A
S2140494700410010000010106001027000009000086
S21404948000000000000000003DCD0100EDCC01000E
S214049490F9CC0100E9CD01005B5C0300F561030033
S2140494A0F9610300FD610300016203000562030025
S2140494B00001030464EE01001000000024E1010032
S2140494C01A00000079EB01001100000075E40100A9
S2140494D01100000063E511000400000023E1110000
S2140494E00400000025E101000800000026E1010058
S2140494F00A00000027E1010002000000000000004E
S21404950000000000659604005F960400000000005A
S2140495106696040023590400000000001D59040048
S2140495201F59040000000000215904003D96040061
S2140495306B960400245904001E5904000000000021
S21404954022590400589504001B5904001C590400B1
S214049550205904001A590400000203040508090AE5
S2140495600B0001020304051D2000B40108020200DA
S214049570AA00FFFFFFFFFFFFFFFFFFFF637F03005D
S214049580552A0200D155020021F30200E1580200D8
S214049590C9680300CB680300CD680300CF680300E6
S2140495A0E1B902007D920200C1D30200CDEC0200B4
S2140495B0F1460200C36803001D950200C568030057
S2140495C0F53A0200C7680300C3510300E93F0200EE
S2140495D0392703000000000000130000000000000C
S2140495E00000000001000000A9980200020000002C
S2140495F0C179030003000000019802000400000083
S2140496003B79030005000000A1970200000000005B
S214049610000000000023001B2200FF0000000000E2
S2140496200C090202000000001C1A0B0303FF0608C4
S2140496300402020204020A0B030302030480FF026C
S21404964004FF010101010800000000000000005AA8
S2140496506967426565416C6C69616E636530398023
S210049660008F8E8C80808006080C108022
S20C04966C70B6FB7F010000004C
S21004967480960400B8630020CA010000C1
S2140496800000000000000000FFFF000001000000D2
S21404969000000000000000000000000000000000C1
S2140496A000000000000000000000000000000000B1
S2140496B000000000000000000000000000000000A1
S2140496C00000000000000000000000000000000091
S2140496D00000000000000000000000000000000081
S2140496E00000000000000000000000000000000071
S2140496F00000000000000000000000000000000061
S2140497000000000000000000000000000000000050
S2140497100000000000000000000000000000000040
S2140497200000000000000000000000000000000030
S2140497300000000000000000000000000000000020
S2140497400000000000000000000000000000000010
S2140497500000000000000000000000000000000000
S21404976000000000000000000000000000000000F0
S21404977000000000000000000000000000000000E0
S2140497800000000000000000000100000000F001DE
S2140497900800000008100020010023010400000057
S2140497A010100020060030010100000014100020F4
S2140497B0FFFFFFFFC0EA2101C0EA2101008000008C
S2140497C000F049020065002000600B0000800000E5
S2140497D000350020C8000000FE0000000000000065
S2140497E0584A040018100020FFFFFFFF0C4E040028
S2140497F033000000A5F30000330000007B2B0300B9
S2140498009FC60300A3C60300B0C60300BDC603007C
S214049810CAC60300D7C60300EAC60300FCC6030094
S21404982009C7030016C7030023C7030038C703008D
S2140498304BC703005DC7030072C7030081C703005C
S21404984092C70300A1C70300B1C70300BDC7030046
S214049850CAC70300DAC70300ECC70300FBC703004C
S2140498600AC8030013C8030028C803003DC8030041
S21404987052C8030072C8030080C803009FC80300D0
S214049880BAC80300CDC80300DAC80300EFC8030053
S214049890FEC803000DC903001FC9030031C9030035
S2140498A044C9030057C903006DC903000000000043
S2140498B00F000000A4CB0300BBCB0300FF00000096
S2140498C0000000000000000000000000000000008F
S2140498D00000000000000000000000000030E70464
S2140498E000C8180318D403001DD403004AD4030088
S2140498F075D40300A3D40300D1D4030000D5030019
S2140499002DD503005DD503008DD50300DDD50300FA
S214049910FFFFFFFF00F80300FFFFFFFF0000040047
S21404992000000400005C26056466002006000000B3
S2140499308C70040000000000010019000100000003
S214049940E84000200100190001000000E840002063
S2140499500100190001000000E84000200100190081
S21404996001000000E840002001001900010000008A
S214049970E84000200100190001000000E840002033
S2140499800100190001000000E84000200100190051
S21404999001000000E840002001001900010000005A
S2140499A0E84000200100190001000000E840002003
S2140499B00100190001000000E84000200100190021
S2140499C001000000E8400020F444002000000000ED
S2140499D00000000088590400104C0020186700207E
S2140499E0D04E0020EF4704000600000000000000F0
S2140499F00000000000000000EC7004000471040085
S214049A00FA47040024FF0300FE0000004867002015
S214049A1000000000E04E0020484F0020B04F002019
S214049A20000000000000000000000000000000002D
S214049A30000000000000000000000000000000001D
S214049A40000000000000000000000000000000000D
S214049A50000000000000000000000000ED570300B6
S214049A60D8720400FFFFFFFF315B03002D5B030089
S214049A70FFFFFFFF355B0300FFFFFFFF69F80100F0
S214049A80FFFFFFFFFFFFFFFFFFFFFFFFFFFFFFFFDD
S214049A90FFFFFFFFFFFFFFFF0000000020A10700FD
S214049AA0000000009D980300000000000000000075
S214049AB0000000000000000000000000000000009D
S214049AC00000000000000000F054002065200200A2
S214049AD0D939020024FF0300000000000000000043
S214049AE00000000000000000F0540020FD260200E4
S214049AF00000000024FF0300000000000000000037
S214049B000000000000000000F05400202531020090
S214049B10D939020024FF0300000000000000000002
S214049B200000000000000000E7480400F054002095
S214049B307D4B02000000000024FF0300000000002C
S214049B40000000000000000000000000F0540020A8
S214049B50815402000000000024FF030000000000FF
S214049B60000000000000000000000000F054002088
S214049B70DD6402000000000024FF03000000000073
S214049B80000000000000000000000000B80B000009
S214049B90F0540020BD6802000000000024FF03000B
S214049BA000000000000000000000000000000000AC
S214049BB0F05400209D7102000000000024FF030002
S214049BC0000000000000000000000000000000008C
S214049BD0F05400200D7302000000000024FF030070
S214049BE0000000000000000000000000000000006C
S214049BF0F0540020FD6E03000000000024FF030064
S214049C00000000000000000000000000000000004B
S214049C10F0540020557602000000000024FF0300E4
S214049C20000000000000000000000000000000002B
S214049C30F0540020F97A02000000000024FF03001C
S214049C40000000000000000000000000000000000B
S214049C50F0540020C57B03000000000024FF03002E
S214049C6000000000000000000000000000000000EB
S214049C70F054002071D302000000000024FF03000B
S214049C8000000000000000000000000000000000CB
S214049C900D810300F05400203DED0200D939020086
S214049CA024FF030000000000000000000000000085
S214049CB000000000F0540020ADF302000000000095
S214049CC024FF030000000000000000000000000065
S214049CD000000000FFFFD007B80B0000FFFFFFFFE7
S214049CE0CEFAEFBEFFFFFDFFFDFF0C002C01001EA9
S214049CF02C0140068000FFFF04F8FFFF0C00000064
S214049D00000000004000FDFF2C019C000000FFFF47
S214049D10FDFFFFFFFFFF60EA8000800010C1CDABAF
S214049D200A013201FFFFFFFFFFFFFFFFFFFFFFFFF8
S214049D30FFFFFFFFFFFFFFFFFFFFFFFFFFFFFFFF2A
S214049D40FFFFFFFF01FF05FFFFFF0101FFFF020109
S214049D50FFFF640250FF0F0208031E050216010AE5
S214049D600C052007051001010F080101010104FF7D
S214049D70030101FF0C01FF405AB47F01504030003C
S214049D80FFFFFF0B03FF050B01030105020201FFA2
S214049D90FFFFFFFFFFFFFF010102FFFFFF010000BF
S20C049DA0BD4C0000954C0000C8
S804007CC9B6
