S01B00006275696C642F72656C656173652F7A69676265652E73333714
S21400400008100020CD7C000061C40000CD0603002F
S214004010CD06030069C4000071C40000CD0603008D
S214004020CD060300CD060300CD060300CD06030033
S21400403075C40000084A0400CD060300CD06030040
S214004040CD060300CD060300CD060300E57700008D
S214004050CD060300CD060300CD060300CD06030003
S214004060CD060300CD06030075C90000CD0603008B
S214004070CD060300CD060300CD060300CD060300E3
S214004080CD060300CD060300CD060300CD060300D3
S214004090CD060300CD060300CD060300CD060300C3
S2140040A0CD0603009580000079800000CD06030051
S2140040B0CD060300CD060300CD0603005D1D0200FD
S2140040C0DF610300DB610300C1140200F561030039
S2140040D0E36103001D1D0200E761030051010200B9
S2140040E09D1D0200CD060300CD060300CD0603008D
S2140040F0CD060300CD060300CD060300CD06030063
S214004100CD060300CD060300CD060300CD06030052
S214004110CD060300CD060300CD060300CD06030042
S214004120CD060300CD060300CD060300CD06030032
S208004130CD060300B0
S214004134F0B5114A114C124E00F00105E3695F0711
S21400414413D40DB9334213D103EA00078F4207D1C3
S2140041540B4A1A40002A14BF6FF001000020F0BD7D
S214004164013AEBD16FF00200F9E74FF0FF30F6E7C3
S2140041746FF00100F3E700BF80969800000003503C
S214004184020001000B4B70B5D96911F480310DD1D2
S21400419401244FF48072084E084DF46020462C64C7
S2140041A41A61FFF7C5FF3464EC6070BD6FF0010060
S2140041B4FBE700BF0000035000100350002003502C
S2140041C438B541F6713301220C4C0021E569E363EE
S2140041D40B4B05F48035DA600223606121202361ED
S2140041E4FFF7A6FF10B92120FFF7A2FF0122054B17
S2140041F4DA600DB10023E36338BD00BF000003504E
S214004204001003500020035070B5134C6061E3693E
S2140042145B071ED40E4656F8043B8D18A361AE42C7
S2140042240BD10423002121202361FFF781FF58B915
S214004234BDE870402120FFF77BBF08210846FFF742
S21400424477FF10B10423236170BD56F8043BA361C5
S214004254E5E74FF0FF30F7E7000003502DE9F84399
S214004264154641F67132164B8946DF69DA63012238
S214004274064603F58053DFF8508007F48037DA608B
S21400428455B9284601220F4BDA601FB10022A3F568
S2140042940053DA63BDE8F88306F5005404EA08041C
S2140042A4A41BAC4228BF2C46494622463046FFF79C
S2140042B4ABFF0028E6D12644A1442D1BE0E700BF4F
S2100042C4000003500020035000E0FFFF45
S2140042D02DE9F04F4FF0FD0BC9B09A460DF11B09C2
S2140042E09DF8503108AFCDF80C90CDF808B0019786
S2140042F0059303890446009383790E4690464188C9
S2140043008288407812F076FA054650B10090A3886D
S214004310002062883A4912F0B1FD284649B0BDE84F
S214004320F08F99F800002FF0ACFA38B12846A38831
S2140043306288344912F0A2FD8D25EEE75A463946CA
S21400434099F800002FF045FA8346002851D0529B7A
S2140043501BB1BDF84C3198424BD8002399F8009019
S2140043600793A9F14102012A5FFA8BF123D8384658
S2140043700139254ADFF898C05FFA81FE734513DBE2
S214004380059B04210792C3B907AF18221F489FED6B
S2140043901A7B02FB060420460A460830394684ED9E
S2140043A0027B17F093FA11E010F8011F0133514019
S2140043B00CFB01F2E2E7059B33B123464A4638463A
S2140043C0009610F099F9A8E70829DED9B8F1000F91
S2140043D001D088F80090BAF1000F01D0AAF800B01A
S2140043E0529B002B99D05A46184608A917F06EFA29
S2140043F093E7012591E700BF0000000000000000E1
S214004400DCF2030011F30300C59D1C818010002020
S21400441093010001000000002DE9F04F93B0CDE9B4
S2140044200A32DDE91C530E9353EC102BCDE908013C
S214004430104619468DED060B1E9E16F0D1FC80B177
S214004440DDE906014FF0FF32C54B16F0F1FC40B92E
S214004450DDE906014FF0FF326FF4801316F0CAFC58
S21400446070B1DDE908019DED060B0E9B1E96CDE9A9
S2140044701C53DDE90A3213B0BDE8F04F00F088B9EE
S2140044800022DDE90601002316F0B4FC002800F047
S2140044903381DDE906A303F1004BCBF30A5016F493
S2140044A08063A0F2FF3008BF06250F9316F0C6F90A
S2140044B09BA3D3E9002316F02BFA9BA3D3E9002392
S2140044C016F070F8CBF31304894644F07F5180460B
S2140044D00022A44B504641F4401116F061F894A314
S2140044E0D3E9002316F014FA02460B464046494626
S2140044F016F058F816F0A6FC044616F09FF98EA3A0
S214004500D3E900238046894616F002FA0022964B2D
S21400451016F048F816F096FC89A3D3E90023074660
S2140045204946404616F0F4F980463846894616F065
S21400453085F985A3D3E9002316F0EAF902460B466F
S2140045404046494616F02CF802460B46CDE90C23A9
S21400455016F0DEF9DDE90C2380468946104619463A
S21400456016F020F80022CDE91001804B404649465F
S21400457016F0F8FA00227E4B16F014F802460B46A8
S2140045804046494616F0EEFA00227A4B16F00AF834
S21400459002460B464046494616F0E4FADDE90C238F
S2140045A08046894600204FF0804115F0F9FF02460C
S2140045B00B464046494615F0F5FF02460B46DDE938
S2140045C0100116F0CFFA07F2FF3700226A4B15F0FB
S2140045D0E9FF00223B0516F09BF952465B468046F3
S2140045E0894616F025FC002840F08980CDE90C8924
S2140045F004F16303C62B8CBF0527042731051BD5A2
S21400460053A3D3E900235046594616F007FC00286A
S2140046107FD051A3D3E900235046594616F0EAFB53
S214004620002876D00027A542C6BF2C1B04F1FF3514
S21400463000253C4646F480660E9B9F422CBF4FF0FA
S2140046400008A3EB070816F0020903D0002F18BFD6
S2140046504FF000083CB1DDE90C235046594616F0F1
S21400466081FA82468B46DDE906010022002316F019
S214004670C1FB10B10BF100439B46DDE9080126F4AF
S2140046800063CDE90183DDE90A324BEC10AB0095FF
S21400469000F07EF802465FB3DDE9091316F0200F3E
S2140046A000F10105089E0CBF65204520B047DDE9F6
S2140046B008010523002205930A23002CCDE90232C7
S2140046C007F1FF374FEAD473B8BF64422A46019316
S2140046D004970A9B009430F0F0FE0246B9F1000FF2
S2140046E006D00B9BC41A0B9B1A190E9BA34245D8E7
S2140046F0104613B0BDE8F08FDDE906ABCDE600222C
S214004700404649461A4B16F02DFA013CCDE90C01FD
S2140047106EE7002D90D00F9B002B8DD0013D8BE7D0
S214004720FB799F501344D33FB3C8608B288AC63F9B
S21400473061436F63A787D23F71A379094F930A40FD
S2140047401655B5BBB16B0240EF39FAFE422EE63F76
S2140047502D431CEBE2361A3F0000000080842E41F9
S214004760FFFFEF7F0000F83F0000E03F00002C4016
S21400477000002440000018400000F03F2020DDE943
S2140047800913089DA8470134ADE700BF00000000EC
S2140047902DE9F04F5BEC10AB97B0CDE90501DDE9F4
S2140047A02058CDE90723504652465B465946229F7D
S2140047B016F016FB70B90323CDE902870193AA4BC6
S2140047C00093DDE90501DDE9072330F0A8FD17B009
S2140047D0BDE8F08F4FF0FF326FF480135046594615
S2140047E016F008FB28B10423CDE9028701939F4BFE
S2140047F0E6E74FF0FF32504659469D4B16F018FB41
S21400480068B19C4A07F00403002B08BF03229A4BAA
S2140048101CBF13460422CDE902870192D0E750461A
S2140048208DA3D3E90023594616F002FB38B98CA3B2
S214004830D3E900235046594616F0DCFA68B1DDE9A4
S2140048400723DDE905014BEC10ABCDE92187209568
S21400485017B0BDE8F04FFFF7DFBD0022002350463B
S214004860594616F0C7FA002800F091805B4652467B
S2140048700020002115F094FE012382468B46099302
S21400488017F4806400F08580092D40F285800024AE
S21400489030210EABA5F109020134202C03F8011BD0
S2140048A0A5EB040901D09442F6D15946504616F0BD
S2140048B0C9FA724B054603EBC90393ED007B8DEDF9
S2140048C00A7B15F0BBFF02460B465046594615F0CC
S2140048D067FEDDE90A2316F01BF802460B46CDE913
S2140048E00C2316F0D7FA064615F098FF02460B463C
S2140048F0DDE90C0115F054FE02460B46CDE90C230B
S21400490000225F4B16F094FA002848D00136304655
S21400491015F084FF02460B46DDE90A0116F074FA2C
S21400492008B100260135B9F1000F45D1284615F02B
S21400493085FF02460B465046594615F031FE0022CA
S2140049404F4B16F057FA10B9E90700D501350A2182
S2140049500EAB1A19202C0AD095FBF1F001FB10556E
S214004960303502F8015B013405460028F2D107F025
S2140049700302012A55D1B8F1000F52D0099A12B994
S21400498017F00C0F01D008F1FF38302240E00990F4
S21400499076E74FF0060988E7A946002485E7002257
S2140049A0DDE90C01364B16F025FA0028BBD10EB116
S2140049B0F007B8D50136B6E70A210EAB1A19202C37
S2140049C00DD0B6FBF1F001FB1063092E03F13003A6
S2140049D009F1FF3904F1010402F8013B11D8302136
S2140049E0A1440EAA202CB2D04C4504F101030AD1F2
S2140049F004F158020DEB02042E2204F8202C1C466B
S214004A00A5E70646DBE7A1541C46EBE71A5501343A
S214004A10444506D2202CF9D1CDE9028701940EAB8D
S214004A20CEE6202CF8D0099B3BB12D2204F158038A
S214004A306B4403F8202C0134EEE77A0704D504F122
S214004A4058032B226B44F4E73B07E5D504F15803E3
S214004A5020226B44EDE700BF0000000065CDCD418D
S214004A600000000065CDCDC1FF0F04000310040058
S214004A70FFFFEF7FF60F0400FB0F04004059040011
S214004A800000E03F0000000070B58EB02C22002130
S214004A9003A816F08BFD64234FF002320893CDE98D
S214004AA005230B2301218DF834305B4B8DF8101055
S214004AB01D880D4040F0A980084634F059FD0A22B2
S214004AC0564B574C1A704FF42873ADF812304FF00F
S214004AD0FF332360534B54491B8820460B82534BAD
S214004AE0534A1B68CD828B61524B0D621B884B82EA
S214004AF0514B1B68CB611DF0C7F920B14FF41B71F9
S214004B004E4835F0D0FD0521206830F0C9FE20B1B2
S214004B1040F27D21494835F0C6FD206815F0FCFCC2
S214004B20474B2068196830F07EFF0C2535F088F971
S214004B306843099035F084F968430DEB050107904A
S214004B40206817F0F5FB20B140F295213B4835F080
S214004B50AAFD25681FF0D0FB00220146284630F04B
S214004B60DAFF20B140F29721344835F09CFD40F240
S214004B700353344D344E2B80052396F90000AB705A
S214004B807F2801D11DF076FA3378EB7035F058F9AE
S214004B9000EB80008000A88035F052F90023C000AA
S214004BA04FF0FF31E880AB604FF0FF3018A3D3E939
S214004BB0002334F02FFE2549206830F065FF20687A
S214004BC002A931F081FB20B14FF434711B4835F057
S214004BD06AFD042220680DEB020130F0F9FE04287D
S214004BE004D040F2D721154835F05DFD01A901201B
S214004BF030F0FAFA07F078FC01201DF0BFFE2CF02A
S214004C005DFB1DF0E5FE1DF0CDF90EB070BD00BFDA
S214004C100A0020FF42030000FE5900202B610020FE
S214004C2024540020EE720400DC670020F4720400B6
S214004C3099950300EC720400F0720400C848040062
S214004C402465002018540020B26A00200D96030048
S214004C500348044B834202D0034B03B11847704706
S214004C60E06A0020E06A002000000000064B0749CA
S214004C70C91A891048BF0131491003D0044B0BB143
S214004C8001481847704700BFE06A0020E06A00202D
S214004C900000000010B5064C237843B9FFF7D8FF94
S214004CA0044B13B10448AFF300800123237010BDFA
S214004CB0B0150020000000007496040008B5044BF0
S214004CC01BB104490448AFF30080BDE80840CDE7B7
S214004CD000000000B415002074960400A3F5803A86
S214004CE0704700BF154B002B08BF114B9D46FFF7C2
S214004CF0F5FF00218B460F461148124A121A16F08D
S214004D0055FC0C4B002B00D098470B4B002B00D0CB
S214004D1098470020002104000D000B4816F08CFF79
S214004D2016F01CFC200029002BF0ECF916F072FFA0
S214004D30000008000000000000000000081000202E
S214004D400810002080610020A1BC010007B50121E9
S214004D5020200DF1070201F037F858B10223012197
S214004D6020200DF107028DF8073001F03DF803B062
S214004D705DF804FB9DF807100229F8D002220948C6
S214004D8015F002FB022301210DF1070220208DF809
S214004D90073001F029F82BF00FF94FF4FA6000F015
S214004DA05DFEE4E7C8AA030038B501F0E7FF01F0AE
S214004DB0A9F9012805D001F0A5F9022801D001F0D3
S214004DC0C7F9064D2B783BB901F09CF9012804463B
S214004DD002D12BF07AF92C7038BD00BFDC5A0020C7
S214004DE010B5044600882BF0BBF8A37884F844007E
S214004DF0834202BF0123E3702371074B04F11C00BA
S214004E00C4E9073401F036F8224620880349BDE895
S214004E10104000F073BF00BFF7FC0200C1FC0200A8
S214004E2070B5C37804460D461646002B34D1D1B172
S214004E30214815F0A9FA0123E370E36CA6600BB1D4
S214004E40E06D9847E368F61A63699E4221D2217E98
S214004E501A480131C9B2217615F096FAA36D13B13E
S214004E60217EE06D9847E5702BF0B9F815B32379ED
S214004E7003BBA268238A801A83421BD801231048EA
S214004E80237115F081FA236DA3B1E06DBDE8704083
S214004E90184701232376E6E70029E4D1094815F0F0
S214004EA073FA636DE660E5702571002BDBD0E06D6C
S214004EB09847D8E770BD00BFF0AA030001AB030017
S214004EC02FAB03001CAB030070B51E468388044658
S214004ED00D46C18002810BB1868070BD8178008846
S214004EE02AF02AFF0123E370064BA680C4E90334A8
S214004EF00C34204600F0BEFF29462046BDE8704030
S214004F002BF064B843FD020010B501790446B1FAEF
S214004F1081F1008849092AF086FF21796088B1FA74
S214004F2081F149092AF07FFF034B1A68A24204BFA9
S214004F3000221A6010BD00BFCC15002070B5437962
S214004F400446A3B100880E4E04F10805336813B179
S214004F500C4B1B786BB121792AF065FF64210A4B54
S214004F603460A3602846BDE870402BF02FB8408818
S214004F70E9E7064815F008FA054B3221A360F1E789
S214004F80CC150020DD5A0020094F000045AB030079
S214004F903D4F000010B50446E0B10F4815F0F4F997
S214004FA001236371A37953B9217920882AF03BFF46
S214004FB0236B7BB1606B0121BDE81040184720468B
S214004FC0FFF7A2FF04F108002BF005F82046FFF7D4
S214004FD0B5FFEDE710BD00BF7BAB030010B5044680
S214004FE0F8B1104815F0D0F900236371A3796BB9B6
S214004FF021792088B1FA81F149092AF014FF236B40
S2140050007BB1606B0021BDE8104018472046FFF7D3
S2140050107BFF04F108002AF0DEFF2046FFF78EFF34
S214005020EDE710BD86AB030010B5044668B107482F
S21400503015F0AAF9637920461BB1BDE81040FFF7CA
S214005040CDBFBDE81040FFF7A5BF10BD92AB030073
S21400505010B50E4C0E48214615F096F982210D48E3
S21400506015F092F982210220A21E00F0BDFE014634
S21400507030B134F8022C0848BDE8104015F084B969
S2140050800648BDE8104015F07FB900BF6A550020FD
S214005090A1AB0300BCAB0300C7AB03000BAC030023
S2140050A038B5114C82212246022000F08DFEA51C48
S2140050B0014688B122880D4815F066F92A460C4B41
S2140050C003F1380153F8040B8B4242F8040BF9D174
S2140050D01B7813703823238035F8021C054A0648CF
S2140050E0BDE8384015F050B96855002016AC0300EE
S2140050F096AC03006A55002074AC0300034B1B7883
S2140051001BB18B4201D82AF057BF7047586A00205F
S21400511010B5044601460E4815F036F9012C11D19B
S2140051200C4B0D481A884FF6FF739A421EBF00229A
S214005130094B5A742AF05DFE01F076FFBDE8104078
S21400514001F048BE0448BDE810402AF054BE00BF37
S214005150CFAC03000C6A0020B064002070B50024B9
S2140051601A4D1B4E3378A3421BDC0024194D1A4EF1
S2140051703378A3421BDC0024184D194E3378A34223
S2140051801BDC00F0BFFF012816481CD12AF031FEB8
S21400519001F04AFF01F01EFEBDE87040124800F024
S2140051A0D1BF2846FFF71CFE01346035DAE72846F3
S2140051B02AF005FE01343435DAE728462AF038FEB0
S2140051C001343835DAE72AF016FEE5E778210020C4
S2140051D0E35A002098250020E45A0020481F0020AB
S2140051E0E25A0020B0640020115100002DE9F04F73
S2140051F087B0FFF755FFB94B05A805932AF03CFE8C
S214005200054616F0CFF8B64CC2B21F2A627004D913
S214005210B44815F0B9F800F015FC2946A01C16F0A5
S21400522055FB05A82AF028FE054616F0BBF8C2B2C4
S2140052301F2A84F8212001D9AB48EAE7294604F161
S214005240220016F043FB05A82AF016FE3226044676
S21400525000272578002D40F09F80A44CFFF77EFFA6
S2140052602378DFF8C8A2DFF8C882A14F00939AF827
S214005270003098F8002039789E4815F085F83A787E
S21400528098F800109AF8000053180344DFF894B218
S21400529020782C4603445846DBB2AA4200F3E48248
S2140052A0012B38BF0123944E029332460023354625
S2140052B04FF482714FF6FF740298013398421370D0
S2140052C05180948002F10C02F6DC8C4B8A498448AB
S2140052D0AB6000F0F3FFE879AB68DFF8449200EBD0
S2140052E0400003EB800000F0B9FDEB79B9F8002030
S2140052F00133A242EB7103D07F49814801F0E0F808
S2140053004FF6FF73B9F800207B49D21A18BF012266
S2140053107C4801F09FFC4FF00009784C3A784A45EB
S21400532000F3CA8200264FF00C09774ADFF8C8B1AE
S21400533098F800003978B04200F3D28246180C2163
S214005340002501FB06B19AF800009423A8426F4A94
S21400535000F3E4820C253E7898F8003000274FF0E2
S21400536070081E44064405FB06B5DFF8C8A15F4B6F
S2140053701B78BB4200F3E58202995F4800F0FCFD13
S214005380059B56491A468B4240F0EE82604807B0AD
S214005390BDE8F04F14F0F8BF532D0FD163784C2BB7
S2140053A040F04881A378502B40F044810122594BAD
S2140053B01A7005A82AF060FD04464AE7442D13D16A
S2140053C06378303B092BF4D8601C2AF062FD524B00
S2140053D0524A1978002386B2994202F16002E8DD4B
S2140053E022F8466C0133F7E7422D0BD16378542B35
S2140053F054D1A01C00F0D0FC494B188018462AF067
S2140054003CFCD6E7582D33D8412DD2D9433D152D37
S214005410CFD801A353F825F0D7570000B3530000A8
S214005420B3530000B3530000B3530000B35300005F
S21400543087550000B3530000B353000039550000F1
S21400544083540000B3530000B3530000B35300006E
S214005450B3530000B956000035560000B3530000A1
S214005460B3530000B3530000B35300002F5700009F
S214005470692D9ED1601C2AF00CFD80B22AF098FDA2
S21400548097E71B4B012019780023264A994202F120
S214005490A8028EDD02F8A60C0133F7E7601C00F0C8
S2140054A07BFC0546E01C2AF06CFD012102462846DE
S2140054B02AF023FD60211848184C037859436218D7
S2140054C065524FF4FA6111824FF4487151611649E2
S2140054D056831165013303706BE700BF6A550020E1
S2140054E0C4630020EEAC030005AD0300DE5A0020C6
S2140054F0E15A002015AD0300981600201017002072
S21400550048160020D01500209C1B0020E019002023
S21400551065AD0300DD5A0020E35A00207821002004
S2140055200C6A00209C1C002063FE0200DF5A00204C
S214005530E05A002090180020601C00F02DFC00228D
S2140055404FF034088146CC4F11462AF0D6FC387806
S214005550CA4D08FB00F325F80390EA18E3781046D6
S214005560693B18BF012393702AF029FC0021C44A26
S2140055703B785160012103FB08550B443B701560D6
S2140055800F46117415E7601C00F006FC0022114659
S21400559081462AF0B2FC3422B74DDFF8E082287844
S2140055A002FB00F328F8039008EB0301E3780846B3
S2140055B0693B18BF01238B702AF001FCB14A002317
S2140055C01046916B31BB00EB831034232A7802FB24
S2140055D003838363AC4A00231046D2F8A410F9B9BB
S2140055E0A82202FB030034232A7802FB0383C0F8B8
S2140055F0A4305FB9A24A3B46114652F8040BA8B93C
S2140056003422287800FB028241F823202B780133CD
S2140056102B70CEE60133042B02F14002D1D1D9E73C
S2140056200133042B02F1A802D7D1E2E70133042BA1
S214005630E3D1EBE7601C00F0AFFB8046E01C2AF0ED
S214005640A0FC0121024640462AF057FC60218F4804
S2140056508F4D0278DFF854C251436B1825F801804D
S2140056604FF44871198259618A495E839965E178D9
S214005670A824642904BF012199709CF80030DFF843
S21400568008E25C430EEB04010EF804304FF400749D
S2140056904C8003240C718C7102EB420405EB44151C
S2140056A032240133DBB201324B718D6081F8A040A9
S2140056B002708CF800307CE6601C00F06DFB002267
S2140056C04FF0380A8146DFF8DC8111462AF015FCD7
S2140056D098F80030704D0AFB03F325F803904FF05E
S2140056E00109EA1882F80490E37873B1E01C00F030
S2140056F053FB0022044611462AF0FFFB98F80030C0
S2140057000AFB03535C8083F8069064485D4A03787E
S2140057109901535498F8001002EB8314C1EBC102B0
S21400572005EBC2054A1C656388F80020D2E6601CBB
S21400573000F032FB8046E01C00F02EFB0546601DA4
S2140057402AF01FFC04460246012140462AF0D5FBFB
S2140057502246284601212AF0D0FB60204FF4487CE0
S214005760DFF828E14A4A9EF8003000FB03F422F8EE
S2140057700480DFF820811119A1F810C0C1F814C008
S2140057804E83C1F85880591CC9B248431418A4F86F
S21400579010C0C4F814C06683C4F858809424155208
S2140057A03F4D981C8EF800002878DFF804C144436B
S2140057B003EB430301EB41010CEB040E02EB431336
S2140057C002EB41120CF80400CEF80430CEF80820A4
S2140057D001302870EDE5601C00F0DEFA8046E01C23
S2140057E000F0DAFA00220546114640462AF085FB0C
S2140057F000223824114628462AF07FFB2948264AEC
S21400580003784FF0000E04FB03FC22F80C804FF0E8
S214005810010802EB0C0181F806E081F8048003EB36
S2140058200801C9B24C4302EB040C15539C1C0470CF
S21400583070241D4D8CF806E028788CF804804443CC
S214005840DFF870C0C3EBC303C1EBC1010CEB040E61
S21400585002EBC30302EBC1020CF80400CEF80430DE
S214005860CEF808204044B4E7467901358E4284BF1E
S21400587004714471A83010E5E45A002098250020F1
S214005880B06400209C1B00209C1C0020E35A0020D3
S21400589078210020FD500000481F0020E05A00201C
S2140058A0DF5A0020E25A0020DE5A0020E15A00208B
S2140058B0E019002090180020B9F1000F06D016F865
S2140058C0052C02EB420204EB8204B46031465846D3
S2140058D001F07EFD09F101090BF1A80B0C361DE560
S2140058E071180AD0481E09FB00B0C07900EB4000D2
S2140058F004EB800409FB01B08460104609FB0151EB
S214005900039201F023FB39781C48314409FB01510E
S21400591001F08AF8039A0136403209E5F54218BFCD
S21400592011F8050C03911EBF00EB400004EB800449
S2140059308C6003FB052000F087FF039901350C31CE
S21400594001E5F74218BF15F8053C29461CBF03EBD6
S214005950430304EB830408FB07A018BFAC6000F009
S21400596049FE01370C3502E513F8011D00297FF4C6
S21400597008AD3B2102F8011C03E500BF3C1F0020D8
S21400598007B5012121200DF1070200F01DFA18B914
S2140059909DF80720024B1A7003B05DF804FB00BFA9
S2140059A0586A002007B5064B8DF8070018700121CD
S2140059B00DF10702212000F017FA03B05DF804FB92
S2140059C0586A002007B5022101200DF1060200F0FA
S2140059D0FBF938B9044814F0D7FCBDF8060003B04C
S2140059E05DF804FB0020FAE782AD030007B502214C
S2140059F0ADF806000DF10602012000F0F5F90146AB
S214005A0010B1034814F0C0FC03B05DF804FB00BFFF
S214005A10A3AD030010B5FFF7D5FF044601460748BF
S214005A2014F0B2FC0121064814F0AEFC24B9BDE81F
S214005A3010400120FFF7DABF10BD00BFD3AD030052
S214005A40E5AD030008B5044814F09EFC00F0DCF950
S214005A502AF0B2FA2AF0ADFAFBAD030038B50446D8
S214005A60084D094B28462B6000F004FA002C18BF9E
S214005A7021462846BDE8384008BF4FF496712AF004
S214005A80A5BA00BF9C260020B1FE02002DE9F04317
S214005A90384D91B008AC0746894690460FCD0FC4E6
S214005AA095E80F00002684E80F0001250323324CFA
S214005AB03248CDE90366CDE905668DF80E300796C7
S214005AC0029534F099FD2E4834F096FD32462D4965
S214005AD020468DF8176004F0A3FD334632462A4967
S214005AE08DF81900009020468DF82390CDF82C8074
S214005AF08DF8216004F0AEFD0A9020468DF80970FE
S214005B0004F010FD204608AA05A904F0C9FD02AA63
S214005B10204603A92BF02EFB4FF400721B4B5A6253
S214005B20194BE560626A920510D46BB94FF40072A7
S214005B30164B11485A6204F0F5FC114834F05FFD2C
S214005B40002011B0BDE8F083013BEBE7002BEDD061
S214005B50094908A82BF041FB4FF400720B4B06488E
S214005B605A6204F0DFFC064834F049FDBDF8200018
S214005B70E7E700BFC04904000040005A684C040034
S214005B80644C040080841E0040420F000060005AEF
S214005B900122034B1870034B1980034B1A70704791
S214005BA0E65A0020146A0020E55A0020F8B5454B56
S214005BB01B780BB90020F8BD434B1B78012B03D193
S214005BC0BDE8F8402AF077B9404B1C884FF6FF73C3
S214005BD09C42EFD03E4834F00FFD0023260AE4B284
S214005BE01A462146304604F05DFC012E354604F088
S214005BF0010335D015D9B51E012DDBD8002B0BBF00
S214005C004FF480754FF080754FF470614FF07061FF
S214005C100BBF01274FF480370F204FF470202D4B19
S214005C2011E0002B0BBF4FF480754FF080754FF4DA
S214005C3070614FF070610BBF01274FF480370F2063
S214005C404FF47020244B1A6802401CD0BA421AD077
S214005C501A680A4032D11A6822EA01022A4316E07C
S214005C60002B0BBF4FF480754FF080754FF47061BA
S214005C704FF070610BBF01274FF480370F204FF4B1
S214005C807020164BDFE71A6822EA00023A431A60D1
S214005C902AF011F9054600288CD0083644EA06108A
S214005CA02A460321C0B2FFF7F1FE40F6FF736843B1
S214005CB000F2FF70B0FBF3F080B27CE795427FF411
S214005CC079AFC8E7E55A0020E65A0020146A00209B
S214005CD0684C040028C3035020C3035024C3035059
S214005CE010B5044C237823B9034834F085FC01230F
S214005CF0237010BDE85A0020684C04002DE9F043DC
S214005D001F4C85B0074688469146FFF7E9FF237883
S214005D101BB902F077F8012323707BBAADF80C307C
S214005D2030220023174E02FB03F4315DA51901BB98
S214005D30012333554FF0FF3304F11000124930446D
S214005D40AB606F80C5F80480C5F80C9009F0ECFADB
S214005D5004F10801042231440C4B009503A802F01C
S214005D6027F9A96802460A4814F00EFB05B0BDE8FC
S214005D70F0830133102BD6D1064814F005FBF5E767
S214005D80E75A0020C4260020DBFE0200EDFE0200DB
S214005D9008AE030036AE030080B10278A2F14103DC
S214005DA0032B0BD840783038C0B2082806D8054BED
S214005DB0134413F8413C40EA032070474FF6FF7047
S214005DC0704700BFE049040008B50B4642B10146E3
S214005DD00448006803F030FABDE808402AF0E2B84C
S214005DE0022008BD1C65002008B50B4642B10146DE
S214005DF00448006803F0A8FBBDE808402AF0D2B8C3
S214005E00022008BD1C650020F0B50026124F8DB09C
S214005E10FF2300930A223346386802A92AF067FF58
S214005E20C0B102AB1D4603EB800404E055F8043B0A
S214005E30B34228BF5E1CAC423868E9D9296803F033
S214005E4009FD0028F2D02D28F0D00DB0BDE8F040B6
S214005E502AF0A8B80DB0F0BD1C65002028B1034B91
S214005E600360034B43600023836070471900000300
S214005E70C4640020FF2307B50021044A00930830BD
S214005E8009F0D6F903B05DF804FB00BFC7FF0200B7
S214005E900B460449024608680349097808B12AF007
S214005EA0B9B87047D0290020EA5A0020F7B50C464A
S214005EB018B12921194834F0F6FB246823685E7966
S214005EC05F8830463946FFF7E3FFF0B18568E5B1F5
S214005ED0A089227D3946904291BF0020801AA3688F
S214005EE080B294BF03469B18E27C00903046A847D9
S214005EF00138032803D8DFE800F0080F0B0D002454
S214005F0020462EF026FA204600E0812003B0F0BDA1
S214005F108024F5E79324F3E78724F1E75EAE0300D9
S214005F20F8B515460D4A044610680D4A0B4611781A
S214005F3050B122462AF06EF8034628B100210C27FD
S214005F40C678B14201DB0020F8BD07FB01F45A68B1
S214005F501019125BAA42F7D00131F2E7D0290020CF
S214005F60EA5A002008B5034B1B6803B19847002087
S214005F7008BD00BFCC2900202DE9F74F04460D468A
S214005F800026454B454F1860454B197033010021DC
S214005F90F85C013610F01CFA0C2EF7D10C2D28BF39
S214005FA00C254FF0000901953C4EDFF800A13D4D51
S214005FB0DFF8FC80019B4B4502DC03B0BDE8F08FA8
S214005FC023784FF0000B337063887380A388B38008
S214005FD0A379C6F80880B371E379C8F8005088F84A
S214005FE004304FF00003A768A8F80630E3795B4555
S214005FF00ADC012116F8100B10F0EAF908F108087F
S21400600009F101090C34D5E74FF0000338886B819D
S2140060102880FB784FF0000C2B81BA78C5F804A0D6
S214006020002A00920CBF802240222A7379680AF167
S2140060300C02634513DC03EB43030AEB830ABB68DD
S21400604043B1009A4FF6FF71B2FA82F2164B52092C
S2140060502EF00FF914350BF1010B0C37C6E7B1F82B
S21400606000E00CF1010C22F80CEC91F802E00C3286
S21400607002F816EC91F804E00C3102F815EC11F871
S21400608009ECBEF1010F14BF4FF0100E4FF0110EC9
S21400609002F814ECCDE700BFD0290020084100200C
S2140060A0EA5A0020D42F0020AD5E0000D42900203C
S2140060B054320020014B1860704700BFC8290020EA
S2140060C0014B1860704700BFCC29002070B51288BD
S2140060D005460E46FFF724FF044670B10279049980
S2140060E0806815F0B5FA064B1B680BB9002070BD2A
S2140060F03146284622889847F8E78620F7E700BF0B
S214006100C829002008B50FF0FFF9022806D001289C
S21400611006D0044B18784000C0B208BD0120FCE74A
S2140061200220FAE7E95A0020054B10B51C682CB18E
S214006130FFF7E8FF2346BDE81040184710BD00BF34
S214006140C4290020014B1860704700BFC4290020F6
S214006150034B1A781AB901221A700BF035BA704739
S214006160E95A00200022024B1A70FFF7DDBF00BF7D
S214006170E95A002037B50446002836D00FF0C4F997
S214006180022834D160892EF046FCE079237A003864
S21400619018BF0120012B637A08BF40F008000BB13E
S2140061A040F0100063890BB140F00400257CA18804
S2140061B0A2790DB1E36893B90F4B10F0E5FC217896
S2140061C0084610F05DFD2DF04FFF044610F016FD5A
S2140061D07CB100280CBF0020032003B030BDCDE901
S2140061E00035064B10F0D0FCE9E70220F5E7012069
S2140061F0F3E72046F1E700BF29FF0300F2CE0300D5
S21400620008B50DF03FFB014630B1044814F0BCF869
S214006210BDE808400DF0DABE08BD00BFD0AE0300F2
S214006220034B044A5B7C012103201370FFF7DCBD9F
S214006230B0640020EB5A002010B50446FFF7F0FFCC
S214006240B4F57F4F0BD100240F4B1A8813449C7073
S214006250FEF7FEFE2046BDE81040FFF7FFBB4FF6F8
S21400626001739C4204D1BDE81040084829F0A9BD3E
S2140062704FF602739C4205D1BDE81040044B1878D7
S214006280FFF790BB10BD00BF68550020B06400202B
S214006290586A002010B5074C012122460320FFF75C
S2140062A093FD28B92378044A003B18BF0123537492
S2140062B010BD00BFEB5A0020B0640020F8B5564B66
S2140062C0564C1A884FF6FF739A4218BF03234FF0B6
S2140062D0080218BF2370524B32251A7030229A706B
S2140062E05A71DA7137225D70DD7036251A724FF4F6
S2140062F000121D719D714B4D4264C5644A4D0122CA
S21400630005654A4D86188565494DC667C565494D7C
S214006310494E4566494D80F848208566484D80F8C8
S21400632054200567474D80F860204567202580F893
S214006330785080F8845000F12105C0F88850424D0E
S21400634080F86C20C0F88C50C0F8806080F89020F0
S214006350C0F89440C0F8B8303C4B3D4CC0F8BC3058
S2140063600223C0F898403B4C80F8C030C0F8A440E8
S2140063700F24394B80F8A840C0F8C430374B384C4F
S214006380C0F8C8308223C0F8AC40364C80F8CC3019
S214006390C0F8B0400924344B344DC0F8D030344BEC
S2140063A080F8B440C0F8D4302C7C324B80F89C2067
S2140063B0C0F8A00080F8D820C0F8DC3044B12E4BDE
S2140063C080F8E420C0F8E03005F11103C0F8E830AA
S2140063D04FF0000CCA798E6802EB42039F004430EF
S2140063E006EB830326F807C0586001200D3498702A
S2140063F0DC701318CB71FFF7C3FAFFF74BFFFFF7FC
S21400640081FE012806D12B7C23B1BDE8F840174851
S21400641029F0D7BCF8BD00BF0C6A0020596A0020DE
S214006420EC5A0020F949040001002000F849040055
S21400643002002000F7490400050042000300200087
S214006440F64904000400420007003000FDFF21006A
S2140064501200100100404200F449040000FF44010D
S214006460E44904000600420068550020B06400209D
S21400647002FF2001586A002001FF100113B50446F0
S2140064800D4829F005FC6422C0F30F43637083B205
S214006490B3FBF2F3A07823702022012129F0DCFD63
S2140064A0A0782122012129F0D7FD0449201D02B041
S2140064B0BDE8104029F08ABD0C6A0020E093040075
S2140064C00B7870B583704CF61E0303804FF02013D4
S2140064D0C362012380F8303080F83C30C318036470
S2140064E0124B044643640223114A80F84830114B8D
S2140064F08263C3644063CA798D6802EB420305EB8E
S214006500830004F12C0646600B4E45F823600023FA
S2140065108360531CCB71094B201DC4E90134FFF77F
S214006520A9FC2046BDE87040FFF7A8BFFDFF21008C
S21400653021002000FA490400010001037D640000E8
S214006540437B044A0121137000781130C0B2FFF774
S2140065504BBC00BFF65A002038B504460078054DFF
S21400656011302A460121C0B2FFF72EFC08B92B785D
S214006570637338BDF65A0020024B53F8200029F00A
S21400658046BE00BFB4320020012908B506D0022955
S21400659007D049B929F032FE002008BD29F031FEA7
S2140065A0FAE729F031FEF7E7024813F0EDFE012086
S2140065B0F3E700BFFDAE030010B4054C114654F8D7
S2140065C020001A46BDF804305DF8044BFFF7DCBF28
S2140065D0B4320020002310B5044683810364A0F87B
S2140065E044304830FFF746FC014BC4E9123410BD76
S2140065F0F501030038B504460B781A4A43700D4679
S21400660042F82300FFF7E6FF2046FFF7A5FF4FF40A
S214006610401323610123144A2375A261134A84F8A8
S2140066202030E261124A84F82C306262114A84F803
S2140066303830A26204F10C0222630F4A04F10D0303
S2140066406263E363EA79A86802EB420300EB830126
S21400665010344C60094C40F82340094B8B60531CA7
S214006660EB7138BDB4320020F55A00200800200037
S2140066705A6A002000FF300001FF100102010104E9
S214006680B965000010B47024427B0D48013A012918
S21400669004FB020006D0022908D059B95DF8044B65
S2140066A029F0ACBD5DF8044B29F0ABBD5DF8044B9A
S2140066B029F0AABD03485DF8044B13F065BE00BF81
S2140066C09018002019AF0300B0F85C302DE9F041B7
S2140066D08B4204460E4638D0437B077C8BB31C4A5D
S2140066E012789A422DD370251A4A013B05FB0323E4
S2140066F090F80F801B7B424629F097FDB84505466B
S21400670001D1FF281FD13A463146204694F89030F2
S21400671029F08BFD2F460546552212216078A4F8F5
S2140067205C6029F099FCFF2F03D039462046FFF71E
S214006730A9FFFF2D09D029462046BDE8F04129F0E3
S214006740B4BDFF25DFE70746E6E7BDE8F08100BFFA
S214006750DE5A00209018002041688268C978D278F6
S21400676049B112B10321FFF7AFBF837B002B0CBFEB
S21400677001210221F7E72AB1837B002B0CBF0221FF
S2140067800121F0E7014813F0FFBD00BF2AAF030068
S214006790037BD3B14368DA7812B18268D278A2B9A3
S2140067A01B7933B1837B002B0CBF04210521FFF737
S2140067B08BBF83681B792BB1837B002B0CBF052115
S2140067C00421F4E7014813F0DFBD70475CAF030017
S2140067D0084A437B05211370837B5370C37B9370F9
S2140067E0037CD370037B137100780E30C0B2FFF7C2
S2140067F0FBBA00BFF75A002038B5044600780C4DA7
S2140068000E302A460521C0B2FFF7DEFA20B1BDE8F9
S2140068103840084813F0B8BD2B7863736B78A373C1
S214006820AB78E373EB7823742B79237338BD00BF02
S214006830F75A002098AF0300024B53F8200029F0C7
S2140068407EBD00BFDC320020F8B504460B78424A15
S21400685043700D4642F82300404E29F08EFDFFF7A8
S214006860CBFF6268A3683E483E49D6641165D4658E
S2140068705065C3E91410DE64DC654FF09873022699
S2140068806361012304F10C01E16137491032216292
S21400689004F10D01A16235492376E16204F10E018F
S2140068A06163334984F82430A16304F10F01216445
S2140068B0304984F83030616404F11001E1642E49F7
S2140068C084F83C3084F84830216584F85460A2652A
S2140068D0E879A96800EB400201EB820704F1140C8A
S2140068E0C7F804C04FF4817C244F41F82270C218C8
S2140068F0D2B202EB420241F822C001EB820700222C
S2140069007A601F4A84F8703022661E4A84F88830FF
S214006910A2661D4A1D4BE2661D4AC4F88C306267AB
S2140069201C4A8319A26704F15C02C4F88020DBB21B
S214006930194A03EB4303C4F8842084F8646084F89F
S2140069407C6001EB830260345460144A033041F8E3
S2140069502320E871F8BD00BFDC3200205967000034
S21400696001030300916700000100200102001001EE
S21400697003003001040030010500210101FC01067E
S2140069804A002100FC49040051001000FE490400A2
S214006990FF490400550021006F0018001200010492
S2140069A070B50D460646144613460A4601461A4872
S2140069B013F0EAFC25B92046BDE87040FFF73CBC62
S2140069C0072D05D121463046BDE8704000F0C4BC16
S2140069D04FF601439D4205D121463046BDE8704042
S2140069E0FFF72ABF062D05D121463046BDE8704088
S2140069F000F066BAB5F5817F05D121463046BDE880
S214006A007040FFF7B9BD202D04D12046BDE8704088
S214006A1000F0ECB870BD00BFC7AF03000148FFF739
S214006A2049BB00BFA16900004FF4C01330B5036036
S214006A3001230371074B8C688360CA7902EB42031B
S214006A4004EB83056860044844F82300531CCB71AC
S214006A5030BD00BF004A0400040001010368064A76
S214006A600C211360436853600389138143892220F5
S214006A705381FFF7B9B900BF0433002010B503688F
S214006A80044686B0FBB1114813F07EFCA37B104A87
S214006A908DF804304FF48273ADF806300123CDE94B
S214006AA00223002301A804938DF81430FFF762FB3D
S214006AB02046618929F071FC2046FA2150F8143BE3
S214006AC0594329F083FA06B010BD00BFFAAF0300A1
S214006AD02000000110B5064C236843B1054813F0AA
S214006AE053FC2068BDE81040418929F056BC10BD13
S214006AF0103300201BB0030070B5364910460C68F2
S214006B00BDF81020002C5ED003285CD8DFE800F02B
S214006B10021E2745002B5AD0022A58D91D78B3F8F2
S214006B200160291E18BF012132462B4813F02CFCA9
S214006B302DB13146204629F030FC002070BDE573AB
S214006B40FA206368584329F0C8FAF6E7234813F09A
S214006B501BFCE37B002B38D00023E373F0E7002B0D
S214006B6035D0032A33D91D681D48294613F00CFC7E
S214006B701C4B2A1F9A4201D90220DFE723680BB17B
S214006B809D42F9D823899D42F6D3E37B6560B3B96D
S214006B90FA20684329F0A1FA11E0002BCED0012A92
S214006BA0CCD91D881048294613F0EEFB002DE3D003
S214006BB063689D42E0D8E37B2581002BE8D1204620
S214006BC0FFF74CFFB9E70120B8E70420B6E703203B
S214006BD0B4E700BF103300203EB0030075B00300DA
S214006BE094B00300FCFF6D00BFB0030038B5154B32
S214006BF01C6834B3F0B92168134813F0C5FB23684A
S214006C003BB16268934204D2104813F0BDFB636840
S214006C10236004F11405284629F0DDF9236823B122
S214006C20FA212846594329F0D1F92046BDE83840D4
S214006C30FFF714BF032804D16189054813F0A4FBAD
S214006C40F3E738BD10330020EAB0030018B10300A4
S214006C504DB1030070B53E4B0D46044609781860EA
S214006C60002A6FD101231A46A1730021E173012186
S214006C70A1814FF46151C4E900132823354E2281C7
S214006C800C21324622206381FFF79EF860B9D6E9D0
S214006C9000230AB19A4207D3318999429FBFC4E9BB
S214006CA000237389218163812B4B2C4AE3630423E1
S214006CB084F8403084F84C30E3182365284BA264EF
S214006CC06365022304F10802E265264A84F8583018
S214006CD0226604F10A02A266234A84F8643084F825
S214006CE0703004F10C03E26663676464EA79A868AE
S214006CF002EB420300EB830104F13C064E601B4EA0
S214006D0040F82360FA261A4B1A488B60531CEB7126
S214006D10FFF7D6F9208904F11405704329F0DDF950
S214006D206189204629F039FB134B2846C4E905340F
S214006D30FFF7A0F8216849B128467143BDE87040C6
S214006D4029F044B94FF4F07302228DE770BD00BFFE
S214006D50103300200433002000002301010023002C
S214006D600200210003002101FDFF21002000010593
S214006D70F96A0000D56A00007D6A0000134B10B562
S214006D801C680CB3E37BEBB129F029F92369C01A20
S214006D90002809DB0E4813F0F7FA0023FA20E37305
S214006DA06368584329F099F9E37B5BB12489FA2399
S214006DB05C4329F09DF9A04206D02046BDE810406D
S214006DC029F08BB96468F2E710BD00BF10330020CD
S214006DD07AB1030038B50024044D55F8040B08B109
S214006DE029F0EEFA01340A2CF7D138BD143300200E
S214006DF0042908B50AD172B16BB113781BB929F012
S214006E000AFB002008BD29F0FCFAFAE7034813F055
S214006E10BBFA0120F6E70320F4E700BFB4B1030095
S214006E2010B4054C114654F820001A46BDF804303C
S214006E305DF8044BFFF7DCBF14330020022902463E
S214006E4008B50ED004D839B9104629F0E4FA06E0A1
S214006E504029F9D0412907D1104629F0D2FA00205E
S214006E6008BD29F0E2FAFAE7024813F08DFA01208D
S214006E70F6E700BFD4B1030010B4054C114654F831
S214006E8020001A46BDF804305DF8044BFFF7D6BF65
S214006E9014330020426B094B52791A7082785A706C
S214006EA0C2789A70826B12B190F83C20DA70007843
S214006EB004210930014AC0B2FEF796BFFC5A0020F2
S214006EC0024B53F8200029F0CCBA00BF1433002040
S214006ED038B504460078084D09302A460421C0B269
S214006EE0FEF772FF30B96B78A370AB78E370EB787F
S214006EF084F83C3038BD00BFFC5A002038B5044644
S214006F000078114D09302A460421C0B2FEF75CFF16
S214006F10C8B9A3782A78022B0CD004D863B92046C7
S214006F2029F079FA01E0FF2B0AD02046BDE8384068
S214006F3029F046BA002AF2D1204629F062FAF4E790
S214006F40002AF9D1EBE738BDFC5A0020F8B5044614
S214006F500B78284A0D4642F823004370FFF7B8FF27
S214006F60636B254A5C631A632046FFF7C7FF20461B
S214006F7029F026FA4FF4801363600123626BA66B38
S214006F800532E2601D4A23722261A21C2375A261AB
S214006F9066B11B4A84F82030E261E21C6262194A3C
S214006FA084F82C3004F13C03A26223630627EA79B6
S214006FB0A96802EB4203002E21F8237001EB830040
S214006FC00CBF02230423C370012383700E4B0434CA
S214006FD08360531C4460DBB20C4C03EB430341F864
S214006FE0234001EB830000234360094B0232836099
S214006FF0EA71F8BD143300203F040300034030015B
S21400700001FF300102FF1001796E00000800010048
S214007010216E000028B1034B1B78834234BF00204A
S21400702001207047E05A002070B500250A4C0B4E30
S2140070303378AB4200DC70BDD4F8A42042B123798B
S2140070401BB16079FFF7E6FF10B9104628F0AAFEDC
S2140070500135A834ECE700BF9C1C0020E15A002054
S21400706008B5427901461046FFF7D4FFA8B1CB78A1
S2140070700A48013A042B00EB82100ED8012B08D8E0
S2140070801BB9BDE8084029F0BCB9BDE8084029F0A6
S214007090C2B9BDE8084029F0C8B908BD9C1B00204D
S2140070A008B5427901461046FFF7B4FFA8B1CB7881
S2140070B00A48013A042B00EB82100ED8012B08D8A0
S2140070C01BB9BDE8084029F0A6B9BDE8084029F07C
S2140070D098B9BDE8084029F0A8B908BD9C1B002057
S2140070E010B586B00446FFF70DF8012830D1E278D7
S2140070F0042A2DD8DFE802F0133234030300617946
S2140071000846FFF787FF58B31648032A00EB81109E
S21400711050F80C3C58791DD1003818BF0120637810
S2140071204FF480728DF804304FF48273ADF8063059
S2140071300623ADF8083001238DF80B3000238DF8B8
S2140071400A0001A8CDE903238DF81430FFF712F8E2
S21400715006B010BDB0FA80F04009E0E70020DEE798
S2140071600220DCE79C1B002010B586B00446FEF724
S214007170C9FF012830D1E278042A2DD8DFE802F0D2
S21400718013133203030061790846FFF743FF48B341
S2140071901548032A00EB811050F80C3C5B791DD192
S2140071A01A1E18BF012263788DF80A208DF8043065
S2140071B04FF48273ADF806300623ADF8083001238D
S2140071C04FF480728DF80B30002301A8CDE903231D
S2140071D08DF81430FEF7CEFF06B010BDB3FA83F27A
S2140071E05209E0E70222DEE79C1B002010B586B0BD
S2140071F00446FEF787FF012812D16378094A8DF806
S21400720004304FF48273ADF806304FF48073CDE946
S2140072100223002301A804938DF81430FEF7AAFF7A
S21400722006B010BD0800070110B586B00446FEF78C
S21400723069FF012820D16278104B8DF804204FF4A6
S214007240827294F8A01094F8A10059701870ADF8E6
S214007250062004934FF480720223094901A88DF892
S2140072601430CDE90212FEF785FF94F8A130013BF9
S21400727018BF012384F8A13006B010BD005B0020C3
S2140072800800050110B58378044603B30379022B82
S2140072900AD142791046FFF7BDFE28B10C48013AE4
S2140072A000EB821029F0C1F8A379022B02D1204608
S2140072B0FFF716FF2046FFF7B7FF02236078A4F813
S2140072C06C305522BDE81040122128F0C5BE10BD16
S2140072D09C1B00204388094A08211380838853801A
S2140072E083681B8A938090F8A03093718379D3715A
S2140072F000780430C0B2FEF777BD00BFEA55002024
S21400730038B50D4604460178114813F03DF84FF69F
S21400731002739D420ED10F4B1B782BB9637120462A
S214007320BDE83840FFF7D6BF62790AB19342F6D27D
S2140073300123F3E7B5F57F4FF1D1204629F00EF98A
S214007340A378022B0CBF01220022A3689A70E6E7FE
S214007350F0B10300E05A0020024B53F82000FFF77C
S214007360CFBF00BF3C33002038B504460078144D2C
S21400737004302A460821C0B2FEF726FD20B1BDE83B
S2140073803840104813F000B82B8863806B88E97883
S214007390A380AA88A3681A82AB7984F8A030EB7918
S2140073A0A371094B1B780BB9637138BD09B19942BB
S2140073B0FBD9064812F0E8FF23780133F4E700BF54
S2140073C0EA5500200AB20300E05A002033B2030058
S2140073D0F8B504460B78474A0D4642F8230043703A
S2140073E0FFF7C2FFA268444BD465D364434B022622
S2140073F05365434BA11C13654FF44013E360012310
S2140074006161E1623F49103221632265211D3E4AD7
S214007410A1633E483E49626504F1A002A061E163B3
S214007420E265E01C611D3B4A206261643A483B49C4
S2140074302266A21D2374237784F8283084F834301B
S21400744084F84030A16484F84C6084F8583084F89E
S21400745064306062A266E879AA6800EB400102EB3D
S214007460810704F10C0CC7F804C04FF0060C2C4F33
S21400747042F82170C118C9B201EB410142F821C09F
S21400748002EB810700217960264F84F88030276759
S214007490254F84F89830A767244F254BE767254F7C
S2140074A084F8746084F88C60C4F89C3004F16C0630
S2140074B0831CC4F88470C4F890601F4F1F4EDBB264
S2140074C003EB4303C4F89460C4F8887002EB8306A9
S2140074D07034746008261A4C42F82340C31CDBB292
S2140074E003EB430302EB8304043042F8236061603D
S2140074F0E871F8BD3C330020B3040300FD0403002C
S2140075008572000001FF300104FF200110003001E9
S21400751002FF200105FF300100FF300103FF2101BB
S214007520070001084A002100024A0400510010002A
S214007530044A0400054A0400550021006F001800A4
S2140075401200010400239B6AB3F5804F03D219682A
S214007550064A914203D000230370836070470122DD
S21400756002709A689B694260F7E700BF07B0CD5E7D
S214007570024B034A1A602AF015BC00BF0000002028
S21400758002020FF073B53F4B04461A781AB1022276
S2140075901A7002B070BDCDE900220028F9D001268D
S2140075A01E7032F08BFF384D384B186017F0CEFC4B
S2140075B02B785BB902F0F2F940B935480823354A12
S2140075C03549006801F038FE00B92E70334B5A6812
S2140075D0E260334A9A601A6E22605A6E6260D3F88E
S2140075E07021A2601B6E5C042CD52E4AD368D80787
S2140075F0FCD42D4B1A68531C29D04FF480139340AB
S2140076002A4A13660423294C4FF0804223664FF41F
S21400761080632366102323664FF400536846236670
S21400762001A92266636628F0B1FF009B2366019BD2
S21400763063662B78002BACD0164B1A6822665B6804
S2140076406366A6E71A4AD368D907FCD4D1E7194B74
S2140076501B78002BD6D1184B5A68144B12B94FF42E
S21400766080121A66154A526812B94FF400121A664A
S214007670134B5B68002BC5D14FF480020B4B1A6688
S214007680C0E700BF035B0020045B002074330020CB
S2140076901C6500207833002000710800008000443C
S2140076A055CEAC0000000440E86400200090004482
S2140076B000000450025B00200080055000C005500A
S2140076C00000065038B5224D04462B78012B02D018
S2140076D001232B7038BD0028FCD028F07CFF013039
S2140076E009D028F078FF40F20113984203D0194AD7
S2140076F0D368DB07FCD42268174B1A6662685A66A2
S214007700A268C3F87021E268D40744BF00229A60DA
S214007710124B1A68013213D1114A127882B91149F4
S2140077204968C80748BF1A600F4A5268D10744BF65
S21400773001221A600D4A5268D20744BF02221A601C
S21400774017F00CFC0A4B186832F0B3FE0023C0E7B3
S214007750035B00200000044000800044E864002032
S214007760025B00200080055000C005500000065057
S2140077707433002070B50024A36AB3F5804F23D27B
S2140077801A68134B9A421FD1124E337813F0FD0538
S21400779018D14FF480341048FFF7F4FE032004F0AD
S2140077A04FFC0E4B0320DC6004F02EFC0C4B1C61DF
S2140077B0AB6ADB69984704460748FFF783FF0CB9B6
S2140077C001233370204670BD4FF48174FAE700BF82
S2140077D007B0CD5E025B00206433002000A00044AA
S2140077E00090004413B5204B1B7803B9FEE7002336
S2140077F01E4CCDE900336A4608231D49206801F077
S2140078001BFDF8B91B4AD2F84031D2F840211F2B95
S2140078104FF0010311D9203A9340019A1A4301927E
S21400782008236A461249206801F08EFE124B134A5E
S2140078301A602AF0B7FA02B010BD9340009A1A43B5
S2140078400092EDE72D28F1D10A4AD2F84031D2F85D
S21400785040211F2B4FF0010385BF203A93409340F1
S214007860019398BF0093DBE7035B00201C650020B4
S2140078700071080000800044000000200B020FF09A
S21400788038B50025AB6A0446B3F5804F10D21B6BA3
S214007890B3F5804F0CD20748FFF774FEAB6A20465C
S2140078A01B6B5B689847BDE838400248FFF70ABF85
S2140078B038BD00BF8033002013B50024A36A0190B2
S2140078C0B3F5804F13D21B6BB3F5804F0FD2094828
S2140078D0FFF758FEA36A01211B6B01A89B69984716
S2140078E004460448FFF7EEFE204602B010BD4FF4F3
S2140078F08174F9E78033002070B50026B36A044629
S214007900B3F5804F0D4612D21B6BB3F5804F0ED2E7
S2140079100848FFF737FEB36A20461B6B29469B696B
S214007920984704460348FFF7CDFE204670BD4FF447
S2140079308174FAE78033002070B50026B36A0446E7
S214007940B3F5804F0D4612D21B6BB3F5804F0ED2A7
S2140079500848FFF717FEB36A20461B6B2946DB690B
S214007960984704460348FFF7ADFE204670BD4FF427
S2140079708174FAE780330020F8B50027BB6A044616
S214007980B3F5804F0D46164611D21B6B7BB10948E6
S214007990FFF7F8FDBB6A20461B6B324629465B6A3A
S2140079A0984704460348FFF78DFE2046F8BD4FF47F
S2140079B00174FAE78033002070B50026B36A0446E7
S2140079C0B3F5804F0D4612D21B6BB3F5804F0ED227
S2140079D00848FFF7D7FDB36A20461B6B29469B6A0B
S2140079E0984704460348FFF76DFE204670BD4FF4E7
S2140079F00174FAE780330020F0B50027BB6A04461E
S214007A00B3F5804F0D461646ADF5337D20D21B6B81
S214007A10B3F5804F1CD21048FFF7B4FDBB6A204672
S214007A201B6B40F2C1225B6A01A99847044630B13D
S214007A300948FFF747FE20460DF5337DF0BD836A03
S214007A4032461B6B2946DB6A01A898470446EFE7D7
S214007A504FF40174EFE700BF8033002010B5002418
S214007A60A36AB3F5804F10D21B6BB3F5804F0CD2D0
S214007A700748FFF787FDA36A1B6B1B6B98470446F6
S214007A800348FFF71FFE204610BD0124FBE700BF9A
S214007A9080330020F0B58FB0044601A80E46154688
S214007AA0FFF7EEFE9DF80C30012B12D1B5F5402FF6
S214007AB027D8B4F5402F24D86319B3F5402F20D823
S214007AC021462A46304613F001FF002420460FB018
S214007AD0F0BD0027BB6AB3F5804F15D21B6BB3F51C
S214007AE0804F11D20A48FFF74DFDBB6A2A461B6B32
S214007AF0314620465B6B984704460548FFF7E2FD93
S214007B00E4E740F20244E1E740F20114DEE700BF9A
S214007B1080330020F0B58FB0044601A80E46154607
S214007B20FFF7AEFE9DF80C30012B1FD1B5F5402FA8
S214007B3006D8B4F5402F03D86319B3F5402F13D9F0
S214007B4040F2024420460FB0F0BDE258013225D183
S214007B5004339D42F9D82A463146204628F06BFD6C
S214007B600028EDD00024EDE70023F2E70027BB6AEB
S214007B70B3F5804F15D21B6BB3F5804F11D20A4870
S214007B80FFF700FDBB6A2A461B6B314620469B6BFF
S214007B90984704460448FFF795FDD3E740F20344B0
S214007BA0D0E740F20114CDE78033002070B58EB0E8
S214007BB0044601A80D46FFF763FE9DF80C30012B26
S214007BC022D144EA0503C3F30C03002B33D1B5F5E9
S214007BD0402F04D940F2024420460EB070BDB4F5E2
S214007BE0402FF7D82544B5F5402FF3D8204604F5A6
S214007BF0005428F019FDAC4202D00028F6D1E9E77F
S214007C000028E7D00024E7E70026B36AB3F5804FE4
S214007C1014D21B6BB3F5804F10D20A48FFF7B2FCA4
S214007C20B36A29461B6B2046DB6B9847044605481B
S214007C30FFF748FDD0E740F20444CDE740F20114D8
S214007C40CAE700BF80330020BFF34F8F0549064BBD
S214007C50CA6802F4E0621343CB60BFF34F8F00BFE5
S214007C60FDE700BF00ED00E00400FA0570B5D0B1F6
S214007C70C9B10E4E431E013913F8014F2046325D3E
S214007C8002F00302012A11F8012F08BF04F12000B8
S214007C90B55C05F00305012D08BF2032801A01D11E
S214007CA0002CE9D170BD0120FCE700BFDD710400A7
S214007CB00348044A0449121A921028F008BD00BF6F
S214007CC034410000D04200001C62002008B5154B6D
S214007CD083F30A8800F030F8FFF7EAFF124B1349E7
S214007CE08B4212D30020124B12498B4218D3FCF75A
S214007CF0F9FF186850F82240586840F822400132D0
S214007D0098688242F5D30C33EAE70022F8E71C684D
S214007D1044F8220001325C68A242F8D30833E4E754
S214007D200022F8E7080000207C96040088960400ED
S214007D308896040088960400124B134A70B59A6021
S214007D40D3F88820114D42F47002C3F888206FF0F3
S214007D50010205F50054226641F2FF7262660222B5
S214007D60C3F8D020BFF34F8FBFF36F8F4FF440366A
S214007D70032004F065F90320E66004F045F92E615F
S214007D8070BD00BF00ED00E0004000000080004431
S214007D90014B1860704700BFF0640020054B186068
S214007DA0054B1B6F03F00703032B01D130F0DEBC3D
S214007DB0704700BFF8640020008000502DE9F041B5
S214007DC004464FF001080C250D4E0CB9BDE8F081B5
S214007DD094FAA4F0B0FA80F00F2808FA00F2C8BFB0
S214007DE0103824EA0204CABF05FB006205FB0062E5
S214007DF0B4325768002FE8D09168C0B2B847E4E7BD
S214007E009033002008B50C4832F0F6FB192004F039
S214007E1009F928B1192004F013F9192004F0F4F830
S214007E201A2004F0FFF828B11A2004F009F91A20E5
S214007E3004F0EAF8002008BD684C04002DE9F04183
S214007E400E461746054618B30F2923D80378DBB12C
S214007E50013BDBB2022B19D8104AD35C6A78D340B8
S214007E60DB0717D50E4BD3F81043ACB932F026FB20
S214007E7080463A462846314602F042FE404632F0F8
S214007E8018FB2046BDE8F0817F23E7E70023E5E7FF
S214007E902224F6E72124F4E70224F2E7584A0400F5
S214007EA000C0035010B5044610B30378E3B1013B9D
S214007EB0DBB2022B1AD8104AD35C6278D340DB07B9
S214007EC018D532F0FBFA0122617823788A403021F7
S214007ED04B4341F2100103F1A04303F570335A50AF
S214007EE032F0E7FA002010BD7F23E6E70023E4E740
S214007EF02220F8E72120F6E7584A040010B5044689
S214007F0010B30378E3B1013BDBB2022B1AD8104A58
S214007F10D35C6278D340DB0718D532F0CFFA012263
S214007F20617823788A4030214B4342F2100103F1F6
S214007F30A04303F570335A5032F0BBFA002010BD50
S214007F407F23E6E70023E4E72220F8E72120F6E790
S214007F50584A040038B50D46044618B311B30378E2
S214007F60E3B1013BDBB2022B1AD8104AD35C62782D
S214007F70D340DB0718D532F0A1FA302223785343DA
S214007F8003F1A04303F570335B696278D34003F0D6
S214007F9001032B7032F08DFA002038BD7F23E6E710
S214007FA00023E4E72220F8E72120F6E7584A0400F9
S214007FB02DE9F0410D4616469846044600284FD057
S214007FC000294DD00178002940D04B1EDBB2022B91
S214007FD03ED8254AD25C6378DA40D20701D4FF291E
S214007FE040D1022E01D9042E3CD132F067FA237814
S214007FF00746FF2B05D032462046296802F0C6FD0C
S21400800028602B68013309D12378FF2B06D1174B44
S2140080106078D3F8241429F035F9286029684B1CB9
S21400802018D00C23124A03FB0122069BC2F80480D8
S21400803093602378FF2B04D001230E4A8B40C2F8AE
S2140080402434384632F035FA002007E07F22C2E7B3
S2140080500022C0E7384632F02CFA2D20BDE8F08129
S2140080602220FBE72120F9E7584A040000C003500D
S2140080709033002000D0035008B502F037FD044BC3
S21400808000F05530C3F82004BDE80840FFF796BE60
S21400809000E0035008B502F029FD044B00F0AA30BA
S2140080A0C3F82004BDE80840FFF788BE00E0035090
S2140080B02DE9F04F144605460E469B46C36B87B027
S2140080C001225B6902A960689847EB6B01225B6935
S2140080D003A93046984702A828F0F8FE074648B19C
S2140080E00023A37563754FF0FF33A360002007B02D
S2140080F0BDE8F08F03A828F0F6FE0123A375237EC3
S21400810004EBC303DE611F846368B3420ED12060B4
S21400811003A828F00AFF4FF0FF332075A360237DE5
S214008120043B022B26D80023A375DFE723681A1A20
S21400813053425341A37503A828F0F7FE237D8342DC
S21400814018BFA77503A828F0D2FE074602A828F095
S214008150CEFE874218BF002303A818BFA37528F0D9
S214008160CEFE074602A828F0CAFE87421CBF0023A0
S214008170A375D4E703A828F0BAFE80B1EB6B022201
S21400818030465B6904A9984704A828F0BFFE03465A
S214008190207D032839D8DFE800F03838040903A822
S2140081A0F3E7CC22237E04EBC3031A8401F06EFCB3
S2140081B0109B187003A8277E28F08DFE04EBC707D7
S2140081C087F82200237E03A804EBC303B3F82090AD
S2140081D093F8227028F08BFE804603A828F08FFEC6
S2140081E08246B8F1000F15D0EB6B022230465B6971
S2140081F004A9984704A828F04EFE6075637D6BB905
S2140082000023A3754FF0000838E0227E04EBC2027C
S2140082101384CBE703A828F029FEEEE794F816802F
S214008220B8F1000FEED0B9F1000F09D1DFB101238C
S214008230E375637E002B4FD1012F42D1677614E0A1
S2140082406B6C06EB0A015A4286EA010010421CBF1C
S2140082500022A2755A1E0A409B1A9945D0D8A37DC3
S214008260002BE3D1CEE7E37D43B94FF000084B4641
S21400827052463146284628F074FBA060A27D12B113
S21400828023694B4423611A49237E097899422AD9E7
S21400829001332376BBF1000F27D032B3E37D23B33F
S2140082A0B8F1000F21D1032F1FD0A1684B1C1CD0A2
S2140082B0109B2246009328460123FFF7F9FEA0757F
S2140082C013E095F8343063B9EB6A0133CFD1032F4E
S2140082D0CDD10123A376C8E7012FCFD0032FC4D179
S2140082E0F7E79846C3E70023A375A07DFFE600BF27
S2140082F07C4A04002DE9F04F0E46984600238BB0CA
S21400830004464FF0FF31104617468DF8133001F043
S214008310A7FBB6F5801F20D2314605AA04F1080057
S21400832028F026FD451C014603D1237CBBB92D2031
S21400833010E0384601F094FB0122394620460DF144
S214008340130328F060FB0028EFD09DF8133088F860
S214008350003000200BB0BDE8F08FB01CE5D1E56A18
S214008360691C36D12046616A28F041FA0546B31CDE
S21400837018BF0123DFF8CC900193636A626C029306
S214008380236805A902FB053AE36B05225B695046A4
S214008390984705A828F035FE28F058FE504628F0E5
S2140083A060FE4FF0000B824601464B1C05D0636C06
S2140083B081EA0A025B42134211D02946204628F081
S2140083C016FA029BAB422CD0BBF1000F2CD105460F
S2140083D0D3E72368ED1A636CB5FBF3F5C7E74846A9
S2140083E001F03EFB0DF1130349462046019A28F0A2
S2140083F00AFB034690B1B21C03D0D9F80020B24263
S2140084000CD19DF8132003930D4B88F800204946A5
S2140084101A68384613F05AFA039B9B46D9F8081098
S214008420C3E7BBF1000F82D0B6F5801F91D231466C
S21400843098F800307A6804F1080001F03FFA88E7FF
S214008440784A04006C3B00202DE9F34104461746A9
S21400845098460E46184D816AE36A8B4201D04B1C43
S21400846002D102B0BDE8F081284601F0F9FA0122F7
S214008470294620460DF1070328F0C5FA38B14346D1
S214008480294620469DF80720B8470028E9D0A96865
S2140084904A1C04D16968204628F036FA0146012EA7
S2140084A0DAD16B6881EA0302636C5B421A4218BF3A
S2140084B04FF0FF31D0E700BF403B00202DE9F04FE2
S2140084C04FF0FF334FF6FF720025044600F1080612
S2140084D0C0E909238BB0C36205620563304688464F
S2140084E028F017FC204628F052F960BB204641468B
S2140084F028F0CDF9204628F04AF960BB5E200BB084
S214008500BDE8F08F2368E26B606C576900FB0530AE
S214008510052205A9B84705A828F073FD01280746D7
S2140085200CD12946204628F083F9012F024600D1B7
S21400853001322946204628F049F903E028F08BFD51
S2140085400028EED10135E3699D42DBD3204628F0B2
S2140085501EF90028CAD000254FF0FF394FF6FF73EA
S214008560CA46A846C4E90853E36998450AD3A5EB6A
S2140085700905012D2CD84FF6FF72636A93423CD151
S2140085806720BCE72368E26B606C576900FB083025
S214008590052205A9B84705A828F033FD834605A897
S2140085A028F006FD0746584628F050FD68B15745A6
S2140085B038BFC4F82480B94528BFB946BD4238BF85
S2140085C03D46BA46236A0133236208F10108CBE729
S2140085D04FF6FF7300256362E3699D42CBD2676C5A
S2140085E02068E36B052207FB05005B6905A9984731
S2140085F005A828F0DDFC0135EEE7E26B676C206825
S214008600694607FB030055690522A847684628F017
S214008610CFFC626A2368606C4B4D00FB023028F08A
S21400862020FD4FF0FF33A062E3622A466FF001019F
S214008630204605ABFFF75EFE002846D1AD6829460A
S2140086402046E56228F07FF8206320B92046E16ADC
S21400865028F05AF9E0622946204628F055F90546E2
S214008660A36A9D4233D1204628F040F80027804672
S214008670B946E36999453CD3B84559D92046616A5D
S21400868028F0B5F80026054604F1400AB74212D88D
S214008690626C2368694602FB0539E36B05225B6959
S2140086A048469847684628F083FC534602464946A3
S2140086B0E06B28F0D8FC2946204628F098F80136CA
S2140086C0B0450546E2D1642019E7A56AB7E7294612
S2140086D0204628F038F8236B2946034407462363D0
S2140086E0204628F011F90546002FB9D1C4E90B073A
S2140086F0B6E7636C2568052203FB0955E36B05A9FD
S2140087005B692846984705A828F07BFC28F09EFC65
S21400871058B1284628F0A5FC0146204628F013F854
S214008720636C143B984208BF013709F10109A0E7C2
S214008730304628F0EEFA002320461946034AFFF793
S21400874083FE0020DBE600BF983B0020F50903000F
S2140087502DE9F041036B9046826B07689A4288BF0A
S2140087608363426C436A90B002FB0377C36B0E468A
S214008770052201A95B6904463846984701A828F0F7
S21400878040FC01280146307057D0656CE26B2368C8
S214008790606AD2F814C005FB0030052206A9E0473F
S2140087A006A828F02EFC01284FF0000523D0D4E9B7
S2140087B00A3201219342CDE90B458DF834800E959F
S2140087C08DF83C102AD11946204628F09DF8236BD8
S2140087D0626C14339B1AE06223630C9B53B99DF8BA
S2140087E03C303BB1626A616C2368E06B01FB02318E
S2140087F028F0BFFB0C9DE36B05225B6901A9384698
S214008800984701A828F0FDFB30702846236BA26B22
S2140088109A4288BFA36310B0BDE8F081237C33B9C9
S2140088201C490BAA04F1080001F096F8D5E720468B
S214008830194A0BABFFF708FECFE7237C23BB224683
S214008840164904F1080001F087F8616A204627F00F
S214008850EFFF616A421C204627F0B8FF054620B9A4
S214008860236B626C1344143B23632046A16A28F0F2
S2140088704BF82368A062C01A636CB0FBF3F060622A
S214008880204628F084F8B6E700232046044AFFF77F
S214008890DBFDDAE7F58F0000718F00008F0A03001A
S2140088A02B0A030073B50D46D11E4A421C461B7E9A
S2140088B04A419A4226D129682368994222D363689E
S2140088C099421FD8114E0DF107033246FFF712FDED
S2140088D0C0B972686B689A4214D19DF80730DA1EE8
S2140088E053425341227E93420CD163690133636144
S2140088F0D4E90323934205D22968A26842F82310DC
S21400890001332361012002B070BD00BF983B0020F8
S2140089102DE9F04F9B4689B09DF848309046514A65
S2140089200193136907465B450D46C0F09580D9460E
S21400893053680093B9F1000F7BD0FB6B01225B6993
S21400894005A90098984705A828F0CDFA454B1B685E
S214008950984240F0848005A828F0D1FA04280646FC
S21400896015D105A828F0D2FA009B04461E44019BA8
S214008970002B3ED1804512D91C46A8EB000838468D
S214008980009927F0C1FFA9EB04090090D2E7FB6B22
S21400899002225B69009806A9984706A8E2E7A0EBC2
S2140089A008045C4528BF5C46032C4644ABEB040B2E
S2140089B01DD9FB6B294630465B69A208984724F010
S2140089C0030304F0030A1E441D44DDF80480BAF1D4
S2140089D0000FD4D0FB6B012206A930465B6998478E
S2140089E05246284606A912F071FF5544C7E7A2462C
S2140089F0EBE7824600F0030302932B18039306442A
S214008A00039BA6EB0A00A3EB0A05029B9A4514D12A
S214008A10BAF1000FB3D0FB6B012206A95B69984739
S214008A205246284606A913F00DF90028DDD04FF06F
S214008A303609484609B0BDE8F08FFB6B012206A94F
S214008A405B6998470422284606A913F0FBF800281D
S214008A50EDD1AAF1040AD3E74FF06309E9E74FF036
S214008A606F09E6E7C43B00202DE9F0410F461646A5
S214008A709846044688B060B390F83450FDB10121A2
S214008A8027F07AFE00210E9BCDE90511CDE90237CD
S214008A909DF83C30CDF804808DF81C30237C04967D
S214008AA08BB90D4901AA04F1080000F055FFDDE975
S214008AB00553E06B002E08BF1D4627F0F6FF28463C
S214008AC008B0BDE8F0812046044A01ABFFF7BCFCC5
S214008AD0EDE70546F3E700BF590A0300A588000046
S214008AE07FB590F84260044601920DF10B030A46EA
S214008AF03046114927F0E1FF012E0546E36B17D1FA
S214008B0032465B6903A998479DF80B10039B019AB0
S214008B1059B19BB243EA0243012228460393E36B12
S214008B2003A99B69984704B070BD62F30F03F3E78F
S214008B3001229B6901A9F5E7C43B00202DE9F04F0F
S214008B4099B00E460D920A69416C0B931439D31DE9
S214008B50B3FBF1F3013302EBC302036B044693420B
S214008B60C0F001820023DFF804940893E36A4846C5
S214008B701946059300F074FFD6E9033707930B9B5D
S214008B80022B4DD1CC2F40F0D7810D9B3BB1314607
S214008B90204627F0E8FF656C1490012044E0012091
S214008BA0079B656C1B68149300F0010000280CBF3F
S214008BB004230823782F0E9349D8059A6B1E13407A
S214008BC0ED1A3B1D9D423CD2002F3DD0082D3ED8CD
S214008BD00023042506934FF0040A336806990B9881
S214008BE0C9F80030C9F8107028F0A3F94FEA9A03C4
S214008BF00F93059B89F814000393002309930C93A5
S214008C0004930A93616C039B4A1E1A408B1A27B37F
S214008C105544AB4223D8236B5B1A134423632FE1DE
S214008C20782F656CB9D8F07D0D9B002BBCD0E36B1C
S214008C3001225B69706816A9984716A828F057F9AC
S214008C40B4E700250695C6E704250697C3E7012383
S214008C5000254FF0080A0693BFE75345DBD3A3EB86
S214008C600A029742039BB84628BF90469742534451
S214008C7028D90122D9F8101089F817208F4226D15A
S214008C800399C9F80410049299F817200AB399F8C2
S214008C9018100398CA1C09EBC202506004980131F0
S214008CA0A2F80880907289F81810B8F1000F07D063
S214008CB00B9A022A40F08180099A72B10122099229
S214008CC09B46ABE0049A002A18BF0322DBE7022289
S214008CD0D9E7039AC9F80420E7E70C9A4244032A26
S214008CE0EED9E26B1846956914A901220993A847A4
S214008CF0099B05460028E1D03D2D40F01E8104F179
S214008D00080303932368059A606CA2EB030ABAFB78
S214008D10F0FA00FB0A3028F0A4F9E16A8046204603
S214008D2027F0F2FDA26A824200F00F81626CD9F849
S214008D300830511E0B40216B2768891A0B442363A9
S214008D40089BE062DF1BB7FBF2F7BA4540F0FA80FB
S214008D50059BB3EB080A12D0E36B4FEA9A02414632
S214008D609B6998478346E36A059A5344E362236BFC
S214008D7003989B1A4344236327F0CBFFDA46236805
S214008D80616CE06B01FB073128F0E0F8204627F025
S214008D90FEFC204627F0FBFD2063BAF1000F00F032
S214008DA0D4803269616CD31D1439B3FBF1F30133FF
S214008DB002EBC3029042A5D2BFE00D9A002A77D1FB
S214008DC0B8F1030F4FEA98026ED9E16B18468D6929
S214008DD007991093A847109B0546C0B918F00305DD
S214008DE015D0079A28F0030B02EB0B019B444FF0BB
S214008DF0FF3215A815922A46109312F067FDE26B13
S214008E005846956915A90122A8470546109B9B461A
S214008E10079A42440792002D40F08B80049B16A8C8
S214008E200193069B009399F814204346316800F09E
S214008E30CDFDE36B0F9A9B69039816A99847039A92
S214008E40051E089B18BF1346089343465246204605
S214008E50039927F086FD236B08F10302A3EB0A03B0
S214008E6022F003029B1AC9F808002363002D7FF442
S214008E7043AF0C9BA7EB080743440C93CDF80CB00C
S214008E802046039927F040FD00250390002F7FF42D
S214008E90B9AE364A3168936804F10800E362526856
S214008EA00B9B00F00BFD49E09B46454607999EE765
S214008EB09B4606F120021092F27D7068A2B1002255
S214008EC096F818C00A99D5B2AC4511D9109D02F192
S214008ED0010E35F832508D4228D90E9806EBC202A4
S214008EE00144D069084403E00E9A0A990A441044E3
S214008EF0E26B15A9556901221193A847159A0A9B9A
S214008F001392E26B043395695846012213A90A931B
S214008F10A847119B054603EB0802A2EB0B02042AA6
S214008F207FF679AF28B90BF1040BC5E77246491BEB
S214008F30C9E7CDF820B088E770252F46384619B027
S214008F40BDE8F08F4FF0000A19E73269616CD31D57
S214008F501439B3FBF1F3013302EBC302236B9342E4
S214008F60BFF404AEE9E71C27E8E700BF6C3B00202F
S214008F70032A2DE9F34106460D4617461C4606D140
S214008F80237A012B23D0012002B0BDE8F081DFF860
S214008F906080096842460DF10703FFF7ABF9606091
S214008FA00028EDD19DF80720237A032AE8D0D8F8C8
S214008FB004106A689142E3D1012B2969D4F80CC0E9
S214008FC007D172690CEB0103934202D92074207C0E
S214008FD0DAE708316144E1603B4601222946304623
S214008FE0FFF7ACFD60600028CAD00020CCE700BFC9
S214008FF0983B00202DE9F341089C032A1746266873
S21400900006D1237A012B24D0012002B0BDE8F081DE
S214009010DFF89080304642460DF10703FFF76AF905
S21400902060600028EDD12568D8F80400A96AD5F854
S21400903044C04840CCF100031840227AE1D1012A0E
S21400904009D1E268D8F8103013447269934202D905
S2140090502074207CD9E72868EB6A1B1A081AB3FB31
S214009060FCF3B0FBFCF083420BD1706CF36A421E3B
S2140090701340326B121A13442846336327F044FC1D
S214009080E862D8F81020E36808321344E36001224F
S2140090903B4604492068FFF751FD60600028B0D0C9
S2140090A00020B2E7983B00202DE9F0410025604BF8
S2140090B00E46D3F8008004461D6018B921252846C0
S2140090C0BDE8F08190F8347007B30A6803689A42E6
S2140090D040F0A3804A6843689A4240F09E808A68BF
S2140090E083689A4240F09980CA68C3689A4240F002
S2140090F094800A6943699A4240F08F808A69C36BFC
S2140091009A4240F08A804B698361D8E768223946E4
S214009110856B12F04BFAD6E90212336804F10800A8
S21400912023607368A5636360336963617369A361D1
S21400913027F001FEB36904F14000E3639B6898479B
S21400914020B9676C17B16368B3FBF7F794F8433040
S214009150E761002BB2D00023656C2366002D64D037
S214009160002F62D02368B3FBF5F205FB1233002B09
S21400917055D16668B6FBF5F305FB1363002B4ED19D
S214009180204627F0D0FAA369043303449E4248D30E
S21400919040F634726369CC3B934244D8B5F5805FA1
S2140091A043D30321204627F0E7FAD4E90001E36B16
S2140091B01B6898470546E36B0220DB689847CDB9E5
S2140091C041462046FFF77AF96428054604D1414611
S2140091D02046FFF773F90546666C5DB9236A20469C
S2140091E0143E5E4327F09FFAA369043303449E426D
S2140091F038BF5A25002D0CBF0123002384F83430D5
S21400920007D1D4E900010B4A13680133136027F035
S2140092102CFEE06B27F049FC51E75D254FE759250A
S2140092204DE75A254BE75F2549E75B2547E700BF33
S214009230FC340020F83400202DE9FF410C46164689
S2140092401F46054680B390F834307BB3B1F5801FD7
S2140092502ED2DFF86080012127F08EFA21464246A2
S21400926028460DF10F03FFF745F8044670B99DF840
S2140092700F30012B11D1D8F81030BB4212D1024664
S214009280009031462846FFF743FB0446E86B27F07C
S2140092900CFC204604B0BDE8F081022B14BF2D2440
S2140092A06024F3E76324F1E72124F2E71124F0E7D2
S2140092B02924EEE7C43B00202DE9F04385B00C4698
S2140092C017461E460546DDF8308098B390F83430D1
S2140092D093B3B1F5801F31D2DFF86490012127F0F7
S2140092E04BFA21464A4628460DF10F03FFF702F8CF
S2140092F0044688B99DF80F30012B14D1D9F81020F8
S21400930006EB08039A4213D300904346324639468A
S2140093102846FFF7FDFA0446E86B27F0C6FB204612
S21400932005B0BDE8F083022B14BF2D246024F3E7BC
S2140093306324F1E72124F2E71124F0E72924EEE77D
S214009340C43B002073B50C461646054630B390F86D
S21400935034302BB3B1F5801F24D2012127F00CFA4C
S21400936021462846104A0DF10703FEF7C3FF0446C0
S21400937080B99DF80730032B0CD0022B0CD1284661
S214009380094927F0F0FB3060E86B27F08EFB20469B
S21400939002B070BD2D24F7E76124F5E72124F6E737
S2140093A01124F4E72924F2E7C43B00202DE9F34119
S2140093B01E4600230C4617460546336050B390F809
S2140093C034304BB3B1F5801F28D2DFF8548001212A
S2140093D027F0D2F92146424628460DF10703FEF74C
S2140093E089FF0446A0B99DF80730032B10D0022B46
S2140093F003BF01233B600423D8F8103018BF386041
S2140094003360E86B27F051FB204602B0BDE8F081E0
S2140094102D24F6E72124F7E71124F5E72924F3E7BE
S214009420C43B002073B50446056B27F07CF9636ED9
S21400943003449D422CBF00230123854294BF002590
S2140094402D1A207C84F85030656584F85800A8B141
S21400945000230C4E1A4619462046009627F047FC75
S214009460002305461A4619462046009627F048FC73
S214009470E3682844984294BF0020C01AE06502B012
S21400948070BD00BFFFFF0F002DE9F3471E4643697E
S2140094900446B342884617469DF828904ED30025CA
S2140094A08DF80750204627F03EF9D4F830A08245C4
S2140094B00AD2236AB5EB430F06D2002220460DF1EE
S2140094C00701FFF745F9B8B39DF80730012B05D122
S2140094D0002220460DF10701FFF73AF9B9F1030F14
S2140094E006D03146204627F00EF9256B854227D355
S2140094F0144D4FF0FF31284600F0B2FA4B4629468D
S21400950000222046C5E90376C5F80080FFF716FB63
S214009510236E054663B12046FFF784FF94F850306B
S21400952013B994F858301BB1236E04F150009847D5
S214009530284602B0BDE8F0870135B3E76225F7E7B5
S2140095401C25F5E7983B00202DE9FF410F46904685
S2140095501E46054698B390F8343093B3B1F5801F95
S21400956031D21A4C022127F007F9224639462846FE
S2140095700DF10F03FEF7BEFE024678B10123424608
S2140095800093394633462846FFF77EFF0446E86BCD
S21400959027F08BFA204604B0BDE8F0819DF80F3026
S2140095A0012BEBD12169B142E8D100934146334605
S2140095B02846FFF7ADF904460028DFD1E7E7212467
S2140095C0E8E71124E6E72924E4E700BFC43B0020CF
S2140095D02DE9F04790F8423086B0012B05460391FE
S2140095E0A1EB020740F0AA80FF2F03D81E464FF0DB
S2140095F0640807E00226012B14BF4FF032084FF034
S2140096006408013600244FF6FF79DFF844A195F888
S2140096104230012B14BF322364239C4202D35FFAEC
S21400962088F40DE005AB22465146284627F079FA25
S21400963095F84230012B059B34D14B452DD1E4B231
S21400964095F84230012B14BF32226422121BB2421C
S21400965017D3012E39D10022012B05978DF8132040
S21400966027D1082205A90DF1130027F016FD9DF855
S2140096701330059A42EA032221462846FFF730FABD
S21400968040B10223324900932846CC23096803AA36
S214009690FFF7FAFE06B0BDE8F087DBB203B9023486
S2140096A00134B4E7591CCAD09BB2002BF8D1013460
S2140096B0F6E7102205A90DF1130027F0EEFC9DF841
S2140096C01330059A42EA0342D6E7039A012B059225
S2140096D023D10823202205A90DF113008DF813309D
S2140096E027F0DBFC9DF81320120221462846FFF7E0
S2140096F0F7F995F84230611C012BC9B21AD100283F
S214009700BFD12846BDF81420FFF7EAF90028B8D1E3
S2140097100234BDF81620E1B2AFE71023202205A9D7
S2140097200DF113008DF8133027F0B7FC9DF81320C9
S2140097301204DAE70028A4D1059A9EE7B7F5803F21
S2140097404FF00106BFF457AF4FF032085AE700BF9C
S214009750C43B002070B586B00E4605460392A0B303
S21400976090F834309BB3B1F5801F32D2022127F037
S21400977003F831462846184A0DF11703FEF7BAFDDE
S214009780044618B99DF81730032B0ED10223314634
S21400979000932846CC2303AAFFF776FE0446E86B20
S2140097A027F083F9204606B070BD022B0BD10A497C
S2140097B0284627F0D8F9039902468142EFD028467A
S2140097C0FFF706FFEAE76124E9E72124EAE7112428
S2140097D0E8E72924E6E700BFC43B0020F7B50C46BF
S2140097E01646054668B390F8343063B3B1F5801F6B
S2140097F02BD2022126F0C0FF21462846144A0DF13E
S2140098000703FEF777FDC0B99DF80730032B14D089
S214009810022B14D10E49284627F0A5F9471C02460C
S21400982039462846FFF7D4FE044606B13760E86B93
S21400983027F03BF9204603B0F0BD2D24F7E761245E
S214009840F5E72124F6E71124F4E72924F2E700BF20
S214009850C43B002030B50C46054685B028B390F8CA
S214009860343023B3B1F5801F23D2022126F084FFC3
S2140098700DF10F03214628460F4AFEF73BFD03462F
S21400988088B99DF80F20032A0DD0032221460092A6
S21400989002462846FFF7F8FD0446E86B27F005F970
S2140098A0204605B030BD2D24F7E72124F8E7112423
S2140098B0F6E72924F4E700BFC43B00202DE9F04377
S2140098C0466886B3056898464FF0000CA946AE4633
S2140098D055F83C400CF1010CC4F31307013401D0D9
S2140098E0B94217D0B4450EF1080EF1D12F46002428
S2140098F003E0B44207F1080712D055F834300134BB
S2140099000133F6D1C1F3130141EA0851C7E9001249
S214009910BDE8F08341EA0851CEE90012BDE8F083C5
S214009920B8F1030F03D101230372BDE8F0830023CF
S21400993003E0B34209F10809F5D055F83340013386
S214009940C4F30754032CF4D1C1F3130343EA0853BA
S214009950C9E90032BDE8F0832DE9F04106464068CB
S21400996082B0B8B10F4690460024336853F834509E
S21400997003EBC403C5F30752C5F31301013506D044
S2140099805B683046CDF80080B84718B1706801347F
S2140099908442EAD302B0BDE8F08100BF024B1968EA
S2140099A0024B1868FFF780BBFC6400201C65002093
S2140099B008B530F076FD014B186008BDF03B00207E
S2140099C0014B186830F068BDF03B002073B50446C4
S2140099D02248012A00EAC1119DF8185023F07C4065
S2140099E007D9961E012E28D9073303F07F031943A3
S2140099F008E09DF81C300A43DB0603F0C05313430F
S214009A0043F060410023C4E900108DF80730B5B17B
S214009A10202221460DF1070027F03FFB1A220DF108
S214009A200700211D27F039FB082063689DF80720F2
S214009A3043EA8263636002B070BD1143E2E71B2213
S214009A400DF10700214627F028FB23689DF8072024
S214009A50042043EAC2632360EDE700BF80FFFF07F0
S214009A6038B5094B0D461A680021044611F09EFDD4
S214009A7000234FF0FF322383C4E900252361A26050
S214009A80E382A37638BD00BF784A04000138C0B22E
S214009A9005289ABF014B185C012070477D4A0400D8
S214009AA02DE9F0410746154600240E46596888B051
S214009AB0490A012922464FEA510104F10104F8D867
S214009AC0DC78997824031B88C90201F4006104F449
S214009AD080540C43C3F30A035203234492B24FF05C
S214009AE000089C18274B6FEA0444039325F078433C
S214009AF0ED4302A90DF107001B2202938DF80780A3
S214009B0027F0CBFA9DF80720029B02A943EAC2631E
S214009B100DF107001B2225F07845049302958DF879
S214009B20078027F0BAFA9DF80720029B6FEA1444D4
S214009B3043EAC26305934FF0FF330794069307A9E1
S214009B40BB69012206F110009847BB6905A90446C7
S214009B50012206F108009847BB69404518BF044635
S214009B6004A90122301D98470122404518BF04462B
S214009B70BB69304603A99847404508BF204608B051
S214009B80BDE8F08101009AB238B5104B0546D3F80F
S214009B9000310C4603F00303022B0BD0032B0DD031
S214009BA0012B0FD12EF0FCFD032305B1286004B174
S214009BB0236038BD2EF03EFE0723F6E730F084FC27
S214009BC00623F2E701230020EFE700BF00800050E5
S214009BD038B5134B0546D3F820010C4600F00700B5
S214009BE004281AD8DFE800F003090D111500012338
S214009BF005B1286004B1236038BD2EF097FD04231C
S214009C00F6E72EF0CDFD0323F2E72EF0CFFD052379
S214009C10EEE72EF0C1FD0223EAE700231846E7E749
S214009C200080005038B5104B0546D3F840310C463E
S214009C3003F00303022B0BD0032B0DD0012B0FD107
S214009C4030F044FC082305B1286004B1236038BD19
S214009C502EF0F0FD0723F6E730F03BFC0923F2E791
S214009C6001230020EFE700BF0080005038B5104BFE
S214009C700546D3F860310C4603F00303022B0BD0E5
S214009C80032B0DD0012B0FD130F020FC082305B19B
S214009C90286004B1236038BD2EF0CCFD0723F6E71C
S214009CA030F017FC0923F2E701230020EFE700BF9E
S214009CB00080005041F6713210B5104C104BA04297
S214009CC094BF00240124D969DA639A6801F48031CC
S214009CD022F4401242EA04529A600A4A90420A4A21
S214009CE0D2F818028CBF40F0020020F00200C2F842
S214009CF0180209B10022DA6310BD00BF005A6202E2
S214009D000000035080F0FA0200C007502E4B984225
S214009D104AD022D82D4B984240D014D82C4B98428B
S214009D2039D00AD82B4B984232D02B4B98422FD0A2
S214009D302A4B98422CD000207047294B9842FAD1E3
S214009D40284B186F7047284B98422AD0274B9842CA
S214009D50F1D1244BD3F880007047254B98422BD086
S214009D6009D8244B984223D0234B9842E3D11D4B6D
S214009D70D3F88C007047214B984221D003F574032A
S214009D8003F510539842D6D1164BD3F89800704777
S214009D90144B986D7047134B586E7047114B586FA5
S214009DA07047104B986F70470E4BD3F8840070477F
S214009DB00C4BD3F8880070470A4BD3F890007047D6
S214009DC0084BD3F8940070470048E8010024F400DC
S214009DD0C0CF6A0080841E0000093D0040420F008C
S214009DE0405DC6000080E00FC0EA210180BA8C0109
S214009DF0007E560380D54302006CDC020090D00340
S214009E0037B50C460021114B0191D3F88031054639
S214009E1003F00303022B0ED0032B11D0012B03D12A
S214009E2001A8FFF7D5FE0D210DB1019B2B6004B1F3
S214009E30216003B030BD2EF0B9FC05210190F3E798
S214009E402EF0AAFC02210190EEE700BF0080005031
S214009E5038B5104B0546D3F840320C4603F00303E2
S214009E60022B0BD0032B0DD0012B0FD130F02EFB85
S214009E70082305B1286004B1236038BD2EF0DAFC53
S214009E800723F6E730F025FB0923F2E70023184600
S214009E90EFE700BF0080005038B5144B0546D3F8F6
S214009EA000020C4600F0070004281BD8DFE800F08C
S214009EB003090D111500012305B1286004B12360C4
S214009EC038BD30F003FB0823F6E72EF0B3FC07237B
S214009ED0F2E730F0FEFA0923EEE72EF047FC0C23FB
S214009EE0800AE9E700231846E6E700BF0080005036
S214009EF038B5144B0546D3F808020C4600F00700A8
S214009F0004281BD8DFE800F003090D111500012313
S214009F1005B1286004B1236038BD30F0D7FA0823B5
S214009F20F6E72EF087FC0723F2E730F0D2FA092393
S214009F30EEE72EF01BFC0C23800AE9E70023184608
S214009F40E6E700BF00800050032814D005D801289B
S214009F5005D0022809D0002005E00F28FBD1084BC9
S214009F60186FC0F3013001307047054BD3F89000EE
S214009F70C0F30460F7E7024B186FC0F38020F2E7E7
S214009F80008000501FB500230193252817D8DFE86E
S214009F9000F0131A1D272C363B51565B60656A7815
S214009FA0161A401616561A272C27361A5127783BAB
S214009FB03B3B3B2727275B602EF0BEFB01900198BA
S214009FC005B05DF804FB2EF0D1FBF7E72EF0B4FBEE
S214009FD002460220FFF7B8FFB2FBF0F20192EEE76E
S214009FE02EF0C4FB02460320F4E72EF0BFFB024629
S214009FF00320FFF7A9FFB2FBF0F25208EEE70021BC
S21400A00001A8FFF7FDFEDAE7002101A8FFF7E0FD53
S21400A010D5E702934FF0E0231B695B0705D52EF0CA
S21400A020A5FB0290029B0193C9E703A902A8FFF7CC
S21400A030F9FDF7E7002101A8FFF7F4FDBFE70021CF
S21400A04001A8FFF713FEBAE7002101A8FFF724FFD7
S21400A050B5E7002101A8FFF74BFFB0E7002101A8F4
S21400A060FFF792FDABE7094BD3F8803003F003030C
S21400A070022BA8D0032B01D000209FE72EF096FBE2
S21400A0809CE7002101A8FFF7E3FE98E70080005058
S21400A09008B50120FFF776FFBDE80840034988426F
S21400A0A094BF01210221032000F002B880F0FA02DA
S21400A0B0032810B50C4627D004D8012804D002285F
S21400A0C017D010BD0F28FCD127F005F827F00BF8A5
S21400A0D0124A013C136F23F4405343EA04331367D8
S21400A0E02EF044FB0021FFF7E5FDBDE81040FFF72A
S21400A0F0CFBF0A4A4C1ED2F8903023F0F85343EAFA
S21400A1000463C2F89030DCE7044A4C1E136F23F455
S21400A110806343EA84231367D3E700BF00800050C0
S21400A1201FB500230193252821D8DFE800F013206F
S21400A1302020202A2F454A4F54595E712020342073
S21400A140204A202020202A204520712F2F2F2F2024
S21400A15020204F54314B1B6F03F00703013B032BAA
S21400A16005D8DFE803F00C02080A042301930198DF
S21400A17005B05DF804FB0323F8E70623F6E70223A1
S21400A180F4E7002001A9FFF73BFEF0E7002001A955
S21400A190FFF71EFDEBE702934FF0E0231B695B071A
S21400A1A005D52EF0E3FA0B230393039BDEE703A902
S21400A1B002A8FFF737FDF8E7002001A9FFF732FDF8
S21400A1C0D5E7002001A9FFF751FDD0E7002001A93F
S21400A1D0FFF762FECBE7002001A9FFF789FEC6E77E
S21400A1E0002001A9FFF7D0FCC1E70C4BD3F8803064
S21400A1F003F00303022B03D0032B05D00023B5E79F
S21400A2002EF0B4FA0B23B1E72EF0D0FA0523ADE713
S21400A210002001A9FFF71CFEA9E700BF0080005040
S21400A22008B50320FFF790FE034B187026F053FF87
S21400A230BDE8084026F057BF055B002010B5044671
S21400A2402EF094FA0021FFF735FD1CB1BDE8104052
S21400A250FFF71EBF034B0320BDE810401978FFF739
S21400A26027BF00BF055B002038B50546FFF74EFD4B
S21400A270204B04465A68012A04D11F494A609A694D
S21400A2809207FCD10020FFF74BFF042803D126F0ED
S21400A29022FF26F028FF194A24F0407395421FD06B
S21400A2A0174A95421FD0174AD16811F0060FFBD106
S21400A2B09068936091684B4013F4F81F16D12846B7
S21400A2C0FDF766FD0020FFF72BFF042810D12EF0C7
S21400A2D04DFA0021FFF7EEFCBDE83840FFF7D8BE88
S21400A2E043F00073DFE743F08073DCE79060E9E754
S21400A2F038BD00BF00C0015000E0015040420F00D2
S21400A30080841E000000015070B504460020FFF750
S21400A31007FF03287CD045F60E030221414AC2F807
S21400A3208030414B9962012103F580539962936D09
S21400A330D903FCD4D4E900131B0543EA0163E17B8F
S21400A34094F823500B43217B43EA0143617B43EAA5
S21400A3500133A17B43EA811313619169D4E90403B5
S21400A3601B0643EA806301F000410B43A17EE07EBA
S21400A3700B43217E43EA0143617E43EA0123936156
S21400A380E169136A002923F00D0343EA010314BFB1
S21400A3900121002143EA800343EAC103136294F8D3
S21400A3A0203094F82200916A4FEA431331D194F892
S21400A3B0216021F0330143EA06130B4343F0010307
S21400A3C093621A49174A936D31EA0303FBD10221BF
S21400A3D0154B9962936D5B00FCD41369A16823F456
S21400A3E0700343EA015313614FF000420E4B9A612B
S21400A3F018B9022203F580539A6215B901220C4B54
S21400A4009A6294F824301BB1064B0A4AC3F880209F
S21400A41070BD21F0330129430B4343EA40039362A6
S21400A420EFE700BF00C0005000D00050030001401E
S21400A43000E00050F1A7FFFF014B93F900007047C2
S21400A440065B0020014B1880704700BF166A00208C
S21400A4500C4A10B51369044643F0040313612EF04A
S21400A460F5FC26F044FE084B084AC3F8202430BF0B
S21400A47026F03EFE02F066F91CB9BDE810402EF04C
S21400A48075B910BD00ED00E000E003500000FFFFCE
S21400A490034A0179D36E23F030030B43D36670472B
S21400A4A000400050F8B504460D461F4616464AB111
S21400A4B001238B403021184A01FB0022F7B141F2FC
S21400A4C01001535004EB4403072D4FF00F014FEAE1
S21400A4D0031316D8A80006FA00F281400F48184465
S21400A4E026F009FE4EB9012330210B4AAB4001FB92
S21400A4F0042277B141F210015350F8BD42F2100128
S21400A500DFE7A5F10800800006FA00F28140044863
S21400A510E5E742F21001EFE700C0035004C0035025
S21400A5200CC00350012200F5805310B55A60244B2E
S21400A530244AC36043691340FCD18361C0F8983055
S21400A540436913F4401FFBD14369DA052CD4836FAB
S21400A55053BB43699B0529D4D0F8883033BB01210F
S21400A560C26FD0F88C2000F5005251603021836015
S21400A5700361C36203620167C0F880101249884213
S21400A58008D142F26004114984640165436584651C
S21400A590016643660C49884202D10020102B08D180
S21400A5A00B4B5362936210BD436FCDE7D0F88430F7
S21400A5B0CFE703F1280441F824000133EEE700BF9B
S21400A5C012000200520001000040005A00C0028043
S21400A5D08F330F80084608B569B91820FFF7D2FCFC
S21400A5E0B0B10C4B984206D90B4B9B68C3F3027371
S21400A5F00133B0FBF3F0094B00F5742000F23F2066
S21400A600B0FBF3F001387F2828BF7F20C0B208BD1A
S21400A6100120F0E7005A62020040005A40420F0054
S21400A6200B4B10B5994228BF19460C461AB918208C
S21400A630FFF7A8FC0246631E1344B3FBF4F0A342E4
S21400A64028BF00F1FF30032828BF0320C0B210BD8A
S21400A650005A620210B51048104C002B08BF044682
S21400A6608C4228BF0C461AB91820FFF78BFC02460E
S21400A6709DF8083040F2FF300133B2FBF3F2631E60
S21400A6801A44B2FBF4F3A24228BF03F1FF33984208
S21400A69028BF184610BD00BF80969800404B4C005F
S21400A6A02DE9F04F2DED068BB64D0C461646294685
S21400A6B0002285B00746FFF7B3FF94F80580012215
S21400A6C0804538BF804607F500535A6020795FFA08
S21400A6D088F850B91820FFF755FCA842014628BF55
S21400A6E0B0FBF8F13846FFF775FF4FF00009E37846
S21400A6F022781B01524202F0020203F03003134399
S21400A70062780004524202F004021343A27800F476
S21400A710FE00524202F0080213434FEA087202F0AB
S21400A720E04213431843E3882289B8603B6163899B
S21400A730DFF85CA243EA02433B62574502D1B9F117
S21400A740020F08D1012307F580577B6005B0BDECEA
S21400A750068BBDE8F08F002235788B488B49B468AD
S21400A760954218BF01462B468948CDF80080FFF772
S21400A77071FF07EB09118B6CA2B223F0405323F450
S21400A780EE2323F01F0305F003041C437378824274
S21400A7904FEA830303F01C0344EA0304B37838BF8C
S21400A7A002461B03F07803F4E0432343040404F456
S21400A7B0E024234334794FEA091C240704F040546C
S21400A7C023438B648C6C09F1050BC4F30234013C03
S21400A7D07049042C26D8DFE804F0252503101A005B
S21400A7E0D1F88041240C2DB3C2F309020AEB0B13F7
S21400A7F05A6009F1010910369FE7D1F88441002D0F
S21400A800F2D1D1F88C11A4B20914490015E0D1F8A0
S21400A8108441002DE8D1D1F88C11240C091401EBE9
S21400A82041010AE0D1F88041A4B2002DDCD1DFED71
S21400A8305A7A06E0D1F88C11091407EE901AF8EE51
S21400A840E77A01210CF1B44C0CF5804C2304DCF8BB
S21400A850483024F4C045C3F3820C0CF1010C01FA15
S21400A8600CF107EE101A4FEA854548BF45F0004543
S21400A87013F01C0FB8EEC79AF6EE008A454B55D17A
S21400A880D3F88C110BB208EE103AB8EEC88A38EE40
S21400A890278A9FED42AAF7EE049A00285DD103921C
S21400A8A026F0A3FC07EE900AF8EE677A87EE8A7A1F
S21400A8B0C9EE877A27EE888A039A9FED397AC7EE23
S21400A8C0097A9FED387A67EE877AB1EE007AB5F1AD
S21400A8D0004F48EE077A0BD09FED337A06EE104A0B
S21400A8E077EE876ABAEEE86AF0EE477A56EE267A90
S21400A8F0F5EEC07AF1EE10FACBBFF1EE677A78EE9D
S21400A900E78A77EEE87AFDEEE87AC8BFFDEEE77AEA
S21400A91017EE901AB1F5003F2ADB6FEA55456FEA4D
S21400A92045451B484FEA0B1145505DE7D3F890119B
S21400A93069EE286A09B207EE101AB8EEC77AD3F89D
S21400A940881177EE677A0BB208EE103A87EEA67A91
S21400A950B8EEC88A38EE078A9BE7D6ED037AF8EE9B
S21400A960677A87EE8A7AC9EE877A27EE888AA4E71E
S21400A97011F5003FAABFC1F3110145F400350D43A0
S21400A980CFE700BF005A6202404B4C00809698000A
S21400A9900040005A0080E00F0000000000007A44EB
S21400A9A000008043000020440000004941F6713258
S21400A9B0034BDA63012203F50053DA60704700BFE9
S21400A9C00000035041F671320121044BDA6303F5AF
S21400A9D00052D1600022DA63704700BF00000350C7
S21400A9E0044B1868421C02BF034AD2F89400186051
S21400A9F0704700BF2065002000400050CB784A78A2
S21400AA0010B55B010C7843EA82030A79234343EAD4
S21400AA1002130C22424302F1B0421363012C02BF20
S21400AA208A78024B43F8202010BD00BFD080035028
S21400AA3008B54FF0B0435A6802B960B15B680BB115
S21400AA4026F0FBFB4FF0B04130B10120074B5860B9
S21400AA5026F0F3FBC86008BD26F0EFFB0223CB60B0
S21400AA6026F0EBFB0122024B5A60F4E70010005878
S21400AA70002000584FF0B0414B6810B50BB126F0DF
S21400AA80DCFB01220B4BC4785A608378934043EA80
S21400AA90840344782343047943EA0413447943EA5D
S21400AAA0C4038B60044B5A600378C3F10203CB6087
S21400AAB010BD00BF0020005800100058054B5B6911
S21400AAC0C3F38512827003F03F021B0B42700370C3
S21400AAD0704700BF00C007500120034B9B680A3335
S21400AAE003F01F03984070470080E00F034BD3F835
S21400AAF02424D3F820041040704700BF00C0035041
S21400AB002DE9F8431E4B0546D3F810334B1E0E2B8B
S21400AB100E46174690F8009044781DD909B34FF0BA
S21400AB2000082846D7B12FF0D7FC09EB4903072CBD
S21400AB304FF00F014FEA031315D8A400114808FA86
S21400AB4004F2A140184426F080FBBEB928468FB117
S21400AB50BDE8F8432FF0C0BC8846E2E726F084FB49
S21400AB60E3E78846E1E7083CA400074808FA04F251
S21400AB70A140E7E7BDE8F84326F076BBBDE8F883DA
S21400AB8000C0035004C003500CC003502DE9F04130
S21400AB90204B1646D3F810234A1C05460C46407830
S21400ABA004D1D3F8241426F06DFB0446002C2EDBCB
S21400ABB0072C14DC03274FEA84082A7807FA08F7DC
S21400ABC03946154802FA08F226F03FFB6A783946FD
S21400ABD002F00302114802FA08F226F036FB0123BF
S21400ABE016F0050F0E4A18BF0E4903FA04F30CBF01
S21400ABF0C2F81034C1F8103416F0060F18BF094A10
S21400AC00C2F814340123064AA340C2F82034204672
S21400AC10BDE8F08100C0035000C4035008C40350D0
S21400AC2000E0035000D0035070B504462AF00CFF35
S21400AC30064630B90FCC044D0FC594E80F0085E8E2
S21400AC400F00304670BD00BFF43B002047F6FF7390
S21400AC509A42F0B570D0022970D8394B5B5C022B53
S21400AC606CD8384DDE0005EBC304A77815F83330F2
S21400AC70012F394638BF0121012B16D1E078401A42
S21400AC800021884205D8012F2CBFC0190130C0B260
S21400AC90F0BD431A6568A0EB530335F9135095428F
S21400ACA0D4BF194603F1FF30EBE760680028EFD009
S21400ACB0B0F90040944204DBB0F902409442B8BFB9
S21400ACC0144683883544FF2B19BFC8232827B0F9BC
S21400ACD00630B0F90870A3EB04030CBF0122002273
S21400ACE093FBF7F36E7813441BB29E4201DD002BF4
S21400ACF001DA731E1BB24FF47A7C00EBC305EA88B8
S21400AD00AD685F1C14FB02521D4622EAE2723BB29B
S21400AD105C329E42B2FBFCF204DD00EBC307BF8848
S21400AD209742EAD200EBC5039888904228BF1046A7
S21400AD30884238BF0846AAE7FF20A9E70020A7E711
S21400AD40834A0400F43B00200229F0B560D8314B5A
S21400AD50595C02295CD8304B13F83100012816D113
S21400AD6003EBC1039C78D878012C214638BF01211B
S21400AD70904294BFC1EB0001C1EB0201001BCAB2B6
S21400AD808242C8BF00225B6833F91200F0BD002A79
S21400AD903CD003EBC1035968002939D0987890421B
S21400ADA002D3B1F90200F1E7DC78B1F90000944271
S21400ADB0ECD95C788B88013CA3F1FF06734201F165
S21400ADC00405E4B2734101F10C07DEB2B44216D8B2
S21400ADD005EBC3034FF47A756A43B3F902405B6828
S21400ADE0D21A04EBD47302EB630292FBF4F29042A5
S21400ADF0CCDBB1F902009042C8DC10B2C6E737F8E7
S21400AE0033C05E1C9445E3D33346DEE70348BDE714
S21400AE100348BBE7834A0400F43B00200CFEFFFF18
S21400AE200080FFFF08B50448FFF7FEFEBDE80840B7
S21400AE3001202AF00FBE00BF884A04007FB5142206
S21400AE40002101A810F0B2FB044B01A94FF0FF301F
S21400AE5002932AF045FE07B05DF804FB006A18006E
S21400AE602DE9F0418CB08846DDE912761D46044691
S21400AE70002847D0002945D0002F43D0002E41D0CF
S21400AE8013F00F033ED120482049A360002A08BFD4
S21400AE9001462362C4E90013404609A926F084FA55
S21400AEA068BB204609992FF072FB294620462FF0F2
S21400AEB06EFB6946404626F006FB00BB6946204608
S21400AEC026F031FB404603A926F008FBB8B9204619
S21400AED003A926F028FB06970127204645F00055D3
S21400AEE006A90797089526F01EFB204609A909968D
S21400AEF00A970B952FF071FB20462FF02BFB0CB01A
S21400AF00BDE8F0812120FAE70001000400010104F9
S21400AF102DE9F04F97B0894690461F460546DDF866
S21400AF2080A0002800F0BB80002900F0B8803AB16D
S21400AF30229B002B00F0B380239B002B00F0AF80F9
S21400AF40BAF1000F00F0AB80219B002B00F0A78029
S21400AF5067B13C680026229B43440293464507D3CC
S21400AF6007B13C60002017B0BDE8F08F3C46F1E723
S21400AF705CB1229B219A9B5D125D01345340239A5B
S21400AF8004F00F0493550136E8E7A8EB060BBBF177
S21400AF900F0F58D9434B4846C5E90034AC602C62C5
S21400AFA013A926F001FA0028DDD1284613992BF0C4
S21400AFB00F0B2FF0ECFA594628462FF0E8FA4846D1
S21400AFC004A926F080FA0028CDD1284604A926F048
S21400AFD0AAFA484607A926F081FA0028C3D12846CF
S21400AFE007A926F0A0FA012322992F4ACDF828A017
S21400AFF00B930C928A190D9228464BF000520AA920
S21400B0000E9303920F9226F08EFA28460DA926F08C
S21400B0108AFA239B039A991901231091119312928D
S21400B020214A284610A9CDF84CA0149315922FF06B
S21400B030D4FA284613A92FF0D0FA28462FF08AFA19
S21400B0405E4400288FD1229B03EB060B239B1E44F5
S21400B050029B9B4501D1464680E7ACB9219B224620
S21400B060CDE900A3494610232846FFF7F9FE00283D
S21400B0707FF479AF0AF1100212F8013D0133DBB21A
S21400B08013700BB95245F7D1219A1BF8013B125D9C
S21400B0900134534006F8013B04F00F04D8E72120A2
S21400B0A061E700BF03030004100000207FB50E46D2
S21400B0B01D460446F0B102B9E3B90123019202939A
S21400B0C045F00053039300230B4AA360C4E9002312
S21400B0D02362204601A926F026FA314620462FF0A4
S21400B0E056FA204629462FF052FA20462FF032FA1A
S21400B0F004B070BD2120FBE700000943084B9842CE
S21400B10002D0084B984207D10B88B3F5105F14BFE6
S21400B1106FF08500002070476FF08500704700BF15
S21400B120004440040013C0041038102808D8064B0A
S21400B130C34013F0010F0CBF6FF08600002070476D
S21400B1406FF08600704700BF010101002DE9F04F47
S21400B150A7B008AFCDE90501DDE93295DDE9346A2F
S21400B16000210792384610229846DDF8D8B010F035
S21400B1701DFA102200210CA810F018FA069B2BB915
S21400B1806FF08604204627B0BDE8F08F079B002BA3
S21400B190F6D0B9F1000F01D1002DF1D1309B13B9D3
S21400B1A0319B002BECD116B9BAF1000FE8D1BBF1F8
S21400B1B0000FE5D040460599FFF7A0FF044600289B
S21400B1C0E0D1014628221CA810F0F0F920222146E2
S21400B1D014A810F0EBF91CA82FF0CFF9002840F0C7
S21400B1E0AF80DDE90612059814AB26F0E8F90446B0
S21400B1F00028C7D11498FFF797FF04460028C1D14E
S21400B20015B9CBF80000BDE7B14518D209EB050328
S21400B2109E4214D25545B3D82A464946304610F0C9
S21400B22017FA554B984526D006D3544B984524D04C
S21400B23003F54073984520D06FF08504A2E74F4B86
S21400B24098451BD003F54073984517D04A4B984550
S21400B250F2D1554594D815F00F0291D12B46CDE981
S21400B260009614A91CA8FFF7FBFD814600285CD1B8
S21400B270CBF8005086E7B146EDE7B1461022002134
S21400B28010A810F093F955453FF67AAF3C4B984519
S21400B290319B39D10D2B7FF473AF01238DF84030ED
S21400B2A0309B0DF1410203F10C0153F8040B8B4265
S21400B2B042F8040BF9D11B78137001238DF84F3038
S21400B2C015F00F0842D025F00F034B440DF1300C5B
S21400B2D003F1100E624618685968083303C27345B6
S21400B2E09446F7D10F2D33D825F00F03334403933C
S21400B2F00CABCDE9017310AB00934246002314A9B2
S21400B3001CA8FFF705FEB0E7102B7FF439AF309B83
S21400B31010AA03F1100E9446186859680833ACE872
S21400B320030073456246F6D1CAE75246002130460E
S21400B33010F03CF90023B9F1010FCBF8003002D031
S21400B3406FF092041EE76FF08B041BE70F2D8FD96A
S21400B35010ABCDE9029600930197002325F00F026B
S21400B36014A91CA8FFF7D4FD81460028DDD1B8F14A
S21400B370000F3FF47DAFB7E7004440040010C00460
S21400B3800013C0042DE9F04F8A46A1B00021DDE984
S21400B3902A56DDE92C790590934606A81022984691
S21400B3A010F004F9102200210AA810F0FFF8BAF1F4
S21400B3B0000F05D16FF08604204621B0BDE8F08F5F
S21400B3C0BBF1000FF6D00DB9002EF3D117B9B9F1C5
S21400B3D0000FEFD12E9B002BECD040460599FFF7CF
S21400B3E08DFE04460028E7D10146282216A810F054
S21400B3F0DDF8202221460EA810F0D8F816A82FF067
S21400B400BCF8002854D15A46514605980EAB26F093
S21400B410D6F804460028CFD10E98FFF785FE0446DE
S21400B4200028C9D116B92E9B1860C5E7BD4216D2B2
S21400B430AB199F4213D24E45BCD8324629463846F1
S21400B44010F006F93A4B98455BD003F540739845E3
S21400B45031D0384B984511D06FF08504ACE7344BAB
S21400B46098454FD003F54073984525D0314B984505
S21400B470F2D14E4503D96FF089049DE73D46330768
S21400B48098D133460122CDE900570EA916A8FFF73A
S21400B490E7FC2E9B05461E6000288DD04A460021FC
S21400B4A0384610F083F800232E9A012D13603BD007
S21400B4B06FF0920480E73D460D3E4E45DBD80123F3
S21400B4C08DF828302B460DF1290205F10C0153F8B2
S21400B4D0040B8B4242F8040BF9D11B780D35137020
S21400B4E04FF48073ADF8363006AB01930AAB009389
S21400B4F032460023CDE902570EA916A8FFF708FD2D
S21400B500C7E73D46103E4E45B5D82B460DF1280CF4
S21400B51005F1100E624618685968083303C2734571
S21400B5209446F7D11035DFE76FF08B0444E700BF91
S21400B5300010C0040044400410B54FF42F720021E0
S21400B540044610F033F88023C4F88C30054B04F121
S21400B5509C00C4F88430012384F88830BDE810408D
S21400B56025F079B868B2030010B5D0F8A0400A46B6
S21400B5708CB926F03AFA044610B90024204610BDCD
S21400B5802D2896BF064B074953F82010064A074851
S21400B59026F071FBF2E7D0F8A4101046A047ECE7BF
S21400B5A0744B04006BB2030006AE03009BB30300AB
S21400B5B0F8B590F88060044616B100263046F8BD0F
S21400B5C026F046F80028F8D1012384F8803094F855
S21400B5D0883033B1D4F884101F4884F8886026F089
S21400B5E04AFB4FF0FF37D4F8B402421C1FD0C4F811
S21400B5F0B47210F0FF052CD0204626F026F8294617
S21400B600204600F0A7FB0028EDD0204626F02BF8B9
S21400B61094F888303BB1D4F884100F4826F02BFB02
S21400B620002384F88830002384F88030C6E726F0AC
S21400B63007FB431CDDD1D4F88C30D4F89420013BB2
S21400B6409A4204DB054A0649064826F014FB012602
S21400B650E9E70126C7E700BF3DC5030006AE0300C5
S21400B66079B203009BB30300F8B50B780446302B81
S21400B6700D46164604D14B7803F0DF03582B11D045
S21400B680284F6A1E12F8011F002934D128460A22C4
S21400B6900FF07CFE202C03460D4631D1B1FA81F026
S21400B6A040091AE04A1C1F4912F8013F8BB9284688
S21400B6B00FF078FE1C4B02382340032B12D10134C6
S21400B6C0A41084420AD1A87837288CBF0020012015
S21400B6D003E0CB5C13F04400E6D1F8BDCCBF0120FC
S21400B6E00020FAE7002CB8BF0334B0EBA40FD4BF99
S21400B6F001200020F1E77B5C13F00400C2D1ECE7E8
S21400B70026B1084302D0013B61F100050122A240A8
S21400B710013A1A40002D08BF9A420CBF01200020B3
S21400B720DBE700BFDD71040003000080F0B503789E
S21400B73001467B2B17D10646022400220B4F16F833
S21400B740015F7D2D05D10B5D6BB9D24302F0010080
S21400B75008E07B5D13F0440002D001320134EEE7CE
S21400B760202DFBD0F0BD0020FCE700BFDD710400FB
S21400B77070B506460D460FF015FE0446304626F018
S21400B7807AFA044EAC4200D370BD304626F073FA07
S21400B7900134F7E715BC03002DE9F84F04460221F3
S21400B7A05148FFF7E5FF1E212068FFF7E1FF6368B9
S21400B7B0586826F060FA4D4826F05DFA67683B7BCD
S21400B7C0FD2B12D8D7F808804FF0FF3640460FF012
S21400B7D0E9FD0546DFF81091DFF870A1DFF84CB1FF
S21400B7E00C3717F8013BFF2B01D1BDE8F88F212B52
S21400B7F018D8212B36D8DFE803F0377274111B1DDA
S21400B8001F213535353535353535232527292B2D5B
S21400B8102F3135353535353535353D33344C002DFE
S21400B8202BD12EE0334C344AFE2B08BF1446F6E7E5
S21400B830324CF4E7324CF2E7324CF0E7324CEEE7AB
S21400B840324CECE7324CEAE7324CE8E7324CE6E7BB
S21400B850324CE4E7324CE2E7324CE0E7324CDEE7CB
S21400B860324CDCE7234CDAE7314CD8E726F0F7F920
S21400B87001362AE0002DB4D02E4C202B06F101060E
S21400B880AFD002214846FFF773FF1E214846FFF758
S21400B8906FFF504626F0EFF95946204610F0DCF8C8
S21400B8A02549002818BF2146244826F0E4F93B78AD
S21400B8B0202B02D12B2026F0D2F9214826F0DBF9E6
S21400B8C04DB118F806301F2B05D018F806001F28B3
S21400B8D001D0AE42CADB054826F0CDF981E7194C07
S21400B8E09DE7194C9BE700BF29FF030006AE030047
S21400B8F023B3030035B303005BCF030080B303001C
S21400B90087B3030078B3030074B303006BB303007C
S21400B91061B3030057B303006CB3030062B30300C4
S21400B92058B303004DB3030046B303003DB3030012
S21400B93022B3030028B3030033B303003DC503005E
S21400B940ACB603007FB3030086B3030043D0030006
S21400B9502DE9F04F9BB005468B46002400920393DA
S21400B9600FF020FD249F039B04901C6028463C603B
S21400B9700AAA09A926F0A1F9064658B90A980FF0AE
S21400B98011FD3446B046039B1860D5F89C300293F0
S21400B990029B1BB920461BB0BDE8F08F029BD3F874
S21400B9A00890B9F1000F6CD02E4416F8013B202BFE
S21400B9B011D000260C23734309EB030A59F8033011
S21400B9C00193002B58D0099B434555DB9AF8082075
S21400B9D02AB1721C39E03B6801333B60E5E7396801
S21400B9E0D5F894200793039B521A1A601AAB03EB00
S21400B9F0880151F8403C0199184605930FF0ECFF7A
S21400BA0006900028E5D101980FF0CCFCDDE906236E
S21400BA100146DAF80400D7F800A090F80CC0BCF194
S21400BA20FE0F16D103F1FF3EC64512D0D0F80090A7
S21400BA30059801920FF0B6FC0AF1010A019A5044EB
S21400BA402B5C23B1386008F101081646B2E70130D6
S21400BA50F6E7D5F894200591A2EB0A028A4220DC8C
S21400BA6058460FF09FFC059901447B290DD958468E
S21400BA701F4A009924F016FE2B46049A2A44934245
S21400BA802CD1029B1B68029382E7DDE90012584620
S21400BA9024F008FE5846174A0099013424F002FEA6
S21400BAA097E7BCF1FE0F94D1013B434591D1D0F806
S21400BAB000A0DFF840905AF80C2B22B9049B3B609C
S21400BAC0039B1A60D8E75846009924F0EBFD4A46D7
S21400BAD05846009924F0E6FD0134ECE713F8011B04
S21400BAE00029CCD14FF0200103F8011CC7E700BFA6
S21400BAF08DB3030015BC03002DE9F047002486B083
S21400BB001C60DDE90EA8064689468AF800401168E2
S21400BB10154888F8004017461D468DF81740FCF774
S21400BB20A5F818B901242B6801332B600020D6F83D
S21400BB309C6036B914B1012388F8003006B0BDE821
S21400BB40F087B06868B14B460021CDE902A8CDE980
S21400BB5000750DF1170225F0E7FE9DF81730002B53
S21400BB60E8D13668E5E700BF92B303002DE9F04759
S21400BB700446ADF5447D8022002104A802AF0FF0F4
S21400BB8015FD80222046009703AB04A9FFF7E0FED0
S21400BB9001283DD104A80FF005FC03993B68461A1E
S21400BBA00B4426EAE6762344054604A832460144BA
S21400BBB018460FF08BFE00228255D4F89060039B47
S21400BBC03968D4F890201944B14212DCD4F89410A5
S21400BBD0E81A0244C4F89020014404AAC4F8941059
S21400BBE0D41825182B1B002B0DDC0DF5447DBDE865
S21400BBF0F087A05C26F033F8D4F890300136013395
S21400BC00C4F89030DBE714F8010B26F028F8E9E7D3
S21400BC10EBDD24AD8022002128460DF5887A0FF052
S21400BC20C5FC0DF110094FF40072002150460FF0CC
S21400BC30BDFC4FF001084A46002312F8016BA6B976
S21400BC4004A84AF828300FF0ADFB2946334698453D
S21400BC501CDB19F8016B0DF5887C5CF8042B82421E
S21400BC600CD101F8016B0133F1E7202E03F101033B
S21400BC7004BF4AF8283008F10108DEE70DF1100E7F
S21400BC807244D25CB242E8D00022EA54D4F8906003
S21400BC90039BB3422FDC23462C4A04A92C4825F0EC
S21400BCA0EAFF28460FF07EFB0646039B3F68F61A1F
S21400BCB01F4426EAE672E01917441D44E11904F110
S21400BCC0900399423CD904F19803984238D26A1EF0
S21400BCD081190B1A002B27DD12F8013F00F8013BF3
S21400BCE0D4F890300133C4F89030D4F8943001334F
S21400BCF0C4F89430EDE7D4F890300136E05C25F0D7
S21400BD00AEFFD4F890300133C4F89030C0E7D4F8D2
S21400BD109020013B0132C4F89020D4F894200132E0
S21400BD20C4F89420002BF2DC00232E44E355731B4A
S21400BD30002B7FF75AAF15F8010B25F090FFF6E7BA
S21400BD4029460FF0C3FD3346ECE700BF68B2030098
S21400BD5097B303002DE9F843D0E9245604460F466E
S21400BD60002294F89830012B07D10A2F07D1002320
S21400BD7084F898300020BDE8F88300F29F801B2FDF
S21400BD8001D10223F4E70D2F0DD1012384F898305A
S21400BD900D2025F064FF0A2025F061FF0023012016
S21400BDA0C4E92433E7E74FF00008082F84F89880AA
S21400BDB034D1454530DDB5420FD1384625F04FFF2A
S21400BDC0202025F04CFF013D384625F048FF013E77
S21400BDD004F80580C4E92456CCE7FBDA05F1FF3900
S21400BDE0384625F03CFF04EB0903A6EB090261196F
S21400BDF018460FF02DFC04F806800146013E484820
S21400BE0025F039FF35464D4501DC4D46E2E7082072
S21400BE1025F025FF013DF6E7ACD0DBE77F2F1CD1F0
S21400BE20002EA7DDB542A5DA6319691C2144184621
S21400BE30721B0FF00DFC04F806800146394825F009
S21400BE401AFF0820013E25F00AFFB542F9D1D4F8C2
S21400BE509430013BC4F894308CE70A2F98D0092F11
S21400BE6003D12046FFF782FE84E7D4F88C30013BEE
S21400BE70B3427FF77FAFB54204EB050805F1010931
S21400BE800CDB384688F80070D4F89430C4F89090EC
S21400BE900133C4F8943025F0E2FE6BE74146721B8E
S21400BEA004EB09000FF0D4FB404625F0E4FE082022
S21400BEB0013E25F0D4FEB542F9DDE2E7022B06D1BD
S21400BEC05B2F01D1032353E784F8982049E7032B1F
S21400BED07FF450AF413F84F89820032F3FF64AAFD7
S21400BEE0DFE807F002070A160121204625F068FE63
S21400BEF040E74FF0FF31F8E7B542BFF63BAF605D75
S21400BF0025F0ADFED4F890300133C4F8903031E718
S21400BF10002D7FF72FAF013D0820C4F89050BAE7F8
S21400BF20A0B303009AB7030008B50248FEF79CF9D1
S21400BF30002008BD00B4C40430B58BB06C46174D65
S21400BF400FCD0FC40FCD0FC495E8030084E803009F
S21400BF50134BD3F84C2112031CD5A3F5FE431C88C3
S21400BF604FF6FF739C4208BF8C248DF81940FEF7ED
S21400BF7063FA204480F308008DF818000948FBF7A0
S21400BF800DFF6846FEF7C0F93220FEF75BFA002088
S21400BF900BB030BDD3F85041E4B2E6E72C4C0400B9
S21400BFA00080E00F00F049020028ACBF00F16040BE
S21400BFB0064B4FEA0111C9B2ABBF00F5614000F075
S21400BFC00F0080F800131954704700BF14ED00E00E
S21400BFD008B52EF073FA0B4B1A7872B901221A7054
S21400BFE02EF067FA6FF0040210460132052152B2B5
S21400BFF0FFF7DAFF3D2AF7D108BDBDE808402EF06E
S21400C00058BA00BF075B0020002807DB0123410960
S21400C010034A00F01F00834042F82130704700BFFB
S21400C02000E100E0054B421153F8223000F01F00FB
S21400C03023FA00F0C04300F00100704700E100E082
S21400C040002808DB01224309034900F01F00824054
S21400C050603341F82320704700E100E010B5044645
S21400C0602EF01FFA024B1C602EF016FA002010BDB0
S21400C0701C3C002010B52EF014FA034B1C682EF062
S21400C0800BFA204610BD00BF1C3C002038B50C46FD
S21400C0901546014610B9FFF7EDFF01462B4622462E
S21400C0A003480EF093F90028D4BF3720002038BD8F
S21400C0B0111E030008B500F0E3FB18B16A21024820
S21400C0C02EF0F1FA002008BDA5B3030008B500F075
S21400C0D049F80C4A536A43F470235362EFF308831B
S21400C0E04FF0CD31084A043B934208D200F070FA74
S21400C0F0FFF7E0FFBDE808400448FEF795BD43F8AB
S21400C1000419F1E700ED00E008000020884A04006A
S21400C11007B5042200200DEB020129F059FC042883
S21400C12003D0D72104482EF0BEFA019800F0DCF9BF
S21400C13003B05DF804FB00BFA5B30300082310B5E9
S21400C1400C0A41400648C9B241F30002013B0240D6
S21400C15013F0FF0382EA5101F6D184EA010010BD14
S21400C1602083B8ED38B5FEF73BFC044625F05FF8B3
S21400C170E3072AD401221046114600FA01F32340B1
S21400C18002F1010223D01D4B33F811301C48062B58
S21400C190028844881B4920D14FF20F039C4219D1D4
S21400C1A0B2F5406F28BF4FF4C0624CF23C330A80B1
S21400C1B0438040F201730A889A4201BF124B134A29
S21400C1C0D2E90001C3E9000115E00021DBE7102AEF
S21400C1D0D2D1DBE74FF4C062E7E740F20725AB4277
S21400C1E00AD14FF20F05AC4206D19A4204D14CF266
S21400C1F03C320B80428038BD0B80DAE7F04D0400FD
S21400C20018620020F2550020203C0020106200201A
S21400C210014B1888704700BFF2550020014B188864
S21400C220000A7047F2550020044B05481B881A0A7E
S21400C230B3F5406F38BF00EB82007047F255002020
S21400C240C04D0400044B1888044B020A53F82230F1
S21400C250C0B203EB80007047F2550020904D0400FA
S21400C26010B504462EF021F94FF20F02044B1C8045
S21400C2705A80BFF35F8FBDE8104025F093BD00BF26
S21400C280186200206D4A2DE9F0416D4B55686D4CE3
S21400C2905D65516A99656C49D1F80002D865D1F898
S21400C2A00412586B1966916A10F0040F5966D16A29
S21400C2B04FF000009966116BD966516B1967D26B07
S21400C2C0D8645A67D3E90E1218BF11465F4A9142E6
S21400C2D01A655DD301F12000A04259D88869C5F3DC
S21400C2E008051864CE69062D5E6455D1584DA842DF
S21400C2F052D3584DA8424FD205884DF6426085422B
S21400C3004AD11868C3F890005868C3F8940040F201
S21400C3100170A242154604D22E680432B6F1CD3F13
S21400C320F7D00022C3E91E22C3E92022C3E9222255
S21400C330641BDFF81CC1434DDFF818E19C648D4296
S21400C3402DD8D3E91EC7D3E92065D3E922414FF0A3
S21400C350000E013AD2B2FF2A3CD1BEF1000F05D042
S21400C360C3E91EC7C3E92065C3E92241B3F85430C8
S21400C370C3F308030C2B3BD8022B54D9DA1E092A28
S21400C38051D8DFE802F03157404350505050504DDE
S21400C3900021C3E910112D494FF42060B9E755F884
S21400C3A0044D6445CBD37445C9D2E607C7D50026ED
S21400C3B0294F57F8048FA045C1D00136062EF8D174
S21400C3C032B1013AD2B202F11E0643F82640B6E771
S21400C3D00522F8E7E0464FF0010EBC4637462E46EB
S21400C3E025460C464146B4E740F60120BDE8F081FC
S21400C3F03B2B18D1194B9B6913F0020F40F20253E6
S21400C40018BF1846F2E740F60320EFE740F604228E
S21400C41040F20173B0F5206F0CBF10461846E5E7F2
S21400C42040F60520E2E740F60722013B4B2B98BF7B
S21400C4301046DBE740F60220D8E700BF00ED00E03C
S21400C440806100200810002000E100E008000020C5
S21400C450D0420000A0AA0300F46100200080015A28
S21400C46000F00CB800F00AB800F008B800F006B803
S21400C47000F004B800F002B800F000B872B61EF083
S21400C480080F09D01EF0040F0DD0DFF850E0AEE81C
S21400C490FF1F6FF002000CE0DFF840E0AEE8FF1F81
S21400C4A06FF00E0005E0DFF834E0AEE8FF1F6FF037
S21400C4B006006946EFF309828EE8070086460848BC
S21400C4C0084C854501D3A54501D384F30888FFF7BA
S21400C4D0D9FE84F30888FFF7C3FE000080610020C1
S21400C4E048000020081000204BF6EF6283B2002BB5
S21400C4F008BF1346044A000C13804FF6CE2308BF2D
S21400C5001846024B188070471A6A0020186A0020E6
S21400C5100B4BB3F900201888002AB8BF80F06200E1
S21400C52042001A80074AB2F9001013880029BCBFDF
S21400C53083F4805383F00B035900118058407047F2
S21400C5401A6A0020186A002007B5684600F01AF834
S21400C550DDE900010022034B03B05DF804EB25F093
S21400C5601DBF00BF283C002007B5009313460A46AF
S21400C5700146034825F0C6FC03B05DF804FB00BF87
S21400C580283C00200249034A0160521A4260704764
S21400C590E06A00200000012000487047283C002088
S21400C5A038B5416004462DF07CFF05462146044818
S21400C5B024F054F82846BDE838402DF06DBF00BF83
S21400C5C0503C0020014824F046B800BF503C0020F4
S21400C5D00222014B1A6770470040005070B52DF0DC
S21400C5E060FF174E054617482EF006F83378CBB98D
S21400C5F000F046F9044620B128462DF04DFF2046AF
S21400C60070BDFFF7DFFF2EF0C1F80F4B1C602CF05B
S21400C61099FD0E4B0E4A1860536F43F001035367A3
S21400C62025F0D8FE00F028F825F0EBFE094B002494
S21400C63018600123284633702DF02EFFDFE700BF79
S21400C640135B0020684C0400543C00207C3C002017
S21400C65000400050583C0020054B1B685843054BD3
S21400C66000F5742000F23F20B0FBF3F0704700BFE7
S21400C6707C3C002040420F00294B2A4AD3F8003168
S21400C68070B503F0030313602CF0F2FA4FF4C87091
S21400C690FFF7E2FF0022244B24491860244C0B6865
S21400C6A00132D2B20A2A44F8040BF9D1034400EB53
S21400C6B0C00003440B601F4B1F4D1B7813B3184B71
S21400C6C0D3F8003103F00303022B22D0032B23D030
S21400C6D0012B17D12CF064F8024698B1174B184E70
S21400C6E0DC6800231946C4F30B04013404EB84040D
S21400C6F00138E4FB06010EF0EDFBFFF7ADFF2B68FB
S21400C70003442B601F20FFF7A7FF2B6803442B6012
S21400C71070BD2CF08FF8DFE72DF0D6FEDCE700BF0B
S21400C72000800050BC3C0020803C0020843C002060
S21400C730883C0020175B0020B43C002000C001505D
S21400C74040420F000122154B10B55A67144B154C8A
S21400C7501B7813B302202EF00AF8F0B12CF078FD07
S21400C760D8B1A36DD90302D5E36D9A0715D40D4B46
S21400C7709B6DDB0711D401220B4B1A702DF0EBFFDB
S21400C780BDE81040094B0A4A1860136F23F00703F0
S21400C79043F0030313672BF0E9BF10BD00D0005031
S21400C7A0185B002000C00050155B0020B03C002045
S21400C7B0008000500122014B1A707047185B002061
S21400C7C007B5FFF7C1FE01A8FEF778F99DF805301A
S21400C7D0012B25D1234B9A6DD20311D45A6B6FF3DC
S21400C7E0162242F4BC1242F4A0625A631A6B22F478
S21400C7F0704242F440421A631A6B42F4E0621A63D3
S21400C8009DF8043063B94FF000531B68164B1B6845
S21400C810164B1B68164B1B68164B1B68164B1B6883
S21400C820164AD2F8803043F00303C2F8803025F071
S21400C830F0FDFFF7CDFBFFF777FBFFF77DFB0DF075
S21400C8400FFEFFF7CBFE00F01BF825F0E3FDFFF729
S21400C8503DFC25F0EEFD28F0EBFE03B05DF804EBA2
S21400C86025F0D9BD00C00050004000200080002008
S21400C87000C0002000000120004001200080005081
S21400C88070B52DF01BFE144E05463478FCB9134BDC
S21400C8901C60134B1C60134B1C6000F031F8012029
S21400C8A02CF0C4FD2CF0B6FD0F4B0246186020B9E4
S21400C8B028462DF0FEFD232070BD234640F2E731CA
S21400C8C00A480EF007FB0A4B18600123337028460F
S21400C8D02DF0EFFD0020EFE71B5B0020CC3C002096
S21400C8E0C83C0020D43C0020D03C002018FCFFFFB1
S21400C8F0C43C0020014B1868704700BFC43C0020B1
S21400C9001FB50024184B18689A880290D3F80600C2
S21400C9109B7A00901548ADF80C208DF804302DF069
S21400C9206BFE02A88DF808408DF80C40FEF7A2F8C2
S21400C930694601208DF80040FEF760F81F220C4B78
S21400C9409A615A614FF0B042936A13F00803FBD124
S21400C95013620120FEF76CF80A20FFF771FB0A202D
S21400C960FFF752FB04B010BD194E0400604C0400E3
S21400C9700020005810B52DF0A1FD4FF0B04304463E
S21400C9805B691A07074A03F0010003F00D0348BF6E
S21400C99040F0020053612CF071FC2046BDE81040C8
S21400C9A02DF087BD0020005821282DE9F3410546CB
S21400C9B004D82C46204602B0BDE8F08100240B4E79
S21400C9C00B4FDFF830800023CDF800801A4619465A
S21400C9D0386824F08CF98442EBD2222CE9D056F841
S21400C9E0043BAB42E6D00134EDE700BF385104000B
S21400C9F01C650020FFFF0F002DE9F04F644E654DCB
S21400CA0089B025F062FD31682868FCF74DFB0446C6
S21400CA10002827D033680024D3E900019A691268F9
S21400CA209047336804A89B699B6898473368022040
S21400CA309B69DB689847326805985368E7B2B3FB92
S21400CA40F0F3BB42916904F101044ED8CB68002094
S21400CA50984733689B695B68984731682868FCF795
S21400CA6023FB04460027DFF844A1DFF84481DFF803
S21400CA704491F4B9484B2868DB5D002B00F08380B6
S21400CA80D8F8006002AB314603AAFCF78FFC2D28CD
S21400CA9007D070B9039B012B0BD031462868FCF7F2
S21400CAA0D9FEDAF8003031461A682868FCF752FEDC
S21400CAB004460137222F0AF1040A08F1040809F196
S21400CAC00109D6D1B4FA84F3344A5B0913702B6893
S21400CAD01B7C33B125F0C5FC18B1DB2130482DF0A6
S21400CAE0E2FD204609B0BDE8F08F12680B6907FB2F
S21400CAF0002098479FE7D8F8003003AA194402ABF5
S21400CB000191FCF753FC2D28034601992BD0286889
S21400CB1013B30BF1010B5FFA8BF18E422868EAD84B
S21400CB20204BDB5D002BC4D0F3B27E2B2868C0D828
S21400CB30D8F8003003AA06EB030B594602ABFCF705
S21400CB4035FC2D28B5D059462868FCF783FE0136FB
S21400CB5004460028E8D0ACE7039B7BB999F8002090
S21400CB60029B9A42D5D099F80030DAF8002028685F
S21400CB70FCF7EAFC0028CCD00446D1E70191FCF78C
S21400CB8069FE0199EFE7084BA346DE5DC3E700BFE9
S21400CB90FC6400201C650020145104001D5B00206E
S21400CBA02CB40300F2500400AE500400244E0400DF
S21400CBB038510400D0500400F8B51F46214B0446F7
S21400CBC01B780D46164623B100F47E23B3F50E2FD0
S21400CBD02BD02046FFF7E8FE2128044614D81A4B2F
S21400CBE053F82010194B1B78ABB1194B212C186841
S21400CBF01DD8184B1B5DD3B13268FCF7ABFD04465D
S21400CC0050B125F02DFC07E0FF2807D93A463146FB
S21400CC1080B225F039F900242046F8BD4FF4A971FA
S21400CC200D482DF040FD0021DCE70146DAE77F2DB8
S21400CC3008BF00253B46324651FA85F1FCF784FCD6
S21400CC40DDE700BF1C5B0020385104001D5B0020A0
S21400CC501C650020145104002CB4030030B51346A4
S21400CC6000F07E62B2F17E6F8BB00DD10A46C0F343
S21400CC700B016846FEF71AFA20B140F293110948F4
S21400CC802DF011FD0BB030BD5A0825F0ECFB002846
S21400CC90F8D04FF49C7103480BB0BDE830402DF03F
S21400CCA002BD00BFBDB403002DE9F743C707054624
S21400CCB00E46144604D540F2E31149482DF0F3FC25
S21400CCC0E10704D54FF4F27145482DF0ECFC454BD6
S21400CCD093F80080B8F1000F20D043F260239D4205
S21400CCE008D12246314640480EF0F0FD002003B041
S21400CCF0BDE8F083C5F30B0705F44055B5F5805F36
S21400CD0014BF4FF40F204FF40E20234632467F21E7
S21400CD10384303B0BDE8F043FFF74EBF05F4704359
S21400CD20B3F5805F3FD1C5F30B05304A05F17E654C
S21400CD30631E2B44934230D82F46DFF8A49007EBAF
S21400CD400408474542D1AA070ED04FF6FF7336F8BF
S21400CD50022BA81E43EA024304220DEB02010193B4
S21400CD60FFF77CFF0235023CA3070ED0023C24F0FE
S21400CD700103F35A04226FEA03436FEA13430DEBF1
S21400CD80020128190193FFF769FF002CAED0224656
S21400CD9031462846FFF762FFA8E740F2FD1110482B
S21400CDA02DF081FCC8E705F46043B3F5005F04D1BD
S21400CDB0C5F30B0505F53E25BEE740F205210848FC
S21400CDC02DF071FC6FF00F074546B6E717F8013BEC
S21400CDD0FF2BB6D04FF4047148462DF064FCB0E744
S21400CDE0BDB403001C5B00201C6A0020FF03E00F9C
S21400CDF010B500F077F825F082FB044618B100F075
S21400CE0079F8204610BD00F07BF804460028F6D1DD
S21400CE100122014B1A70F2E71E5B0020054B1B78BF
S21400CE2033B1054BC0F3130100221868FCF7D6BCDB
S21400CE30112070471E5B00201C650020144B2DE956
S21400CE40F0411B7805460E461746FBB125F03EFB23
S21400CE50012805D9841EE4B2012C09D9212412E048
S21400CE603B4631462846BDE8F041002200F052B865
S21400CE7000F038F83B4600223146284600F076F8A7
S21400CE80044600F037F82046BDE8F0811124FAE7A2
S21400CE901E5B0020124B70B51B7804460D461646E6
S21400CEA0E3B125F013FB012805D9831EDBB2012B65
S21400CEB008D9212410E0324629462046BDE87040B5
S21400CEC000F040B800F00EF820463246294625F01D
S21400CED018FB044600F00EF8204670BD1124FBE750
S21400CEE01E5B002008B52DF0DCFA014B186008BD6B
S21400CEF0D83C0020014B18682DF0CEBAD83C002054
S21400CF00024B1968024B1868FCF7CEB8FC64002088
S21400CF101C65002037B505460C46C0F313010848CB
S21400CF20ED02006805D5224603B0BDE83040FCF7A8
S21400CF3009BA009313462246FCF7BEF903B030BD8B
S21400CF401C65002030B405461346074A0C46C0F35D
S21400CF5013011068EA0203D5226830BCFCF7FABB5E
S21400CF60224630BCFCF7F0BA1C650020F7B5054633
S21400CF700F4614461E461BB92125284603B0F0BDB1
S21400CF800029F9D025F0A2FA4BF23462ABB29342F4
S21400CF9020D14FF0FF3322466946CDE900332548BD
S21400CFA03346FFF7E3FF08220546234968460EF09E
S21400CFB049FE38B933462246694641F2F010FFF77B
S21400CFC0D5FF0546002DD8D13246694638460EF0C4
S21400CFD07DFCD2E741F2F01293420FD1174B311984
S21400CFE008299A6CDB6CC7D8CDE9002332460DEBD6
S21400CFF0040138460EF06AFC0025BEE702280BD175
S21400D000C5F30C4332199342B6D3C5F30B0104F1B2
S21400D0107E6432462144ECE7032809D1C5F30C436D
S21400D02032199342A8D3C5F30B0104F53E24F0E76A
S21400D0300125A2E7021008C0C45104000080E00FDA
S21400D04010B527F0BEFC28F055FDBDE8104003469D
S21400D05001210220014A02F00BBC00BF54B50300B8
S21400D06013B5D0E9023253F822301C78204627F058
S21400D070BAFC2346009001210220024A02F0F8FB87
S21400D08002B010BD68B50300014B187827F093B8BE
S21400D0901F5B0020FF232DE9F04F8FB011220021E7
S21400D0A008A88DF813300EF081FA08A826F043FA87
S21400D0B001210220B04A08AB02F0DAFB41F2490334
S21400D0C0AE4A0121022002F0D3FB06A826F062FB3E
S21400D0D008A90DF1130026F068FB02200021A84ADB
S21400D0E002F0C6FB002027F097F810B106A809F05A
S21400D0F047FE9DF92A3001210220A24A00939DF89E
S21400D1002B3002F0B5FB27F058FC831EDBB2FC2B5D
S21400D110054631D8012102209B4A02F0A9FB0124D2
S21400D1209A4E9B4FDFF8D0822346324600210220DB
S21400D13002F09EFB05A9E0B227F041FC034650B181
S21400D140A0F11602012A40F2AA80424601210220DE
S21400D15002F08EFB0CE09DF914303A4601939DF8E0
S21400D16016300121009302209DF8153002F080FB56
S21400D1700134E3B29D42D7D8BDF8284008F0ECF958
S21400D18023460021834A0090022002F071FB022011
S21400D1900021814A02F06CFB002027F03DF810B118
S21400D1A008A809F0EDFD01217C4A022002F060FB90
S21400D1B027F05FFB044627F05AFB23460121784AF6
S21400D1C00090022002F054FB08F09EFE0021022090
S21400D1D0744A02F04DFB9DF81330FF2B65D00021FA
S21400D1E00220714A02F044FB01216C4A022002F040
S21400D1F03FFB26F0DFFA012103466C4A022002F0CC
S21400D20037FB08F081F900210346694A022002F044
S21400D2102FFB26F0D5FA044626F0D4FA2346012141
S21400D220644A0090022002F023FB2DF049FA08F031
S21400D23013FF01210346604A022002F019FB002575
S21400D240DFF8B88108F008FFECB2A04233D82DF022
S21400D25037FA0123594A1946022002F009FB00203A
S21400D26026F0A9FF564B574C0093012100230220BD
S21400D270554A02F0FDFA236863B1012102201B78AB
S21400D280524A02F0F5FA2368012102205B78504AE0
S21400D29002F0EEFA26F094FF0FB0BDE8F08F012101
S21400D2A002204C4A02F0E4FA62E7002102204A4AD1
S21400D2B002F0DEFA98E7494B204603EB0416D6F850
S21400D2C0089008F083FF8246204608F0CBFE444FC5
S21400D2D000280CBFC346BB46204608F077FF0AF07E
S21400D2E031FD002808BF4746534600210220CDE9FD
S21400D2F000B73C4A02F0BCFAB37901210293B38826
S21400D300022001937388384A0093337B02F0B0FA08
S21400D3100026DFF8ECB099F80430F4B2A34203D844
S21400D3202DF0CEF901358DE714235C43D9F8007053
S21400D33002203A5B07EB040A9AF90C3000922B4A5B
S21400D340002132EA230228BF5A461346284A02F032
S21400D3508FFA002026F060FF38B150463C5B26F07E
S21400D36098FA014620460AF03BFD01210220214A98
S21400D37002F07EFA0136CEE7A9B50300B8B5030081
S21400D380D4B5030000B60300DBB50300F1B5030017
S21400D390F8B503002DB603004DB6030097B603009C
S21400D3A056B6030078B60300DAD6030083B6030049
S21400D3B099B60300AFB60300C5B603003EB7030038
S21400D3C056B70300D44100204AB7030064B70300F1
S21400D3D078B7030015B6030035B3030008410020F4
S21400D3E080B50300D0B60300F0B603009DB5030079
S21400D3F026B7030029FF030020B6030088B5030004
S21400D40091B503002DE9F7430025134EDFF8588049
S21400D41008F022FEECB2A04202D803B0BDE8F083CA
S21400D4202701204616F8079008F01CFE0B4A4B46CC
S21400D430002808BF4246002102200092084A02F057
S21400D44017FAF05D26F0C2F901210220054A02F023
S21400D4500FFA0135DCE700BF08410020C2050400D2
S21400D46093B7030029FF0300CC05040008B58368C2
S21400D4705A681178C26853F82230A1F16502514209
S21400D4805141187808F0A4FF30B9BDE808400121E2
S21400D4900220024A02F0ECB908BD00BF9EB70300A6
S21400D4A000210220014A02F0E3B900BFB8B703002A
S21400D4B000210220014A02F0DBB900BFE6B70300F4
S21400D4C010B5044686B01822002168460EF06EF8A5
S21400D4D0684626F0F0FDD4E9022052F8203002EB30
S21400D4E080021B788DF80B30516891F900108DF88A
S21400D4F00A1091680988ADF808106168091A0329AE
S21400D50007DDD26803F01F03127843EA42138DF852
S21400D5100B30684608F0CEF800210346024A022087
S21400D52002F0A6F906B010BD02B8030007B5002049
S21400D53027F007FA00210090034B0220034A02F06E
S21400D54097F903B05DF804FB0FB8030015B80300A5
S21400D55013B5D0E9023253F8221003EB82035B685E
S21400D560087819680023094CA222994208BF214670
S21400D570C01A18BF012027F0D8F901210090044BEB
S21400D5800420044A02F074F902B010BD00F8FF0748
S21400D59020B803002EB9030013B5D0E9023203EB1E
S21400D5A0820153F82230D1E901141878FF2200389E
S21400D5B018BF01202378096827F0B7F901210090E9
S21400D5C0034B0420034A02F053F902B010BD00BF1B
S21400D5D027B803002EB9030008B5002101230C4A22
S21400D5E027F028F80A4826F088FD0020094909F0A7
S21400D5F05FFC002026F010FE10B1054809F0C0FBC5
S21400D600BDE8084001210420034A02F031B900BFFA
S21400D610516000203CB8030029FF030010B526F037
S21400D620D3F8034630B1BDE8104001210420054A76
S21400D63002F01EB90121BDE810400420024A02F0A3
S21400D64017B900BF4AB803005BB8030010B526F050
S21400D65056FDBDE81040034601210220014A02F0B3
S21400D66007B900BF66B8030010B526F01AFDBDE87E
S21400D6701040034601210220014A02F0F9B800BF1B
S21400D6807CB8030037B5D0E90232012453F82230C3
S21400D6904FF6FF701D78FE2204FA05F1002327F0EE
S21400D6A0B0F92B46009021460420024A02F0E0F82A
S21400D6B003B030BD90B80300D0E9023253F82230F0
S21400D6C01B7823B101210220024A02F0D1B8024A97
S21400D6D013707047AFB803001F5B002007B568469D
S21400D6E026F058F807F038FF01210346084A0220C2
S21400D6F002F0BEF8684609F043FB08F0A1F90121E4
S21400D7000346044A022002F0B3F803B05DF804FBB7
S21400D710C5B80300DFB8030037B5D0E90245406856
S21400D72054F82530401B0328D8BF002004EB85049E
S21400D730C8BFE06819786368C8BF00781A78A3681D
S21400D74093F900300090012027F0DFF838B9012166
S21400D7500220084A03B0BDE8304002F089B8064B04
S21400D7600190009301210220044B054A02F080F844
S21400D77003B030BDF0B80300F8B80300CCE70300F0
S21400D7800CB9030007B5012027F0C7F848B9009088
S21400D79001210220084B094A02F06AF803B05DF83E
S21400D7A004FB054B0190009301210220044B054A1F
S21400D7B002F05EF8F2E700BFF8B8030023B90300F2
S21400D7C0B11304000CB9030008B5D0E9023253F8CF
S21400D7D02230187827F053F830B9044A0121BDE802
S21400D7E00840042002F044B8014AF7E738B90300BD
S21400D7F054B9030008B5D0E9023253F8223018882D
S21400D80027F03BF830B9044A0121BDE8084004205F
S21400D81002F02EB8014AF7E773B90300A3B9030074
S21400D82073B50378044613F0050F0ED04588062D11
S21400D83017D1836801215B68174A1B780193838898
S21400D84004200093154B02F013F82378012B20D008
S21400D85001210420114B124A02B0BDE8704002F0CC
S21400D86007B835B98388012104200E4A02F000F873
S21400D870EBE7012DE9D186680B49002009F018FB7B
S21400D880304609F07DFA29460420084A01F0F0FFE8
S21400D890DBE702B070BD00BFD9B90300D0B9030002
S21400D8A02BBA0300F6B9030013BA030029FF0300DE
S21400D8B02DE9F04F00268FB0364D09AC0FCD0FC4C2
S21400D8C02B6801210220344A236001F0D1FF344640
S21400D8D0DFF8DC9025F072FFF5B2A8420BD825F0F1
S21400D8E06DFF23460090012102202C4A01F0C0FF64
S21400D8F00FB0BDE8F08F284605A926F0AAFF03461C
S21400D900002841D19DF81430032B39D904238DF813
S21400D91014302B4600210220214A01F0A9FF9DF871
S21400D92014300EAA02EB830300214A4653F8143C37
S21400D930022001F09DFF28469DF821A09DF815B015
S21400D9409DF81870BDF8168026F085FF5346CDE981
S21400D950028000210220CDE900B7124A01F088FFBC
S21400D96001340020E4B226F057FC18B10DF119007E
S21400D97009F006FA002102200B4A01F079FF01E0C7
S21400D980002BC6D10136A5E700210220074A01F088
S21400D9906FFFF7E7CC5104003DBA0300B6BA0300A8
S21400D9A0F3B503006ABA030006AE030091BA03009B
S21400D9B03DC50300C3688268013BDBB252F82330E2
S21400D9C002201B78652B14BF00220121044B1BBFCD
S21400D9D001211A70034A044A08BF197001F048BFB3
S21400D9E0836A0020CDBA0300DBBA0300D0E9023216
S21400D9F053F822301A88014B1A8070471E6A00209E
S21400DA0007B5D0E9023103EB810253F821305268A2
S21400DA101988054B0548128800930088012309F0F1
S21400DA20A3FE03B05DF804FB21D800001E6A0020A8
S21400DA30C3688268013BDBB252F823305B78A3F1FF
S21400DA40660253425341014A13707047866A0020AB
S21400DA5030B5D0E9023253F8223089B01D78012360
S21400DA6002AA1946044626F0E5FD0123009310237A
S21400DA7002210DEB0302204626F0BDFD284604AA2F
S21400DA8002A926F0D8FF0446002026F0C5FB18B1F0
S21400DA902146044807F0F0FD0020034909F0EEF99E
S21400DAA009B030BDEABA030029FF0300002330B5F1
S21400DAB08FB00221009309AA1223054626F09BFD8B
S21400DAC005AA014609A807F0B5FB044698B1232825
S21400DAD005D1134A0121042001F0CAFE09E02128DD
S21400DAE001D1104AF6E70346012104200E4A01F050
S21400DAF0BFFE0FB030BD01232846194603AA26F004
S21400DB0099FD05A903A826F098FF0546204626F0AD
S21400DB1083FB18B12946054807F0AEFD044AD9E74D
S21400DB20F7BA03001ABB030055BB030076BB03001D
S21400DB3029FF0300F0B5D0E9023253F8221003EBB8
S21400DB4082039B6805461F7887B038460E7826F015
S21400DB5043FB044608BBD5E9022101238DF80830B3
S21400DB60194452F8210002EB810200888DF80970F2
S21400DB709268ADF80A00127804218DF80C20284629
S21400DB800DF10D0226F056FD304602A98DF815401F
S21400DB9026F063FE044626F013FB334601210420DC
S21400DBA0024A009401F064FE07B0F0BD8BBB030090
S21400DBB02DE9F04101218EB00220274A01F058FEDF
S21400DBC0002005AB01AA09A926F02FFF0025044670
S21400DBD0224E234FDFF898801CB128460EB0BDE8D1
S21400DBE0F08102202B463246214601F041FE2046B7
S21400DBF026F012FB10B10AA809F0C2F83A46002136
S21400DC0002209DF8303001F033FE4246002102200B
S21400DC10079B01F02DFE00210220BDF82030114A9E
S21400DC2001F026FEBDF8143000210F4A022001F054
S21400DC301FFE013501A826F0EAFAEDB20121022006
S21400DC400A4A01F015FE284605AB01AA09A926F0E6
S21400DC50ECFE0446C0E700BFBDBB030003BC0300E8
S21400DC600BBC0300F9D6030020BC030029FF030009
S21400DC7017BC03002DE9F047064698B0C0B925F05A
S21400DC809BFD074600250EA826F0D9FE012102209E
S21400DC90384A01F0EDFD2C46DFF8E080DFF8E09032
S21400DCA0DFF8E0A0BC4205D3284618B0BDE8F087F0
S21400DCB00127E7E713A826F0C2FE002E4CD0022369
S21400DCC006A913A88DF84C30FE2426F0AAFE0028DC
S21400DCD03FD102A913A826F0AAFE9DF8593043F0BA
S21400DCE001038DF85930002E3DD1234631460220DF
S21400DCF0214A01F0BDFD9DF859300AA943F0010301
S21400DD0013A88DF8593026F092FE002026F084FAEB
S21400DD1010B114A809F034F80C9B424600210220EA
S21400DD2001F0A6FDBDF82820002112F4007F0CBFEC
S21400DD304C23412312F0100F0CBF6E2279220220D2
S21400DD4000924A4601F094FD06A826F060FA0135D6
S21400DD50EDB20134E4B2A5E720460AAB06AA13A941
S21400DD6026F061FEB3E752460021022001F080FD56
S21400DD70C1E700BF2ABC030003BC030017BC0300B6
S21400DD8066BC03005FBC030030B5012499B00EA842
S21400DD9026F055FE13A88DF8384026F0EEFDC0B9E3
S21400DDA0BDF84C1011EA040513D121460220444A5E
S21400DDB001F05EFD29460220424A01F059FD214647
S21400DDC002203F4A01F054FD214602203C4A01F061
S21400DDD04FFD06A90EA826F024FE20B11022FF2132
S21400DDE006A80DF0E3FB04A826F023FE059B012100
S21400DDF00220354A0093354B01F03AFD9DF812306B
S21400DE0001210220324A0093304B01F031FD0021FF
S21400DE102E4B304A022001F02BFD06A826F0F7F91B
S21400DE2013A826F00CFE02230AA913A88DF84C307E
S21400DE3026F0FDFD00283FD10B9B00930121022018
S21400DE40254B264A01F014FD0121234B244A0220CB
S21400DE5001F00EFD0120FFF70DFF01211E4B214AA8
S21400DE60022001F005FD0020FFF704FF044625F020
S21400DE70A3FC23460090012102201B4A01F0F8FC77
S21400DE8001211A4B174A022001F0F2FCFFF790FE20
S21400DE901749022803461748174A28BF0A46084962
S21400DEA028BF01460092CDE9013102200121134A24
S21400DEB001F0DEFC19B030BD4FF0FF33BDE700BF08
S21400DEC029FF030079BC0300B7BC0300AFBC030006
S21400DED0C7BC030056E6030083F40300DABC030065
S21400DEE0EABC0300F1BC0300FABC03000EBD03004D
S21400DEF075BC0300C0DB030012DC03001CBD03007E
S21400DF0010B5D0E9023253F822301C78201E18BF14
S21400DF10012026F01EFD054A054B0020002C18BFE8
S21400DF201A46BDE81040034908F0A8BF49BD0300E3
S21400DF3044BD030052BD0300D0E9023210B553F8C9
S21400DF4022301C88204626F006FD2246BDE81040FA
S21400DF500020014908F092BF93BD030037B5044680
S21400DF6007F0D2FA014638B100200D4A0D4903B039
S21400DF70BDE8304008F082BFE368A268013BDBB230
S21400DF8052F8233008481D780123084A00936C2D68
S21400DF9008BF02461023204626F02DFB03B030BDF6
S21400DFA0E1BD0300E9BD03006C6A00205C6A002046
S21400DFB013B583689A681278672A22D101A826F0DA
S21400DFC0DCFC0446A8B9BDF80420174908F056FF43
S21400DFD0BDF80430DA070AD413F0020F134B144AC4
S21400DFE018BF1A461349002008F048FF19E0124AE5
S21400DFF0F8E702461149002008F040FF2246104983
S21400E000F1E7C26801A953F8220003EB82035B68BC
S21400E01000681B68ADF8043026F0B5FC04460028FE
S21400E020ECD102B010BD00BF1CBE03000FBE030043
S21400E030B3E703003DBE0300FFBD03004FBE030071
S21400E0407BBE0300034A04491388C8540133138077
S21400E050704700BF02560020255B002073B5154DA3
S21400E06001242B78144E13F0040F0CBF0223042354
S21400E070124A21461470328802200192EB5C104A44
S21400E0800093104B5B8801F0F3FB002102200E4A40
S21400E09001F0EEFB0D4B2946009332882346022002
S21400E0A001F02CFC21460220094A02B0BDE870406F
S21400E0B001F0DEBB255B002002560020245B00201A
S21400E0C08ABE0300F4550020AFBE0300D1BE030095
S21400E0D029FF030070B516464FF48A52114B124DB5
S21400E0E0DA805980114B1B881A1E18BF012240EA9D
S21400E0F082000F4A1278003A18BF012240EA021046
S21400E100287063B103246B701B0AAB7009F088FE9D
S21400E110631C2855EE54074B02341C8070BD012446
S21400E120F4E700BFF4550020255B002000560020D1
S21400E130235B00200256002038B5D1E902320C4697
S21400E140054653F82230024619880C4B1878FFF71C
S21400E150C1FFE368A268013352F82330188824F020
S21400E16012FA4DB1E368A268023352F823301878E9
S21400E170BDE83840FFF766BF38BD00BF205B002013
S21400E180F0B50546EB68AA68023352F82330084615
S21400E1901C78294685B0FFF7CFFF204625F065FBA3
S21400E1A0204E214F78B3204625F06BFB0321441CFC
S21400E1B003AA284623F04EFA3288E4B2C2F1FF03DF
S21400E1C003991B1B9BB28B4222443CBFC2F1FF0348
S21400E1D003930123032100933A449DF80C3028460C
S21400E1E026F009FA039A022C338804BF0F48110A56
S21400E1F0FA5408BFC15413441C44348005B0BDE82B
S21400E200F040FFF72BBF204607F086FE012332883A
S21400E21004460093032103463A44284626F0EBF9C9
S21400E2203388E9E702560020255B0020265B0020A5
S21400E230052307B5012100930220044B044A01F090
S21400E24017FB03B05DF804EBFFF79EBDB8BE0300F6
S21400E250BFBE030013B5044626F08BFB38B1CDE9EC
S21400E260004001210220034B034A01F001FB02B0EB
S21400E27010BD00BFE1BD0300D6BE0300194B37B585
S21400E2801B783BB901210220174A03B0BDE8304095
S21400E29001F0EEBAD0E90232144C53F822300121D4
S21400E2A01D78638802200093114A2B4601F0E0FA9D
S21400E2B0104B25711B78104D63B1012102200F4AC7
S21400E2C001F0D6FA20460E4A298803B0BDE8304051
S21400E2D025F06CB820460A4A298803B0BDE83040CD
S21400E2E025F026B9245B0020EDBE0300F45500207F
S21400E2F0FBBE0300215B00200256002012BF030075
S21400E300255B00202DE9F041D0E9023253F82210B7
S21400E31003EB82035A680C7817889A68DB68B2F8B1
S21400E3200080C6B01D780021304B0220304A009491
S21400E330CDE9017801F09CFA002D0CBF6E237923FD
S21400E340012102202B4A01F093FAFF23002D0DF144
S21400E350170606AD019320460CBF80234023424695
S21400E36039460296009525F0C6FD0446002835D1AC
S21400E370307825F080FA0746B0B1284625F00BFF26
S21400E3801D4BFD28A8BFFD200093234682B20DF149
S21400E3901901022001F0B2FA01210220174A01F009
S21400E3A067FA46B0BDE8F081307825F06AFA60B1C9
S21400E3B0284625F0F5FEFD28A8BFFD200E4B82B2AC
S21400E3C000930DF11A013B46E3E7307807F0A4FD11
S21400E3D00B4B0246009329460123DAE70090012101
S21400E3E00220084B084A01F043FADAE71FF503005B
S21400E3F02CBF030051BF0300D708040029FF030009
S21400E400D1BE0300D9C703005BBF0300D0E90232C8
S21400E41053F8221003EB82032DE9F04F5A680F7869
S21400E420B2F800809A68C7B0B2F80090DA681B6944
S21400E43092F800A01E7800212F4B304A0446CDE902
S21400E44001890220009701F013FABAF1000F0CBF01
S21400E4506E23792301210220294A009606AD01F099
S21400E46007FAFF22002128460DF0A0F8304625F0D6
S21400E47002FA834608B30023052100932046FD23B5
S21400E4800DF1190226F0B7F82870BAF1000F0CBF8C
S21400E490802340234A4641463846CDE9005625F0BB
S21400E4A0F5FC0146144807F0E7F801210220154A5A
S21400E4B001F0DEF947B0BDE8F08F304625F0E1F90F
S21400E4C060B1FD2305212046CDF800B00DF11A02FB
S21400E4D026F091F885F801B02870D6E7059030460A
S21400E4E007F01AFD059A0346009205212A462046A3
S21400E4F026F081F8C9E700BF12F503002CBF030021
S21400E5006CBF030029FF03002DE9FF471C465B682C
S21400E510E5685B1B00255FFA83F803952E46FFF738
S21400E520D9FDEBB298450BD90C9B9B5D282B39D8AF
S21400E530202B00F2CB800136F6B2002B40F0C980CB
S21400E540FFF78CFD04B0BDE8F087132A2FD801A191
S21400E55051F822F01BE600002DE600003FE6000022
S21400E56073E6000041E5000041E5000041E50000DB
S21400E57041E50000AFE50000AFE50000AFE50000B4
S21400E580AFE50000AFE50000AFE50000AFE5000036
S21400E590AFE50000AFE50000AFE50000BFE5000016
S21400E5A099E60000A3F13102D1B21329CDD9013684
S21400E5B0F6B2A3F14102032AC2D8422B6CD06C4FAC
S21400E5C000213A88DFF8B0A1C2F1FE039BB2FF2B10
S21400E5D028BFFF2301320091DBB22046524469B2C5
S21400E5E025F0E5FF3B880AF803000133184438801D
S21400E5F011E04FF00409E368A2682B4452F8233078
S21400E6001F68F8B209F1FF39FFF71CFD19F0FF0982
S21400E6104FEA1727F5D1013583E7E368A2682B4454
S21400E62052F823301878FFF70DFDF4E7E368A26888
S21400E6302B4452F82330188823F0A5FFEBE7E36855
S21400E640A2682B4452F823301F68B7F1807F09D2A6
S21400E650F8B2FFF7F7FCC7F30720FFF7F3FCC7F3A2
S21400E6600740E0E72B4601210820424A01F000F966
S21400E67066E74FF00409E368A2682B4452F823309B
S21400E6801F68F8B209F1FF39FFF7DCFC19F0FF0943
S21400E6904FEA1727F5D1BEE7294603AA204622F0FF
S21400E6A0D9FF0021324F344A3B88DDF80C9002EB4C
S21400E6B0030CCAB2914501F1010102D84B443B80DC
S21400E6C0A9E710F802A00CF802A0F2E7242B3FF608
S21400E6D070AF013B232B3FF633AF01A252F823F075
S21400E6E01BE600002DE600003FE60000F3E5000014
S21400E6F041E5000041E5000041E5000041E500007D
S21400E70041E5000041E5000041E5000041E500006C
S21400E71041E5000041E5000041E5000041E500005C
S21400E7201BE600002DE600003FE6000073E6000052
S21400E73041E5000041E5000041E5000041E500003C
S21400E74041E5000041E5000041E5000041E500002C
S21400E75041E5000041E5000041E5000041E500001C
S21400E7601BE600002DE600003FE60000F3E5000093
S21400E7700256002085BF0300255B0020094B1B784E
S21400E78023B101210820084A01F072B8D0E902320C
S21400E79053F82230054A1B88012113800820044ABA
S21400E7A001F066B8245B0020ABBF030000560020D3
S21400E7B0EDBF0300D0E9023253F82230054A1B7839
S21400E7C00121003B18BF012308201370024A01F004
S21400E7D04FB800BF225B002013C00300D0E902320E
S21400E7E053F82230034A1B78012113700820024A8E
S21400E7F001F03EB8235B002042C0030010B5D0E90C
S21400E8000232044653F82230132219880B4B18782C
S21400E810FFF760FCE368A268013352F823301878EB
S21400E820FFF710FCE368A268023352F8233018782A
S21400E830FFF708FCBDE81040FFF710BC205B002087
S21400E84010B5D0E90232044653F822301122198856
S21400E8500B4B1878FFF73EFCE368A268013352F8CA
S21400E86023301878FFF7EEFBE368A268023352F80D
S21400E87023301878FFF7E6FBBDE81040FFF7EEBB45
S21400E880205B0020D0E9023253F82230034A1B787E
S21400E890003B18BF0123DB0013707047205B00208D
S21400E8A010B5D0E9023253F82230044619880E4BD0
S21400E8B006221878FFF70EFC0120FFF7C3FBE3687B
S21400E8C0A268034452F82330188823F05CFEE368FD
S21400E8D0A268023352F82330188823F054FEBDE8AD
S21400E8E01040FFF7BBBB00BF205B00202DE9F043C4
S21400E8F0D0E902324FF0FD09013253F8221003EB43
S21400E90082035A68C7B017889A68B1F800801478EE
S21400E91053F8043C002C0DF1170506AE18783A465D
S21400E92014BF4023802341460295CDF804900096FC
S21400E93025F0E1FA034638B1184A0121082000F014
S21400E94097FF47B0BDE8F083201E18BF01200A22BB
S21400E9504146C000FFF7BEFB384623F014FE287879
S21400E960FFF770FB4A463146287824F032FF04460B
S21400E97028B10B4F3D88C5F1FF03984202DD2346C0
S21400E980084ADAE7024608483146284425440CF08F
S21400E9909DFF3D80FFF762FBD3E700BF78C0030012
S21400E9A00256002094C00300255B002010B5D0E975
S21400E9B00232044653F82230082219880B4B187886
S21400E9C0FFF788FBE368A268023352F82330187812
S21400E9D0FFF738FBE368A268013352F82330188843
S21400E9E023F0D1FDBDE81040FFF738BB205B0020C8
S21400E9F073B5D0E902320546023253F8221003EB13
S21400EA00820353F8042C53F8083C0C781988234BDF
S21400EA10168818780622FFF75DFB0020FFF712FB2A
S21400EA20304623F0B0FD2046FFF70CFBEB68AA68E3
S21400EA30033352F82330188823F0A5FDEB68AA6844
S21400EA40043352F82330188823F09DFD204609F041
S21400EA50E7FBE8B9204607F05FFA05210446019077
S21400EA6001AA284622F0F6FD019B01469C4206D0EC
S21400EA70224631460A480BF087FC02B070BD094DAD
S21400EA8009482E882246304434440CF0E1FD2C80A0
S21400EA9002B0BDE87040FFF7E1BA00BF205B00207F
S21400EAA0C0C0030002560020255B002073B5D0E9E5
S21400EAB002324FF48A5153F82230104D1A88104B08
S21400EAC0D9805A8000232A4600930121FF2325F08F
S21400EAD092FD2B78044613F0040F0A4B08BF01265C
S21400EAE01B7818BF032613B109F09AF9A855064BF0
S21400EAF01C8002B0BDE87040FFF7B0BA255B00206E
S21400EB00F4550020225B002002560020D0E9023295
S21400EB1053F82230034A1B78003B18BF01231370BA
S21400EB20704700BF215B002010B50C4608B908F0FE
S21400EB3003F9024B18715C7110BD00BFF45500203C
S21400EB4002462DE9F341D0E90253526855F82310E6
S21400EB50D21A0C8805EB8301013BDBB255F8238003
S21400EB60294D022A4868C8BF8A682B78D8BFFF217B
S21400EB700078C8BF11783BB901210220234A02B0B1
S21400EB80BDE8F04100F074BEFFF7CEFF06F0E4FCEF
S21400EB901F4F204E3B880146224600931E483346B0
S21400EBA025F096FA0246C8B998F804103B885F2903
S21400EBB017D1CDE900364FF6FF712046164B24F0EC
S21400EBC0E9FB28B1034601210220144A00F050FE5A
S21400EBD00023134A2B701380124A137002B0BDE84C
S21400EBE0F0814FF6FB718C4208D9CDE900362146FC
S21400EBF0094B4FF6FF7024F02BFCE2E72146064A4D
S21400EC00009624F057FCDCE7245B00200BC10300D1
S21400EC1002560020255B0020F455002012C1030098
S21400EC2000560020235B0020002210B50A2104466F
S21400EC301046FFF74FFA002023F0A5FC0122044BF4
S21400EC401A70FFF70BFA2046BDE81040FFF778BFB2
S21400EC504E60002038B51C4615460123224625F096
S21400EC60E9FC60B92146284625F0ADFE044620B1F1
S21400EC7001210420034A00F0FBFD204638BD002495
S21400EC80FBE700BF39C103002DE9F0430C461546EB
S21400EC901F46D0E9022352F8231002EB8302936842
S21400ECA00E8893F80080D3688BB0B3F80090324695
S21400ECB0012106ABFFF7CEFFF0B90DF1200CF4B141
S21400ECC001232A884021CDE902C2CDE90471CDE9AD
S21400ECD000932221434606AA304625F0E2FC0B4B61
S21400ECE00B4A00930B4B0190002C08BF13460121E2
S21400ECF00420094A00F0BCFD0BB0BDE8F083624674
S21400ED0028686968032303C22246DBE798C103002C
S21400ED107DC1030077C1030085C1030007B5012349
S21400ED206A46002125F086FC6846034908F0C8FDBF
S21400ED3003B05DF804FB00BF21D80000D0E9023222
S21400ED4053F822300149188808F08CBD21D80000FD
S21400ED5010B5D0E9023203EB8201496853F822303D
S21400ED6009784FF48A52188825F08BFCBDE81040CD
S21400ED70034601210420014A00F07ABDA2C1030027
S21400ED80D0E9023253F8223002214FF48A5210B5ED
S21400ED90188825F068FCBDE81040034601210420D1
S21400EDA0014A00F065BD00BFBBC103001FB5D0E936
S21400EDB0023203EB820153F82230496818884FF478
S21400EDC08A5309880293094B094A0193094B1B7819
S21400EDD000931278084B25F0BCFC01210346042062
S21400EDE0064A05B05DF804EB00F042BD045600206C
S21400EDF0255C0020245C00200E560020D2C10300B3
S21400EE002DE9F043D0E9023253F8221003EB8203D7
S21400EE105A680E8817789A68DB688BB092F800906C
S21400EE20B3F800803246042106AB0446FFF712FF13
S21400EE3028BB08AD01232A460521204625F0FAFB0B
S21400EE4038B9042001210F4A00F012FD284624F0AC
S21400EE50A1FC4FF48A53CDE904930023CDE9025375
S21400EE6003232121CDE9008306AA3B46304625F040
S21400EE7018FC01210346044A042000F0F9FC0BB0FC
S21400EE80BDE8F083EAC1030019C2030038B5D0E933
S21400EE90024303F18043023B02220F4954F8230049
S21400EEA09D000CF0CFFE60B90C4B0D491A78042A71
S21400EEB00BD82C44A068008821F8120001321A7082
S21400EEC038BD084B08491A78F1E70121BDE83840FB
S21400EED00420064A00F0CCBC47ED0300255C002069
S21400EEE00E560020245C0020045600202BC203008F
S21400EEF008B5C368806803F18043023B02220649D6
S21400EF0050F823000CF09EFE10B9044B187008BD94
S21400EF100022034B1A70FAE747ED0300255C002039
S21400EF20245C002037B5D0E9023153F821208C004C
S21400EF3015784268521A012AC5BF1B195B686C090E
S21400EF401C78DCBF44F0180405F01F05294620464F
S21400EF5025F0C3FA034640B12346012104200E4A99
S21400EF60009500F085FC03B030BD0121A94074B9BE
S21400EF702346FE224FF6FF7025F043FD012103468F
S21400EF800420064A03B0BDE8304000F071BCFE2203
S21400EF9041EAC461EEE700BF41C2030061C203005C
S21400EFA070B5D0E9021551F8253001EB850104460D
S21400EFB018884B681A788B68052A1B8802D85E1E4C
S21400EFC0072E0BD9012104200C4A00F051FCBDE8A5
S21400EFD07040012104200A4A00F04ABC6468641BA1
S21400EFE0032CCABFC9680749096825F00AFDBDE8B1
S21400EFF0704002460449002007F05ABF7FC2030053
S21400F0009FC2030000F8FF07BCC2030008B5D0E9A2
S21400F010023253F8220003EB82035968FF2203886A
S21400F02009684FF6FF7025F0ECFCBDE80840024684
S21400F0300149002007F03CBFCFC2030008B5D0E965
S21400F040023253F8223005214022188825F00BFBA7
S21400F050BDE8084002460249002007F029BF00BF6D
S21400F060F0C2030008B5D0E9023203EB820148681B
S21400F07053F82210027840230988312025F046FBF9
S21400F080BDE8084002460249002007F011BF00BF55
S21400F09011C3030008B5D0E9023203EB82014868C9
S21400F0A053F82210027840230988332025F02EFBDF
S21400F0B0BDE8084002460249002007F0F9BE00BF3E
S21400F0C02BC303001FB5D0E9023253F8221003EB1E
S21400F0D082039B6808881A780023D21A18BF012278
S21400F0E0CDE9023302A94023D20125F01EFB0121FF
S21400F0F00090044B0420044A00F0BAFB05B05DF80B
S21400F10004FB00BF98C1030049C3030007B5D0E95C
S21400F110023253F8223003214022188825F0A3FA41
S21400F12001210090034B0420034A00F0A1FB03B02A
S21400F1305DF804FB98C1030058C3030037B5C368E5
S21400F1408268053352F8233004211D786A4601236D
S21400F150044625F06FFA38B904200121064A00F06B
S21400F16087FB684624F016FB2B466A46002120469D
S21400F170FFF78AFD03B030BD72C3030007B5D0E9C0
S21400F180023203EB8201486853F8221002784023CB
S21400F1900988322025F0BAFA01210090034B04209A
S21400F1A0034A00F065FB03B05DF804FB98C103005A
S21400F1B0A3C3030070B585690446EA0705F0020696
S21400F1C005D476B1C5F3072025F006F809E01EB190
S21400F1D0B2210F482BF067FAA069C0F3810024F033
S21400F1E0EAFFE3691BB9BA2109482BF05CFA20460E
S21400F1F014F00EFCE3693EB1607E9847AB0706D07C
S21400F200BDE8704024F0DCBF20469847F6E770BDA6
S21400F210B8C3030008B514F0EFFE28B1BDE80840F7
S21400F220472102482BF03FBA08BD00BFB8C3030011
S21400F2302DE9F041FF2B04460F4690461D469DF8EB
S21400F240186005D0FF2E03D0D52111482BF02BFADD
S21400F2500023FF2D18BFAD000E4A1CBF45F0010568
S21400F260EDB222600C4AC4E9063818BFA561FF2E2D
S21400F270C4E901232361E76007D0A36943F00203D2
S21400F28023F47F4343EA0623A361BDE8F08100BF71
S21400F290B8C30300DC3C0020B5F10000002310B525
S21400F2A0054C03610460054CC261C0E901430123BB
S21400F2B0C160836110BD00BFDC3C0020B5F10000DA
S21400F2C070B58669044606F00303032B0D4603D18A
S21400F2D0FC2114482BF0E7F9FF2D16D0B20704D412
S21400F2E040F201110F482BF0DEF9284624F012FCFC
S21400F2F0FF28054604D14FF482710A482BF0D3F953
S21400F3002DB204EB4514204670BDF307FBD5A36968
S21400F31013F00C0FF7D040F20B1102482BF0C3F994
S21400F320F1E700BFB8C303000023054AC0E9063171
S21400F33003610260C360034A034B42608360704708
S21400F340DC3C0020B5F10000DD390200014827F062
S21400F3501CBA00BFDC3C0020014827F022BA00BFE0
S21400F360DC3C002013B50E4827F0E9F923F08EF9AF
S21400F37026F0B2F926F0D4F926F0DEF9FCF748FFBD
S21400F3800446FCF75FFF2346009001210420054A4F
S21400F39000F06EFA02B0BDE81040FCF73FBF00BFB9
S21400F3A0DC3C00204BC40300022808B503D12BF038
S21400F3B073F9014B186008BD0C3D002008B50DF030
S21400F3C05BF90122044B1A702BF0EFF9BDE80840F8
S21400F3D002490348FDF7E4B8275C002028650020B2
S21400F3E0103D0020014B1870704700BF265C0020BF
S21400F3F0024B187808B106F093B870477C6A002074
S21400F40008B5074B1B780BB1002008BDFFF7F0FFCF
S21400F4100028F9D106F05EFC023818BF0120F4E798
S21400F420265C002070B5FFF7EBFF174D20B1FFF705
S21400F4308DFF0428044613D82B781BB92BF0B5F99A
S21400F44001232B7023F030F90446D8B12B781BB972
S21400F450F7210E482BF027F9BDE87040FFF776BF7E
S21400F46023F024F90028E7D02B785BB12BF019F8AD
S21400F47006460021012029F07FFA30462BF00CF8D2
S21400F48000232B70204670BD275C00206CC4030050
S21400F4901FB5FFF7C7FF0446FDF72CFAA04228BFAA
S21400F4A0204688B103A929F053FE034638B9CDE9B2
S21400F4B00000064A039906482BF00AF918B18E2177
S21400F4C004482BF0F0F8012004B010BDA726030076
S21400F4D0EC3C00206CC403000D4B70B51B780D4D42
S21400F4E00D4C0121002B0CBF2B46234602200B4A55
S21400F4F000F0BEF90A4B01211B780220002B0CBF3E
S21400F5002B462346BDE87040064A00F0B1B900BF5E
S21400F5107C6A002066ED030085ED030002C503004B
S21400F520265C002021C5030010B5D0E9023253F84E
S21400F530223002201B780121002B15BF0124002455
S21400F540044A054A00F094F92046BDE81040FFF74B
S21400F55049BF00BF40C503005DC50300D0E90232C5
S21400F56053F82230034A1B78003B18BF0123137060
S21400F570704700BF7C6A002038B50125084B1D7017
S21400F5802AF08FFF04462946284629F0F5F920463A
S21400F5902AF082FFBDE8384002490348FDF700B86C
S21400F5A0285C002030650020383D002070B514F03F
S21400F5B0A9FD10F0070F1D4D11D02B785BB9012661
S21400F5C02E702AF06EFF04463146304629F0D4F9F4
S21400F5D020462AF061FFBDE8704014F063BB25F0BA
S21400F5E0F4F9022803D1124B1B78032BE5D914F04B
S21400F5F089FD18B90E4B1B78032B14D814F052FB58
S21400F60004460028D9D02B785BB100262E702AF04D
S21400F61048FF05463146012029F0AEF928462AF073
S21400F6203BFF204670BD4FF0FF34ECE7285C00201F
S21400F630AF6000201FB5FFF7B9FF0446FDF75AF983
S21400F640A04228BF204688B103A929F081FD0346C1
S21400F65038B9CDE90000064A039906482BF038F879
S21400F66018B18C2104482BF01EF8012004B010BD00
S21400F670812B0300183D00207CC5030010B5094C03
S21400F6800949002007F0FAFB23681B68587924F024
S21400F69077FA23681B68587923F07BFA05F066F939
S21400F6A0002010BD984200200AC6030008B525F0C9
S21400F6B07CF9024628B1BDE808400020014907F061
S21400F6C0DDBB08BD2DC6030008B525F084F902464B
S21400F6D028B1BDE808400020044907F0CFBB5422FB
S21400F6E0BDE80840FF2102480BF060BF45C6030096
S21400F6F01856002038B504460D4625F070F9024627
S21400F70028B1BDE838400020034907F0B7BB034BDB
S21400F71023F8145038BD00BF63C6030018560020F7
S21400F7202DE9F34100240C4E0C4DDFF838800C4FC9
S21400F73056F8043B0BB9D8F8003035F8022B39469A
S21400F740009200202246013407F098FB2A2CEFD1C5
S21400F75002B0BDE8F08100BF3C6500206C5600207A
S21400F7607FC603003865002008B52A21034825F027
S21400F7702EF9BDE80840FFF7D3BF00BF6C56002047
S21400F78007B5D0E9023253F822301A78292A0DD864
S21400F790084B53F822300BB9074B1B68074900206B
S21400F7A031F812100091064907F068FB03B05DF8C7
S21400F7B004FB00BF3C650020386500206C56002026
S21400F7C07FC6030008B52A21034825F002F9BDE8E4
S21400F7D00840FFF7A5BF00BF6C56002038B5D0E93B
S21400F7E0023253F8221003EB82035B680C781D8804
S21400F7F00020044907F042FB29462046BDE8384071
S21400F800FFF778BF8AC603002DE9F34100240C4EAB
S21400F8100C4DDFF838800C4F56F8043B0BB9D8F87F
S21400F820003035F8022B394600920020224601347B
S21400F83007F024FB2A2CEFD102B0BDE8F08100BF10
S21400F8403C650020185600207FC60300386500205F
S21400F85010B5024623F0B3F920B9044C236811B161
S21400F8601343236010BD23EA0203FAE7E86500208D
S21400F8700CB413B502460C4623F0A1F960B9094B47
S21400F8801B681A4208D005A9049801910AF090FD59
S21400F89014B1054825F0ACFE02B0BDE8104002B039
S21400F8A0704700BFE865002089C90300034610B50D
S21400F8B0D3E9023253F8223008461C78211E18BFBE
S21400F8C00121FFF7C5FF014648B9084A084B022048
S21400F8D0002C08BF1346074AFFF7CAFF10BD0021D9
S21400F8E00220054AFFF7C4FFF8E700BF88B503000B
S21400F8F080B503008BC90300A1C903002DE9F041C0
S21400F90005461F460C46DFF82C808E18B44201D1FF
S21400F910BDE8F0810021284614F8013B069AFFF75F
S21400F920A7FF002FF2D0424600212846FFF7A0FF8F
S21400F930ECE700BF15BC03000021024A0248FFF7AF
S21400F940ADBC00BFCDF90000403D0020FF210148BE
S21400F95022F08EBE403D00200022034BFF210348CC
S21400F9601A7022F07EBE00BF295C0020403D0020B9
S21400F97013B5114C2378032B13D8009300230F4A9A
S21400F98018460F4907F07AFA237842F21072002BD5
S21400F99008BF0022FF210B4802B0BDE8104022F04D
S21400F9A04FBE00220849104607F068FA02B0BDE8CC
S21400F9B01040FFF7D1BF00BF295C0020B2C903008A
S21400F9C0C4C90300403D0020CEC90300F0B52B4D4E
S21400F9D08FB02B7823B309A825F031F8022309A8A5
S21400F9E08DF8243025F019F801AA06469446244BD3
S21400F9F003F11007144618685968083303C4BB425D
S21400FA002246F7D105AA17461E4B03F1100E1446E0
S21400FA1018685968083303C473452246F7D1E6B11F
S21400FA20012409A824F0A7FF28B9BDF8243013F054
S21400FA30020F18BF01242B781349002B4FF0000348
S21400FA404FF0A00208BF1946204624F06EFF90B97A
S21400FA502B7801332B700FB0F0BD614609A824F057
S21400FA60DEFF0028DCD1394609A824F0D8FF04467A
S21400FA700028D6D0D4E7FFF77BFFECE7295C002010
S21400FA80E0510400F051040000F8FF0710B5002014
S21400FA90324907F0F3F908220020314907F0EEF961
S21400FAA0304B314A1978314B0020002918BF1A46CE
S21400FAB02F4C304907F0E2F9002024F07CFB236845
S21400FAC0002B47D01B78022B44D900222A4B104625
S21400FAD02A4907F0D3F923F0B9F82949024600204D
S21400FAE007F0CCF900F0D0F826490246002007F0CF
S21400FAF0C5F923681B78032B2CD900F0D5F82249CA
S21400FB000246002007F0BAF900F0DEF81F49024668
S21400FB10002007F0B3F900F0DFF81D490246002088
S21400FB2007F0ACF900F0A4F81A490246002007F0E6
S21400FB30A5F900F0D7F8184C184954F820200020F2
S21400FB4007F09CF900F024F9154954F8202000200D
S21400FB5007F094F9BDE8104024F032BBF0C903006A
S21400FB600CCA03002A5C002066ED030085ED030046
S21400FB70D44100202FCA030056B703004AB703003B
S21400FB804BCA03006FCA030093CA0300B7CA030038
S21400FB90DBCA030002CB0300EC65002029CB030080
S21400FBA04CCB030008B5D0E9023253F8223018785F
S21400FBB040B10020074907F061F9BDE80840802001
S21400FBC000F034B8044907F059F9BDE80840802031
S21400FBD000F046B86FCB03008CCB0300D0E90232AE
S21400FBE053F82230034A1B78003B18BF01231370DA
S21400FBF0704700BF2A5C002018220021094BC3E989
S21400FC0000121A7B0AB9084A9A601A7C12B94FF495
S21400FC107A72DA8140F6B8325A8200229A829A754F
S21400FC20704700BF603D0020E09304000A4B10B50B
S21400FC301B687BB11B78032B02D8B0F5007F09D177
S21400FC40064C2368034323606368184202D02AF0F8
S21400FC501EFDA08210BD00BFD4410020603D0020E4
S21400FC60024A136823EA000313607047603D0020D1
S21400FC70014B1868704700BF603D0020014B986834
S21400FC80704700BF603D0020024B9868FA23B0FB27
S21400FC90F3F07047603D00200122024B98601A7313
S21400FCA0704700BF603D0020024BD889FA23B0FBA6
S21400FCB0F3F07047603D00200122024BD8811A7491
S21400FCC0704700BF603D0020024B588AFA23B0FB05
S21400FCD0F3F07047603D0020014B5868704700BF46
S21400FCE0603D00202DE9F84300244FF00C08104B2F
S21400FCF0104F9D7D104E3988E3B28B4202D32846C2
S21400FD00BDE8F88308FB03F3F05C06EB030924F078
S21400FD1059FA50B9FF21D9F8080022F0A9FC20B101
S21400FD2099F805309D4238BF1D460134E3E700BF11
S21400FD30603D0020226A002070660020124B10B53D
S21400FD401B68124CEBB11B78032B02D823689B056B
S21400FD5017D52AF09CFCA38AC01A638A80B2834215
S21400FD603EBFD4E900329343236024F0A8FD08B1D7
S21400FD70E08910BD2368002BFAD1FFF7B3FF0128F6
S21400FD80F6D0A068F5E700BFD4410020603D002013
S21400FD90014B987D704700BF603D002038B5044693
S21400FDA00D462AF025FD244B1B7813B1204622F081
S21400FDB048FF402C27D006D884B13F2C18D0BDE889
S21400FDC0384024F0FDB94C3C0C2CF8D81B4B234192
S21400FDD0DB07F4D40220FFF743FFF0E74FF4007090
S21400FDE0FFF73EFF0220FFF721FF154B1C71E6E7E9
S21400FDF04FF40070FFF734FF0220FFF731FF0022B8
S21400FE000F4B1A71DBE724F05EF90028D7D10C4CB3
S21400FE100220237901332371FFF722FF4FF400708D
S21400FE20FFF704FF2379AB42C9D322F00BFF00286B
S21400FE30C5D122F0E0FEC2E72A5C0020FEEEFFFFFE
S21400FE40783D002010B505F05FFB02280AD124F0AB
S21400FE5012FD034630B1BDE81040002202491046AC
S21400FE6007F00CB810BD00BFD8CB03000021024A33
S21400FE700248FFF713BA00BF45FE0000803D002091
S21400FE8038B5002024F097F9124B1B6893B11B7805
S21400FE90022B0FD905F038FB022816D10E4C256828
S21400FEA0FFF74CFFA842206008D0FF2122680B48CD
S21400FEB022F0C6FBBDE8384024F082B9FF2107488F
S21400FEC022F0D6FB0028F5D1EFE7FF21034822F009
S21400FED0C8FBEFE7D4410020783D0020803D00209D
S21400FEE002460249002006F0C9BF00BFECCB030063
S21400FEF010B5234C2348FF2122F0B3FB20780228BC
S21400FF001ED003282ED0012804D02120BDE81040A2
S21400FF10FFF7E6BF1C4B19780029F7D002231B4ACF
S21400FF2023701378052B0EBF00230133DBB29942F2
S21400FF30137003D1052313700020E7E7052BFBD0D1
S21400FF40124B1B78052B02D103232370DDE7104AE2
S21400FF50104932F8230007F085FC0323237000289D
S21400FF60D4D110BD094B0C4A1878094B03EB80011D
S21400FF70897833F8200007F045FC0123EEE700BF40
S21400FF802B5C0020A03D0020345C00207E6A002010
S21400FF90C056002079010100250101002DE9F04F2F
S21400FFA00D46144695B00490112200210FA89946DC
S21400FFB0DFF86C810BF0FAFA04EB45030393D9F8EB
S21400FFC000301C2B02D0039B9C4202D115B0BDE82A
S21400FFD0F08F0123DFF844A18DF81C3023884C4AAB
S21400FFE0ADF81E309AF800304A4D08EB83039B7834
S21400FFF028788DF8203013688DF81D00CDF8213054
S2140100005368CDF8253024F0DDF8049B8DF82900DF
S21401001021882878002B4AD123F0A3FD002844D05C
S2140100209AF800300FAA38F8230007A922F018FE24
S21401003000283AD023F0C2FB4FF0000B07460646D5
S2140100401C255FFA8BF2974234D8B7422BD99DF81C
S2140100501C30032B1AD10FAB0193BDF821300022BF
S2140100600421009301202C4B06F08EFD9AF80030F7
S21401007008EB83039978274B187806F001FE9AF867
S2140100800030002038F8231023F0F1FF5DB107A9F6
S214010090304624F0E2FB214B05461B78304638F803
S2140100A0231024F0DCFBC9F80050023487E723F064
S2140100B04FFDB3E710460BA9059224F0CAFB30B9F1
S2140100C09DF82C1031B9059AB74208BF16460BF1B8
S2140100D0010BB6E7BDF82E00BDF81E209042F6D102
S2140100E09DF830009DF820209042F0D19DF81C200C
S2140100F08A42ECD1032A14BF082202220DF1210103
S2140101000DF131000BF09EFD002808BF0025DEE74B
S2140101102C5C00207D6A002069CE03007E6A0020E8
S214010120C056002013B503460020114A9C68127879
S2140101300190052A03D01B78032B00D12CB901208E
S21401014002B0BDE81040FFF7CBBE6268217801AB74
S214010150FFF724FF217A0120E26801ABFFF71EFFBB
S214010160FF21044802B0BDE8104022F072BA00BF79
S2140101707E6A0020A03D0020094B1B78052B02D08B
S2140101800378032B02D00120FFF7AABE8168054A37
S2140101900B68054813604B68FF21536022F059BA7B
S2140101A07E6A00202C5C0020A03D002038B500248B
S2140101B0114B124D1870124BFF211C702C7006F05B
S2140101C05FFD0122032110460E4B06F0DDFC4FF6C3
S2140101D0FF712246084623F04DFF044648B940F613
S2140101E0B832FF21084822F02BFA01232B70204653
S2140101F038BDFFF775FEFAE77D6A00202B5C00200C
S214010200345C002029FF0300A03D0020144BF0B50C
S2140102101A68144913680978587988420BD112492B
S214010220D78808460022114D1E792B78D4B2A342F6
S21401023003D8052C0AD10020F0BD0C88BC4202D19F
S2140102408C78B442F7D001320431EFE7A342F2D101
S21401025020F82270013300EB820086702B70EAE7EB
S214010260984200207D6A0020C0560020345C0020A1
S214010270FF2307B50021044A04480093FEF7D8FF80
S21401028003B05DF804FB00BFF1FE0000A03D0020B6
S2140102901FB5B42303210446ADF80E3023F058FCF5
S2140102A098B1212320460093002203210DF10E036D
S2140102B023F0FDFD04460020054B064A064900943E
S2140102C006F0DCFD204604B010BD8624F3E700BF2F
S2140102D016CC030023CC030038CC0300D0E902324D
S2140102E053F82230034A1B78012113700220024A78
S2140102F0FFF7BEBA966A002047CC03000122014BE5
S2140103001A707047966A00200A4B90F805111B7800
S21401031090F8082119448A42BCBFB2FBF3F103FBF3
S21401032011234FF0FF32B8BFDBB202FA03F380F8B5
S2140103300A317047966A00202DE9FF410446057F81
S214010340867EDFF870806E43237F98F80020134482
S2140103509D4212DB607F60B9238B02936369019330
S214010360237C00936288A31D217805F095FDFF2369
S2140103702370002004B0BDE8F081E37EAB42E9D9EA
S214010380A77E228BF1199142A4BF921BD7B205EB2F
S2140103900323E3813A4633462946204622F07AFC77
S2140103A00028E7D1637F3744013301356377BEB256
S2140103B0EDB2C9E7966A002037B5054624F07BFA08
S2140103C00D4B04461B6869461B78032B82BF0B4BFB
S2140103D01B881B18284688BF9CB224F0F4FA38B94B
S2140103E0684624F06AFA18B9044B1B8823449CB269
S2140103F0204603B030BD00BFD4410020266A00204D
S214010400084B1B78FF2B0BD1074B1B78FF2B07D113
S214010410064B1B78022B03D04FF48070FFF720BCED
S214010420704700BFF4650020F03E0020C03D00206C
S21401043010B50446FF2122F014F9054B9C4202BF79
S2140104400023A4F588742370BDE81040FFF7D8BFD9
S214010450D03E00202DE9F0479A462A4B81461B786C
S21401046088461646BDF82050002B49D0FF2D3ED9B0
S21401047038252846BDE8F087234B0C223146A01DBF
S214010480636184F80090A4F802800BF0E1F8A28979
S214010490414642F4004242F040022046A28122F048
S2140104A00BFC2A46514660690BF0D2F84146484695
S2140104B0A21D258323F053FFA0760028D8D005443B
S2140104C0013DB5FBF0F0FF28D2DC0023E0762046A4
S2140104D0A383FFF731FF054680B923794FF4807077
S2140104E0B372FFF7A3FB227C099B1A80C1E7074C76
S2140104F02778FF2FC0D040F60345BAE72770F2E70A
S2140105000225B6E7966A0020365C0020F03E002001
S214010510B0F9063010B5002B25DA144C2278237C6E
S214010520FF2A02D0827A9A4207D0114C2378FF2BF9
S21401053017D0827A237C9A4213D169B9637F013B33
S214010540DBB263775BB90B4A237F127820461344EC
S2140105502377FFF7F1FE0146204622F0BCFBFFF7AA
S2140105604FFF012010BD0020FCE700BFF03E002039
S214010570F4650020966A00202DE9F04F9A46B1F9FD
S214010580063091B0002B0D461746DDF868800490C2
S21401059080F22981B8F80030FF2B04D94FF4B871E6
S2140105A0A6482AF080F8A64B00241A7893F804018E
S2140105B0B3F80211002A40F0A5802E7AA14A1278DB
S2140105C0B24240F2AF800222A3F802711A70AA7AF0
S2140105D0FF2483F804210022A3F8084183F80521AB
S2140105E0A3F80621B8F80020954883F80C21FFF7F8
S2140105F08BFE3846FFF7E0FE214600EB40029248AC
S21401060022F01EF84FF48070FFF710FB8C4C94F824
S2140106100A91B9F1FF0F20D18A4A94F80531127870
S2140106201344B34219DC94F80C1184F80531B4F87C
S2140106300631204601FB0233A4F80631FFF764FEBB
S2140106400122824B38461A70FFF7B6FE494600EB88
S214010650400204F5887021F0F3FF94F80531B342A7
S21401066060D8DFF8E0B19BF800C00CEB03029642BD
S21401067058DA764994F808210878013A002853D0C8
S214010680964205DAB8F8002084F80C2100220A7098
S214010690B6FBFCF901220CFB196994F80A015FFA12
S2140106A089F902FA09F2D1B2024076B92889000A1C
S2140106B0844584F8080108D92046CDE9062105932A
S2140106C0FFF722FEDDE90621059B94F80A010143A6
S2140106D084F80A1182B994F80921B4F806C10132E6
S2140106E084F80921B8F80020DAF800100CEB0200B3
S2140106F0FF2826DD0323237094F80831013B9E4230
S21401070030D138E0AE7A864202D18F4200D11C4603
S2140107102E7A002C7FF47BAF002A3FF44FAF012ADC
S2140107203FF44CAF01205FE09642B1DA94F80C1129
S21401073098F800209142ABD004F58870FFF778FE58
S214010740F0E794F80CE1F31A0EFB03C3A01C10FAB1
S21401075083F005920AF07CFF94F80831059A013B74
S2140107609E4244D0012394F80A2103FA09F3013B7F
S2140107701343FF2B04D122462946384622F09DFA20
S21401078094F8083194F809219A42CBD19BF80030AD
S214010790B2FBF3F103FB112212F0FF0218BF13465E
S2140107A02278022A26D1264A023410785178012866
S2140107B004BF01315170012224F8022CEA88B4F8F2
S2140107C0041122F04002EA8094F809210A44591ED5
S2140107D094F80A3113FB01F31344A8F80030CAF861
S2140107E00040FFF70DFE002011B0BDE8F08F84F841
S2140107F00B21C0E76979002994D0032A92D1B4F875
S214010800062194F80B1108AE11445A1E94F80C31C7
S214010810284613FB02F30B4400219BB2A21CA8F846
S2140108200030CAF80020CDE900710296049907F05D
S21401083005FD8921304623F08FFD7DE76ECC030050
S214010840C03D0020966A0020D03E0020355C002086
S21401085013B5044618B101280BD002B010BDFF2312
S21401086001460093064A0748FEF7E2FC064B1C7059
S214010870F3E7FFF743FDFF22044B1A70EDE700BFD5
S21401088031040100D03E0020C03D0020F03E002093
S21401089013B501A909F04AFE044648B9BDF8063069
S2140108A09DF80420034906F0E9FA204602B010BD7F
S2140108B08120FBE705CD030013B5694609F042FE2A
S2140108C0044688B9BDF802309DF80020074906F0B5
S2140108D0EFFA2046019906F043FA2046044906F04D
S2140108E0CDFA204602B010BD8120FBE729CD0300DA
S2140108F04FCD030037B5694609F048FE044618BBDC
S2140109009DF801309DF80020104906F0D1FA104DEF
S2140109109DF80120E3B29A4206D800200D4906F060
S214010920ADFA002003B030BD0198630003F4FF73F5
S21401093002220021184423F028FC29460246002002
S21401094006F0B6FA0134E3E78120EBE751CD030068
S21401095080CD030029FF030013B501A909F0ECFDC2
S214010960044648B9BDF806309DF80420034906F050
S21401097085FA204602B010BD8120FBE78ACD030030
S21401098030B500240B4D85B06946E0B223F061FF17
S21401099050B99DF80030032B06D12946BDF8053025
S2140109A09DF8012006F06AFA0134202CECD105B03E
S2140109B030BD00BFB1CD030008B50020034906F0E5
S2140109C05DFABDE80840FF2000F0DEBAC3CD0300A3
S2140109D02DE9F04F85B006460D46174622F0BBF9C5
S2140109E0044640B130463A46294622F09EF9002098
S2140109F005B0BDE8F08F4FF003094FEA15285FFAFE
S214010A0084FA6946504623F024FFB8B99DF800B031
S214010A10BBF1000F12D1694650468DF800908DF853
S214010A2005508DF806808DF8016023F016FF02460A
S214010A300028D7D05846064906F020FA0134202C63
S214010A40DDD10020034906F019FA8920D0E700BF5E
S214010A50D8CD0300FFCD03001FB5002304468DF853
S214010A600F3022F063F928B19DF80F3063F07F0351
S214010A708DF80F30182301930DF10F030022009318
S214010A8004214023204623F001FA024618B1002033
S214010A90024906F0F3F904B010BD00BF1ACE0300F8
S214010AA01FB502A909F060FD044688BBBDF8082001
S214010AB0184906F0FDF92046039906F051F920463B
S214010AC0154906F0DBF94FF6F672BDF80810134C1F
S214010AD04B1E9BB2934219D82368039A1B68587918
S214010AE0FFF776FF23681B79012B0BD8BDF808307A
S214010AF00022CDE900030421094B092006F044F841
S214010B0023F024FC6FF0FF0004B010BD8720E9E756
S214010B108120F9E739CE03004FCD0300984200202B
S214010B2050CE030070B504468AB005AD11220021EF
S214010B3028460AF03BFD204604A909F009FD0446B3
S214010B4000283AD11E4EBDF810201E4906F096F92F
S214010B5032681379012B28D84FF6F670BDF81010BD
S214010B604B1E9BB2834224D81368587922F0F3F8BF
S214010B7008B333682A461B68BDF81010587922F06E
S214010B80D3F8BDF8103001220421CDE90043092035
S214010B900D4B029505F0F8FF23F0D8FB034620B174
S214010BA000200A4A0A4906F069F96FF0FF000AB008
S214010BB070BD8724E5E78B24E3E78120F7E700BFD4
S214010BC09842002053CE030068CE03006CCE03008B
S214010BD077CE03002DE9F0479AB004A909F0D0FCBE
S214010BE00446002840F0B5809DF810205B4906F0C9
S214010BF05FF925465A4E9DF81020EBB29A4254D81A
S214010C000020584906F03AF99DF81050002D40F0A2
S214010C1099802C462E46544F06A9F0B223F019FEB1
S214010C20C8B99DF81830032B15D13B689DF81920DB
S214010C301B685B799A420ED19DF81D2005F1680369
S214010C406B4403F8402C9DF81E200235013403F84E
S214010C503F2CEDB2E4B20136202EDDD19DF81030E6
S214010C600BB1002C77D00AABCDE90143FF2302225A
S214010C700421009309203D4B039505F085FF23F0E1
S214010C8065FB034660B19DF81020002A5FD0384A04
S214010C903849002C08BF0A460020374906F0EEF80E
S214010CA06FF0FF001AB0BDE8F08705986B0003F4FB
S214010CB0FF7302220021184423F067FA31460246E8
S214010CC0002006F0F5F8013595E70598730003F462
S214010CD0FF7302220021184423F057FA00278046AA
S214010CE05FFA80FA06A9F8B223F0B3FD00BB9DF8BF
S214010CF01830032B1CD1D9F800309DF819201B6839
S214010D005B799A4214D19DF81D30534510D19DF858
S214010D101E30C8F307229A420AD105F168036B44D4
S214010D200235013403F840AC03F83F2CEDB2E4B2CF
S214010D300137202FD6D101369DF81020F3B29A4202
S214010D40C3D88BE70025DFF820902E46F4E7084A43
S214010D50A2E78120A6E78B20A4E700BFD1CE03003F
S214010D6080CD030029FF030098420020F0CE030047
S214010D70A2CE0300C0CE0300F4CE03002DE9F0435B
S214010D8089B002A909F0EAFB0446002867D1BDF83C
S214010D900820344906F072F84FF6F672BDF808508E
S214010DA0DFF8D4906B1E9BB2934254D8D9F800302A
S214010DB029461B685F79384621F0CDFF00284CD0C4
S214010DC026465FFA86F8404603A923F042FD28B975
S214010DD02946384603AA21F0ABFF20B90136202E5A
S214010DE0EFD14FF0FF08404623F031FD014658BBD6
S214010DF0112203A80AF0DAFB2946384603AA21F095
S214010E0094FFD9F800301A79012A18D81B68BDF862
S214010E100810587923F07AF9BDF808300322042126
S214010E20CDE900430920104B05F0AEFE23F08EFA03
S214010E30034620B100200D4A0D4906F01FF86FF059
S214010E40FF0009B0BDE8F08302460A49002006F01B
S214010E5015F80124D5E78724D3E78B24D1E7812031
S214010E60EFE700BF16CF030050CE030054CF0300B8
S214010E7077CE03002DCF0300984200202DE9F043E2
S214010E80DFF894800020D8F8003021491B688BB029
S214010E905E79002505F0F2FF01275FFA85F94846DD
S214010EA001A923F0D6FC044690B99DF80430032B23
S214010EB00ED19DF80530B3420AD1484623F0C7FC4F
S214010EC00146A0B102461349204605F0D7FF274642
S214010ED00135202DE1D1D8F8003000211B68587962
S214010EE023F014F987F001000BB0BDE8F08311225E
S214010EF005A80AF05BFBBDF809403046214605AA65
S214010F0021F013FF2146304623F000F9E0E700BF49
S214010F1061CF03002DCF03009842002037B5694604
S214010F2009F028FB044638BBBDF80020134905F03C
S214010F30BFFF134D2046019905F012FF20461149C7
S214010F4005F09CFF2B681B68587923F0EEF970B109
S214010F504FF6F672BDF800104B1E9BB2934209D8AD
S214010F602B68019A1B685879FFF732FD0446204624
S214010F7003B030BD8724FAE78120F9E775CF030077
S214010F80984200204FCD03007FB505460024E6B207
S214010F906946304623F05DFCA8B99DF80030032B66
S214010FA011D19DF80130AB4204D0FF2D0BD19DF835
S214010FB00D3043B9304623F04AFC024618B10020F2
S214010FC0034905F05BFF0134202CE0D104B070BD6D
S214010FD02DCF0300034B1B681878012808BF022099
S214010FE0704700BFD4410020D0E9023253F82230C6
S214010FF01A78024B1A7000F0E7BA00BF355D002080
S21401100070B5D0E902456B1EDBB254F8230003220B
S2140110101B490AF017FE54F8253004EB85041978AD
S21401102063681A78A2F10B030F2B05D91549002026
S214011030BDE8704005F022BF01290FD1124C914046
S214011040236840B90B43114A23600020BDE8704075
S2140110500F4905F013BF23EA0103F4E702290CD177
S21401106001230C4903FA02F20B6818B913430A4A22
S2140110700B60EAE723EA0203F9E70A460749D6E7DF
S21401108099CF03009DCF030018660020B3CF03005D
S214011090BBCF030014660020CECF0300D8CF0300D9
S2140110A007B5D0E9023103EB810253F821300B4931
S2140110B01B785268012B0A4B08BF0B4612684FF08B
S2140110C000001A600092074A074B084918BF1346EA
S2140110D0074A05F0D3FE03B05DF804FB186600204E
S2140110E014660020F3CF0300EBCF0300FDCF03000F
S2140110F01052040038B5254A254B264C00202649B7
S21401110005F0BCFE0020254905F0B8FE22682449FA
S214011110002005F0CDFE2068224C234D05F088FE08
S2140111202146002005F0AAFE2A682049002005F085
S214011130BFFE286805F07CFE2146002005F09EFED5
S2140111401B4B1C491A781C4B002053F8223005F023
S21401115095FE00F00DF919490246002005F08EFEB5
S214011160174B00201A78174905F088FE164B1749C9
S2140111701A78002005F082FE04F0C6F9BDE8384072
S21401118002461349002005F079BE00BF1052040044
S21401119017D00300186600201ED0030026D00300D7
S2140111A034D0030097B603001466002045D0030030
S2140111B0635D002056D003001C66002069D0030042
S2140111C0485D00207DD00300475D00208FD00300DE
S2140111D0A1D0030007B500F071F8054B0090054A51
S2140111E00020054905F04AFE03B05DF804FB00BF88
S2140111F0B7D003001052040038CC0300F8B50446FB
S2140112000B4F0C4E0C4D00200C4A0D4905F036FED6
S21401121020463B7829783278F4F7A4FF00233B7008
S21401122033702B70FF21BDE8F840064821F019BA4B
S214011230635D0020475D0020485D002010520400D9
S214011240BCD00300103F002037B51248FF2121F023
S21401125008FA114B187810F0100505D0002003B0DD
S214011260BDE8304003F01CBF0121B42004F0C6FAEB
S21401127004460A4B0A4A0B490090284605F0FEFD33
S2140112802046FFF7BBFF4FF4806003B0BDE8304057
S214011290FEF7E6BC103F0020635D0020D3D00300BC
S2140112A01052040038CC03000021024A0248FDF720
S2140112B0F5BF00BF49120100103F002008B5054BDD
S2140112C01B7823B11720FFF799FF002008BD0220E5
S2140112D0FCE700BF635D002010B550B1054B00F17F
S2140112E0100250F8044B904243F8044BF9D1024BDC
S2140112F0197010BD495D0020595D002037B5174DA6
S21401130004462B78DB0626D50090154B0020154A9F
S214011310154905F0B3FD1E2C0BD0652C09D0032C06
S21401132019D0002023F00DFB40F61C40FFF766FFA6
S2140113300DE023F02EFB4FF4FA63B0FBF3F202FB51
S2140113401300C218FF21094892B221F079F92B78CF
S21401135023F010032B7003B030BD00BF635D002087
S214011360ECD003001052040038CC0300103F0020DC
S214011370014B1879704700BFD456002070B54C4E0B
S2140113808EB0337803F0FB02A3F10905022AEDB211
S21401139058D0042B41F6041257D0A3F108014B4252
S2140113A04B415B0013434348ADF80C3021F003FD7D
S2140113B048B9414B3F4A03F1100153F8040B8B42E5
S2140113C042F8040BF9D13D4B1B78002B3FD03C4B28
S2140113D00DF10E0203F1100153F8040B8B4242F893
S2140113E0040BF9D103A823F0CCFA2328044610D124
S2140113F0012D49D80020334A334905F03FFDBDF899
S2140114000C3003A823F40053ADF80C3023F0B9FADE
S2140114100446002C41D14FF40C7023F0B0FA044678
S21401142000283AD103F0FAFE012D36D8274A01AB3F
S2140114301068516803C3264901A823F0FEFA78B361
S21401144019242AE043F60412A7E70223AAE7337811
S214011450042B0DD0082B0BD01E4B0DF10E0203F101
S214011460100153F8040B8B4242F8040BF9D1B9E78B
S214011470104A0DF10E0302F1100152F8040B8A42D4
S21401148043F8040BF9D1ADE7337803F0FB03022BE5
S21401149003D10020104905F0F1FC20460EB070BDC6
S2140114A0044901A823F0C9FA04460028C8D1F4E784
S2140114B0635D0020375D0020B9D10300595D00202F
S2140114C0495D00201052040010D10300CAD1030068
S2140114D000520400D3D103006BD1030070B500267F
S2140114E086B00446252023F032FA1622002116483B
S2140114F00AF05CF8154B1E60154B1878FFF76AFD6D
S214011500022814BF0123042303208DF8083023F09A
S2140115106CFA04238DF810300E4B02A80593039441
S21401152003F030FD05460C4B0C4A19680C4B30464F
S214011530A14208BF134600940A4A0B4905F09EFCD7
S214011540284606B070BD00BFD4560020303F0020AC
S214011550635D00203D18010018660020EBCF0300F4
S214011560F3CF030010520400E4D1030008B5134A78
S2140115701378042B09BF124B01331B78C3F1060302
S214011580DBB2137003F0FD02092A04D11720FFF71E
S21401159035FE172008BD0A4A1278002A14BF052214
S2140115A006229A4207D1074B18680028EED0FFF7AB
S2140115B095FF4D20EEE70020ECE700BF635D0020BD
S2140115C0595D00201466002073B51E4C1E4E23681C
S2140115D03268134334D01D4B1B6853B31C4D2B7814
S2140115E03BBB03F091FFF8B94FF48060FEF71EFB9A
S2140115F0184B24681B7894B1C3F102032B7003F0D7
S21401160047FD2046FFF76AFF04460020124B134AA7
S2140116101349009405F032FC204602B070BDC3F1B8
S214011620060334682B70EAE70121B42004F0E6F8DB
S214011630EAE70020094A0B4905F020FC0224E4E70A
S2140116400224E9E71866002014660020D441002031
S214011650635D0020595D00202CD203001052040067
S21401166038CC030012D203002DE9F347384D394E2A
S21401167000202A792B88384905F000FC3268287941
S21401168022FA00F010F0010002D1344905F0F6FB11
S214011690334F3C783CB10822324933480AF0D2FA3B
S2140116A0041E18BF0124DFF8DC80DFF8A490DFF801
S2140116B0B4A014E098F8000049460130C0B288F89A
S2140116C0000023F036F9002835D13C783CB10822D9
S2140116D0514625480AF0B6FA041E18BF01242A7995
S2140116E03368D340DB07E5D5002CE3D100922B8885
S2140116F01E4A1F49204605F0C1FB1E4B1878FFF70E
S21401170069FC01230322124923F019F91A4A0546F6
S21401171013780133137010B902B0BDE8F087204684
S2140117202B46124A154905F0A9FB284602B0BDE82A
S214011730F047FFF763BD0020114905F09FFBFFF757
S21401174015FF0028E8D102B0BDE8F04700F01CB84C
S214011750D4560020303F002032D2030063D203006B
S214011760625D00205A5D0020E256002010520400FF
S21401177032D30300635D0020475D0020D3D203000F
S214011780FCD20300365D00202DE9F041214C224DAC
S2140117902378002055F82330204A214905F06EFBB6
S2140117A0FFF7ECFD03461D4E1E4FDFF874802BB984
S2140117B02378042B15D8B3B91B4B15E032463946AE
S2140117C0002005F05BFBFFF7D1FE00BB2378324615
S2140117D055F82330414605F051FBFFF7CFFD034690
S2140117E0E5E7092BE8D1114B00201B68104A114987
S2140117F01360114B187023F09CF820B1BDE8F0413E
S2140118000120FFF7FBBCBDE8F041FFF72DBFBDE8A7
S214011810F08100BF635D00201C66002010520400AA
S21401182052D303005FD3030014660020186600201D
S214011830303F0020D4560020365D002070B51C4C89
S21401184023789BB3838913F4407F2FD0056835B185
S2140118502A46BDE870400020164905F00FBB23F06C
S21401186066F8154E03463070144A2846144905F0AA
S21401187005FB33781BB1BDE87040FFF785BF2378C1
S214011880082B0CD8042B0CD80E4B1B78C3F106037F
S21401189023700D4BBDE870401868FFF71FBE0A2B7A
S2140118A0F2D1BDE870401820FFF7A8BC70BD00BF9C
S2140118B0635D00208AD30300485D002010520400B7
S2140118C0B7D30300595D00201466002030B5464D9D
S2140118D003460446454A0020454987B005F0CEFA3E
S2140118E02B782BBB01A823F0AAF8022301A88DF8B8
S2140118F0043023F092F8B0B93E4901A823F08FF8DE
S21401190088B1152C0FD123F044F847F23153B0FBC0
S214011910F3F202FB130000F51C50103080B203F006
S214011920BFFB07B030BD162CFBD103F0F3FBF8E785
S214011930152C2AD100202D4A2F4905F09FFA2B7825
S214011940042B11D0082B0FD02C4B1B78DA070BD4A5
S21401195001A823F010F818B9BDF804309B0703D48A
S2140119602B7843F010032B7023F013F84FF4FA632F
S214011970B0FBF3F2FF2102FB1300C218204892B21B
S21401198007B0BDE8304020F05BBE23F034F80446D3
S2140119900028C6D12B78013B092B1ED8134A1949BA
S2140119A005F06CFA184A194913780133D8B2107049
S2140119B022F0BFFF60B12046154905F05FFAFFF738
S2140119C0D5FD0028ADD107B0BDE83040FFF7DCBE3D
S2140119D007B0BDE83040FFF747BE40F61C4007B0F1
S2140119E0BDE83040FFF70ABC635D002010520400DA
S2140119F0DBD3030000520400F2D30300355D002060
S214011A00103F002005D40300365D0020D456002088
S214011A10FCD203002DE9F0410B4686B004460E4683
S214011A2017463A490246002005F028FA4FF000080A
S214011A300123CDE901380DF11603009342464023F8
S214011A400621204622F057FA054640B102463049A3
S214011A50404605F013FA284606B0BDE8F0819DF829
S214011A6016202AB936B900202A4905F007FAF2E706
S214011A70012EF8D082F00103002027498DF8173097
S214011A8005F0FCF99DF817300DF1170633B3102356
S214011A900022CDE9006306214023204622F0F6F914
S214011AA0064630B1324600201C4905F0E7F93546B6
S214011AB0D1E74FB90821204622F04AF820B1204646
S214011AC09DF8171022F023FB0521204622F040F84E
S214011AD00028C0D0204622F017FBBCE74FB90821EA
S214011AE0204622F035F820B120469DF8171022F046
S214011AF00EFB10230022CDE9006306214023204679
S214011B0022F0C4F906460028DED0CBE734D603001F
S214011B1050D6030069D6030089D60300A9D6030070
S214011B20002208B5034B11461B681B685879FFF75E
S214011B3071FF08BD9842002008B5044B00221B68BF
S214011B4001211B685879FFF765FF08BD9842002000
S214011B5008B5044B00221B6802211B685879FFF761
S214011B6059FF08BD9842002010B50123002488B013
S214011B7001A88DF80430CDE90244F5F7E3FC2046D0
S214011B809DF80420124905F079F92046039A114977
S214011B9005F074F92046029A0F4905F06FF91022F4
S214011BA00E4B0DEB0201188840F0604040F48010A7
S214011BB0FBF744F920460A4905F07AF904A822F011
S214011BC026FB2046074905F059F908B010BD00BFAD
S214011BD0C2D60300E1D6030000D70300C0510400BB
S214011BE01FD7030029FF030008B521F015F90020CF
S214011BF0024905F043F9012008BD00BF3CD70300A8
S214011C000023054A8360C360044BC0E9002311B179
S214011C104FF6FF730B807047491041B20230021134
S214011C2010B5044660B10020064905F027F9052CD9
S214011C3006D002F0CBF904490246002005F01EF951
S214011C40012010BD50D7030061D7030037B500212E
S214011C506A4601AB054621F0A0F9044668B10022A8
S214011C600F49104605F00AF902F0B0F90D4902468F
S214011C70002005F003F903B030BD0B4905F0FEF86E
S214011C80012020F0DFF801F099FF431C02D007F095
S214011C909DFFF0E721462846FFF7A6FFEBE700BFCA
S214011CA08AD7030061D70300D2D7030038B50546AB
S214011CB001F084FF044622F0F3F94DB100200E49ED
S214011CC005F0DCF8631C14BF2046002007F040FF37
S214011CD021F0B0F80228044605D0012805D10020DD
S214011CE0064905F0CBF8204638BD0020044905F02A
S214011CF0C5F80024F7E700BFEFD7030009D80300B3
S214011D0022D8030008B50020034A044905F0B6F8B6
S214011D10BDE8084000F050BDCCE703003BD8030007
S214011D2008B50020034A044905F0A8F8BDE80840B4
S214011D3001F0CAB95AD803003BD803001FB5D0E951
S214011D40023253F8223068461C78214601F0D0FB57
S214011D50684601F073FC28B92246044905F08EF85E
S214011D6004B010BD6846FFF771FFF9E760D80300BD
S214011D700020014905F082B87CD803007FB50DF13B
S214011D80060102A8FFF73CFF0020264905F076F879
S214011D900020BDF80820244905F070F80020BDF8A1
S214011DA00A20224905F06AF8039A0020204905F026
S214011DB065F800201F4905F07BF84FF6FF73BDF864
S214011DC006209A4229D000201B4905F057F800202A
S214011DD01A4A1B4905F052F800201A4A1A4905F01A
S214011DE04DF800221949104605F048F80020154A1A
S214011DF0174905F043F80A220020164905F03EF877
S214011E000A220020144905F039F80A220020134955
S214011E1005F034F807B05DF804FB0020104905F022
S214011E202DF8D4E78BD80300A3D80300BCD8030051
S214011E30D5D80300EED80300F9D60300E0930400DA
S214011E4004D90300C027090023D9030042D903009F
S214011E5061D9030080D903009FD90300BDD90300CF
S214011E6001D9030008B50020034905F007F8BDE8CD
S214011E700840012001F0FAB9DBD9030008B50020BB
S214011E80034904F0FBFFBDE80840002001F0EEB96D
S214011E90F4D9030030B5104B104D1B5C85B08DF89E
S214011EA00F302B780446834206D00D4B0D4953F86C
S214011EB02020002004F0E2FF30232C700A48019312
S214011EC00DF10F030093062280231921007821F0DB
S214011ED0DDFF05B030BD00BF275204006B5D00205A
S214011EE0345204000CDA0300806A00201FB5232355
S214011EF003900193064803AB009301228023192126
S214011F00007821F0C3FF039805B05DF804FB00BF1D
S214011F10806A002073B5164D04462B78154ECBB15A
S214011F2020F0A9FF012815D0346040F6B244124BC8
S214011F301B78072B17D02D78C5B920F09CFF031E00
S214011F4018BF01230D48009522461921007821F07B
S214011F5021FB03E000233360002CE8D1201E18BFCC
S214011F60012002B070BD02250123EBE70025FBE747
S214011F70685D0020343F00206B5D0020806A0020F1
S214011F8008B50448FFF7C6FFBDE808400220FFF782
S214011F9081BF00BFC027090010B5064C208822F07B
S214011FA0B7F8608822F0B4F86068BDE8104022F007
S214011FB0BEB800BF383F00207FB523238DF813300D
S214011FC00DF11303029304230648019305AB009316
S214011FD0012280231921007821F08DFF059807B092
S214011FE05DF804FB806A00202DE9F047DFF84C918C
S214011FF0044699F8000090460F4621F08BFD0B2809
S21401200099F8002005D9BDE8F04700203F4904F0C3
S21401201035BF00263E4B3F4D1E803F4BDFF820A1CB
S21401202003EB00135B8801202B802A7104F04EFE1F
S21401203005F0F6FE04F04AFE204604F047FE0123B2
S214012040042C8AF800300BD8022C45D89C4216D0B6
S2140120502346BDE8F0470020304A314904F00EBF60
S214012060062CF5D130462F4904F008FF384604F017
S2140120702DFEFFF791FF97B18AF800600FE04FF64B
S214012080FF76294F3888801B18BF012004F01EFEFA
S214012090FFF782FF3888B04201D022F039F81923C1
S2140120A06B8099F8003000202B71204B1B786B71E8
S2140120B0EB8843F04003EB801D4B198821F0D7FFD6
S2140120C0034620B1224600201A4904F0D7FE4046B6
S2140120D0BDE8F047FFF71EBF304604F0F7FDFFF7F7
S2140120E05BFFFFF769FF22F022F8134B1B78002BEA
S2140120F00CBF3F20202004F0E9FD042CCFD14FF483
S214012100806022F005F83220C7E700BF1FDA03001F
S214012110F8560020FC56002008410020D9C70300CD
S2140121206BDA03004EDA0300EC5600207F6A0020CB
S214012130206A002084DA0300675D0020806A0020A0
S214012140685D002038B5044605200D46FFF7A2FE5F
S214012150184B1A884FF6FD739A4207D1002016498C
S21401216004F08CFEBDE83840FFF70ABF65B1134A9C
S21401217013780133DBB2092B137014D90A2200201D
S2140121800F4904F07BFEEDE7012C0ED10B4B1D70C1
S2140121900C490D48FFF734FDBDE838400021012009
S2140121A00A4AFFF721BF012CF2D0BDE838400748A4
S2140121B0FFF7B0BE206A0020BEDA03006A5D002089
S2140121C0E9DA0300EC560020383F0020E0930400D3
S2140121D008B50649002004F051FE0548FFF736FD14
S2140121E0BDE8084000210846FFF7ACBF2DDB030021
S2140121F0383F0020814237B50346154608D20020F5
S21401220000910F4A0F4904F039FE002003B030BD9B
S2140122100C1A224600200C4904F030FE40F6BB534F
S21401222022460020094904F029FE4FF47A735C43E4
S214012230074B01209C4294BF2C602B60E6E700BF51
S214012240D9C703003EDB03007BDB030096DB0300FC
S21401225080EE360010B504460820FFF71BFE0D4B36
S2140122603CB91C700021BDE8104006200A4AFFF761
S214012270BBBE1B78092BF5D90A220020074904F0BA
S214012280FDFD0020064904F0F9FDBDE81040FFF70A
S2140122909FBF00BF6A5D0020C0270900C2DB0300A4
S2140122A003DC030073B51F4D2C7834B100201E49A2
S2140122B002B0BDE8704004F0E1BD0220FFF7EAFD80
S2140122C0FF221A4E1A4B30781A7021F023FC0B2885
S2140122D007D920463278174902B0BDE8704004F0AD
S2140122E0CDBD154B1549009301EB001101231922B1
S2140122F04FF6FD70498805F037FA70B1204610494F
S21401230004F0BCFD00220F4B0F481C700F4B1A70D7
S21401231002B0BDE87040FFF7FDBD01240C492C70EA
S214012320EEE700BF695D002014DC0300806A002030
S2140123307F6A00201FDA03003526010008410020CD
S21401234055DC0300685D0020C02709006A5D002097
S2140123507BDC030038B5144D04462B78052B21D9B8
S2140123601249FFF75DFC24B918B9114904F086FD3E
S2140123700424104B195D21B9BDE838400846FFF723
S21401238069BF032C06D02B78052B03D006200A4AFA
S214012390FFF72AFE0021094B08461970BDE83840B0
S2140123A0FFF7D0BE38BD00BF6B5D0020383F002070
S2140123B09DDC03001D520400C0270900685D002053
S2140123C030B5044689B00720FFF764FD052C0AD115
S2140123D000222A4B03A91A7002A804AA01F0FEFDE6
S2140123E030B1022045E09CB90122244B1A70022428
S2140123F0224D287878B1421E504221495041FFF7BC
S21401240055FC022304462B70022C0ED10A200FE045
S214012410022CE6D1EBE7631F5A424FF0050018493C
S2140124205A4120F02FFD0446EEE7032C04D100208C
S214012430FFF770FD09B030BD062C06D1002011490A
S21401244004F01CFD01232B70E0E70F4A0F4B2878A0
S214012450002C18BF13460E490E4A0094002808BFE8
S2140124600A4600200C4904F009FD201E18BF012071
S214012470400009B0BDE83040FFF76CBF665D002044
S214012480383F0020D8DC0300D1DC0300CADC03009F
S214012490B9DC0300C3DC030013DD030013B51F4CD6
S2140124A00620FFF7F7FC2278092A09D900201C49E3
S2140124B004F0E4FC042002B0BDE81040FFF74ABF78
S2140124C0184B1B782BB300201FF0E0FC20F0D3FC48
S2140124D068B9FFF771FD144B196820F0C3FC02467A
S2140124E00420002102B0BDE81040FFF77DBD01A821
S2140124F020F0BFFCFF2809D14FF4FA60237801339E
S214012500237002B0BDE81040FFF704BD0198FFF745
S214012510EDFC4FF4FA620320E3E700BF6A5D00209A
S2140125202EDD0300675D0020483F0020F023F0B554
S21401253089B0CDE9000334488023002219210078B0
S214012540324E334F21F0A2FC0020324904F096FCB3
S2140125503246394603A801F041FD032804462E4DB4
S2140125601CD10626039A2D49002004F087FC039807
S214012570FFF7BCFC0020396800F0ACFE2E7001F0BD
S2140125809FF900220446264B30461A70FFF782FC5C
S21401259084BB09B0BDE8F040FFF780BF28BB726876
S2140125A0204904F06BFC214604A8FFF729FB059B94
S2140125B0726893420BD020461B4904F05FFC072348
S2140125C005202B7009B0BDE8F040FFF7F9BE1A46AA
S2140125D02046164904F052FC0523002101202B70E9
S2140125E009B0BDE8F040FFF7ADBD0020104904F08A
S2140125F045FCF1E7042C05D0042009B0BDE8F04005
S214012600FFF7A8BE09B0F0BD806A0020383F002061
S214012610483F002066DD03006B5D002097DD030068
S2140126206A5D0020D2DD03000BDE03005FDE0300DF
S2140126309BDE0300F7B50446876800202378364DF5
S214012640012B287004D0354B3549187004F016FC60
S21401265026785EBB334B1B78FF2B04D103B0BDE855
S214012660F040FFF78DBC304B1B78032B11D82F4C55
S2140126700320FFF70FFC6946208822F0A4F9002802
S21401268043D02B49208805F0EDF820B12E70FFF7D6
S21401269077FC03B0F0BD0124204B26491C7004F0E2
S2140126A0EDFB0320FFF7F6FB2C70F2E7012E25D198
S2140126B03B78002BEDD01B4D2B78FF2BE9D1A6885C
S2140126C002F04AFF864206D100201B4903B0BDE84E
S2140126D0F04004F0D3BB194BA2881B783BB132B152
S2140126E01749002003B0BDE8F04004F0C7BB7B6883
S2140126F014491B782B700D4B1A80F2E7032E08D174
S21401270008226846A16808F0A3FF6846FFF70EFF97
S214012710BFE700232B70A1E7685D0020695D0020FC
S214012720B6DE03007F6A00206B5D0020206A002071
S214012730352601007BDC0300D6DE0300655D002044
S214012740FCDE030027DF03007FB5094B1A78FF2A5A
S2140127500AD1187001F088FB0022064B0DF1060124
S21401276002A81A80FFF74CFA07B05DF804FB00BF19
S214012770806A0020EA560020152838B517D10C4B80
S2140127801D78A5B922F005F9C4B2012C38BF012481
S2140127900120FFF77FFB28462246064904F06EFB20
S2140127A04FF47A706043BDE83840FFF7B3BB38BDDD
S2140127B06B5D002044DF0300034B1B78022B01D81E
S2140127C0FFF770BD704700BF6B5D002070B5284CE9
S2140127D020F04CFB2578274EBDB10020264904F099
S2140127E04DFB264A13780133137000232370337888
S2140127F0062B0AD1BDE87040214B1868B0F5FA6F78
S21401280038BF4FF4FA60FFF785BB3378013B082BDE
S2140128102CD8DFE803F005090D2B13191D2227001C
S214012820BDE87040FFF7C8BFBDE87040FFF73ABD8E
S21401283000232370BDE87040FFF7A2BB2946BDE820
S21401284070400120FFF77EBCBDE87040FFF726BE52
S2140128500220BDE87040FFF7B3BD0120BDE870401F
S214012860FFF7F8BCBDE87040FFF7B2BC70BD00BF13
S214012870685D00206B5D002073DF03006A5D002049
S214012880343F002010B90520FFF764BD034B1B78C9
S214012890062B01D1FFF79ABF704700BF6B5D002082
S2140128A02DE9F0478E68054633189A780C46092AB2
S2140128B08EB008D90020A34904F0E0FA852420460A
S2140128C00EB0BDE8F08750B98B899F49895C8B4271
S2140128D005D200919D4904F0D1FA8024EFE79C4B84
S2140128E0E7881B889F4236D09A490978012932D950
S2140128F032B13A460020984904F0C0FA7E24DEE759
S214012900964B1A70934B26791B78052B03D0012B17
S2140129103AD8FFF751FF5EB93146204621F01CFD3B
S2140129200346002851D030468D4A8E4904F0A6FA57
S214012930D4F80880A48998F8037098F80450002EFB
S2140129404CD13046884A894904F098FA0021012082
S214012950FFF7F8FB4FE00021804B1970072A00F2C1
S2140129608A8301A353F822F005290100B32A010046
S214012970B32A0100C52C0100C52C0100C52C01009D
S2140129805B2F01005B2F0100022B17D102F0E4FD43
S2140129908742B3D00020764A764904F06FFAFFF7F3
S2140129A081FC46BB3146204621F0D6FC034610B3D7
S2140129B06B4A6C49002004F061FA1CE06E4A002064
S2140129C06E4904F05BFA012479E7A3681B78DA06FE
S2140129D0AED432466A4904F051FAA9E700210AA8A2
S2140129E0FFF70EF9032F08D95F4B664A6649009731
S2140129F0002004F043FA002461E76B1E632B04D920
S214012A00594B604A61490095F2E7614BE4B2DB5DE0
S214012A109C4209D0CDE901430020534B594A5D49F8
S214012A20009704F02BFAE6E757B3A4B22246052135
S214012A30404621F0AAFBBDF82830834203D04A4B1A
S214012A40554A5649B6E7012F1AD022460721404675
S214012A5021F09BFBBDF82A30834203D0424B4E4AFD
S214012A604F49A7E7032F0BD122460921404621F003
S214012A7089FB0B9B984203D13B4B474A494999E74F
S214012A80642D3FF463AF21F084FF6423C0B2B0FB32
S214012A90F3F203FB12030133DBB29D42BFF456AFE0
S214012AA0CDE900530020304B3B4A3F4904F0E6F99C
S214012AB0A1E7284B1B78052B01D03C4A7FE7EB1C8E
S214012AC0DBB2277BF45C44B123460020374A384901
S214012AD004F0D4F900210C460BE00F2F0DD810237B
S214012AE0204634490093314A3B4604F0C7F9802416
S214012AF001210020FFF726FBE1E60435EDB2204672
S214012B002A4A2D4904F0BAF97A1B7119D2B206A8DD
S214012B1020F0BFF905443A46E9B2304621F032FBCF
S214012B20264D069A2B68264F9A42386001D1002816
S214012B304AD1244900201D4A04F0A0F98524012128
S214012B40D7E700BF90DF030060520400A8DF030050
S214012B50206A00206B5D0020D7DF0300685D00203F
S214012B604DE0030055E00300DDE00300F2E0030062
S214012B701BE0030028E003007DE003008AE0030079
S214012B80A7E0030007E103000FE1030029E10300CA
S214012B902352040047E103009CE5030081E10300A2
S214012BA0ABE10300D3E10300FAE103002EE20300E8
S214012BB048E2030077E203008EE20300383F00207C
S214012BC0483F0020B7E2030000F08EFF3E68B042A7
S214012BD00AD200F089FF9D4903463246204604F09A
S214012BE04DF98924012184E7079A6B689A4205D139
S214012BF02046974A974904F041F96BE796490978C8
S214012C0059B19A4209D22046944904F037F99621DF
S214012C100620934AFFF7E8F95CE7924A924905A82D
S214012C2001F0DCF9079E48B96A68964206D88F49D2
S214012C3004F024F90520FFF7C3FB40E632460020E6
S214012C408B4904F01BF939680027002000F042FB8D
S214012C5000206E60FFF74AF9864B06201F80FFF7BB
S214012C6019F9854B1F7001F0B1F90646F8B94FF610
S214012C70FF73824A0AA81188994214BF13463B463D
S214012C806A88298801F012F90AA800F0D7FC58B121
S214012C900AA801F0DDF938B13046794904F0EEF8BA
S214012CA00420FFF757FB0AE6FFF7F8FB07E60428C0
S214012CB005D1744B1921187820F083FCFFE53846BE
S214012CC07149EBE7714B1B78062B01D0704A76E60B
S214012CD0DFF8A0A1EB1C94F80C90BAF80080DBB2E8
S214012CE02EB930466B4904F0C9F88724E7E5F75C4E
S214012CF02C1D972FE4B22FD025D8812F71D0952F78
S214012D0067D017BBB9F1100F7FF6E7AD31194A4608
S214012D100AA820F0BEF80444E4B221464A463046EA
S214012D2021F030FA231DDBB2053416F803A0E4B215
S214012D30A9EB04035345054666DA00933846534625
S214012D40534A5549C7E5982F43D03B460020504A81
S214012D50524904F093F8C8E7B9F10A0F7FF6BDAD02
S214012D601FFA89F721463A46304621F00BFA05F15B
S214012D70080104463A46C9B2304621F003FA0AAAC7
S214012D8001462046FFF736FA08B9454B0A93B9F1D2
S214012D900C0F12D905F10C013A46C9B23046DDF8DE
S214012DA0288021F0F2F9044602463E49002004F04C
S214012DB065F8AAF8004044440A940A9C3A49224617
S214012DC0002004F05BF82046FFF7A4F820F059F83D
S214012DD011E63649002004F051F80320FFF7BAFA4D
S214012DE009E6334C23786BB120F03EF850B1002051
S214012DF0304904F043F80023237020F042F8FFF72F
S214012E004DFBF8E52C49E5E7DFF8A49099F800308A
S214012E1043B9FFF7D1F88542034607D01C4A274934
S214012E200095E5E520F027F80128F2D110220D489B
S214012E300AA908F007FF10B9BAF13F0F42D9144AA0
S214012E401F49002004F01AF84FE700BFD6E203003E
S214012E502EE203000EE30300645D002043E303005B
S214012E60C0270900383F0020483F0020D2DD03007C
S214012E7084E30300EA5600206A5D0020EC56002039
S214012E80A6E30300806A0020C5E303006B5D002013
S214012E90EBE3030000E403002DE503000FE5030068
S214012EA0E09304003BE4030066E4030085E40300CA
S214012EB0675D0020A1E40300E0E4030069E5030088
S214012EC0A5E503006D4B187099F800304BB11FF063
S214012ED0CBFF30B128461FF0CAFF042807463FF44F
S214012EE08AAD51462846321920F004F928B100204F
S214012EF0634903F0C3FF042070E799F80030554496
S214012F0063B11FF0B1FF48B1FF2FF4D0012F3FF49A
S214012F1072AD032F16D11FF0B2FF05462846FEF705
S214012F20E5FF04460246052156481FF0D9FF564BD9
S214012F301B689C420AD3204620F0D7F80520FFF7ED
S214012F403FFA58E51FF099FF8046E7E74046FEF74F
S214012F50E1FF00287FF44FAD51E74C4B1B7803F09F
S214012F60FD03082B01D04A4A29E5A48935B1F27838
S214012F7022B10020474903F081FF2EE7E4B2224642
S214012F80F11C0AA81FF085FF434BBDF828201988BD
S214012F90054691420DD04FF6FF718A4209D03C4A50
S214012FA000203E4B3E4903F083FFBDF828203D49F3
S214012FB047E7BDF82A20598891420CD04FF6FF7199
S214012FC08A4208D0324A0020374B354903F070FF59
S214012FD0BDF82A20EBE70B9A5B689A420AD00132C9
S214012FE008D02B4A2E490020304B03F061FF0B9A84
S214012FF02F4926E7A4B2E91C2246C9B2304621F081
S214013000C1F8E91DC9B207462246304621F0BAF892
S214013010431C014606D10820FEF73CFF2548FEF773
S21401302079FFE8E4384606AAFFF7E4F8A8B9214B89
S2140130300693214B00221978204B18781FF005FFC4
S214013040069C2046FEF766FF224600201C4903F038
S21401305015FF0920FEF71EFFCDE440F6B733069AAA
S2140130609A42E6D840F6B8320020164903F006FF29
S21401307040F6B833DCE7812421E400BF6A5D002016
S214013080D8E50300FBE50300483F00206B5D002008
S21401309004E6030019E60300383F00209BE1030025
S2140130A040E60300F9D60300C5E103005BE6030032
S2140130B058EE030080EE36007F6A0020806A00200A
S2140130C093E6030068E6030008B50420FFF742F91B
S2140130D00020FEF7DFFE0023054A19211370054A7A
S2140130E01370054B1878BDE8084020F06ABA00BF97
S2140130F0685D0020695D0020806A002010B5164BCF
S214013100164C1A78164B002053F82220154903F066
S214013110B5FE2178144B154A0020002918BF1A461F
S214013120134903F0ABFE23782BB1124B00201A682B
S214013130114903F0A3FEFEF73FFF0446FEF73CFFEE
S2140131400E4B19681FF0BFFE2246BDE8104003462D
S2140131500B49002003F092BE6B5D0020685D0020E5
S21401316034520400AFE6030085ED030066ED03006C
S214013170BCE60300343F0020D6E60300483F0020AB
S214013180EFE6030038B5014604460020FFF788FB4A
S214013190054698B1E37C00200A4A0B4903F06EFE0F
S2140131A02379042B0AD02946204621F0D5F8034678
S2140131B020B10020054A064903F060FE6FF0FF00CB
S2140131C038BD00BFD9C7030017E703004DE0030071
S2140131D055E0030010B51346094A127882420DD114
S2140131E063B1084A002014680A46074903F046FE00
S2140131F02146BDE810400120FFF752BB10BD00BFBD
S214013200806A00209842002039E7030010B50D4B74
S2140132101C782CB1BDE8104000200B4903F02EBEEF
S2140132206420FEF763FE4FF6F0716FF00F02074B56
S2140132300320C3E9001222462146BDE81040FEF7EE
S214013240D3BE00BF6B5D002072E70300383F00204D
S214013250014B1870704700BF675D002000210620F3
S214013260014AFEF7C1BE00BFC0270900014B187016
S214013270704700BF645D0020114B2DE9F041074601
S2140132800D4618680F49101A09681FF01CFEDFF872
S21401329040800D4E98F800400346FF2C307004D055
S2140132A0A8420AD32C44A04207DB3A46002007492D
S2140132B003F0E4FD337888F800303078BDE8F0811B
S2140132C0503F00204C3F00206C5D0020A0E803002A
S2140132D0816A002050EA010208D0FF22054B091A34
S2140132E01A70054B1860054B196070471146104659
S2140132F0FFF7C2BF816A0020503F00204C3F0020EC
S2140133002DE9F04FAFB006AD284600F0FDFD0026D2
S214013310624FDFF8D091284600F090F9044648B98C
S21401332000F0BEFD5E490246204603F0A7FD2FB021
S214013330BDE8F08F39460020F2B203F09FFD284623
S21401334016A900F0FFFD044620B15649002003F0FF
S21401335095FD8FE0BDF85820534903F08FFD49468F
S2140133602046BDF85A2003F089FD2046BDF85C20B2
S2140133704E4903F083FD2046BDF85E204C4903F01C
S2140133807DFD2046BDF860204A4903F077FD2046C2
S214013390199A494903F072FD2046BDF8682047494D
S2140133A003F06CFD204646490DF16A0203F066FD06
S2140133B044492046239A03F061FDBDF85C30D907E5
S2140133C005D520469DF890203F4903F057FDBDF8EE
S2140133D05C309A0714D500203C4903F069FDBDF81E
S2140133E05830B3F5807F4FD1002020F015FF18B17B
S2140133F00DF1910003F0C4FC0020354903F03EFDB9
S214013400BDF85C305B070BD50020BDF8B220314912
S21401341003F034FD0020BDF8B4202F4903F02EFD43
S214013420062228460DF116030AA91FF07BFD044665
S21401343090BBBDF81620294903F020FDDFF8A8A0AF
S214013440DFF8A8B00DF12808BDF81610A2B2914217
S21401345010D9B8F800205146002003F00FFD0134C2
S214013460D8F804205946002003F008FD062C08F180
S2140134700808E9D16C46204600F05AFD94E80F0092
S214013480013685E80F0046E70123202200200DF1D2
S214013490910103F057FCAFE7114957E7B2E8030083
S2140134A07FEA0300BBE80300DFE8030013E903003B
S2140134B02CE9030045E903005EE9030077E9030010
S2140134C090E90300A5E90300C1E90300DAE9030076
S2140134D029FF0300EDE9030006EA03001FEA0300E3
S2140134E052EA0300F8E8030030EA030040EA03006A
S2140134F02DE9F04188B004AD0446284688460027E9
S21401350000F002FD6E46474507D195E80F0084E8B6
S2140135100F00204608B0BDE8F081304600F008FDF7
S21401352096E80F0085E80F00284600F087F8013777
S2140135300028E8D1014B0FCBE9E700BFB4540400E3
S2140135401FB5D0E9023253F8223068461978FFF7E2
S214013550CFFF684600F07CFD48B1042809D1074A30
S2140135600020074903F08AFC05B05DF804FB054A14
S214013570F6E70020044903F081FCF5E721F4030097
S2140135809AEA0300D1ED0300A6E3030010B5D0E9E3
S214013590023203EB8201496853F8223098B00C6876
S2140135A004A81978FFF7A4FF03AB40220093214635
S2140135B008AB04A800F0E2FC024628B100200E4940
S2140135C003F05CFC18B010BD039808A900F00704CE
S2140135D00122C0F3C70003F0FBFB039908A8091BEF
S2140135E00144064801232246008803F0ABFB044849
S2140135F003F0E4FBE6E700BFAAEA03000857002051
S21401360029FF0300F0B504460D460B4BEF880FCBA0
S21401361084E80F00AB882E899B0741BFD5F8390097
S214013620D5F83D1004F1080303C3EA682046278055
S21401363066806260F0BD00BF6C520400102208B5BF
S214013640034908F0FFFA003818BF012008BD00BF83
S214013650B454040008B521F0FAFDC288FF2192088F
S214013660012A38BF012202481EF0EAFF012008BDE8
S214013670603F002038B5134690B10120274A1070EC
S214013680274A00201160274A13600A46264903F09C
S214013690F5FB02F043FB254B1870022002F044FBB9
S2140136A021F0F0FDE8B91D4D1D4C2B782BB921F00A
S2140136B0CEFD2268C368134423601A4B24681B6836
S2140136C09C4229D221F0C3FDC168204606F022F8AB
S2140136D0002402462C7050B921F0D4FDFFF7BAFF42
S2140136E003E0FFF7B7FF0028DDD0012038BD2046F4
S2140136F00F4903F0C3FB0D4B187802F015FB0020B1
S2140137000C4903F0BBFB00F091F908B900F0AEF9E3
S2140137102046FFF7B7F8E8E70124ECE76E5D0020E6
S214013720583F0020543F0020D1EA03006D5D002081
S214013730FDEA03001DEB030038B500F04BFA044622
S21401374000F042FA241A21F082FD054618B9B1218B
S2140137501B4826F0A8FFAB8803F00303032B03D016
S214013760B221174826F09FFF00F02EFA05461FF0FB
S2140137704CFC01238340013B2B4203D0B42110486B
S21401378026F091FF1FF041FC01238340013B2342B9
S21401379003D0B5210A4826F086FF05F091FD0546BF
S2140137A01FF033FC4FF48063B3FBF5F3C440A34230
S2140137B005D2BDE83840BA21014826F074BF38BDAD
S2140137C033EB0300FF2108B504481EF04AFFBDE8AD
S2140137D00840002211461046FFF74CBF603F00200C
S2140137E0F7B504460E4600F089F8054621F02FFD90
S2140137F0C3682B449C4220D31FF007FC2C44C440D2
S214013800013C114F3B68DEB1A34219D101340023BC
S214013810ADF8043000F0E4F9054605F051FD103529
S21401382004FB005405F04CFD01A90246204605F0B4
S21401383099FD1FF0FAFB386004E04FF0FF34E0E733
S214013840A342E4DB03B0F0BD486600204FF0FF3230
S2140138500A4B10B51A600022094B1A7000F0B4F931
S214013860044600F0B7F9214602460120FFF702FFA1
S21401387000280CBF0120042010BD00BF48660020B0
S2140138806F5D002038B500F0D1F808B9002038BDCA
S214013890094D0A4C2B7823B91FF0C7FB0123206082
S2140138A02B7024681FF0B1FB01348440EED000F089
S2140138B025F82044EBE700BF6F5D00204866002036
S2140138C070B50D4C2368002B01DA012070BD00F0A5
S2140138D07BF9054621F0BBFC2468C6681FF095FB02
S2140138E0013404FA00F1294401208A19FFF7C2FEC7
S2140138F00028EAD00420E9E748660020024B186851
S2140139000C301FF0C2BB00BF4C660020FF2307B57A
S2140139100021044A04480093FBF78AFC03B05DF8D3
S21401392004FB00BFC5370100603F00200E4B70B599
S2140139301C680546036804F582641C440E46FFF7BE
S214013940DDFF2B68834208D232681A44824208D9C6
S214013950C31A012033602C6070BD044A12681344F8
S2140139601C1A0020F7E700BF4C6600205C3F0020D1
S2140139702DE9F04FB3F5803F87B00F46984601908A
S21401398003D3002007B0BDE8F08F03A904A8CDE952
S2140139900332FFF7CBFF0024824600F10109DFF86E
S2140139A088B05FFA89F9019BDDE90356AAB27BB1BB
S2140139B03046109921F052FC0028E2D1B9F1020FED
S2140139C02BD1DBF800300493019B03BB2F4421E08D
S2140139D03946304605F0C6FC0028D2D1BAF1000FB0
S2140139E0ECD0002CEDD105F06BFC2E44B6FBF0F3C9
S2140139F003FB10600028E4D005F062FC05A902462E
S214013A003046059405F0AEFC0028DAD0B9E7109BE5
S214013A102B441093A8EB05050395631C4B454FF00B
S214013A200104C0D32046ADE75C3F00207FB56B465E
S214013A300C4A1068516803C390680C2218600A4B40
S214013A400DEB0201186821F009FC0C2268460DEB0B
S214013A50020108F0F7F8B0FA80F0400907B05DF807
S214013A6004FB00BF7C5204004C6600201FB5084AC8
S214013A7001AB1068516803C3906801A91860054B33
S214013A800C22186805F06EFC05B05DF804FB00BF5B
S214013A907C5204004C660020F7B5044615460E46D7
S214013AA081B9072A03D80024204603B0F0BD0D4B88
S214013AB080791968E379063000EB03200C3180B277
S214013AC01FF0EDFA002721462B463246384600976E
S214013AD0FFF74EFF04460028E5D039467019FFF778
S214013AE07FFEE1E74C660020024B1868A0F50060F7
S214013AF0704700BF5866002010B58AB0684606F0C9
S214013B0015F810F0FF0027D1009BFBB1174C01A957
S214013B10206005F083FF10F0FF001DD12268009B96
S214013B209A4204D34FF4DD71114826F0BCFD019B87
S214013B30104A11491360029A13440B600F49A3F50A
S214013B4000630A600E4A1360009B63B940F2CF110E
S214013B50074826F0A8FD06E0044A0346126800203E
S214013B60084903F08BF90AB010BD00BF506600206B
S214013B70E6EB03005C3F00205466002058660020F8
S214013B804C6600208EEC030008B5FFF7B5FF21F068
S214013B905EFB50B121F05BFB064B02691B689A4243
S214013BA003D2B321044826F07EFDFFF7C5FD0120B0
S214013BB008BD00BF58660020E6EB0300014B1868FD
S214013BC0704700BF50660020014B1868704700BF61
S214013BD05C3F0020014B1868704700BF5466002008
S214013BE0014B1868704700BF4C66002010B5FFF700
S214013BF049FE04462849002003F040F900202749E1
S214013C0003F03CF90020264903F038F90020254945
S214013C1003F034F9244B00201A68244903F02EF9E6
S214013C2022462349002003F029F9FFF767FE2149C0
S214013C300246002003F022F91F4B00201A681F4994
S214013C4003F01CF91E4B1F4C1A6800201E4903F096
S214013C5015F9226800201D4903F010F94FF480621F
S214013C6000201B4903F00AF9226800201949103286
S214013C7003F004F92268002017490C3203F0FEF81D
S214013C8022680020154902F5826203F0F7F8BDE8C4
S214013C90104005F049BA00BF0DED03004AED0300E0
S214013CA069ED030089ED030050660020B4ED0300C2
S214013CB0D3ED0300F6ED03005C3F002019EE030090
S214013CC0546600204C6600203CEE03005FEE0300C5
S214013CD082EE0300A5EE0300C8EE0300EBEE030040
S214013CE02DE9F04194B004460D460020482102AA71
S214013CF01FF0E6F918B9534903F0C0F819E060223D
S214013D000021204607F052FC04224F4902A807F082
S214013D1099FF90B16DB19DF80B30002001939DF88D
S214013D200A309DF80820009348499DF8093003F0B1
S214013D30A5F8012014B0BDE8F081BDF80C20B2F55D
S214013D40807F228003D0424903F098F8F1E7BDF85E
S214013D501420BDF80E102281DDF816206180E26085
S214013D600499BDF81A206160228284F8320007ADFA
S214013D7004F112020FAE2B4603CBB3421060516022
S214013D801D4602F10802F6D10F9B324A63631360A7
S214013D90314B10221846002107F008FCE288A38860
S214013DA0028022894280E26842600BB90020C1E7A6
S214013DB000263546A388D90709D536B105F1500244
S214013DC06A4412F8482C84F838200135EDB29A0777
S214013DD014D520881FF08AF807466EB102AB03EBB4
S214013DE005080246414604F1390007F06FFD3A46E0
S214013DF041461A4807F06AFD2F44FDB2A3885B07C7
S214013E000DD556B105F150036B4433F8482C33F801
S214013E10463CA4F85A20A4F85C300435EDB2002ED6
S214013E20C4D1482D02D930460D4965E729463820C8
S214013E3002AA1FF045F908B90A495DE738250126A7
S214013E40B8E700BF0EEF03008852040040EF0300FE
S214013E5076EF0300803F0020843F00208C3F002047
S214013E6091EF0300E1EF030030B50B4C99B02578D4
S214013E706DB9FFF789FE68B129466846FFF730FF3E
S214013E80B0FA80F0054B400918700123237000201A
S214013E9019B030BD0120FBE7705D0020715D002088
S214013EA0014B1878704700BF715D002070B51E4643
S214013EB0134B044618881D46884298B002D15B8889
S214013EC0934206D00F4B0FCB84E80F00204618B064
S214013ED070BD96B100216846FFF702FF0028F1D1B8
S214013EE0BDF804305B0708D53388BDF85A209A42DE
S214013EF0E8D8BDF85C209A42E4D395E80F00E3E7E2
S214013F00843F0020B4540400064B10B51B780446C9
S214013F102BB9054B0FCB84E80F00204610BD034B91
S214013F20F8E700BF715D0020B4540400843F002010
S214013F3010B50446024B0FCB84E80F00204610BD97
S214013F40B45404000B4B10B51B78044608467BB1ED
S214013F500021FFF7C5FE48B910222146064807F0A2
S214013F6071FE003818BF0120C0B210BD0120FBE76A
S214013F700120FAE7715D0020843F00202DE9F04121
S214013F800E4690460E4910221F4607F05BFE044679
S214013F9070B90C4B3A461D683046AD1B454528BFE7
S214013FA0454629461FF08CF828B9074902F066FFF6
S214013FB00120BDE8F081069B20461D60F9E700BFA1
S214013FC0843F0020803F0020E1EF03000022024BE7
S214013FD01A70FFF73BBC00BF715D00202DE9F04170
S214013FE09CB00F4616468046FFF74CFC0546024637
S214013FF01549002002F042FF382D20D9012104A8DE
S214014000FFF76EFE0446D0B9119B04A93B606F46CC
S2140140103846FFF7F7FA97E80F0086E80F00119B7E
S214014020AB4297BF01210324084AC8F8003094BF69
S2140140301170C8F8005020461CB0BDE8F08100227F
S214014040024B01241A70F6E713F00300715D00209D
S21401405070B5084D00262B7853B1FFF7F7FB0446E1
S2140140601022002104482E7007F0A0FA204670BDE9
S2140140703446F5E7715D0020843F002008B5002036
S214014080064902F0FBFE064B00201A78054902F0AD
S214014090F5FEBDE80840FFF7A9BD00BF32F00300FA
S2140140A0715D00205CF0030003460120024AC3E96B
S2140140B0032000221A7070470100FEFF2DE9F0412F
S2140140C00024264E264FDFF8A88088B000F0D4F9E9
S2140140D0A5B2854202D308B0BDE8F081284603A9FF
S2140140E01FF024F8A2B23146002002F0E1FE9DF84E
S2140140F00D2012B39DF81210BDF81030402914BFE0
S2140141006E2179210020CDE900313946BDF80E3007
S21401411002F0CEFEBDF814201AB10020114902F0BB
S214014120C7FE9DF80C00BDF8182070B9079B0E4914
S2140141300093BDF81A3002F0BBFE00200B4902F0D6
S2140141409DFE013426F0BCFAC0E7BDF81C3041469E
S214014150009300209DF81A30EDE700BF75F00300CC
S2140141607BF003009EF00300A8F0030029FF030084
S214014170CFF0030010B500F0ABFABDE810400346DF
S214014180024A0020024902F079BE00BFF7F00300A0
S2140141902EB90300D0E9023253F8223010B5188840
S2140141A000F086FABDE810400346024A00200249A4
S2140141B002F064BEFDF003002EB9030010B5D0E98D
S2140141C00232002486B08DF8044053F8221003EB27
S2140141D08203097801A88DF805105A681288ADF88F
S2140141E006209A681288ADF80820DA681278ADF8C9
S2140141F00C40A24214BF402280228DF80A201A6980
S2140142001288ADF810205A699B691288ADF8122001
S2140142101B68059300F0D0FB034A0346034920467A
S21401422002F02CFE06B010BD99CF03002EB9030094
S21401423038B50024064D26F02FFA45F8240006343A
S214014240C02CF8D10020BDE83840024902F016BE65
S2140142508010002004F1030030B5002087B020490B
S21401426002F00CFE00201F4902F008FE00201E4945
S21401427002F004FE26F010FA00240546A0B201A9B9
S21401428001341EF053FF202CF8D126F005FA174909
S214014290421B002002F0F2FD1549002002F0EEFD5F
S2140142A026F0FAF90446012000F09EF826F0F4F90B
S2140142B00E49021B002002F0E1FD0E49002002F02B
S2140142C0DDFD26F0E9F904461EF021FF26F0E4F9AB
S2140142D0021B0020054907B0BDE8304002F0CEBD04
S2140142E030F103005FF103008FF10300ACF103002E
S2140142F0BBF10300D5F1030010B50C4603F022FD17
S21401430008B9032C12D101F0FFF804280ED001F0F1
S214014310FBF805280AD0064802F060FC1C2801D1EB
S2140143201FF0A2FEBDE8104002F068BC10BD00BF41
S214014330193103002DE9F04F00274FF0FF36DFF863
S214014340A4B0264C87B0BBF80030B8B2834209D877
S214014350731C3BD03246FF21214807B0BDE8F04F21
S2140143601EF06EB901A91EF0E1FE9DF8050001F0F0
S21401437001FFF8B19DF80480B8F1000F1AD1BDF81D
S21401438010A0BDF8129026F087F918210246BBB29C
S2140143904B43E018E158007C4FF47A73A2EB010C12
S2140143A050B103FB0AF363450ED30B44981A8642B9
S2140143B028BF06460137C6E74D466B43FAD063452C
S2140143C0F5D31944881AF2E74046F0E7FF2104487E
S2140143D007B0BDE8F04F1EF044B900BF80100020C2
S2140143E0943F0020EE5600202DE9F041014688B0AA
S2140143F058B1022810D01EF0B3FE78B3D221194866
S21401440008B0BDE8F04126F04EB9FF23164A17481A
S2140144100093FAF70DFFEEE700244FF00108274658
S214014420134EA5B2284603A98DF80D701EF07EFE28
S2140144309DF80D0068B101F09DFE20B19DF80C308D
S2140144400BB986F810800134202C06F11806E8D145
S2140144502546084B1D80FFF76DFFCCE708B0BDE889
S214014460F08100BFF5F103009D470100943F002055
S21401447080100020EE560020014B1888704700BFC0
S214014480EE5600202DE9F04F634A077D89B00446B9
S2140144906249002002F00CFD00201FF0BDFE20B195
S2140144A02368218A588803F09BFC00205C4902F0AF
S2140144B0E5FC637DDFF87491002B236808BF0820B4
S2140144C05988574B18BF00200093228A4FF00903E2
S2140144D014BF4FF080084FF0400802F02FFBA2896E
S2140144E0BB1C93420CDB1FF031FF034620B10020BA
S2140144F04C4A4D4902F0C2FC012009B0BDE8F08FDC
S214014500A068791C89B2C55D1FF03FFE0337012DF7
S2140145100646BFB213D82368324659885879238A8B
S214014520009343461FF07BFA824600283ED1862040
S21401453002F0CCFB284602F0C9FB304668E0852035
S214014540F6E703A91EF0F2FD9DF80C30AB4223D12D
S21401455023689DF80D105A7991421DD1BDF80E10B1
S2140145605A88914218D1BDF81020B24214D19DF854
S2140145701220424510D1BDF81410228A91420BD167
S214014580002D38D0BDF81810E288914204D19DF86C
S2140145901A201B799A422ED00BF1010BB9F8003084
S2140145A05FFA8BF08342CCD88B20C1E74FF0000B2B
S2140145B0F4E79AF8020002F089FBBDF818001FF034
S2140145C0A7FDBDF81A001FF0A3FD9AF8020003F03C
S2140145D027FE002883D19AF8020001F09DFC0546CB
S2140145E0079E002D3FF47BAFF0B2013D02F06EFB5B
S2140145F0360AEDB2F5E7002002F068FB284602F025
S21401460065FB30461FF084FD012DD2D1BDF81C009C
S2140146101FF07EFD63E700BF84F2030056E6030049
S21401462029FF030091F20300AEF20300EE560020CC
S2140146302DE9F04391B0694680461EF077FD0023D0
S214014640194F8DF801303888431E98B2804538805E
S21401465009D1694640461EF071FD68461EF055FDBB
S21401466011B0BDE8F0834FF0180905A91EF05EFDF4
S2140146700E4C3E880AAD09FB06460FCE0FC596E8DE
S214014680030009FB084485E803000AAE404605A975
S2140146901EF054FD0FCE0FC495E8030084E8030016
S2140146A069463888D7E700BFEE5600208010002004
S2140146B008B5064B1B88834205D9FFF7B9FFFFF7FC
S2140146C039FE002008BD2720FCE700BFEE5600207B
S2140146D038B5074D2C882CB9FF2106481DF0C1FFBF
S2140146E0204638BD601E80B2FFF7A2FFF2E700BF8A
S2140146F0EE560020943F00202DE9F3479A461823F2
S2140147009DF82890244FCDE9001203FB0973144647
S214014710D3E902231FF0F9FE064620460D4603F0B4
S2140147207FFD04F0FD03382B80460FD100943246FE
S2140147302B460021DAF810001EF023FDB8F1010F18
S2140147401BD135431ED102B0BDE8F087392CDAF80B
S21401475010300BD107EE906A07EE103AF4EEC77AE6
S214014760F1EE10FAACBF01200020E7E79E4275F19A
S21401477000032CBF01200020E0E7B8F1000FE2D1D2
S2140147800028E0D0182303FB097701233B7402B00D
S214014790BDE8F047FFF7CEBD801000202DE9F04FB1
S2140147A000252E46A846AA462C46DFF8BC91D1B075
S2140147B0694BA8B21B88834209D81CB1618820794D
S2140147C0FFF79AFDFFF7B6FD51B0BDE8F08F0BA9D4
S2140147D01EF0ACFC25F060FF1823AFB27B4309EB5B
S2140147E0030B59F8033005909DF82D00049301F052
S2140147F0C1FC002800F0AE809DF82C10002940F086
S214014800A980DDE90432D01A4FF47A72BDF8383047
S2140148105343834200F29E809BF8103043B9BDF8A3
S2140148203A30002B00F096805343834200F2928088
S214014830FD230022CDE9013210AB00930DF11902E0
S2140148400DF11A03E9B20BA8EFF742FD002877D164
S214014850BDF81A30DA1C0493D2B214B33F4B9DF85C
S2140148602D101B8813442279914214D1BDF82E10C5
S214014870628891420FD19DF83220B8EBD21F0AD13F
S214014880BDF83420524506D1B3424DDD00203449EF
S21401489002F0F4FA01E0B342F8DC61882079FFF710
S2140148A02BFD02F0E7F904469DF932002D4BC0437B
S2140148B0C00F0093BDF834200A23BDF82E10C000A7
S2140148C09DF8328002F03AF99DF82D304FF0000B3A
S2140148D023714FF48A53FF26BDF834A04FEAD81847
S2140148E0E38007A95FFA8BF01FF0B3FFC0B2B0B93F
S2140148F09DF81D109DF82D20914210D1BDF81E1077
S214014900BDF82E2091420AD122469DF829109DF825
S2140149101C001FF024FDB04228BF3046C6B20BF182
S214014920010BBBF1200FDCD1BDF830001FF0F0FB0E
S2140149309DF8190002F0CAF9049910A802F0DAF9F4
S214014940182300225F4309EB07031A7425F0A4FE1F
S21401495049F8070001352BE7EE560020F8560020EF
S2140149606DF3030029FF03008010002070B50024BA
S2140149700126104D8AB02B88A0B2834204D80AB013
S214014980BDE87040FFF7D6BC05A91EF0CFFB9DF829
S214014990150001F0EFFB50B19DF814303BB91A46F3
S2140149A0CDE901360093E1B205A8EFF791FC013499
S2140149B0E1E700BFEE5600202DE9F0430389DFF85A
S2140149C058818BB0B8F800900093044683798288AA
S2140149D0418840781FF023F8002800F09580E78989
S2140149E027B1A389BB4200F291800027B8F80030B6
S2140149F0BDB2AB4214D84D4601264FF6FF73E2898D
S214014A009A4226D146B9B8F80030AB4202D92846B8
S214014A10FFF70EFEFFF78EFC00200BB0BDE8F0831B
S214014A20284605A91EF082FB9DF814307BB9226842
S214014A30059B5340FF2B0AD86368069E5E4036F0FE
S214014A407F4604D1BDF81C2023899A42D5D0013770
S214014A50CCE7E2689A422BD0002E53D1D4E9032347
S214014A60CDE9082305A81EF050FB0028D5D1B8F8DB
S214014A700030AB4204BF6B1CA8F8003025F00CFEDA
S214014A8018236B43234AE9B2D050D418002305A853
S214014A901A46CDE901330093EFF71AFC18B100224C
S214014AA00023C4E90223284605A91EF047FBB1E707
S214014AB0234605AA04F1100C1746186859680833EE
S214014AC003C763453A46F7D11868386005A81EF053
S214014AD01FFB0028C0D01F2D1AD800238DF81430D4
S214014AE063788DF815306388ADF81630A388ADF875
S214014AF01830A3798DF81A302389ADF81C300028B8
S214014B00B0D1ABE70020E6E7862086E7872084E77A
S214014B10892082E780100020EE5600202DE9F04F14
S214014B20B04A90F814908DB00446AF49002002F0C8
S214014B30BFF900201FF070FB20B12368218A588836
S214014B4003F04EF90020A94902F098F9637DDFF8D9
S214014B50B8A2002B14BF802340230293236808BF0A
S214014B6008205988A14B18BF00200093228A0723EA
S214014B7001F0E4FF00230393A28909F1030595429E
S214014B8011DB039B13B9184602F0A0F81FF0DEFBF9
S214014B90034620B10020964A964902F06FF901209B
S214014BA00DB0BDE8F08FA06809F1010189B210F8D7
S214014BB009601FF0EAFA3246804603468E49002015
S214014BC0ADB202F05BF98EB1012E00F08A80852726
S214014BD0384602F07BF8304602F078F840461FF07F
S214014BE097FA852FD2D00123039376E0A06809F1C6
S214014BF00401A28989B2475D1FF0C7FA09F10601CF
S214014C00A289049089B2A0681FF0BFFA3A460590BF
S214014C100090049B3046794902F030F909F1080901
S214014C2038461FFA89F503F0FBFA002857D13846B3
S214014C3001F072F9294603468146A289A0681FF051
S214014C4095FA6F498346304602F032F9A1684A4622
S214014C5029443346304602F075F83046634902F07F
S214014C600DF9A9441FFA89F52368424659885879EF
S214014C70238A0093029B1EF0D2FE18B18378BB42B2
S214014C8040F0AC80483FFFB2092F05D840F21133FF
S214014C90FB40DB0700F1A48000238DF81C3023685D
S214014CA007A85A798DF81D205B88ADF82080ADF8ED
S214014CB01E30029BCDF82CB08DF82230238AADF839
S214014CC02430049BADF82830059BADF82A30FFF759
S214014CD073FE074600287FF47BAFA9464CE7B34630
S214014CE0C2E72946A289A0681FF04FFA4FF0000BD1
S214014CF0024607464349002002F0C0F809F10509BB
S214014D00BAF800301FFA89F5BAF800201FFA8BF9B5
S214014D104A4503D81F2B31D9892759E7484607A9A1
S214014D2004931EF003FA9DF81C20049B012A22D14D
S214014D3022689DF81D00517988421CD1BDF81E00DD
S214014D405188884217D1BDF82010414513D19DF8EE
S214014D502210029881420ED1BDF82400218A884291
S214014D6009D1BDF82800E188884204D19DF82A10AF
S214014D70127991421BD00BF1010BC5E7012299462E
S214014D808DF81C20226851798DF81D105188ADF8D8
S214014D902080ADF81E1002998DF82210218AADF8F8
S214014DA02410E188ADF8281012798DF82A2007A87A
S214014DB0ADF82C701EF0A9F9074600287FF408AF5D
S214014DC0BAF800304846994508BF09F1010307A91A
S214014DD008BFAAF800301EF0B1F97EE78D27F7E686
S214014DE08C27F5E698F3030056E6030029FF030037
S214014DF0F9F30300AEF20300A0F30300BDF30300D2
S214014E00DEF30300E9F30300EE5600202DE9F04F30
S214014E10074688469146002589B09A46BDF848B0AF
S214014E209DF84C60149C224B1A88A8B2824235D950
S214014E3003A91EF07BF99DF80C201D4BB2BB9DF813
S214014E400D10B94232D1BDF80E1041452ED1BDF834
S214014E50101049452AD19DF81210514526D1BDF8AA
S214014E601410594522D13046029201F055F8A6F1A8
S214014E704103012B01460AD820461FF08CF90D4B41
S214014E800D4A204484420CD10421029302ACEDB2B7
S214014E9032462046009503ABFFF72EFC09B0BDE86D
S214014EA0F08F14F8011F4B405343EBE70135BBE786
S214014EB0EE560020C59D1C81930100011FB50F4CC5
S214014EC02478C4B142EA03229DF818308DF8051003
S214014ED042EA43220A4BADF80C201A78094B8DF8AA
S214014EE00610079903EB021300908DF80400DB68A7
S214014EF068460291984704B010BD00BF725D00205D
S214014F00745D0020B43F002073B51A4DFF211A4886
S214014F101DF0A7FB2B7853B3184C194E23781801B4
S214014F2006EB03131A7A5968305C1FF016FD4D28FC
S214014F301DD0E0B1012300212278CDE90031120114
S214014F40B25CC0B2FFF7BAFF0A2223780A480133DF
S214014F50DBB2B3FBF2F102FB1133FF2123702B7896
S214014F60013B2B7002B0BDE870401DF072BB02B071
S214014F7070BD00BF725D002054400020745D0020AB
S214014F80B43F0020F8B5104F3E780A2E1AD00FC84D
S214014F90DFF840C00D4D9CF80040013605EB0415C6
S214014FA085E80F000A230134E4B2B4FBF3F203FBF5
S214014FB012440748FF218CF800403E701DF049FB63
S214014FC00020F8BD0120FCE7725D0020B43F002000
S214014FD054400020735D00200021024A0248FAF77F
S214014FE05DB900BF094F010054400020002337B5CA
S214014FF00C46124D12492A78CDE9003312018A5C1B
S21401500001230146E0B2FFF759FFA4B90D490A781A
S2140150108AB10A202B78013A0133DBB2B3FBF0F4F4
S2140150200A70FF2100FB143307482B7003B0BDE85C
S21401503030401DF00EBB03B030BD00BF745D0020D4
S214015040B43F0020725D00205440002008B500F0F7
S214015050BDF850B1054B064A0649052808BF1A4651
S214015060BDE80840002001F009BF08BD0DF40300AB
S21401507029FF03002EF4030008B503201FF087FC68
S21401508010B90122014B1A7008BD00BF755D0020E2
S2140150900022024B18781A70704700BF755D002019
S2140150A00246FF2101481DF0CBBA00BF7440002024
S2140150B0114B37B51D78C5B9FF2110481DF0D1FA3F
S2140150C0FFF7DAFF044600900D4B28460D4A0E49BD
S2140150D001F0D4FE4CB10D4B1B78DB0605D52846F6
S2140150E01FF02FFC20461DF081FE094B186803B007
S2140150F0BDE83040FFF7D4BF755D00207440002046
S2140151004BF4030079F4030038CC0300635D002000
S2140151105C660020FF2101481DF0A3BA7440002000
S21401512070B51A4E054633780C466BB30020184A04
S214015130184901F0BDFE032C01D0652C20D116497B
S214015140002001F0B5FE22460020144901F096FE2B
S2140151500020134901F0ACFE012329460822002055
S21401516001F0F0FD00200F4901F088FE032C88BFF6
S2140151700023204688BF3370BDE87040FCF7BEB8F8
S214015180012CE0D00849DBE770BD00BF755D00204B
S21401519079F4030022D003008CF40300D9D603006F
S2140151A0AAF4030029FF0300A2F40300014B1860D0
S2140151B0704700BF5C6600200021024A0248FAF7E9
S2140151C06DB800BFB150010074400020054B10B50A
S2140151D01C782CB90448FF211DF03BFA204610BD6F
S2140151E00520FCE7755D002074400020F8B500241A
S2140151F0074B084E1D68084FE3B29D4204F10104B7
S21401520000D8F8BD394656F823001CF0E1FBF3E759
S2140152108C700400907004002867002010B5044CC0
S21401522023780BB11FF0A3FB0123237010BD00BF31
S214015230826A00202DE9F743254B0D4616460446A3
S214015240019350B14AB1042301AA12F8011BA942E5
S21401525035D0013B13F0FF03F7D1212003B0BDE8A1
S214015260F08317F8010F90FAA0F0000E1CF0ECFD89
S214015270014608EB07039945F3DCCAB2C1F30F23D5
S21401528092FAA2F293FAA3F3120E1B0E03EB022379
S214015290DB43621912F8020C99B2DBB298420CD1C8
S2140152A012F8013CB3EB112F07D1324621462846AE
S2140152B003B0BDE8F0431FF0C2BA2320CEE74FF695
S2140152C0FF71671EA5F10209C4F10108D1E700BF0D
S2140152D0080A0E12014B1870704700BF765D002059
S2140152E0024B1A6818608260704700BF6066002033
S2140152F0024B186800B14068704700BF6066002026
S21401530070B5044600250A4B1B687BB100211E8838
S21401531007E05A6802EB0110013145B9021B5542FC
S21401532055418AB29642F4D89B68EEE7184670BD9E
S214015330606600202DE9F04F1E46002393B0022E32
S214015340074688461446DDF870909DF874A0ADF8BF
S2140153501A3040F2C08099F800305A0729D5042E39
S21401536040F2B98099F804B000255F4B33F8352038
S214015370002A00F0B68001350A2DF7D1209B002BBC
S21401538040F0AD80FF250023207908AA0DF1190110
S2140153908DF819301EF08DFE70B1BDF82C309DF8D9
S2140153A0190023801EF007FF0790C0B113B0BDE8B7
S2140153B0F08F99F802B0D7E720791EF0ABFB0B28E7
S2140153C0059000F28A8020791EF006FF07900028DB
S2140153D0ECD1464A059B02EB03135B8823804FF60C
S2140153E0FF73002F08BF434662880021CDE90023E2
S2140153F058465246238802F0FDFD18B1E38843F073
S2140154002003E380209B07A90DA8CDE90D34CDF834
S2140154103C90ADF84080ADF842608DF844708DF850
S21401542045A01EF059FE08B10798BFE7484602F0AE
S21401543025FDA01D02F010FD2246414638461EF00D
S2140154408EFFB04227D3E3882246C3F30E03E380E0
S2140154509DF87C3041460393BDF878303846029378
S2140154600DF11A03CDE90093F3B21EF0C6F8209BA6
S214015470079003B3F8B9BDF81A2042B1092D06D832
S2140154801B4B03EBC5018A80209A43F83520112077
S214015490FAF7CCFB1CE0BAF1000F0AD10DF11A03A2
S2140154A0CDE9006322464B4641463846FAF7D2FF1D
S2140154B0DDE73820DBE7052807D1E388DB0607D5DB
S2140154C0002301200793FFF705FF079B002BDED083
S2140154D01EF076FEA8E7012068E7212066E71C207B
S2140154E064E7EDB24FE700BF9C4000200841002072
S2140154F0984000204FF6FF72024B1A805A809A801D
S214015500704700BFF056002010B5044C2379FF2BDE
S21401551002D11FF05AFA2071207910BDF0560020F2
S21401552010B50C4C2379FF2B08D100201EF043FE4A
S21401553020B91FF04AFA20711EF042FE2079022897
S21401554005D00438012894BF0020012010BD00209A
S214015550FCE700BFF05600204FF6FF7310B5044C71
S21401556022889A4202D11FF026FA2080208810BD98
S214015570F056002010B5FFF7BDFF40F61D439842D8
S214015580044607D8B0F5416F05D2182826D8152845
S21401559048D829D010BDA0F541630D2BFAD801A239
S2140155A052F823F0E9550100E9550100955501002F
S2140155B09555010095550100955501009555010039
S2140155C095550100395601004B560100E55501007D
S2140155D0E5550100E5550100E555010040F6064395
S2140155E09842D7D11C4920E0FFF7B6FF1B49024677
S2140155F0002001F043FC152C05D11FF0C6F9BDE8CB
S21401560010401EF072BD164B164A1749B4F5416F8D
S21401561008BF1A46002001F031FC1EF065FD1EF0A1
S21401562064FDECE71628DDD11049002001F026FCC8
S214015630BDE810401EF07BBE1EF0C6F8BDE8104067
S21401564002460B49002001F019BC0020BDE81040BD
S214015650084901F013BC00BF09FC0300B6FB0300B8
S21401566029FF0300B1FB0300D2FB0300F2FB03009A
S2140156701EFC030046FC030007B5094A03461088D2
S21401568031B9084A084903B05DF804EB01F010BCD3
S2140156900091064A064901F00BFC03B05DF804FBD5
S2140156A00857002035C7030066FC0300D9C703006E
S2140156B038CC03000D4B37B51B68044693B11D78F3
S2140156C00389012D08BF02250093C37A084A0020EA
S2140156D0084901F0D3FB2146284603B0BDE8304017
S2140156E01FF02BB9022003B030BD00BFD44100200B
S2140156F0DBFC03008AFC0300002010B51EF05BFDF6
S2140157000D4B1B6863B15A78052A03D862B105248C
S21401571002220AE0FF2AFAD00020084901F0AEFB77
S214015720BDE810401EF04CBD144610461FF061F94E
S21401573020461FF05CF9F3E7D4410020E0FC0300AB
S21401574013B5134C00201EF036FDFFF7D3FE236879
S2140157509BB101A81EF02BF878B923681A789DF83A
S21401576004309A4209D0D91E032906D9D11E01292F
S21401577003D9012A07D1022B05D1032301A8ADF8CD
S21401578004301FF0E0F802B0BDE810401EF018BD6E
S214015790D441002000231946034A01330A2B918085
S2140157A042F8081BF9D17047984000207FB50E4695
S2140157B005461FF0CAF82A46044603460D4900204E
S2140157C001F05CFB96B10C4B36211A889B78ADF83C
S2140157D00C208DF80E300323002200934FF6FC7048
S2140157E003AB8DF80D501FF004F80446204604B0B4
S2140157F070BD00BF01FD0300C4540400FF2810B5AE
S2140158000C4604D10020044901F038FBFE20214655
S214015810BDE81040FFF7CABF1AFD0300F8B51E46E3
S2140158200B8807460C461546002B64D14A88B1F909
S214015830021000200029B8BF6B78304901F01EFB2A
S2140158406288132A1DD002F5FF437F339BB2052BD6
S21401585023D8A2F50042013A052A1ED8DFE802F055
S214015860193F1D033C09264A2649002001F006FB84
S21401587013E0254A2349002001F01AFB2A7923491F
S214015880F3E7022E94BF4FF6FF72B5F801202049C8
S214015890EBE700201F4901F0F1FA33462A4621467C
S2140158A038461FF09CFF70B933462A4621463846D3
S2140158B01FF097FF48F2210362889A4203D13846C7
S2140158C069781EF0FFFB6388B3F5004F02D9082004
S2140158D0FAF7C6F90120F8BD2A790F49C5E70F4A3C
S2140158E00849002001F0E4FA032E94BF4FF6FF7238
S2140158F06A880B49B9E70020EDE700BF55FD0300B4
S2140159007DFD030084FD030095FD03009BFD030060
S214015910A9FD0300C1FD0300DBFD0300FDFD03003F
S21401592002FE03002DE9F04116888AB0DFF88C806C
S214015930ADF80E300DF10E03C8F8002015460093A1
S214015940324610AB07460C46FAF716FE90BB109B84
S2140159508DF824000693BDF80E3004A8ADF81C306F
S214015960AB898DF81070ADF820306B890594ADF8D1
S2140159701E60ADF822301EF0ADFBD8B92146304688
S214015980BDF80E30109A01F0C9FF98B9214630468D
S214015990BDF80E30109AFFF741FF58B9CDE9006007
S2140159A039462046BDF80E30109A02F049FB08B978
S2140159B0C8F800000AB0BDE8F08100BF944000209E
S2140159C0F0B585B004AB03E9030000231C469DF83F
S2140159D00D609DF80E70154AD9B202EBC1004568FC
S2140159E0EDB99DF80C30284600939DF80A209DF8E5
S2140159F00B300F4901F05CFA26B1324628460D49B4
S214015A0001F056FA0C4A0020002C18BF2246BDF8B9
S214015A1008300A4905B0BDE8F04001F02FBA12F887
S214015A2031100133B94208BF2C46D5E76C54040047
S214015A3014FE030025FE0300A4C6030029FE03008E
S214015A404FF6FF7310B5084C88B062889A4207D1AA
S214015A5002A90DF107001DF0A8FEBDF81030638005
S214015A60608808B010BD00BFF05600202DE9F04F49
S214015A7085B0894692461C460746BDF83850BDF8A3
S214015A803C80109E002833D00346464A00204649F3
S214015A9001F00EFA2388002B76D040F209129342C9
S214015AA074D0424A4249B3F5827F08BF0A46CDF810
S214015AB004806188002000913E4901F0F9F92388AD
S214015AC093B1B8F1020F0FD933783B4913F0010FA8
S214015AD03A4A18BF0A4659074FF000004CBF3379BF
S214015AE0B378374901F0E4F90020364901F0C6F9E8
S214015AF00023354931F83320AA4249D1334A52F8B6
S214015B0033B0002331F83300DA00A84246D1002032
S214015B102E490A44908041F8330047B9238833B9A7
S214015B20B4F90230002B02DB0820FAF77FF80120D7
S214015B30FAF796F89EB13578EB0710D515F0040004
S214015B4004D04246012130461EF01FFBCDE901700C
S214015B50434622465146484600961EF038F8BBF1A9
S214015B60000F06D04346224651464846CDE9006717
S214015B70D8474346224651464846CDE900671DF0C0
S214015B80ECFC05B0BDE8F08F114A90E7114A8EE7AC
S214015B9001330A2BAED14FF0000BB2E701330A2BCB
S214015BA0B0D1BAE7E1BD030050FE0300A5C603006D
S214015BB03EFE03005EFE030041FE030049FE0300B5
S214015BC08FFE030029FF03009C4000209840002020
S214015BD037FE03003BFE03000D4BF0B54FF00C0CF7
S214015BE01F88054600230B4EDCB2BC4201D30020C1
S214015BF0F0BD0CFB04F43019345DAC4205D1448889
S214015C008C4202D104799442F2D00133ECE700BF12
S214015C10226A00207066002073B501262B4D2C4C9D
S214015C202A462046FF2300210096F9F701FB2A4663
S214015C302046FF2300210096F9F7FAFA2A46204665
S214015C40FF2300210096F9F7F3FA2A462046FF23A0
S214015C5000210096F9F7ECFA2A462046FF23002198
S214015C600096F9F7E5FA2A462046FF23002100961A
S214015C70F9F7DEFA2A462046FF2300210096F9F7B7
S214015C80D7FA2A462046FF2300210096F9F7D0FAD4
S214015C902A462046FF2300210096F9F7C9FA2A462C
S214015CA02046FF2300210096F9F7C2FA2A4620462D
S214015CB0FF2300210096F9F7BBFAFF232A460021AD
S214015CC020460096F9F7B4FA02B070BD892E03009B
S214015CD0E84000202DE9F84300244FF00C090C4B56
S214015CE00C4F1E78DFF830803A88E5B2954202D331
S214015CF03046BDE8F88309FB0585FF21A8681CF03E
S214015D00BEFC18B9AB799E4238BF1E460134EBE79C
S214015D10775D0020226A002070660020014B18780B
S214015D20704700BF775D0020014B1870704700BFB9
S214015D30775D0020F8B506460C461EF0B8F9054614
S214015D40C8B930461DF0E6FE0B2815D80B4B03EB01
S214015D5000131F7B87B95A88012122809A88304612
S214015D6062809B79237100F037FA394660713046BC
S214015D7000F032FAA07101252846F8BD084100203E
S214015D8070B504460E4615461DF0C4FE0B2802D912
S214015D904FF6FF7070BD094B03EB00131A7B002A08
S214015DA0F6D146B901222946204600F03DFA0028E0
S214015DB0EED00088EEE7012EEAD1F4E70841002094
S214015DC0FF2313B50DF1070104468DF807301EF0C9
S214015DD06CF918B19DF8070002B010BD074B03EB34
S214015DE004131B7B0BB1FF20F6E7204600F03AF9BF
S214015DF00028F8D0204600F0E9F9EDE70841002038
S214015E0013B5F6F70BFA0446F6F70EFA22460346E2
S214015E101249002001F032F800F084FFFFF7BAFCC7
S214015E2000F0A6F80221084602F046FDFFF764FCE2
S214015E3041F249001EF0EFFD4FF0FF130093FF23E0
S214015E4068468DF804301EF0CCFD4FF400401EF07D
S214015E50AAFD00201EF0C7FD02B010BDDEFE030045
S214015E6038B505461EF043F990B928461EF0EFFCFA
S214015E70044628B140F60443984214BF88248D2472
S214015E8023462A460020034900F0F8FF204638BD85
S214015E908D24FBE7F6FE03002DE9FF4705460E4677
S214015EA017469846BDF83090DDF834A0BDF8384066
S214015EB0CDF80090CDE9014AE4B2FFF7D7FD43469D
S214015EC03A4631462846CDE90094CDF808A01FF0A1
S214015ED04FFCFF21034B044A044804B0BDE8F047D9
S214015EE000F01ABEFC560020F85600204F5F002036
S214015EF0044B01461888102240F0404040F48010C0
S214015F00F6F79CBFC2510400024B18685968FFF7A8
S214015F1057BD00BF729504000123064AD15C814239
S214015F2002D1054AD05C704702335F2BF6D10020C0
S214015F30704700BFC6540400C754040070B5002261
S214015F400446094B1D78094BD0B2854201D8FF2083
S214015F5070BD1E78A64204D10029F9D05E7BF607F3
S214015F60F6D401321033EFE7785D002008410020B7
S214015F702DE9F04198B06B46304A1068516803C36A
S214015F8090680CAA18602E4B14469C4603F118061E
S214015F90154618685968083303C5B3422A46F7D12F
S214015FA012AA1746274B03F11806154618685968B2
S214015FB0083303C5B3422A46F7D1234A03AB106818
S214015FC051684FF0010E03C3906871681860DCF8E1
S214015FD03000002206AB03C30C21EC46B068CDE9C5
S214015FE009221860194BDFF86C801970184B0DEBFD
S214015FF001060B9206AD09A91CF8010B01321870B7
S21401600034F8020B0C2A588037F8020B83F80DE09F
S214016010988016F8010B03F1100303F80A0C15F823
S214016020010B08EBC00043F8080C11F8010B03F84C
S214016030040CE1D118B0BDE8F08100BF10FF0300E9
S214016040365804004E5804001DFF0300785D0020FA
S2140160500841002030550400014B1878704700BFF6
S214016060785D0020034B03EB0013587B00F0010022
S214016070704700BF08410020F0B504460846D9B174
S21401608000220E4B11461F780D4B1D46D6B2B74265
S21401609001D8002010E01E78A64206D09E68F68839
S2140160A0314489B201321033F0E75E7BF607F9D549
S2140160B005EB02150180A868F0BD00BF785D0020E1
S2140160C0084100202DE9F347894690461D460746BC
S2140160D018B9002002B0BDE8F0870029F9D0002ADF
S2140160E0F7D0002BF5D0002400780DF10601ADF8AD
S2140160F00640FFF7C1FF0028EBD039460DF1060236
S214016100BDF806601DF0FBFB07460028E1D00DF147
S2140161100602BDF806A01DF019FC0028D9D0C9F862
S2140161200070C8F80000037913F0200219D1DB06CD
S21401613014D4BDF806300C4A564413FA86F612FA01
S21401614086F20BE01A790C33920642BF13F8092C3B
S214016150891889B29842F5D8044A0A4401202A606F
S214016160B8E72146024BF5E79B5E0020795D0020EB
S2140161707057040008B50021FFF7E0FEFF2817BF9F
S214016180044B084603EB0013587B18BF00F00100D0
S21401619008BD00BF084100202DE9F0410D46164616
S2140161A01F461DF0B7FC0B280AD8074C3B4604EBEC
S2140161B0001032462946BDE8F04180681DF077BCE4
S2140161C00020BDE8F08100BF08410020014B00011E
S2140161D0185C70470841002070B50C461DF09AFC0B
S2140161E00B281BD80F4B03EB00139A68C2B1002390
S2140161F0142618461579D9B28D4200D870BD11689B
S21401620006FB0311097B34B911F0800F1CBF013066
S214016210C0B20133EFE711F0400FF7E70020EDE7DA
S2140162201046EBE708410020F8B50D4616461DF06E
S21401623071FC0B280BD80F4B4FF0140C03EB00131B
S2140162409A6800231C461779D9B28F4201D80020DC
S214016250F8BD10680CFB0300017B46B911F0800FF6
S21401626003D0AC42F4D00134E4B20133ECE711F0D0
S214016270400FF5E7084100202DE9F04F06460024BF
S2140162803A4B87B01B783A4F0093009B9C4207D24B
S214016290FF2E08D030461DF03DFC0B28044606D9DB
S2140162A007B0BDE8F08F07EB04131B7B2BBB230164
S2140162B04FF00008019307EB041A14E014221B6840
S2140162C002FB05352B89B3F5967F01D924F0F8F941
S2140162D04FF000094FF00C0B29891FFA89F2914201
S2140162E00ED808F10108019B5FFA88F5FB189B6838
S2140162F01A79AA42E2D8FF2ED2D10134E4B2C4E719
S2140163001FFA89F00BFB00F06B6819180A7912F076
S214016310100F23D19AF800E012F0400F8DF80CE030
S214016320B5F800E0185AADF80EE00CBF4FF0400E7D
S2140163304FF0800EADF8120028468DF810E01DF0E3
S214016340AAFA5307ADF81400C8780AD50228896856
S21401635000D90968002203A81DF079FB09F101099B
S214016360BAE702288CBF89680831F3E7785D002018
S21401637008410020052370B5094A06881488B442EE
S21401638008D19578047B2C403F2C03D90D4201D0CF
S214016390506870BD013B02F10802EFD11846F8E7DC
S2140163A0E057040070B50024074D084E2B78E0B284
S2140163B0834200D870BD06EB0010437BDB0701D596
S2140163C01DF087FC0134F1E7785D002008410020CC
S2140163D0F8B50C4600210546FFF7B0FDFF2829D089
S2140163E0154A060102EB00135B7B03F001016CB159
S2140163F043F001031644A142737305D0C4B100B241
S21401640002EB00101DF065FC0120F8BD2346F1E704
S2140164107B4311682846CA18127BC95AD2091DF057
S214016420C4F80134B268E3B211799942F0D8EBE7C7
S2140164301427F7E70846E8E708410020F0B5944638
S214016440497D20B339B3012918BF042100254FF631
S214016450FF702F462A46144E3488644511D196F8AB
S21401646003E01EEA010F0CD0B4789C4209D30AB1AE
S214016470BC4206D81EF0100F03D08AB1BC420CD322
S21401648070B90135072D06F10406E5D1F0BD0029E6
S21401649008BF0821D8E70221D8E727460020F0E701
S2140164A027460122FAE700BFC45704002DE9F04F42
S2140164B00A9FBDF824E09DF82C809DF830904C7D15
S2140164C078B394B3012C18BF04240025194800F1B1
S2140164D01C0C068896421ED190F803B01BEA040FE6
S2140164E019D08678464516D31BF0100F91F80FA0E9
S2140164F004D0BAF1000F0ED0B1F810A0BAF1000F17
S21401650009D1A94513D0AE4511D95E553E8801354E
S21401651001363E80ADB204306045DAD10120BDE8D7
S214016520F08F002C08BF0824CDE70224CDE7002019
S214016530F5E700BFC45704002DE9F04F0024B1F57C
S2140165407C4F0E4638BF4FF0010BA246A1464FF6D0
S214016550FF781F4628BF274B85B028BFB3F800B089
S214016560009001925C4503D3404605B0BDE8F08F2C
S214016570B6F57C4F0CD3204B3A4603EB84033146E9
S2140165805B880098FFF708FE054680B300232AE0E3
S2140165903A46314600981DF0EDFAF5E70C229CB21A
S2140165A054436A680199105B02EB040C884219D3C4
S2140165B0B9F1000F01D0504514D861462846CDE9FF
S2140165C002321DF068F9029B60B1039A125BB9F1C1
S2140165D0000F03D0524501D3804503D99246804629
S2140165E04FF0010901332A899CB2A242D6D8013460
S2140165F0A4B2B7E726550400285504002DE9F04F4C
S21401660091461A4600238BB08DF82020BDF8502005
S2140166108DF81C00ADF81E10ADF8242005460F4677
S2140166201A4604A907A8159C9DF858609DF85CA019
S2140166309DF860B09DF864800493ADF822901DF03B
S214016640B2F9049850B92B46CDE90079644A6549F8
S21401665000F014FC86200BB0BDE8F08FBAF1000FF5
S21401666014D18378B34206D050465D4A5E4900F0A5
S21401667005FC8D20EFE7037913F0010306D11846D8
S214016680574A5A4900F0FAFB8820E4E703795B078A
S2140166902CD583685A689B680592069380781DF00E
S2140166A016FF049B0546DF782146022F03463A462D
S2140166B010D805A81DF0C7FE81462B463A4621464E
S2140166C006A81DF0C0FEB9F1010F01D001300DD1B1
S2140166D08720C0E705981DF0B6FE0128F8D02B46A6
S2140166E03A46214606981DF0AEFEEFE7BBF1000FD5
S2140166F06FD1049F4FF6FF722146B8781DF069F8F6
S21401670000286BD0BDF82430C5B20093CDE9025401
S2140167109DF82030BDF82220BDF81E109DF81C0003
S21401672001961DF0D3FC002895D1BDF82430CDE9A3
S21401673002540093BDF822209DF82030BDF81E10AB
S2140167409DF81C0001961DF09EFA002883D1214673
S2140167509DF8682007A81DF07AF900287FF47BAF22
S214016760B8F1000F07D03B462046BDF81E209DF825
S2140167701C101DF00FFABDF82430BDF82220BDF81C
S2140167801E109DF81C000093CDE901649DF8203091
S214016790FEF73CFBBDF82430BDF82220BDF81E10E4
S2140167A09DF81C000093CDE902549DF82030019617
S2140167B01DF08BFCBDF82430BDF822200093BDF8F7
S2140167C01E109DF820309DF81C001DF034FA0020A4
S2140167D041E70020064900F051FBF8E701203AE7BF
S2140167E02AFF030036FF030062FF030076FF030063
S2140167F08AFF03007FB500258DF80830BDF82030EC
S2140168008DF80400ADF80610ADF80A20ADF80C308E
S2140168106946BDF82830099A01A80B9E00951DF01F
S214016820C2F8044630B916B1009B9B7833702046F7
S21401683004B070BD8928FAD12846024900F01EFB33
S214016840F5E700BFA7FF03002DE9F04F4FF0000A60
S214016850C7B0FFF701FC5FFA8AF6B04202D847B02C
S214016860BDE8F08F5B4B36019A5D00205A4900F077
S21401687005FB0020594900F001FB00230593554B09
S2140168809DF8144033449B681A79A24202D80AF153
S214016890010ADEE714224FF000091B6802FB0434EC
S2140168A022891FFA89F39A4202D8059B0133E5E74C
S2140168B00C231FFA89F803FB08F8D4F804B023F078
S2140168C0FFFE0BEB08052B79454913F0400F3BF80B
S2140168D0083022884FF000000093424B18BF0B4649
S2140168E0414900F0E5FA294620461CF0D4FF074648
S2140168F000283CD13D4900F0DBFA2979DFF814C1C4
S21401690011F0010F3A4818BF604611F0020FAA783D
S214016910EB7832D1DFF800C111F0100F354918BFFE
S2140169206146CDE900010020334900F0C1FA2B7918
S2140169303BF8082013F0400F4FF0000B4FF0FD031B
S2140169400DF118082188CDE9023BCDE900782148F0
S2140169500CBF40238023805DFFF74CFF86280ED1B5
S2140169602649002000F08AFA09F1010998E7024653
S2140169702349002000F09CFABFE72249D1E7A87816
S2140169801CF079FFD8B140461DF005FC421C92B2BE
S21401699001234146002000F0D5F93946208801F050
S2140169A001FA4FF6FF73984207D0174B174903EBCE
S2140169B0C0035A68002000F061FA1549D1E7A878AB
S2140169C01CF05FFF20B140461DF0EAFB821CDEE7AB
S2140169D0EA78DDE708410020F9FF0300070004001C
S2140169E0D1FF0300D6FF0300470004008AF103002D
S2140169F0DEFF0300E1FF03005B00040077000400F4
S214016A0018050400E9FF0300B058040064D0030031
S214016A1029FF0300DBFF0300F1FF03002DE9F04F20
S214016A20C7B0BDF844A10646BAF1040F0D46144698
S214016A301F46BDF840B163D9CDE9013B00920B4634
S214016A4002463049002000F019FAFD230DF117091E
S214016A500DF118083046029322463B462946CDE9F9
S214016A6000B8CDF80C90FFF7C5FE0646B8B9FD2272
S214016A70414699F800001CF0ACFE0746C0B1AAF1E9
S214016A800403834238BF892620461DF041FB8EB1A0
S214016A90304600F01BF9304647B0BDE8F08F009055
S214016AA023462A460020184900F0E8F90027EBE7BC
S214016AB08926E9E7DFF85CA0BA1CBAF80030C3F112
S214016AC0FF039A4219DA304600F000F999F80000FF
S214016AD000F0FCF8BAF800900C483A4641464844A3
S214016AE0B94404F0F3FEAAF8009023462A4630463D
S214016AF00749009700F0C2F9CDE7892000F0E6F8D3
S214016B008926C8E783000400BE0004004F5F00200A
S214016B10E5000400F856002010B5044C2060044837
S214016B20018004490A60044A136010BDD041002068
S214016B30F6560020CC410020C841002030B587B071
S214016B400AAC0D4654F8041B0093CDE90114134614
S214016B500949024609480988006805941DF0DAF9D2
S214016B604FF48A52064B1B681880064B1B685D80E3
S214016B70DA8007B030BD00BFF6560020D0410020B5
S214016B80CC410020C841002008B410B587B009AB3D
S214016B900C4653F8041B0092CDE9011302460B493B
S214016BA00B4805930988002300681DF0B3F94FF4DC
S214016BB08A52084B1B681880074B1B685C80DA807A
S214016BC007B0BDE8104001B0704700BFF656002080
S214016BD0D0410020CC410020C8410020044A034691
S214016BE011680448044A0988126800681CF06BBCE6
S214016BF0CC410020C8410020D0410020044B054A6A
S214016C001B6812681988044B18681CF0CFBB00BFBC
S214016C10CC410020D0410020C841002007B5074BD9
S214016C201B681B880192064A12680092054A126880
S214016C301CF01DFC03B05DF804FB00BFCC41002036
S214016C40D0410020C84100201FB51446064A1268EC
S214016C501288CDE901430091044B05491B68096878
S214016C601CF0E1FB04B010BDCC410020D041002057
S214016C70C8410020014B1868704700BFC84100207A
S214016C80024B1B6818715971704700BFC84100203C
S214016C9010B50024084B1C70FEF75EFC074BFF2264
S214016CA018802146064804F081FC064B1C80064BE2
S214016CB01C605C609C6010BD59600020FA56002084
S214016CC04F5F0020F8560020FC56002007490B882D
S214016CD0FE2B9FBF064AD054581C80B29DBF088029
S214016CE000F1FF3080180020704700BFF8560020E2
S214016CF04F5F0020F8B5094F0D463B885C18FE2C07
S214016D000ADC074E0A46A4B20146F01804F0A0FCBD
S214016D103C80641BA019F8BD0020FCE7F856002053
S214016D204F5F0020024B034A00201A60704700BFE5
S214016D30D44100202C550400014B1878704700BF41
S214016D400841002030B4044D044C002B0CBF2B46E8
S214016D50234630BC1DF048BAD1BE0300B80104007A
S214016D6070B5054608460C461DF015FA611C02462C
S214016D70024B2846BDE870401DF036BAD70804001D
S214016D8000B5037889B0069343783E22059383784D
S214016D9008490493C37803930379029343790193D3
S214016DA083790093C3790448008800F081F809B01C
S214016DB05DF804FB1301040008570020024B02464D
S214016DC00249188800F05AB8085700203DC503004C
S214016DD02DE9F04705460E4617460024DFF84480A5
S214016DE0DFF844A0DFF84490AC4201D1BDE8F0875B
S214016DF0B8F8000006EBC401534608221DF0F4F96A
S214016E000134B8F800003FB9044AA54208BF4A4613
S214016E10034900F04DF8E7E74A46F9E729FF030082
S214016E203CC5030008570020B801040005AE030066
S214016E302DE9F0410E4E044630881DF0EDF9A8B15B
S214016E4000250C4FDFF83080E3070AD518B9414614
S214016E50308800F02DF830882A46394600F028F8A8
S214016E60002001351B2D4FEA5404EDD1BDE8F08119
S214016E7008570020D0ED03005BFE03000EB417B5E3
S214016E8005A9044651F8040B019103F091FA01217A
S214016E900220054AF8F7ECFC044B1C8003B0BDE861
S214016EA0104003B0704700BF29FF030008570020B9
S214016EB00EB417B505A9044651F8040B019103F069
S214016EC077FA034B1C8003B0BDE8104003B070474F
S214016ED00857002013B503680446587900F032FFBE
S214016EE090B923685A88032A0ED0E17C5B79CDE9F4
S214016EF000211649164AFFF7C1FF012120461DF061
S214016F002BFA012002B010BD637D012B0AD0637DF0
S214016F1033B92368228A598858791CF007FE48B984
S214016F20C3200AE02368228A598858791CF007FE94
S214016F300028ECD020461DF071F9064B1B78002B7B
S214016F40DFD110F5807FDCD0C1B2D7E74001040065
S214016F503801040050600020002970B50F491D4615
S214016F600F4B14460CBF6E227922002808BF0B4631
S214016F7000200C49FFF79CFF0B4E2544AC4205D17F
S214016F80BDE8704000200949FFF778BF3146002070
S214016F9014F8012BFFF78CFFF0E700BF790104001E
S214016FA06F01040082010400B60104000DE5030030
S214016FB02DE9F04FC27C8BB00592427D0368002A12
S214016FC014BF80224022077D044685688689587949
S214016FD0B846B3F80290069200F0B4FEA0B9059B3D
S214016FE0052B05D86FF02D03059A1341DB070BD54A
S214016FF0B9F1030F08D0AB490020FFF73FFF01218D
S21401700020461DF0A9F976E0E37B1BB1228A002A0F
S21401701000F0B781607D0022B0FA80F05B4203F099
S2140170200403DFF88CB2400943EAC000ABF8002045
S214017030FFF74CFEE37B1BB3208A1DF069F88246FE
S214017040A07CFFF743FE059A162A00F29A81DFE834
S21401705012F019009E016C005600D2016C009201DC
S214017060D9019A01E001E701EE0139010202980116
S21401707098019801140258021402700239010202A2
S2140170809A46DDE700204B46874A8849FFF7F6FE19
S2140170900120FFF71BFE08F10207B74229D8414637
S2140170A0324628461DF071F88046236842465879D4
S2140170B0BBF800304946C3F1FF039BB20193238A14
S2140170C00093069B1EF08EFB10B11FFA87F8E2E7CD
S2140170D0236842465879BBF800304946C3F1FF039E
S2140170E09BB20193238A0093069BFFF797FC89289E
S2140170F0EBD11DF02BF901200BB0BDE8F08F4FF05E
S214017100000B0420FFF7E2FDF31E0893089B984549
S21401711052D3BBF1000FECD1E37B94F81480002B23
S2140171200CBF02220422624B1A804FF0000B04208F
S214017130FFF7CCFD5F4608F1030A564540F29D80F5
S2140171403246414628461DF020F805EB08039B7899
S214017150F21EAA44A2EB080207905146184692B2C4
S21401716009931CF036FB0890002879D02268099B09
S2140171705079CDE901A3238A49460093DDE9063219
S2140171801CF056FE82464A460020079B4949FFF7F7
S2140171908FFEBAF1000F55D10BF101035046464957
S2140171A05FFA83FBFFF76AFE089B08F1030813FAF0
S2140171B088F81FFA88F8BEE73246414628461CF092
S2140171C0E4FF05EB08039F78089B08F10301A3EB96
S2140171D008022944824692B2384609911CF0F9FA0F
S2140171E0079068B323680999587902970191238A11
S2140171F0524600934946069B1CF06AFE0746B8B104
S2140172000BF1010338465FFA83FBFFF75FFD50463B
S2140172101CF07EFF53464A4600202649FFF72EFE05
S2140172203A4600202549FFF729FE802F3FF471AF2B
S214017230079B08F1030813FA88F81FFA88F865E730
S2140172408027DDE75046FFF741FD07981CF060FFF9
S2140172500137524600201949FFB2FFF70FFEA3E798
S2140172608720FFF733FD07981CF052FF013787226E
S21401727012490898FFB2FFF701FE059B052B3FF464
S2140172803AAF002F7FF435AFBBF1000F05D10C49A3
S2140172905846FFF7F3FD8021B2E63846FFF716FDA4
S2140172A027E700BF88B50300C301040010020400ED
S2140172B0F8560020CD01040010010400E901040085
S2140172C0F30104000599A84AA84B0020152918BF08
S2140172D01346CDF80090A64AA649FFF7CFFD059BB9
S2140172E00C2B14BF16200D20FFF7F0FC3246284663
S2140172F039461CF04AFF059B3D440C2B0646AD78EB
S21401730035D1192D28BF1925E37BB3B14FF6FF738D
S214017310278A9F4211D1206832464946069B40790A
S214017320FFF70AF9B84208D0BAF1000F05D020825B
S2140173308AF80000000A8AF801000020BBF80070F5
S214017340FFF7C4FC236832465879059B4946A3F1EA
S214017350150CDCF1000343EB0C03CDE90153238A42
S2140173600093069B1CF0D8FC834BD855C1E6132D21
S21401737028BF1325C8E72046FDF7D0FB00287FF479
S214017380BAAE81213CE62046FDF77CF8F6E7B9F176
S2140173900A0F05EB0708A6EB070A21D1DFF8DCB1D7
S2140173A09BF80030E3B1E37BD3B9BAF1080F17D1EC
S2140173B03246394628461CF0E8FE88B998F802306D
S2140173C073B998F80320E22A0AD13246391D2846B5
S2140173D005931CF0D7FE1CF0A4FF059B8BF800302C
S2140173E0414648461FFA8AF21EF0FEF900287FF44D
S2140173F082AE002104E6F21B484692B2E9191CF05F
S21401740081FEF3E7F21B484692B2E9191CF03EFEF4
S214017410ECE7F21B484692B2E9191CF063FEE5E779
S214017420F21B484692B2E9191EF0E0F9DEE723683E
S214017430EE5D5879238A0137ED5D0193069B32464E
S214017440494600932B461CF0A6FB2A463146484681
S2140174501CF01EFE4FE605987A1CE95DB31AA0F1F2
S2140174601606704270410039009018BF0121484647
S2140174709BB22A441CF00EFEB8E7059BEE5D112B6D
S2140174803D446F7838D11220FFF720FC0025E37BBE
S214017490B3B14FF6FF73B4F81080984510D1334658
S2140174A04A4621462846FEF7C9FF404508D0BAF1AC
S2140174B0000F05D020828AF80000000A8AF8010031
S2140174C0BBF80080DFF8B0A0C8F1FE0292B208F166
S2140174D00103009253444A4621462846CDE90267F5
S2140174E0CDF804B0FEF7E2FFBBF800300AF808005A
S2140174F00133ABF80030FCE51420FFF7E7FB01256C
S214017500C5E77B1C9E422CD3EF5D1D44003F18BF90
S2140175100127F31A9EB233462A4639460020FFF762
S2140175201BFD00962B463A464846218A1CF0B6FDBE
S2140175305CE77B1C9E4214D3EF5DF61A003F18BF32
S21401754001271D44B6B233462A4639460120FFF7C5
S21401755003FD00962B463A464846218A1CF09CFDC0
S21401756044E70020C8E500BF29FF0300BE01040070
S214017570040204000E0204004F5F00204E6000204B
S21401758038B54FF6FB750446A9424FF001019DF848
S214017590100098BF43F40043217023816260A072FB
S2140175A002230020084A0949FFF768FCE07A084BE5
S2140175B040F6CA0203EB4010FF211BF041F8BDE87C
S2140175C038400420F8F732BB1E02040029020400EA
S2140175D01842002030B5054685B028B91D4905B0CA
S2140175E0BDE83040FFF74ABC0024007B1CF0E3FDF9
S2140175F02046194A19492C70FFF740FC184BE87AC7
S214017600FF2103EB40101BF02CF82046154B02011E
S2140176109A5C22B901300428F9D1F8F721FB696890
S21401762099B1B5F908302A899B1303F002038DF846
S2140176300430C2F30E03ADF806304FF6FF73ADF813
S2140176400830002301A80393884705B0BDE8304001
S2140176501CF0B6BD540204001E020400860204009B
S21401766018420020D84100200948037873B919460A
S214017670084AD3720133042B1173117051601181C2
S214017680917202F11002F4D101230370704700BF1A
S2140176904F600020D841002008B5FFF7E5FF002322
S2140176A005491A018A5C01EB03101AB10133042B58
S2140176B0F7D1002008BD00BFD841002070B50D46A7
S2140176C00646FFF7D1FF0023094800EB0514A17A0F
S2140176D0B14205D1217819B12B4400EB031070BDDE
S2140176E00133042B04F11004F1D10020F7E700BFA9
S2140176F0D841002010B50446FFF7B6FF0E4B9C425A
S21401770012D003F12002944210D003F140029442B9
S2140177100ED060339C420DD10323084800EB0310C2
S214017720BDE81040FFF756BF0023F6E70123F4E754
S2140177300223F2E70020F3E718420020D841002098
S21401774070B50024064D074E284632460021013406
S214017750F7F7A4FD042C05F12005F5D170BD00BF97
S21401776018420020F57601002DE9F34105460C4646
S21401777017469846FFF790FF064640B91C4A1D4932
S214017780FFF77CFB0224204602B0BDE8F0814FF6ED
S214017790FB739D420AD94FF6FD739D4204D000202B
S2140177A0134A1549FFF76AFB4FF6FD754346214616
S2140177B03A4628461CF09DFD044600F02FFE804602
S2140177C034B1234600200A4A0C49FFF757FBDAE793
S2140177D03B462046064A0A49FFF750FB0623294640
S2140177E03046089ACDF80080FFF7CAFECBE700BF07
S2140177F01E02040093020400BD020400F20204000B
S2140178001B030400F7B506460C461746FFF744FF70
S214017810054638B9104A1149FFF730FB02242046C5
S21401782003B0F0BD21464FF48A5230461CF029FFC2
S214017830044600F0F3FD34B123460020064A084909
S214017840FFF71CFBEBE7009004233A463146284637
S214017850FFF796FEE3E700BF1E0204009302040052
S21401786043030400F7B506460F46FFF715FF054626
S21401787038B9104A1049FFF701FB0224204603B02D
S214017880F0BD00224023114630461DF0BEF80446E6
S2140178901DF0B9F834B123460020064A0749FFF720
S2140178A0EDFAEBE7009001233A4631462846FFF70A
S2140178B067FEE3E71E020400930204007603040059
S2140178C073B504460E46FFF7E7FE054638B9104A7B
S2140178D01049FFF7D3FA0224204602B070BD0022F9
S2140178E0204611461DF093F804461DF08CF834B17D
S2140178F023460020064A0849FFF7C0FAECE7009045
S214017900234632464FF6FC712846FFF739FEE3E779
S2140179101E02040093020400A40304002DE9F041B2
S2140179208846107800219EB014461D46FFF7C6FE15
S2140179300646002800F0FD800778002F7BD0B8F8B7
S2140179400010002940F0F5800389B8F8022043F4BE
S2140179500040824240F0ED80617800296BD1A2F5AB
S2140179600042062A00F2E580DFE812F0A100A1003D
S214017970E300E3000700B8006900E3880D3DADF8B9
S2140179802430238915F00105ADF8263063798DF88A
S2140179902830E37A03F1060214F812208DF8143029
S2140179A08DF81C2042D10BA98E46069104F10C00DD
S2140179B05FFA85FC9C4500F1020009D210F8018CA3
S2140179C010F802CC01350CEB082C2EF802CBEFE7B1
S2140179D001EB43011A440891D2B2590001F10D009E
S2140179E09A42C0B20BD025186D78205C7831694474
S2140179F000EB0520013321F84C0CDBB2EDE7B6F9BC
S214017A0008203389002AACBF01220322C3F30E03E8
S214017A108DF808206288ADF80A3005ABADF80C2069
S214017A20049302A930461CF04FFC04E0424A434945
S214017A300020FFF723FA38461EB0BDE8F081042D7A
S214017A4002D83D4A3E49F3E72379053DADB29D4252
S214017A50B4F8028002D0384A3A49E9E73A4A3B4B41
S214017A600020002D08BF13463949334ACDF800805F
S214017A70FFF704FA05348DF81450B6F90830069469
S214017A8085B1002BACBF012303238DF82C3033893D
S214017A90ADF83080C3F30E03ADF82E3005AB0D9371
S214017AA00BA9BFE7002BACBF06230523EDE70B2D83
S214017AB0C7D9D4F80200D4F8061013F4004F05AA6B
S214017AC003C20CBF042203228DF82C206289C3F363
S214017AD00E03ADF83020ADF82E30DFE7042DB0D917
S214017AE06388ADF8303023790533DBB29D4206D08A
S214017AF00020114A17490095FFF7C0F99BE70E4A87
S214017B0000201549FFF7BAF9B6F908203389002A8B
S214017B10ACBF01220322C3F30E03ADF82E3005AB32
S214017B200D93631D069323798DF82C208DF8143060
S214017B30B6E700277FE700BF1E020400D10304005A
S214017B40F90304000D0404004DBD030029FF0300E2
S214017B50340404005104040092040400304BF0B5D0
S214017B60B0FBF3F24FF4616503FB1200B0FBF5F3D3
S214017B70DCB205FB13033C25B3FBF5F3DBB2A0EB4C
S214017B8004104B71C3EB0313A0EB83004FF4FA63AD
S214017B900B8040F201134B8001230C711F46002419
S214017BA06425204E8871944200D1F0BD91F802C040
S214017BB013B1BCF1020F2BD006EB0C0010F801EC50
S214017BC0C87870450BBF012001300CF1010CC0B222
S214017BD008BF81F802C0C87088780D2816D10B88B6
S214017BE08F7001339BB298070B8014D1B3FBF5F06D
S214017BF005FB103080B280B94FF4C870B3FBF0FCBF
S214017C0000FB1C339BB2B3FA83F35B090134CAE76A
S214017C104FF01D0ED4E70023F8E70123F6E700BF77
S214017C20805101007258040010B5044688B006A9B8
S214017C30FFF794FF9DF81E300A4803939DF81D3008
S214017C40049402939DF81C309DF81A200193BDF808
S214017C5018300549009300889DF81B30FFF70EF990
S214017C6008B010BD08570020AB040400026808B530
S214017C701188154B198051885980517919711179DC
S214017C8059714FF48A51D980D28812F0200F0CBF57
S214017C900A464FF48B528169DA800C4A137831B95F
S214017CA0C0880B4923F002030880137008BD43F017
S214017CB002031370074B15221846013103F0C8FC66
S214017CC0002200F8012CF1E7FC5600205960002044
S214017CD0FA5600200B57002010B5184C2368587927
S214017CE01BF018FF0B2822D8154B03EB0010027B64
S214017CF0237F9A421BD12368428819888A4205D07D
S214017D004FF6FF70814212D1120410D42279023A42
S214017D10012A06D9A37B63B9BDE810400748FFF7DF
S214017D2047B9198958791BF02BF80028F2D10020A1
S214017D3010BD0248BDE81040FFF7CCB89C420020B9
S214017D400841002008B51BF0E5FE0B2896BF024B44
S214017D500020185C08BD00BF5E60002008B500204A
S214017D601CF029FAFF201BF008FF1CF029FA1CF072
S214017D70D0F8FEF771F901210246064803F016FC19
S214017D80054BFF21054A0648FEF7C6FEBDE808403A
S214017D90FEF708BB5E600020FC560020F856002067
S214017DA04F5F0020F0B5002204464FF6FF750B4FDB
S214017DB090B237F830600346AE4201D12846F0BD96
S214017DC0A64209D1B4F57C4FF9D307EBC3035B8810
S214017DD08B42F4D00029F2D00132E9E7B058040012
S214017DE010B50446FFF7DEFF094A034610884FF632
S214017DF0FF72934214BF074A2246BDE8104017BFE0
S214017E0002EBC30304495A680449FFF751B800BF9F
S214017E1008570020B0580400CE04040064D00300C4
S214017E20034B18780130C0B2187000F07F0070471D
S214017E30846A0020044A137818B143F001031370D2
S214017E40704703F0FE03FAE759600020014B1870F3
S214017E50704700BF5C60002038B1074B1B78012BD0
S214017E6004D1038843F0400303807047022BFCD102
S214017E70038823F04003F7E75C60002068B1074AF7
S214017E801378012B07D1064B1B781370037843F048
S214017E901003037001E0022BF8D070475B600020EE
S214017EA05A6000207FB50121264B274E1970337882
S214017EB00246D90744D42549096881B10868C188B2
S214017EC08D0641BF224CE18841F02001E180C18846
S214017ED04C0641BF1E48C18841F04001C1801D4D7E
S214017EE01D492878097840074CBFE97069701B491D
S214017EF013F00204098809D0164A19481CF0DEF866
S214017F00337823F00203337004B070BD154B188824
S214017F104FF6FB73984208D80B46CDE9005201464E
S214017F200B4A20461BF0A3FAEEE74FF6FF73CDE9A6
S214017F30014200930A46074B05491BF074FAE3E732
S214017F400020E1E7506000205960002098420020A0
S214017F50FC5600204F5F0020856A0020F85600205E
S214017F600A570020FA56002070B503790446012B03
S214017F700D46164631D883681B78DB0600D561B3FB
S214017F80A37B13B9E37C0B2B27D00022144B1A805A
S214017F90637DB3FA83F35B09D800E37BABB9FEF7E5
S214017FA095FEA07CFEF792FE0B20FEF78FFEE07C8E
S214017FB0FEF78CFE2846FEF789FE2046FFF756FEA2
S214017FC03046BDE87040FFF76DBF40F00400FEF795
S214017FD07DFE208A1CF09CF8E3E7002070BD00BF00
S214017FE0F8560020024B0A4601461868FFF7BCBF48
S214017FF098420020F0B4054618460F4B0C461B78F5
S214018000BDF81010012B0D4E01D0377827B1002393
S21401801033700020F0BC70470CB9002AF9D143B187
S2140180204FF65743994204D02B462246F0BC1CF02B
S2140180302BB80120EEE700BF866A00205D600020B5
S2140180402DE9F04F684C4FF0000A254684469646C7
S21401805098460F46654B664E83F800A00FCE0FC5B7
S21401806096E80F0085B085E80F00DDF83C90BDF876
S214018070383072460093394643466046CDE901944E
S21401808000F0DCF8DFF89081064670B90025FEF7AF
S214018090FFFD16220021574803F088FA00232846E0
S2140180A0C8F8003005B0BDE8F08F534BA27CC8F885
S2140180B000401A70514B1B78002B36D01CF033F958
S2140180C04F4902465046FEF7F3FE22685046537962
S2140180D052884C490092A289FEF7EAFE50461CF0EF
S2140180E09BF820B12368218A5888FFF779FEE37B45
S2140180F023B10020228A4449FEF7DAFEA368002055
S2140181001A78E37C41490093A37CFEF7D1FE207DDB
S214018110A289A168121A01440123002092B2FEF737
S21401812011FE00203A49FEF7A9FE2F48FFF79EFDF3
S2140181302D481DF052FB054630BBB9F1000F25D185
S2140181402168E0880B8801904988BA1E032A0091AD
S2140181508CBF002201220121E07CFFF74BFF38B9DA
S21401816023685B79FF2B3AD0FFF7B6FD05468EE70D
S2140181702368DB889A06F3D40121264C1A4821701D
S2140181801CF0EAF884F80090354680E7B9F8143018
S2140181909B07E5D47AE75846FEF718F88246584614
S2140181A0FDF760FF88B123685046228A59881BF084
S2140181B0B4FC50B13846FFF759FD236889F804A08E
S2140181C083F805A0FFF788FD00B928460546013665
S2140181D0FDF742FF5FFA86FB5845DCD857E70026D5
S2140181E0014FDFF83890F3E79C42002050600020F2
S2140181F0905804000A570020856A0020836A0020F0
S214018200E7040400F0040400110504001D05040041
S21401821097B603005D60002098420020FC560020BF
S2140182200023054AD15C814202D31A445078704734
S2140182300233DBB2F6E700BF7E58040073B515467D
S2140182402E781A4616F0040F0CBF032605269E420A
S214018250089C08D9224A234900960020FEF70EFE04
S214018260002002B070BDBDF8183021712060E38097
S214018270A560A2812B7803F00103A3732B7803F08A
S2140182800403002B14BF01210021E1732978C1F3F7
S214018290C00161754FF00101217518D028461BF009
S2140182A074FF237D208202332375227D531CDBB2AB
S2140182B02375A95C0232D2B2A1742275EB5CE37419
S2140182C0A3899A4205D900920749054AC5E7238240
S2140182D0EBE7079B0120A36100232377C1E700BFDB
S2140182E0E1BD0300600504007C0504002DE9F743A9
S2140182F00024204FDFF89C80DFF89C90E0B21CF051
S214018300C0FAFF2805460FD12346012102201A4A4A
S214018310F7F7AEFA194B0134187819F093FD152CBE
S214018320ECD103B0BDE8F08346B238EA260328BF95
S2140183304B4601210093022057F82430104AF7F7E4
S21401834097FA002EE6DA0923E340DB070AD50D4A41
S2140183500D4B15F0010F18BF1A4601210220F7F741
S21401836087FAD7E70A2CD5D1084A094B15F0010F31
S214018370F1E700BFC8580400D5050400876A00204D
S214018380FD050400AE05040098050400CA050400B6
S214018390C00504004DBD030029FF030008B55422A3
S2140183A00021024803F002F9002008BDF85700201A
S2140183B008B55422FF21024803F0F8F8002008BD52
S2140183C0A4570020024B23F810100020704700BF6E
S2140183D0A4570020002310B4074ADCB2A14203D8F8
S2140183E05DF8044BFFF7DABF2A2BF9D032F8024BBF
S2140183F020F813400133F0E7F8570020002310B5AA
S214018400054A994201DD2A2B00D110BD32F8024BF4
S21401841020F813400133F4E7F8570020024B187890
S21401842000F07F00704700BF6A600020034B187899
S2140184300130C0B2187000F07F0070476A600020FB
S21401844030B51C4600238BB0ADF82220021D92B237
S214018450012A0E9DADF82030ADF81E10ADF81C3087
S21401846003D94FF6FF7290420FD10022CDE9035295
S214018470CDE90124094B01461B784FF6FF700093A6
S21401848007AB1CF01EFA0BB030BD0146CDE9015317
S2140184901846009407AA1CF030FAF4E7886A002010
S2140184A038B505464FF480500C4603F085FA4FF474
S2140184B080532860236030B940F2A511BDE83840EA
S2140184C0014822F0F0B838BDEC06040000487047B9
S2140184D0B6590020014B1878704700BFA16A0020EA
S2140184E0014B1888704700BF2A6A0020014B187894
S2140184F0704700BF9A6A0020014B1878704700BF8A
S2140185006E600020014B1878704700BF956A002006
S214018510014B1870704700BF71600020014B187046
S214018520704700BF70600020014B1888704700BF7D
S214018530286A00202DE9F74F4FF00008394B3A4FD3
S21401854093F80090394B3A4E3A4D3B4C3B483C49E8
S214018550DFF8F4C0DFF8FCE0DFF810A1DFF810B1B7
S2140185600193019B2037203301935FFA88F39945E5
S21401857006F1200605F1200504F1200400F1200093
S21401858001F120010FD8002211462E4B2E4D1C78EA
S2140185902E4E2F4B2F4FD0B2844203F1200338D8F2
S2140185A003B0BDE8F08F2C4B2C4A47F81C3C002347
S2140185B046E907232A4A47E9063E45E90723294AA9
S2140185C046E905E344E90723274A45E905E340E987
S2140185D00723019A44E905E340E905E341E908CAAE
S2140185E041E9063E47F820CC47F8103C46F820CC37
S2140185F045F820CC44F820CC40F820CC41F8103C7B
S21401860008F1010842E908CB42E9063E42F8103C6F
S214018610A7E743E9085643E9061743F8101C013259
S214018620B9E700BFA56A0020744600207445002003
S2140186305446002034460020D4450020B44500208E
S214018640944500209F6A0020F054002049B10200A2
S214018650F445002029FF0300FD6E0300D56D0300DD
S21401866085790200259302003D480300F9F60200D1
S21401867089680200002208B5074B1A605A601CF090
S214018680CFF8064B18701CF0CBF8054B1870054B4D
S2140186901A78054B1A7008BD92540020AC60002071
S2140186A0AB600020936A0020AA600020002100B57C
S2140186B093B008466A460AF0E7F90146C8B90E4B78
S2140186C00E4A09930E4B0D920A930E4A0E4B0E92CA
S2140186D00B930E4A0E4BCDE90F230C930D4B6A46B6
S2140186E011930AF087FC003818BF012013B05DF81B
S2140186F004FB0120FAE700BF676903002175020049
S2140187006B6B0300E14902006B4803004D840200D5
S214018710CB6B030051710200084B1878112806D85C
S214018720012809D9064BC34003F001007047A0F1A8
S214018730430358425841704700207047AE600020FE
S2140187403400020008B5064B1B78013B022B05D806
S2140187500020FFF7E1FF0138C0B208BDFF20FCE7AB
S214018760AF600020044B00F1100250F8041B904249
S21401877043F8041BF9D17047B0600020044B03F1A5
S214018780100253F8041B934240F8041BF9D17047BA
S214018790B060002030B5002491B0114B054621464B
S2140187A014220BA8CDE9094302F000FF102209AB01
S2140187B0CDE900440693CDE90452CDE90252094BB6
S2140187C009490AA818F03DFF04460AA81CF0A2FDB4
S2140187D01CB1A021054821F066FF11B030BD00BFD5
S2140187E00024800000444004B060002077070400A5
S2140187F070B5002490B0154B05460E46142221464E
S2140188000BA8CDE9094302F0D1FE102209ABCDE950
S214018810004406933146CDE90452CDE902520C4B91
S2140188200AA818F00EFF04460AA81CF073FD1CB136
S214018830BA21084821F037FF099B102B03D0BB2132
S214018840044821F030FF10B070BD00BF0024800046
S214018850004440047707040030B50D4600218FB070
S214018860124B0446142209A8CDE9071302F09EFE16
S214018870102207ABCDE90242CDE900420493294616
S2140188800B4B08A818F0DFFE044608A81CF042FDB2
S2140188901CB1D121074821F006FF079B102B03D0FE
S2140188A0D221044821F0FFFE0FB030BD0024800025
S2140188B000444004770704000022034B1870034B62
S2140188C01970034B1A707047C1600020C260002007
S2140188D0C06000202DE9F04FDFF89080064698F83A
S2140188E000300D4685B0002B3AD04FF6FB73984208
S2140188F036D84FF0000B1C4FDFF874A03C7898F880
S21401890000305FFA8BF94B459AF8000011D94844BC
S21401891002AA0DF10601C0B214F00CFB082229468A
S2140189200DEB020003F08EF90BF1010B0028E6D1E6
S2140189304C463B78A34208D198F80020631CDBB272
S2140189409A423B7004BF00233B70324629469AF890
S21401895000301C44E0B205B0BDE8F04F14F0D8BBBF
S21401896005B0BDE8F08F00BFC0600020C2600020E7
S214018970C16000202DE9F74F06460D4614461F46F6
S2140189804FF0010BDFF8789003F10C0A15B903B02C
S214018990BDE8F08F102DA84628BF4FF010083A46C4
S2140189A0164B5FFA88F152F8040B524543F8040B54
S2140189B0F9D101919AF8002011481A70002389F81C
S2140189C00F4089F800B089F80E30FFF7E3FE324613
S2140189D001340B480199E4B212F801CB10F8013BBF
S2140189E083EA0C0302F8013C931BDBB28B42F3D300
S2140189F0A5EB080816461FFA88F5C7E7C4600020ED
S214018A00C36000202DE9F04F9046914685B0009056
S214018A10981A029383B20193009B0F46354903F1DE
S214018A200C0453F8045BA34241F8045BF9D11B78AC
S214018A30314E0B7049233370019BF0731B0A30468D
S214018A40B373FFF7A7FE0221BB460D46737888EA8B
S214018A50030373704FF0000A1DE0C5F11004A9EB83
S214018A600A039BB2A4B29C4228BF1C4600231FFAED
S214018A7083FCE8186445C0B21FD82544EDB2A34470
S214018A80102D54441FFA84FA05D10025304603916F
S214018A90FFF780FE0399D145DFD807EB080B25B118
S214018AA015480391FFF776FE039901294FF000055B
S214018AB00DD00121DDF80490CCE71BF803C016F8B1
S214018AC000E001338CEA0E0C06F800C0CFE7029BEB
S214018AD009491F44094B38461C78224602F0F6FE27
S214018AE02A4621463846009B05B0BDE8F04FFFF701
S214018AF041BF00BFC4600020C3600020A66A0020FA
S214018B0030B540780C4601284FF0110387B001F1CB
S214018B10100516D1144A01A90AF0F4FF234601AC48
S214018B20224618685968083303C2AB421446F7D187
S214018B3011230D4A002001A90AF0E4FF002007B026
S214018B4030BD0120094A01A90AF0DCFF234601AC29
S214018B50224618685968083303C2AB421446F7D157
S214018B601123024AE6E700BF75E4010079EB010034
S214018B7030B50C46407887B001284FF011030DBF81
S214018B800B4A0C4A012001A918BF01A90AF0BAFF35
S214018B90234601AA05AD144603CCAC4218605960C1
S214018BA0224603F10803F6D1002007B030BD00BF0E
S214018BB075E4010079EB010010B50C4688B01A2364
S214018BC00C4A01A901200AF09DFF21460DF10E0372
S214018BD004F1100251F8040B914243F8040BF9D149
S214018BE01A230020034A01A90AF08CFF002008B0CE
S214018BF010BD00BF24E10100F0B58BB004460D4660
S214018C001DF076FEA8B101A812F044F988B1667B82
S214018C10271D16F0020F05D00822384601A903F0D9
S214018C2011F8D0B901AB46F0020603CB606079605B
S214018C3066731A230A4A03A901200AF063FF29462C
S214018C400DF116030DF1260253F8040B934241F879
S214018C50040BF9D100200BB0F0BD2D20FBE700BFBF
S214018C6024E10100F0B50546071D00220C463846F2
S214018C70082193B01DF0CAFD6A7B0646D0070BD5C6
S214018C80687808A91CF077FADDF83D306B60DDF8EE
S214018C9041307B6080B10BE0910709D5D2000121FC
S214018CA0384602F080021CF071FAFF28687002D183
S214018CB02D2013B0F0BDD6B1687801A91CF0F8F9E3
S214018CC09DF81C305B0604D54FF4C6710A4821F0A6
S214018CD0EAFC234603AD07AC2A4603CAA242186043
S214018CE05960154603F10803F6D10020E1E708A90B
S214018CF01CF041FACEE700BFF50704002DE9F0416C
S214018D0006468AB01F480F4615460024FFF736FD73
S214018D10002C01A914BF4FF05C0C4FF0360C102349
S214018D208846184A12F8010B013B8CEA000013F042
S214018D30FF0301F8010BF5D105A81EF0A2FB424680
S214018D40102105A81EF0A1FBC4B93946324605A874
S214018D501EF003FC2A460DF1140C0DF1240E634699
S214018D6003CB7345106051609C4602F10802F6D1B0
S214018D7014B10AB0BDE8F0810124C9E72A461021E2
S214018D80E5E700BFF36000202DE9F04791460D4668
S214018D90C0B09DF82041DDF828811E46DFF87CA092
S214018DA09DF8243107462246494640468AF8003057
S214018DB002F08CFD9DB12346324641463846FFF708
S214018DC021FEB44207D9A11B3B46012289B208EB1A
S214018DD00600FFF7CFFD002040B0BDE8F087A11BDD
S214018DE03B46012289B208EB0600FFF7C3FD224687
S214018DF04146684602F06AFD3246694638462346D1
S214018E00FFF700FE9AF800200DEB040109EB0400C1
S214018E1002F018FF0028DED02C20DDE7A66A00202D
S214018E2038B50346104601F1100451F8045BA1421F
S214018E3042F8045BF9D104491BB1FFF7D9FC0020C5
S214018E4038BDFFF709FDFAE7F360002030B50546A7
S214018E5089B069461BF0B0FF6B8804ACABB1224603
S214018E60294668461BF048FF0E4A08AD234603CB49
S214018E70AB42106051601C4602F10802F6D1094867
S214018E80FFF770FC002009B030BD6B46054D1A4651
S214018E9003CAA24228606960134605F10805F6D1A7
S214018EA0EDE700BFF360002050B10B4B0B4A03F116
S214018EB0100153F8040B8B4242F8040BF9D17047AA
S214018EC0064B054A03F1100153F8040B8B4242F896
S214018ED0040BF9D1704700BFF3600020D360002077
S214018EE008B51022024802F0B3FB002008BD00BFFF
S214018EF0E360002008B508461022024902F0A8FBEC
S214018F00002008BDE360002010B5044686B001A924
S214018F10114A112301200AF0F5FD9DF8143001A82D
S214018F20E3701EF075FE80F001000C4A01A9607026
S214018F30112301200AF0E6FD9DF8143001A8A37064
S214018F401EF066FE80F00100207010F03DFB6060B0
S214018F50002006B010BD00BF75E4010079EB0100EA
S214018F6010B5044686B01123134A012001A90AF060
S214018F70C9FDA3789DF814209A4207D08DF81430C5
S214018F80002011230C4A01A90AF0BCFD11230B4A4B
S214018F90012001A90AF0B6FDE3789DF814209A4253
S214018FA007D08DF8143000201123044A01A90AF0D5
S214018FB0A9FD06B010BD00BF79EB010075E4010004
S214018FC02DE9F04186B0064603A80C4612F000FFD4
S214018FD0054600284AD1BDF80C30980646D5102221
S214018FE02946204602F0E2FA01A811F053FFC0B16B
S214018FF0777B06F1040817F0020F06D008224046D8
S21401900001A902F01FFE00282ED101AB47F002078E
S21401901003CB7060C8F804107773238843F0080305
S2140190202380238843F00203238011F00DFB606048
S2140190301DF05EFC30B10E4B1B68A360238843F025
S214019040040323800B4B1A68D1035EBF238843F0C9
S21401905010032380130203D5238843F4006323807F
S214019060284606B0BDE8F0812D25F9E72425F7E767
S214019070A4460020A846002010B5D0E9023253F8D5
S214019080223090B01C684022694620461CF0E6F863
S214019090034630B1224600200549FDF7EFFE10B029
S2140190A010BD012269460820FDF792FEF7E700BFD2
S2140190B08B08040070B500F0B1F800280CBF6E22D2
S2140190C0792200201349FDF7D9FE00F0A7F8F0B188
S2140190D01CF0D8F800280CBF6E22792200200E4919
S2140190E0FDF7CCFE082200200C49FDF7C7FE00253F
S2140190F00B4C0C4E234654F8042C31460020033505
S214019100FDF7BCFE182D04F10C04F3D170BD3F220F
S214019110E4E700BFC3080400DA080400EA08040014
S214019120CC4700200909040070B51CF090F80446ED
S21401913021490020FDF7A2FE2CB92046BDE870406B
S2140191401E49FDF79BBE00F0BBF805461C4B626945
S2140191500020002A08BF1A461A492668FDF78EFE27
S214019160A28800201849FDF789FE1849E2880020E8
S214019170FDF784FEA388228913F010001ABF002091
S21401918013491449FDF77AFEE26800201249FDF7FB
S21401919075FE226900201149FDF770FE104A114B39
S2140191A00020B6F5817F38BF13460F492A46BDE831
S2140191B07040FDF763BE00BF3E0904004B09040082
S2140191C001D903006C0904008A090400AB090400F4
S2140191D0C8090400E5090400030A0400210A040082
S2140191E0360904002C0904003F0A040038B501467C
S2140191F000230C25084A05FB03F4A0181459013472
S21401920004D10C2202F024FA002038BD0133082BC9
S214019210F1D10120F9E700BFC8470020034B1878B9
S214019220012894BF00200120704700BF056100207F
S21401923038B50446044D2878A04203D021461BF0D9
S214019240E6FF2C7038BD00BF0561002000B58FB069
S2140192503422002101A802F0A9F901A8EEF710FBBB
S2140192600598D0B182680E4BB2F5803F34BF92B2FA
S214019270C2F38F2241881A81028828BF41F010016B
S2140192801A6042689980DA80C268DA6002691A61F7
S21401929042695A61027E18461A760FB05DF804FBE1
S2140192A04C470020054B1B7820B1012B04D8022027
S2140192B0FFF7BEBF012BFBD8704700BF056100203A
S2140192C010B5084C237853B91BF0C1FF0123237056
S2140192D028B10368B3F5817F24BF037E237020780D
S2140192E010BD00BF0461002070B5184B1B78012B20
S2140192F02BD81BF08FFF164D024616490020FDF7AE
S214019300BDFD0120FFF7CEFF2E78FF2E1DD1FFF702
S2140193109DFFC8B1848860223146C4F340040E48DC
S2140193202C7002F043F9602231460C4802F03EF9F7
S2140193305CB1FFF7C5FF042807D9BDE8704040F2CD
S2140193402B11074821F0AFB9287070BD05610020C8
S214019350A76A0020620A0400C84700206847002068
S214019360740A04002DE9F04FDFF884928DB003AB48
S21401937007468846144699E8070083E80700FFF782
S214019380B3FFFFF79DFF944B06461D784B46012D14
S21401939040F07081012840F27281B7FBF0F200FBC9
S2140193A01272002A00F06B818C4900228B46D1F89C
S2140193B000C0BCF1FF3F04D0087A6044874200F049
S2140193C019810132082A01F10C01F0D193E8070056
S2140193D006AE0DF1240A86E807008AE80700FFF7C3
S2140193E06FFFB7FBF0FB00FB1B7BA0EB0B094A46AC
S2140193F0414606460AA809978DF82C9002F066FAAF
S21401940000224FF00C0E764902E00132082A0ED0F7
S2140194100EFB02F000EB010C08580130F5D19AE87A
S21401942007008CE807006F490A7801320A70A145E7
S21401943004DD4FF4E2716C4821F035F9A41B5C445D
S2140194404F44A1B217FA84F4B4FBF6F206FB1242BB
S214019450C8448E1A91B1A41A08EB060107A88DF824
S2140194602020069402F032FA06A8FFF7BFFEFF2876
S21401947004D140F2D9115C4821F015F9B6B2B6B163
S2140194800320FFF7D5FE802E0AD8324641465748BC
S21401949002F01CFA3246384654491BF0C3FE054614
S2140194A00220FFF7C5FE28460DB0BDE8F08F002567
S2140194B0F9E74FF40E714C4821F0F5F8464B1B784E
S2140194C0012B00F0E380002C36D00320FFF7B0FE1E
S2140194D0802C2FD822464146444802F0F7F922460E
S2140194E0384642491BF09EFE05460220FFF7A0FEC5
S2140194F0DFF8F09099F8003093B1039CFFF7E0FE97
S214019500374B002798461A68511C04D0197A411A1D
S214019510521A944224D00137082F03F10C03F2D1DA
S214019520002DC0D1039B0133C1D003A8FFF75EFE17
S2140195300546B8E70125D8E72546D9E740F26D216B
S214019540294821F0B0F8012524E0012D30D0802EE5
S2140195502FD83246254903981BF064FE054628E0BD
S214019560002DA0D10C247C4308EB04039DF814A025
S21401957093F808B00AEB0B03802BDFDC1B4B52463B
S21401958004A9184602F0A2F9211D5A464144504446
S21401959002F09CF90C2303FB07839DF814201B7A29
S2140195A013449E42D1D040F273210F4821F07BF83C
S2140195B001250220FFF73CFE99F8003013B1013B6C
S2140195C089F800304FF0FF3308EB040248F8043006
S2140195D0C2E9013367E700BFA76A0020C847002039
S2140195E06847002003610020740A0400CC4600206E
S2140195F02C5904004FF00C0A0AFB02B3187AA6EBAA
S21401960000095FFA89F9A14501D35FFA84F90AFBDB
S21401961002FA0AF1040528444A464146584402F033
S21401962055F90BEB0A031A7AA4EB09044A44D2B2A1
S214019630B242A4B21A7219D103200193FFF7F8FDC2
S21401964032460BEB05015BF80A001BF0EBFD054605
S2140196500220FFF7EDFD4FF0FF32019B4BF80A2089
S214019660C3E90122002D7FF41EAFC844002C3FF44D
S2140196701EAF4F44104B1B78012B7FF424AFB7FB72
S214019680F6F306FB1373002B7FF413AFE319B3FB5A
S214019690F6F506FB1535002D3FF415AF641B5B1B75
S2140196A008EB04012A4604A80393A4B202F00EF9BB
S2140196B08DF8145007E700BFA76A002070B5134B5A
S2140196C01B78012B0CD1FFF70FFE0026104D55F825
S2140196D0043C013306D10336182E05F10C05F6D1EC
S2140196E0002411E00320FFF7A3FD55F8044CFFF713
S2140196F0E7FD2946024620461BF094FD044602205B
S214019700FFF796FD002CE6D0204670BDA76A002024
S214019710CC47002070B505460C46FFF7E5FD052051
S214019720FFF786FD214628461BF08AFD06460220E5
S214019730FFF77EFD00220A4B2C441968481C08D00E
S214019740A94206D3A1423EBF4FF0FF31C3E9001143
S21401975099600332182A03F10C03EED1304670BD2E
S214019760C8470020D0E9023253F8223010B51C68F1
S214019770204600F095FA28B12146BDE8104002487F
S21401978000F002BE10BD00BFF20A040008B5D0E921
S214019790023253F82230186800F06CF920B1BDE8A7
S2140197A00840024800F0F0BD08BD00BF140B0400DD
S2140197B02DE9F041D0E9023253F8221003EB82037F
S2140197C05B680F681D789AB0642D04D9642111482E
S2140197D000F0DAFD64252A46384601A900F002F9B0
S2140197E0044698B90C4800F0CFFDDFF8348001AE8E
S2140197F0013DA54202DC1AB0BDE8F08139194046A8
S21401980016F8012B00F0C0FD0134F2E7034800F022
S214019810BBFDF0E7370B0400570B0400810B040077
S2140198206E0B04002DE9F04700252D4FDFF8E08090
S214019830DFF8E0908CB0284603A900F0EFF810B1ED
S2140198400CB0BDE8F087049B2946039A009338467E
S21401985000F09AFD404600F097FD059910290CD8B6
S21401986010290CD8DFE801F00F14320B340B0B0B68
S214019870360B0B0B0B0B0B0B3A0020292CD019487F
S21401988000F082FD07E0184800F07EFD0135D2E7C2
S214019890164800F079FD0699484600F075FD0799CF
S2140198A0134800F071FD134800F06EFD1024DFF838
S2140198B068A00DF11F06504616F8011F013C00F086
S2140198C063FD14F0FF04F6D10B48DDE70B48E0E733
S2140198D00B48DEE70B48DCE70B48DAE70B48D8E72E
S2140198E09C0B0400410C0400F10B0400010C040065
S2140198F0670C04007F0C040006AE0300090C04008C
S214019900110C04001A0C0400250C04003C0C040085
S214019910E00B0400500C0400900C040010B50B4C36
S2140199208EB023785BB9EDF725FF014650B90123C8
S21401993001A82370EDF7A4FF054B049A1A6020785E
S2140199400EB010BD034800F01FFDF8E706610020C9
S2140199500C4B0020960C040000B58FB0FFF7DEFF1D
S214019960002829D001A8EDF78BFF059B144819881C
S21401997000F00AFD059B13485969134B002908BFDF
S214019980194600F001FD059B1048598800F0FCFCC3
S214019990059B0F48196900F0F7FC059B0D48D9682F
S2140199A000F0F2FC059B0C48197E00F0EDFC0B4B19
S2140199B00B48196800F0E8FC0FB05DF804FB00BF27
S2140199C0D30C0400E50C040001D90300F70C0400D5
S2140199D00B0D04001F0D0400330D04000C4B00207A
S2140199E0470D040070B5064615460C4679B172B1AE
S2140199F0FFF794FF68B121462A463046EEF74AF84B
S214019A00014618B1044800F0BFFC012070BD2120BA
S214019A10FCE71120FAE700BF590D040037B50546EB
S214019A200C46FFF77BFFE0B1114B1B68AB421AD91E
S214019A30CCB100212422204601F0B8FD214628465B
S214019A4016F0BBFD88B9284601AA04F10801EDF716
S214019A50D3FF20B140F20643C01A18BF012003B05D
S214019A6030BD1120FBE72120F9E70120F7E700BF11
S214019A700C4B0020F0B593B00546FFF74FFF0028CA
S214019A8045D0254B1A68AA4207D829462348013AE9
S214019A9000F07AFC212013B0F0BD05A8EDF7F0FE2A
S214019AA0284603A916F089FD98BB049A22F4FF57AD
S214019AB0C2F30C0327F01F072BB14FF400532946BE
S214019AC0174800F061FC039E7FB120F0F9FD304697
S214019AD04FF40051EEF76AF83346044606F5005691
S214019AE050B9039BF31ABB42EFD32A4639460D48B9
S214019AF000F04AFC002406E000902A464FF400518C
S214019B00094800F041FC201E18BF0120C3E71120C0
S214019B10C1E70120BFE700BF0C4B0020870D040002
S214019B20350E0400F40E0400A30E040010B504461E
S214019B3038B1FFF7F3FE30B10020044B1B682360F9
S214019B4010BD2120FCE71120FAE700BF0C4B0020D6
S214019B5010B50446FFF7E2FEB0B10C4B1A68A242FC
S214019B6006D821460A48013A00F00EFC212010BD15
S214019B7020F0A6FD40F2C12220460649EDF7FCFE84
S214019B80003818BF0120F2E71120F0E70C4B002047
S214019B90870D04004848002010B50446FFF7BEFEB6
S214019BA070B121460848EDF707FF40F203239842BB
S214019BB008D040F2012398420CBF0520012010BDB9
S214019BC01120FCE70020FAE7484800202DE9F04183
S214019BD02D4D04462F68FFF7A1FE002851D02968B5
S214019BE0A14207D84A1E2948214600F0CDFB212074
S214019BF0BDE8F0812648EDF79FFEDFF89480024627
S214019C00B0B943462E68964222D1BE4214BF3A46A8
S214019C1006F1FF3212BB31461D48C8F80040EDF789
S214019C206BFE014600B31B4800F0AEFB0120DFE7E8
S214019C302046EDF741FE044638B10146164800F0CD
S214019C40A3FB201E18BF0120D2E7EDF791FCF8E731
S214019C5053F8041B8C42DDD00132D4E70C49920044
S214019C60081D01F0F5FCD6E729680948EDF764FE02
S214019C70044610B101460948D6E7EDF779FC2046BF
S214019C80B6E71120B4E700BF0C4B0020870D040097
S214019C90284800203A0F0400100F04006D0F04003E
S214019CA0F8B50446FFF73AFE002845D0234B1A685C
S214019CB0A24207D821462248013A00F065FB21243A
S214019CC02046F8BD1F4800F05FFB20F0F9FC40F28B
S214019CD0C1221D492046EDF74FFE40F203270546F7
S214019CE020F0EEFC184E65B140F203239D421AD0D7
S214019CF02946164800F048FB0124154800F044FBAD
S214019D00DEE720F0DDFC29463046EDF755FEB84289
S214019D1009D040F20123984203D10E4800F034FBEB
S214019D20E1E70546DFE721460B4800F02DFB20461C
S214019D30FFF74CFF0446E0E71124C1E70C4B002077
S214019D40870D0400A40F040048480020C40F040037
S214019D5006AE03000DE50300DC0F040010B50A464D
S214019D60044619B1024B00211B68984710BD00BF7D
S214019D703859040010B5114C2378580744BF23F016
S214019D80040323702378990705D500F05DF823783E
S214019D9023F00203237063781BB10023084A636033
S214019DA053600023082106486370FFF7D7FF237826
S214019DB0DA0744BF23F00103237010BD104B0020C7
S214019DC0144B002038B51A4C62782378022A01D148
S214019DD0072B11D0DD0712D52378980707D400F09A
S214019DE02BF82378054643F00203237080B9627886
S214019DF0237882B15A0716D50025284638BD17F0B4
S214019E009EFB2378054643F0010323700028E3D028
S214019E10FFF7B0FFF1E7D907ECD5064962604A6063
S214019E2002226270E6E743F004032370E4E700BF12
S214019E30104B0020144B00200122024B002083F817
S214019E40F02070471C4B00202DE9F0410A4C0025FC
S214019E5026464FF0010803272046C4F81C802776C3
S214019E6001351BF03AFA062D04F12804F4D100233B
S214019E7086F8F030BDE8F0811C4B00202DE9F04F4C
S214019E80984691B00B1E0A93B44B914614BF834675
S214019E909B4600251A9E98F8000070B94D4538BFBC
S214019EA02A464B464FF000000A9928BF09F1FF32B7
S214019EB0D847284611B0BDE8F08F252808F10108DB
S214019EC006D02A464B460A996C1CD8472546E2E737
S214019ED00023414611F8012B2B2A16D00AD8202A36
S214019EE016D0232A17D0A2F13000092834D800272B
S214019EF00A2418E02D2A05D0302AF4D143F00103B4
S214019F008846E6E743F00203FAE743F00403F7E77F
S214019F1043F00803F4E743F01003F1E7884604FB37
S214019F200722A2F13007414611F8012BA2F13000B9
S214019F300928F3D998F800202E2A52D198F8011052
S214019F4008F10102A1F13000092843F480633ED8EC
S214019F5000244FF00A0E11E02A2A08D156F8047B95
S214019F608846002FBCBF43F002037F42E2E700278A
S214019F70E0E702460EFB0411A1F13004104610F88A
S214019F80011BA1F1300CBCF1090FF2D990464246F3
S214019F9012F8011B6C292DD025D8682933D06A29DF
S214019FA03BD04246904618F8010B672860D85728E0
S214019FB036D8452808D084D9462800F01881472885
S214019FC07FF47FAF43F4006343F0200327E12A299F
S214019FD006D156F8044B08F1020824EAE474D6E7E1
S214019FE090460024D3E7742901D07A29D9D143F4C5
S214019FF08073D7E798F801106C29F8D143F44073C1
S21401A00008F10202CEE798F80110682902D043F061
S21401A0108003C7E743F0C003F2E743F40073C1E7E8
S21401A020A0F158020F2A3FF64CAF01A151F822F0D9
S21401A030D1A00100C39E0100C39E0100C39E010082
S21401A040C39E0100C39E0100C39E0100C39E010082
S21401A050C39E0100C39E0100D1A001003DA20100E4
S21401A060D1A0010013A20100F3A1010013A2010077
S21401A070A0F16901C9B20F293FF623AF012249F2C7
S21401A080410C8A4012EA0C0218D10A2900F0158107
S21401A09007297FF416AF43F0210305930823CDE982
S21401A0A003431023CDE9012356F8043B2A460093C7
S21401A0B058464B460A991BF000FAA8E06F2800F0B4
S21401A0C05E8110D9782808D1102223F00C0310E005
S21401A0D0582839D0622800F054810A2223F0100350
S21401A0E0642806D0F1E769284FF00A0223F010032E
S21401A0F0F6D1590548BF23F00103692803F400711E
S21401A10001D0642840D111B3073626F00706B246BF
S21401A11070685AF8081BCDE9077300230593C30F2F
S21401A1200028029306940B46049202DA4B4260EB37
S21401A1304000CDE900304B462A4658460A991BF0A6
S21401A140FEF905465646A6E643F02003BCE7D905C8
S21401A15006F1040A04D5316805E000BF1D5303006B
S21401A16058060CD53178CDE90224CDE904730029CF
S21401A1704FEAD1730193B8BF4942009120E0190616
S21401A180E9D5B6F90010EEE779B1CDE907730023FA
S21401A190CDE9042306F1070A2AF0070A069402937A
S21401A1A0FAE80223CDE90023C5E7D80506F1040A3B
S21401A1B00DD5CDE90473CDE90224019133680093EE
S21401A1C04B462A4658460A991BF077F9B9E75906CD
S21401A1D007D53178CDE904730023CDE90224019334
S21401A1E0CBE7316813F0800F18BF89B2F2E743F06E
S21401A1F02003CDE90173073626F007060094B6EC76
S21401A200020B4B462A4658460A99EAF7C1FA054612
S21401A21041E600F0DF00472801D143F40063CDE9B1
S21401A2200173073626F007060094B6EC020B4B4680
S21401A2302A4658460A99EAF7EFF8E8E713F00204C7
S21401A24026D04FF0010A6B1C0B932A464B460A99FF
S21401A25016F8040BD84774B354460B9A21E04B46C4
S21401A26020200A99D8470AEB05020AF1010A574548
S21401A270F5D83A1E18BF0122002A07F1FF3308BF9E
S21401A280002307F1010A1D4408BF4FF0020ADAE76E
S21401A290A246E8E7551C4B4620200A99D8472A468D
S21401A2A00134BC42F6D3A7EB0A03574538BF002357
S21401A2B00B9A1A440B920B9DEDE53246002C52F890
S21401A2C0046B14BF21464FF0FF310B9232463144E6
S21401A2D0107808B1914211D1A2EB060A13F48062FC
S21401A2E00C9202D0A24528BFA24613F002030D939A
S21401A2F01BD1AAEB05032A460F9308E00132E7E7D4
S21401A300531C0E9320204B460A99D8470E9A0F9B52
S21401A310D318BB42F4D3A7EB0A03574538BF002333
S21401A3200AF101021D4403EB020AAB1B0E9304E083
S21401A3301C464B462A460A99D8470E9BF51816F82E
S21401A340010B28B10C9B002BF3D0631E002CEFD120
S21401A3500D9B93B12A46AAEB050405E0561C4B4615
S21401A36020200A99D84732461319BB42F6D3A7EBE9
S21401A3700A03574538BF00231D440B9E8BE5082270
S21401A380A3E60222A1E600BF0FB41FB506AA52F843
S21401A390043B02A90392009204484FF0FF32FFF7F4
S21401A3A06DFD05B05DF804EB04B07047DF550300A2
S21401A3B01FB5034600914FF0FF3203A90248FFF78D
S21401A3C05DFD05B05DF804FBDF5503001FB5CDE963
S21401A3D00201009302A9134603484FF0FF32FFF72C
S21401A3E04DFD05B05DF804FBE75503001FB5094BAD
S21401A3F0094A1868094B01A91860094B1360094AF4
S21401A4000192094A1268CDE9022317F03FF905B017
S21401A4105DF804FB10670020143C0020183C002067
S21401A42004670020DF470400CC4E0020014B18686B
S21401A43017F040B91067002038B5F1F71BFE044647
S21401A440064D2B68D3F8B002F1F708FE286817F01E
S21401A45044F92046BDE83840F1F700BE10670020F9
S21401A46010B51F4CEFF7DCFE236F012023F0070326
S21401A47043F002032367EFF7E1FED4F82031002012
S21401A48023F0070343F00103C4F82031D4F8403128
S21401A49023F0030343F00103C4F84031D4F86031DC
S21401A4A023F0030343F00103C4F86031D4F84032CB
S21401A4B023F0030343F00103C4F84032D4F800321A
S21401A4C023F0070343F00103C4F80032D4F808323E
S21401A4D023F0070343F00103C4F8083210BD00BFA0
S21401A4E000800050064B1B681A7A022A01D81AB956
S21401A4F07047032A00D070471B68024A13607047F2
S21401A50014670020CC4E00200022024B5A60DA600D
S21401A5101A607047D04E002008B501F037FF0022C0
S21401A520014B1A7008BD00BF076100200A460149A9
S21401A5301BF0C3B8D57104000A4601491BF0BDB82B
S21401A540D07104000A4601491BF0B7B8C97104006E
S21401A5500A4601491BF0B1B8C67104000A46014912
S21401A5601BF0ABB8C37104000A4601491BF0A5B83D
S21401A570BE7104000A4601491BF09FB8B971040078
S21401A5800A4601491BF099B8B47104000A4601490C
S21401A5901BF093B8AD71040081F0004102E000BFEA
S21401A5A083F0004330B54FEA41044FEA430594EA8D
S21401A5B0050F08BF90EA020F1FBF54EA000C55EAC8
S21401A5C0020C7FEA645C7FEA655C00F0E2804FEA99
S21401A5D05454D4EB5555B8BF6D420CDD2C4480EA7B
S21401A5E0020281EA030382EA000083EA010180EAAB
S21401A5F0020281EA0303362D88BF30BD11F0004FF9
S21401A6004FEA01314FF4801C4CEA113102D040422E
S21401A61061EB410113F0004F4FEA03334CEA133369
S21401A62002D0524263EB430394EA050F00F0A78081
S21401A630A4F10104D5F1200E0DDB02FA0EFC22FA7C
S21401A64005F2801841F1000103FA0EF2801843FA70
S21401A65005F359410EE0A5F120050EF1200E012A61
S21401A66003FA0EFC28BF4CF0020C43FA05F3C0189F
S21401A67051EBE37101F0004507D54FF0000EDCF118
S21401A680000C7EEB00006EEB0101B1F5801F1BD3C1
S21401A690B1F5001F0CD349085FEA30004FEA3C0CC5
S21401A6A004F101044FEA445212F5800F80F09A80BB
S21401A6B0BCF1004F08BF5FEA500C50F1000041EBBF
S21401A6C0045141EA050130BD5FEA4C0C404141EBC3
S21401A6D00101013C28BFB1F5801FE9D291F0000FBE
S21401A6E004BF01460020B1FA81F308BF2033A3F16D
S21401A6F00B03B3F120020CDA0C3208DD02F1140C64
S21401A700C2F10C0201FA0CF021FA02F10CE002F19E
S21401A7101402D8BFC2F1200C01FA02F120FA0CFC97
S21401A720DCBF41EA0C019040E41AA2BF01EB0451E0
S21401A730294330BD6FEA04041F3C1CDA0C340EDCDE
S21401A74004F11404C4F1200220FA04F001FA02F321
S21401A75040EA030021FA04F345EA030130BDC4F1DF
S21401A7600C04C4F1200220FA02F001FA04F340EAD4
S21401A7700300294630BD21FA04F0294630BD94F085
S21401A780000F83F4801306BF81F480110134013D6C
S21401A7904EE77FEA645C18BF7FEA655C29D094EADD
S21401A7A0050F08BF90EA020F05D054EA000C04BF5B
S21401A7B01946104630BD91EA030F1EBF0021002046
S21401A7C030BD5FEA545C05D14000494128BF41F0E5
S21401A7D0004130BD14F580043CBF01F5801130BD49
S21401A7E001F0004545F0FE4141F470014FF00000D4
S21401A7F030BD7FEA645C1ABF194610467FEA655C85
S21401A8001CBF0B46024650EA013406BF52EA033526
S21401A81091EA030F41F4002130BD00BF90F0000F14
S21401A82004BF0021704730B54FF4806404F1320450
S21401A8304FF000054FF0000150E700BF90F0000F09
S21401A84004BF0021704730B54FF4806404F1320430
S21401A85010F0004548BF40424FF000013EE700BF00
S21401A86042004FEAE2014FEA31014FEA02701FBF90
S21401A87012F07F4393F07F4F81F06051704732F0C2
S21401A8807F4208BF704793F07F4F04BF41F4002119
S21401A890704730B54FF4607401F0004521F0004177
S21401A8A01CE700BF50EA010208BF704730B54FF001
S21401A8B000050AE050EA010208BF704730B511F002
S21401A8C0004502D5404261EB41014FF4806404F13A
S21401A8D032045FEA915C3FF4D8AE4FF003025FEAC0
S21401A8E0DC0C18BF03325FEADC0C18BF033202EB44
S21401A8F0DC02C2F1200300FA03FC20FA02F001FA9E
S21401A90003FE40EA0E0021FA02F11444BDE600BF40
S21401A91070B54FF0FF0C4CF4E06C1CEA11541DBFEF
S21401A9201CEA135594EA0C0F95EA0C0F00F0DEF8BA
S21401A9302C4481EA030621EA4C5123EA4C5350EA9F
S21401A940013518BF52EA033541F4801143F48013F0
S21401A95038D0A0FB02CE4FF00005E1FB02E506F081
S21401A9600042E0FB03E54FF00006E1FB03569CF0D6
S21401A970000F18BF4EF0010EA4F1FF04B6F5007FDC
S21401A98064F5407404D25FEA4E0E6D4146EB06064E
S21401A99042EAC62141EA55514FEAC52040EA5E50D7
S21401A9A04FEACE2EB4F1FD0C88BFBCF5E06F1ED881
S21401A9B0BEF1004F08BF5FEA500E50F1000041EBB8
S21401A9C0045170BD06F0004646EA010140EA020065
S21401A9D081EA0301B4EB5C04C2BFD4EB0C0541EA87
S21401A9E0045170BD41F480114FF0000E013C00F39C
S21401A9F0AB8014F1360FDEBF002001F0004170BDC0
S21401AA00C4F10004203C35DA0C341BDC04F11404D8
S21401AA10C4F1200500FA05F320FA04F001FA05F264
S21401AA2040EA020001F0004221F0004110EBD37031
S21401AA3021FA04F642EB06015EEA430E08BF20EA5D
S21401AA40D37070BDC4F10C04C4F1200500FA04F300
S21401AA5020FA05F001FA04F240EA020001F0004192
S21401AA6010EBD37041F100015EEA430E08BF20EA05
S21401AA70D37070BDC4F1200500FA05F24EEA020E4D
S21401AA8020FA04F301FA05F243EA020321FA04F07C
S21401AA9001F0004121FA04F220EA020000EBD37033
S21401AAA05EEA430E08BF20EAD37070BD94F0000F33
S21401AAB00FD101F00046400041EB010111F4801F67
S21401AAC008BF013CF7D041EA060195F0000F18BF18
S21401AAD0704703F00046520043EB030313F4801F54
S21401AAE008BF013DF7D043EA0603704794EA0C0F0E
S21401AAF00CEA135518BF95EA0C0F0CD050EA410624
S21401AB0018BF52EA4306D1D181EA030101F00041A0
S21401AB104FF0000070BD50EA410606BF10461946C8
S21401AB2052EA430619D094EA0C0F02D150EA0136D4
S21401AB3013D195EA0C0F05D152EA03361CBF104615
S21401AB4019460AD181EA030101F0004141F0FE41B4
S21401AB5041F470014FF0000070BD41F0FE4141F438
S21401AB60780170BD70B54FF0FF0C4CF4E06C1CEA38
S21401AB7011541DBF1CEA135594EA0C0F95EA0C0FED
S21401AB8000F0A7F8A4EB050481EA030E52EA0335A8
S21401AB904FEA013100F088804FEA03334FF08055C9
S21401ABA045EA131343EA12634FEA022245EA1115F6
S21401ABB045EA10654FEA00260EF000419D4208BFA7
S21401ABC0964244F1FD0404F5407402D25B084FEA54
S21401ABD03202B61A65EB03055B084FEA32024FF400
S21401ABE080104FF4002CB6EB020E75EB030E22BF5D
S21401ABF0B61A754640EA0C005B084FEA3202B6EB1D
S21401AC00020E75EB030E22BFB61A754640EA5C00CB
S21401AC105B084FEA3202B6EB020E75EB030E22BF5B
S21401AC20B61A754640EA9C005B084FEA3202B6EB5C
S21401AC30020E75EB030E22BFB61A754640EADC001B
S21401AC4055EA060E18D04FEA051545EA16754FEA7D
S21401AC5006164FEAC30343EA52734FEAC2025FEA9B
S21401AC601C1CC0D111F4801F0BD141EA00014FF02A
S21401AC7000004FF0004CB6E711F4801F04BF0143FB
S21401AC800020B4F1FD0C88BFBCF5E06F3FF6AFAE17
S21401AC90B5EB030C04BFB6EB020C5FEA500C50F1A7
S21401ACA0000041EB045170BD0EF0004E4EEA11312A
S21401ACB014EB5C04C2BFD4EB0C0541EA045170BD31
S21401ACC041F480114FF0000E013C90E645EA060E75
S21401ACD08DE60CEA135594EA0C0F08BF95EA0C0FA3
S21401ACE03FF43BAF94EA0C0F0AD150EA01347FF4EB
S21401ACF034AF95EA0C0F7FF425AF104619462CE7C2
S21401AD0095EA0C0F06D152EA03353FF4FDAE104624
S21401AD10194622E750EA410618BF52EA43067FF475
S21401AD20C5AE50EA41047FF40DAF52EA43057FF405
S21401AD30EBAE12E74FF0FF3C06E000BF4FF0010C10
S21401AD4002E000BF4FF0010C4DF804CD4FEA410C74
S21401AD507FEA6C5C4FEA430C18BF7FEA6C5C1BD041
S21401AD6001B050EA410C0CBF52EA430C91EA030FC2
S21401AD7002BF90EA020F0020704710F1000F91EA1F
S21401AD80030F58BF994208BF90422CBFD8176FEAED
S21401AD90E37040F0010070474FEA410C7FEA6C5CBB
S21401ADA002D150EA013C07D14FEA430C7FEA6C5CC2
S21401ADB0D6D152EA033CD3D05DF8040B704700BFEE
S21401ADC08446104662468C461946634600E000BF3C
S21401ADD001B5FFF7B7FF002848BF10F1000F01BD0E
S21401ADE04DF808EDFFF7F4FF0CBF012000205DF8D9
S21401ADF008FB00BF4DF808EDFFF7EAFF34BF01205E
S21401AE0000205DF808FB00BF4DF808EDFFF7E0FFF6
S21401AE1094BF012000205DF808FB00BF4DF808ED47
S21401AE20FFF7CEFF94BF012000205DF808FB00BFAE
S21401AE304DF808EDFFF7C4FF34BF012000205DF890
S21401AE4008FB00BF4FEA410212F5001215D211D5D8
S21401AE506FF47873B3EB625212D94FEAC12343F011
S21401AE60004343EA505311F0004F23FA02F018BF93
S21401AE70404270474FF00000704750EA013005D15C
S21401AE8011F0004008BF6FF0004070474FF000001F
S21401AE90704700BF4A0011D212F5001211D20DD52B
S21401AEA06FF47873B3EB62520ED44FEAC12343F0CA
S21401AEB0004343EA505323FA02F070474FF0000074
S21401AEC0704750EA013002D14FF0FF3070474FF023
S21401AED00000704753B94AB9002908BF00281CBFB3
S21401AEE04FF0FF314FF0FF3000F08CB9ADF1080C98
S21401AEF06DE904CE00F006F8DDF804E0DDE9022392
S21401AF0004B070472DE9F04F099D0E4604460F46E2
S21401AF10002B47D18A429446B2FA82F35AD943B1FA
S21401AF2002FA03FCC3F120029F409C4020FA02F281
S21401AF3017434FEA1C461FFA8CFE220CB7FBF6F1AC
S21401AF4006FB117701FB0EF042EA0742904208D950
S21401AF501CEB020201F1FF3702D2904200F23C8163
S21401AF603946121AA4B2B2FBF6F006FB102200FB19
S21401AF700EFE44EA0244A64508D91CEB040400F17F
S21401AF80FF3202D2A64500F22A81104640EA01406D
S21401AF90A4EB0E0400211DB1DC400023C5E90043EB
S21401AFA0BDE8F08F8B4205D90DB1C5E9000100213E
S21401AFB00846F5E7B3FA83F100294FD1B342C0F052
S21401AFC00281824240F2FF800846002DE8D0C5E9A2
S21401AFD00047E5E7002B40F0AF808A1A4FEA1C4E87
S21401AFE01FFA8CF70121B2FBFEF60EFB1620220C8F
S21401AFF042EA004207FB06F090420FD91CEB020220
S21401B00006F1FF382CBF4FF001094FF000099042BE
S21401B01003D9B9F1000F00F0DC804646121AA4B23B
S21401B020B2FBFEF00EFB102200FB07F744EA0244D7
S21401B030A7420FD91CEB040400F1FF322CBF4FF0DE
S21401B040010E4FF0000EA74203D9BEF1000F00F02B
S21401B050C9801046E41B40EA06409CE7C1F1200483
S21401B0608B4006FA01FC00FA01FE22FA04F7E640DC
S21401B0708A401F4320FA04F34FEA174843EA0C03B9
S21401B0801FFA87FC4FEA1349B6FBF8F008FB106677
S21401B09049EA064600FB0CF9B1450ED9BE1900F186
S21401B0A0FF3A2CBF4FF0010B4FF0000BB14503D90F
S21401B0B0BBF1000F00F0A2805046A6EB09061FFA6E
S21401B0C083F9B6FBF8F308FB136603FB0CFC49EAAD
S21401B0D00646B4450ED9BE1903F1FF382CBF4FF012
S21401B0E001094FF00009B44503D9B9F1000F00F08A
S21401B0F08280434643EA0040A6EB0C06A0FB028C86
S21401B10066454346E14602D307D1C64505D2B8EBAC
S21401B11002036CEB070C0138E1465DB1BEEB03029E
S21401B12066EB090606FA04F422FA01F3CE401C4344
S21401B130C5E90046002133E702FA03FCC3F1200209
S21401B14099409C40D6404FEA1C4E20FA02F21FFA64
S21401B1508CF7B6FBFEF00A430EFB1066110C41EAB3
S21401B160064100FB07F68E420ED91CEB010100F1E9
S21401B170FF382CBF4FF001094FF000098E4202D96B
S21401B180B9F1000F34D04046891B92B2B1FBFEF6EE
S21401B1900EFB161142EA014206FB07F191420ED957
S21401B1A01CEB020206F1FF382CBF4FF001094FF0ED
S21401B1B00009914202D9B9F1000F16D04646521A3B
S21401B1C046EA00410FE7841A66EB030201201746A0
S21401B1D0FBE6023E624421E702396244C1E664446A
S21401B1E00238D3E66444023834E7023E6244E6E7B6
S21401B1F002386144C8E7023B3E447BE702383E44DE
S21401B2005BE700BF704700BF2DE9F04F924685B05F
S21401B21089461E460D46554A0390294615F8014BA8
S21401B220135D13F00803F8D12D2C7CD02B2C4ED0B7
S21401B2304FF0FF3102936FF00043CDE9001336F073
S21401B240100851D037464FEAE6783A464346DDE9DC
S21401B2500001FFF73FFE002383468E461846194637
S21401B260A44613E0ACF13704A6421FDD002B09DB30
S21401B27083457EEB010305D38E4508BF83453BD14D
S21401B280A24239DA4FF0FF3315F801CBACF13004A6
S21401B290092CE9D9ACF14104192CE3D9ACF16104CC
S21401B2A0192C03D8ACF15704A642DFDC5A1C2FD068
S21401B2B0029A12B1404261EB4101BAF1000F03D08C
S21401B2C0002B48D1CAF8009005B0BDE8F08F4FF0CA
S21401B2D0FF30029336F010086FF000432C7801F12E
S21401B2E00205CDE90003ADD1302C25D0002E3AD190
S21401B2F00A27B0463E46A8E700FB08F307FB0133E2
S21401B300A0FB07010B44201843EBE4710123BBE7C4
S21401B3102223039A1360BAF1000F17D005F1FF3903
S21401B320DDE90001CEE74FF00047009301232C78BA
S21401B3308D1CCDE9017382E72B7803F0DF03582BD0
S21401B3400CD086B90827B0463E467EE7DDE9000107
S21401B35005B0BDE8F08FCDE90001DFE710276C7876
S21401B36002353E4671E710273E466EE7DD71040062
S21401B3704AE700BF10B4044C13460A46014620684B
S21401B3805DF8044B40E700BF4467002010B4044C4E
S21401B39013460A46014620685DF8044B34E700BFB1
S21401B3A04467002020F0030110F00300C0F1000004
S21401B3B051F8043B00F1040C4FEACC0C6FF000028C
S21401B3C01CBF22FA0CF213434FF0010C4CEA0C2C72
S21401B3D04CEA0C4CA3EB0C0222EA030212EACC1252
S21401B3E004BF51F8043B0430F4D0C2F1000102EA74
S21401B3F00102B2FA82F2C2F11F0200EBD2007047DC
S21401B4002DE9F04780460C464548264614F801EBE0
S21401B41010F80EC01CF0080CF7D1BEF12D0F5BD052
S21401B420BEF12B0F3AD0654633F010003ED04FF0F8
S21401B430FF379A46B7FBF3F703FB07F96FEA0909EB
S21401B440002630460EE0AEF1370C63451DDD002EBA
S21401B45004DBB84202D833D1CC4531DD4FF0FF369C
S21401B46014F801EBAEF1300CBCF1090FEDD9AEF1D9
S21401B470410CBCF1190FE6D9AEF1610CBCF1190F04
S21401B48003D8AEF1570C6345E1DC731C1CD005B143
S21401B49040420AB1F6B91160BDE8F08733F01000FA
S21401B4A094F800E0654606F10204C0D1BEF1300F03
S21401B4B017D06BBB0A234FF005091A4F9A46BFE710
S21401B4C000FB0AC00126CBE722233046C8F800302D
S21401B4D0002AE1D0611EDEE794F800E00125B41CE5
S21401B4E0A2E7207800F0DF00582807D083B90823A8
S21401B4F04FF007096FF060479A46A1E7102394F8CA
S21401B50001E04FF00F0902346FF070479A4697E753
S21401B51010234FF00F096FF070479A4690E700BF6F
S21401B520DD710400999999196AE700BF10B4044CBB
S21401B53013460A46014620685DF8044B60E700BFE3
S21401B5404467002010B4044C13460A46014620689E
S21401B5505DF8044B54E700BF446700200F4B70B5FD
S21401B5600F4DAB42A3EB050607D0B61000240134FD
S21401B57055F8043B9847A642F9D80A4D1FF090FAB1
S21401B580094B5E1BAB424FEAA60606D000240134E7
S21401B59055F8043B9847A642F9D870BDD86A0020F2
S21401B5A0D86A0020D86A0020DC6A002070B58607B9
S21401B5B047D0541E002A3ED0CAB2034601E0013CE1
S21401B5C039D303F8012B9D07F9D1032C2CD9CDB221
S21401B5D00F2C05EB052505EB054535D9A4F1100C17
S21401B5E003F1100E1A462CF00F064FEA1C1CB64447
S21401B5F0C2E90055C2E9025510327245F8D10CF184
S21401B600010214F00C0F04F00F0C03EB021213D01E
S21401B610ACF1040323F003030433134442F8045B40
S21401B6209342FBD10CF003042CB1C9B21C4403F8BD
S21401B630011BA342FBD170BD64461346002CF4D116
S21401B640F9E703461446C0E71A46A446E0E700BFFA
S21401B65088420ED98B1883420BD900EB020C002AC4
S21401B6606ED0624613F801CD994202F801CDF9D1A8
S21401B67070470F2A0FD8034602F1FF3C002A5FD01D
S21401B6800CF1010C013B8C4411F8012B614503F8C8
S21401B690012FF9D1704740EA01039B0751D1A2F16E
S21401B6A0100301F1200C70B523F00F0501F1100E07
S21401B6B000F110041B09AC445EF8105C0EF1100E8C
S21401B6C0103444F8205C5EF81C5C44F81C5C5EF8A0
S21401B6D0185C44F8185C5EF8145CE64544F8145CA3
S21401B6E0EAD1013312F00C0F02F00F0C01EB03113B
S21401B6F000EB031329D0ACF1040C1C1F8E462CF072
S21401B70003064FEA9C0C1E445EF8045B44F8045F93
S21401B710B442F9D10CF1010402F0030203EB8403F5
S21401B72001EB840102F1FF3C4AB10CF1010C013B33
S21401B7308C4411F8012B614503F8012FF9D170BD36
S21401B740704702F1FF3C03469AE76246EAE700BF0C
S21401B7502DE9F04F82468E463F4875461EF801BBDE
S21401B76010F80B4014F00804F7D1BBF12D0F5BD095
S21401B770BBF12B0F6FF0004904BF9EF800B005F136
S21401B780020E33F0100010D1BBF1300F04D0002BA5
S21401B7905ED10A231F4609E09EF8000000F0DF0094
S21401B7A058284ED0002B53D108231F460025B9FB3D
S21401B7B0F7F6284607FB16980EE0ABF1370C634503
S21401B7C01DDD002D04DB864202D321D1E0451FDAC0
S21401B7D04FF0FF351EF801BBABF1300CBCF1090F81
S21401B7E0EDD9ABF1410CBCF1190FE6D9ABF1610C07
S21401B7F0BCF1190F03D8ABF1570C6345E1DC6B1CA8
S21401B8000AD004B140420AB1CDB91160BDE8F08F4B
S21401B81007FB00C00125DDE72223CAF800305AB134
S21401B8200EF1FF314846F0E79EF800B04FF00049B0
S21401B83005F1020E0124A4E74846BDE8F08F8146D3
S21401B840EEE710239EF801B00EF1020E1F46ADE79B
S21401B85010231F46AAE700BFDD710400242B02D87F
S21401B860012B00D074E710B500F02EFA1623036002
S21401B870002010BD10B5242A084C1346246807D8AA
S21401B880012A05D00A4601462046BDE810405FE77A
S21401B89000F01AFA16230360002010BD446700204A
S21401B8A010B5242A084C1346246807D8012A05D067
S21401B8B00A4601462046BDE8104049E700F004FA72
S21401B8C016230360002010BD44670020844641EA29
S21401B8D0000313F0030349D1403A23D30B680360F6
S21401B8E04B6843608B688360CB68C3600B690361F8
S21401B8F04B6943618B698361CB69C3610B6A0362E0
S21401B9004B6A43628B6A8362CB6AC3620B6B0363C7
S21401B9104B6B43638B6B8363CB6BC36340304031AC
S21401B920403ADBD230320BD30B6803604B6843607E
S21401B9308B688360CB68C36010301031103AF3D245
S21401B9400C3205D351F8043B40F8043B043AF9D2D3
S21401B950043208D0D2071CBF11F8013B00F8013BA6
S21401B96001D30B8803806046704700BF082A13D3B3
S21401B9708B07B1D010F00303AED0C3F10403D21A83
S21401B980DB071CBF11F8013B00F8013BA4D331F8DB
S21401B990023B20F8023B9FE7043AD9D3013A11F85B
S21401B9A0013B00F8013BF9D20B7803704B784370EA
S21401B9B08B78837060467047024B0146186816F014
S21401B9C04BBC00BF44670020024B0146186816F0C6
S21401B9D046BC00BF44670020CAB384460B4630B558
S21401B9E004460843800719D09CF800000C78A04252
S21401B9F012D150B3012A28D0E64603E01CEB030F10
S21401BA0023D010B31EF8010F11F8014FA2EB0E035D
S21401BA10A04203F1FF33F1D0001B30BD032A07D843
S21401BA20E2E7043A11D01EF0803F0ED1032A10D966
S21401BA302068194653F8045BA446A0F1013E04347D
S21401BA40A8422EEA000EECD0CEE7002030BD10460C
S21401BA507047A4461946C7E780EA010C1CF0030F9D
S21401BA6037D110F0030C20F0030021F0030150F849
S21401BA70042B08BF51F8043B0ED08CF0030C6FF07A
S21401BA807F434FEACC0C23FA0CFC51F8043B42EA04
S21401BA900C0243EA0C0300BFA2F1013C9A4201BF2B
S21401BAA02CEA020C1CF0803F50F8042B51F8043BA2
S21401BAB0F2D04FEA02604FEA1222012828BFB0EB0B
S21401BAC0036F08BF1B0AF4D003F0FF03000EC01A71
S21401BAD0704710F0030F0AD010F8012B11F8013B44
S21401BAE0012A28BF9A42F4D0A2EB030070474DF812
S21401BAF0045D50F8042B01F0030521F0030151F811
S21401BB00043B022D26D04DD822F07F45B5EB132FEE
S21401BB10A2F1013C2CEA020C0DD11CF0803C08BFBE
S21401BB2051F8043B0AD185EA0205B5EB036F0CD147
S21401BB3050F8042BE8E74FEA13235BE03CF07F4C18
S21401BB4054D10B784FEA126554E04FEA126503F0C0
S21401BB50FF034FE04FEA0245A2F1013C4FEA1545CB
S21401BB602CEA020CB5EB134F18D11CF0803C08BF31
S21401BB7051F8043B07D185EA0205B5EB034F09D11D
S21401BB8050F8042BE6E75FEA0C4C2FD10B884FEAFE
S21401BB9012452FE04FEA03434FEA12454FEA13439B
S21401BBA028E000BF02F0FF05B5EB136FA2F1013CE0
S21401BBB02CEA020C0DD11CF0803C08BF51F8043B66
S21401BBC00AD185EA0205B5EB032F0AD150F8042BFA
S21401BBD0E8E74FEA13630DE012F0FF0F06D051F8C5
S21401BBE0043B4FEA122523F07F4303E04FF00000A9
S21401BBF020BC704705F0FF0203F0FF00012828BFB4
S21401BC00904204BF2D0A1B0AF4D0A2EB000020BC10
S21401BC10704700BF08B5064B044613B1002100F07B
S21401BC20AFF8044B1B6803B19847204614F04DFD4E
S21401BC3081BD010018500020002301461A4618460F
S21401BC4000F048B8032A30B415D941EA0004844606
S21401BC500B46A40704D0541E0FE0043A032A08D961
S21401BC601946604653F8044B5CF8045BA542F4D0D1
S21401BC70F1E760461946541E7AB1431E013902198E
S21401BC8001E09A4209D013F8010F11F801CF60457F
S21401BC90F7D0A0EB0C0030BC7047002030BC7047DA
S21401BCA038B5074D074C2C1BA41005D0013C55F8A0
S21401BCB0043D9847002CF9D1BDE838401EF0F6BE89
S21401BCC0E06A0020DC6A0020014B1868704700BF5C
S21401BCD044670020F0B5264C83B006460F4625681B
S21401BCE005B36C681F2C3FDCA6B1D5F8880048B3B5
S21401BCF0D0F800114FF0010C40F82420022E00EB82
S21401BD0084020CFA04FC4CEA0101C0F80011C2F8E6
S21401BD10803010D0631C002002346B6045F824701C
S21401BD2003B0F0BD13491448216010B10068C1F892
S21401BD308800104DD5E7D0F8043143EA0C03C0F86B
S21401BD400431E7E70D49CDE9002369B14FF484706A
S21401BD50FFF732FE40B100216C68C0E94011DDE911
S21401BD600023C5F88800C5E74FF0FF30D8E700BFCD
S21401BD70A85000201C50002000000000B9B90100A6
S21401BD802DE9F04FDFF8B49083B0D9F8006096B390
S21401BD90884601907568D6F888706C1E2BD40135DC
S21401BDA007F1800B06EB8505B8F1000F26D1736805
S21401BDB02A68013BA3423BD000232B60BAB1D6F8D8
S21401BDC004A05FB30123D7F80011A3400B4225D08E
S21401BDD0D7F8040157F8241003422BD10198904755
S21401BDE07368D9F8002053451ED1B2421CD1013CDC
S21401BDF0043D631CD8D103B0BDE8F08F4FB15BF8AA
S21401BE0024304345D3D0013C043D621CF3D0002FBF
S21401BE10F5D1013CEFD3013CFBD2ECE790477368C8
S21401BE20D9F800205345E0D0002AE4D01646B1E701
S21401BE307460C3E708469047D2E700BFA8500020C9
S21401BE40431E033306D8044B984228BF184664287D
S21401BE5038BF6420704700BF40420F0038B5194B09
S21401BE6005461B680C4603B1984744B1236833B1B5
S21401BE701B68013303D0E3680BB1A3684BB91AF012
S21401BE80E2F800204FF4C172412100F0FFF92120B1
S21401BE9038BD204602F04AFC00230B4A85F83C31A7
S21401BEA0C5E93743C2E9003363694BB1074A42210A
S21401BEB010684FF4D272C31A5842584100F0E6F99E
S21401BEC00020E5E718530020B86300207C530020CB
S21401BED0F8B504461EF0E5FA002607460E4B1B6829
S21401BEE093B19E68AEB196F82420D20711D4354698
S21401BEF00FCC0FC50FCC0FC523682B6096F82430E6
S21401BF0043F0010386F8243038461EF0C5FA304661
S21401BF10F8BD1B68E4E700BF9867002010B504462B
S21401BF2018B9054B054A136010BD00F0D9FCD4F8CA
S21401BF30E830002BF6D1F4E7F157030094670020B0
S21401BF40014B1868704700BFB863002008B5024669
S21401BF500868FFF775FF08604868FFF771FF4860DB
S21401BF608868FFF76DFF8860C868FFF769FF0B698F
S21401BF70C860581C03D00B48834228BF03460B6198
S21401BF804B69581C03D00748834228BF034688697B
S21401BF904B61FFF755FFBDE808408861104601F088
S21401BFA07BBC00BF40420F00D0F8E0302DE9F041E5
S21401BFB005460C4613B1C38D8B424CD0D5F8DC3008
S21401BFC0002B4BD09E68002E48D0D868002845D05C
S21401BFD0013800B200281ADB002106E0128A591C3B
S21401BFE0A24217D209B2884211DB0B1803EBD373B6
S21401BFF05B1003EBC30206EB8202B2F80EC003F13C
S21401C000FF3EA445EAD90FFA8EF08842EDDA2120E8
S21401C010BDE8F0814FF6FF7299B29142F7D09BB21C
S21401C02003EBC30306EB83062846B6F9122095F800
S21401C0303011D5F8F080EEF709FE0746B8F1000F8B
S21401C04004D00023324628461946C047EC85C5F879
S21401C050E06085F839710020BDE8F0810E20BDE86A
S21401C060F08100BF2DE9F04782B004460F46164620
S21401C07001F086FE002863D14F4D2B68D4F8DCA072
S21401C080D4F8E0800BB1534576D04FF00009AF608D
S21401C09001F09EFE0128074665D1204619F012FFE1
S21401C0A0002851D12B68DAF80010D8F8002013B117
S21401C0B0186888426BD0204619F0B6FEC5E900A87C
S21401C0C0D4F8F0508DF80760002D67D00022204686
S21401C0D011460DF10703A847204600F0EDFF05467F
S21401C0E0B9F1000F0FD076B9D4F88C300BBB012F05
S21401C0F005D025B1314B002103205B6898472846BF
S21401C10002B0BDE8F087B5FA85F040F20752332158
S21401C110400900F0BBF83146204601F00BFA284BE7
S21401C12005461B68414620469847D4F88C30002BBC
S21401C130DDD000224FF40073204600F0E1FBD6E785
S21401C14000231D4D6B6098E794F82530DA07A9D5D2
S21401C150D4F894305B05A5D51A4B01220021204660
S21401C1601B6898479EE70021012000F001FC01F0C2
S21401C1702FFE0128FBD190E76B68002B85D0434545
S21401C18083D1AB689F4215D04FF001097FE76968FC
S21401C19011B10968914291D059688CE794F82A1038
S21401C1A094F839313246994228BF1946204600F0A4
S21401C1B0D1FE91E70025A2E7B8630020A067002022
S21401C1C0946700201C530020F8B50F4605461EF064
S21401C1D068F9394606462846FFF7E6FE044620B1CA
S21401C1E030461EF059F92046F8BD01F0A7FD22465B
S21401C1F039462846FFF736FF04460028F0D1284680
S21401C20019F060FE0028EBD095F8253013F00103F5
S21401C2100DD0D5F8942052050DD5B5F82A21BA428D
S21401C22005D0B5F82C31DB1BB3FA83F35B09034A5F
S21401C23082F8C430D4E72346F9E700BF001E00B0F9
S21401C24013B50446694619F001FC204619F045FD70
S21401C250FF28024606D020469DF80010EEF774FD32
S21401C26002B010BD0048FBE70080FFFF38B5044D63
S21401C270044C054B286021601A601DF00DFE38BD88
S21401C280AC5200209C670020B052002010B550B977
S21401C2900548064B0160064802601868054B1860A1
S21401C2A01868FFF7E3FF10BD9C67002008540020C4
S21401C2B0B0520020AC5200202DE9F0418AB001AC0A
S21401C2C005460B462746194A02F1200C26461068F9
S21401C2D05168083203C662453446F7D1002B08BFC1
S21401C2E03B46002710681C463060384603F10C06B2
S21401C2F090B95FFA87F842462846218819F0E5FD8D
S21401C30050B942462846E18819F0F0FD20B9424668
S21401C3103146284619F0FCFD0137032F06F10806C1
S21401C32004F10204E4D10AB0BDE8F0810073040010
S21401C330F0B589B005460E4619F0F9FD044600BB76
S21401C34001AC06F10C070FCF0FC497E8070084E88D
S21401C350070001A92846FFF7F9FD2846311D19F007
S21401C360C0FF044648B92846074901F057FA044673
S21401C37018B9284601F0C6FD044628463168FFF77D
S21401C3809BFF204609B0F0BDF8720400014919F080
S21401C390B0BB00BFD5DE010070B5164E03280446BB
S21401C3A00D4633781ED023FA04F202F00102AA42A7
S21401C3B01DD053B10122A240A54023EA02032B431C
S21401C3C0DBB233704BB1012070BD2DB10A4B012099
S21401C3D01B6898473378EDE73570074B00201B68DC
S21401C3E09847F0E79A07DED003F0FC03E9E7002060
S21401C3F070BD00BF08610020F052002038B5044629
S21401C4000D4605F077FD60B101F0C6FC48B9012D77
S21401C41007D8012019F036FD0D4B1B6823B15B6868
S21401C42098470C4B1C7038BD1EF095F90A4B1A68DC
S21401C430801A18601CF0AAFE4FF47A72074B1B682C
S21401C44002FB003019F053FB012001F0ADFCE8E7D8
S21401C45014530020A96A0020E8520020EC52002064
S21401C460F8B505460C461EF01CF8104F06463B78FC
S21401C47033B1012D04D01CB90D481CF0D9FD3C7018
S21401C48021462846FFF788FF0A4B04461B783BB92E
S21401C4903B782BB919F0EAFC10B1074B1B6898479B
S21401C4A030461DF0F9FF2046F8BD00BF09610020A7
S21401C4B0C452002008610020A0670020054A0B46F0
S21401C4C0117831B100211170034A012152681878A0
S21401C4D01047704709610020A0670020124B0239FF
S21401C4E0012910B518701ED805F004FDD8B101F069
S21401C4F053FCC0B101F034FAA8B90C4B1C6834B136
S21401C50023689847BDE81040002019F0BBBC19F01D
S21401C510ECFA074B18601EF01EF9064B1860204611
S21401C52001F042FCEEE710BDA96A0020145300207A
S21401C530EC520020E852002038B5044680B11DF0C8
S21401C540B0FF0121044608461CF016FA01210B4AE9
S21401C550084615F055FF2046BDE838401DF09CBF43
S21401C5601DF09FFF0546214601201CF005FA01201B
S21401C5702146024A15F044FF2846EDE7C348040069
S21401C580F0B585B01DF08DFF344D04462B7823B1F0
S21401C59033481CF04DFD002852D11CF0D3FD02AAF1
S21401C5A003A919F04DFC0346002838D019F05CFCAD
S21401C5B0029B98421CD100202A4B03991B682A4EE5
S21401C5C09942307020D90027C91A012324482B70BC
S21401C5D0264A3346CDE900771EF099F8002837D170
S21401C5E0234A1378D90701D53178F9B1204611E0ED
S21401C5F019F038FC029B984228D0002318461949A6
S21401C600194A0968137003910121FFF7C5FE00233B
S21401C61020462B701DF040FF002005B0F0BD2046DF
S21401C6202B701DF039FF212005B0F0BD03F0FE038D
S21401C6301370002BDAD10F4B1B6898472046E9E7A9
S21401C64020461DF029FF0E2005B0F0BD0220B3E7FD
S21401C650032320462F703370F3E700BF09610020E3
S21401C660C4520020E4520020A86A0020BDC4010084
S21401C67008610020F052002038B51DF012FF0F4D62
S21401C68004462B789BB90E4A0E4913700E4B0F4A7F
S21401C6900F481A600F4A5A60EFF782FF0E490F489B
S21401C6A0EFF77EFF0E4B0F4A1A6001232B70F0F74F
S21401C6B081F820461DF0F0FE002038BD0A610020FA
S21401C6C00961002024730400A067002081C50100D1
S21401C6D0B452002061C401002C730400BC52002037
S21401C6E0F052002039C501002DE9F0438F788046CD
S21401C6F00F2F0C4685B003D9212005B0BDE8F08385
S21401C70027B90123374A00201370F6E70D784E78D3
S21401C710EDB9002EF0D194F90310E08803F00AF881
S21401C7202128E9D055EA0603A088DFF8C89013D07F
S21401C73003F064F84FF60403B9F8002001469A4264
S21401C7404BD1AE42334638BF2B4600262DE0082D8E
S21401C750D2D8082ED0D8DEE703F050F84FF60405FD
S21401C76001464FF60500204A136E9BB2AB4208BF46
S21401C7700346B1F5803FA9F800300FD902230825FA
S21401C780136680230126C2F880302B4649084FF6EF
S21401C790FF720139914228BF114608E08023012625
S21401C7A008251666C2F880302B460029EFD10022F4
S21401C7B002920122013FFFB2009201972A4608F138
S21401C7C0F80002F0B7FE1EB14FF48012074B5A650F
S21401C7D0074BA2681A60022394E703480266A9F889
S21401C7E00030AEE70B61002000C001B800D001B8F0
S21401C7F0FC520020306A002010B50446D0F81821FB
S21401C8000B4B4FF40061C3F8A82090F82420D20106
S21401C81002F4006205F0D2FA94F8243013F0100FF7
S21401C8204FF4007314BF034A034A136710BD00BFD9
S21401C830001E00B0001002B8002002B8431C07D04A
S21401C8406FF0FF02034B10401A62A3F58053186283
S21401C850704700BF00E000B8F8B504460F4616461C
S21401C8601DF01FFE0546A047044620B128461DF0D0
S21401C87013FE2046F8BD04F07FFC04220549D1F8DA
S21401C880D83E23EA07033343C1F8D83E024B1A6762
S21401C890ECE700BF001000B0002002B800F018035B
S21401C8A0182B0AD003070AD440F2011310F0100027
S21401C8B018BF1846034B186570470020FAE7012099
S21401C8C0F8E700BF001F00B0044B1868830654BF8A
S21401C8D0C0F30F204FF6FF70704700BFE4530020EF
S21401C8E038B10368044A002B08BF1346034A136095
S21401C8F07047014BFAE700BF395B0300AC670020C5
S21401C90010B4D0E9544122400B4052EA030104D04E
S21401C91003495DF8044B096808475DF8044B704706
S21401C920AC6700200F2938B505460C460ED801F035
S21401C9304FFA01280CD1074A2846D36B23F00F0380
S21401C9402343D36319F002FB002038BD2120FCE706
S21401C9500220FAE7001F00B0014B186C704700BFB9
S21401C960001F00B0014B002019647047001F00B083
S21401C97003282DE9F347884655D82C4B13F8009029
S21401C9802B4B1E5C2B4B13F800A01DF08AFD0746AF
S21401C99004F03EFB054640B100230022CDE90033FA
S21401C9A001200023002104F079F904F039FB48B195
S21401C9B000230022CDE90033002000234FF400417C
S21401C9C004F06CF96EB31C4BDC6C04F008041B4BD2
S21401C9D03146DC64484604F02DFC52463146484652
S21401C9E004F092FC164BDC646DB1164B1868D0F857
S21401C9F09410F83003F06EFA13490868FFF71EFF2B
S21401CA004FF0FF330B60B8F1000F04D00F4B00213D
S21401CA1003205B689847384602B0BDE8F0471DF032
S21401CA203BBD3446D3E702B0BDE8F0873C73040053
S21401CA303873040034730400004000B8006000B886
S21401CA40005000B808540020A8670020A067002006
S21401CA500F4A136F13F0A00F15D1506F10F004009A
S21401CA6013D10C4BD3F8D83E23F07F4323F0FF03BA
S21401CA705BB1D368C3F30362092A07D0B2F10C0095
S21401CA8018BF01207047002070470120704700BF83
S21401CA90000002B8001000B070B50D46064620B979
S21401CAA01A4B1B68A3B10E2011E001F091F9012881
S21401CAB029D1174B93F90040C4F11C04641BC4F13F
S21401CAC01C03002BB8BF5B42232B0CDD212070BD5D
S21401CAD081EAE173A3EBE173DBB2232BF6D80C4BAF
S21401CAE019700020F3E786F828501DF0DAFC094A91
S21401CAF0E402D36904F4FF2423F4FF231C43D46126
S21401CB001DF0CAFCEDE70220E1E700BF0854002053
S21401CB100C61002000C000B818B9034B93F900005F
S21401CB20704790F9280070470C61002010B5044644
S21401CB3019F0C8F910B1012001F0D4F92046FFF729
S21401CB405BFE1DF0AEFC0A4A0121D2F8A030044675
S21401CB5023F02003C2F8A0300222064B08469A6052
S21401CB60054B5B68984720461DF096FC002010BDDB
S21401CB70001E00B0001002B8A0670020064B5A6ADB
S21401CB80920207D4D3F8803013F4706F14BF0120DB
S21401CB900020704701207047004001B8F8B50E46E6
S21401CBA0D0F8943002EA010423EA01032343C0F8D3
S21401CBB09430464A01F00B0323EA0401D164234072
S21401CBC0A2F58052D3647207054610D50121FFF7FE
S21401CBD0D5FF60B104F0D0FA4FF4007314F0040FDF
S21401CBE014BF3B4A3B4A536204223B4B1A67F30687
S21401CBF006D514F0100F14BF00221B22374B5A65BE
S21401CC0037061DD5200616D54FF40012304B1A6292
S21401CC10012203F58053C3F800211DF042FC0E21CA
S21401CC200746032003F09EF840F201222B4B3846BC
S21401CC30DA621DF031FC214605F1F80003F04AF9ED
S21401CC40F10503D5E2052AD503F05CF8B30503D553
S21401CC50A70527D503F062F816F48C6F1DD014F4DF
S21401CC60806224D095F82530DC070CD5EA8DB5F81E
S21401CC702A31934219D0B5F82C31981A43424341D0
S21401CC80174A82F8C430D5F8E410284618F055FF44
S21401CC908022144BD864144B1A610020F8BD03F0AF
S21401CCA02BF8D3E703F034F8D6E70123E8E771055C
S21401CCB0E9D595F82530DB07E5D5094B114683F80C
S21401CCC0C4200A4B28461B689847DCE7006000B87A
S21401CCD0005001B8006001B8002002B8004000B85A
S21401CCE0001E00B0001F00B0000002B81C53002058
S21401CCF0014B1868704700BF0853002037B51DF078
S21401CD00D0FB002401230022CDE900340023054690
S21401CD101946104603F0C2FF022002F0E7FA064B5E
S21401CD2021461C60054B02205B68984728461DF08B
S21401CD30B3FB204603B030BD10530020A06700208F
S21401CD402DE9FF4102290D4616469846039004D167
S21401CD50FFF7D4FF04B0BDE8F0811DF0A2FB1E4F23
S21401CD6004463B683BB1B34205D01DF095FB00235A
S21401CD7021203B60EEE7194B0022C3F800803E609D
S21401CD80002301264FF0000810461946CDE900663B
S21401CD9003F084FF124B022083F8008002F0A6FA0B
S21401CDA043462A46022003A902F0BEFA0D4B039A17
S21401CDB01A6008B92046D8E70B4D2B6898472128FA
S21401CDC004D020461DF068FB0020C3E731466B689F
S21401CDD002209847F5E700BF105300200C530020AF
S21401CDE00E61002008530020A0670020044B5B6EF4
S21401CDF05B054EBF0120034B187800F00100704719
S21401CE0000C001B80E6100200A78022A11D0101F56
S21401CE104242424152004B781201022B0BD0191F9D
S21401CE204B424B415B000549054842EA8312FFF736
S21401CE3013BD0122EFE70123F5E700BFF0FFFF0076
S21401CE4019DE01000B78022B10D0181F4342434114
S21401CE505B004A78022A0BD0111F4A424A4152000F
S21401CE600F21044843EA8202FFF7F6BC0123F0E7EC
S21401CE700122F5E745DE01002DE9F8430E78044668
S21401CE80042E0D4690F830810BD100275FFA87F902
S21401CE90484601F07DFD08B14E4602E00137042FF9
S21401CEA0F4D1304601F074FD002849D094F83031B1
S21401CEB0B34209D1AA88D4F8A8309A4204D16A8824
S21401CEC0B4F832319A4238D084F83061AB883046B3
S21401CED0A4F834316B88A4F83231AB8804F5987520
S21401CEE0C4F8A830FF2384F82B3019F0E0F884F852
S21401CEF02A00284601F078FC18BB284601F03EFDC2
S21401CF00F8B9D4F8E03053B194F83011414506D061
S21401CF102046B3F91220EDF799FE84F83901204630
S21401CF2001F09AFE0949A4F834010123084AD1F810
S21401CF30FC1004F1F80003F0AFFC0020BDE8F88314
S21401CF4021200C2384F83031F8E700BF001F00B021
S21401CF50581F00B0F8B5054690F830010C460C286D
S21401CF60164623D0FF2923D01AB14FF0FF32114BBA
S21401CF701A6019F09CF8074695F8300101F068FD33
S21401CF80844228BF0446E4B2BC4238BF3C46E0B205
S21401CF9085F82B0001F002FEFF280CBF2124002497
S21401CFA016B9284601F068FD2046F8BD0224FBE7C5
S21401CFB02124F9E7B067002010B590F83031044617
S21401CFC00C2B43D0D0F8E03080F82A10D3B3D0F839
S21401CFD0F020CAB990F839318B421BD30022204683
S21401CFE0FFF7B8FF40BB1A4B1B78022B23D820460D
S21401CFF001F032FE17490123174AD1F8FC1004F15B
S21401D000F80003F049FC16E0B0F94220B3F91230FB
S21401D0109A42E3DD0022204694F83911FFF79AFF81
S21401D02050B9C4F8E000204618F08AFC4FF6FF73AA
S21401D0309842014601D1002010BD2046BDE81040AF
S21401D040FFF7C2B8FF2380F82B30F4E70220F3E79E
S21401D050346A0020001F00B0581F00B0F0B51D460E
S21401D060144B04461B780F46164685B05BB1D0F8C4
S21401D070E030E3B102AAB3F912300092002214F0B4
S21401D08021F905B0F0BD02A918F0E0FC9DF80810E2
S21401D0903A462046EDF7DAFD014626B92A462046ED
S21401D0A0FFF758FFEDE72046FFF786FFE9E718464A
S21401D0B0E7E700BF864A0400D0F89C30012B01D177
S21401D0C00020704770B5044665498CB019F024F805
S21401D0D0D4F8E0600146E58DC4F8E40026B1336873
S21401D0E013B15B68002B71D11DF0DBF91DF0D4F98B
S21401D0F00123D4F8E4108DF80630B389D6E901206F
S21401D100EB1A9BB200FB03225648ADF804300368C5
S21401D11000928B4207D0204618F00FFD802252491C
S21401D120524BC8641A61514D00F052FE0128FBD1E2
S21401D130AB689E06F8D420469DF80620009906ABFB
S21401D14003F0E6F800283ED100F042FE0128FBD1AC
S21401D150464A136FD801FCD493689906F9D46846F9
S21401D16006A903F08DFA054668BBE28D404B5A646A
S21401D17094F8243060F3410384F8243000F0EEFF85
S21401D180D4F8E0305969431E0E68DBB2FD2B0296D7
S21401D19022D9F31C34D84B68FF2803935ED10126AD
S21401D1A0DA1C25D8024602A9204618F0DEFEE6B9AA
S21401D1B0D4F8543199053FD494F8243043F002034F
S21401D1C084F8243011E002200CB070BD1A68032ADE
S21401D1D08AD99B6A5B0E8EE74B6801280393DED0E3
S21401D1E00246204602A918F0C0FE00200CB070BD11
S21401D1F00133204B5B6816D0DA1C23D80393D1E7A2
S21401D2001C4B01361B6818BF0126DD1C06D802938D
S21401D2104B68FF280393C3D00020C3E7FF284B6861
S21401D22019D00393C3E7DD1C0FD80246204602A996
S21401D230039318F09AFEBBE720464FF4803119F0AD
S21401D2401CF8D2E7FF28B2D1E6E7FF28B0D10022CA
S21401D250204602A9EDE701200393A1E72A46C0E78D
S21401D260FC1F00B0F8520020001F00B0000002B8FA
S21401D270008001B8B867002010B50C4619B118F047
S21401D28021FE00B10434204602F0B8FA024B4042B7
S21401D290C3F8C80E002010BD001000B0838E70B514
S21401D2A093420C4615461CD3836C8B4208BF002460
S21401D2B01DF0F7F84FF49C530B490646CA68C2F3B3
S21401D2C00362D340DA0702D50B6F9B0304D4012215
S21401D2D02946204601F016F830461DF0DDF80020FC
S21401D2E070BD2120FCE700BF000002B82DE9F84F11
S21401D2F0064615460B4611B92120BDE8F88F002ACF
S21401D300FAD0032905D8002201F05EF90346002869
S21401D310F2D01C889978B4F5804F01F0070080F0B0
S21401D320C580A0F1070C1A7993F805A0DF88DCF117
S21401D330000343EB0C0305282B7394BF0023C1F3B2
S21401D3400013C1F3801C6B738B0985F810C003F0C2
S21401D3500203C1F3C00C43EA0C03C1F340116B7422
S21401D360A974AF82002A40F0828096F81E31013BF4
S21401D370DBB2EB74D6F89430DF0600F18380063812
S21401D38001287FD8B6F81280F76908F1FF38484BB4
S21401D390083C04EA08045B6D3B5D0134802B0EBF3C
S21401D3A06FF07F03323B5BB2AB730023AB6096F842
S21401D3B0279004EA0804B9F1000F61D1631D03EA5E
S21401D3C008035A1C02EA0802BA5CFB5C43EA022321
S21401D3D0D9040FFA83FB4CD5D6F8E43013B11B6899
S21401D3E0022B05D841F24D724C210020FEF74EFF6C
S21401D3F0D6F8E420CBF30B0392F82420DB000AB125
S21401D400B3FBF2F39A4508D83BB1CAEB0A2ABAFB3A
S21401D410F3FA6FEA0A0A5FFA8AF9D6F8EC3023B112
S21401D420484695F90E1098478146631C85F80F907B
S21401D43003EA0803F95C013303EA0803FA5C0133E3
S21401D44003EA080341EA0221FA5C013303EA08030E
S21401D450F85C41EA0241002341EA00616A7C3046F9
S21401D46003F0D8FA06232860AB71002045E7531E67
S21401D4707EE717F804904FEA49095FFA89F9CCE785
S21401D4809946D2E700230020EB730A4B5A69C2F390
S21401D4900723120448BF63F0FF035AB212F1800F4C
S21401D4A01CBF323B5AB2AA730346DCE7022024E7CC
S21401D4B0004000B800C000B838B5148811F0030564
S21401D4C04FEAC40422D13F2C20D9B4FA84F4C4F123
S21401D4D01903DBB2052B01D8192C15D0052B28BF53
S21401D4E0052301240633DBB29C40C4F3CF0313802B
S21401D4F003828161448700F02DFF054A631E2343A2
S21401D500C2F8A430284638BD2B46EAE72125F9E7BC
S21401D510001E00B011F5004F1FBF01F30E01044BB2
S21401D520C1F30E01002014BF99642120704700BF8B
S21401D530008001B8F8B504460E4619B990F82430B3
S21401D5405A063FD44FF6FF73618ED4F8E4709942C1
S21401D55004D0314B1B680BB1204698472F4D2B68E2
S21401D560BB424DD02E4B1B683BB11FB13A68002A17
S21401D57048D0BF683946204698470727204601F01D
S21401D5806BFB002E32D006270126264B94F9282065
S21401D59093F900302449C3F11C039B1ACA69DB02C4
S21401D5A022F4FF2203F4FF231343CB61D4F8E430C3
S21401D5B01E4A2B601E4B976720461E7018F0C6FC4D
S21401D5C00020F8BD4FF6FF71144DD0F8E4702A68BC
S21401D5D066F386139742418680F8243017D0104BA5
S21401D5E01B68002BC1D101F037FB072711493B46C9
S21401D5F0114AD1F8FC1004F1F80003F04DF9C2E726
S21401D6000127BBE71746204639469847B5E701F09C
S21401D61023FB0127EAE700BF04530020F85200204D
S21401D620005300200C61002000C000B8006000B864
S21401D6300D610020001F00B0581F00B0054A126897
S21401D6401AB190F81E1119B91047084602F0AABB84
S21401D65001487047F452002000FEFFFF344B2DE9CD
S21401D660F7431C6801F4007900F00103174653EAFA
S21401D670090206460D4635D04FF000083BB300239D
S21401D680002200210120CDE9008803F007FB0420D9
S21401D69001F02CFE41462046FFF7D0FF012241460D
S21401D6A02086104618F0FEF8D4F8941004F1F8001D
S21401D6B002F010FC1F490868FFF7C0F84FF0FF336F
S21401D6C00B6094F8243043F0040384F82430B9F155
S21401D6D0000F07D00121204618F0CFFD25F4007574
S21401D6E006430D432B4632462046FFF709F9FB0752
S21401D6F00FD51149114A08680021136811600121EC
S21401D7000F4A117003B198470E4B002102205B6847
S21401D710984717F00E0F08D04FF409723B210020EE
S21401D72003B0BDE8F043FEF7B1BD03B0BDE8F0833A
S21401D73008540020A86700200C5300201053002036
S21401D7400E610020A067002008B54822002102488B
S21401D750FDF72CFF002008BDDC1E00B073B5782154
S21401D7606422A0F8141182210C23C0E94112C0E9F9
S21401D7704322C0F8002107224FF0FF35002680F82B
S21401D78030314FF6FF730446C28700F14C028264C3
S21401D7901E4AC385A0F8403080F82C304386426389
S21401D7A0038780F82860C0F8A850458580F8265081
S21401D7B003F03EFC2046FFF7C7FF94F928102046E9
S21401D7C0FFF76AF9602340F6FF71114A2046D364D9
S21401D7D002F11C42D162D1650E4A2946D364402229
S21401D7E00D4B1A67D4F89420FFF7D8F90E230022C0
S21401D7F0CDE9003340F202231046194603F04EFAF3
S21401D80001F0E2F8304602B070BD00BF4000FFFFF5
S21401D810004000B8005000B8002002B810B50C4611
S21401D820FFF792FFBCB1A378082B16D8E278082A36
S21401D83013D843EA021313F0FF030CBF19466168BD
S21401D840074AC2F8DC10217882F82011617882F844
S21401D850233182F82111002010BD2120FCE700BFF2
S21401D860001E00B0012A10B512D8032B10D803EB06
S21401D87082020123074C934094F82201DBB221B1C6
S21401D8800343002084F8223110BD20EA0303F8E7A1
S21401D8902120F9E7001E00B0034670B50C68B0F809
S21401D8A03421013408BFD3F800418D6808BF0C60ED
S21401D8B04C68F830013404BFD3F80C414C606E1C40
S21401D8C03CD1D3F80841CE688C60751C3CD1D3F8A6
S21401D8D004510E69CD60013604BFD3F8F8600E61BD
S21401D8E04E69013604BFD3F8FC604E618E6901367D
S21401D8F004BFD3F810618E618E695EB35A32B242AC
S21401D90038BF32460E688A6116B15A2E38BF5A267B
S21401D910C3F808414C68C3E94065C3E943420A6954
S21401D920C3F8F8204A690C49C3F8FC20D1F8FC106A
S21401D93007230A4A02F0B0FF002070BD02F15A0424
S21401D940AC4238BF2C46BEE702F17805B54238BF77
S21401D9503546BEE76422D5E7001F00B0581F00B069
S21401D96070B51CF09EFD04460B4E00F031FA0128FE
S21401D97005D020461CF090FD0225284670BDF368B0
S21401D98013F0706FC3F30365EFD1B36ADB06ECD512
S21401D99020461CF081FDF0E7000002B838B51CF007
S21401D9A080FD4FF6FF710A4A13888B4203D11CF0A3
S21401D9B073FD0E2038BD074C074D1B046566A4F5A4
S21401D9C08054636611801CF067FD0020F2E700BFFB
S21401D9D0326A0020006001B80000FFFF2DE9F7431E
S21401D9E004460F4615461E46FFF732F830B3A38AA3
S21401D9F023B3204618F06CF878B9002E40F0F28078
S21401DA00794BD3F8D83E03F03002102A00F0EA80B2
S21401DA1003F0C003402B00F0E580DFF80082D8F861
S21401DA201430D90740F1DE801CF03BFD064603208A
S21401DA3001F058FD30B130461CF02EFD022003B037
S21401DA40BDE8F083D8F8142012F00608F3D130466A
S21401DA501CF022FD644B4FF400612046D3F8D89E9B
S21401DA60D3F8AC6E04F0BEF940B14FF40072012158
S21401DA705E4B08461A67424617F014FF94F82530A5
S21401DA80DA0707D5D4F894305B0542BF4FF400227D
S21401DA90574B1A6739462046FEF796FB524BC3F89A
S21401DAA0D89EC3F8AC6E0028C9D194F824309806E5
S21401DAB001D4002D57D0C5F3400003F023FB022309
S21401DAC015F4807F1BBF0021494A484A136717BFD8
S21401DAD0484A13675161136303F04EFB4FF48063AA
S21401DAE015F0040F14BF444A444A15F0400F536220
S21401DAF04FF004023D4B28461A674FF0400314BF0F
S21401DB003F4A404AC2F88830FEF7C8FE204618F061
S21401DB1009F938B14FF4807315F0010F14BF344A78
S21401DB20324A1367A90647D54FF6FF72B4F840305C
S21401DB3093420FD0344A3549526E100CC2F301128B
S21401DB400132B3FBF2F308802B4A2C4930481B0400
S21401DB5048665366003D18BF012594F8243065F3E6
S21401DB60451384F82430204618F0ACF9F0B120466D
S21401DB7018F0D8F8D0B14FF40031204604F032F94D
S21401DB80431C03229BB2234801A918F053FA9DF8BF
S21401DB90042002F00703052B9DF8053015D1120766
S21401DBA00DD443F480731C4AC2F8B830002003B089
S21401DBB0BDE8F04318F04BBAFFF7F0FECAE713F0E2
S21401DBC0040F09D19DF80630EBE703F03002202A56
S21401DBD005D113F0010FF4E74FF48073E3E79DF8E6
S21401DBE00630E0E70E202AE7001000B0002002B859
S21401DBF0001002B800400054005001B8006001B89F
S21401DC0000D000B800E000B8004001B8326A002039
S21401DC100000FFFF08400054001E00B000C001B81D
S21401DC202DE9F3410646884615461F461CF039FC89
S21401DC300446032001F056FC38B120461CF02CFCAB
S21401DC400E24204602B0BDE8F081042001F04AFC13
S21401DC500028F2D120461CF01FFC01232A4641462B
S21401DC603046FFF7BBFE04460028EAD1DFF8C8803D
S21401DC705FB388F8000039463046FEF735FD0028C8
S21401DC804CD198F80030012B1CD02022244B1A6767
S21401DC90244BDB6CB3F5817F1FD2012018F018FAF4
S21401DCA01CF0FFFB204B06461B680193CBB901F025
S21401DCB093FC15F0800526D101F0E0FC284603F020
S21401DCC0F5F925E003F008FABBE798F80030012BD8
S21401DCD0F8D0002BD9D12124B3E78022134B1A6147
S21401DCE0DBE7042001F002FB00230122042001A946
S21401DCF001F01AFB0028DAD103F056FA2124304647
S21401DD001CF0CAFB9DE70022094B9A6701F0B6FC9E
S21401DD10084B01215B6800209847F0E7044690E72E
S21401DD20001002B8001F00B0FC520020000002B82C
S21401DD3000C001B8A06700200B61002008B50C4B9D
S21401DD40D3F84C114B1C12D011F080410FD1094B66
S21401DD501B6813B10320FEF70BFE4FF080624FF4F1
S21401DD600071054BDA67054AD16201225A6108BD86
S21401DD700080E00F08540020001002B8004000B8F0
S21401DD804FF40022034B186F03F500531A67C0F3D4
S21401DD90C0407047000002B8024B586900F001000D
S21401DDA0704700BF00C001B8084B5A69D10707D5B4
S21401DDB008B901F077BA5B69DA0706D401F064BAEC
S21401DDC05B69DB0701D40028F8D1704700C001B8B1
S21401DDD00F4BDB68C3F30363013B0B2B0FD8DFE864
S21401DDE003F006060C06060606080A0808080220BE
S21401DDF07047042070470520704703207047054B85
S21401DE005B6913F0060F0CBF01200420704700BFAA
S21401DE10000002B800C001B8094AD368C3F303631F
S21401DE200B2B08D06FF49050184100F0010080F0E1
S21401DE30010040007047106F10F48030EDD170473C
S21401DE40000002B80C4AD368C3F30363062B07D855
S21401DE50042BD8B20BD8C31E584258414000704715
S21401DE60072B06D1D2F830010028ECD170470220EA
S21401DE7070470020704700BF000002B8094BDB68FE
S21401DE80C3F303639A1E012A8CBF00220122012BD1
S21401DE9002701EBF4FF4026222FA03F303F001037D
S21401DEA00B707047000002B8094AD368C3F30363D6
S21401DEB0032B01D0072B08D1536FDB0605D4906FD7
S21401DEC080F00800C0F3C00070470020704700BF14
S21401DED0000002B8024B0022196817F0D4BF00BF39
S21401DEE0A0730400024B1B6803B11847704700BFBC
S21401DEF028530020024B1B6803B11847704700BF28
S21401DF002453002010B5FF224FF6FF71044617F088
S21401DF10DCFF68B9FF224FF6FF71204617F0E6FFD7
S21401DF2030B92046BDE81040FF22024917F0F0BF85
S21401DF3010BD00BF447304002DE9F0411C46184B88
S21401DF4005461E680F46904646B1306801F01CFE35
S21401DF50F3681BB1B368186801F016FE114B1B6815
S21401DF602BB1DA681AB19B68186801F00DFE9DF8AE
S21401DF701830640744EA08425B0503F0BC6342EAD2
S21401DF80C7621A432846084942F4C87203F016FFCE
S21401DF90002228461146FFF781F90020BDE8F081EE
S21401DFA09C730400A07304009007E12D08B5FFF7E9
S21401DFB07BFF88B1094BDA6912030DD5186F10F48F
S21401DFC0003009D19B6F13F0100F4FF010030CBFF8
S21401DFD0034A044A936708BD0220FCE7000002B822
S21401DFE0001002B8002002B838B50446F8B1124A4B
S21401DFF0D3691B031DD5556F104BC5F38115032D32
S21401E000B3F8B4300DD10822083B9BB221460C4828
S21401E01018F010F80020084B25729B6F1B0A6372DC
S21401E02038BD022D05D1023B2A469BB2EEE72120E0
S21401E030F6E70220F4E700BF000002B8001E00B0B9
S21401E04038400054431EDBB2FD2B14D9FF280B6861
S21401E05001D14A68134313F0802F1EBF42F201021A
S21401E060074BC3F8282251F82020054BC3F850224D
S21401E070C3F8542270470128F5D10023E9E700BF11
S21401E080004001B8F0B585B06D460E460F4B074609
S21401E09014460FCB85E80F000D4BD3F848020090CD
S21401E0A0D3F84C2201923EB1631EDBB2FD2B0AD996
S21401E0B03060FF2C00D1726022462946384617F0A0
S21401E0C054FF05B0F0BD012CF4E700BF4C7304000B
S21401E0D00080E00FF0B585B06E460D4B07460D4645
S21401E0E00FCB86E80F0000F039F8314604460246A9
S21401E0F0384618F0B3F84DB140B9FF2C1BBF04AB3E
S21401E10003EB8404009B54F8103C2B6005B0F0BD73
S21401E1104C73040030B50C4B0546187085B00823C7
S21401E12080B90A4AC2F8FC3351B96C46084B0FCB8A
S21401E13084E80F00074B2A4621461868FFF7A2FF1E
S21401E14005B030BD044AEDE7AA6A0020001002B807
S21401E1505C73040008540020002002B8014B1878B4
S21401E160704700BFAA6A0020124BD3F8E020D20302
S21401E1701ED54FF480321049C1F8E020A1F5805138
S21401E180C1F8EC201A6CD1B2C2F30722C3F8801092
S21401E190C3F880200422C3F880200022C3F8802020
S21401E1A0C3F88020C3F88020C3F88020C3F88020FD
S21401E1B0704700BF0040005400600054F0220A4B34
S21401E1C001219A64A022A3F580539A64074B826CBE
S21401E1D0C3F8C010FC21C3F89810C3F89C204FF474
S21401E1E00052C3F8BC207047006000B800400054DD
S21401E1F0F8B50D46174606461CF053F901230421CF
S21401E200084C094A2363A760E6602561C2F8E0105E
S21401E210064AC2F884311CF03FF90DB1022323638C
S21401E220F8BD00BF004000540060005400E100E06B
S21401E2300222024B58611A63704700BF0040005427
S21401E2400122044B1A6640F6FF729963D863DA65B9
S21401E250704700BF004000542DE9F04F042A0546E0
S21401E2600B4683B039D901260978141F81615A7883
S21401E27003F1040982619A788261DB78836103681D
S21401E280D0F808B003F0070306339E4006F1FF3AC4
S21401E2900AEA0B084768A6EB0802944247F00057C3
S21401E2A00ED84946224607EB0800FDF70FFB46EA63
S21401E2B00A0604EB0B023240AA6003B0BDE8F08FF9
S21401E2C0494607EB08000192FDF700FB019A384624
S21401E2D009EB0201A21B4244E7E7013A032AECD804
S21401E2E0DFE802F00B08050213F8012B826113F830
S21401E2F0012BAA6113F8012BAA611B78AB6103B04D
S21401E300BDE8F08F38B50C46154601460F4B60B197
S21401E31001220F48C3F8C0202246FFF79DFF1DB11A
S21401E32004220A4BC3F8C02038BD64B1D3F8A42038
S21401E330A24284BF0122C3F8C0200222C3F8A04033
S21401E340C3F8C020EBE70122FAE700BF0040005403
S21401E3509840005438B504461CF0A3F801211A4A27
S21401E360638F054611663BB3B3FA83F3C3F1190312
S21401E370DBB2A069C2F8901093660723D066C2F894
S21401E3808C304FF4A02302F50052C2F8E030A2F51B
S21401E3908052C2F8EC3000220C4B1A600C4B1B6FFB
S21401E3A05B0209D54FF480020A4B04F1F8001A67A4
S21401E3B0D4F8941001F08EFD4FF4E0232846E36371
S21401E3C0BDE838401CF068B8004000542C530020CB
S21401E3D0000002B8002002B82DE9F84305460C46B5
S21401E3E0B1B1D0F81880478F1CF05BF8B5F83CC087
S21401E3F0791E01EA0C0323F00702032C0646DFF818
S21401E400F8E042445CD1DEF8004024B91CF044F840
S21401E4100E20BDE8F88324F00104DEF8000020F0A9
S21401E4200100A04251D10023CEF800302388944247
S21401E4306FEA43436FEA534323803CD1EB8F08EBEB
S21401E44007091846083880B202F108044C4528BF6F
S21401E4504446082804D9B4F800E0BEF5804F3ED201
S21401E46063440F431B1A3B409BB2AB87E887118876
S21401E47094781C4AC1F30C0151645367C2F88C00AE
S21401E4804FF48022184B04F00704C3F8E020012261
S21401E490164BC3F88421FFF767FE042C0BD14FF40B
S21401E4A08002134B05F1F8001B6F124B1A67D5F863
S21401E4B0941001F00FFD30461BF0EEFF0020A8E798
S21401E4C0601E012898BF1446A7E7E88F4344E31A65
S21401E4D048BFDB1908389842A8DC304696E7224642
S21401E4E0B0E700BF004000540060005400E100E0C7
S21401E4F0000002B8002002B82C530020144B10B5BF
S21401E5001968CA8F8B8F488F13440138073B8C6973
S21401E510034023F007031C4402F108030D4A9BB293
S21401E520CB87C2F88C304FF480220B4BC3F8E02027
S21401E53001220A4BC3F88421A07800F007000428C2
S21401E54003D1074AD3681B03FCD4064B1C6010BDDD
S21401E55008540020004000540060005400E100E030
S21401E560000002B82C53002010B5064C216839B1C2
S21401E570CB0703D4044B1868FFF72EFF0023236054
S21401E58010BD00BF2C530020085400204FF48032E9
S21401E5900B4B0C49C3F8EC20A3F50053C1F8E0205F
S21401E5A0D3F888109A6E012302F0070206329340D0
S21401E5B0C1F30C01083B994201D8FFF7D5BD70475E
S21401E5C000600054005000542DE9F04780460C4688
S21401E5D016468769458F1BF064FFB8F83C2005F1A5
S21401E5E0FF3C02EA0C0323F00701032C8246394460
S21401E5F0B8F83E0019D1494C24689CB90244073A40
S21401E60002EA0C0222F00702BC183B44E31A48BF98
S21401E6105B19834210DB50461BF03EFF0024204668
S21401E620BDE8F08724F00104EFE7012C02D0022CAC
S21401E630EBD108380C46E8E7002E3DD08C423FD19E
S21401E640374AD2F844903649B8F81270D1F8882083
S21401E650C2F30C02934247DA2588B5F5804FDAD229
S21401E660A378C5F30C0503F007037A1EA5EB09058D
S21401E6703A43052B337005EA02052DD82DB2E8433F
S21401E68040F241420421C00FFDF700FE7580E37899
S21401E6903374D8F81C207B1E03EA0903D118B16035
S21401E6A0A9B213FA85F5AF422FBF0023FF1AB78030
S21401E6B0F26024BFB180F36050461BF0EDFEAEE77A
S21401E6C0A4F10802974284BFED0802EBC502B2F836
S21401E6D00090C9F30C09B6E7124B5B6D003B18BFFF
S21401E6E00123A5EBC305C9E70B6C7A1EA3EB09034F
S21401E6F03A431A400C4915B2002DCB680BDCC3F324
S21401E7000363D81E43424341DB0033708B6F728034
S21401E7101B0A3374BDE70823F7E700BF2C5300201C
S21401E72000400054004000B8000002B8054BA82283
S21401E730D3F84C013121431C0CBF0120C0F380707B
S21401E740FDF7A4BD0080E00F38B5094D04462868E2
S21401E75040F69702003818BF01202B21FDF796FDE1
S21401E760FA235C432B680A20B4FBF3F4604338BDFC
S21401E77060530020174B30B51A68431C164B22D045
S21401E780B2F1407F1FD3154D00F03F04D5F80021AC
S21401E79022F03F021443C3F8C84001F03F0422436D
S21401E7A0C3F8D020D5F804310D4A1A400D4B03EAC0
S21401E7B0500003EA510110431143074BC3F8CC0044
S21401E7C0C3F8D41030BD00200146C3F8C800C3F812
S21401E7D0D000F2E70080E00F001F00B0000002B892
S21401E7E01FF087E1E0FFFF7F73B5574E044631788F
S21401E7F019B91C225548FCF7D9FE2378544A61887A
S21401E800137051804FF0FC62524CFF21C4F8FC207B
S21401E8104FF47F02C4F808214F4A022B4F4D117066
S21401E82033D1042307224E49C4F8FC23C5F8FC3330
S21401E830C4F800114FF4C071C5F80011C4F8FC23E8
S21401E8404FF48052C5F8FC33C5F870214FF40052DE
S21401E850C4F87021C4F808314FF4FF13C4F8FC3033
S21401E8604FF4BB13C5F8FC308023C4F8703148F26E
S21401E870C8023C4BC3F8D8203B4B3C4A0020C3F8A7
S21401E880C02F0123337002B070BD394A012BC4F882
S21401E8900021384B27D14FF4C072C5F80021D3F8B8
S21401E8A03802D3F83C12FFF765FF0723C4F8FC33A0
S21401E8B00223C5F8FC334FF48053C5F870314FF48A
S21401E8C00053C4F870310423C4F808310DEB03007B
S21401E8D0ECF7F4F89DF80530023B012B9CBF802332
S21401E8E0C5F87031C3E7244AC5F80021D3F83002D1
S21401E8F0D3F83412FFF73EFF0723C4F8FC33012395
S21401E900C5F8FC338023C4F870314FF4805301A856
S21401E910C4F87031ECF7D2F89DF80530012B05D11B
S21401E9209DF8043053B948F25D1309E0FBD9023B68
S21401E930012B9CBF4FF40053C5F8703148F25813B1
S21401E940084AC2F8D83097E70F610020C41F00B00C
S21401E950346A0020002002B8AE6A0020001002B817
S21401E960C0F10F00001F00B0001000B034530020AB
S21401E970C0F70F000080E00FC0F60F00034B1A68C7
S21401E98002609B8883800020704700BF346A0020A5
S21401E99010B5044601F026F80A4BD3F8F83724B927
S21401E9A083F40023C3F3C04010BD012C05D113F43A
S21401E9B0C02F0CBF01200020F6E7A31E5842584185
S21401E9C0F2E700BF000002B86FF07F42154BD3F8A4
S21401E9D0FC37934208D0144A03F03F031370F12327
S21401E9E0124A1370124A13701249134B09781A68A7
S21401E9F0A9B1B2F1A06F12D3D3F850120F4A104B3F
S21401EA00B1F1FF3F18BF13460E4A136041F66A0282
S21401EA100D4B1B68B3FBF2F30C4A13607047084BAF
S21401EA20F2E700BF000002B8AF6A0020B06A00201B
S21401EA30B16A0020AD6A00200080E00F5082E00F2E
S21401EA4080730400305300207C5300206053002064
S21401EA50012807D0022802D030B100207047034BAE
S21401EA6018787047024BFBE7024BF9E7AF6A0020C4
S21401EA70B06A0020B16A00200023F0B590F830415A
S21401EA8085B002462046CDE90133CDF80B30FFF7BD
S21401EA90DFFF92F82B30411EC9B28B4228BF0B46CE
S21401EAA0002C3CD0012C38D1042418464FF00F0C12
S21401EAB0384E0DEB0405B0FBFCF7F75D013CC01BBF
S21401EAC0C0B2814238BF00206055002CF3D1052426
S21401EAD00F278DF80830B3FBF7F0305C0344DBB248
S21401EAE08B4228BF0B462B5501340B2CF3D10F2636
S21401EAF002F1A800D43215F8013BB3FBF6F14C1C29
S21401EB00C1EB01115B1A0133DBB2E4B21B0443EA29
S21401EB10045340F8043F8242EDD105B0F0BD042411
S21401EB2018464FF00F0C1C4F0DEB0406B0FBFCF51E
S21401EB30EDB27D5D013C401BC0B2814238BF002072
S21401EB40A055002CF2D105240F258DF80830B3FB13
S21401EB50F5F0385C0344DBB28B4228BF0B463355D5
S21401EB6001340B2CF3D10F2502F1A804D43216F888
S21401EB70013BB3FBF5F1481CC1EB01115B1A0133F4
S21401EB80DBB2C0B21B0443EA005344F8043FA2427E
S21401EB90EDD1C2E7797304006C73040038B5284BD5
S21401EBA005461A7827490C2A02D1FF20087038BD7D
S21401EBB0104617F07CFA04461046FFF749FFA842B4
S21401EBC028BF2846C0B2A04238BF20460B78C0B244
S21401EBD08342ECD0087088B1431EDBB2022A1A4980
S21401EBE00ED14FF0FC62C1F8FC20A1F50051D1F81E
S21401EBF0FC2042EA4353C1F8FC30D8E70346EDE770
S21401EC00124A134C1268AC32C4F8C02F4FF47F027C
S21401EC10C1F808210F49CA6FD202C8D40F22B3FB2C
S21401EC20F2F2551CC2EB02129B1A0133D1F80841CD
S21401EC301B0443EA05532343C1F80831B7E700BF75
S21401EC40346A0020AE6A0020002002B80854002072
S21401EC50001000B0000002B82DE9F04F90F83051D6
S21401EC600646D0F8A82087B035BB1F2A38BF1F221A
S21401EC70093A4C24844B85481B6A96F82B10C3F33B
S21401EC808213DC400368DFF82CA29342DFF8288267
S21401EC907F4B04F0010414D11F78A74211D19AF8D2
S21401ECA00070AF420DD17B4F3F788F4209D1B8F843
S21401ECB0040007B0BDE8F08F032A38BF0322023AEA
S21401ECC0D7E7026098F800001C70FFF7C1FEFF2925
S21401ECD024D1284617F0EBF907466F493CB3D6F81E
S21401ECE0E4702FB13B68082B40F2CB8097F8387060
S21401ECF01DBB0B6840F27121B3FBF1F3534319229C
S21401ED00B3FBF2F339462A4605A8059317F0A5F991
S21401ED1002023C04059842F0110988E0471E8F4222
S21401ED2028BF0F46012F38BF0127FFB2D5E7012DB7
S21401ED3029D0022D01D0B5B327460B6840F27121C8
S21401ED40B3FBF1F353431922B3FBF2F33946012225
S21401ED5007EB072405A8059307EB042417F07DF9B4
S21401ED607F00032F38BF0327020242EA001242EA5D
S21401ED700009033F00F01F0007FA00F0FFF7E4FC6C
S21401ED8000F5FA6758E00F23B7FBF3F3581CC3EB03
S21401ED900313FB1A0133DBB2C0B21B0443EA005370
S21401EDA0C3F30747C9E70C6840F27121B4FBF1F4DD
S21401EDB00F2354431922B7FBF3F3B4FBF2F437489D
S21401EDC0374A0068A2FB0412013350FA83F313F8A2
S21401EDD0013C0392A3F140012A4603A8019317F0D0
S21401EDE03CF9039F2F4AE41BA2FB0412009030213A
S21401EDF0049204A82A4617F030F9DDF810B08146CF
S21401EE00A4EB0B0401220594102144F2100405A87A
S21401EE1017F023F9009B1A02019B42EA091244EA01
S21401EE200344059B42EA000907EB0B001844FFF771
S21401EE308BFC00F50C57283740F6FF711A4B384605
S21401EE40C3F8C010A3F58053C3F8C090A3F5805350
S21401EE50C3F8C440154C276001F0B0FC4FF47A7239
S21401EE60134B4042986523680A49B3FBF2F3A8F8AE
S21401EE70043096F82B30B7FBF2F08AF800500B708E
S21401EE8017E7002734E700BF004001B8B06700204D
S21401EE9010610020AB6A00207C5300203053002014
S21401EEA069C2F568911E856B006001B86453002045
S21401EEB0001F00B0AC6A0020346A0020014B1870B5
S21401EEC0704700BFAD6A002010B5044603F012F883
S21401EED078B1174B1B786BB964B1164B1B784BB1E5
S21401EEE0154B1B78013B012B04D84FF40042134B02
S21401EEF0DA6710BD124BDB6F1B04FAD41BF0D1FA94
S21401EF004FF400420F4B0446DA67A3F5A0435B6853
S21401EF102BB1FEF741FF10B1022017F0D9F80222FB
S21401EF20094B2046BDE81040C3F884241BF0B4BA50
S21401EF30116100201261002068530020002002B8F1
S21401EF40000002B8001002B800D003500122024BA4
S21401EF5000201A70FFF7B8BF116100200022024B93
S21401EF6001201A70FFF7B0BF11610020F7B5064601
S21401EF70504C00F037FD504B2578504F1E7085BB26
S21401EF802846FFF7A1FF2378013B012B19D8E37B25
S21401EF9001A88DF80430237C8DF80530E8F7AEFF24
S21401EFA0C7F884544FF6FF72454BC3F88420F82205
S21401EFB0A3F58053C3F884200022404BC3F8842471
S21401EFC00DE04FF6FF723E4BC7F88454C3F8842019
S21401EFD0F822A3F58053C3F88420C7F88454394B2C
S21401EFE05BE00020FFF770FF2378013B012B08D878
S21401EFF0E37B01A88DF80430237C8DF80530E8F713
S21401F0007DFF0023C7F88434002ECBD062685AB344
S21401F0102D4B1B6803EB5203B3FBF2F3013B1B02C0
S21401F02043F0F80326782649022E284A1ED0032EDE
S21401F0304FF6FF75214826D0012E34D143F0020346
S21401F040C1F88450C2F884300723C0F88434E37BC7
S21401F05001A88DF80430237C8DF80530E8F722FFEF
S21401F0600120FFF731FF17E0F823DBE74FF6FF70CB
S21401F07043F00103C1F88400C2F8843006220F4B26
S21401F080C3F88424E3E743F00503C1F88450C2F8CB
S21401F09084300423C0F884340D4B4FF080420020A6
S21401F0A0DA6703B0F0BDC1F88450C2F8843000239B
S21401F0B0F0E700BF685300201261002000C0035033
S21401F0C0006000B8002002B87C530020005000B851
S21401F0D0001002B8F0B5294F06463D4604460FCE4D
S21401F0E00FC5336885B02B6000F07CFC0022244BF2
S21401F0F0C3F88424A17A627A42EA0142C3F89024D2
S21401F100217CE27B42EA0142C3F88C24217B627BAC
S21401F11041EA0240C3F888043B78032B2AD8DFE88B
S21401F12003F022020C178DF8041004218DF8052037
S21401F1300DEB01000022E8F781FEE37B00228DF84B
S21401F1400830237C042102A88DF80930E8F776FE02
S21401F150637A01228DF80C30A37A042103A88DF876
S21401F1600D30E8F76BFE074B187805B0BDE8F040A8
S21401F170FFF7FCBE212005B0F0BD00BF685300209C
S21401F18000C0035012610020034BDB6F002BBCBF95
S21401F190024BC3F888007047000002B8004000B870
S21401F1A02DE9F04716F0F8FF4FF47A762D4BB0FBB9
S21401F1B0F6F618604FF4FA73734307462A48190E99
S21401F1C01B021818294A4FF0000341F10001FBF712
S21401F1D081FE274BA0F5807205461A6320B94822A6
S21401F1E02B21FDF753F801254FF47A724FF0000AF0
S21401F1F06A43534650083102FBF76CFE1C4B1D4A0E
S21401F200B7F57A7F9A601C4B4FEA056819601B4B6D
S21401F2108946044618604FEA152505D29B222B2104
S21401F2205046FDF733F801264FF47A73A8FB030125
S21401F23003FB05117308C01841F100010023324693
S21401F240FBF748FE0E4B023419600E4B49F10009DC
S21401F250A408186044EA8974054B013C9C63BDE828
S21401F260F08700BF7C53002020A1070040420F001A
S21401F27000C001B8021101008C5300208853002001
S21401F28084530020805300201022044BC3F88421AD
S21401F2905A600122024BDA60704700BF00E100E0CD
S21401F2A000C001B81022064BC3F88421C3F884209D
S21401F2B0BFF34F8FBFF36F8F0422024BDA607047A4
S21401F2C000E100E000C001B810B50446A242A2EB7E
S21401F2D00000A3EB010104D2034B01399B6B013300
S21401F2E0184401F0030110BD00C001B838B501256E
S21401F2F00A4B02019D504FF480730446084A83402E
S21401F30053661BF0CEF8074AA540137823EA050397
S21401F3101370BDE838401BF0BFB800BF00E101B86C
S21401F32000E001B81B6100202DE9F84F164605469E
S21401F3308A461F461BF0B5F8022E00F090808046E4
S21401F3401BF0BCF8594B5A4AD3F82090147D5A6EDC
S21401F350E4B2520744BFD3F82090013404F003040A
S21401F3601BF0A7F84846214600F036FA8446DAF83C
S21401F3700000012E04BF01306044ACEB000C08BF56
S21401F380CAF80000BCF1804F7DD300F037FA814502
S21401F390A1EB040188BF454BDFF834C188BF01F1FA
S21401F3A0FF3101F0030188BF9B6BA0EB090E0CF83F
S21401F3B00510A1B1F90742BF41F61F723D4B5A67CE
S21401F3C0BA0742BF3B4B3C4A5A677B0742BF002203
S21401F3D0364B9A673C0742BF0022344B9A6511248C
S21401F3E04FF0010A314B05F11002120103EB051B28
S21401F3F0CBF80C0131499C501A6A0AFA05F4586E8A
S21401F4000B78A2EB0902E4B2234372450B7025D3B5
S21401F4104FF48073AB40034220D11CF80520002A2C
S21401F42040D10EB3264AF807536607D541F61F7139
S21401F43040F201101F4B596750675967B90706D547
S21401F4401C4B1D4A1E491F485A6748675A677A0768
S21401F45042BF01221C4B1A613B071AD440461BF0DF
S21401F4601BF80120BDE8F88F184A2D0142F805A0C7
S21401F47042F89C3C1BF015F810490B7823EA04036C
S21401F4800B701BF009F840461BF006F80020BDE89B
S21401F490F88F2120FFF778FE4FF48032034B404669
S21401F4A0DA60DCE7064A40465366D8E700C001B892
S21401F4B0EC53002000E001B800001F1F1B61002074
S21401F4C000D001B800000101000002B800E101B857
S21401F4D013610020024B1878003818BF01207047CE
S21401F4E01B610020034B10300001185800F001008A
S21401F4F0704700BF00C001B870B50646FEF74CFC69
S21401F500044608B1FFF7CEFE0023084D3046AB6136
S21401F510EB612B6200F072F9054BC9B219752862CE
S21401F5200CB1FFF7B1FE002070BD00BF00C001B8EE
S21401F530EC5300202DE9F0419DF818800D46B8F1F6
S21401F540000F08BF0022214EB5F5803FB16807467F
S21401F55021F4700141F4A001B1609DF820409DF8AE
S21401F5601C104FEA042444EA016444EA031444EA02
S21401F570084444EA02044FF0180140F2E9222CBF85
S21401F580002001207465FCF781FE3564B8F1000F98
S21401F5901AD00F4BBC68D3F888305A2C38BF5A247F
S21401F5A05B0606D500F0F0FB18B10A4BB3FBF0F38F
S21401F5B01C44204600F022F90130854238BF002263
S21401F5C0024B34BF5A645864BDE8F08100C001B8EC
S21401F5D000C000B800093D00214B10B51A6E1A662E
S21401F5E0596C59B11F49C96800292EDB596D4FF076
S21401F5F0FF3301F00F018B409A4326D110242020BF
S21401F600FFF7C2FD184B9C6002F088FB2022174BC7
S21401F610C3F8842101F0F4FC48B10022002008213F
S21401F620FEF71CF8124B5C66A3F580531C670D4A67
S21401F630D36803F07063B3F1807FF9D9084B0D4AA4
S21401F6405A6741F201429A6710BD01F0D9FC0028C1
S21401F650F4D0094B064A5366A2F580521367EDE7CC
S21401F66000C001B8000002B8001002B800E100E0D6
S21401F67000E001B8011B01181000002008B5212088
S21401F680FFF782FD4FF48032014BDA6008BD00BF00
S21401F69000C001B8F8B5184D04462B6A1B0426D5E0
S21401F6A000F0E6FB2B6AA0FB044613F0787F4FEAD6
S21401F6B09367C3F34450C3F3044505D140F25A425D
S21401F6C02B21FCF7E3FD0120AD01B5FBF0F010EBBB
S21401F6D0871005D140F25F422B21FCF7D7FD0120B0
S21401F6E00246002320463146FBF7F4FBF8BD00F046
S21401F6F04BFBA0FB0401F9E700C000B8024601205D
S21401F70030B50B4CA0F12003C0F1200524FA05F515
S21401F71004FA03F32B4304FA00F595428B4100D318
S21401F72030BD0F2801D00130ECE7FF20F8E700BF1D
S21401F73040420F0010B50C46FFF7ACFFC30943EA81
S21401F7404163C01A61EBD111FFF7D8FFFF2814D02F
S21401F7500F220C4B40F01000C3F88820A3F580530D
S21401F760C3F88800A3F580531B6ADBB2802B06D052
S21401F7702046BDE8104000F067BB212010BD0220E6
S21401F780FCE700BF00E000B838B51AF097FE084B5A
S21401F790084A1D6A147D5A6EE4B2520744BF1D6AB8
S21401F7A001341AF086FE284604F0030138BD00BF76
S21401F7B000C001B8EC5300200346064A103302EBA2
S21401F7C000111B01D1F80C01D158C1F3400116F00C
S21401F7D08ABC00BF00C001B8064B1B68434303EB5D
S21401F7E08171054B1B68A3FB003013F1004341EB0D
S21401F7F00000704784530020805300200C4A20F0FC
S21401F8004043014610B5002014684FF00042E4FB67
S21401F8100320084A890F126802FB0300064B9B6B04
S21401F820984204D901330131C01A01F0030110BD19
S21401F830885300208C53002000C001B8044B01F00F
S21401F840F071103041F0030100011950704700BFFC
S21401F85000C001B808B52220FFF796FC4FF48022BD
S21401F860014BDA6008BD00BF00C001B808B5064B01
S21401F8704FF030401A6805499200FCF727F8BDE8BA
S21401F880084001F0E3B800BFBC730400C073040075
S21401F89070B50C68651C15D0C4F302669E42C4F3AD
S21401F8A0074530D1A4B294422DD804EB8506B24266
S21401F8B029D2141BA50824F003040E59340F04D0D2
S21401F8C0012C08D00022212402E06B1C51F82320D1
S21401F8D0C0E9002470BD0E4C34F8133042EA0343ED
S21401F8E01A686B1C51F8234001EB83014B682240D8
S21401F8F05E4036F0704404D11B0F032B04BF8B68A7
S21401F9001A430024E4E7013501EB8501C1E700BF96
S21401F9109473040007B501A8EBF7D0F84822164BFC
S21401F9205A65164AD2F8D43023F4FC33C2F8D430E0
S21401F930134B1B689DF80530023B012B19D840225A
S21401F940104BC3F8FC23104BD3F85C32DBB2FF2B11
S21401F95000D10623094A1B03D2F8FC139BB20B43C2
S21401F960C2F8FC33D2F83021084B1A6003B05DF8B8
S21401F97004FB00F0E7FEECE7008001B8000002B8E7
S21401F980002000B0001002B80080E00F20530020D5
S21401F99000224FF400710F4B10B51A675A679A6729
S21401F9A00D4AD162012102F5E8325161DA6812F09E
S21401F9B0706FFBD14FF0304201245A6602F5FC52BB
S21401F9C008329C66DA64054B1B689847044B5C61F9
S21401F9D010BD00BF000002B8004000B8B4670020A8
S21401F9E0002002B801230F4A0F49C2F880328A6A02
S21401F9F022F002028A620D4A53600D4A53600D4A94
S21401FA005360A2F580425360A2F54042536002F56E
S21401FA10C032536002F580425360A2F50042536043
S21401FA20704700BF0080005000C0005000D000B8F2
S21401FA3000500054005001B808B5FFF7D3FF0E4B35
S21401FA400E4ADA6700F076FEFFF764FF03220C4BDE
S21401FA50C3F8E020012203F54043DA674FF46072F1
S21401FA605A614FF40072DA67FEF778FBBDE808408A
S21401FA700021FEF74FBB00BF000002B80048F000AF
S21401FA80005001B82DE9F04F054687B002900F46A9
S21401FA9057F8044B631C06D1029B2C60E81A8010B1
S21401FAA007B0BDE8F08F5FEA147B18BF0123344A24
S21401FAB0C4F3016108BFC4F3074332F81120A4B2AE
S21401FAC04FEAC30A2F4844EA02440AF104022A44D0
S21401FAD082421BD20722CA4002F0010201929A001A
S21401FAE004EB830303930123B94603FA0BF808F0EA
S21401FAF0940305F1080604920593039B09F1040992
S21401FB00A34208D1049955443944C0E71D4A954299
S21401FB10E0D80020C4E7059B53B918F0420F19D16D
S21401FB2018F0280F0BD146F8084C59F8042C21E0A0
S21401FB304FF4206232210020FCF7A8FBF3E740F6E1
S21401FB40042232210198FCF7A1FB04F5805246F805
S21401FB50082CEAE740F60D2232210198FCF796FBC5
S21401FB6004F50052BBF1010F46F8082CDDD159F817
S21401FB70042CD24346F8042C04340836BDE700BFF3
S21401FB8094730400003000B0F8B50546F0B10026C5
S21401FB90154B34461F46154953F8042BBAB9A00035
S21401FBA000F13040294600F50150FFF76BFF30B9F0
S21401FBB040F6AE323621BDE8F840FCF767BB0C4B89
S21401FBC00134044447F8265023F81640F8BDAA42EB
S21401FBD0FCD001360C2E02D031F81640DCE740F698
S21401FBE0C83236210020E6E790530020E259002073
S21401FBF0E459002070B50446A8B1C1B1384A52F89C
S21401FC00043B984215D1002336498A689206FCD4F3
S21401FC109B00354A03F1304303F50153C2F8B03077
S21401FC202022324B9A6070BD01330C2B02D1304D2D
S21401FC3012E0012352F8041BA142F5D12D4A32F8F5
S21401FC401330E1E704D16268C3E90012083403E027
S21401FC50012A01D1043419602268531CE3D0C2F38F
S21401FC60016335F81300110C93B211F0FE0F43EA4D
S21401FC70004360680DD00434CAB2022A2168E1D973
S21401FC80D4E90160033AC3E9001698600C340C33DA
S21401FC90F3E7120F072AD9D8DFE802F00704090DA7
S21401FCA01013181DC04303F500531860CEE71A68F9
S21401FCB042401A60CAE703F58053F6E716F008FAE1
S21401FCC0C4E7012203F580538240F2E7012203F5DF
S21401FCD000538240EDE71A6830EA0202FBD1B5E72D
S21401FCE090530020000002B8001E00B0001002B8B9
S21401FCF094730400E25900200122014BDA67704731
S21401FD00001002B80122014BDA677047002002B8E2
S21401FD104022014BDA677047002002B84022014BAF
S21401FD20DA677047001002B80B4B1B68D3F8E43053
S21401FD3023B11A68022A01D9186A7047074B9A6DCF
S21401FD4090B238B1064BC2F307421B68DB08534337
S21401FD50B3FBF0F0704700BF08540020004001B824
S21401FD607C530020064BDB68C3F30363984206D13D
S21401FD70044AD36B23F0F00343EA0111D1637047C1
S21401FD80000002B8001F00B0054B1B68D3F8E43032
S21401FD9013B11A680A2A01D8FFF7C6BF186C704754
S21401FDA0085400202DE9F743064616F08AF9002488
S21401FDB08046DFF890901AF074FB0DF107010546B6
S21401FDC00DF10600FEF75AF89DF806308BB9721C45
S21401FDD029D016F076F9A0EB080428461AF05CFB49
S21401FDE09DF8063013B99DF807303BB3A642E2D81A
S21401FDF024E0D9F80C3013F4603FE8D0D9F81000AD
S21401FE0016F0CCF9731C074603D016F05AF9A0EB8E
S21401FE10080428461AF040FB17F5007FE0D0384664
S21401FE2003B0BDE8F08328461AF036FB9DF806308D
S21401FE30002BC0D19DF80730002BBCD1004FEEE758
S21401FE4000FEFFFF00C000B810F1800F04D04D285F
S21401FE50CEBF7F20323040B2FF22044BC0B21A62BE
S21401FE60A3F5805318620020704700BF00E000B879
S21401FE700B4A10B5136E0B4C116E03F00703E35CCF
S21401FE80C1F3CD0101FB0333126E0748C2F34542AD
S21401FE9002FB033300688001B0FBF3F010BD00BF26
S21401FEA0004001B88C7304007C530020084910B54B
S21401FEB0D1F89C3040B11C46CA68D1F89C309C42AF
S21401FEC0F9D1C2F30362027003F00F0010BD00BF48
S21401FED0000002B8094B01F080011B6F03F4800398
S21401FEE00B4309D14FF40012054B1A62837F1BB1F5
S21401FEF00122044BC3F80021704700BF000002B87E
S21401FF00006001B8005001B82DE9F04F404F80461F
S21401FF1085B038680C4615F0DBFD20B90024204674
S21401FF2005B0BDE8F08F224600214046FBF73EFBB8
S21401FF30384B5D6915F00105F0D1FCF701F806466E
S21401FF400028EBD03F68384615F0FAFC4FF6FF73F1
S21401FF50984234D04FF060512F4E304B304AD3F890
S21401FF602090D6F88C3011624FF00061A2F58052D5
S21401FF70116224220421C6F88C202A4A4FF4804BB1
S21401FF8091604FF480520027DFF8A4A0CAF868B049
S21401FF90F262A7421ED30421234A9160A2F5F032F1
S21401FFA0C2F88C304FF060521D4B1A6209EA020308
S21401FFB01E4A13624FF480421D4B9A66AFE73146E4
S21401FFC0384615F061FC01463846FCF7FDF8002876
S21401FFD0C0D0A3E7B26E5104FCD5B268D205F9D5FC
S21401FFE0CAF868B0D6F890200135012D0392D0D911
S21401FFF0E21B042AA8BF042208EB070003A9019309
S2140200000092FBF763FC009A019B3A4497B2C0E762
S21402001008540020000002B8004000B8004001B8B2
S214020020006001B8001002B8002002B8005001B803
S214020030006000B84FF604014FF60502044B01209B
S2140200401B6C9BB28B4208BF1346024A136670476C
S2140200500080E00F00C001B82DE9F74F81460F4639
S2140200604FF0FF35FFF790FB002601908A462C469C
S2140200703046DFF8D8B006F110031B015BF80330F8
S21402008003F00308B8F1010F15D13046FFF794FBD1
S21402009002460B4601985146FFF716F9DBF8643024
S2140200A006F10802D340DB0739D5002F40D00025E1
S2140200B02C463E6040460136082EDCD160B3234A09
S2140200C00027D2F808C0916B0CF440330131A4FB30
S2140200D00141641941F10001B3F5003F30D1536B81
S2140200E00CF4405C013347F10006BCF5805F22D178
S2140200F0156B15F5807505FB06F647F1000203FB46
S2140201000266A5FB03323244594304FB0212A3FBE8
S21402011004341444C9E9003403B0BDE8F08FA842A1
S21402012071EB0403C6D207B13E6005460C46C1E732
S2140201303D463C46BEE7320242EA13621B02E3E752
S214020140136B13F5807347F10002DDE700C001B8B8
S21402015008B516F037F8044B5A7C01230232934056
S214020160024A536108BD00BFEC530020002000582D
S2140201702DE9F34105460F4668461146FFF76CFF28
S2140201800646B0B1AFB1DDE900321B0A43EA0263AC
S214020190A5FB0384094B120A05FB02441A6812B92E
S2140201A015F0FAFF0246002340462146FAF792FE71
S2140201B03860304602B0BDE8F08100BF7C530020B4
S2140201C037B50446FFF70EFCE17822791B4841EA70
S2140201D00243C0F8CC34E579A37943EA0543C0F874
S2140201E0D03423784BB18DF8041004218DF8052005
S2140201F00DEB01000022E7F721FE63785BB10421D4
S214020200A37900228DF80430E3790DEB01008DF816
S2140202100530E7F713FE227801235AB1084AC2F8DE
S214020220C834627802233AB1054A0020C2F8C834BC
S21402023003B030BD034AF2E7024AF6E700C00350B5
S21402024000D0035000E0035070B52C4B0C461A78D1
S21402025012B92B4A926D1A702A4AD26F52054AD5A3
S2140202601D78294B05F00F06B0FBF3F040434FEA2A
S214020270151505D140F27C622B21FCF707F8012008
S214020280224A0A217243B2FBF0F34843B3FBF1F66B
S21402029002EB5002B2FBF0F201FB1633042BD2B291
S2140202A007D8C3EB8310C3EB80035BB283B96DB28E
S2140202B017E0C3F10B0303EB8303DBB2B3FBF1F3EB
S2140202C02B44DDB20F2DF2D9013AD2B2053DEEE74C
S2140202D0053B5BB293FBF1F31D44EBB26DB2002D0E
S2140202E004DB002042EA0512226070BD01320533AB
S2140202F0D2B25DB2F5E70220F7E700BF1C6100202C
S214020300008001B8000002B8403B250080969800A5
S2140203104FF0000C2DE9F84FA2FB017BC84EDFF828
S2140203205CE3BE1999466BF10003B6457CEB03030A
S21402033008D240F23E220E216046FBF7A7FF0220BB
S214020340BDE8F88FD0F8E4A00C461546BAF1000FC7
S21402035004D0DAF80030032B00F21B81B94BBA4AFC
S2140203609B6BD2F8FCA0C3F31408B84BD3F8EC305E
S2140203705E00B64B48BF48F400181B6E48EA456854
S21402038058074EBF4FF440039B0503F0E07348EA5C
S214020390030818F005FA012D0646D0D10028CED063
S2140203A0AB4B984200F0048103F5122303F5F86381
S2140203B0984200F00381A74B984200F02F81002557
S2140203C002462B4600204FF00071FAF783FD2B46BB
S2140203D0013007FB03F3C8F3130100FB0B33A1FB49
S2140203E00662A7FB007001FB0522034420339B092B
S2140203F0C9F80030F60C984B46EA423618F4801FCD
S2140204001C6008BF7642954B954DC9F8144034449B
S2140204101E602C60BAF1000F00F0B98000239149EB
S214020420C8F381528A5C194618F0807F18BF6408A8
S214020430002EB8BF764292066008C2FB060122462C
S214020440FAF748FDDAF800300E2B08D97F4B7D4AC2
S214020450926BD969D3F80C31C90600F1D68018F42C
S214020460001814BFC42240F207127F49C0F31300DB
S214020470A1FB04614FEA511102FB01F1C9F8040025
S214020480DAF818004FF4FA73B1FBF0F118BF4FF028
S214020490000801FB03F3A4FB0262FA33A3FB00305D
S2140204A004FB0822B342904138BF0131C9B241F47D
S2140204B0006CC9F808C000297ED0DAF81C00A1FB3F
S2140204C0003624B1B4FA84F20E2A40F38880E2039E
S2140204D0002E77D1B2FBF3F2530003FB0113A3FB0A
S2140204E000764FEA044EBE454FEA144474EB060605
S2140204F009D34E003344A0FB0371BE4574EB0101E1
S21402050002F10102F6D2C2F30E024CEA023C4CF0B1
S2140205100063C9F8083018F043F92B68002B00F086
S2140205208880B3FA83F4D4F102044CBF1C4623FA43
S21402053004F44E4B9C4288BF6408002846D0B4FBA5
S214020540F0F3642100FB134201FB02F2904244D80E
S2140205505A1E52085B08013B120242EA0313C9F80C
S2140205600C3018F0E9F800285CD0B4FBF0F26421F5
S21402057000FB124401FB04F4A0425ED8531E5B0843
S2140205805208013A1B0243EA0213C9F8103000204F
S214020590D6E6042BDAF828807FF4FBAE18F0807FCC
S2140205A00CBF08F0E0734FF4400328F0E078EEE664
S2140205B000232F481D460CE72120C1E600232D48C4
S2140205C01D4606E70B46002289E7044640F2C24271
S2140205D02B210020FBF75AFE2346013BB8E7C2F167
S2140205E00F0702F1110E06FA0EFEFB4043EA0E0357
S2140205F0A7F1200E26FA0EFE43EA0E03FE40013352
S21402060004FA02F246F1000662E702F4801203F4EC
S21402061000131A4308BFC0F5801020E700231648CF
S2140206201D46D6E640F2E5422B21FBF72FFE621E60
S214020630A4E70028C9D01C46CFE71446F7E700BF58
S214020640006CCA88008001B8001F00B0004001B8E4
S21402065000F04902005A6202C8530020C453002028
S214020660C0530020A4730400D34D62103FBE402541
S2140206700A3BB2DF313641DCD694BFD6807C814A53
S21402068010B50B46044686B039B98279016821480E
S2140206906B460068FFF73CFE6B461F4A19685163BB
S2140206A01E4AD2F8FC2062B35A6842B11C4A1D495F
S2140206B0C2F80C115968A2F58052C2F80C119A6859
S2140206C042B1174A1849C2F8EC109968A2F580524E
S2140206D0C2F8EC101549D868D1F8642122F4EE620B
S2140206E00243C1F86421D1F85C21186922F4EE6253
S2140206F00243C1F85C21A1F5FF4158692839FFF78A
S214020700A3FD0020A2880A4B9A6203F5A033186460
S21402071006B010BD08540020008001B8001F00B0CB
S214020720006001B8FFFF0F00FFF8FF0F000002B8DD
S214020730004000B84FF48062014BDA67704700BF92
S214020740001002B84FF48062034BDA67034B1B7843
S2140207500BB1034A93657047002002B81C61002063
S214020760008001B840B10368012B05D90069034B2C
S214020770002808BF1846704700487047AC7304004C
S21402078010B590B10468012C0FD902696AB11168DC
S214020790094B102C196051685960916888BFD2685D
S2140207A0996094BFD960DA6010BD10220021024819
S2140207B0FAF7FCFEF8E700BFD0530020084BC1173B
S2140207C01A68A2FB000302FB013310F1807043F1AA
S2140207D00003400E40EAC310803820EAE0707047FB
S2140207E0E05300200722164B70B5DA66154B164A00
S2140207F01D68164BEC08E005C0184FEA153141F1AA
S21402080000010023FAF766FB114B124E18604EF6F3
S2140208106020FFF7D3FF4042C6F884000E48FEF77A
S214020820EDFF024658B1E301500818184FEA157159
S2140208304FF0000341F10001FAF74CFBF06570BD82
S214020840000002B87C53002065CD1D00B2E60E0003
S214020850E0530020001F00B040420F0010B50446CF
S21402086098B10B4BD3F8FC00FFF78AFF4FF47A736C
S21402087003FB04F0074BA0F6AC50DA689B68104402
S214020880C01ABDE81040FFF799BF4EF66020F8E7A1
S214020890001F00B0D05300202DE9F8430546084655
S2140208A014461E46FFF76CFF0DB306F0020716F05D
S2140208B004061ED1DFB14FF47A706B685843002BE2
S2140208C040F08C80FFF77AFF60626B69002B00F0C5
S2140208D08C804B4AD0684FF47A7202FB0300A0F574
S2140208E003501038FFF76AFF2062002E57D1BDE88A
S2140208F0F8832869002868D04FF47A735843404B2F
S214020900A0F6AC509B68C01AFFF758FFE061A88BB0
S21402091000285DD04FF47A735843394BA0F6AC509A
S2140209209B68C01AFFF74AFF2061364BE968D3F886
S214020930008000294FD04FF47A735943304BA1F60A
S214020940AC519A685B68891AC91A2F4BC8171A687D
S214020950DFF8BC90A2FB011302FB003311F1807199
S21402096043F10003490E41EAC3118039274B616106
S214020970DB6EA361D9F8003053B1404615F0A2FAF7
S21402098030B12246D9F800301D49D8F8D800984729
S2140209900021A869FFF762FFA062002F8BD1A8682A
S2140209A030BB47F23050FFF709FFA0604FF47A7071
S2140209B02B6858432BB1124B1B6803F51C5310339C
S2140209C01844FFF7FBFEE06091E74EF660209BE7D7
S2140209D04EF66020A6E74EF66021B6E7084B1B6887
S2140209E003F51C53103318446CE747F2305079E78E
S2140209F04FF47A735843A0F503501038D3E700BF7C
S214020A00D053002008540020E0530020001F00B0FE
S214020A10CC53002038B5054608461C4615F074FB34
S214020A200246D5F8E400FFF79DFE4368A018002BA7
S214020A30044AA8BF4FF4FA721A44034B92FBF3F22D
S214020A40104438BD0CFEFFFF18FCFFFF70B5124CB9
S214020A5088B001AD0FCC0FC594E8070085E8070003
S214020A608C2200210D48FAF7A1FDD42200210C4861
S214020A70FAF79CFD0B4B0C4A5A6301F04DFA0B4BEE
S214020A801B783BB1044E01AD0FCD0FC695E80700AB
S214020A9084E8070008B070BDC41F00B0A01E00B0F6
S214020AA02C1F00B0001F00B0101111110F610020A2
S214020AB008B519F0F6FC0E4B1A78A2B90D4A126860
S214020AC012F4843F0FD10C4A1021D1671B7863B908
S214020AD0084B1B68DB0508D4074B2022DA67BDE803
S214020AE0084019F0D9BC054AEEE7044BF5E700BF0B
S214020AF022610020A0150020002002B8001002B8D3
S214020B000A4B197801F0FF0229B100211970084931
S214020B109202C1F8B420597801F0FF0229B10021EF
S214020B2059709302024AC2F8B83070471D6100201D
S214020B30005000B8064BD3F8D80E064B5B6F1A016E
S214020B4003D4054B9B6E1B0401D500F580707047DD
S214020B50001000B0000002B8004000B810B519F04E
S214020B60A0FC0E2104460320FFF7FCF840F2012207
S214020B70034B2046BDE81040DA6219F08DBC00BF78
S214020B80004000B808B519F08CFC4FF00042224B2A
S214020B90C3F88020BFF34F8FBFF36F8F0122C3F8D5
S214020BA08420BFF34F8FBFF36F8F0222C3F88420D7
S214020BB0BFF34F8FBFF36F8F0422C3F88420BFF3B7
S214020BC04F8FBFF36F8F0822C3F88420BFF34F8F77
S214020BD0BFF36F8F1022C3F88420BFF34F8FBFF38B
S214020BE06F8F2022C3F88420BFF34F8FBFF36F8F1F
S214020BF04022C3F88420BFF34F8FBFF36F8F4FF4AA
S214020C008072C3F88420BFF34F8FBFF36F8FBDE8A7
S214020C10084019F041BC00BF00E100E008B519F039
S214020C2040FC4FF00042094B1A6001225A6004222F
S214020C305A6008225A6010225A6020225A604022C5
S214020C405A60BDE8084019F027BC00BF00E100E08A
S214020C50012370B5074C2370074B1E68074B3240C2
S214020C60D3E9005319402840FCF7F8FC0023237010
S214020C7070BD00BF20610020E8530020A0150020B0
S214020C800022044B1A70044B197811B11A70FFF740
S214020C900FBF704721610020226100202DE9F04736
S214020CA0DDF820A003EA0108099B06460C4602EA84
S214020CB0000703EA0A09BAF1000F40F04E81031F4B
S214020CC00B4300F00E81052871F1000380F0E480EA
S214020CD050EA010300F06081431E0B4300F02481BA
S214020CE0FFF750FFAD4AD2E9005323EA040325EA90
S214020CF006053D4343EA0807A94BC2E900571E68AA
S214020D00DFF8F48226EA0A0646EA09061E60FFF7BC
S214020D10CFFE15F02A4F14BF48F202034FF40043E9
S214020D20A04AB007D26EA04848BF43F4005383EAF5
S214020D30020122EA0302C2669C4A0B408166D3661F
S214020D40C5F380421203290348BF42F48072EB06C1
S214020D5048BF42F40052964BAC0648BF42F40072BB
S214020D606806D3F80C3248BF42F48062290648BFB0
S214020D7042F400628F4882EA030123EA0203C0F8C3
S214020D800C328D4B0A40C7F34024A404C0F8081264
S214020D90C3F80C22EA0448BF44F48034AB0348BFCD
S214020DA044F48014A80748BF44F4800415F4001FD6
S214020DB006D0D8F8000015F0DBFA08B944F400248F
S214020DC0E90248BF44F40034FA0648BF44F400047B
S214020DD073077A4B48BF44F004041A6A44F40014BA
S214020DE084EA020323F0010375491A400A621C4092
S214020DF0CB61744B16F0010F1C62734B734A18BF1B
S214020E001A46734B7C071B6F48BF42F0006271485C
S214020E1082EA030123EA020303676F4B0A40416634
S214020E201A676E4A05F00103516CA0F5803081EA1C
S214020E30030221EA0301416482631A40684B2802D6
S214020E405A64D8F8002048BF664B92F8F62058BF7E
S214020E50654B690748BF43F4806322B115F4C06F3F
S214020E6018BF43F480733207604A48BF43F000431A
S214020E70D2F8EC105E4883EA010222F4A022114066
S214020E80C0F8EC101340C0F8E0205A4ABDE8F0471C
S214020E90C2F8EC30FFF7C2BEA0F580630B4306D063
S214020EA020F48063A3F500730B437FF419AF19F0A7
S214020EB0F8FA3A49D1E9003223EA060322EA0402A2
S214020EC042EA08023B43C1E900324B4A126892F8F2
S214020ED0F610474A09B313F4C06F1ED04FF480735E
S214020EE011E019F0DEFA2D4AD2E9003123F00403AC
S214020EF03B4341EA080157EA0807C2E900314FF4CA
S214020F0080633B4A0BD0C2F8E030A2F58052C2F8AA
S214020F10EC30BDE8F04719F0BFBA4FF48073C2F860
S214020F20EC30C2F8E030F4E719F0BBFA1B4AD2E91B
S214020F30003123F001033B4341EA0801C2E90031D4
S214020F4001232E4A57EA08071BBF9363A2F5805275
S214020F505364536408BF9363DBE750EA01037FF4EC
S214020F60BFAEBAF1010F7FF4BBAE19F09AFA0C4A83
S214020F70136823F0010343EA090313604FF4806306
S214020F80144AB9F1000F04D05366A2F580521367D3
S214020F90BFE713675366BCE7BDE8F087A0150020DD
S214020FA0E8530020004000B8006000B8005000B8C7
S214020FB0004001B8006001B8005001B8000002B855
S214020FC0002002B8001002B8041C00030418000334
S214020FD000C001B800E001B800D001B800C000B8F7
S214020FE000D000B80D0A0A09090A0A09004000548E
S214020FF000600054005000540854002000E000B87E
S214021000024B5868C0F3C000704700BFA01500200E
S214021010024B186800F00100704700BFA0150020C0
S214021020024B5868C0F3C030704700BFA0150020BE
S21402103010B50446FEF700FDFFF7A4FD2046FDF7B7
S214021040BDF8FEF7A5FCFEF7ABF8FEF71DF9FFF7B5
S214021050C9FB13490723134AD1F8FC1004F1F80020
S214021060FFF71AFC4FF080710020FEF7E7FB4FF007
S21402107000720D4B4FF400110120C3F80021FEF759
S214021080DDFBFEF7D7FF20B940F292321421FBF7C0
S214021090FDF815F0A0F8BDE810400120FDF766BF88
S2140210A0001F00B0581F00B000D001B88023074AC6
S2140210B01367082340B11367054AD2F8A03023F01D
S2140210C02003C2F8A0307047024AF4E7001002B8C4
S2140210D0001E00B0002002B810B519F0E2F9012196
S2140210E004460020FFF7E2FF044B1961044B5B68DD
S2140210F098472046BDE8104019F0CEB9000002B865
S214021100A0670020F8B5194C0546207840F2E44264
S214021110B0FA80F03E214009FBF7B8F855B960787E
S21402112040F2E442BDE8F840B0FA80F03E214009C1
S214021130FBF7ACB84FF440660D4F0E4DD7F8B430FF
S21402114040F2E442C3F381232370C5F8B4606078AA
S2140211503E21B0FA80F04009FBF798F8D7F8B8308D
S214021160C3F381236370C5F8B860F8BD1D61002023
S214021170004000B8006000B8F8B5084C084D236F70
S2140211800423084F2B67236F5B0300D4F8BD0426A5
S21402119002203E6714F09CFF2E67F4E7000002B8B8
S2140211A0001002B8002002B8A82238B51A4B1D6FEC
S2140211B003F500531A6710229A60A3F5804302F1E2
S2140211C000521A675A66FFF79BFC144B1B7813B93A
S2140211D00320FEF78BF80024114B9C67FFF7CCFF29
S2140211E0104A114BD2F8D81E0B40C2F8D83E042241
S2140211F00E4B1A670E4BAA06C3F8AC4008D503F589
S2140212008073DB6CB3F5817F22BF8022024B1A61AA
S214021210BDE83840FCF7C2BB000002B81F610020E0
S21402122000C001B8001000B0DF0000FF002002B8C6
S214021230001E00B010B549B930B3164AD3681B0E6B
S21402124013F00E0F20D193689A061DD4FFF786FC82
S214021250104C0020FEF72AFE032801D0092805D1EB
S214021260636FDB03F5D4E36D0C2BF2D9FFF784FF33
S2140212704FF40072084BDA62012203F5E8335A6132
S214021280042203F580531A674FF4C062034BDA62F6
S21402129010BD00BF000002B8004000B8006001B8F0
S2140212A008B503210920FEF75DFD2022014B1A61D5
S2140212B008BD00BF000002B838B5054619F0F1F8BF
S2140212C00E4B04461868FDF745F835B1FFF7D8FC13
S2140212D02046BDE8384019F0DFB8094B1B78002BD2
S2140212E0F6D0084B1D78002DF2D1FFF7C9FC2A462E
S2140212F04FF480400021FFF7ABFCE9E708540020DA
S21402130021610020206100202DE9F84F5C4B064643
S2140213100D4614461B6F002A40F0AE8013F0A00F55
S21402132014BF4FF001094FF00009FCF737FBA0236A
S2140213304FF0000ADFF868810320C8F87030FDF726
S214021340D5FF0420FDF7D2FF4E4FFFF799FC4E4B18
S2140213504FF0040B7B67C7F878A0FFF70DFF4B4BE7
S2140213604FF48071D3F8A020494842F02002C3F817
S214021370A020FF22C8F80820414A1161D0F8D82ED2
S21402138044491140C0F8D81EC8F870B0C3F8ACA0E3
S2140213907B6913F0060F04D0FEF75CFA5846FDF799
S2140213A0A5FFB9F1000F08D04FF400623A4B1A6756
S2140213B04FF40042A3F5E0339A6666B1374BDB6C16
S2140213C0180701D4FFF7CAFBFFF76AFF0420FDF7F0
S2140213D08DFFFFF795FB2A4B5A69D10747D5DA6886
S2140213E012F0706FFBD12E4B2E4A1A672E4AD36B21
S2140213F023F0F003D36315B12046FFF75DFF2B4BB6
S214021400D3F84C315A1C01D05B0002D50122244B82
S2140214105A6164B3214BDA6E03F500539A6603F5FC
S214021420D0331B6A1E4A23F00103D361204BD3F844
S2140214300C1203F50053C3F8081203F50053D3F851
S214021440841003F5005399671A4BD3F8EC1003F592
S2140214500053C3F8E010184B596C03F50053996318
S214021460164903F5803359664FF608431367002082
S214021470BDE8F84FFCF736BD4FF0000955E700BF50
S214021480000002B800C001B800000101001E00B052
S214021490001000B0DF0000FF001002B8004000B8E5
S2140214A0002002B810003000001F00B00080E00FDD
S2140214B0004001B80040005400C000B85000002FA1
S2140214C09B4B2DE9F04F9F6EDB6E85B01F40994B0C
S2140214D09F66994BD3F8E050D3F8EC301D40974BFB
S2140214E0C3F8E050964BD3F80822D3F80C3202EA3F
S2140214F00309944BC3F8089203F52043DA691B6A82
S21402150002EA0308904B08F47702DA618F4BD3F8AD
S2140215100422D20605D4D3F80431C3F30016DB0640
S21402152051D518F0BEFF8A4B5A695E6E1B6F12F0D9
S214021530060F06EA0306874A26F0007314BF4FF02A
S214021540010A4FF0000A23F400637407536604D5B9
S214021550814A137D0133DBB2137518F09DFF002F0D
S21402156000F0E28017F4004300F0D38018F099FFF1
S2140215700146FFF7DFFA0446784BD3F800B0DBF8F3
S2140215800020DBF800309A42FBD0DBF800209A42BB
S214021590FBD0FFF7CFFAA04217D1084618F07CFF1F
S2140215A06F4B1C606F4BD3F870B01BF4E0520ED139
S2140215B024F07F4424F0DF040CB9FFF7F5FD4FF06A
S2140215C0807B002414E0B246C9E70446D7E70192BE
S2140215D0FFF7EAFD5C4B019A1BF480541A6740F051
S2140215E09A801BF4806F0CBF4FF0805B4FF0806BCD
S2140215F0B80715D55B4A5448126F02F4604101677A
S214021600002900F08B80110400F18B8012F4005F39
S2140216100CBF4FF000524FF0006200244BEA020B60
S214021620C7F340377F00504A2A40002A4AD015F4B2
S214021630206F0AD040F6A31206210020FAF726FEF3
S2140216400020FFF739FE25F48025EB0506D5FF219D
S2140216503D4A4BF4C06B9160FFF780FA15F0090F14
S2140216600AD040F6B81208210020FAF70FFEFFF75C
S21402167017FE0121304A116315F0106F0CD040F6A8
S214021680C11209210020FAF701FEFFF709FE002227
S21402169011461046FCF736FE15F4202F0AD040F607
S2140216A0C91207210020FAF7F1FD0020FFF704FE19
S2140216B025F48025E80301D5FCF768FF002DB8BFA6
S2140216C047F0080769070DD51B4AD26A12F4005F75
S2140216D04FF4005217BF19492449CA624BF4000B53
S2140216E008BFCA626A0548BF4BF0040B15F4802394
S2140216F0019300F0A480FCF701FF0138062837D8D2
S214021700DFE810F028012B0128012E0131013401F7
S21402171034019B4655E74FF0804B52E74FF000727C
S2140217207BE74FF0004278E7BB463C467BE700BFCC
S214021730004000B8006000B800400054006000544A
S214021740004001B8006001B8002002B800E100E0E5
S21402175000C001B800E001B8EC530020407304005A
S214021760E4530020000002B8090B0B890050005415
S21402177040F6FA1203210020FAF788FD0121854877
S214021780826ED0F8883002F00702063201FA02F2C0
S214021790C3F30C0CA2EB0C0292B2072A12D97E4AB1
S2140217A0126F53020ED47D4B826B806D5B6D5BB104
S2140217B002F0070206329140C0F30C00091A89B201
S2140217C0072901D84BF4007B754A1278002A36D0D6
S2140217D0704AD2F8E02012F4A02F30D1714A724932
S2140217E012789AB9F20411D40A787AB14FEADB0277
S2140217F06E4842EA447282F00102D0F8D80E02F035
S2140218000102520020FA02F2930718D10420FDF7D3
S2140218106DFD674A67485067FFF732FA62490A78F1
S2140218204AB9654A127832B1644A654912680BEAC7
S21402183002020A4201D14BF4804B26F48056B9F1DB
S214021840000F1DD019F4805F18BF4BF4802B19F4DB
S214021850807F18BF4BF4002B19F4005F18BF4BF0C3
S214021860100B19F4007F18BF4BF0200B19F4806F91
S21402187018BF4BF0400B19F4006F18BF4BF0800BEB
S214021880B8F1000F48D018F4001F0AD04D4A13686A
S2140218903BB1414A4C48116F00680022C1F3C06157
S2140218A0984718F4802F18BF44F4007418F4803F49
S2140218B018BF4BF4805B18F4801F18BF4BF4003B34
S2140218C018F4800F18BF4BF0020B18F4003F18BF35
S2140218D04BF4801B18F4000F18BF44F0100418F4E1
S2140218E0002F19D0394AD2F8A02012F0C00F13D018
S2140218F02949CA68C2F30362032A01D0072A05D11E
S2140219004A6FD00602D48A6F120732D54FF40021EE
S2140219102F4A28F40028D161002E00F01B813305DF
S21402192040F18F802B48DFF88890C2782A49002A37
S21402193058D04FF40063013AD2B24B66C27032B945
S214021940264A1278C2B140F60141254A5167002262
S214021950002173E04BF4803B10E74BF4006B0DE77D
S2140219604BF4806B0AE74BF4807B07E74BF0080BDF
S21402197004E74BF4001BCFE7D9F8782012F4A05FF7
S21402198015BF4FF4807240F60142C9F85820C9F8D4
S2140219907820DCE700400054000002B8004000B89F
S2140219A0226100202161002024610020001000B086
S2140219B000C001B80000010123610020A01500202C
S2140219C0088D01001C53002008540020001E00B0A1
S2140219D0002002B81361002000E001B81F61002059
S2140219E000D001B80320FDF781FCD9F81420A84BDB
S2140219F012F0060F04BF41F61F72A649A64808BF9A
S214021A004A674FF40061A34A5166D9F8142012F0CF
S214021A10060208BFC9F878205A8A12F4006162D01A
S214021A2022F400625A82027802F0FF09002A5ED18E
S214021A30FDF710FFFFF7B8FB4A4620214BEA020BE0
S214021A400C43B00009D52E20FDF79EFB4FF0005147
S214021A50904A44F0080411675166F10606D52B2019
S214021A60FDF792FB10218B4A1167516616F0306F14
S214021A7005D1F20463D5BAF1000F00F0C08033013D
S214021A8017D52920FDF780FB844A526C12B110212B
S214021A90834A9160FFF7B4FA48B1824A82487D4988
S214021AA04A66026700F54050C068400422D444F0FB
S214021AB0040416F0007A28D00420FDF717FC27202D
S214021AC0FDF762FBFFF770FB4FF00071714A51663B
S214021AD0764AD2F8D82E520679D40221704A9160FC
S214021AE044F0020428E002784FF40052A6E74FF4CE
S214021AF000422DE70A6720204A66FDF745FB2D20A7
S214021B0044F00C04FDF740FBD3E716F0807FDFF8C5
S214021B108C9147D00420FDF7E9FB2820FDF734FB23
S214021B20D9F87820002A3AD1FFF73EFB594A5D4998
S214021B3044F00104116751660021584A9165720506
S214021B4008D55B498A78002A00F0D880013A8A7064
S214021B5000221743574AD2F8A020130603D5584648
S214021B602146FCF7C7F93A4658462146FFF770F871
S214021B70019B0BB1FCF7F8FC01224F4B05F0043534
S214021B80C3F8E0504D4B18F4002FC3F884211EBF53
S214021B904FF40022424BDA6105B0BDE8F08FC9F877
S214021BA078A0C3E7F104C7D50420FDF79FFB444A9B
S214021BB0C9F87420FDF74EFED9F8642012F0407F73
S214021BC0BAD12A20FDF7E0FAFFF7EEFA80E7394AA3
S214021BD0D2F8A0108B0683D402203A4988603A498C
S214021BE0096891F82510C8077FF57AAF92F8C420E5
S214021BF0002A3FF475AF8021344A116170E7344AF7
S214021C001268013202D04BF0010B98E728490A7994
S214021C1052B1013AD2B20A7112B9234A2D4951671A
S214021C2000224BEA020B8AE70420FDF75FFB032043
S214021C30FDF75CFB194A2249516718F032FC8146CF
S214021C400DF10F00FEF732F9234A824612780AB1E6
S214021C50FEF784FFBAF1030F0ED1DFF870A0002062
S214021C60FEF724F9032807D1DAF87420D103F6D454
S214021C70DAF85C200C2AF2D99DF80F20032A2FD11D
S214021C800121164A4846117018F006FCC8E700BF44
S214021C90EC53002000E001B81F61002000C001B82C
S214021CA0002002B81000002000D001B8001000B0DA
S214021CB013610020001E00B00060005400E100E046
S214021CC000000101001002B808540020000002B80B
S214021CD0A86700200000010D256100202161002078
S214021CE0094AD2F8E02012F4A02FC9D1FEF7C8FFA5
S214021CF0484618F0D1FB4FF4804292E70220FDF7E7
S214021D00F5FA012225E700BF004000540122024BEB
S214021D101A62DA61704700BF002002B80D4B10B598
S214021D20DC691A6A14400C4A24F47F01D161E20786
S214021D3006D5D9684FF0FF30C1F3036114F055FAA7
S214021D40630706D5BDE81040042200200021FEF7F6
S214021D507FBF10BD000002B8002002B80C4A08B5CA
S214021D60936B526C13400B4A9363DB070FD50A4BF7
S214021D7040F663421878122100F00100FAF786FA5C
S214021D80BDE80840002201200021FEF761BF08BD21
S214021D9000C000B800E000B8A0150020054AD2F83E
S214021DA08430DB07FBD4936FD2F884201340024AB8
S214021DB093677047008001B800A001B870B514465A
S214021DC00D4618F06EFB064BD3F8A06074402C400C
S214021DD07440C3F8A04018F05FFB06EA050070BD29
S214021DE0001E00B0034BD3F8A03099430CBF01206D
S214021DF000207047001E00B02DE9F04117460A4346
S214021E00012A1D469DF818409DF81C60DDF82080CA
S214021E1029D8B44227D2082E25D8032B23D8B8F1C6
S214021E20000F20D00A460021FBF71CFDFF21EB0025
S214021E309940C943DFF834C008F1FF38FF00E2B228
S214021E40964202D80020BDE8F0813D190CEB8505CC
S214021E50D5F8E02018F8010F0A4098401043C5F85C
S214021E60E0000134EBE72120EDE700BF001E00B0E2
S214021E70034B1868034B002808BF1846704700BF7C
S214021E8004540020909404002DE9F843DFF8609093
S214021E900646D9F8008008461746B8F1000F03D068
S214021EA00E242046BDE8F88306B3336801331DD1FD
S214021EB0E1B1FAF70DF805460028F1D0C9F800009E
S214021EC0FAF72CF8284613F0A4FC044640B1404624
S214021ED0C9F80080FAF722F8284613F095FCE0E7E6
S214021EE03560002FDDD02846B847DAE72124D8E748
S214021EF008540020024B1868003818BF01207047AB
S214021F0008540020002108B5024B08465B68984733
S214021F10002008BDA06700200523064AA2F84A3022
S214021F2092F8493003F0010363F0730382F84930F4
S214021F30704700BF001F00B00023F0B585B0CDE9A2
S214021F4001330393124B134D1B78134E8DF8043056
S214021F5018F0B4FA2A78337804469A420F4F0CD017
S214021F603178386801AA297014F074F950B140F635
S214021F7008210B4818F097FB04E0386814F04AF979
S214021F800128EDD0204618F094FA05B0F0BD00BF47
S214021F90896A0020BA6A0020BB6A00202454002006
S214021FA0C8480400F8B52B4B1B7823B140F6FC3129
S214021FB0294818F078FB18F081FA284B07461C8847
S214021FC014F0060409D001214FF4807017F0D0FAFD
S214021FD03846BDE8F84018F06CBA21464FF48070D7
S214021FE017F0C6FA204600F09DFF022808D180228C
S214021FF01B4B8021186813F0D6FCFFF79DFFE7E71E
S214022000204600F08FFF054638B1012807D040F67B
S2140220103141114818F047FBDAE70246E8E7FF22AB
S2140220200F4E104B30681A70FFF76CFF306814F0D2
S214022030F1F80128CCD02A462946306814F0ECF88C
S21402204021462C2017F0C0FA21460A2017F0BCFAC7
S214022050BEE700BF2B610020C8480400FE590020DE
S21402206024540020BA6A00200021014818F0C6B89D
S214022070206800207F2837B5044610D14FF6FF733C
S214022080022217480DF10601ADF80630EAF7D6FE31
S214022090BDF80640E2054CBF6FF04A0464B218F081
S2140220A00DFA104B05461C700F4B1B88DB0710D52C
S2140220B00E4B1B78002B0E4B0CBF21466FF07F0198
S2140220C0186813F095FC20B140F67861094818F0BC
S2140220D0EAFA284603B0BDE8304018F0EAB900BF75
S2140220E0641002C0B26A0020FE5900202C61002053
S2140220F024540020C848040010B50FF0DFF860B181
S2140221000FF0DEF80B4A80B141F20D03BDE8104035
S21402211041F20D01074817F07DBB074B1A781B7971
S2140221209A4204D100220023F0E70D23EEE7034A89
S214022130F9E700BF400D0300896A0020488D0100C0
S214022140F8B5164E0D46337802F0010423B140F27C
S214022150C531134818F0A7FA124B134F1D60134DE2
S214022160A4B1134B997801B10121202017F000FA8F
S2140221702B783B700F4B1C780F4B00211C700423EE
S21402218033700E48BDE8F84018F038B821462020D3
S21402219017F0EEF92B783B70EEE700BF2B610020BC
S2140221A0C84804001454002028610020BC6A00209D
S2140221B018540020296100202A610020206800208F
S2140221C02DE9F84318F07AF9DFF8A0810546B8F849
S2140221D00030614C13F4807F03D0237873BBFFF783
S2140221E0E1FE0021084617F0EFF95C4B1A78FF2A49
S2140221F013D01A7802F0FF0632BBFF221A70237839
S214022200052B0AD100232846237018F052F93046CF
S21402221014F0B0F818F052F905462378504E062B03
S21402222009D13378FF2B06D03378022B15D1002143
S2140222304C4817F0E3FFFF2333702BE000214FF4E6
S214022240807017F095F9CCE71A78012A4FF0FF0252
S21402225014BF33264C261A70D4E7337813B133787A
S214022260012B22D117F024FA07463E4896F8009032
S21402227001F0CEFBFF235FFA89F9337077B1B9F12B
S214022280010F44D16421374884F8009017F0B6FF56
S214022290FFF752FE284618F00CF906E0284627708B
S2140222A018F007F9384614F065F8B8F800301B063F
S2140222B005D50021802017F05BF912F06EFB01F0C5
S2140222C0E3FA294E308000B32778012F42D117F067
S2140222D0A9FE054610B3013018F0C3FA00F44060B8
S2140222E0B0F5006F1AD104223946284617F0DAFDF7
S2140222F0284418F0B6FA4FF6FF7398420ED1002023
S214022300318800F0F1FC00233380BDE8F883002317
S2140223102846237018F0CDF83F20C4E7114801F094
S21402232077FB002108462170012500F08FFC2378F8
S2140223300BB9FFF737FE0020318800F0D5FC0023EA
S2140223403380002DE1D020780028DED1BDE8F843A6
S21402235014F048B90025EAE72B610020B96A00208C
S214022360B86A002020680020FC590020FE59002090
S21402237008B513460A461946064B186813F0C5FBFD
S21402238030B1BDE8084040F2F441034818F08BB97A
S21402239008BD00BF24540020C848040008B51346F0
S2140223A00A461946064B186813F0A9FB30B1BDE879
S2140223B0084040F2FB41034818F075B908BD00BF5B
S2140223C024540020C8480400024B1878431E584282
S2140223D0584170472B61002008B5064B1B7823B185
S2140223E040F22551044818F05EF9FFF7DBFD0020A5
S2140223F008BD00BF2B610020C848040008B5054B85
S21402240001EB81011868490013F0F4FA002818BF9E
S214022410212008BD2454002008B5044B1868F9F79B
S2140224200FFF0A2390FBF3F040B208BD24540020AD
S214022430014B1878704700BFBB6A002008B5044BF2
S214022440186813F042FAB0FA80F0400908BD00BFDF
S2140224502454002038B5124D0C462B78012B04D993
S21402246040F246510F4818F01EF921460020FFF7A9
S214022470E5FF90B10C4B1C702B785BB9FFF792FD11
S2140224800A4B93F900100A4BC901186813F086FA32
S214022490002038BDFFF750FDF2E72120F9E700BF24
S2140224A02B610020C8480400BB6A00202D61002072
S2140224B02454002008B5074B186813F004FA30B10C
S2140224C0054BB3FBF0F083B20BB1184608BD0120F2
S2140224D0FCE700BF2454002040420F002DE9F347DA
S2140224E05C4E012018F0DCF83388990704D440F6D5
S2140224F03F41594818F0D7F8DFF8808198F8003045
S214022500053B012B04D940F64141534818F0CBF85D
S214022510524F3B6823B940F644414F4818F0C3F87F
S214022520348814F0200478D00121222017F04CF8C9
S2140225304FF47A74FFF7BEFF3B681B7809334343B8
S21402254004EBC30498F80030A5B2062B0BD117F0A3
S21402255077FC0446FFF7AEFF602358430C2303FBC9
S2140225600400284485B2D7F800903D4B99F80080C5
S2140225701C7808F1FF381FFA88F8002C52D13388ED
S2140225805A0505D409F1010018F06BF9C0F340149E
S2140225903449354A887812784B7812FB00F2334F6A
S2140225A093423B70A4BF9B1A3B703B78CA78BD60CF
S2140225B0934238BF13463B700EF088FE002833D095
S2140225C00EF082FE012814BF10250825254300239D
S2140225D0DFF8ACA00093802243464946DAF80000B2
S2140225E013F03AFA20B14FF43B611B4818F05BF83F
S2140225F01F4BDAF8000019781E4B197033889B06B9
S21402260014D52A461C4B009713F022FEC0B90020B0
S21402261002B0BDE8F04718F043B82146222016F073
S214022620D3FF87E70024B3E72546D0E72A460F4BB9
S21402263013F00CFE014618B9252016F0C5FFE6E792
S2140226402146262016F0C0FF40F6F431024818F064
S2140226502AF8DCE7FE590020C8480400145400207B
S2140226602E610020896A002028610020D0670020A1
S214022670BB6A0020BA6A0020185400202B61002092
S21402268024540020184B10B51B889B0704D440F630
S214022690A661164818F007F8154B1B78053B012B68
S2140226A004D940F6A761114817F0FDFF114B1B68CD
S2140226B023B940F6A9610D4817F0F5FF00240E4B2A
S2140226C00E4921201C7016F07FFF014618B9BDE89E
S2140226D01040FFF703BF022804D12046BDE8104091
S2140226E017F008B810BD00BFFE590020C848040005
S2140226F02B61002014540020266100209D28020031
S214022700F8B55A4C23889A0704D54FF43E715848B8
S21402271017F0C9FF574801F07BF917F0CFFE238860
S21402272005465B070DD54FF0FF3013F0DCF9524B30
S2140227301B68C01AB0F5717F03D90021042016F079
S21402274017FF28464D4D17F0B4FE2B78042B32D1D6
S21402275017F0B4FE238806465F0708D545480021D1
S21402276017F04CFD3046BDE8F84017F0A2BE17F051
S214022770A0FE17F0A3FE424B06461B78414F13B944
S214022780238859050FD50523012102202B7016F048
S214022790EFFEFFF777FF304617F08BFE3B68DA78DE
S2140227A0394B1A70F8BD3868013018F05AF88206AC
S2140227B0E9D50623E8E7062B4DD1344B1B78FF2BD1
S2140227C0F0D1334E0EF084FD3378002B3DD017F057
S2140227D075FE238805465B0705D52648002117F0B7
S2140227E00DFD2846BFE717F064FE3378013B3370D1
S2140227F017F064FE04460121022016F0B9FEFFF728
S21402280041FF20461F4C17F054FE2068013018F096
S21402281028F800F44060B0F5006F13D12468012157
S2140228200422204617F03EFB204418F01AF8014610
S214022830184B04201A783378D21AD2B2BDE8F84080
S21402284017F0D8BF4FF6FF71F2E740202B70BDE8B5
S214022850F84013F08FBD012BA4D100232B700E4B32
S2140228601868FFF74FFB3F20F1E700BFFE59002034
S214022870C848040020680020105400202B61002065
S2140228802E6100201454002027610020B86A002020
S21402289028610020BC6A00202454002008B50A4B98
S2140228A01A7882B9012210281A7004D040F69D6167
S2140228B0064817F0F8FE0021202016F059FEBDE863
S2140228C00840FFF70BBE08BD26610020C84804007A
S2140228D008B5094B1B88DB0604D440F2C3510748EF
S2140228E017F0E1FE1020002116F042FE044B186895
S2140228F0BDE8084013F0A3BCFE590020C8480400F7
S21402290024540020012208B5074B1146186813F01C
S21402291083FC00212C2016F057FEBDE8084000215B
S2140229200A2016F051BE00BF24540020014B400876
S214022930185C7047B46A002008B513460A46194662
S214022940064B186813F0E7F830B1BDE8084040F6C9
S214022950E941034817F0A7BE08BD00BF2454002073
S214022960C848040008B5044B186813F053FC013835
S21402297018BF012008BD00BF2454002070B50546CC
S21402298017F09CFD0E4B0F4E1B880446DA07357077
S21402299008D50D4B0D4D1B78012B08D9012128684F
S2140229A013F0E2FC2046BDE8704017F082BD1BB172
S2140229B00EF082FCC305F1D4317881F00101EEE716
S2140229C0FE590020B36A00202C6100202454002007
S2140229D00C4B10B51B880446DB0711D5FFF78CFBA2
S2140229E0094B84F0010208211868D20012F0DBFFBE
S2140229F030B1BDE8104040F63671044817F053BEB9
S214022A0010BD00BFFE59002024540020C848040010
S214022A1008B5044B0146186813F088F8003818BF4A
S214022A20012008BD2454002010B50A4C23787BB13F
S214022A30FFF768FF0021042016F09AFD002102200D
S214022A4016F096FD00232370BDE81040FFF7AABAE1
S214022A5010BD00BF2B61002038B5094800F0E8FC25
S214022A600024084D95F84430E0B2834200D838BDC1
S214022A7005EBC000043000F0DBFC0134F2E700BFD7
S214022A80C85400202854002008B51046024948229F
S214022A90F8F71CFF002008BD8054002008B5054842
S214022AA017F071FF014620B9BDE80840014817F04B
S214022AB0A5BB08BD40680020002238B51C4B154651
S214022AC01C461A700132082A5D609D8043F8085F32
S214022AD0F8D1482200211748F8F768FD4FF6FE7332
S214022AE0A4F868306FF48033E365134B00211A882C
S214022AF0124B1868F8F75AFD114BC4E91255C4E98F
S214022B00283584F8445084F85050656584F8A850F7
S214022B10E9F7FEFCFF220B4B012118700A4B00203E
S214022B201A70E1F7B1FF0020FFF7B8FF002038BDAA
S214022B3028540020805400202C6A002000670020C1
S214022B400000FFFF2F6100207561002010B5AC2445
S214022B50084B04FB0030836C53B990F850403CB9E4
S214022B6031B1C0E912122046FFF798FF204610BD89
S214022B702120FCE728540020AC2370B503FB00F5A7
S214022B80094E731993F850405CB920460BF022FFA9
S214022B90735D204643F002037355FFF77FFF20461E
S214022BA070BD0120FCE700BF28540020AC23584328
S214022BB0024A135C23F00303135470472854002080
S214022BC070B516461F4A04461278C2BBAC211E4D8B
S214022BD001FB00518A6C92BB91F850203AB1022B4D
S214022BE02DD191F84410072907D91C2026E091F828
S214022BF044100729F9D8012B08D0AC2000FB04505A
S214022C00CA00011D0C30F8F723FD0021AC2303FB9C
S214022C1004F000249DF8143000EBC1012944CB7166
S214022C20049B8E808B602B1893F84420204601323A
S214022C308C7183F84420FFF731FF204670BD0120D7
S214022C40FCE700BF2E61002028540020F8B5234B75
S214022C5004461B780F46002B3ED1AC23204D03FBC7
S214022C600053B3F8A03023B940F245311D4817F09F
S214022C701AFDAC2202FB0452D2F8A46036B192F8D6
S214022C80A33039460020B2F8A020B047AC2300217A
S214022C906343EA18A2F8A010C2F8A410482192F8DA
S214022CA0A82001FB02322A44D2F89820964213D07A
S214022CB0EB5C9B070CD5AC226243AB5C204623F050
S214022CC0020343F00103AB54BDE8F840FFF7E6BE4B
S214022CD00BF0A2FE0028EED1F8BD00BF2E61002048
S214022CE0285400201F4904002DE9F04F89B00590B2
S214022CF008460D4617F096F9044618B9212009B081
S214022D00BDE8F08F284617F0A9F9C0B20838215C52
S214022D10221892F802A00491D1785268277803927A
S214022D200022B4F80130ADF81E20434A029192F810
S214022D3000B0BBF1000F08D0404B1B681BB1204609
S214022D404FFA8AF298470020D9E703F00703022BCE
S214022D5070D0013409225946204617F0A3F8023FE4
S214022D603F1A3B0606465FFA87F8C7D4344FD7F8B1
S214022D709090B9F1000F27D100210DF11E0B4346AA
S214022D8022460846CDF800B00BF05CFDC3B20546FD
S214022D90002B4BD1BDF81E0013F030FBE0B9BDF896
S214022DA01E0013F014FC8146BDF81E0013F026FB2D
S214022DB0F0B906EB080201232146584692B200F00B
S214022DC07BFDD0B119209AE75B465A460121284678
S214022DD0C8470028D0D191E7D7F89430BDF81E0036
S214022DE0002BDCD0A11998470028D8D1022086E70C
S214022DF042464846A119F8F769FDBDF81E0017F0CD
S214022E0011F9029B059A0372049B80F809A083724B
S214022E10039B1BBAC360AC2303FB027393F85020D8
S214022E20BDF81E0022B1DB6C03B19847E8B266E734
S214022E30BB6FF9E7012062E72E6100200C540020E8
S214022E40285400202DE9F84308460F46164602F19C
S214022E50010913F0C1FB8046384613F0C8FA04286D
S214022E6056D1384613F0E7FA48F661054FF6FF7278
S214022E7048F64103294C904208BF1D46B4F85C1040
S214022E80301D17F0F0FC384613F0D5FA0146B01D97
S214022E9017F0E9FCB4F85E1006F1080017F0E3FC40
S214022EA006F10A04384615F05AF810B145F0100536
S214022EB0ADB22946484617F0D6FC384613F087FBD3
S214022EC0424601462046F8F701FD3846012117F032
S214022ED0E1F84444074660B117F0C0F805463846A4
S214022EE017F0A0F8EDB201462A462046F8F7EEFCA7
S214022EF02C440B4AA41B13780134591C1170F3702E
S214022F0034703046BDE8F8430922012116F0CABFE4
S214022F10484617F0A6FC4C460546C3E72854002050
S214022F202F610020AC2210B548245043094B1A18D2
S214022F3092F8A81004FB0100034493F877000228D5
S214022F4006D092F850301BB9032818BF012010BDD6
S214022F500020FCE72854002070B508B1012070BD9F
S214022F60234C94F8A850002DF8D12946B4F85C20DA
S214022F70FFF714FA29462846B4F85E20FFF7F8F958
S214022F802946284604F16002FFF7D6FC94F877300B
S214022F90002BE3D0284694F85860FFF749FA864299
S214022FA015D1002094F95A50FFF736FA854216D109
S214022FB00020FFF7B7FF0446002016F029FF00287E
S214022FC0CDD02146BDE870400020FFF705BA28465E
S214022FD094F85810FFF73EFA0028E2D0BFE7002028
S214022FE094F95A10FFF70AFA0028E1D0B7E700BFB3
S214022FF0285400200346AC2010B51446164A00FB9F
S214023000032292F8770002280CD1E07F022809D129
S21402301041B112490978012913D992F85810227839
S21402302091420ED118462178FFF708FA90B148224D
S21402303021460B48F8F74AFC002016F0E9FE08B9CC
S214023040002010BD044B93F8A8000028F8D1FFF723
S21402305083FFF5E72120F4E7285400206C60002067
S2140230608054002038B5AC230D4C054603FB0043C4
S21402307000205A6DD86483F8500012B15865FFF7E5
S21402308027FCF5F75FFBFF281EBFAC2303FB0544B6
S21402309084F8A8000020FFF75FFF002038BD00BFBD
S2140230A0285400207FB51D4C94F8A83023B1002088
S2140230B084F8A800FFF750FF94F85A30B4F8A060DE
S2140230C08DF80F3026B940F2FD21154817F0EBFABD
S2140230D0144B31461D6800202A46FFF7B3FEE46F04
S2140230E002469CB10DF10F03019300232946304698
S2140230F00093A04702462C7854B920462146FFF793
S214023100A5FD2046FFF7CAFC04B070BD0122F2E717
S21402311029460020FFF714F8F6E700BF28540020DF
S2140231201F4904000067002038B5494B1C78002C64
S21402313058D1484800F06CFC204616F069FE00287C
S21402314050D0454C2378D90733D594F850201AB17D
S21402315023F00303237045E023F0010323700BF0F2
S21402316043FC237805469A0701D50BF033FC294623
S21402317000200BF049FA40B92378284643F00103B1
S2140231802370BDE838400BF025BC0023482284F8A3
S214023190A33094F8A83084F8A25002FB0343D3F875
S2140231A09830A4F8A000C4F8A430BDE83840FFF771
S2140231B079BF94F84400B0B104F1A003251D95E848
S2140231C0030083E80300FFF76DFF94F844202846C7
S2140231D0D20004F10C01F8F73BFA94F84430013BB4
S2140231E084F8443038BDA26C62B99B0711D52378A7
S2140231F0002023F0020343F001032370BDE83840A9
S214023200FFF74CBC0123A06484F850309047237823
S2140232109EE70BF001FC0028E9D194F8A83073B1C0
S214023220F5F790FA94F85030002BDBD1FF2818BF40
S21402323084F8A800BDE838400020FFF78DBED4F819
S2140232408C30002BECD098470028CBD1E8E700BFA3
S2140232502E610020406800202854002070B50446E5
S214023260002016F0D5FDAC235C430B4E351995F8BD
S21402327050300BB1002070BD0028FBD0074817F075
S21402328082FB0028F6D1335D002BF3D195F844007B
S214023290B0FA80F04009EEE728540020406800208B
S2140232A010B5084A034613F0A5F914684FF6FF72E4
S2140232B003EB40039C42184603D90188023391422D
S2140232C0F8D010BDE45400202DE9F047204F054603
S2140232D03B88A3B3B0F90230002B30DBDFF87C80EA
S2140232E01C49D8F80000F8F7B7FB20B94FF4EA718A
S2140232F0194817F0D8F90026DFF85CA0DFF86090CE
S2140233003A88B3B29A4204D84FF4EB71504617F09B
S214023310CAF9D9F80030B2B253F83200D8F8001021
S21402332003EBC20468B943F83210A3882846013377
S214023330A38013F05FF9E38803EB4003E380BDE864
S214023340F087F8F789FB01360028D9D1EDE700BFF0
S214023350005A0020EC480400F6480400606800208A
S214023360D854002038B5094C094D22682B689A4279
S21402337004D94FF48771074817F095F9286823682F
S214023380C01A20F0010080B238BD00BFE45400200D
S214023390EC540020F648040038B5124C124D214673
S2140233A02846F5F77DF823680BB12B681BB9DE219A
S2140233B00E4817F078F92A680D4B0E491A602368F2
S2140233C023F0010313440B600B4B1A602AB9BDE8C5
S2140233D03840F821054817F066B9FFF7C3FF64289E
S2140233E0F5D938BDDC540020E0540020F64804002D
S2140233F0E8540020EC540020E454002038B5094C70
S214023400094D22682B689A4204D34FF48A71074802
S21402341017F049F928682368C01A20F0010080B224
S21402342038BD00BFE8540020EC540020F6480400E3
S2140234302DE9F0411D4B04461B78012B24D1008850
S21402344016F0D2FD0546D8B10426DFF864802C4675
S21402345017F034F807462046FFF736FF638843EA3C
S21402346008036380A05B16F0BFFD0446384617F0DB
S21402347020F81CB1B4F90230002BE9DA062E01D18D
S214023480BDE8F0810626E2E7022BF9D117F016F81E
S2140234900246208816F0A8FD18B10388C3F30E036F
S2140234A023801046BDE8F04117F003B830610020D3
S2140234B00080FFFF2DE9F04F0024BA4B97B0064676
S2140234C01C8016F0FBFF0123DFF8EC82B64F3B7040
S2140234D0B8F80030A8F80040ADF81630B34B1B68B9
S2140234E0019316F0E6FFB24B21461A88B14BD20082
S2140234F01868F8F75BF80DF11600FFF799FF002E33
S2140235003CD1DFF8B8924FF0000B0125D9F8004005
S214023510019B9C4239D3BBF1000F39D1002DF2D06A
S214023520D9F80040DFF898A225462246019B9A4227
S21402353073D302230DF116003B70FFF779FF002EBE
S21402354040F08F80D9F800603246AA4280F0A2800E
S214023550908816F049FD18B10388C3F30E039380D2
S214023560D08816F041FD18B10388C3F30E03D3804A
S2140235701046FFF795FE0246E7E79847E3B256F88D
S21402358023300134002BF8D1BBE7BBF1000F3ED04D
S2140235900BF1FF335FFA83FB16AB03EB8B0252F899
S2140235A0402CB2F9020051880028B1DA4B04AFD49D
S2140235B0924641F48040931D2AF8020F02933AF88D
S2140235C0020F16F011FDF0B1B0F902E0B0F802C039
S2140235D0BEF1000F17DB6FEA4C4C6FEA5C4CA0F8AA
S2140235E002C00390FFF770FEBBF10F0F8FBF0025DE
S2140235F016AB039A03EB8B009EBF0BF1010340F858
S214023600402C5FFA83FB029B9A45D8D180E720467E
S214023610FFF746FE22460446C3E7104612F0EAFFCC
S2140236208346B2F90200118800280AEA010108DA84
S214023630204616F0CFFC084381B204EB4B0402EBA3
S2140236404B0510461180FFF72BFE02466EE79847A1
S2140236505FFA8AF356F823300AF1010A002BF6D1F4
S21402366070E74FF0000AF3E73046FFF719FE82468E
S2140236707EB1B6F902307188002B0ADA3088C0F3C0
S2140236800E0016F0B1FC864203462DD1C1F30D01A1
S21402369071805646AE42E7D3DFF81CA116F00EFF45
S2140236A000210646504612F0F6FF16F09DFC05462F
S2140236B0002800F08780304616F0FBFE284612F0FF
S2140236C099FF0646204616F085FC8146760032466D
S2140236D029462046F7F7BCFF002249460DF11600A0
S2140236E017F029F93444D9E71BD9304612F082FF85
S2140236F0C1F30D01420071801846314692B2F7F7C7
S214023700A7FFC6E75046FFF7CBFDD146854203D951
S214023710B0F90230002B01DA824603E0FFF7C0FD63
S214023720F4E7B146554507D9BAF80000C0F30E00D3
S21402373016F05AFC8245E5D3B9F1000F30D0B9F83D
S2140237400000C0F30E0016F04FFC034638B93346AD
S214023750CB46994513D8B1459BD0D946ECE74846A7
S21402376012F048FFB9F802204946C2F30D02A9F842
S2140237700220420092B21846F7F76AFFE7E71846B9
S2140237800193FFF78DFD019B9B46854203D9B0F955
S2140237900230002B01DA0346DBE7FFF781FDF4E790
S2140237A0CB46DAE7025A002030610020E4540020BB
S2140237B0005A0020D8540020045A0020E854002062
S2140237C00080FFFFBDF816303870A8F80030044BB2
S2140237D030461C6016F06DFE17B0BDE8F08F00BFD5
S2140237E0E45400202DE9F041054616F0FDFB0F4695
S2140237F00446D8B117F089F820B940F2FB412048B8
S21402380016F051FF284616F029FC05462046FFF71B
S21402381047FDBD42064609D004D840F20351184877
S21402382016F041FF2588ED0B02D02781BDE8F08116
S2140238306780204612F0DEFE074604EB400816F0CC
S2140238403DFE104B1A68B2420AD1C3F8008016F049
S21402385030FE2A464046BDE8F041FF21F7F7A6BEF5
S214023860A6EB0806B5B216F024FE072DF1D9002302
S214023870083D44F81730C8F80430A8F80250D5E7D7
S214023880F6480400E454002038B516F017FE00216E
S2140238900546044812F0FFFE0446284616F009FEC6
S2140238A0204638BD045A0020024B1888B0FA80F031
S2140238B040097047045A00202DE9F74F0446008855
S2140238C01F4616F091FB88461546064617F01DF869
S2140238D020B940F2FE613F4816F0E5FE3388DB0B66
S2140238E0009306D033892B443381002003B0BDE811
S2140238F0F08F208816F0B2FB82463046FFF7D0FCE7
S214023900019016F0DBFDDFF8D0B0019BDBF800205B
S21402391081469A421DD1FFF725FDA84204D24846A9
S21402392016F0C7FD1A20E1E70AEB050373803FB1E4
S214023930208816F077FB2A4641465044F7F7C6FF22
S2140239403046FFF7ADFCCBF80000484616F0B1FD56
S214023950CBE716F0AEFD208816F080FB28440099CF
S21402396080B216F0D3FB06460028DBD016F05AFBD0
S2140239708146208816F056FB8246208816F06EFB9B
S214023980514602464846F7F7A1FF3046AFB116F059
S21402399049FB0746208816F061FB2A464146384412
S2140239A0F7F794FF0121208816F074FB01210246E6
S2140239B0304616F083FB268097E716F033FB8046E8
S2140239C0208816F04BFB2A4639464044F7F7EEFDB0
S2140239D0E8E700BFF6480400E4540020342101481A
S2140239E016F061BE0A490400036910B55BB182682D
S2140239F0064B9A4201D1002010BD446916F04CFED7
S214023A00201AF9D5F7E74FF0FF30F5E7DD39020067
S214023A1082681C4B70B59A420446056819D116F0A6
S214023A204DFD236923B1A34206D100222A601A6102
S214023A30BDE8704016F03DBD1A4611461269A24214
S214023A40FBD12A68A24208BF29600B6100232361CA
S214023A50EEE7036993B198426E6803D19D210A4846
S214023A6016F021FE2B46B44209D122699D4218BFA8
S214023A701A614FF0000308BF6A60236170BD3346C7
S214023A803669F0E7DD3902000A4904002DE9F047FD
S214023A90074600254FF0010A154EDFF858808AB017
S214023AA0347914B90AB0BDE8F087D6F8009087B921
S214023AB000972A46B8F80010234603A816F0CAFF55
S214023AC02246484603A9E9F7E5F92544EDB2083649
S214023AD0E6E7224603A94846E9F7B0F9CDF800A082
S214023AE023462A46B8F8001003A816F0B3FFECE700
S214023AF0BC940400065A00200148FFF799BC00BF98
S214023B00065A00209C46174BF7B505460846198804
S214023B10164611B1144B1C78CCB1014662463046AB
S214023B20BDB103B0BDE8F040E9F788B91C44E4B281
S214023B3008373B79002BF0D03A689642F6D185F0EA
S214023B4001052246009516F085FF03B0F0BD074F2B
S214023B50EFE7E9F79FF9B0B203B0BDE8F04010F026
S214023B6020BF00BF065A0020BD6A0020BC94040095
S214023B7010B5074C238843B10020FFF787FF0020CB
S214023B80FF22044B20801A7010BD0220FCE700BF03
S214023B90065A0020BD6A0020142810B518D8082836
S214023BA005D110F067FFC401E4B2204610BD0E280E
S214023BB002D110F062FFF6E7064B53F82040002CC5
S214023BC0F3D00A282478F0D105F0A0FE0443EBE7F0
S214023BD0FF24EAE70C950400014BB3F8680070472F
S214023BE0285400200048704792540020014B187851
S214023BF0704700BFAA600020014B1870704700BFD4
S214023C00AA600020194B022810B5187002D004389A
S214023C1001281BD8164B1B78042B03D0002115480D
S214023C2016F0ECFA144B1B689A001BD513F0805F53
S214023C3040F6114418BF4FF44164204611F0B4FA1E
S214023C4090B92046BDE8104010F0A9BE0948FFF71B
S214023C50DFFE0A48FFF7DCFE162412F048FF11F0DA
S214023C609DFAEAE71524E8E710BD00BFAE60002023
S214023C70AF60002064680020A8460020144600209A
S214023C80024B187800F00F00704700BFAE600020AD
S214023C90034B187800F00F00831E584258417047B5
S214023CA0AE60002008B512F00DFFC0B112F023FF7F
S214023CB0A8B10AF0A7FF90B90A4812F0B5FC70B195
S214023CC0094812F0B1FC50B110F0DCFE38B111F028
S214023CD06DFA20B9BDE80840044812F056BD00202F
S214023CE008BD00BF085A00203A5A0020F0540020AF
S214023CF030B505460C4693B081B910B9002013B012
S214023D0030BD1023214A69460120FFF7FBFE9DF8CD
S214023D1005305A1E052A28D91720F0E71822002156
S214023D202046F7F743FC002DEBD1FFF7B1FF30B387
S214023D3010F073FD6A4601460020FEF7A5FEBDF8A8
S214023D400430204623819DF80230A3729DF800308D
S214023D50E37213F056F8002304F11401237304F1FE
S214023D60100003F0CBFDE081C8E7094A9DF8041075
S214023D7012789142D0D12B70002CD6D1BEE7054BDB
S214023D801B78033B022BD3D9C6E700BF64EE0100C3
S214023D90946A0020AE60002030B593B005460C460B
S214023DA0FFF776FF20B90C4B1B78033B022B10D88B
S214023DB010F033FD6A4601462846FEF765FE0020EF
S214023DC09DF80230607023709DF80030A37013B027
S214023DD030BD1720FBE700BFAE600020054B187809
S214023DE0012805D000F0FD00A0F1310358425841E9
S214023DF0704700BFAE6000201FB50146002201A832
S214023E0016F0CCFA064801A916F0F2FD20B116F01B
S214023E1009F94089C0F3400005B05DF804FB00BF15
S214023E203A6A002030B585B00D460022014601A848
S214023E3016F0B4FA084801A916F0DAFD50B116F0E9
S214023E40F1F80446014608222846F7F701FC608985
S214023E50C0F3400005B030BD3A6A0020F8B505460A
S214023E60F8B100210F4816F060FD0446A8B10D4FC8
S214023E70204616F0D7F8064616F07CFA830705D4D5
S214023E80082229463046F7F7DDFE38B12146384685
S214023E9016F06FFD04460028EAD10024201E18BF43
S214023EA00120F8BD3A6A002010B50C4601460648C5
S214023EB016F09EFD30B116F0B5F843891C4214BFC9
S214023EC00120002010BD00BF3A6A00201FB514462C
S214023ED0024601A816F062FA074801A916F088FD04
S214023EE040B134B116F09EF8142201462046F7F788
S214023EF0AFFB012004B010BD3A6A00201FB5014690
S214023F00002201A816F04AFA094801A916F070FD27
S214023F1058B116F087F84389024613F0020004D01F
S214023F20507B80F00800C0F3C00005B05DF804FBCB
S214023F303A6A0020F7B59DF824400D4601949DF894
S214023F402040064600941F4613F0F8FF4FF6FF7116
S214023F508842044610D0BB0711D4284600F056FF0C
S214023F60204616F06CFDFF281FBF084A32F81030B4
S214023F7023F4804322F81030204603B0F0BD0246F8
S214023F802946304612F097FCEAE700BFD8590020CF
S214023F9073B50E460146144816F02AFD0546D8B1FA
S214023FA016F040F843890446334012D09B0736B2D7
S214023FB00BD5002E09DAA17B437B0289007B019197
S214023FC0012100912146FFF7B5FF638923EA060324
S214023FD06381628912B1012002B070BD294602488F
S214023FE012F078FBF7E700BF3A6A00200148FFF7B5
S214023FF01FBA00BF3A6A002013B53E4C0DF020FFF0
S214024000D4F8FC311020C3F307430193FFF7C4FD35
S214024010000650D50020FFF7BFFD01064BD5019BD9
S214024020802B3ED1236A9A0704D440F615442046D4
S21402403002B010BDE3699B07F7D52F4811F0E2FBEB
S214024040012012F0B2F90DF00EFF04460028EED160
S21402405000F042F9294812F072FB00F099F9E8F7ED
S21402406057F80DF0ECFE08F003FF08F055FFF4F7E2
S21402407061FAF4F7FFFAF4F719FB03F0DBFD10F030
S214024080FBFC10F0FCFC11F094F81D4813F05FFFE7
S21402409006F08CFA11F050F80028C8D011F04EF84D
S2140240A0C5E7019B812BC0D1D4F80C315B00BCD58F
S2140240B0D4F80C31BFE71020FFF76EFD0006BCD423
S2140240C00020FFF769FD0106B7D5019B802B05D1BD
S2140240D0084B1A6AD207A8D5DB69ACE7019B812B8D
S2140240E0A3D1044BD3F80C21002A9EDAD3F80C3164
S2140240F0A1E700BF0080E00F690345ECF054002002
S214024100F93D020010B512F0EFFC70B301F0E0FAD0
S21402411080F00104E4B20020FEF724FC44EA8004A6
S21402412024B212F0CFFC10BB02200443164816F04D
S2140241302AFC44EA4014154816F025FC24B244EA48
S2140241400014134816F01FFC24B244EA80141148E7
S21402415016F019FC24B244EA40240F4816F013FC69
S21402416024B244EAC02080B210BD0124D3E70B4833
S21402417012F05AFA0028D7D0094812F055FA80F001
S2140241800100C0B24000D0E7A46800208869002081
S214024190AC4600200869002068690020085A002002
S2140241A03A5A002008B501F07FF8FEF709F81448DD
S2140241B012F03AFA08B904F025FF124812F034FA5F
S2140241C008B906F0DDF902F095FF0F4812F0E9FA99
S2140241D00E4B1B78043B022B09D80D4816F0D3FB76
S2140241E028B1FFF78FFF102801D107F0E1FC10F08D
S2140241F04BFC12F06FFBBDE808400648FFF75AB9C1
S214024200085A00203A5A0020F0540020AF600020DE
S2140242108869002084950400014B1868704700BF27
S214024220245400204FF6F77370B5984204460D46A4
S21402423086B043D812F05CFBA04207D10822204980
S2140242402846F7F705FA002006B070BD1D4EB6F8F0
S2140242506830A3420AD10022082106F16A0012F051
S214024260D5FA18B9082206F16A01E9E784B10023F3
S214024270012219462046009308F05CFDFF2811D162
S2140242802946204608F000FF80F00100C0B2DBE7B6
S2140242900D4B1B689B07EAD4284606F0FBFD002858
S2140242A0E5D0D0E702A913F0F4FC0028E8D1DDF847
S2140242B00D302B60DDF811306B60C4E70120C3E7D8
S2140242C03161002028540020A8460020014B1870B7
S2140242D0704700BF946A002010B5054C082221469C
S2140242E00448E8F7ABFD204612F03CFB10BD00BFC9
S2140242F03161002034B608C00048704731610020A2
S214024300082208B50349F7F79DFCB0FA80F0400989
S21402431008BD00BF31610020014B1870704700BF16
S214024320A2600020F7B50D46044616461F46002139
S214024330284601F061FD0B4B002183F859402A46BE
S2140243403346204600970AF03FF9014630B1022272
S214024350204603B0BDE8F04000F006B8012003B0E6
S214024360F0BD00BF2854002013B513460C461AB100
S214024370022A0CBF134601230021044A019100922F
S2140243802246FEF71DFC02B010BD00BFCB6B030039
S21402439000B5002093B0FEF78FFB1E4B188813F073
S2140243A0D7FD1D4B1D491A7800200AF091F93422D8
S2140243B000216846F7F7FAF80B238DF800306FF401
S2140243C0803301934FF6FE73ADF8103003238DF859
S2140243D01D30134B134A0893134B10680993134B63
S2140243E051680D93124B6A460E93124B0F93124B63
S2140243F01093124B119302AB03C300210846FEF73B
S214024400F9FD6A4601210020FEF7F4FD13B05DF8BF
S21402441004FB00BF266A0020A36A00201C59040081
S21402442039480200316100206769030021750200E5
S214024430E14902004D840200CB6B03005171020079
S214024440014B1878704700BF39610020014B18886D
S214024450704700BF3E6A00202DE9F74F814610469E
S2140244600E46904616F0FDF9DFF840B105469BF879
S214024470003033B94A4B1B681BB94A4B1B68002BEA
S2140244807FD015F4406A05F040071BD19FBBB5F5F7
S214024490804F61D24FF48074B9F1400F73D0B9F1F6
S2140244A0800F63D0B9F1100F6BD100239BF8000088
S2140244B03D4AD9B2884264D932F8021B0133A1427E
S2140244C0F7D166E008F1030016F0CBF94FF6FF735A
S2140244D0984214BF0124022487B1052705F44043FD
S2140244E0B3F5004F44F0080425D0B5F5804F24D22A
S2140244F044F4807421E054460327EFE7B5F5804F75
S2140245004FF00507F4D3BAF5406F14BF0220082017
S2140245103844404416F0A5F9019012F006FA019BC1
S21402452005F4404598420CBF44F0080444F00404E5
S214024530B5F5004F01D144F08004BAF5006F0FD1F3
S21402454008EB070016F08DF9054612F0D1F9A842DD
S214024550A2D144F010049FE7544603270220D7E76F
S214024560BAF5406F08BF44F0200495E70C4B1B6871
S2140245703BB10022D1B233F8110033F911100029F1
S21402458003DA002008E0074BF1E7A04202F101023D
S214024590F0D106B13480012003B0BDE8F08F00BF31
S2140245A00055002004550020585A00207261002051
S2140245B0034B1A78022A04BF09221A70704700BFFA
S2140245C03A6100200C22034B1A211A7003200022A3
S2140245D001F090BD3A6100200C2208B5054B1A2165
S2140245E01A700022104601F085FD0022024B1A6066
S2140245F008BD00BF3A6100200C5500200C2270B5A1
S2140246000D4B05461E781A7030B93046BDE870402C
S21402461000221A2101F06EBD084B1C78E1B21A295D
S214024620F3D825FA04F3DB0703D54422304601F01B
S21402463061FD0134F2E700BF3A610020BF6A002044
S2140246400C22024B1A7010F0AABD00BF3A6100207D
S214024650F0B50C8805460E468BB0E4B94FF6FF77E8
S214024660ADF8247010F0B0FD10B902200BB0F0BD0A
S214024670CDE90340CDE90544134A0294B2F85C3012
S2140246806032019300923B464CF60101FF2009AAD4
S21402469013F079FC3080284612F070FA0B4C70B199
S2140246A0237863B1013BDBB22846237012F066FA28
S2140246B038B12078B0FA80F04009C0B2D6E70523B8
S2140246C0F2E70120F9E700BF28540020BE6A002066
S2140246D0034B11461B6803B1184710F020B900BF00
S2140246E00C5500200C22024B1A7008F039BF00BF8E
S2140246F03A6100200148FEF79BBE00BF0A5A00201E
S2140247007FB505460C46164615F0B6FE00286BD158
S214024710062D03D85223EB40DB071AD4B4F1006F00
S21402472005D3E30E1C3B032B18D94F202EE00022A4
S2140247302F4B1A602F4B1D7012F08EF803460A2D6F
S21402474054D8DFE805F02D183E4918251853534172
S214024750360002F0A3F8B4F1006FE2D20022244B36
S214024760042D1A60234B1D70E6D1022001F0B6F923
S21402477012F072F80346012202921F4A01921F4A61
S21402478000921F4A314620460AF078FA04B070BDFD
S214024790314620461B4A04B0BDE870400AF056BABD
S2140247A031462046184B194A04B0BDE870400AF05C
S2140247B031BA00220292164A0192104A0092154A13
S2140247C0E0E702220B4B1A7000221046124904B090
S2140247D0BDE87040FEF7BAB9002202920F4A019273
S2140247E0064A00920E4ACDE74D20CFE70120CDE7DC
S2140247F00C5500203A610020FD45020039480200AF
S214024800B76B0300E5460200D9450200D146020016
S2140248104146020051460200B1450200C54502006B
S214024820796B030008B50AF059FA0C22014B0020F6
S2140248301A7008BD3A610020F0B585B0ADF80600E2
S21402484018B97621644815F02EFFBDF8060011F05F
S214024850CEFD0446BDF8060011F0C9FD082846D074
S2140248600C2CBDF8060042D111F0B1FE074615F039
S214024870F8FF0DF10F010646BDF8060010F0EDF840
S214024880002879D009220021384615F00BFB9DF846
S2140248900F301033C518BDF8060015F0DFFBEDB279
S2140248A0854269D22946BDF806000AF025FB06F4C1
S2140248B04C4416F44066054614D0F81C15F0D1FF99
S2140248C04FF6FF73984208BF44F04004B6F5006FF7
S2140248D008D1781D15F0C5FF4FF6FF73984208BF42
S2140248E044F010049DF80F305BB3072D44D1BDF899
S2140248F0060011F072FD0446BDF8060011F077FDC1
S214024900082817D0A30615D524F0200189B2BDF8D1
S214024910060011F04DFDBDF8060011F058FE00210C
S214024920092215F0BFFA00F1100189B20DF1060056
S21402493013F052FC0022BDF80610284815F0FBFFC3
S2140249401AE0082D16D8BDB1013D072D14D801A3D3
S21402495053F825F0B1490200BD4902007949020028
S2140249607D49020079490200C9490200EF48020067
S214024970CF4902007C2D24D005B0F0BD24F4884433
S214024980A4B2B4F5084FF7D1BDF8060011F02AFD1F
S214024990BDF8061013F0E1FA0028A8D0BDF806000C
S2140249A011F078FD00220146022015F023FFE3E70E
S2140249B024F48064A4B2B4F5484F97E7B4F54C4F9C
S2140249C094E7B4F54C4F92D04CF6500301E04CF607
S2140249D040439C428AE700BF18490400085A002058
S2140249E02DE9F7430F4690469946064615F01AFB00
S2140249F00446304615F032FBC5B2083D2C44E17839
S214024A00094BA2781970094B31461A7000204346AA
S214024A103A46CDF800900DF09EFE003818BF0120F1
S214024A2003B0BDE8F08300BF54610020536100204C
S214024A302DE9F04FDFF84081DFF8409198F800202A
S214024A4099F8003006469A4285B004D340F219110E
S214024A50424815F028FE30460DF10F0115F0B6FC5F
S214024A6020B14FF48E713D4815F01DFE98F8007087
S214024A709DF80F403D1B15F0FF0530D04FF0FF3C70
S214024A80374B01211B78A140184699F800304FF6A3
S214024A90FF790CFA03FC0023324A01F1FF3E019330
S214024AA0C1F1000A9DF80430984243D8122004FB54
S214024AB000002D4BA0F1120105EBC502520019446D
S214024AC004F101091844F6F7C3FD4FEA890927489D
S214024AD0A9F104010144AA004844F6F7B9FD2249A7
S214024AE004EBC40201EB420321F81260204A0137AC
S214024AF012784FF6FF71DA731A745A7412025A80D9
S214024B001C4A0D2012781A7110225A7100229A73CA
S214024B10C3F80620C3F80A20144B43F8242088F86A
S214024B20007015F067FE0EB913F076F8204605B051
S214024B30BDE8F08F13884B450AD053680AEA030B88
S214024B4003EA0E030B4403EB4B0343EA0C035360E6
S214024B50019B083201330193A4E700BF2B490400EE
S214024B60A06A002078440020A45900207444002043
S214024B70546100203B610020A86000209E6A00204D
S214024B8010B5074C2046FEF743FF04F06BFB02F01D
S214024B90DDFE2046BDE810404FF47A5115F02EBBDC
S214024BA0646800202DE9F041074600250A4B0B4EAB
S214024BB093F80080ECB2A04503D8FF242046BDE857
S214024BC0F08108223846B11DF7F73CF80135002877
S214024BD0F4D01236EEE700BFA8600020A4590020E9
S214024BE007B50DF1070115F0F1FB30B19DF807305E
S214024BF0034803EBC30300EB430003B05DF804FB7A
S214024C00A45900202DE9F843294E044633785D1E48
S214024C102D1A8342EDB204D84FF4A171254815F03F
S214024C2042FD0123A3404FF0FF305F1E3B440021AC
S214024C304FF6FF7E6FEA03081F4A92F800C01F4A2B
S214024C40127890401E4ACBB29C4523D8BDB127B2FB
S214024C5004EBC4041B48640005EBC50204F1120110
S214024C60014452002044F6F7F3FCBF001648AA009F
S214024C70391D014402F0FC023844F6F7E9FC3378A9
S214024C800022013B33704FF6FF71BDE8F8430E2059
S214024C9015F0B0BD1388734507D0536808EA0309B8
S214024CA03B4003EB59030343536008320131CAE722
S214024CB0A86000202B490400A06A00209E6A0020FB
S214024CC078440020A45900207444002010B50A4CF1
S214024CD0207858B9094B1B781A2B03D99921084812
S214024CE015F0E1FC0322074B1A7010BD0138C0B262
S214024CF0FFF788FFECE700BFA86000209E6A00204E
S214024D002B490400A46000202DE9F047054615F063
S214024D1085FEFF28044624D1DFF884901E4B99F8BE
S214024D2000201B789A422BD22846BDE8F047FFF7B0
S214024D307FBE38883B79504518D86F2B4FEA13123E
S214024D4014D85B0710D0123708F1010899F8001042
S214024D505FFA88F6B142ECD80023104ADEB28E42E1
S214024D6014D32046BDE8F087022AECD913F0C5F822
S214024D700028E8D129463046BDE8F04711F03FBF8B
S214024D804FF000084FF6F77A044FDFE71079013349
S214024D908F28EFD81232E1E79E6A0020A45900203D
S214024DA0A86000204FF6F773984210B514D8FFF7A4
S214024DB0ABFFFF2810D0134C00B200EBC00004EB90
S214024DC040040DF0DAFE104938B962880B7802EB1F
S214024DD00313A3EB1213638010BD227C637C097855
S214024DE09A42E2732374617407D98B4203D2134644
S214024DF08B4228BF0B461B02EDE78A42F8D31346C6
S214024E00F9E700BFA4590020546100202DE9F041C3
S214024E1006460F4600240E4DDFF8388098F800301C
S214024E20A34201D8BDE8F081082229463046F6F7AB
S214024E3009FF40B935F8063CBB4204D02046FFF7CE
S214024E40E1FE013CE4B20134E4B21235E6E700BF0B
S214024E50AA590020A8600020F8B5054608460E4666
S214024E60FFF7A0FEFF2830D01D4B294653F82070CE
S214024E703046FFF7CBFF2846FFF746FFFF280446DB
S214024E8025D113F055F8FF280AD1164C207838B1F0
S214024E900FF0C6FC2378B0FBF3F202FB1300C0B29D
S214024EA0294611F0ACFE044623B20F4D03EBC303B2
S214024EB005EB430508223146A81DF6F7C9FB2B79F8
S214024EC0204603F00F032B71F8BD0027D3E7074BEC
S214024ED01B78002B18BF0027014B43F82070E3E72E
S214024EE0744400209E6A0020A4590020C06A002054
S214024EF038B50B4B04461B780D46834204D840F265
S214024F005A21084815F0CFFB074804EBC40400EB0F
S214024F1044002946BDE8384008220630F6F798BB1A
S214024F209E6A00202B490400A459002070B504464E
S214024F3008460E4615F072FDFF28054610D020469C
S214024F40FFF730FEFF2807D0084B1B7823B9084B23
S214024F5053F8202043F8252021462846FFF7C8FFAD
S214024F6031462046BDE87040FFF750BFC06A0020B9
S214024F70744400202DE9F843002480460127264683
S214024F80114DDFF84C9099F80030A34210D83E43FA
S214024F900134E4B21A2C4FEA470705F11205F2D1A2
S214024FA04FF0FF30094B1B7898403043BDE8F8833A
S214024FB02B884345EBD0284611F06AFE0328E6D834
S214024FC02B796F2BE3D8E3E7A45900209E6A0020D2
S214024FD0A860002010B5084C00EBC00004EB4004AB
S214024FE023795B0707D1204611F052FE237923F07E
S214024FF007031843207110BDA45900200022084B55
S2140250001878084BD1B2884203F1120300D87047D1
S21402501013F80D1C013221F0100103F80D1CF1E704
S214025020A8600020A45900202DE9F0470226122786
S214025030DFF85C90DFF85C8099F8004000250CE011
S21402504007FB05F338F803A00021504611F035FEA1
S21402505010B15CB1013CE4B2013599F80030EAB215
S2140250609342EDD8A34204D14FF6FF7A5046BDE8EC
S214025070F0870FF0D5FB99F80030012EA3EB04035E
S21402508090FBF3F202FB1300C4B2EDD00126D5E783
S214025090A8600020A4590020034B00211A78034878
S2140250A09200F6F783BA00BF9E6A0020744400207E
S2140250B010B5134B0C461B7886B0834212D91149A1
S2140250C000EBC00001EB4001082220460631F6F74D
S2140250D0BFFA00220821204611F098FB80F001005A
S2140250E0C0B206E0C01A01A9C0B212F02AFF10B17F
S2140250F0002006B010BD01AB03CB20606160E8E77C
S2140251009E6A0020A459002008B5074B024653F8B1
S21402511020308B4206D915204FF6FF7115F06AFB38
S214025120002008BD0120FCE774440020024B013138
S21402513043F82010704700BF744400202DE9F3475F
S21402514081460C4600272A4EDFF8ACA09AF80030BB
S214025150FDB2AB4210D86946204612F00BFFC0B330
S214025160082269464846F6F76DFD90B34946204642
S21402517012F049F8FE2537E006F1060808224146F5
S2140251804846F6F75FFD90B94FF6FF739C422BD068
S2140251903388A34228D0204615F051FCFF2814D1AC
S2140251A04946204602B0BDE8F047FFF755BE14B99F
S2140251B012360137CAE73388A342F9D10022082102
S2140251C0404611F023FB0028F2D12846FFF71AFDCD
S2140251D0CCE74946002015F030FCFF28054603D0F0
S2140251E0044B1B780344DDB2284602B0BDE8F087C4
S2140251F0A45900209E6A0020A86000200F4B1B784E
S21402520083420CD8C01A0E4AC0B232F81030D90403
S21402521011D443F4805322F8103001207047094B12
S21402522000EBC00003EB40035A79D10603D442F0E8
S21402523010025A71F1E70020704700BF9E6A0020F4
S214025240D8590020A4590020F0B5134B06461B7807
S214025250FBB100251148DFF84CC090F800E010487A
S21402526007781F44E8B2864501D80020F0BD7C1BB3
S21402527094FBF3F003FB10440CEBC4003CF8344000
S214025280B44204D1002AF1D184788C42EED00135A2
S214025290E8E71846EAE700BFA06A00209446002026
S2140252A0A66000207844002070B50CF0BAFD1425E4
S2140252B00F49104E0B78328830809B1A03449BB2FB
S2140252C0B3FBF5F405FB14330B700B49E2B20B7813
S2140252D0934292BF00239B1ADBB2032A0B7088BF4D
S2140252E0002306499EBFD2000B68D3400B6070BDF8
S2140252F03D6100200C5A0020A56000209446002044
S214025300084B1868084BC2B21B789A4208D2074B61
S214025310C0F307201B78984234BF00200120704754
S2140253200120704794460020A06A00203C610020BD
S214025330F8B505461746FFF7E3FF064610B9184BC1
S2140253401A783AB9212001224FF6FF7115F052FA67
S2140253500020F8BD1348DFF854C003780133B3FBCE
S214025360F2F402FB143303700F48DCF8002000EB63
S214025370C30420F8335002F10132A1703846CCF84B
S2140253800020FFF7F7FDE670606011F0B1FAA84260
S21402539001D10120DDE7E3780133E370F9E700BFCE
S2140253A0A06A0020A66000207844002094460020D0
S2140253B010B50B4C0B4A2378063B13700CF031FDEC
S2140253C00022094BFF211880084B09481A602278F0
S2140253D0D200F6F7EBF80422064B1A7010BD00BF97
S2140253E0A06A00203C6100200C5A0020944600204F
S2140253F078440020A56000202DE9F843074615F002
S2140254004BF905461A4815F0BEFA1A4B48B31C6803
S2140254103C1B2C44A4B20022174BDFF864901B7886
S214025420164D99F8006005EB03155FFA82F84645BB
S21402543009D9AB8805F11000A34215D9B21A29463C
S2140254401201F6F705F9013689F80060AC80B8F16A
S214025450000F03D13946064814F0D0FE2846BDE8B0
S214025460F8833C461D60D6E705460132DDE700BFFD
S21402547084680020105500203F61002074430020FD
S214025480406100202DE9F74F15F006F94FF0000EA7
S214025490284D294F2978294C97F800A004EB0113D0
S2140254A003EB0A120092F3465246DFF898801FFA80
S2140254B080FC0646B8F80000ACEB0009A0EB0C0036
S2140254C01FFA89F901900098984217D1BEF1000F91
S2140254D000D02970524503D200203A70FDF7DEFA5A
S2140254E03B7823B32B78164804EB0314A188C8F83C
S2140254F0006003B0BDE8F04F14F080BEB3F804C0FD
S214025500CC450FD84FF0010E93F802C001310CF1D2
S214025510FF3C013AA3F804B083F802C0C9B2D2B283
S2140255201033D0E701988444A3F804C0F8E703B028
S214025530BDE8F08F3F6100204061002074430020E8
S21402554084680020105500207FB56C461E4B1F4D08
S2140255501E78013EF6B21E7095E80F0084E80F0032
S2140255601B4B28461A7805F1100132441201F6F751
S2140255706FF89DF8026016F00F0511D1BDF808000D
S21402558009F02CFE360918BF29464FF00002BDF876
S214025590000008BF039904B0BDE8704002F022BDC7
S2140255A0BDF80400FFF728FF0346828804ADADF875
S2140255B00420224603CAAA4218605960144603F120
S2140255C00803F6D104B070BD3F610020744300208A
S2140255D040610020F8B50024084D094F094E3B787B
S2140255E03178E2B20B449A4204F1010400DBF8BDC2
S2140255F02846FDF71DFF1035F1E700BF7443002073
S214025600406100203F61002070B5134B06460D46F0
S214025610104612491A78124B09781B780B449342AB
S21402562006DB1F204FF6FF7115F0E4F8002070BD70
S214025630FFF7E2FE013506808570044615F027F86E
S214025640E08009F0D1FD40F602432081E3600020AD
S214025650FDF724FA0120EAE79D6A00204061002057
S2140256603F6100202DE9F84386460023144FDFF8F9
S2140256705C803E7898F8005012497219DCB2944267
S2140256801CDA4FEA041C31F80C900133F14501EBA9
S2140256900410F3D1631CD21A0CF1100C12016144EF
S2140256A0F5F7D6FFA5428BBF05F1FF3506F1FF36AB
S2140256B088F800503E700CB9034B1C70BDE8F883A6
S2140256C040610020744300203E6100203F610020BC
S2140256D0044B054A1B781278D3420CBF01200020E7
S2140256E0704700BF3F61002040610020024B1878DF
S2140256F0003818BF012070473F610020002108B51E
S214025700084B09481970094B1970094B1970094B57
S2140257101A781201F5F74AFFBDE808400648FEF778
S21402572077B900BF40610020744300203F6100202B
S2140257303E6100209D6A00208468002010B50B4C54
S21402574023784BB10A4802F03BFD58B1084B0121C1
S214025750188811F0BFF908B9002010BD0122054BC8
S2140257601A70FAE7FFF7F0FEEAE700BF3F61002093
S214025770744300203E61002010B50E4B1B78BBB16F
S2140257800D4C238883424FF0000311D10B4AE1608F
S214025790137049B9A3781033A37011F065FC18B9D9
S2140257A0A37823F00F03A370FFF7CEFE012010BDEF
S2140257B01846FCE73F610020744300203E6100204B
S2140257C070B592B00C4606460FF027F8E17A054609
S2140257D00020FCF733FE28B394F90A0011F021F8F2
S2140257E010BB134BE27A294683F85820A27A83F834
S2140257F05A206A46FDF748F94FF6FE739E420CBFE2
S2140258004FF6FF7323896A4629460020ADF80660E4
S214025810ADF80430FDF7EEFB40B92289054B5A80FD
S21402582012B070BD5520FBE75620F9E72120F7E7B6
S214025830285400201455002010B5044601460822BC
S2140258400948F5F705FF237B022B0AD8002B14BF65
S2140258503122012205490B7017234B61044B1A7043
S21402586010BD00230122F5E718550020145500202C
S214025870AE600020014610230120014AFEF742B91D
S21402588064EE0100014B5861704700BF14550020BA
S214025890014B1878704700BF1455002010B5054C10
S2140258A02378112B03D0E221034814F0FCFE412397
S2140258B0237010BDAE60002036490400064B014638
S2140258C01B78042B04D1054A137E053313767047E2
S2140258D0034814F093BC00BFAF60002014550020AC
S2140258E0A468002008B50648FDF7A2FD0548FDF7A6
S2140258F09FFD0FF0BEF8BDE8084000F0EBBF00BF0A
S214025900085A00203A5A0020064B1878332806D048
S21402591000F0EF00A0F143035842584170470120BF
S214025920704700BFAE600020002208B5074B4FF656
S214025930FE701A7010F0E8FF4FF6FF7011F001F8D3
S214025940034B5869BDE808400FF029B8AE60002046
S2140259501455002008B5064B187838B10548FEF7EE
S21402596043F84FF47A73B0FBF3F0C0B208BD00BF41
S214025970A3600020544600202DE9F0438BB0074672
S214025980154698460E469DF8489049B9104605AC0D
S21402599015F055F8214612F0D4FA172818BF2646F5
S2140259A0B9F1000F0AD1124B1B781BB9284612F028
S2140259B0E5FAD0B92846FEF7A1FA02E0284612F028
S2140259C0DDFA80F00104E4B29DF850302A460293D4
S2140259D09DF84C303146CDE9009338464346039451
S2140259E011F0BCF90BB0BDE8F0834C46ECE700BF03
S2140259F0AA6000200022014B1A7670471455002038
S214025A0008B50020FEF788FC0023024AC2E90133EB
S214025A10538008BD1455002010B5144B1B78033B69
S214025A20012B16D8124BB3F868204FF6FF739A4232
S214025A300FD10320FEF7E6F801F052FFFFF7E0FF72
S214025A40002014F0E5F978B1BDE81040002010F00F
S214025A50CCBDFEF7C7F80446FEF7BEF80146204660
S214025A6007F01AF80220E5E710BD00BFAF6000207D
S214025A702854002008B5114A114B58611378032B9D
S214025A801BD0D3B1332B01D0432B10D10D4B1B7837
S214025A90033B012B05D803231370BDE808400EF024
S214025AA07EBF0EF07CFFBDE80840FFF7B5BF21239E
S214025AB01370BDE8084001F07DBD08BDAE60002051
S214025AC014550020AF60002008B50348FDF7A0FF7C
S214025AD0FFF796FF022008BD5446002038B5114D48
S214025AE004462B78834218BF28700FF065FB80B1FE
S214025AF024B920460FF062FB02220DE001200FF0CF
S214025B005DFB2B781A1F012A05D9062BF4D1032236
S214025B1002E0002CF5D10122BDE8384000210846FB
S214025B2011F05CB8AF60002030B5044685B0684618
S214025B300D46FFF79FFE94B100212846144A01F055
S214025B40F3FE144B20681B7861688DF80430124B04
S214025B501B788DF8053002AB03C305F071F90F4BC5
S214025B6093F8582093F85A308DF803208DF80230B7
S214025B7010F0DBFEADF8000010F0BAFE1023ADF810
S214025B80060069460020064AFDF7BCFF05B030BD98
S214025B9000F8FF07946A0020AF6000202854002017
S214025BA064EE010010B5104B04461A780F4B002025
S214025BB083F8582014F02CF910B1002010F015FDCF
S214025BC000210846FFF7B0FF0FF0E8FA2046FDF77F
S214025BD049FA40F617400EF0E2FE0023044A13800C
S214025BE0044A138010BD00BF4161002028540020E3
S214025BF0E2590020E05900201FB504466846FFF728
S214025C0039FE54B100238DF8053010236946002072
S214025C10064AFDF777FF04B010BD10F069FEADF836
S214025C20060010F082FEADF80000EEE764EE01001A
S214025C3010B5014604460020FCF700FC90B10C4B60
S214025C401B78023B032B0FD80A4B1C7014F014FC73
S214025C5060B9094A0949FCF779FF003818BF0120E4
S214025C60800010BD5520FCE70220FAE74D20F8E739
S214025C70AE60002041610020F5840200A55B0200B0
S214025C80F8B5064614F0F8FB044668B914F0C0F8F6
S214025C9050B1064D204695F8587085F8586010F0B9
S214025CA0A4FC10B185F858704D20F8BD2854002089
S214025CB02DE9F04180461846033B012B0E46174657
S214025CC002D918B1212438E0FFF708FF274B1D78C8
S214025CD0022D08D0032D46D1B8F1000F03D1244B74
S214025CE01B689B073FD43320FDF78CFF01F096FA22
S214025CF0B6F1006F34BF1F4B052231464FF0060047
S214025D0038BF1A78FEF7FCFC044628BB1A4D2873E7
S214025D10012000F017FE10F008FE68802846B8F151
S214025D20000F0DD0022300F8043B11F06AF86C73E2
S214025D302F61394630460EF076FD2046BDE8F081EA
S214025D40012300F8043B11F05CF86C732F613946AE
S214025D5030460EF067FDF0E72846FDF753FFB8F130
S214025D60000FF4D0E5E70224E7E700BFAE600020AC
S214025D70A8460020C16A002014550020034B18785C
S214025D8018B9034B034A1B78D05C7047AD600020FD
S214025D90AF6000206896040038B5437B0446DB07F4
S214025DA003D590F909000FF0F8F900250F4B83F898
S214025DB059502079FFF764FFFFF7E0FF61882488D7
S214025DC0034622462846FEF7ADFA044620B11720BF
S214025DD0FFF750FE204638BD1723054DC82105485B
S214025DE06B6114F00BFA03232B76F3E7285400209A
S214025DF014550020A4680020F0B51A4D06460C463D
S214025E0093B0A5F8680005F16A0729BBC5F86A10C1
S214025E1079600EF002FD6A4601460020FCF734FE69
S214025E20D5F86A30ADF81060CDF812307B68CDF840
S214025E3016300EF0F2FC6A4601460020FDF7DAF84C
S214025E404FF6FF73B5F86800984203D014B10649BE
S214025E500EF0ECFC13B0F0BD08223846F5F7F8FB5E
S214025E60D7E700BF28540020925400202DE9F041C5
S214025E70DFF8B8801F4698F8003005460C461646EE
S214025E801BB102252846BDE8F081531E052BF8D823
S214025E9014F0F2FA0028F4D13B7B032B14D14FF610
S214025EA0FE739C4212D1012E09D0022EE9D110F0C7
S214025EB01FFD4FF6FB73984203D810F019FD0446F7
S214025EC004E011F070F9FAE7012EDAD0EDB939469E
S214025ED02046FFF775FC05460028D3D198F8003017
S214025EE0332B03D0532B1CBF0E4B18613046FFF7E3
S214025EF0F5FD00214FF6FF70FFF77EFF0A4B1B7879
S214025F00002BBFD012F020F8BCE7397B721ECB1EE6
S214025F10594259415042504105F07CFF054600283F
S214025F20D5D0AFE714550020C26A0020AE6000202C
S214025F302DE9F04105460F46904610F0D9FC6B7BE2
S214025F400446DB0703D595F909000FF026F910F091
S214025F50CFFC384B384E188010F0E7FC374B1880D1
S214025F60FDF73AFE364B1880FDF73CFE0822014646
S214025F703448F5F76DFB10F07DFC334B187028792A
S214025F80FFF77EFE00216888FFF736FFFDF726FF43
S214025F9060B14FF6F672631E9BB2934206D911F0B9
S214025FA002F9B6F8683004468342F8D0204610F06C
S214025FB0ABFC288810F0C5FC4146B6F86800B84726
S214025FC0044628B91920FFF755FD1920BDE8F081CF
S214025FD0B6F8681010F045FA00231C4D86F85930C2
S214025FE02B7803F0FB03022B02D0204610F0A6FE0D
S214025FF0002220461146FFF707FB0446B0B11723DE
S2140260006B61134B1B78042B09D1C821114814F07D
S214026010F5F803232B7684F00100C0B2D6E74FF4DE
S21402602016710C4814F0EAF80023F3E71720FFF77E
S21402603021FDF0E7125A002028540020105A0020B2
S2140260400E5A0020426100204A61002014550020AA
S214026050AF600020A4680020F0B50C461E460B4632
S2140260602049074689B004F1140053F8045B8342C2
S21402607041F8045BF9D11B8802AD0B80D4F80E0000
S214026080D4F81210238803C5ADF8103023798DF8A2
S21402609012208DF8133000233A468DF814304FF64E
S2140260A0FE71012002ABFFF7E1FEC8B902A8FFF7B6
S2140260B0C3FB237B4BB10C4D0C4B01AA2946012096
S2140260C001930FF048F82A781AB92046FFF764FEC3
S2140260D003E020460199FFF72BFF08B9044B1E7018
S2140260E009B0F0BD145A002014550020196E0300A2
S2140260F04B61002001232DE9F341304E05460F4641
S21402610000202F491446737300F0EAFB0FF047F89D
S214026110DFF8AC8038B9012D01D9042D0FD1214604
S21402612038460EF000FC1020002111F025FF002852
S2140261303CD0002002B0BDE8F041FCF7AFBC002C1A
S214026140F1D1204B1B78212B03D0062B01D0532BE9
S21402615002D101F02FFAE6E7FDF740FE0028E2D072
S21402616000F0EAFB28B9307BC0F11800FFF782FC8A
S214026170D9E7154B41462046019300F0B1FB20B10A
S21402618040F61901114814F08EFA01AA0B4998F844
S2140261900C000EF0E0FF32781AB90948FFF7FCFD52
S2140261A0C1E701990648FFF7C3FEBCE7FFF79EFA70
S2140261B00028BED102B0BDE8F08100BF1455002011
S2140261C0145A0020AE600020196E030036490400FF
S2140261D01FB5144B04461B88DB0707D44FF6FF7027
S2140261E00021FFF709FE002004B010BD0A230E4A64
S2140261F0012001A9FDF786FC4FF6FF73BDF80C20BF
S2140262009A42EBD00822FF2101A810F0FFFA0028DC
S214026210E4D10CB90120E7E7BDF80C0001A9FFF7AD
S214026220EBFDF7E72C5A002026E1010038B50C46B4
S214026230154610F069FB02F053FF29462046FFF789
S214026240DBFD00F079FB48B1054BDB790E2B28BF4E
S2140262500E230133DBB2034A137038BD0123FAE77B
S214026260145A00205761002038B51D46FFF7FEFD80
S2140262700446C8B92B7B2846032B03D1BDE8384019
S21402628010F0DEBDFFF7D8FA084B25469C8110F0C9
S214026290F1FA0121064B81401A780620FEF730FA01
S2140262A0044608B1034B1D70204638BD1455002025
S2140262B0C16A0020AE60002030B5012087B0FFF72B
S2140262C087FF6B460446144A1068516803C384B9B4
S2140262D004F0C4FD02A8FFF7CDFA4FF6FF7522467A
S2140262E0BDF80E002946FFF7A1FF0EF0A3FA07B08D
S2140262F030BD6B46094AD2F86A00D2F86E10B2F880
S214026300685003C304F0AAFD02A8FFF7B3FA6A4670
S214026310BDF80E00E6E700BFCAD1030028540020ED
S21402632037B5324B04461B781BB10224204603B015
S21402633030BD14F0A1F80028F7D100F00DFB14B11F
S21402634022882B4B1A8000210DF10700FDF7D0FCA6
S214026350002848D110F046FD04460028E6D1254D17
S2140263609DF80700FFF7BAFB2B78033B012B27D8D3
S2140263702046FFF72DFF18B3FFF79EFF00F0FCFE46
S214026380FFF74AFB012010F03FFA48B9184B1B886A
S2140263909A0707D52346052201201749FFF788FCEE
S2140263A00446C3E7154D022329460120144AFDF789
S2140263B0A9FB2B885B07B9D5204600F0F1FEB5E7AE
S2140263C02B78053B012BB1D8FFF776FFFFF724FBAE
S2140263D02B78052B0CBF04200520FDF713FC0120AB
S2140263E010F012FADCE71724A0E700BFAE60002028
S2140263F02C5A0020AF60002000F8FF07DE5900206C
S21402640027E101007FB50024184E194D3278E3B219
S2140264109A4201D804B070BD4FF6FF73B5F86820F3
S2140264209A421AD0134B1B88DB0714D5124AB5F8CA
S214026430683010685168ADF80C3001AB03C30F4AE0
S2140264400A23002001A9FDF75DFB022300200C4A67
S2140264500C49FDF757FB0134D8E70022082106480D
S21402646010F0D4F90028F6D1DCE700BF9F6A0020BE
S214026470285400202C5A00209254002026E10100C5
S21402648027E10100DE59002010B500F0C7FE01F03A
S21402649013FCD8B10E48FDF7BBFA0E480E4C017A33
S2140264A00E30FFF741FB23781BB100F0F7F900230B
S2140264B023700022094B1A73FFF7AEFA07F0B8F9F9
S2140264C000F012FFBDE81040FFF79CBF10BD00BFF2
S2140264D0A4680020145A00204B61002014550020A6
S2140264E010B52548FDF794FA01F0E6FB30B1234BD0
S2140264F01B781BB9BDE81040FFF7C6BF01F0DCFBF6
S21402650078B11F4C237E83B1C8211B4813F076FE58
S2140265100021237E0846013B2376BDE81040FCF7A7
S2140265202BBBFDF75BFC0028EBD1FDF757FC154BA8
S2140265301B7858B9112B03D003F0FD03412B19D158
S214026540BDE810400E4B5869FFF794BA332BF7D1CB
S2140265500D4B188810F0D8F90C4B188810F0F1F98A
S2140265600B4B0C491888FFF747FC0B4B1878FFF7C4
S21402657087FBE5E710BD00BFA4680020AA600020E4
S21402658014550020AE600020125A0020105A002037
S2140265900E5A0020426100204A6100202DE9F04F89
S2140265A00F4685B002AD044629463846914611F09C
S2140265B075FF4FF0000B82463846CDF804B010F057
S2140265C006F84678022C804606F0020609D85CB128
S2140265D0FDF704FC0446002848D1754B01241B78BD
S2140265E065E0043C022C3AD9FDF7F8FB38460FF07A
S2140265F067FF00240546A046DFF8D8A138460FF00C
S214026600E6FF50F809300DF10500019314F029F960
S2140266109DF807B00746B8F1000F4DD1BBF1000F49
S2140266205BD0DFF88C9199F800300BB1002E63D066
S214026630002C61D05F4B1B78022B5DD1BBF1000FA3
S21402664053D1384610F060F958465946FFF76CFAAF
S21402665007F0EEF840F607400EF0A1F934E010F02D
S214026660B5FBFDF7BBFB0446F8B15C464EB1524B98
S2140266701B78012B02D0043B012B0BD805B0BDE8DA
S214026680F08F4B4B1B782BB14B4B1B7803F0FB0365
S214026690022BF3D0BAF1000F404608BF002511F0D6
S2140266A0F0FE4FF001088246A8E7414B1B78002B0C
S2140266B0F0D0002EEED1E1E7BAF1000FAED0504690
S2140266C0FDF71EFE0028A9D1002013F0A1FB00282A
S2140266D0D4D000200FF089FFD0E74FF6F7739F4221
S2140266E09FD91720FFF7C6F9EEE7FDF777FB48B10B
S2140266F03248FDF78DF9F4E7FDF770FB10B1BBF1F8
S214026700000FF5D1FDF76AFB0028DDD02846FEF71C
S21402671049FAFF28DFF89CA0294C03D09AF80030EB
S214026720012B04D12946B4F86800FEF795FBFEF764
S21402673051FC2A463846B4F86810FFF777FD214B1D
S214026740214A93F906301B0213809AF80030012B77
S21402675019D0312B14BF432311238AF800301B4B68
S2140267601648196813F04AFD00F006FD0023124C85
S21402677099F80010237641B9104813F03FFD40F611
S2140267801B436361A0E71123E7E7B8F1000F03D0CC
S21402679016B1FFF779FEF2E70D4B1B78042BEED10C
S2140267A00521064813F02AFD09232376E7E700BFF2
S2140267B0AA600020AE60002014550020A4680020C5
S2140267C028540020145A00202A5A0020C4680020A8
S2140267D0AF6000203161002070B508468CB00D46CF
S2140267E00FF0F5FE09220021064613F05BFB044675
S2140267F028460FF065FE052228460DF10F0304A970
S2140268000EF01FF902281BD09DF80F3029461C44B3
S2140268100023E4B204F11002365D01200093D2B2E6
S2140268200BF099FF60B1022E0AD1064B1B78012BA2
S21402683006D1054B187818B922462946FFF7AEFE50
S2140268400CB070BDAE6000201455002008B5084B91
S214026850187050B1074B1B883BB14FF47A7106484B
S214026860594313F0CBFC002008BD0120FCE700BF13
S214026870A1600020406A002074450020014B188069
S21402688000207047406A002008B5FDF7C1F80022D4
S214026890014B1A7008BD00BFA160002010B500248D
S2140268A0044B05481C80054B1C70FDF7B1F82046CA
S2140268B010BD00BF2E5A0020C86800204C61002080
S2140268C008B50348FDF7A4F8BDE80840FFF7E6BFA1
S2140268D0C86800200148FCF7ABBD00BF2E5A002056
S2140268E0F7B5134B04461B780E46EBB183421DD90F
S2140268F00021104814F019F8002501460D4F09B979
S214026900012009E0AC4209D1002416232246304673
S214026910009414F09FF8204603B0F0BD384614F0F9
S21402692028F801350146EAE71820F5E72720F3E7BD
S2140269304C6100202E5A0020014B1878704700BF89
S2140269404C61002025289DBF024B18700020212094
S214026950704700BFC36A0020012307B51846064ADF
S2140269600DF10701FDF7CEF89DF80720034B1A70CC
S21402697003B05DF804FB00BF29E10100426A002073
S21402698084B010B502AC84E80F00082224480DF14A
S2140269901601089CF5F756F938BB9DF815309B078B
S2140269A005D4204B1B7803F0FD03312B23D11E495F
S2140269B06378097803F00F028A4203D0012928D1AE
S2140269C0022A18D12278B2B91B09022B13D194F9E4
S2140269D00230002B21DB154BB3F86820BDF80A30D5
S2140269E09A4208D1FEF790FF06E0002208210C48E2
S2140269F00FF00CFF20B90020BDE8104004B070472D
S214026A000B4BBDF808205B889A42C6D0002BC4D038
S214026A10F1E70229EFD1012AD3E70120ECE700BF14
S214026A2018550020AE600020946A002028540020EA
S214026A301455002084B02DE9F0478EB016AC84E8D9
S214026A400F00DFF868C1564BBCF802009DF85D9057
S214026A5010F001049DF96220BDF870E09DF875A063
S214026A609DF976709DF878509DF97A109DF95E80B2
S214026A709DF860601B782FD09DF87D00C0F340041F
S214026A80C0F38000002B44D0464B1B78012B02D16A
S214026A90002C00F08280C0B19CF800301E335BB23E
S214026AA0BB42ACBF002701279845D4BF0023012371
S214026AB0BB4209D18A4208DB0CD1A81BC0B280288F
S214026AC08CBF0020012000E038460EB0BDE8F0473B
S214026AD004B070470020F8E710F0020F18D0C3B1D8
S214026AE0490814BF01200020520814BF01230023C6
S214026AF08342EAD1AB1BDBB2802B0AD9AE42E9D184
S214026B00B84506DB49D1CA4594BF00200120DCE720
S214026B100BB90120D9E7AE4216D002AC1CAF0FCF9C
S214026B200FC497E8030044F8040B2180DDE91A013C
S214026B3016AB0090ADF804100FCB0EF005FB002844
S214026B40E7D1AE42B9D1C0E7BDF8583073451ED082
S214026B5008AC0DF1700CBCE80F000FC49CE80300F3
S214026B6044F8040B2180104C638873450FD1082229
S214026B70211D0DF12E00F5F765F8024638B90821F9
S214026B80201D0FF043FE10B96388002BC1D1B84513
S214026B90BFDBC2D1CA45BCD8BFE7204695E700BFD7
S214026BA04C610020AE60002014550020426A00208E
S214026BB084B02DE9F04F8FB06A4E18AC08AD84E869
S214026BC00F00162200212846F4F7F0FC33783BB972
S214026BD00024654B32781B789A4239D2002726E089
S214026BE00021624813F0A1FE00270446B846DFF8EB
S214026BF07C91002C45D13FB1224639465B480FF0C6
S214026C0069FD3378013B33703378002BE0D00021E6
S214026C1056484FF0000913F088FE4F468046CA4693
S214026C20DFF848B1B8F1000F6CD1002FD1D0162191
S214026C30002218A80FF0E6FC014648B1002F00F02B
S214026C408B80224649480FF0FDFC337801333370BF
S214026C50454B32781B789A4207D94448002201886D
S214026C600FF038FD3378013B33703378012B03D1B4
S214026C703F49404813F0C2FA0FB0BDE8F04F04B0E7
S214026C8070470022214616232846CDF8008013F0CE
S214026C90E1FE1622294618A8F4F7D4FF0028EBD006
S214026CA09DF864209DF824309A4225D1BDF86020D4
S214026CB0BDF820309A421FD108220DF12E010DF1A7
S214026CC06E00F4F7BFFFB8B902AF0DF1600CBCE876
S214026CD00F000FC79CE8030047F8040B39800EAB81
S214026CE013E903000090ADF8041095E80F00FFF7D3
S214026CF0A1FE0028C0D027462146484613F039FE9A
S214026D00044676E71623002241462846CDF800A020
S214026D1013F0A0FE02AF0DF1600CBCE80F000FC727
S214026D209CE8030047F8040B39800EAB13E9030016
S214026D300090ADF8041095E80F00FFF77BFE0746BB
S214026D4020B1B9F1000F04BF444681464146584679
S214026D5013F00FFE804665E73A46044813F0EBFD53
S214026D6073E700BF4C610020C36A00202E5A002041
S214026D7020BF0200C86800202DE9F04F002104461B
S214026D809FB00DF14008162240460E91CDE90C1137
S214026D90CDF83B10F4F70AFC052220460DF11F033E
S214026DA016A90DF04EFE0228074600F0F280204695
S214026DB00FF00DFC064613F054FD8146F01C13F04E
S214026DC050FDADF84000701D13F04BFD012FADF8DD
S214026DD04200204640F0E0800FF0F9FB05462046D0
S214026DE013F020F90D3502232D1A0093214643464F
S214026DF00820EAB20BF0AFFC002800F0CA8020465A
S214026E000FF0EAFB012F83469DF84D3040F0DC8000
S214026E1000252F4643F001038DF84D3016AE338819
S214026E20022B4DD1F1782046023108F065F81B2876
S214026E3046D1F1782046033108F05EF819283FD192
S214026E40F1782046043108F057F84A2838D14FF036
S214026E50050AF17820460131514408F04DF8F178E0
S214026E6005905144204608F047F8059B00EB0320A6
S214026E7083B200F03F02932B059240F095800023E8
S214026E80F778214602375744FFB23A4600930CA8D9
S214026E900F2313F0DFFD07F10F01204611F0D7F99B
S214026EA007F111010546204611F0D1F9ADF842006E
S214026EB0059B023353445FFA83FA33795345C8D8A5
S214026EC006360DF17603B342A9D19DF84D20C5F3DF
S214026ED0C03363F3410220468DF84D200FF00EFBBF
S214026EE08DF8440020460FF0FEFA8DF84500204645
S214026EF00FF0FEFA9DF83230BBF1190FC3F3C3024E
S214026F008DF84720DDF833208DF84600CDF84E2068
S214026F10DDF83720CDF8522094BF00229DF83E209F
S214026F208DF8482003F003028DF84A209DF84D2084
S214026F30DB0963F38202694B8DF84D201B78022B26
S214026F4056D1BDF840600FF0F0FC864250D108A83A
S214026F500FF057FFBBF1190F47D908220DF14E016A
S214026F6008A8F4F76FFE00283CD1B9F5004F02D00E
S214026F70B9F5624F0DD140F6FF7325F440459D42A8
S214026F8007D1002208210DF14E000FF03FFC002829
S214026F903ED01FB0BDE8F08F0FF019FB0546204625
S214026FA013F040F807351EE7412B81D1F1782046D1
S214026FB00231514407F0A0FF494B1B78C3F1B303DB
S214026FC018448DF8490073E76FF30003F01D8DF83F
S214026FD04D3013F046FC0CA9054620460FF063FF21
S214026FE00B2772E700F058FDBFE700F055FDD0E72B
S214026FF0B9F5004F02D0B9F5624FCAD140F6FF7319
S21402700025F440459D42C4D1BBF1190FC1D9B8E75A
S214027010BBF11A0F06D007F11F0142462046C9B23D
S2140270200EF098F82F4C304D637BDBB12B78012B9A
S2140270301DD1012323730CAB029314AC94E8030016
S2140270400090ADF8041098E80F00FFF799FC90B195
S21402705094E803000090ADF8041098E80F00FFF7DC
S214027060A7FD08E0FCF7BAFE0028DFD0E1E703F050
S214027070FD03042BDDD02B78012B01D0042B88D105
S2140270801A4BDDF84E001B78DDF852108DF82230D0
S214027090BDF84030ADF820309DF84D30C3F34003C4
S2140270A08DF823309DF8313003F00F038DF82C3025
S2140270B09DF848308DF82D3009AB03C30C4B1B6886
S2140270C01BB1414608A8984763E79DF946209DF8FC
S2140270D0451008A80DF025FC5BE700BFAE60002057
S2140270E053610020145500203A61002052610020AE
S2140270F00855002010B513F0CFFA114B1B78022B5F
S2140271001CD1104A1468A04218D00F4910600A68B1
S214027110121B10440D4A086012786AB1013A934075
S2140271203C2253434FF47A725343984206D9BDE841
S21402713010400320FCF766BD0A23F3E710BD00BF2C
S214027140AE600020A04600209C460020906A0020E8
S214027150064B1B88DB0708D50022054B43F8202088
S214027160044A135C63F00F0313547047305A00202E
S214027170F04400207360002008B513F08DFA002258
S214027180024B1860024B1A6008BD00BFA0460020E2
S2140271909C460020014B1868704700BF9C460020A2
S2140271A008B50C48FCF734FCFCF772FD80B10A4BBC
S2140271B00322B3F8681001200DF0ECFF4FF47A7149
S2140271C0064B04481B885943BDE8084013F016B81E
S2140271D008BD00BFE868002028540020246A00206A
S2140271E0014B188000207047466A0020044A054B6F
S2140271F01870138823F0030318431080002070478A
S214027200305A0020916A0020034B1888C0F30E0003
S214027210003818BF01207047DE59002008B5FFF776
S214027220F3FF30B1002004490223044A0880FCF729
S21402723069FC002008BD00BFDE59002027E10100DE
S214027240024B1888C0F30E00704700BFDE590020BC
S2140272500023084A01201370074A08491370084B96
S214027260084A1B7843F0040313800223064AFCF7FD
S21402727049BC00BF4F6100204E610020DE5900204D
S214027280916A0020305A002027E1010030B5012122
S21402729000240B2385B0104D019400918DF80C301C
S2140272A08DF80D000323B5F8680003AA8DF80E408A
S2140272B011F086F868B1B5F868100FF0B1FE40B16B
S2140272C00522064B64211A70054B06481C7012F004
S2140272D095FF05B030BD00BF285400204E61002047
S2140272E04F61002008690020064B1B78033B012BE8
S2140272F006D8054B1B781BB9044B1878FFF7C6BF98
S214027300704700BFAF6000204D610020906A0020E9
S21402731010B51548FCF77CFB144B1978F9B9144ADA
S21402732013787BB1013B1370124B1B78042B02D1EE
S2140273300846FBF721FCBDE810404FF496710A4858
S21402734012F05CBF0C4A128802F00302022A0AD12B
S214027350BDE81040032201200849FEF7A9BCBDE89B
S2140273601040FFF7C1BF10BD086900204F61002022
S2140273704E610020AF600020DE59002000F8FF07B3
S214027380084B1A785AB10223013A93404EF660220D
S214027390534303210448B3FBF1F112F02FBF42F22C
S2140273A01073F6E7906A00200869002070B505465B
S2140273B01748FCF72DFB0122164B28461A7011F0CF
S2140273C023F8411C044689B2284607F095FDA11C05
S2140273D0064689B2284607F08FFD0F4C022320800E
S2140273E0214600200D4AFCF78DFB86B9238803F060
S2140273F00303022B03D1FFF7BFFEFFF7C1FF23886B
S2140274005B0704D5BDE870400548FFF7C9BE70BDEE
S214027410086900204F610020DE59002027E10100A4
S214027420E86800202DE9F0431F4C0546238889B002
S214027430002B33D01D4E00214FF4807010F07CFDDF
S2140274403378DB0728D50121208812F023FE074671
S21402745020880FF0BCF8023013F003FA05A9804624
S214027460208811F0B8F83378384613F0020F104B24
S21402747018BF0025B3F8009012F0F0FD0646384615
S21402748012F0D0FDF6B20290424606212846CDE919
S214027490009605AB0DF001FA00232380054809B0DB
S2140274A0BDE8F043FCF7B4BA365A0020506100201B
S2140274B0345A00202869002010B5044640F62140C0
S2140274C0FFF7B0FF01214FF4807010F035FD78B160
S2140274D00022084B1C80084B1A7007F085FEBDE898
S2140274E01040064B1880064B0648198812F086BED6
S2140274F010BD00BF365A002050610020345A0020CA
S214027500266A002028690020044A137818B943F036
S21402751001031370704743F00303FAE7506100203B
S214027520044B1B781BB9044A1380FEF707B90020E8
S214027530704700BF3E610020325A0020042230B558
S21402754001F0400387B0002B054614BF0124002437
S2140275508DF80C208DF80D1004D004A910F00AFD49
S21402756010B304ABCDE9004301210223284603AA47
S21402757010F026FF0446C8B10D4BB3F868100EF0A3
S21402758070FF4FF6F7739D4209D932220221204638
S214027590FEF73AF880F00100C0B207B030BD2946C7
S2140275A020460FF03DFDF5E70120F6E71920F4E747
S2140275B02854002010B5FFF731FE04F031FA0FF020
S2140275C0BBFB002010F0CEFC12F056FF08B1FDF710
S2140275D029F9204C2378532B12D10323237000233E
S2140275E0FF2219460120FEF763FB002012F010FC72
S2140275F010B100200EF0F9FFBDE810400DF0CEBD30
S214027600062B01D0212BF0D10120FEF7F5FA4FF61A
S214027610FE700FF079F94FF6FF700FF092F9002026
S214027620FEF752FA0020FEF759FAFEF7E9F900F0E3
S21402763029FB0DF0B6FD2378212B02D1FEF774F953
S214027640D3E70020FCF7DEFA00214FF4004010F0EA
S21402765063FACAE7AE60002010B50A4C0A48FCF787
S214027660D7F92378062B02D10120FEF7C5FA237834
S214027670062B01D0532B03D1BDE81040FFF79ABF6B
S21402768010BD00BFAE600020486900202DE9F0471B
S214027690DFF8C08004460E461746FFF7BFFD98F88F
S2140276A0005015B90220BDE8F087212DFAD02848EF
S2140276B013F069F90028F5D114F020043946304653
S2140276C0DFF894A0DFF8949005F00F051BD00DF0BC
S2140276D0ACF8012D8AF80070A9F8006029D12123A0
S2140276E088F80030FFF766FF0020DCE7212388F8E1
S2140276F00030FFF75FFF00214FF6FE70FEF77CFBBF
S214027700FEF780FEF0E70DF08FF8012D8AF8007084
S214027710A9F80060EAD0062321464FF6FD7088F8E5
S2140277200030FFF70BFF40F22621094812F066FDF3
S214027730E1E7532321464FF6FD7088F80030FFF745
S214027740FDFE40F22621024812F058FDCCE700BFAB
S21402775048690020AE60002051610020486A00207F
S214027760F8B50D460646511C284607F0C5FB0446EA
S21402777028460EF02CFF0546023013F072F8154B21
S21402778007461B78022B02D0043B012B21D8124B52
S2140277901B68580201D5A1061BD5620619D50F4BE8
S2140277A0B3F86830B34214D16B781B070DD5284660
S2140277B010F067FEFCF7A4FD58B1314604F0200035
S2140277C00122BDE8F840FFF761BF0FF091F8B8421A
S2140277D0F3D0F8BDAE600020A84600202854002052
S2140277E073B504460D4613F02AF9FF28034625D042
S2140277F0134A12784AB1134A32F81020520404D5BA
S21402780010F0A1FB002002B070BD184610F0ACFBD1
S2140278106946064610F0AEFB40B1FCF7E7F928B120
S214027820002302226946304605F0DCF8204645F081
S214027830400102B0BDE87040FFF780BE0120E2E7DB
S214027840AA600020D859002038B505460EF0BFFEC3
S2140278500446284610F0D8FD411C89B2284607F097
S2140278604BFB42060DD563781B070FD5204610F05A
S21402787008FE0146002013F0E0F8BDE8384010F09C
S21402788062BB0348BDE83840FFF7E6BE38BD00BF1E
S2140278904869002038B54FF6FF75A842044617D04F
S2140278A00FF043F8A04213D04FF6FD72094B198829
S2140278B091420DD9084A1288AA4201D0A24207D1A3
S2140278C01C804FF47A71BDE83840044812F096BC2A
S2140278D038BD00BF2E6A00204A6A002034460020C7
S2140278E008B50448FCF794F84FF6FF72024B1A806C
S2140278F008BD00BF344600202E6A002037B5054674
S2140279000C46082369460120064AFCF7FBF815B127
S2140279109DF806302B700CB1009B2360BDF8040066
S21402792003B030BD25E1010007B508238DF8060037
S214027930ADF80410009269460020034AFCF7E2F80C
S21402794003B05DF804FB00BF25E10100024A13788C
S2140279500BB1013B137070479F60002008B50EF014
S214027960F0FF00214FF6FF72054B08461A80FEF71D
S214027970DBF8BDE8084040F616400DF010B800BF30
S2140279802E6A002008B5FCF743F80A4B1B78023B28
S214027990032B08D84FF6FE73074A108898424FF614
S2140279A0FF7301D1138008BD9842FCD0BDE80840A1
S2140279B0FFF7D4BFAE6000202E6A002010B5084B39
S2140279C01B78042B0AD00EF093FF002104460846CB
S2140279D0FFF794FF231A5842584110BD0020FCE7D7
S2140279E0AF600020F0B5002689B00546CDE90566F1
S2140279F0ADF81C6010F008FD0A230246044629462C
S214027A00009605A813F026F89DF815309DF8147018
S214027A101F2B27D803A80FF0F4F908220DF1160140
S214027A2003A8F4F70FF90646E0B9092F1CD1FFF7B1
S214027A30C5FFB8B1144B1B78A3B1144B1A884FF686
S214027A40FD739A420ED9124C124A23780433DBB2E3
S214027A5023701278013AB3EB820F03DD58B20BF0B3
S214027A6058F8267009B0F0BD0A34E4B2214628461A
S214027A7007F042FA0FF058FA611C284610F0E7FBAE
S214027A80FFF708FFEEE700BFA46A00202E6A002078
S214027A909F6000208F6A002038B5134B1B78033B8B
S214027AA0012B20D9114B4FF6FF711B78ABB1104D4D
S214027AB02B888B4217D10EF038FF4EF66021044613
S214027AC00C4812F09BFB4FF6FE7322462B800021D9
S214027AD0BDE8384009200FF035BA074A13888B42B2
S214027AE01CBF0133138038BDAF600020A46A00209B
S214027AF02E6A002034460020DA59002008B50448D1
S214027B00FBF786FFBDE8084000210846FBF734B8BD
S214027B106869002010B5044661B1FF210EF0F8FC3A
S214027B20002120460EF0FAFC0EF03BFC01462046F1
S214027B300EF0FAFC2146BDE810400022014812F081
S214027B40FABE00BF3A5A00202DE9F0410D4617460C
S214027B5004460EF03CFD06782846FCF74DF9294609
S214027B60804620460EF07DFC0EF0C2FEA84206D1EC
S214027B7020460121FFF7CEFF0120BDE8F08128460E
S214027B80B8F1000F0AD0FCF7B9F950B9144B3A46CF
S214027B902046BDE8F0411978FDF736BD10F0EEF943
S214027BA0F3E706F00306012E08D00EF0A1FE00232E
S214027BB02246294602F042FA0028D9D120460EF083
S214027BC00CFC430505D52046BDE8F04100210EF029
S214027BD081BF204610F0BDF9B0FA80F04009CCE72C
S214027BE08E6A002010B586B0044610F00DFC104BCD
S214027BF00246186819790290D3F805005B7A0132BA
S214027C008DF8143000238DF80C1004902146009352
S214027C1092B2052304A812F01DFF052204A902A8A9
S214027C20F4F710F8B0FA80F0400906B010BD00BFB5
S214027C30E095040008B511480EF086FD104B1B783F
S214027C40012B06D8FF2010F057F9FDF7B1FB10F014
S214027C5072F9FDF73BF801F091FCFFF7F9FA10F024
S214027C604BFD07F0F1FDFDF749FD07F03DFB0CF07B
S214027C70DEFDBDE8084002F0D3BC00BFF054002091
S214027C806C60002008B5F0F75DFDFF2803D0094BB5
S214027C901B78012B06D9002010F02EF9FDF788FB81
S214027CA010F049F9FDF712F801F068FCBDE808404B
S214027CB002F0B6BC6C600020064B1878112806D07D
S214027CC000F0FD00A0F141035842584170470120E0
S214027CD0704700BFAE6000202DE9F8430446FDF76A
S214027CE00FFB18B100263046BDE8F8834FF6FF7842
S214027CF0184BB3F868104145F4D020460EF0B1FB9D
S214027D00154B022120461A88FDF77EFC06460028FF
S214027D10E8D020460EF05BFC90F80790054604304B
S214027D2012F09FFD07460EF0E3FD4946024638462E
S214027D30FDF7FEFAA81C12F094FD404502D120463B
S214027D40FFF7BAFB2B789B07CDD101212046FFF720
S214027D50E1FEC8E728540020385A0020F8B5074646
S214027D600EF035FC0546043012F07BFD0646A81CD4
S214027D7012F077FD0446304612F061FE3046FCF7FC
S214027D803BF82B789B0701D10EF0B2FDAB790BB90D
S214027D900320F8BD0EF0ACFDA0420CD10EF0A8FDFB
S214027DA00446094B214638461A78FFF7CDFE0028CE
S214027DB0EED00020EDE7054B1B78052B1CBF044BCD
S214027DC0B3F86840EDE700BF385A0020AF600020E5
S214027DD0285400202DE9F041064610460D4610F0C4
S214027DE013FBA0F11004E7B256FA84F42146EA1B0C
S214027DF004F10E00F3F72CFC2823DFF84480F35539
S214027E0098F80030637301F0CDFB611C0246012036
S214027E100DF0DCF908220949601DF3F719FC98F801
S214027E2000000FF0D5FE05F10E0130463B4600225B
S214027E30C9B201F069FC1220BDE8F0813161002070
S214027E40A96000202DE9F04F87B004460EF0BFFB74
S214027E50064620460EF01EFB0746301D12F001FDB8
S214027E608146B01C12F0FDFC384696F807A012F0C8
S214027E70EFFD33789A075FD12146042001F04CFDCE
S214027E80002859D0204610F0BFFA0146204607F0D7
S214027E9033F8830750D1204610F0B6FA0146204642
S214027EA007F02AF810F00303039345D12046FFF7A4
S214027EB099FE002840D0204610F07CFB451C204648
S214027EC012F0CCF8EDB205F10A0B83455DDA304AC2
S214027ED004AB1068516803C3691C204607F00CF80F
S214027EE029468046204607F007F800EB0820594648
S214027EF01FFA80F8204606F0FFFF8346039B2146C2
S214027F00AA1C009304A8082312F0A4FD20460EF033
S214027F10C1FA5A4641460DF04BF90122404604A9E1
S214027F200FF08CF988BB022007F032FC013003D137
S214027F30404604A9F0F7CEFC0EF0DAFC48453A4675
S214027F40514607D10EF0DCFEF8B907B0BDE8F04F97
S214027F500FF028B948460EF0D3FEB0B90D4B1B7889
S214027F601BB9394648460FF033F83A46514648465A
S214027F70FDF7DEF948B1317811F0030105D120464C
S214027F8007B0BDE8F04FFFF7C5BD07B0BDE8F08FFC
S214027F90CAD10300A560002038B5114D2B78023BEC
S214027FA0012B18D80DF006F90446B0B9FFF7A2F86F
S214027FB02B78032B07D12346FF2221460120FDF70B
S214027FC077FE012038BD21462046FAF7D5FD003857
S214027FD018BF0120F6E71720F4E70220F2E700BFF9
S214027FE0AE6000202DE9F74305460E4614460EF015
S214027FF0FEF90C2828464AD10EF0E9FA0922002199
S21402800011F050FF00F11001C9B2284606F074FFC5
S214028010042813D07C282BD0012840F0AC8046B927
S2140280201321284610F013F903B0BDE8F0430EF012
S21402803088BC03B0BDE8F043FDF7DCBC5B4B1B78A5
S214028040022B40F0988046B9FFF7FAF8C3070AD524
S214028050FFF792F8002C08BF3F26304603B0BDE873
S214028060F0430CF000BCFFF7CFF80028F0D0F1E7A1
S214028070284611F0F3FF0446284611F0D3FF0246C5
S2140280803046E1B203B0BDE8F0430CF0EABB0EF0B6
S2140280909EFA8046043012F0E4FB074608F102001E
S2140280A012F0DFFB4FF6F773984204460CD8404AAC
S2140280B0138801339BB213800BB93E4A13801EB15C
S2140280C03C4A13880133138098F8009009F003099C
S2140280D0B9F1010F1DD1284610F096F9014628463F
S2140280E006F00AFF0B2809D00D2807D0042842D133
S2140280F0284603B0BDE8F043FFF7A6BB2E4B1B781D
S214028100042B38D10021084603B0BDE8F043FAF745
S21402811033BDB9F1000F2ED13146284603F05EFD7D
S2140281204EB34FF6F7739C4225D898F80160204666
S21402813016F0040622D10FF0EFFE054620467DB16A
S2140281400FF01CFF034600BB0C2200902146384667
S2140281500FF00CF90C22002339462046009308E063
S2140281600FF00CFF0346C8B9144A00901278214655
S21402817038460FF0FBF803B0BDE8F0830FF0FEFEC2
S214028180034678B90B220090F1E7062233462146D1
S214028190384600960FF0EAF80622DCE72B460095F2
S2140281A00622E4E74B46CDF80090F9E7AE600020E1
S2140281B0E2590020E0590020AF600020C56A002086
S2140281C02DE9F04F05888BB0044628460EF0FFF9DD
S2140281D00746043012F045FB8146B81C12F041FBFC
S2140281E005A98046284610F059F9284610F00CF9E1
S2140281F001460646284606F07FFE3B78824603F096
S2140282000303012B0CBF83464FF0FF0B12F03FFA1D
S214028210E388019002930EF06BFBFB7900904846D0
S214028220039300F081FF002876D1404600F07CFFE1
S214028230002840F08880FDF72BFB8046FBF7CEFD3A
S21402824010B9FFF739FD30B1A8F104085FFA88F8D3
S214028250B8F1020F1BD90BF0FD03042B00F0B3801C
S214028260FFF72AFD20B10AF0030ABAF1010F0ED079
S214028270FBF70EFD28B9714B1B7803F00F03062B94
S21402828068D16F4B2846B3F868100EF0EAF8BBF1D7
S214028290010F63D128460EF0CEF84FF6FF739842D0
S2140282A040F0918000233146284607AA0FF03CFE94
S2140282B00746002842D042799DF82530934209D9D4
S2140282C0711D284689B206F02BFEA37823F00F0311
S2140282D00233A3700CF0A4FA7E23B0FBF3F202FB87
S2140282E0130303F58073A3809DF8263013F0180F4E
S2140282F00AD0A3781B0707D1009B4B4504D04846FB
S2140283007A7905A90CF0C1FA9DF82700003818BF43
S21402831001200BB0BDE8F08F28460EF058F9023067
S21402832012F09FFA4FF6F773984207D9039B2BB9C0
S2140283302846FFF757FC00287FF477AFA37823F090
S2140283400F03A37008E0404612F082FB00287FF479
S21402835072AFF3E72823A3800020DAE7BBF1020F0F
S21402836054D10123314607AA28460FF0DDFD804688
S2140283700EF0BEFABDF8223098421FD1B8F1000FB7
S214028380DCD00122B8F80230314628460FF0CAFD8A
S2140283902C4A13780133DBB2FB711370B8F8023043
S2140283A0BDF81E209A421FBFA37823F00F030233A4
S2140283B0A3704FF4C873A3800120AAE7184612F0F0
S2140283C047FB0028DAD128460EF035F812F0E0FA1C
S2140283D0012808BF1C4BA27809BF1B78FA2303EBBF
S2140283E0830303EB830302BF9B00FA339BB212099B
S2140283F0A4D1DDE90121521A92B293429ED30CF027
S2140284000FFA00F01F001030A080D5E7BBF1030F73
S214028410D9D1009B4B45D6D1711C284689B206F0AD
S2140284206BFD0C28CFD1FCF7FFFD4FF6FF73984289
S2140284300146C8D028460EF014F8C4E7AE60002005
S21402844028540020AC6000209D6A00202DE9F041EF
S21402845005460C460DF0CBFF082802D10120BDE8E8
S214028460F081201D12F0FDF90646284694F8078092
S2140284700EF010F8074628460DF0AFFF010612D59B
S214028480184B1B78042B0ED1174B1B78022B0AD1E4
S214028490164BB3F868204FF6FF739A4203D00021BA
S2140284A00846FAF769FB124B1B78002BD6D1A01CA4
S2140284B012F0D7F94FF6F773984202D86378DA07C4
S2140284C00DD523789B070AD13A46414630460EF030
S2140284D017FC80F00100C0B200F00100BFE70120E7
S2140284E0FAE700BFAF600020AE60002028540020EC
S2140284F0566100202DE9F04F9DB004460DF077FF3F
S214028500054620460DF073FF082869D14FF4004354
S2140285102046ADF85030ADF85C4011F09FFDBDF836
S2140285205C20A0F11005EDB2104610230021009544
S2140285300FF07AFE294617A80FF04EFE204611F0DD
S21402854071FD0AF0FCFA002321461A460C2000931D
S2140285500AF001F998B3204611F064FD14A9024608
S2140285601020FBF779FF0501204611F05BFD14A9E8
S21402857002464020EDB2FBF76FFF10B120460CF02A
S21402858058F9204611F04EFD14A902468020FBF74A
S21402859063FFB8B99DB1102517A805F067FF2046FE
S2140285A0BDF8507011F05AFD0646204611F03AFD0D
S2140285B029460090F3B2384617AA0CF0D0F91DB03F
S2140285C0BDE8F08FBDF8503017A8ADF85E40ADF8A4
S2140285D05C300CF0E7FD0028DCD145F08005DBE7D7
S2140285E020460DF044FFB0F5006F40F005812046AE
S2140285F00DF050FF0646042D40F0018120460DF096
S214028600ECFE80F40060C0F3C02000223146400039
S21402861012F0F0F8944B1A78022A0DD0FFF74CFBB2
S21402862050B902F0FD03312B06D0043A012A03D9D1
S2140286308E4B1B78002BC2D02146022001F06CF92B
S21402864005900028BBD02046ADF846400DF0BFFF8F
S2140286500446BDF846000DF01DFF0646201D12F02A
S21402866000F9A31C83461846039312F0FAF812A9DF
S2140286700746BDF846000FF011FF63780690BDF876
S214028680460094F8008008930FF0BEFE6378054615
S21402869008F0030830460C93FBF7AEFBB8F1010F67
S2140286A00CBF032302230E93714B08BF4FF00B0936
S2140286B01E80237818BF4FF00A0903F03C03082BEC
S2140286C00D907FF47CAFBDF8460011F0C7FCA842BF
S2140286D07FF675AFB8F1010F03D023789B077FF4BE
S2140286E06EAF644BB3F86830B3420DD1624A634B47
S2140286F0B2F9001093F90030002900F0A58001EBD2
S2140287000313A3EB211313804FF0010AA5F1100304
S214028710DBB20A938DF8453010224846BDF8461063
S214028720CDF800A00DF145030AF015F800283FF435
S21402873046AF089B13F00203099300F00981504BE1
S2140287401B78002B3FF43BAFBDF8469048460FF02F
S2140287505BFE002307904846CDE917331993ADF820
S21402876068300DF097FE079B039003F10E01484612
S21402877089B20FF01CFE002870D000234946079AE3
S214028780009317A80E2312F065F950460DF15D010D
S2140287900CF02AFD9DF869300B9004939DF85C302E
S2140287A0282B5BD10DF16100FBF7AAFD0F90002884
S2140287B054D104980FF00CFA0F9B002866D1314B67
S2140287C0049A1B78D31A1C0648D404F059F950456B
S2140287D03CD111F061FF2C4E0546346824B104F0FA
S2140287E055F92C1B844239D30023FF22194618461A
S2140287F0FDF75EFA356031E04FF6FD76FBE64FF6A2
S214028800FF70301A18BF012000223146400011F0D6
S214028810F1FF0C2D0DD12146012001F07DF8002834
S2140288203FF4CDAE214600201DB0BDE8F04FFDF767
S214028830D3BF2DB920461DB0BDE8F04FFEF79CBA57
S214028840042D7FF4BCAEE5E61B025CE704F018F9E3
S214028850022803D104F0F6F80028BAD00022192024
S214028860039911F0C7FFAAE6AE6000205661002009
S214028870565A0020285400202A5A0020536100200D
S214028880AA600020A9600020385500201021484622
S214028890079ACDF800A00EF0EBFF0028DED0BB4B07
S2140288A0049A1B78934240F0AA8003990DF1610264
S2140288B014A811F073FD012114A8FBF7F5FA8246FD
S2140288C048F2030114A8FBF763FBBAF1000F03D0CA
S2140288D0082114A80CF02BFC48460FF0B3FD0399B0
S2140288E00DF16100FCF72AFCFE288246B6D0FF286E
S2140288F00AD1039812F092F8FF28824600F0878089
S2140289000DF16101FCF7F4FAA04B049A1B7893422E
S21402891000F0A38050460B99FCF7F6FB00283FF4C4
S2140289204EAE50460B99FCF701FC237898070FD100
S21402893048460FF069FD0146484606F0DDFA00F0AB
S2140289400300012804D103980DF16101EFF7C2FF7D
S214028950BDF846000DF041FD010440F18580204639
S21402896011F07FFF40F4007189B2204611F07BFFC0
S21402897000224FF40041BDF846000DF01FFDDDF861
S2140289801490012310220093BDF846100E980DF1A4
S214028990450309F0E0FE00283FF411AE032866D135
S2140289A0204611F05EFF40F4007189B2204611F0B5
S2140289B05AFF304612F04CF8002840F0B680DDF838
S2140289C01490B8F1010F40F0B6800320BDF84610AF
S2140289D000F0A2FF002840F0AE802946BDF846000F
S2140289E006F08AFA0F2801467FF6E9AD4FF6F773CE
S2140289F09F423FF6E4AD30460EF057FBDFE55046A9
S214028A00049903F085FA00287FF44FAF26E723780F
S214028A1003F00303012B08D148460FF0F5FC01468C
S214028A20484606F069FA082892D0594B1A78594BEC
S214028A301B789A4209D20DF161010398FCF70CFAF1
S214028A40039811F0EBFF82465EE7A01C11F009FFC7
S214028A504FF6F7739842EED900E75046FCF7CEFB86
S214028A6000283FF457AF5CE74FF0000989E730462D
S214028A7011F0EEFF0028A4D0099B002B57D1B9F1C4
S214028A80000F52D1B8F1010FBDF846009DD029461D
S214028A9006F032FA8246DFF8089199F80030002B89
S214028AA054D00DF025FF87427FF489ADB8F1010F4F
S214028AB07ED1BAF1070F75D8BAF1050F7FF67FADF2
S214028AC0354B1B78022B02D0043B012B03D899F8B6
S214028AD00030002B41D00C9B9A0640F1B4800D9BCF
S214028AE0002B40F0AC80304611F0A9FFFF2840F082
S214028AF0A6805E457FF463AD069B002B00F09D804A
S214028B0012AB46F204020124ADF85C200193214622
S214028B1002233046009417AA0FF052FC00283FF4B6
S214028B204EAD21460DF0D6FF49E5DDF814903046ED
S214028B300FF00CFA45E72946BDF8460006F0DCF9C8
S214028B40099B824613B9B9F1000FA4D0124B1B78C9
S214028B50022B02D0043B012BBDD8304600F0E4FACB
S214028B60814600287FF42BAD0DF0C2FE864225D149
S214028B700A4BB3F868400DF0BBFE4B4601460D2289
S214028B802046CDF800900EF0F1FB18E5A960002013
S214028B90A86000209E6A0020AE60002028540020B4
S214028BA0AA600020AAF10E03DBB2012B88D906E5E3
S214028BB00AF00303012B7FF402AD81E7304611F081
S214028BC047FF58B90DF0B1FE4FF6FF73984205D035
S214028BD011F052FC10B93046FCF7E4F8304611F0BA
S214028BE037FF88B10DF0A1FE4FF6FF7398420BD007
S214028BF011F042FC40B9B8F1010F02D1BAF1060FEA
S214028C0002D030460FF0A1F9069BA3B919460122FD
S214028C1058460EF013FB814600287FF4D0AC20465F
S214028C200FF02FFC4A46014638460EF007FB002896
S214028C303FF451AFC3E412A9E9E7069B61E7637804
S214028C4023F0200363704FF6FC739F423FF4B7ACE9
S214028C504FF6FD739F4204D1B34B1B78042B3FF4AF
S214028C60AEACA3790BB1013BA37163785B0727D542
S214028C700023584617AA14A917930FF047F9179816
S214028C80F0B10FF03CF98146384611F0D8FE179A3B
S214028C900146137903F03000102806D003F00C00CA
S214028CA008281CBF23F00C031371137903F0330357
S214028CB0202B05D1FF2903D0012248460FF02EF9BA
S214028CC0304611F0BCFEFF281EBF0022974B43F829
S214028CD02020089B03F001094FF6F7739F4200F22B
S214028CE0F980B9F1000F40F00181314658460EF086
S214028CF06FF90DF0FDFD874200F0C680384611F090
S214028D00A7FE002841D0B8F1010F27D1BAF1010F12
S214028D1017D14A462946BDF846000FF002F93846F2
S214028D2011F096FE824B1B78002B72D1584611F03A
S214028D308FFE002866D1384611F08AFE002861D1DF
S214028D403DE4384611F084FE50B3BAF1030F27D142
S214028D502946BDF846000EF041FB30E4384611F0D5
S214028D6077FE38460FF00AF9002847D00023394626
S214028D705846BDF8462001F061F900283ED0002191
S214028D80BDF84600FEF7C6FE19E4384611F060FE4E
S214028D9018B1B8F1010FD8D0E3E7B8F1010FE0D16E
S214028DA0634B1B78002BC1D0BAF1050F31D10DF001
S214028DB09FFD8DF85C000DF09BFD000A8DF85D00AE
S214028DC00123022217A90DF14600FAF775FD0028C5
S214028DD07FF4F5AB691C89B2BDF8460006F07AF856
S214028DE00378013303706378590715D40DF080FDBC
S214028DF0834522D0002239461C2032E54C4B1B7894
S214028E00002B93D0B8F1010FCED063785A0714D551
S214028E1002E06378580718D5BDF8464020460FF0A2
S214028E20B5FA411C89B2204606F054F80378B8F128
S214028E30010F03F1FF33037004D0BDF84600FEF7BE
S214028E408DFF09E0BAF1050FD0D0BDF84600FEF757
S214028E5085FFBAF1030FCDD00228CBD100215846A8
S214028E6017AA0FF056F830B10379468003F03C0398
S214028E7043F04003037100232E4A009339465846B6
S214028E8012780EF073FAB5E7B8F1010F7FF477AFF8
S214028E900AF1FF330C2B00F2868001A252F823F06F
S214028EA0018F0200018F0200518D0200178F02000F
S214028EB0398F0200BF8502005D8F02006D8F0200AF
S214028EC0798F0200798F0200BF8502008F8F020021
S214028ED09B8F0200B8F1010F71D0B9F1000F08D1D3
S214028EE0BDF84600FEF7AEFFFFF769BBB8F1010F0B
S214028EF0CED0237A03F00303012B7FF460ABEFE7B7
S214028F00AAF102035A422946BDF846005A410FF01A
S214028F1008F8FFF754BB2A465846BDF84610FEF737
S214028F201FFCFFF74CBB00BFAF600020F0440020E0
S214028F30A26A0020C56A0020691CBDF8460089B2F4
S214028F4005F0DAFF0235EDB20246BDF84630584665
S214028F50009512A906F0D4FDFFF731BB01200A9A4C
S214028F60BDF84610FDF71AFBFFF729BBBDF8460011
S214028F700EF0DDFFFFF723BBBDF84600FEF732FD1D
S214028F80FFF71DBBBDF84600FEF72CFDA8E7BDF8AF
S214028F904600FEF70BFAFFF712BBBDF846000CF0D0
S214028FA0FBF8FFF70CBB2B4622465046BDF8461090
S214028FB00CF0C8F800287FF402AB51461BE50AF114
S214028FC0FF330C2B3FF6FBAA01A252F823F000BF98
S214028FD0018F0200018F0200518D0200178F0200DE
S214028FE0398F0200BF8502005D8F02006D8F02007E
S214028FF0858F0200858F0200BF8502008F8F0200D8
S2140290009B8F020010B5002111480DF044FB044668
S214029010E8B10DF068FA0F4B187020460DF068FAAA
S2140290200D4B187020460DF069FA0C4B187020464E
S2140290300DF069FA0A4B1860012011F031FB204648
S214029040FFF758FABDE81040002011F029BB10BD0A
S214029050085A00205461002053610020526100200B
S2140290603055002070B5144E044633680D46BBB129
S2140290700DF0BDF90C2813D120460DF0A8FA0922EE
S2140290800021044610F00EFF235C042B08D10B4C83
S21402909025B10B4B22781B789A4203D30023237008
S2140290A0002070BD0748316811F0A8F82378012027
S2140290B001332370F5E700BF3455002055610020C8
S2140290C0C46A002068690020014B93F901007047CA
S2140290D02A5A0020014BB3F8680070472854002033
S2140290E070B500240D4D2C70EFF706FAE6B2B042CA
S2140290F008D800220A4B1A700A4B198801B11A8046
S214029100012070BD304611F0A0FCC30748BF2B7883
S21402911004F1010444BF01332B70E5E7A760002089
S214029120A0600020DC59002038B50B4B05461B78A2
S21402913073B101335C08094B188810F073FF0023E3
S21402914030F81320AA4205D00133DAB2A242F7D38E
S214029150002038BD0120FCE7A0600020DC5900207A
S21402916030B5054685B008460C4611F06AFCFF2865
S2140291700CD00EF018F8012200210346CDE90112A8
S214029180009221462A460720FCF7F6FB284611F0F5
S21402919056FCFF2804460FD011F057FCC2070DD527
S2140291A0204611F052FC830708D40B4A32F81430DA
S2140291B043F4806322F8143005B030BD0DF0F3FF9F
S2140291C0012200210346CDE90112009207202A4619
S2140291D0FCF7D2FBF0E700BFD85900204FF6FA7230
S2140291E0431E9BB2934270B504462AD8FFF79CFFF3
S2140291F038BB194B1B78042B23D0204611F00EFCEB
S214029200FF2801D0FBF7FEFC20460EF07AFE08B1DE
S2140292100EF071FE2046114E03F0ACFE20460BF017
S21402922032FB31780E4D69B1288810F0FBFE0546F8
S21402923001461E220230F2F70BFA2C8033781E2BE0
S21402924007D970BD202010F061FF28800028EBD1DE
S214029250F7E702333370F4E7AF600020A060002027
S214029260DC590020044A13782BB1013BDBB21370A1
S2140292700BB9024A13807047A0600020DC59002018
S2140292800148FAF7D5B800BFDC5900202DE9F047AF
S214029290804617460D468CB061B903AE00211B48C6
S2140292A011F043FB4FF000090446DFF860A01CB93A
S2140292B020461DE00E46F1E70022214624233046D2
S2140292C0CDF8009011F0C6FB082241463046F2F770
S2140292D0B9FCA8B9337C9BB96FB945B92A46214671
S2140292E00A480DF0F7F90A4A1388013B1380012059
S2140292F00CB0BDE8F0873B88B28953405B06ECD5DC
S2140293002146504611F035FB0446D0E73E5A00206F
S2140293103C5A0020024B1888003818BF01207047BC
S2140293203C5A00202DE9F04330488DB0FAF770FB26
S21402933011F0B2F92E4D2B68C41A4FF47A73B4FBAF
S214029340F3F4A4B214B111F0A7F92860294F4FF62E
S214029350FF763B88DFF8A080ADF80A3000233B801A
S21402936000210DF10A000DF096F9054658B9224B78
S2140293701B882BB14FF47A711C48714310F03EFFE4
S2140293800DB0BDE8F0834FF0000924234A46294673
S214029390CDF8009003A811F05DFBBDF81A30A34289
S2140293A094BFDB1A1B1B9BB2ADF81A3063B9BDF82B
S2140293B018301B0602D508980BF0D2FCB8F800301D
S2140293C0013BA8F80030CBE79E4228BF1E46012389
S2140293D04A462946009303A8242311F03BFB4A463B
S2140293E02946384611F0A7FABAE700BFD44500204E
S2140293F03C5500203E5A00203C5A0020F0B5044658
S2140294002E4A8DB01068516801AB03C3A378012BB6
S2140294104FD1162200210DF11A00F2F7C7F8D4F840
S2140294202110D4F81D0003AB03C32388190644BFDA
S21402943062680892DA050BD5221D08AE04F11407FD
S214029440354610685168083203C5BA422E46F7D12F
S214029450ADF8183013F0040318BFA3690593EFF7AD
S21402946063F80023ADF81A00082201A903A88DF8B4
S2140294701C30F2F7E7FB18B106A903A80EF02EF986
S2140294800022242103A80DF0BDF8044698B100205E
S214029490FFF748FF00222146094811F04CFA094A14
S2140294A00020138801331380FFF73CFF00200DB025
S2140294B0F0BD0220FBE71920F9E700BFCAD103007E
S2140294C03E5A00203C5A0020F7B5044600200E46BD
S2140294D0FFF728FF104B1B88A34202D8212003B0B7
S2140294E0F0BD00210D4811F020FA002501460B4F71
S2140294F00029F3D0A54208D1002424232246304670
S214029500009411F0A7FA2046E9E7384611F031FA3E
S21402951001350146ECE700BF3C5A00203E5A0020C7
S2140295200148F9F785BF00BF3E5A0020014B188854
S214029530704700BF3C5A002070B50C4611460E4AD2
S21402954023781278064613F0200542EA03022270B8
S21402955018BF611D0822F2F77BF8002D0CBF05200C
S2140295600D20D4F80130B3602378337303F0180368
S214029570082B08BF013070BDAA600020042307B57F
S21402958001200DEB0301054AFAF7BCFA019B044AD7
S2140295901B03136003B05DF804FB00BF63E5110014
S2140295A09846002010B5064C2368C3F30B0313B984
S2140295B00448E3F733FC2068431C236010BD00BF59
S2140295C09846002063E51100014B1868704700BFFB
S2140295D09846002007B50020054B064A186004236B
S2140295E00DEB03010190FAF78DFA03B05DF804FB68
S2140295F09846002063E511007FB511230A4A012030
S21402960001A9FAF77FFA094B9DF814201A70084B45
S2140296101B780BB1052B05D10BF001F9012007B021
S2140296205DF804FB0020FAE779EB0100A960002050
S214029630AA6000202DE9F04F0646CBB08846008887
S2140296400121174610F026FD2E4B3A463188ADF81A
S214029650160006A80EF0E1F80DF1280B5A46414610
S214029660C41930880EF063F8E4B208EB0003A34294
S21402967008BF044605464FF004091CBFA4EB0804C5
S214029680E4B223465A460121CDE900090BEB050A4E
S214029690CDF808B02D1B06A8EFF776FBEDB20BEB64
S2140296A004030093019523465A46414630880EF03D
S2140296B06CF834883946204605F01EFC394600F020
S2140296C0F802204605F02CFC0121308810F0E2FC5E
S2140296D001234A46514680B10DF11600FAF7ECF81E
S2140296E001210446BDF81620308810F0E7FCB4FAD3
S2140296F084F040094BB0BDE8F08F3046FAF7DCF84C
S2140297000446F4E7316100202DE9F04FC9B0044663
S21402971088469246C118224A04A81F46FFF70CFF45
S2140297204FF00409C519EDB208AB0293A5EB0A0B7C
S214029730A8EB0A035FFA8BFBA8EB0506DBB2F6B2D0
S21402974004EB0A02009301215B46CDF8049004A8BC
S214029750EFF71AFB06F590730DEB03025A44A2F5D7
S2140297608072136808A844F80830E35D324623F096
S2140297700703E3552C442146F2F7A8F808ABCDE9D7
S214029780019308AA00230121009604A8EFF7FCFA29
S2140297903246204608A9F2F799F849B0BDE8F08F9C
S2140297A031610020F8B506460EF004FF811C05461E
S2140297B089B230460EF0FBFDF0B1EDB129463046D7
S2140297C005F09AFB1228074616D80C4B691C1C5C3F
S2140297D089B2304605F090FB2C44052FE4B205D141
S2140297E0052809D8064B1B5C1C44E4B221463046C9
S2140297F0BDE8F8400EF0DBBD0020F8BD229604005E
S2140298001C960400F8B505460EF0FEFD04462846F2
S2140298100CF0DDFEA11C074689B228460EF0C7FDF5
S21402982000283ED0002C3CD02146284605F064FB9A
S2140298300646611C284689B205F05EFB0F2E30D81C
S214029840194B9B5DE118731E89B2092B0ED8DFE80F
S21402985003F009050D0D120D0D181E1EC40644BF99
S214029860083189B2820601D5083189B22846BDE898
S214029870F8400EF09CBD7B78DB0612D501EB40016A
S214029880F3E700F01F0000EB40000144EDE71F285D
S21402989005D8092E0ABF4000022080B2F5E7C82884
S2140298A0E4D00020F8BD00BF35960400F8B50646A1
S2140298B00CF08DFE09220021054610F0F3FA00F1A5
S2140298C01004284610F0CDFFE4B207462146304683
S2140298D005F012FB0546304610F0C0FBBA05A0EBB9
S2140298E00403DBB20AD47C2D0AD0082D0AD8064A15
S2140298F0505D98428CBF00200120F8BD1220F8E788
S2140299000320F6E7FF20F4E746960400014B18789A
S214029910704700BFC66A002038B5114B04461B7854
S21402992008469BB9012038BDA24205F101050FD1B8
S21402993003EBC1035B6898470028F3D11E2022463A
S2140299404FF6FF7110F056FF0020ECE70025054B9E
S214029950E9B213F83120002AE6D11446EEE700BF3A
S214029960C66A0020EC9504004FF6FF7307B5022284
S2140299700DF106010348ADF80630E3F78BFA03B0A3
S2140299805DF804FB603202E0002307B5ADF8043050
S214029990134B984221D10B88DA0703D5232003B054
S2140299A05DF804FB9B0748BF4FF47F434FF002026B
S2140299B00C480DF1060148BFADF80430E3F73EFA55
S2140299C04FF6FF73BDF806209A42E7D102220548F9
S2140299D001A9E3F75FFA0020E1E72120DFE700BFF5
S2140299E01FD1BACA603202E0002313B502220380F6
S2140299F004460DF106010F48E3F720FA2D2801D0A0
S214029A00112805D14FF6FF73ADF80630FFF7ACFF0D
S214029A109DF80630BDF806201BB1238843F00103EB
S214029A2023800020FF2A82BF238843F0020323807C
S214029A3002B010BD603202E0034B1B78002B14BF4D
S214029A40442056200E307047AA6000202DE9F04FC1
S214029A508DB0179C06468946CDE90223BDF858709C
S214029A60D588ADF816103CB9EC0605D500970BF074
S214029A7007F80DB0BDE8F08FC5F380242B054FEA3A
S214029A80043448BF44F40064A80511D544F08004A9
S214029A900A2E00F26981DFE816F09A002F001700FE
S214029AA0370067016701370010009A0037009E00F2
S214029AB0E90548BF44F04004EAE74FF001084FF0DA
S214029AC0020B4FF0000A14E008A95FFA89F00EF0C4
S214029AD0E0F8DDF82500DDF8291006AB03C3A44B39
S214029AE033F81930ADF816304FF00008C3460DF1C2
S214029AF0180A002F5DD125E006AA0DF116015FFABD
S214029B0089F003F017FAEFE74FF6F773994540F23C
S214029B102B8115F4026F40F02781964B1B78022B9F
S214029B2003D0043B012B00F2218147BB032E4FF0EA
S214029B3001080CBF4FF00C0B4FF0080BBA4624F48A
S214029B40C074A4B28C4B18884FF6FF73984206D0A6
S214029B508A49FAF767FB10B124F48054A4B2039B37
S214029B6038460093BDF81620534644F4027105F0B9
S214029B70EBF9ADF82000002838D1192079E73846ED
S214029B8010F06CFA0246FFF757FF032E08BF0138A3
S214029B90824201DD38206CE7032E4FF001080CBF2D
S214029BA04FF00C0B4FF0080B4FF0000A24F4C07471
S214029BB0A4B2029B1B889BB91A463946062000931C
S214029BC008F0ECFD0028BDD140F6014051E74FF009
S214029BD00008C34675E74FF001084FF0030B70E725
S214029BE0002339461A4607200093E9E74FF6FF732B
S214029BF0614A118899421CD00CF0E9FC03465E4A81
S214029C0004301188039310F02EFE5D49039B0978F9
S214029C1014F4805FD9715949574A1FBF0868986083
S214029C204868D8604FF6FF7313804FF0FF330B601F
S214029C304B605946029A08A805F03AFA00289CD0CA
S214029C40504C2378002B3CD1A7B1384610F006FAC8
S214029C500746BDF8200010F001FA23780744002BCF
S214029C6014BF12220022EB1003F0040317443B44F5
S214029C70842B8FDC15F400570AD0BDF8204020460E
S214029C800CF0ABFB40F4806189B220460CF090FBEE
S214029C90A6F10803012B05D801221021BDF82000E9
S214029CA00CF08CFB179BBDF8204043B32046BDF852
S214029CB016100CF0D6FBBDF82030179A0020138041
S214029CC0D7E6AA06C0D56B0103F020030A2E14BFFE
S214029CD043F0010363F07E03DBB2B8F1000F08D055
S214029CE000215246009108A800F082FE0028ABD060
S214029CF0BFE61A46514608A80DF0BAFEF6E7204619
S214029D000EF082FB179B024621460420009308F0C1
S214029D1045FD00283FF458AF0A2E18D84FF4D963F1
S214029D20F340DB0713D5072E0AD00A2E08D0BDF85B
S214029D3020000DF05DF980F00100C0B2800098E6C8
S214029D4008A80BF00CFA0028F1D0042091E617B10F
S214029D5025F04005ADB22B463146BDF820005FFA2D
S214029D6089F201F07DFE84E6012082E6162080E676
S214029D700C590020AE6000204C6A0020C76A002002
S214029D8061610020AA600020F7B50F469DF82810F2
S214029D900446DDE90B061D46F1B94FF6FF739C42F9
S214029DA01CBF174B1C804FF000041CBF154B1A70CB
S214029DB0BDF8240005F012FA00232A46CDE9004336
S214029DC0394606209DF82030FFF740FE10B90EB146
S214029DD0AB7A337003B0F0BD78B14FF6FF739C4296
S214029DE01FBF074B1C80074B1A7000220CF00AFCA0
S214029DF004460028DCD11920ECE72120EAE700BF60
S214029E004C6A0020616100202DE9F04788469DF8E3
S214029E102810074616461D469DF820A0BDF8249039
S214029E200B9839B158B300220CF0ECFB044610B97B
S214029E30192025E00C464FF6FF739D421FBF114BBB
S214029E401D80114B83F800A04FF6F7739E4208D888
S214029E500E4B4FF6FD761A784FF6FF73002A18BFA0
S214029E601E46484605F0BAF900233A46CDE90843AD
S214029E7031464346BDE8F0470320FFF7E7BD212001
S214029E80BDE8F0874C6A0020616100206B6000200C
S214029E902DE9F04786B09DF838600546DDE90FA843
S214029EA00C4617469946B6BB374B1B78022B1DD17C
S214029EB025BB4FF6F7739C4214D80026484605F099
S214029EC08DF900233A46CDE900632146FF23284652
S214029ED0FFF7BCFD38B9B8F1000F04D0BB7A88F89A
S214029EE0003000E0012006B0BDE8F087043B012BFD
S214029EF0DED908460BF030F910B31DB3022D31D16E
S214029F00EEF7F4FAA042EDD9204B33F814204FF6C0
S214029F10FD739A4219E0BAF1000F32D01A4B1B7841
S214029F20022B05D1FFF788FDB042E6D23820DAE7E9
S214029F30043B012BF6D908460BF00EF90028F1D1A6
S214029F401620D0E74FF6F7739C42CBD8002EB4D03B
S214029F503146002250460CF055FB06460028ADD18D
S214029F601920C0E7012DBDD104AA0DF10E01E0B201
S214029F7002F0E0FF064B1B78A342B3D9BDF80E20D1
S214029F80C5E72120AFE700BFAE6000200C590020D5
S214029F90986A002030B5104B87B005460C46186804
S214029FA0596803AA03C298680C4910609A88DB882D
S214029FB052BA23F04003ADF812300023CDE9004335
S214029FC0ADF81020FF23098803AA0720ADF80E502B
S214029FD0FFF73CFD07B030BD4A5A0020565A002013
S214029FE038B50C461146124A124D108022682A6075
S214029FF062686A60A268AA60E288500616D5EA8895
S21402A000520613D561B1002218460CF0FBFA01463F
S21402A01050B16088FFF7BEFF0522074B1A7038BDA5
S21402A02008460EF032F9F2E71920F5E70220F6E7C5
S21402A030565A00204A5A0020716100202DE9F04F3E
S21402A040074689B0104615461C468A460EF0DCF9CD
S21402A0500146284604F050FF064628460CF0B7FA9A
S21402A060043010F0FEFB80460CF042FC804550D0D7
S21402A070B2074ED1DFF8AC80284605A9B8F800B082
S21402A0800EF0A9FA9DF81930A8F8007003BBBDF8C7
S21402A0901430EBB928460CF09AFA023010F0E1FBC5
S21402A0A04FF6F773984294BF4FF000094FF001093C
S21402A0B001230134E4B22A463846CDF8009005A9B9
S21402A0C0039303F001FC039B40B901339C421ED26A
S21402A0D00020A8F800B009B0BDE8F08F022CF8D135
S21402A0E0012BF6D10C4A0D4BA3F800A01378591C8D
S21402A0F011700B4A7F3B16F00C01137007D1BDF8A6
S21402A1001A305B0603D5BDF81600FFF743FF02239D
S21402A110D1E70020DFE700BFAC6000204C6A0020D9
S21402A12061610020565A00202DE9F04FABB00F4671
S21402A130ADF81E000CF04BFA00F1020A0646504635
S21402A14010F08FFBBDF81E40054620460EF05CF967
S21402A1500146204604F0D0FE814600F00308301D7A
S21402A16010F07FFB414C20800CF0C2FBA8422DD0A1
S21402A1704FF6F7739D4229D87378DA0726D4284615
S21402A1800DF0FCFE30B101232946BDF81E202088C2
S21402A190FFF754FF0CF0ACFB344B1B8883420FD105
S21402A1A0BDF81E4020460EF02FF90146204604F068
S21402A1B0A3FE10F00C0103D1BDF81E0001F00EFD47
S21402A1C000222B4B1A602BB0BDE8F08F2949BDF850
S21402A1D01E000EF000FA2849BDF81E000EF05EF9C9
S21402A1E00028254B08BF0023214ABDF81E00136035
S21402A1F00CF079F9214B1870BDF81E000CF078F9B6
S21402A2001F4B1870BDF81E000CF07DF91D4B186030
S21402A21000238DF82230002F3AD0164BDB889B069F
S21402A22036D5194B1B689D071ED4B8F1010F14BF13
S21402A230082318230DF12202009200220DF11E00BF
S21402A240114600F0D5FB18B3B8F1010FA2D10F4B9F
S21402A2501B78112B9ED10DF0AAFC00289AD140F64D
S21402A2601D40FBF70FFB95E70823E3E7565A00204D
S21402A270445500204A5A00205961002054610020AB
S21402A2805361002030550020A8460020AE60002012
S21402A290504610F0E6FA8246BDF81E000FF0DEFECB
S21402A2A0A0F11005EDB22A4631460AA8F1F70EFBD8
S21402A2B0FF238DF82F304FF6F7739A4540F2DF8072
S21402A2C0B8F1010F00F0E780B8F1020F00F0468106
S21402A2D0B8F1000F7FF45EAFA44DBDF81E00EB8808
S21402A2E0ADF8240004930CF072F9BDF8246007461A
S21402A2F030460EF089F80146304604F0FDFD8DF832
S21402A3002300B81C7E7810F0ACFA07460CF0F0FA80
S21402A31006F00106B4F8009003906C88002E7FF4D5
S21402A32039AF4FF6F77A4246494657458CBF062064
S21402A330082010F05FFABDF824B058460EF064F814
S21402A3405946024643460420CDF8008008F003FA38
S21402A350574583460AD8B5F90620EB88002A05DB5E
S21402A360580603D541462046FFF714FEBBF1000F00
S21402A3703FF410AF2B88002B5AD16B79002B57D1A4
S21402A3804FF6F7730DF126019F42BDF8240094BFE5
S21402A3904FF0000B4FF0010B0DF0DAFCDFF8D8A1FE
S21402A3A000F1FF38BAF800301FFA88F10593EB88FF
S21402A3B0BDF82600069304F09FFD069B04990190C3
S21402A3C0009322465B460598C1F340110AF0D1FE7F
S21402A3D000283FF4DFAE042306200093BDF82610C3
S21402A3E0624B5FFA88F208F0B6F900283FF4D2AE64
S21402A3F048F202036A889A4205D1BDF82410BAF8D8
S21402A400000000F025FF594D09AA29460DF1230048
S21402A4100AF0ADFE034600287FF4BCAE2104BAF86B
S21402A4200000BDF8242060D5234629460DF0A5FC81
S21402A4309DF823304D4D03F00C030C2B75D1288963
S21402A4400DF066FC00283FF4A5AE039B0020298988
S21402A4504B4514BF0226032602F044FC444B1870F8
S21402A4604FF6F7739F42BDF8240075D8A4F1380260
S21402A4705342534132463D4904F036F88AE6B8F173
S21402A480020F6BD0394BB3F90630002B26DAB8F13F
S21402A490010F7FF41DAF0CF02BFA238883423FF4A2
S21402A4A079AE0520BDF81E10FFF736FA00283FF4F5
S21402A4B071AE2E4AD3885B0607D50023CDE900335A
S21402A4C00A20FF232188FFF7C1FA3A469DF8223078
S21402A4D02188BDF81E0002F01DF85BE629460AA890
S21402A4E000F070F80028D2D054E60221DFF88C8003
S21402A4F088F800102946CDF800B003F0E5F9132CD1
S21402A50096D0EB885D0493D41A4B1B78D80703D5F4
S21402A51098F80020022A8BD099077FF53BAE98F870
S21402A5200030012B7FF436AE82E700222B791248E8
S21402A53000936B791146008802F0FCFB0C4B1870F6
S21402A5409DF8233003F00C03082B89D1039B4B455F
S21402A55014BF0426052683E701238BE74846BDF889
S21402A5601E20024901F0AEFA14E600BF4A5A002045
S21402A570706100206F600020565A00206261002041
S21402A58010B5002108480CF086F8044650B1014682
S21402A5900420FFF7C1F928B12046BDE8104001218A
S21402A5A0FFF7C2BD10BD00BF3A5A0020034BFF2181
S21402A5B01A7803489200F0F7F9BF00BF996A0020A4
S21402A5C06043002070B5451804464FF0FF31AC4298
S21402A5D012D1104B10481A7805460023934211DB1D
S21402A5E00E4C2078431CB3FBF2F602FB163345F8FA
S21402A5F02010237000200CE014F8010BE1F79EFDFA
S21402A6000146E4E750F8044BA14201D00133E5E7E6
S21402A610012070BD996A002060430020636100201B
S21402A620042307B501200DEB0301054AF9F76AFA80
S21402A630019B044A1B03136003B05DF804FB00BFD2
S21402A64023E1110040550020014B1868704700BFF7
S21402A65040550020014B1868704700BF4055002047
S21402A66010B5064C2368C3F30B0313B90448E2F78C
S21402A670D5FB2068431C236010BD00BF4055002058
S21402A68023E111002DE9F04F93B003930023DDE997
S21402A6901C79069399F8003083460DA804930E465B
S21402A6A015460AF0F4F999F8003013F003043ED088
S21402A6B0039B0DF1250A8DF8243000220821384626
S21402A6C00CF0A4F8002870D028880BF080FF99F8C8
S21402A6D000301C074CBF0430023010F0C2F807A945
S21402A6E08046F9F79FFB9DF824300446980633D53A
S21402A6F0288806F10D010DF05AFEA8B1002300933A
S21402A700384608232988721D10F0A4F999F80030FB
S21402A71003F01803182B4AD1B8F1000F47D0A94B03
S21402A720B3F86830434542D040F60A4327E028880B
S21402A730711D0DF03CFE0028F6D00094052332462B
S21402A740298809A810F086F99DF824300DF1240A0C
S21402A75003F018030393B0E714BB39464046F9F7F3
S21402A76061FD0028D2D099F800309907DCD040234A
S21402A7702246214640460DF0A7FB40F6094399F8CB
S21402A780002012F0030440F0F780288803930BF0B1
S21402A79081FE224601461A2010F02CF8039BEBE0BD
S21402A7A007AB03CB38607960B0E74FF6FF780AF064
S21402A7B0C3FC044620B104213846F9F74FFB044691
S21402A7C01E9B002B5AD009231E990DA88DF83430F3
S21402A7D00AF0D7FA209B0BB1209B0693039B002B13
S21402A7E040F08E800DA8EEF731FB99F800309A07FC
S21402A7F000F09880FFF734FF5146024601200AF027
S21402A800E5FC99F800309B0710D5594628880DF0CC
S21402A810A8FE0BF1090350FA83F35FFA83FB59464D
S21402A82028880DF075FE00EB0B06F6B299F800309C
S21402A83013F0C20F0AF104030DD09DF824206249DA
S21402A84042F020028DF824200A68CAF804204A68DA
S21402A8505A600AF10C03012209A800921B1A32461A
S21402A86029889BB210F0F6F8324659462846FEF77B
S21402A870E1FE002800F0A48000237DE01F9B5BB170
S21402A8809E460DF1340CBEE80F00ACE80F00DEF871
S21402A8900030CCF800309DE7049B594603F02003B5
S21402A8A02888049304F028FB10F0030F0CBF012342
S21402A8B000230593049B059A003B18BF012342EA36
S21402A8C0430300930DAA06AB38461F9900F0FEFA22
S21402A8D0049A034682B1002880D0059B0DAA0093F5
S21402A8E0384606AB1F9900F0F1FA034699F80020A5
S21402A8F022F0200289F80020002B3FF46FAF3EE7DB
S21402A900039B102B06D1BDF8363043F00103ADF899
S21402A910363067E7039B182B4FD1BDF8363043F02D
S21402A9200203F4E701200DF125010AF05DFC99F817
S21402A9300030824613F0040F288821D1069B1BB3F1
S21402A940002C35D00BF0A6FD0022014616200FF093
S21402A95051FF84B17FB14FF6FF7398450BD00023A9
S21402A9600DA91A4638460AF01DFB394640469DF8A0
S21402A97035200AF0F7FB0123184613B0BDE8F08F26
S21402A980002CDFD1104F01E0002CDBD10023324631
S21402A990009359463B460CF06BFF00283FF4C4AECA
S21402A9A0002C3FF469AF069A0AF10103136063E7CD
S21402A9B01B685345C6D80124E8E740F60A43DBE79E
S21402A9C01923D9E72854002031610020002307B557
S21402A9D0054A0648136004220DEB02010193E2F7D2
S21402A9E059FA03B05DF804FB4055002023E111003C
S21402A9F02DE9F04F0446B1B000888DF82F30164688
S21402AA008A460DF001FD0146814620880DF080FD44
S21402AA1000EB090820880DF0CDFD00239DF82F508D
S21402AA205FFA88F815F001070790ADF8363008D1BE
S21402AA3001460DF1360220880DF073FC08B1ADF820
S21402AA40367016B9CDE90E660EAEFEF763FC18B187
S21402AA5045F020058DF82F500023CDE903330293ED
S21402AA600DF12F03CDE90063224653464146484680
S21402AA70FFF708FE0546002800F043819DF82F30B8
S21402AA8013F0010746D1B44A23F020031068516838
S21402AA908DF82F3010AB03C3184600F0FBF90546BD
S21402AAA0FEF744FDBBB2984200F2B7803A9B13B160
S21402AAB000233A9A1370BDF83630CBB101212088B4
S21402AAC00FF0E8FA27880546002800F04F8101219A
S21402AAD038460FF0DFFABDF83670054638460FF0F6
S21402AAE0BDFA002300903A46194628460DF09CFB14
S21402AAF00023CDE9033302930DF12F03CDE9006362
S21402AB002246534641464846FFF7BCFD0546002806
S21402AB1000F0F7809DF82F3003F01103102B40F061
S21402AB2003818E4B1B78432B40F0FE808C4B1B68B8
S21402AB305B0640F1F980208808F105010DF037FC2C
S21402AB408346002800F0F0804146208804F0D4F9BD
S21402AB50844B10F0200F08BF1E4612A800F09AF988
S21402AB600822314612A8F1F76DF8002800F00E818F
S21402AB70314612A80AF0BFFA012326AE00933246E7
S21402AB80002314A912A800F0A1F9002840F0CC80F6
S21402AB9012AB0DF12F07CDE9036002900093224617
S21402ABA05346414648460197FFF76CFD002800F0E1
S21402ABB0EF80BDF89A30102043F0080318AA14A9B3
S21402ABC0ADF89A300CF02BFD002840F0AD8012ABA9
S21402ABD0CDE90360CDE90170009322465346414613
S21402ABE04846FFF74FFD0546002840F09D8018AB0B
S21402ABF04FF49071002012AA00F0D4F84FF00051E2
S21402AC0000200CF089FFBBF1000F00F08C804FF0A3
S21402AC10805100200CF080FF85E018AB14AA26A90C
S21402AC20F8B20AF014FA002840F09480082210A91C
S21402AC3027A8F1F707F88346ADB19DF8A53013F0C3
S21402AC40020F08930FD0082212A927A8F0F7FAFFDE
S21402AC5048B9089B590706D53A9B13B101233A9A7D
S21402AC601370089507E03A9B002B61D1BBF1000FE9
S21402AC7070D1002308930DF1740C14AB0FCB8CE843
S21402AC800F00BDF83630CBB1012120880FF002FA52
S21402AC90B4F800B000284FD0012158460FF0FAF958
S21402ACA0BDF836208346104609920FF0D7F90023E6
S21402ACB01946099A009058460DF0B6FA2A4B0DF13D
S21402ACC0740B0493002303930DF12F03CDE9006365
S21402ACD02246534641464846CDF808B0FFF7D2FC16
S21402ACE0002837D1002D33D012AA5B464FF482716A
S21402ACF04FF4005000F056F8089B13B126A809F04E
S21402AD00C1FF174B1B689A070DD4FEF703FB50B121
S21402AD10114A18AB1068516803C3002226A918A866
S21402AD200CF0A0FC68BB0025284631B0BDE8F08FC9
S21402AD3000233A9A137099E7BDF836200A90104617
S21402AD4009920FF08BF9DDE9092307990090B2E723
S21402AD502A46CAE70137A3E6CAD10300AE6000203E
S21402AD60A846002092540020A4460020BDF836B023
S21402AD7058460FF073F92B4600905A463846079904
S21402AD80B4E626A918A80CF0A9FCC6E78346F3E6A3
S21402AD9014AB2DE701461A230120014AF8F7B2BE8A
S21402ADA024E10100F0B5164691B0074609A80D4603
S21402ADB01C46FFF7EFFF3EB1336845F04005CDF87D
S21402ADC026307368CDF82A301B4B1A6822EA07022F
S21402ADD042EA050119604B040DD5BDF824200B0A82
S21402ADE003F4E243C9B222F4E3420B4322F07F02A9
S21402ADF01343ADF824301A230020104A09A9F8F7A5
S21402AE0081FEB4B104A809F042FE02236A468DF818
S21402AE1010301546234604F1100614461868596881
S21402AE20083303C4B3422246F7D1294604A809F0E0
S21402AE30A8FF11B0F0BD00BFA846002024E1010023
S21402AE4047F2FF10044B196841F48042014041F476
S21402AE5080411A600CF060BEA846002000B589B09A
S21402AE60FEF7CAFB01A8FFF795FF0948BDF80420C4
S21402AE700168130221F0FF0103F4E2030B43D2B28E
S21402AE80134343F48043036009B05DF804FB00BF3C
S21402AE90A846002010B50C4B0446186888B08307F5
S21402AEA006D54FF0FF3323600120636008B010BD63
S21402AEB010F04000FAD001A8FFF76CFFDDF806306C
S21402AEC02360DDF80A30EFE7A84600202DE9F04FB0
S21402AED099B081460C461E4617469DF88880A2B158
S21402AEE01546284609F0D3FD18F0020B0FD004B918
S21402AEF011AC6B462246294648460AF086F80EB141
S21402AF000023336019B0BDE8F08F0CADE9E76B465D
S21402AF102946484604AA0AF045F86B7808F0010864
S21402AF20FF2B25D000287AD154B104AB08AF1A46BD
S21402AF3003CABA4220606160134604F10804F6D1DF
S21402AF4026B16A78374B03EB82033360B8F1000F01
S21402AF5001D10020D6E7BDF80030D906F9D4182072
S21402AF604FF6FF716A780FF045FC40F60E40C9E7CF
S21402AF70DFF8B8A0DAF800302EB19A0756BF2A4A90
S21402AF80C6F800B0326003F03003102B01D0202B3D
S21402AF901ED111A8FFF7FEFE082248460DF1460113
S21402AFA0F0F750FE28B1DAF8003003F04403402BE5
S21402AFB00ED0B8F1000F0ED108A80CF0B1FD022396
S21402AFC02B70C4B9002FC4D0281DFFF763FFC0E75B
S21402AFD040F60A4096E7DAF80030DB03ECD508A81C
S21402AFE00CF09EFD02232B70BCB9002FB7D0281D93
S21402AFF0FFF750FFB3E7002608AB0CAF1A4603CAAA
S21402B000BA4220606160134604F10804F6D1281D96
S21402B010FFF740FF002E9CD0A1E70126ECE72D208B
S21402B02070E700BFBC420020A4460020A8460020CD
S21402B03049B9084B197849B14EF66023594328B1ED
S21402B04005480FF0DBB841F28831F8E70248F8F716
S21402B050DFBC00BF6D600020F445002070B586B0EE
S21402B0600546F8F7C3FD10B9022006B070BD01A868
S21402B070FFF710FF06460028F6D08DB92E4B1C6847
S21402B08014F0020406D02D4B1B78112BECD12C4B5E
S21402B090B3F868404FF481630221ADF80C3023E028
S21402B0A02846F9F72DF90028DED1234B1C6814F048
S21402B0B0020406D0214B1B78112BD5D1204BB3F8B6
S21402B0C068400822294601A8F0F7BCFD0028E1D016
S21402B0D04FF4027300260A21ADF80C302B68CDF827
S21402B0E00E306B68CDF81230002203A80BF08AFAF5
S21402B0F0024608B91920B8E70F4B196801F0300369
S21402B100102B17D0202B14BF01230323490001F074
S21402B11004010B432046002100F0F4FF0028E9D08A
S21402B12000210120FFF784FF16B10122054B1A7099
S21402B13000209AE70323E9E7A8460020AE60002035
S21402B140285400205861002030B500251D4C85B0DB
S21402B150CDE90055F8F75CFC23784BB31A491B4837
S21402B1600A780078904223D90132012B0A700ED158
S21402B1702A464FF4A071284602F0BEFAC0B2B8B909
S21402B18041F2883112480FF039F805B030BD022B73
S21402B19009D1284602A9F9F745F80028EED102A8F7
S21402B1A0FFF75CFFEAE7032B02D101F065F9E5E75A
S21402B1B0002108462170FFF73BFF0421684609F08C
S21402B1C0D4FBE2E76461002065610020CF6A0020BC
S21402B1D0F445002070B5194A194D044651681068A6
S21402B1E086B02E7801AB03C31EB10224204606B0F9
S21402B1F070BDF8F745FD0228F7D103A800F0E8FD78
S21402B200082201A90DF10E00F0F71CFDA0B10D4BAE
S21402B21032464FF4A07130461C7002F06DFA0446B6
S21402B2200028E3D10123084A41F2883107482B70EF
S21402B23013700EF0E3FFD9E72324D7E74F960400F6
S21402B24064610020CF6A002065610020F44500207A
S21402B250F0B50C4600219BB02B4F0646492207A8A4
S21402B2600691F0F7A3F93B78012B34D19EBB0DF182
S21402B2700E0120460CF06CFD0546BDF80E000EF0E1
S21402B280EDFE441BE4B2BDF80E1023462A46009695
S21402B29006A80FF0DFFB304604A9F8F7C3FFD0B9C3
S21402B2A0CCB19DF81920B2B9BDF8233003F47E4321
S21402B2B0B3F5285F1ED3B3F5385F0ED31349BDF836
S21402B2C00E000B6843F400030B60294609F02DFFBD
S21402B2D018B104233B701BB0F0BD01220C4B04A82E
S21402B2E01A70FFF7BBFE41F288310A480EF086FF5D
S21402B2F00223EFE711463A70FFF79AFE1E2104A8D2
S21402B30009F033FBE7E700BF64610020A84600208F
S21402B31065610020F4450020014B1870704700BF9D
S21402B32065610020014B1878704700BF64610020F9
S21402B330014B1870704700BF646100202DE9F04F82
S21402B3400446408891B00E298846ADF81A0074D09B
S21402B35094F80890A7790BF03AF909A90546BDF8C2
S21402B3601A00E6790DF037F9BDF81A000BF035F839
S21402B370430542BFBDF82A3043F40053ADF82A30E5
S21402B380E379D80642BFBDF82A3043F48053ADF8BD
S21402B3902A30BDF82A30990613D5022F52D10CA9AD
S21402B3A0207A0CF076FCDDF83500DDF8391007ABB4
S21402B3B003C307AA0021042300910DF11A00FFF728
S21402B3C017FB0121BDF81A000EF064FE022F82461A
S21402B3D044D1454B33F81950B8F1000F79D0BDF877
S21402B3E02A305A0675D54FF6FB72954271D83F4AF7
S21402B3F0B2F86820AA426CD0DB0502D528460CF0CB
S21402B4008EFDBDF82A30D80463D5002F33D1BDF89F
S21402B4101A000AF0E2FFC10663D548F23403BDF80B
S21402B42026209A4209D1324E3078FF2805D00322D0
S21402B4302946FCF72BF9FF2333700023236011B053
S21402B440BDE8F08F012F01BF237A2A4A03EB43039C
S21402B45002EB830314BF00229A1CABE7012F05D12F
S21402B4600C2303FB09F3234AD55AB5E7A81C0FF0B1
S21402B470F8F90546B0E7284601F07CFDBDF81A004B
S21402B4800AF0ABFFC206C8D46389504605930EF095
S21402B490E5FD834650460EF0C5FD059B02905FFA19
S21402B4A08BF04A46394601900093404609AB09F0B4
S21402B4B0F4F9B8F1000F14BF0B20092016F00302AE
S21402B4C018BF02F1FF32294618BFD2B20FF092F926
S21402B4D0A3E7BDF81A000AF080FFC3069DD4002F2A
S21402B4E0D2D1A946D0E700BF0C590020285400202C
S21402B4F0D36A00204C58002038B500240F4B104D5C
S21402B5002A78A24205D8C2B9BDE838400D48F8F7F5
S21402B5107FBA598869B9013AD2B2A2422A70EFD0EC
S21402B520121B184603F110011201F0F791F80346B8
S21402B530E6E701341033E4B2E2E738BDC042002049
S21402B540686100208869002070B51A4B1A4A1D7877
S21402B5500023DCB2A54200D870BD144666880133CB
S21402B560864202F11002F4D1E379A588E16003F085
S21402B57040028DB9CAB123F00403E3710BF027F839
S21402B580037803F07F03037021880029E4D1BDE825
S21402B59070400A480EF032BE00216580A180002A63
S21402B5A0E9D1BDE87040FFF7A7BF2046FFF7C6FE09
S21402B5B0F7E700BF68610020C042002088690020CB
S21402B5C02DE9F047044686B040880F4615460AF035
S21402B5D0FEFFA3798046082B52D8DFE803F0052E3B
S21402B5E0185151515151050002300FF03AF9002D11
S21402B5F04ED06946F8F716FE002841D1684601F09B
S21402B60063FDB0FA80F0400906B0BDE8F08702A9F3
S21402B610207A0CF03EFB6B466E46DDF80D00DDF838
S21402B6201110334A03C3237A32F81390314AD05C9E
S21402B63075B131460CF051FBE6E7237A2E4903EB4F
S21402B640430301EB830231F82390907A961CEFE7CE
S21402B6504FF6FB7AD14515D930460CF088FC4FF6EA
S21402B660FF739842054615D00146304601F09EFC0F
S21402B670554508D9E379DA060ED440F62243E3604C
S21402B6800020C1E74D46294608F102000FF0EBF80C
S21402B6900120B9E74D46EDE74FF6FC78454512D155
S21402B6A003F00C030C2B1CD1DFB130464FF6FD71B4
S21402B6B001F07CFC40F61F412046E160FFF73EFEAB
S21402B6C0FFF71AFFDCE74FF6FD739D4209D1002310
S21402B6D0304619461A4602F0DBF84146304601F07B
S21402B6E065FCE37943F00C03E37140F62343C6E7B7
S21402B6F00C590020746000204C58002073B5044694
S21402B70040880E460AF063FF02300FF0AAF809F0EE
S21402B71023FD18B1A11C201D09F023FDE6B1E57931
S21402B7200135EDB2E57115F0400514D0ECF7D8FE00
S21402B7300122054600212046FFF742FF18B1394B89
S21402B7401B882B449DB2384B1B78042B01BF354B0C
S21402B7501B885B199DB22580002231462046FFF7E2
S21402B7602FFF20B360880AF032FFE2792F4922F0D9
S21402B7700C03E3710B7805460133DBB20B70C37121
S21402B7802B4BA61C1B780BB3E37998061ED52949CA
S21402B790097871B159060CD592070AD500220423FE
S21402B7A0114630460092FFF723F910B1E06002B06E
S21402B7B070BD00220123114630460092FFF718F9A9
S21402B7C020B1E37943F00303E371EFE7304609F073
S21402B7D0C6FC0028EAD16088FCF7C0FA0328E6D83F
S21402B7E0DFE800F0020D1D19E37943F00403E3716C
S21402B7F01B06DCD5104B1A78104B1A70D7E740F6AA
S21402B8002443E360E37943F00803E3712B7803F003
S21402B8107F032B70CBE740F62543E360C7E740F68D
S21402B8202643FAE7266A0020AF600020AC600020BC
S21402B830AA600020D06A00207260002067610020A3
S21402B8402DE9F74F06460EF022FF5F4B0546B3F88A
S21402B850009018805D4BA0EB09041B78A4B2A342AB
S21402B86098BF00234FF000084FF6FF7788BF1B1BD8
S21402B870564A88BFDBB21370DFF864B1A9EB000347
S21402B8800093534B5FFA88F2197891420ED80EB1A4
S21402B890FFF732FE4FF6FF739F4200F08E80394666
S21402B8A04C4803B0BDE8F04F0EF0A8BCBBF802202F
S21402B8B0002A3CD0484B9BF807201878BBF800A01B
S21402B8C0042818D00020BAF1000F08BFA246204470
S21402B8D0504523D2BBF80010009B1944ABF8001069
S21402B8E0002E4ED002F04802482A4AD1002158467D
S21402B8F0FFF704FF45E00192F8F704FC30F010036E
S21402B900019ADFD1FBF746FC344B019AB3F800C02C
S21402B9108445D7D9ACEB000080B2D4E702F00C0025
S21402B920042807D10022ABF800200BF1100B08F117
S21402B9300108A6E7510602F0030C02F008000ED535
S21402B94028B3BCF1030F25D1DEB1DBF80C10584644
S21402B950002908BF4FF44261FFF7F0FC11E040B344
S21402B960BCF1010F25D11206EED44FF4C862ABF833
S21402B97000209BF8072022F0030242F002028BF816
S21402B9800720BBF80020974228BF1746CDE70320C2
S21402B9908445D9D213060ED50C4B1A780AEB020050
S21402B9A0844208DA4A44521B0AEB0201ABF8001042
S21402B9B0E7E70120ECE7012199E7064803B0BDE876
S21402B9C0F04FF8F725B800BF405A00206761002004
S21402B9D06861002088690020AF600020266A002087
S21402B9E0C0420020F8B500250A4E0B4F3378ECB261
S21402B9F0A34204D8BDE8F8400848F7F719BD07EB9C
S21402BA000414A01CF7F714FD201DF7F711FD0135ED
S21402BA10ECE700BF68610020C0420020365A0020D2
S21402BA2070B500240B4D0C4E2B78A34208D81B1B76
S21402BA30DBB22B706BB9BDE870400848F7F7E8BF79
S21402BA4006EB041040F621410134FFF777FCE4B21E
S21402BA50EAE770BD68610020C042002088690020C5
S21402BA60F8B5154EDFF858E035789EF800E0134F2B
S21402BA70AE454FEA051C07EB051419D0002503F462
S21402BA80835343EA1323A1712272E371608027F87D
S21402BA900C50A58003F0A8FB40F60243E36033781F
S21402BAA06081013328463370FFF7CAFE2846F8BD88
S21402BAB040F60340FBE700BF68610020C04200205A
S21402BAC0976A00202DE9F04F344B0D461C78174636
S21402BAD085B05CB9B1F90680DFF8C890DFF8C8A077
S21402BAE0DFF8C8B099F80030A34202D805B0BDE826
S21402BAF0F08F0AEB0416B08800B9708801A90CF022
S21402BB006AFDAA7A9DF80E309A4244D1B8F1000F27
S21402BB100FDA297A9DF80C202B89914209D8204801
S21402BB2000780844824236DA521A1B0A1341D907B1
S21402BB3031D538460CF03EFDBDF80A3004469A066A
S21402BB4002D5EB889B06D1D5F37903F00C03042BC0
S21402BB5008D17088F9F786FD0023728819461846C0
S21402BB600CF0FFF900213046FFF7E8FBFFF7C4FCB4
S21402BB7038460EF073FA844208D2337A01228BF8E2
S21402BB80003029460023384602F0AEFCB8F1000F1A
S21402BB90ACDA0024A6E70134E4B2A3E7666100202B
S21402BBA0966A002068610020C04200207061002072
S21402BBB008B50EF06CFD074B1B88C01A80B2B0F5B4
S21402BBC0807F05D9BDE80840002103480EF016BB69
S21402BBD008BD00BF405A0020886900202DE9F047C2
S21402BBE088B004460D460CF00FFC0146204603F0D2
S21402BBF083F910F003035FD110F00C0F06D129462B
S21402BC00204608B0BDE8F047FFF79EBC20460AF083
S21402BC10E4FBC30638D420460CF0F6FB0146204669
S21402BC2003F06AF9064620460AF0D1FC8046023046
S21402BC300EF017FE05A9074620460CF0CCFC06F0CF
S21402BC400C0698F801300C2E0CBF4FF003094FF08B
S21402BC500609012113F0010F204618BF4FF0030911
S21402BC600EF018FA174B80461B88A3420FD1B5FA7E
S21402BC7085F04009FBF748FC20460AF0DCFB002270
S21402BC80014607200EF0B6FD08B0BDE8F08703F0C7
S21402BC90ABFA824640460EF0E1F9064640460EF002
S21402BCA0C1F9F6B202903A4649462846CDE900A6C0
S21402BCB005AB08F0F2FDDFE7012BE5D110F00C0F23
S21402BCC0E2D19CE7365A0020002210B5094B1C78B8
S21402BCD0094BD1B28C4201D8002010BD197A81429C
S21402BCE002D19979022902D010330132F1E70120FC
S21402BCF0F3E700BF68610020C04200200146002230
S21402BD0010B5084B1C78084BD0B2844201D80020EC
S21402BD1010BD187A884202D198790128F8D01033DB
S21402BD200132F1E768610020C0420020002210B410
S21402BD300A4B1C780A4BD1B28C4203D85DF8044BEE
S21402BD40FFF7DABB197A814205D19979012902BF38
S21402BD5000211980598010330132ECE76861002017
S21402BD60C0420020024B1878003818BF01207047E6
S21402BD7068610020044B1B6813F0300F03D02021AB
S21402BD8030200BF0C9BE7047A8460020002310B52D
S21402BD90044608491A4601EA00414FF07F60FFF761
S21402BDA001F8E30703D5002130200BF0B5FE002092
S21402BDB010BD00BF00007207044B5B8823F4784373
S21402BDC023F08D0303800020704700BFA8460020A2
S21402BDD008B500220346C3F80220C3F806200B4A21
S21402BDE002301268D1B212F0200F18BF41F01001D3
S21402BDF01980930701D4FFF74DF8054B1B78023BD9
S21402BE00032B8CBF1720002008BD00BFA8460020C9
S21402BE10AE60002038B505460C46FDF7EDFB98B13E
S21402BE200E4B187878B10E4B1B681A040FD58CB1DE
S21402BE3013F0420F00D17DB103F44073B3F5407F97
S21402BE400CBF0020232038BD40F60840FBE740F632
S21402BE500B40F8E72046F6E72320F4E7AA60002026
S21402BE60A8460020F0B504468DB007A80D46164633
S21402BE7008F00DFE1022002103A8EFF797FB5CB135
S21402BE80234603AC03F110072246186859680833A4
S21402BE9003C2BB421446F7D1012703A986EA070369
S21402BEA007A88DF81C708DF81D3008F05BFF80EA3D
S21402BEB0070401A8E4B2EDF727F8B6B101A88DF899
S21402BEC00650EDF74DF864B1002303A907A88DF8D4
S21402BED01D3008F056FF0C4B1B78432B01D1F9F7A7
S21402BEE0DBF80A4B1D700DB0F0BD01A88DF80750A7
S21402BEF0EDF736F8002CF6D003A907A88DF81D70CA
S21402BF0008F03FFFEFE700BFAE600020A960002008
S21402BF10F0B5012593B007460DA80C4608F0B7FD0C
S21402BF2005A90DA8ADF8345008F046FF01A8ECF7B5
S21402BF30EBFF09A90DA88DF835509DF8066008F0AC
S21402BF403BFF0DA89DF8075008F0CCFE70BB731B94
S21402BF50DBB2802B28D91FB1A64225D0A54223D119
S21402BF6005A90DA808F00DFF03A8ECF7CDFF03A85E
S21402BF708DF80F60ECF7F4FF0122294609A8FFF7B7
S21402BF8071FF0AF0AFFE01214FF400700BF0D4FFF0
S21402BF90FDF71AFBB0F1004F01D9FDF71BFB044B6E
S21402BFA0187808F0E0FC012013B0F0BD0020FBE793
S21402BFB0A960002070B50E46144605460320FFF71A
S21402BFC0B7F946F004022946204608F034FF00225C
S21402BFD0014B1A6070BD00BFA4460020F0B587B0C2
S21402BFE0078805461022002102A8EFF7DFFA3E4B2B
S21402BFF01B78002B76D1BC055ED407F08403842B15
S21402C00063D00022394C11461046FFF72BFF17F477
S21402C010045F276005F102061CD0B9040AD5304633
S21402C02002F09CFA00284ED1236823F4005343F40E
S21402C0308073236030460BF0EBFD002842D108F0F7
S21402C04024FD18B9236843F480332360236843F041
S21402C0502003236022680DF1060042F400432360A9
S21402C060FFF7AAFE12F4805FBDF8063031D043F027
S21402C0702003ADF806302168334611F0400218BF9F
S21402C08005F123024FF07F60FEF78CFEBDF8063006
S21402C090DA0703D5002130200BF03EFD23689B050E
S21402C0A006D5012295F8221005F11200FFF7DAFEF6
S21402C0B000200F4B186006E005F112000BF0A8FDF9
S21402C0C000289AD0292007B0F0BDB80799D52320BA
S21402C0D0F9E723F02003ADF80630FDF77BFAFEF70A
S21402C0E075FCC8E70220EEE7AE600020A8460020F6
S21402C0F0A4460020024B1868C0F30050704700BFE9
S21402C100A84600202DE9F04F064689461046002133
S21402C11089B01546984602F0EFFE102807460AD860
S21402C1206A4B0341DB0706D4C8F340049DB90020DE
S21402C13009B0BDE8F08F664B1C78002CF6D0FFF7EE
S21402C140D9FF00280CBF4FF4F0744FF4D074FC40B3
S21402C15004F00104EAE74FF0000A18F0010F534614
S21402C160524629464FF00500CDF800A00CBF4FF00E
S21402C170080B4FF4027B06F011FB0028D7D0C82329
S21402C1803246009359465346284602F0DDFEADF885
S21402C1900E000028CBD018F0080A4AD14FF6F773E3
S21402C1A0A7F10F02D2B29E428CBF09230123012AB5
S21402C1B001D843F04003474A8DF810301378591CD3
S21402C1C011708DF81130002C4FD09DF81030052FCD
S21402C1D043F020038DF8103033D03F4B1D78002DEE
S21402C1E05AD04FF6F77300259E424FF00F0248D9F9
S21402C1F0012304A90DF10E00F7F75EFB002896D185
S21402C200002C4DD1BAF1000133463A4618BF01213F
S21402C210BDF80E00CDF8009008F0A8FFADF80E00AD
S21402C220002884D018F0040F4DD031460AF0F8FEEC
S21402C2307EE749460DF10E000BF0A3FE0028ADD1B5
S21402C24075E70121BDF80E000DF024FF012102F072
S21402C25053FE0123834013F0620F1CD11E4B1B7842
S21402C260E3B14FF6F7731825BEE71B4B25461B783E
S21402C2700222002BBCD04FF6F7739E42B8D8052F89
S21402C280B6D0BAF1000FB3D19DF8103043F0400398
S21402C2908DF81030ACE710250F22A9E71825FBE72A
S21402C2A0BAF1000F0AD002234A46009029460DF141
S21402C2B00E00FEF79DFB0028A4D038E74123524625
S21402C2C0CDF800A0F2E70AF093FE31E79FFEFEFFEC
S21402C2D0AA600020AB6000209E6000202DE9DF43AC
S21402C2E01E46144B80461B680F469B0791460A9CC7
S21402C2F01BD4204614B108F023FFC0B20622CDE9B3
S21402C30002403B460020CDE900890B490BF0FCFFBA
S21402C310024650B10021002E0CBF0123032308461B
S21402C32004B0BDE8D043FFF7EDBE002004B0BDE880
S21402C330D08300BFA8460020444904002DE9F04FF0
S21402C3408DB081468A461F4693469DF85C803AB970
S21402C35003A8FEF79FFDB0BB00200DB0BDE8F08F2E
S21402C36015460022232110460AF04CF9ADF80A00C1
S21402C3700028F1D00DF056FE0523044618F0100FE3
S21402C38000F8023B677020D011220021EFF70EF969
S21402C39004F11306032F4FF0080237D159463046F0
S21402C3A0EFF756F9C8F3801306F10905337208F061
S21402C3B0C3FE00283ED000232B706B70012303358A
S21402C3C005F8013C36E003ADCBE7012610221699AC
S21402C3D0EFF73EF906FA07F313F0620F02D104F103
S21402C3E01206D7E707A808F052FB05A88DF81C60CE
S21402C3F0ECF78AFD9DF8162018F0200F9DF81730EE
S21402C40008BF134604F11306A374C3E75146304629
S21402C410EFF71EF9012306F10802121B28460093C5
S21402C420BDF80A10082392B20EF014FB042F06F190
S21402C4301005BCD02D1BA9B20DF10A000BF0CCFEE4
S21402C440002889D118F0040F0BD048460EF0F7FAF0
S21402C450FF281FBF074A32F8103023F4804322F821
S21402C4601030434651464846BDF80A20FFF74AFEBA
S21402C47073E700BFD859002070B5032690B08DF838
S21402C4800760F7F7B3FB18B90224204610B070BD58
S21402C49002AD2846FEF7FEFC0028F5D01B4B1C68B2
S21402C4A014F00204F0D140F20F43194AADF82430DA
S21402C4B0136804A8CDF826305368CDF82A3008F061
S21402C4C0E6FA95E8030005AB83E80300062304A812
S21402C4D08DF81D308DF81060ECF7B8FC01210DF1D7
S21402C4E02E020DF10700ECF709FC22461A2109A8D4
S21402C4F00AF088F8024608B91924C6E70123294635
S21402C5002046FFF7FFFD0028BFD1F5E7A84600202A
S21402C510316100202DE9F04F04460D46002191B00E
S21402C5201F2208A89B460791EFF740F820460BF01B
S21402C5306BFF0146204602F0DFFC8DF81100204614
S21402C5400AF045F89DF81130467899068146C6F3FA
S21402C5504006204648BF46F002060CF02BF88046FE
S21402C56020460DF07BFD0022A0EB0803DBB2232B56
S21402C57028BF232300922146424607A80EF06AFAF5
S21402C58000283AD1A24B9DF81C701B789DF81DA07E
S21402C590B3B3FFF7AFFD00280CBF4FF4F0734FF4B0
S21402C5A0D073FB40DA072BD5B30729D4082F22D144
S21402C5B0BAF1040F21D1FBF77FFBF0B90123424603
S21402C5C00093214605200DF1110306F0C4F8A0B130
S21402C5D0053F0D2F11D8DFE817F024001000AF0139
S21402C5E0BC01C50110001000100010001000100061
S21402C5F0CB01F901F901052F07D011B0BDE8F08F84
S21402C600102F05D1BBF1000FF7D0FBF755FBD5E78E
S21402C610FBF752FB0028D1D0052FCFD0112FCDD05B
S21402C620EBE7BAF1050FE8D8204609F033FF02908F
S21402C63009F102000EF015F982460DF11200FFF71D
S21402C640BBFB01239DF81D8003FA08F313F0620377
S21402C65003932DD0BDF812309D0722D5B407CCD552
S21402C660FBF72AFB0DF11E000BF0D2FAB8F1030F0E
S21402C67004469DF82EB02FD10DF12F050AF038F999
S21402C680824540F03181032EB7D19DF836100DF168
S21402C6901E02003918BF01210DF12E0008F071FDAF
S21402C6A0ABE7FBF709FB0028DCD1002EA5D0D9E7C3
S21402C6B0FBF702FB68B10DF11E000BF0A9FAB8F108
S21402C6C0030F04464FF0000B40F082800DF12E055A
S21402C6D0D4E7002E91D0EEE74E4B1B6898072AD57A
S21402C6E0FF2208210DF137000AF090F8814610BBB0
S21402C6F0034601460DF137020220FEF753FB0AF00D
S21402C700F7F882450DF137070DF12F0523D04FF6C6
S21402C710F7739A4540F2ED800022082128460AF077
S21402C72075F8002800F0E580002259460DF11E003B
S21402C730FFF798FB61E70DF137070DF12F05384635
S21402C7400BF012FA002848D00AF0D2F8824540F0E0
S21402C750CC804FF000092846F7F7D2FD002800F0FB
S21402C760C480B8F1010F5BD0B8F1040F7FF445AF77
S21402C7700BF01DFA10B1032E7FF43FAF002C7FF4AE
S21402C7803CAF3A4602210DF11E00FFF713FC224B86
S21402C7901B7863B1FFF770FEFEF7C4FD022806D1D0
S21402C7A00120FEF7B9FD01210846FEF741FC1B4BAE
S21402C7B01B78022B20D10321384608F0D6F8FEF764
S21402C7C0B1FD014600287FF418AFFEF731FC14E7EE
S21402C7D00DF136070DF12E05B1E7104B1B78432BF2
S21402C7E07FF40BAFB8F1010F7FF407AF0AF080F8C1
S21402C7F082457AD1C146AEE7412B7FF4FEAE054BA9
S21402C8001B6859057FF5F9AEF9F73EFEF5E600BF5F
S21402C810AA600020A846002058610020AE600020D2
S21402C8206C4D2B78022B22D02B78412B3FF4E5AEB1
S21402C8303CB9FBF741FA594602460DF11E00FFF7D6
S21402C84011FBFBF739FA00283FF4D7AE0BF0AFF92D
S21402C850614C98B123681B0502D42B78432B0DD16B
S21402C860B0070BD440F61A40F9F70CF8C5E60BF001
S21402C8709EF90028D8D0B207D6D4BEE6206810F0BB
S21402C880020002D102990BF051FB2B78112B16D124
S21402C8902368590513D50020FEF7E0FB044600285E
S21402C8A07FF4ABAE0AF092FA40F61C40F8F7EAFFC5
S21402C8B021462046FEF7BCFBF8F7F0FF9DE6B207DE
S21402C8C001D5FFF757FAB9F1000F9DD008F0DDF851
S21402C8D018B94FF480310BF01FF900223F4B38464F
S21402C8E01A600BF038F98FE70027039B002B7FF4C2
S21402C8F00EAF4FF6FF73284605A9ADF8143009F0BF
S21402C900EAFF20B1284609F0C7FFADF814004FF63B
S21402C910FF73BDF8140098423FF46FAE002C0CBFB4
S21402C9200423152301930DF11E0300933A46434652
S21402C9302946FFF703FD60E60DF11D00F7F7E0FC60
S21402C94000283FF45AAE022229460020FAF79EFE3D
S21402C95053E6F3077FF551AE3246284607A90BF099
S21402C9600FFB4AE69DF81D100120FFF7D1FA44E6B8
S21402C970184B1B78022B20D1002D7FF43EAE05A863
S21402C980FEF788FA00283FF438AE154B1D709DF866
S21402C9901D30002B14BF64246524FEF7C3FC032855
S21402C9A006D128462946FEF743FB2846FEF7C0FC7A
S21402C9B0214605A807F0D9FF1FE6043B012BDBD969
S21402C9C0284608F0C9FB0028D6D116E6204608F00D
S21402C9D0C5FB12E6AE600020A8460020A446002052
S21402C9E0586100202DE9F34105460E461746984643
S21402C9F00BF0DDF8044640B101233A46314628469C
S21402CA00CDF80080FFF76AFC04460BF0D0F830B190
S21402CA10FFF770FB78B10A4B1B689B010BD400230F
S21402CA203A4631462846CDF80080FFF757FC002CE0
S21402CA300CBF0446012404F0010002B0BDE8F081F8
S21402CA40A846002070B58AB005A808F020F8022390
S21402CA5001AA15468DF81430084B03F11006144649
S21402CA6018685968083303C4B3422246F7D12946E8
S21402CA7005A808F077F90AB070BD00BF5796040003
S21402CA80014B1878704700BFD16A0020014B188806
S21402CA90704700BF4E6A00204FF6FF732DE9F04341
S21402CAA0994280460D4685B00BD000274FF6FD7999
S21402CAB01C4EEBF71BFDFCB2A0420BD84FF6FF70E4
S21402CAC01DE0F7F71DFC0028EFD005B0BDE8F043E7
S21402CAD009F00EBF36F814304B4517D86946204683
S21402CAE00BF09BF8082241460DF10500EFF7AAF875
S21402CAF04FF6FF7360B99D4204D136F8140005B0B4
S21402CB00BDE8F08326F814500BF061F80137D0E741
S21402CB109D42FBD036F81430AB4208BF26F814907C
S21402CB20F4E700BF0C5900202DE9FF4706460F46E2
S21402CB3000254FF6FD79DFF83C80DFF83CA0EBF7E6
S21402CB40D5FCECB2A04202D804B0BDE8F08738F8B3
S21402CB5014304B450CD8694620460BF05EF8082286
S21402CB6031460DF10500EFF76DF808B90AF80470C2
S21402CB700135E4E70C59002074600020014B33F8BD
S21402CB80100070470C590020F0B5064600250D4FE0
S21402CB9085B0EBF7ABFCECB2A04201D805B0F0BD15
S21402CBA037F81430B3420BD1694620460BF071F8C1
S21402CBB09DF80030022B1CBF4FF6FD7327F8143089
S21402CBC00135E6E70C59002030B585B004460D461F
S21402CBD0EBF78CFCA0420FD9084B33F814204FF623
S21402CBE0FD739A4208D8694620460BF052F8294649
S21402CBF00DF10500FFF750FF05B030BD0C590020BF
S21402CC0030B585B00446EBF771FCA04219D9204630
S21402CC10FFF75AF80546B0B9694620460AF0FDFF06
S21402CC209DF800302BB1694620468DF800500BF077
S21402CC3012F84FF6FF720020044B23F8142005B0BA
S21402CC4030BD2820FBE740F60440F8E70C590020E8
S21402CC502DE9F0410B7805460E461BB9BDE8F041BA
S21402CC60FFF7CEBFEBF742FCA84231D92846FFF7C2
S21402CC702BF878BB374617F8058B4FF6FF71384608
S21402CC80FFF70AFF0446384600F01EFAB0FA80F0B4
S21402CC904009B8F1000F15D0B8F1030F15D04FF6C2
S21402CCA0FF724FF6FD73944208BF1C460B4B31468B
S21402CCB023F815400A4B585528460AF0CCFF0020A8
S21402CCC0BDE8F0814FF6FF74F0E74FF6FE74EDE72D
S21402CCD02820F5E740F60440F2E700BF0C59002092
S21402CCE0746000202DE9FF410D4604464FF6FE789B
S21402CCF00F4F0E0AEBF7FAFBA04204D8FF24204699
S21402CD0004B0BDE8F08137F8143043450CD16946CB
S21402CD1020460AF082FF9DF80520EBB29A4203D124
S21402CD209DF80630B342EAD00134E4B2E2E700BF2F
S21402CD300C5900202DE9F04F0C4617469846002560
S21402CD404FF6FD7B87B09DF840A0DFF85C9001901F
S21402CD50EBF7CCFBEEB2B04201D8FF2616E039F86C
S21402CD6016205A451ED8304602A90AF056FF3FB989
S21402CD709DF80920424515D19DF80C20524511D147
S21402CD8044B939F81620019B9A420BD1304607B0B7
S21402CD90BDE8F08F082220460DF10D01EEF752FF96
S21402CDA00028F3D00135D3E70C59002010B51446FD
S21402CDB00AF033FF2046BDE8104008220149EEF78C
S21402CDC047BC00BF316100202DE9FF4707461546E4
S21402CDD00846082224491E46EEF734FF0446002879
S21402CDE03FD14FF6FF7ADFF88490EBF77FFB5FFACE
S21402CDF084F880450BD385B3384605F06DFD0125D2
S21402CE000C9B18700120357004B0BDE8F08739F825
S21402CE10183053451FD0694640460AF0FEFE7A781F
S21402CE209DF801309A4216D17A88BDF802309A42AD
S21402CE3011D13A799DF804309A420CD108220DF1AC
S21402CE400501781DEEF7FEFE28B9002DD7D1404623
S21402CE5005F05DFDD3E70134C7E7FF2005F057FD77
S21402CE60CEE70020D0E700BF316100200C59002039
S21402CE70F0B50025154E164F85B0EBF737FBECB232
S21402CE80A04201D805B0F0BD694620460AF0C5FEAC
S21402CE909DF80030032B06D90023694620468DF8FC
S21402CEA000300AF0D8FE9DF8002062B14FF6FD73FE
S21402CEB04FF6FE71032A08BF0B4626F814300023ED
S21402CEC001353B55D9E74FF6FF73F6E70C590020BC
S21402CED074600020F8B50E4604464FF6FF770C4BFA
S21402CEE00C4D1B7803EB430305EB8305A54202D8E2
S21402CEF000242046F8BD2388BB4206D008223146CD
S21402CF00A01CEEF79FFE0028F3D00C34EEE700BF1D
S21402CF10986A00204C580020044BFF211A780448D7
S21402CF2002EB42029200EEF741BB00BF986A002075
S21402CF304C580020F8B504460C4B0D461B7810469C
S21402CF40A3420DD90C27022117FB04117C43084E7D
S21402CF5008223144EEF77CFB335B00202B80F8BDC1
S21402CF600023136053604FF6FF73F6E7986A0020BB
S21402CF704C58002038B504464FF6FD75FFF704FE00
S21402CF800022084B1878084BD1B2884200D838BD28
S21402CF9033F80C1C0132A14208BF23F80C5C0C3398
S21402CFA0F2E700BF986A00205858002070B5054680
S21402CFB00E460846FFF7DEFF31462846FFF76CFDB1
S21402CFC029460648FFF786FF00B970BD044624F8D6
S21402CFD00C6B0AF0FCFD29462046F3E74C5800206D
S21402CFE010B5082286B023490446EEF72BFE20B978
S21402CFF006B0BDE8104009F07BBC082220461E4958
S21402D000EEF720FE20B91D4BB3F8680006B010BD3F
S21402D0100023012221464FF6FF700093FFF78AFE97
S21402D020FF2806D0164B33F810004FF6FB739842D3
S21402D030ECD903A8FEF7CCFE58B9BDF80C305B0657
S21402D04007D5082221460DF10E00EEF7FBFD00285B
S21402D050DCD021460B48FFF73DFF40B14FF6FB728E
S21402D0604FF6FF730088904288BF1846CEE74FF609
S21402D070FF70CBE731610020925400202854002034
S21402D0800C5900204C58002070B5002204464FF67A
S21402D090FB7608460A4B1D780A4BD1B28D4201D860
S21402D0A0002009E01988B14207D8A14205D108221A
S21402D0B0991CEEF7CDFA012070BD0C330132ECE775
S21402D0C0986A00204C58002037B5014605460E489F
S21402D0D0FFF700FF044640B1807A29460AF0FDFDBC
S21402D0E080F00100C0B203B030BD034600900122BA
S21402D0F029464FF6FF70FFF71DFEFF2816BF034BAB
S21402D1002046185CE9E700BF4C58002074600020F7
S21402D1102DE9F341224B04461B780F4683421546FF
S21402D12038D9FEF7EBFDB8BB4FF6FD739D421D4E98
S21402D1300ED004EB440326F823504FF6FF739D42AD
S21402D1401FD12046FEF7F2FD002002B0BDE8F081B6
S21402D1500DF10601384609F0BEFB4FF6FF72BDF828
S21402D16006303846934218BF1D460C236343F552D9
S21402D17006EB0308FFF7A8FFB0FA80F0400988F82C
S21402D1800A000C2303FB0460082239460230EEF73D
S21402D1905FFAD9E72820D8E740F60540D5E700BF72
S21402D1A0986A00204C58002038B504460D46FFF712
S21402D1B0BBFC21460448FFF78DFE00B938BD8572D8
S21402D1C021460C30F7E700BF4C5800200023074AE0
S21402D1D01370074A1370074A118801B11380064B71
S21402D1E01A880AB100221A80704700BF6A610020BE
S21402D1F069610020465A0020445A00202DE9F04F6B
S21402D2003C4C1D46238887B00746884610469DF844
S21402D21040605BB952B10AF0F8FF20804FF4FA6121
S21402D220354807B0BDE8F04F0CF0E8BFDFF8D890FD
S21402D230B9F80040002C49D020460CF00FFFC0F38E
S21402D240470620460CF0EEFEDFF8C0A00296BAF8BB
S21402D2500030DFF8BCB00193BBF800300446009300
S21402D26000222B46012025490BF04EF8ADF8160099
S21402D270E8B1012504EB4606B4420DD1BDB9BDF8AE
S21402D2801630A3B12A464146384600F06FF9ABF88D
S21402D2900050AAF800500AE0012321461A460DF172
S21402D2A01600F6F709FB023405460028E4D00023F0
S21402D2B0134AA9F800301378013BDBB21370002B37
S21402D2C0ACD107B0BDE8F04FFFF780BF0D4C237816
S21402D2D023B90DF0D1F808B9012323703246294646
S21402D2E00520F7F70DFA0028EBD1207007B0BDE84D
S21402D2F0F08F00BF465A0020A86900204A49040061
S21402D3006A61002069610020445A0020E05900202A
S21402D310E259002030B5154D87B02C889CB92346BB
S21402D3204FF4A07248F2380103A80AF0B2FD214673
S21402D3302046FAF7E3FA22460D4B009403A9FFF7BC
S21402D3405DFF07B030BD204609F041F904300DF00C
S21402D35088FA03A9044628880BF03DF900230093B7
S21402D36020462A8803A900F0AFFAEAE7465A0020C8
S21402D37000F8FF0737B5002001A9FAF7BFFA0D4CEF
S21402D380014623780C4D7BB10C4B019A1878FAF7BC
S21402D390CBFA2078F8F74CFC002323702B70084851
S21402D3A0F6F736FB03B030BD2B78002BF7D0FFF72D
S21402D3B0B1FFF4E76C6100206A6100206B61002017
S21402D3C0A869002008B50548F6F732F80448F6F7CB
S21402D3D02FF8BDE808400348F6F72AB8465A002058
S21402D3E0445A0020425A00202DE9F04F89B089465F
S21402D3F00446CDE905239DF84870139E30B316F80F
S21402D40001ABBAF1000F23D00AF1FF34A400E4B254
S21402D4103146012007F0E8FEC00E1BD1DFF838B116
S21402D4203146012007F0E0FE9BF800503444227992
S21402D430BDB1002F47D180234846CDE90277CDE91A
S21402D44000773E4A059900F091F83CE08246DFE715
S21402D4505446DDE71B28ECD93146012007F0C4FE0E
S21402D460E7E7DFF8F880FF2A00EA08080BD1424611
S21402D470E379A179607901EB032189B209B0BDE8AD
S21402D480F04FFAF751BA2E4909688B070AD5FE2AD9
S21402D49035D101230135EDB2202D4FEA43030AD1DF
S21402D4A0FF250AE0294628460792FAF727FA484552
S21402D4B0BFD1079AEBE79845ECD1224B1B78FF2B9E
S21402D4C004D0AB4204D009B0BDE8F08FFF2DFAD0ED
S21402D4D029460020F4F7B2FF0028F4D09BF800306B
S21402D4E06479002BEFD1FFF771FE17484FF4105105
S21402D4F00CF084FE154B8BF800501C70E3E7052AEF
S21402D50097D8BAF1010F94D8B8F1000F91D0002F36
S21402D510D9D17379002BD6D00D49098821B9082BA9
S21402D52028BF08230B490B70434648461292DDE992
S21402D530051209B0BDE8F04FFFF760BE4A49040085
S21402D540A8460020D26A0020A86900206B6100204D
S21402D550465A00206A6100206C61002000F8FF072E
S21402D560014B1880FFF7D6BE445A00200CB42DE9B2
S21402D570F04F8BB014AA0E4652F8041B07460992C7
S21402D580002940F08F80BDF85400ADF82200002834
S21402D59000F0A18033794FF6F778002B40F08680B2
S21402D5A047458CBF4FF009084FF008084C4B1C78D3
S21402D5B0FF2C40F08380B6F90230002BA9BF494BFE
S21402D5C0347A1C780134A2BFE4B21C7044F08004A2
S21402D5D0DFF81CB12246002101F0A2FC9BF80030C5
S21402D5E0BDF82200002B6CD0DFF808A14FF000092E
S21402D5F0BAF8003007930CF031FD0546BDF822005C
S21402D6000CF010FDEBB2CDE90193FF23CDE903093F
S21402D61000932246334639460798FCF7B5FB4FF689
S21402D620FF7305468BF80090AAF80030382D33D1E8
S21402D6303246394640460DF1220307F095FD002892
S21402D6404BD04FF6F7739F4226D8B6F90230708851
S21402D650002B21DA48F204022349244B4FF000083B
S21402D660904214BF8946994609F042F94946034654
S21402D6708A220120CDF800800AF046FE814658B183
S21402D6802246414601F04CFCFF23324639464046CC
S21402D690CDE90098FCF7DAF928460BB0BDE8F04F62
S21402D6A002B0704701200AF00CFE6EE700234745E1
S21402D6B08CBF4FF006089846337177E7FF221A7040
S21402D6C086E7CDE900033246FF2339464046FCF79B
S21402D6D0BDF90546AAE71925DEE70546DCE700BFE1
S21402D6E0D46A00206E6100205B49040050490400A1
S21402D6F06D610020485A002070B54FF400330024B4
S21402D7000546164688B0ADF81A100DF10F0204A9A8
S21402D7100593ADF81840ADF81C4004948DF80F4000
S21402D72007F001FD9DF80F3028460193049B044A3A
S21402D730009305A93346FFF719FF08B070BD00BF76
S21402D7405449040030B54FF48035002487B0039561
S21402D750BDF82850CDE900128DF81030074A03466E
S21402D76003A9BDF82C008DF81140ADF81250ADF8A3
S21402D7701440FFF7FBFE07B030BD00BF604904004F
S21402D780B1F1006F2DE9F04314462CBF392238223E
S21402D7908BB01D464FF00003ADF81E204FF48002FA
S21402D7A02CBF4FF001099946FF2C0646ADF81C30F7
S21402D7B00892ADF824304FEA11471FFA81F80FD1CC
S21402D7C009F0A7FBB9F1000F19D1154ACDE90205F8
S21402D7D043463046CDE9007407A9FFF7C7FE1AE0B4
S21402D7E0FE2C0AD109F095FB0130C0B209F09CFB71
S21402D7F0B9F1000F12D00B4A02E0E8B2F8E70A4A83
S21402D800CDE9030501233046CDE90174CDF8008049
S21402D81007A9FFF7ABFE0BB0BDE8F083034AD5E7D6
S21402D820584904005E490400574904005F49040051
S21402D8304FF498124FF0806310B586B0CDE90323FB
S21402D8400023ADF8143009F053F80446F8F796FAB8
S21402D850054B01900093054A234603A94FF6FD7037
S21402D860FFF784FE06B010BD316100206449040053
S21402D87008B5064B1B78022B02D0043B012B03D8BB
S21402D880FFF7D6FF002008BD0220FCE7AE600020AE
S21402D89030B500244FF4806587B0CDE900128DF8CC
S21402D8A01030084A034603A94FF6FD708DF8114062
S21402D8B00394ADF81250ADF81440FFF757FE07B0C8
S21402D8C030BD00BF684904002DE9F04F99B00E46FE
S21402D8D005460CA91046CDE90A329DF888700AF072
S21402D8E037FABDF83090804648460CF0B7FBB6F9DA
S21402D8F002300446002BB6F806A0B6F802B004DAE8
S21402D90000228D4B1A70002049E048460CF0A6FB18
S21402D9104045F5D3A4EB0804E3B2002F18BF4FF43A
S21402D920A07A152B099328BF15230024013308F18A
S21402D930FF324946DBB292B2009412A80DF08AF882
S21402D9406FEA4B436FEA53437C499DF848200868C8
S21402D9504968ADF83E300DAB03C3ADF84040ADF8B4
S21402D9603C40ADF842A0ADF84420BBF1000F24D1F4
S21402D9700DF14900F6F7C4FCA0B108F0B9FF5C4609
S21402D98080460DF151060DF149030A9A96F8009069
S21402D990012A2CD14FB384F0010404F0010019B01F
S21402D9A0BDE8F08F0DF149000AF0E1FA4FF6FF7478
S21402D9B0011B4C4280464C41E3E7BBF1010F57D1B5
S21402D9C0BDF8498008F094FF80450AD040460DA96C
S21402D9D00AF0D0FA80F00104E4B20DF14B060DAB6A
S21402D9E0D3E7574B0DF14B06CFE70A9CD5E75FB35B
S21402D9F044BBB9F1010F25D830D108F079FF08F001
S21402DA0077FF2246804671784D4B02910021012015
S21402DA10CDE900814B490AF077FCADF8320088B1B7
S21402DA2024BBB9F1010F0CBF0D210C210DF1320000
S21402DA300AF0D2FB024628B92846BDF832300FA9B2
S21402DA40FFF794FD0120AAE7B9F1010F04D1002CDB
S21402DA50D3D081227178D8E7002CFAD1B9F1010F20
S21402DA6094BF002201227178D201CEE70C21DDE7B5
S21402DA700A9B002B7FF447AF7388342B4BD1099B4C
S21402DA80092B7FF440AF002F7FF43DAF9DF9516024
S21402DA903A46B41008210DF1490004F0200408F0BB
S21402DAA0B5FEA0B1284B1B78012B3FF42CAF274ABA
S21402DAB0274BB2F868201B68AA421DD0DA001BD595
S21402DAC0C8232846234A0FA9FFF750FD1BE70DF18E
S21402DAD04900F6F715FC0028E4D10DF149000AF0DA
S21402DAE046FA4FF6FF739842EAD02146F9F778FED7
S21402DAF003460028E4D1E4E75B0201D5002E08DAEB
S21402DB0000232846134A0FA9FFF730FD124B1C705C
S21402DB10F9E68D23D5E7099BCDE905A204930DF11D
S21402DB204903CDE9028331462846CDE900790B9BAD
S21402DB300FAA00F03DF8E6E662610020CAD10300B3
S21402DB40316100206C490400AF6000202854002098
S21402DB50A8460020B4FE0300D36A0020024B1878C1
S21402DB6040F08000704700BF6E610020014B1880B5
S21402DB7000207047566A00204FF6FF71034602885F
S21402DB801B798A4217BF074901200A8041881EBFB7
S21402DB90054A00201180FF2B1EBF044A0020137086
S21402DBA0704700BF526A0020506A00206F61002052
S21402DBB02DE9F04FA1B09946BDF8AC302D9F0D93DC
S21402DBC09DF8B03004460E93BDF8BC3038460F932D
S21402DBD09DF8C0304E88884615469DF8A8B010932A
S21402DBE00CF03FFE112E824671D808F081FE504599
S21402DBF076D0062E10D14FF6FD72924526D0BBF196
S21402DC00000F10D100228023CDE900A2294620462B
S21402DC10BC4AFFF7ABFC06E0BBF1000F03D1032EB4
S21402DC2007D8012E09D80022B74B1A7021B0BDE8DA
S21402DC30F08F043E022EF6D8E4E7802329462046DB
S21402DC40B24ACDF800A0FFF791FCECE7B04B1B7888
S21402DC505E074CD408F04CFE0026034632460120EE
S21402DC60A84900960AF050FB3B79ADF866000F9380
S21402DC700028DBD0DDE90E320D9803EB42090CF0EA
S21402DC80EDF95FFA89F909F105085FFA88F8804527
S21402DC90CCD241460D9801F02FF9109008EB4008BF
S21402DCA00D980CF0DBF98045C0DADDE90F3213433C
S21402DCB0DBB2002B40F03482BBF1000FB6D1D8465F
S21402DCC042460421BDF8660001F02AF974E1904A42
S21402DCD03A2E127812D948F23B039E4207D013E03E
S21402DCE08B4A127850070BD5321F022A08D8B8F88A
S21402DCF0063043F48043A8F8063097E71B2E1DD85B
S21402DD00B21E91B213295FD9109B494602930F9B0C
S21402DD103046CDE900B30E9A234607F00BFA0F28D9
S21402DD2084D10122784B1A70794B1B789B0740F1FD
S21402DD302783BBF1000F7FF479AFD8E7A6F11C0169
S21402DD401E29E1D801A050F821F000BF97E3020097
S21402DD5009DD020009DD02002DDC020009DD0200F9
S21402DD6085E1020085E1020009DD020009DD02000C
S21402DD7009DD020009DD020009DD020009DD0200FC
S21402DD8009DD020009DD020009DD020009DD0200EC
S21402DD9009DD020009DD020009DD020009DD0200DC
S21402DDA0B7E10200B7E1020069E3020009DD020002
S21402DDB009DD02008BE3020009DD0200E7E3020050
S21402DDC0FDE302000BE40200132A9DD801A151F8DC
S21402DDD022F000BF25DE0200B5DE0200D3DE02001E
S21402DDE0EBDF020055DC020009DD020009DD02005D
S21402DDF009DD020009DD020009DD020009DD02007C
S21402DE0009DD020009DD020009DD020009DD02006B
S21402DE1009DD020009DD02002FE1020009DD020031
S21402DE20C3E3020000231A938DF866300DF16603F1
S21402DE3022460E99484600931AAB07F075F908F089
S21402DE4057FD0646EAF75EFB162894BF4FF0020916
S21402DE504FF02209F7F792FF2E4B0746B3F800A0C1
S21402DE60FBF7EAFD2C4B80464FF6FF70B3F800B086
S21402DE700AF035F8294B9DF866201988244B1B7842
S21402DE8013F002031CBF264B1B780B921A9ACDE99D
S21402DE900701CDE9093240232946CDE90193204600
S21402DEA00023CDE9058BCDE9037A1E4A0096FFF7DB
S21402DEB05DFBBBE608F01CFD1B4B1C4A1B88CDE92C
S21402DEC02A0300232946204621B0BDE8F04FFFF77B
S21402DED04DBBBE781AA9731EDBB2EF2B304627D98C
S21402DEE0F22E25D005F052FC822608F001FD002312
S21402DEF02946CDE90003034A33462046FFF736FBA0
S21402DF0094E600BF50490400626100205B490400A9
S21402DF106F600020566A0020526A0020506A002075
S21402DF206F61002072490400546A00207F49040091
S21402DF3005F02CFC002856D008F0DAFC9DF86C2080
S21402DF409DF86E100492BDF86A2049000392BDF84F
S21402DF506820C9B2CDE901629DF86D2003465200E1
S21402DF60D2B208320A44009201200022C6490AF0C0
S21402DF70CBF99DF86D30ADF866008DF86330002859
S21402DF803FF454AE4FF0000801230DF163011A4628
S21402DF900DF16600F5F790FC074600287FF446AEC2
S21402DFA09DF86330FAB293420CD89DF86E308DF825
S21402DFB06330B8F1000F02D0BDF8663036E04FF09D
S21402DFC00108E1E74146304605F0E2FB0123ADF8E1
S21402DFD06400022219A90DF16600F5F76DFC0137FF
S21402DFE00028DDD022E683267FE708F081FC06467D
S21402DFF005F0EDFB3346009000220120A3490AF00B
S21402E00083F900283FF412AE00273E46ADF86800BA
S21402E01005F0DDFB5FFA87F840450DD8324604214D
S21402E020BDF8680000F07CFFBDF868300022294683
S21402E0302046FFF79BFAF9E5404605F0A5FBFF28C8
S21402E0408DF866000BD0012301361A460DF16601E3
S21402E0501AA8F6B2F5F730FC00287FF4E7AD0137D0
S21402E060D6E75046B7F8029005F08EFBFF288DF8EB
S21402E070640000F0E2811AA905F088FBBDF868305A
S21402E0804B4507D04FF6FF72914540F0D6811904F2
S21402E09000F1D3819DF86D3012930E9B0533DBB2EF
S21402E0A013930F9B149300234FF0000911934B46D2
S21402E0B013E017934900139BC9B219440D9889B20D
S21402E0C00AF0C5F84FF0000A179B159012995FFAEE
S21402E0D08AF28A4216D309F10109149A5FFA89F183
S21402E0E09142E6D39DF86E201292169A1392002B56
S21402E0F040F09581119B002B40F09F81109B14935A
S21402E1000123D1E711999DF86400179305F040FBAF
S21402E110159A179B0AF1010A824208BF0123D5E726
S21402E12009F106095FFA89F3B046169386E1BD1C2B
S21402E13029465046BC7A06F080FB01222946504604
S21402E14009F07CF8504609F0DEFE284609F00FFF7B
S21402E1503A88824207D04FF6FF72904203D00CF004
S21402E1606EFC09F0F0FE84F00804C4F3C0042146F5
S21402E1702846FFF719F82146284621B0BDE8F04F99
S21402E18007F001B8BBF1000F7FF450AD12073FF560
S21402E190AEAD33463A462946204601F08FF90028AE
S21402E1A07FF444AD842329462046394A21B0BDE88F
S21402E1B0F04FFFF7DBB90F9897F8008009F04BFC99
S21402E1C000210746204601F0E3FC312EA7EB0007AC
S21402E1D0FFB240F0D5804FF0000A01205346524667
S21402E1E0CDE9008A2B490AF08FF8ADF866000028C0
S21402E1F03FF41CAD162251461AA8EDF7D7F91AA815
S21402E20008F0FFFD4FF0FF33DFF894B0CDE91C3382
S21402E2109BF80090B9F1000F02D14FF0010A55E0C9
S21402E2201D4E33796F2B02D90026324625E0504622
S21402E2301CA9F6F73DFF0028F6D0184BB6F800905A
S21402E240B3F86830B9F1000F2CD1003B18BF012398
S21402E2505B0143F004038DF87A3002238DF87B309D
S21402E26073881B0A49461EA88DF87D300CF0FBFA0F
S21402E270B8F1000F65D0002601220221BDF8660023
S21402E28000F04EFE32461CE5834904005049040065
S21402E290B4FE03008B490400A45900202854002031
S21402E2A0A8600020B3EB090318BF01235B0143F00B
S21402E2B005038DF87A3002238DF87B300F238DF814
S21402E2C07C30CDE70AF1010A5FFA8AFA0AF1FF36D4
S21402E2D0F6B230460CF0B9FBC307F3D59BF8003014
S21402E2E019EB030F04D009F101095FFA89F9E9E78E
S21402E2F0584B1CA918783044C0B2F6F7D9FE00284D
S21402E30092D0304609F030FE814630460CF09DFB36
S21402E310C0070FD416238DF87A304F4B1B78013383
S21402E320DBB20F2B28BF0F238DF87C304B4B33F814
S21402E330163096E730460CF088FB8107EAD41223A3
S21402E340E9E7BDF866000BF089FE1630B84292DCAB
S21402E350012316221AA90DF16600F5F7ADFA002878
S21402E3607FF464AC012660E712073FF5C0AC3B467B
S21402E370224629460F9801F0F9F800287FF456AC99
S21402E380BBF1000F7FF452AC0CE7BBF1000F7FF439
S21402E3904DAC802307E708F0ABFA50457FF446AC55
S21402E3A0B81CF5F7ADFF00283FF440AC08F0A0FA21
S21402E3B0064608F09DFA2A4B2A4ACDE92A03334636
S21402E3C080E538460CF04DFA09F089FD00283FF446
S21402E3D02DAC2A90002329462046234A21B0BDE8C8
S21402E3E0F04FFFF7C3B84B462A4621460020CDE938
S21402E3F02AB721B0BDE8F04FFEF7F6BF4B462A46D5
S21402E40021460120CDE92AB7F3E75B464A4629466C
S21402E41020462A9721B0BDE8F04F06F0B9BE012388
S21402E42019A91A460DF16600F5F746FA00287FF498
S21402E430FDAB08F101085FFA88F8013605F0C7F966
S21402E4405FFA86FA50453FF60CAEB8F1000F3FF47D
S21402E45033AC35E49E6A002057610020D65900206E
S21402E46031610020904904005B490400F8B5164B60
S21402E47004461D88154B20F8025B196879B10822FC
S21402E480EDF7E6F8124B0C201B78124EA372124BD5
S21402E49019780023DAB2914205D8FF2209E0C4F8BF
S21402E4A002104160EEE7013300FB03F7F75BAF4271
S21402E4B0F0D10A4BE2721B782373094B1B78637305
S21402E4C0084B1B682361F8BD565A002044550020AD
S21402E4D07061002040580020986A00205461002095
S21402E4E05361002030550020F0B589B006460C4630
S21402E4F015460AF05FF80DF10A020146304609F0A9
S21402E50010FF144F0346F0B901223A702288BDF874
S21402E5100A102AB102460090072004F01CF990B1B6
S21402E52003A8FFF7A3FFBDF80A000BF097FD064607
S21402E530BDF80A000BF076FD21460090F3B228469D
S21402E54003AA06F0A4F90023034A3B70136009B03D
S21402E550F0BD00BF7161002044550020142230B582
S21402E5608BB005460DEB02011548DEF767FC10BBC3
S21402E570BDF81430DA0720D413F0060FC3F34102B5
S21402E58008BFC3F341220F4B0DF116019C5C68468F
S21402E5902246EDF79BF9BDF8263004F128026A44BC
S21402E5A002F8283C02341B0A02F8273C69462A462F
S21402E5B0E0B209F034F80BB030BD2320FBE700BF11
S21402E5C0703214E06F96040010B58AB0ADF82620BB
S21402E5D00022CDE9052204920CAA02924FF6FF729F
S21402E5E00446AC2101200192064A039004FB012254
S21402E5F0603200924CF620010DF1260209F0C3FCAF
S21402E6000AB010BD2854002010B54FF6FF741E4AFB
S21402E6108AB0B2F86800B2F85E10A042ADF82600E2
S21402E620B2F85C304FF6FD70ADF8241018D0814277
S21402E6304FF0000094BF48F660014CF66001CDE949
S21402E6400500CDE90300CDE9010094BF09AA6032B6
S21402E65000920DF12602042009F095FC0AB010BDC6
S21402E66081424FF000008CBF603209AA00928CBF34
S21402E6704CF6604148F66041CDE90500CDE903005D
S21402E680CDE90100014AE6E7285400209254002012
S21402E69000B50E4B0022B3F85E308BB0ADF82430D6
S21402E6A04FF6FF73CDE90522CDE90322CDE901221B
S21402E6B009AA00924FF400610DF126020720ADF878
S21402E6C0263009F060FC0BB05DF804FB28540020ED
S21402E6D0202A10B5144614D8012A04D10C88B4F5A1
S21402E6E0004418BF0124620030B10748ECF7B0FFBF
S21402E6F0064B00201C7010BD0548ECF7A9FF054B21
S21402E700F7E72120F7E700BF585A00207261002081
S21402E710985A0020736100202DE9F04710461746EC
S21402E7200CF09FF8DFF814A1DFF814919AF8003085
S21402E73099F800200546134302D10020BDE8F08771
S21402E74010F4406800F0400619D186BBB0F5804F41
S21402E7505CD24FF4807400239AF80000344AD9B28F
S21402E76088425DD8002399F80000324AD9B288421E
S21402E770E3D932F8021B0133A142F7D155E0F81C67
S21402E7800CF06FF84FF6FF73984214BF0124022470
S21402E79086B1052605F44043B3F5004F44F008045D
S21402E7A024D0B5F5804F23D244F4807420E044464A
S21402E7B00326EFE7B5F5804F4FF00506F4D3B8F51C
S21402E7C0406F14BF02200820304438440CF049F849
S21402E7D0194B05F44045B3F85C3083420CBF44F055
S21402E7E0080444F00404B5F5004F01D144F0800457
S21402E7F0B8F5006F0ED1B8190CF033F80E4BB3F81B
S21402E8005E308342A7D144F01004A4E744460326B0
S21402E8100220D9E7B8F5406F08BF44F020049AE713
S21402E82032F8021B0133A14299D1012086E700BFCC
S21402E830985A0020585A002028540020736100205D
S21402E840726100202DE9F04F104685B016469846B4
S21402E8500CF007F85D4F00F00803B7F85C100446AA
S21402E86000F00709F01C02930391B7F85EB00BF0B4
S21402E870F8FF06F1050A054650460BF0F2FF03467E
S21402E8804FF6FF70854218D00399A1EB050CDCF118
S21402E890000545EB0C056D004FF6FF718B420ED15D
S21402E8A045F004050BF0E8FD029B6BB1B9F1000FD1
S21402E8B011D0422005B0BDE8F08F0125ECE79B455C
S21402E8C008BF45F00805EDE7B9F1030FF1D8DFE818
S21402E8D009F0021B795D0BF0CFFD08B9A807E8D551
S21402E8E024F00804A4B2B4F5004F05D0B4F5624F84
S21402E8F002D0B4F5404FDCD10025294697F8A8206F
S21402E900002007F042FE3CE0D7F88030E3B9002151
S21402E91032460846FFF700FFD8B948F6410224F00F
S21402E92038039BB29342C4D10A2D49D0062DC0D1DA
S21402E93097F87730023B012BBBD8F3F745FD00284A
S21402E940B7D140F6040505E0414630469847002810
S21402E950DDD00825E20648BF45F08005A30648BF7D
S21402E96045F4805505F00C03042BC6D1F01D0BF0C0
S21402E97078FF97F8A8303246009341462B4607F0B8
S21402E980D9FD08B30E9B1880002093E7A90705D18E
S21402E9904FF6FF73B7F85C209A428AD104F44063BC
S21402E9A0B3F5006F0AD0B3F5406F82D10822504605
S21402E9B00749EDF747F900287FF47BAF0C25C9E736
S21402E9C00425C7E7432075E7192073E7285400207B
S21402E9D088540020034B1A781AB1FF2A04BF00227B
S21402E9E01A7070477561002070B5084C084E23787F
S21402E9F0F55C1DB13E2107480BF055FEFF22237839
S21402EA002846F2540023237070BD00BF74610020B4
S21402EA107561002094490400034B044A1B78D05CBD
S21402EA20FF3818BF0120704774610020756100200E
S21402EA300023074A07491360074A1360074A136010
S21402EA40074A11600121074A1170074A136070478E
S21402EA505455002011810300505500204C550020CB
S21402EA60C8690020D56A00205C5500200E2A70B5C1
S21402EA700C4606461546194603D9FFF7D9FF50201D
S21402EA8070BD012807D10020F3F7B8FCB0B1FFF73C
S21402EA90CFFF2120F4E780220021224B1A70224B5E
S21402EAA01960224B1B684BB134200BF02FFB204B16
S21402EAB0188018B9FFF7BCFF0120E1E724F0FF63D6
S21402EAC023F4FF231BB1FFF7B3FF4F20D8E774B937
S21402EAD02046F3F7ADFC0124032510F0800F43B265
S21402EAE01BBF00F01F039C409C4044F0784400206B
S21402EAF0104B24F078441E700F4B10491D70104BBB
S21402EB001C60104B1870104B1A68F4F71FF818B1F7
S21402EB10FFF78EFF0420B3E79DF810200B4B1A7008
S21402EB20AEE700BF76610020585500204C55002005
S21402EB30D85A00207B6100207961002031EE020065
S21402EB405C5500207A610020545500207761002031
S21402EB507FB5244B00251A7801232348234903FA5C
S21402EB6002F200781A440A60ADF80E5020B39842BA
S21402EB7036D11F4C1F4B20781B680DF10E019847AB
S21402EB801D4EBDF80E20307092B11C4B29460093E4
S21402EB90284602230195F4F713F83278237822B137
S21402EBA0012A12BF1B230133DBB2237004B070BDEF
S21402EBB0013818BF0120F0E778235A43013A0A6069
S21402EBC008220F490BF0E8F90B49094A097813782D
S21402EBD021B1012912BF1B230133DBB21370E5E713
S21402EBE01846E3E7796100207B610020605500202B
S21402EBF07A610020C8690020D56A00206DEE020006
S21402EC0005A40300024B1868003818BF012070479D
S21402EC104C55002037B505461C460BF02DFC68B94E
S21402EC2074B1084B1A60084B0A461C600123294639
S21402EC3000930323FFF71AFF03B030BD4D20FBE716
S21402EC402520F9E7485500205055002013B5044604
S21402EC500BF012FC58B962B1074B1A6001230A4640
S21402EC60009321460323FFF701FF02B010BD4D209B
S21402EC70FBE72520F9E700BF4C5500202DE9F041BF
S21402EC800446DDE906861D469DF820700BF0F4FB6F
S21402EC9088B99EB1A2B10B4B01201A600A4B0A46F4
S21402ECA0C3F80080094B21461E602B460697BDE836
S21402ECB0F041FFF7DBBE4D20BDE8F0812520FBE7E3
S21402ECC02120F9E7C869002054550020505500203D
S21402ECD00148F4F7ADBB00BFD85A00202DE9F04139
S21402ECE00020F3F7A1FE114B114C1E68114B208831
S21402ECF01D68114B114FD3F8008010B13978F4F724
S21402ED0071FD00203870FFF793FEF4F7ABF90EB1F1
S21402ED104046B0473DB12088A84700232380BDE87F
S21402ED20F0410BF03BBDBDE8F08100BF505500201E
S21402ED30D85A00204C5500205C5500207C610020EB
S21402ED40F8B52F48F4F764FE2E4B187830BBF3F76D
S21402ED506FFB2D4F06463B6803B32C4B2C4D1C68AD
S21402ED6024B195F900301A461946A047294B1B686C
S21402ED7083B1294C2378312B0CD8284B18880BF0FA
S21402ED8051F923785A1C22702A78C25423785A1CC6
S21402ED902270C65480232B7000233B60204C2378BD
S21402EDA01A2B22D81F4A1278012A09D100211E4A9C
S21402EDB0156825FA03F0C007DAB20ED501B1227043
S21402EDC00020F3F735FB2178884212D10022174B38
S21402EDD01A70FFF7BDFE40B9F8BD0133D8B21A2843
S21402EDE04FF00101E5D90A442270BDE8F840FFF76A
S21402EDF075BF0020F3F72EFB0028E7D0F5E700BF2B
S21402EE00CC6900207B610020585500204855002020
S21402EE10766100204C5500207C610020D85A0020E4
S21402EE207A610020D56A00205C55002078610020B7
S21402EE3008B50B4B187880B90221F3F7CDFA094BC7
S21402EE401B782BB100214FF6FF720846F3F7A6FA9D
S21402EE50BDE808400448FFF773BF00210846ECE708
S21402EE607B61002077610020CC69002038B5144B06
S21402EE700C461D78012D21D181B90846F3F7D8FA40
S21402EE80104A05FA00F013680F4923EA00031360DC
S21402EE9020462A46BDE838400BF07EB80B4A137867
S21402EEA00133DBB2022B137004D9BDE838400848A0
S21402EEB0FFF746BFFFF74CFE0028F6D138BD00BF6D
S21402EEC07B6100205C55002005A4030078610020C9
S21402EED0CC69002038B50C4605460BF0BFF8A042B8
S21402EEE003D82D2103480BF0DEFB28460BF09AF8D8
S21402EEF0204438BDA849040070B506460D460BF0FE
S21402EF0091F8044648B130460BF0A8F8A84203D858
S21402EF10352102480BF0C7FB605D70BDA8490400AE
S21402EF2070B50C46064615460BF098F8A04203D874
S21402EF303E2104480BF0B7FB30460BF073F800B1E5
S21402EF40055570BDA84904002DE9F0438FB0074669
S21402EF500C4615461E469DF85880F8F755F920B11E
S21402EF60F4F796FE08B144F400544D4B1B7813B9DF
S21402EF7024F40074A4B2200509D546B9284604A98B
S21402EF80F5F750F9002846D024F40064A4B2ADF890
S21402EF901840ADF81A5007F0ABFC424BADF81C0017
S21402EFA0B8F1000F02D01A78424501D293F80080D9
S21402EFB03D4AE105137848BF0DF1210103F1010333
S21402EFC0DBB2137058BF08A922058DF81E808DF893
S21402EFD01F3006D53368083141F8083C736841F89B
S21402EFE0043CE30407D5314A0831136841F8083C6B
S21402EFF0536841F8043C0DF11808A1EB08005FFACB
S21402F00080F9002148460BF081F8064628B9002010
S21402F0100FB0BDE8F08304AEB9E70BF003F8414643
S21402F0204A46ECF753FC30460BF018F8804630465A
S21402F0300AF0F8FF0023024600934FF6FF700423FF
S21402F0405FFA88F107F076FAADF80E000028DED0F7
S21402F05040F201131C421AD14FF6F7739D4216D89E
S21402F0600AF0FCFF0DF10E010446284600F090FD62
S21402F070BDF80E000AF0F2FFE4B2A04207D9BDF8CE
S21402F0800E0007F0A4FA437843F004034370BDF879
S21402F0900E003A4601210BF011F8BDF80E00B7E754
S21402F0A0AA600020926A0020AC6000203161002035
S21402F0B0F0B50829D58889B028D00C2926D0AE0408
S21402F0C024D405F040030B43424C267816B105F0D3
S21402F0D0200423432FB2002FB8BF43F08003032936
S21402F0E020D11223AC068DF80430937A10D48DF812
S21402F0F005300DF1060401A9621A012392B2F4F753
S21402F100DBFBB0FA80F0400909B0F0BD0B46DBE746
S21402F11032228DF805308DF80420002EE9D00DF14C
S21402F1201304E8E70C298DF804300ABF13895379D3
S21402F1308DF80530548805BF1B0A8DF806308DF809
S21402F14005300DF1070318BF0DF106031C70240AE3
S21402F1505C70148802399C70240ADC7014790129C8
S21402F1601C7111D8917A002F597131DA0221128955
S21402F1709971DA71120A03F109041A72002EBAD0D2
S21402F180AB06B8D50534B6E7A9071AD4002F0CDAB1
S21402F190117A51B1917A59711189127A03F10804E0
S21402F1A092B102229A71D971E8E70B4C217801F1EB
S21402F1B0010C84F800C091729C1D002F5971DDDA93
S21402F1C0EAE7917A9C1DF8E70122090A9A71EAE7B2
S21402F1D09C1DD3E7AA600020AB600020014B18807C
S21402F1E0704700BFDA5A0020014B1888704700BFEC
S21402F1F0DA5A00202DE9F84307460BF04DFA054689
S21402F2001B480BF0C0FB1B4B60B31C683C1B2C441A
S21402F210A4B20022184BDFF868901B78174D03EB58
S21402F220830399F8006005EB43055FFA82F84645CA
S21402F2300AD9AB8805F10A00A34216D90A23B21AE4
S21402F24029465A43ECF704FA013689F80060AC8086
S21402F250B8F1000F03D1394605480AF0CFFF284619
S21402F260BDE8F8833C461D60D3E705460132DCE77D
S21402F270EC690020645500207D6100207259002050
S21402F2807E6100201FB5154A154C1378013BDBB290
S21402F29013706168206801AA03C221891180114A8D
S21402F2A01278D21805D00A2320465A43E118ECF702
S21402F2B0CFF99DF806301B070DD0BDF80C00FFF7FE
S21402F2C099FF03468288ADF8082001AA03CA12886D
S21402F2D0186059601A8104B010BD00BF7D6100201D
S21402F2E0725900207E610020002108B5084B0948AB
S21402F2F01970094B1970094B1A7802EB82025200F8
S21402F300ECF754F9BDE808400548F4F781BB00BFA6
S21402F3107E610020725900207D6100209C6A0020D8
S21402F320EC690020F8B50024084D094F094E3B78D9
S21402F3303178E2B20B449A4204F1010400DBF8BDD4
S21402F3402846F4F775F80A35F1E700BF725900202F
S21402F3507E6100207D61002010B5064C207828B121
S21402F360054807F060FE10B1034B188810BDFFF782
S21402F37089FFF3E77D6100207259002008B50A4A2A
S21402F3800346107860B1094A1088984209D121B91B
S21402F3909378103323F00F039370FFF773FF012067
S21402F3A008BD0020FCE700BF7D61002072590020E6
S21402F3B02DE9F74F00260BF06FF9DFF8F890B2460A
S21402F3C099F80070B3463A46DFF8EC801FFA80FEE2
S21402F3D0B8F800C0344CAEEB0C039BB20193237812
S21402F3E0324D009303EB830305EB4303ACEB0E0CA9
S21402F3F05FFA86FEBE4515D3BAF1000F01D0009B18
S21402F4002370BA422AD3002F37D00A222378C8F8AC
S21402F410000002FB03532648998803B0BDE8F04F6C
S21402F4200AF0ECBEB3F804E001998E4512D84FF00C
S21402F430010A009993F802E001310EF1FF3EC9B2CB
S21402F440013AA3F804B083F802E00091D2B20A337C
S21402F4500136CDE7E644A3F804E0F8E789F8002091
S21402F4604AB10A222378C8F8000002FB0353104868
S21402F47099880AF0C3FE237813B903B0BDE8F08F6B
S21402F480FFF76AFF06460028F5D006F0D4FF0146CD
S21402F490304607F0C5FD20B100212888FFF76EFF31
S21402F4A0E9E740F60241F8E77D6100207259002044
S21402F4B0EC6900207E610020645500202DE9F041B1
S21402F4C092F808801F4608F1FF33DBB2EF2B0546A1
S21402F4D00E46144688B00BD982238DF80E3031467C
S21402F4E028469DF80E30204AFEF740F8012037E005
S21402F4F00E22002104A8ECF759F8B4F809308DF86A
S21402F5001180ADF81230E37A03F07F02032A08D0A6
S21402F510012B24D103238DF81030A389ADF81530C2
S21402F5200EE0032B14BF022301238DF81030E3688C
S21402F530CDF815302369CDF81930237D8DF81430B7
S21402F540A7F121014A420DF10E034A4100932146DA
S21402F5500DF10F0304A8FDF737FC0028BFD10020E9
S21402F56008B0BDE8F08100BFB4FE03002DE9F04FFD
S21402F57000241D7895B0CDE9020104922346224666
S21402F5800120CDE90054404908F0BEFEADF81E0049
S21402F590F8B1A346264627460DF120090DF1380A92
S21402F5A0E8F7A4FF5FFA84F8404516D83A460221E7
S21402F5B0BDF81E00FFF7B4FC32460421BDF81E005B
S21402F5C0FFF7AEFCDDE903100022BDF81E30FDF7A2
S21402F5D0CDFF012015B0BDE8F08F4A4640460AA985
S21402F5E0FDF7E4FB9DF8282022B12DB1013DEDB2D6
S21402F5F00137FFB20134D3E7BBF1000FF8D199E827
S21402F60003009DF829308AE803008DF84030BDF8E3
S21402F6102A30032A8DF841304FEA13238DF8423000
S21402F62017BF032301238DF843309DF82C30DDF8F5
S21402F6303110DDF82D0014BF8DF84C308DF84330B4
S21402F64011AB03C302980CBF4FF00E084FF015081B
S21402F65008F001FA0590BDF81E000AF0FFFC0599B5
S21402F66000EB080399420BDB0123424651460DF19B
S21402F6701E00F4F721F90028ABD10136F6B2B7E73F
S21402F6804FF0010BB4E700BF8B49040038B50546BE
S21402F6900D4B0E481C88F4F7A7F9012D0CD10C4B24
S21402F6A01C88FA21614358B1884209D28408012C89
S21402F6B0204638BF012038BD022D08BF0224F0E7DD
S21402F6C002480AF09BFDF2E76E590020944500209E
S21402F6D06C590020012208B5054B06481A70002115
S21402F6E00AF08CFDBDE808400020FFF7CFBF00BF40
S21402F6F095600020944500201E4B73B51A8802F1CF
S21402F70008039BB2012B02D81B4B1B7823B902B00D
S21402F710BDE87040F4F77CB90024184B184D1C70F5
S21402F720184B1C702B787BB14FF6FC73164E009369
S21402F730224623462146308808F0B3FB4FF6FD7377
S21402F7402C70338001200FE0104B1046197807F01A
S21402F75065FC0028F6D10C4B1A884FF6FD739A42C8
S21402F760F0D0012302202B7002B0BDE87040FFF7F4
S21402F7708DBF00BF70590020956000209860002061
S21402F78096600020976000206A5900209960002049
S21402F790012808B50AD002280CD020B9084B1870E8
S21402F7A00848F4F735F94FF0FF3008BDBDE80840C9
S21402F7B0FFF790BF0020BDE80840FFF767BF00BF15
S21402F7C0956000209445002002280CD859B1064ABC
S21402F7D013780133DBB21370044A12789A4202D8C5
S21402F7E00220FFF7D5BF7047976000209A6000207E
S21402F7F038B5A0F61343012B04460D4615D80E4A1B
S21402F80013780133DBB213700C4A12789A420CD882
S21402F8104FF6FD720A4B00201988914201BF002262
S21402F8201D80084B1A70FFF731FF29462046BDE8B7
S21402F830384005F030B800BF986000209B6000207A
S21402F8406A5900209660002000234FF6FD71054A93
S21402F8501370054A1370054A1180054A1370054A4B
S21402F8601370704798600020976000206A59002045
S21402F870966000209560002030B5094B02461B7842
S21402F88033B1084B084C19780023D8B2884201D30A
S21402F890FF2004E0013334F823509542F5D130BD01
S21402F8A09B6A00209D6000204A5900200022FF210A
S21402F8B0044B05481A70054B1970054B1A789200CE
S21402F8C0EBF774BE9D6000204E5900209C6000201D
S21402F8D09B6A0020F7B58DF807100DF10701044664
S21402F8E002F0A5FF234B1D78002D41D02046FFF7DE
S21402F8F0C3FF214EFF283178204B05D1204A1078CD
S21402F90085422DD9451C1570884219D01C4A1B4DBC
S21402F91092F800C00022D7B2BC450CD92F4697F801
S21402F92003E00132864505F10405F4D102B203EB89
S21402F9308202D278FA7002B203EB8202D170307081
S21402F94002B203EB820123F82240FF228A709DF85E
S21402F9500720FF2A02D003EB8203987003B0F0BDA3
S21402F9600A46104603EB8202D278FF2AF9D1CBE789
S21402F970FF20F3E79B6A00209C6000204E5900207F
S21402F9809D6000202DE9F843FFF776FFFF28044626
S21402F99069D04FF6FF72354F03B2DFF8DC80344E83
S21402F9A027F8232098F80050A54202D10020BDE88F
S21402F9B0F883337820B28100A34207EB800090F8E8
S21402F9C003E010D00023294A5FFA83F94D45944696
S21402F9D006D99CF803900133A14502F10402F3D143
S21402F9E08CF803E001E086F800E0013DEDB22A1B48
S21402F9F0D2B2043192003944EBF72AFE88F800505E
S21402FA003378FF2B04D0A34224BF03F1FF333370B5
S21402FA1000214FF6FF70154BCAB2AA420CD3002340
S21402FA204FF6FF71134ADCB2AC42BBD2013332F856
S21402FA3023008842F7D1B5E79A78A2420BD1188004
S21402FA40DA78FF2A04D0A24224BF02F1FF32DA702B
S21402FA5001310433E0E7FF2AF2D0A24224BF02F1CA
S21402FA60FF329A70ECE72D20A1E700BF4E59002026
S21402FA709C6000204A5900209D600020F8B51C4B6F
S21402FA8005461B78084673B3FFF7F6FEFF280446C2
S21402FA9029D02846FFF7F0FEFF2806D0154B164E53
S21402FAA01A780023D9B2914218D3FF212846FFF7CD
S21402FAB011FFFF28014616D00546104F23B207EB6A
S21402FAC0830237F823009678FFF704FFA84208BFA0
S21402FAD0FF25FF2E214608D12846F8BD013316F829
S21402FAE023108142DED1FF25F6E73446E6E700BF63
S21402FAF09B6A00209D6000204C5900204E59002031
S21402FB002DE9F04180460E461F46002386B001A826
S21402FB1014469DF830508DF80330FEF7A7FCADF87A
S21402FB2004802EB13368CDF806307368CDF80A30FB
S21402FB3038460AF077FA0DF103034219214601A866
S21402FB4004F0B5FE9DF8033093B931464046E8F717
S21402FB50C1FE0E4B1B785BB10B2C09D8FF21404629
S21402FB60FFF7B8FE064605EB4404E4B2A54202D10E
S21402FB7006B0BDE8F0812946384608F068FB3146F3
S21402FB80FFF7A8FE02350646EDB2EFE79B6A0020B5
S21402FB9000232DE9F3470DF107028DF807300446DE
S21402FBA00E4602F02FFE9DF80730054663B9204642
S21402FBB0FFF762FE04465EB130880AF04FFA5FFA3B
S21402FBC080F8FF2C45D10025284602B0BDE8F08714
S21402FBD0B046F6E701320C2AF5D02DB207EB8505C2
S21402FBE0AD78FF2DF6D112F0FF0AECD04FEA4A05A7
S21402FBF00235EDB2002EE7D0304605EB080108F0DC
S21402FC00EBFA0028DFD1524641463088FFF788F9E2
S21402FC100AF1FF3208F1010108F102093088D2B276
S21402FC20C9B25FFA89F9FFF77BF924B207EB8404BD
S21402FC30A478FF2CC8D023B2494637F82320308850
S21402FC4008F015FB0028BED109F102095FFA89F90E
S21402FC50EBE725460022014FBFE700BF4E590020C2
S21402FC6008B5D5F7D7FED5F7C1FA00F04AFAD6F7A7
S21402FC70D5FEBDE80840D5F769B810B50446018838
S21402FC800120D5F785FFE3880BB9C823E38010BDB2
S21402FC9037B50446D5F78AFF658885420ED8A1880F
S21402FCA0E288814205D3431B5343491BB3FBF1F35E
S21402FCB09AB280B240EA024003B030BD0022F8E7B2
S21402FCC070B50C46088800F04BF994F844300546A7
S21402FCD083420FD004F11C06304600F07CF984F80B
S21402FCE0445000F07CF9618BA0643046BDE8704059
S21402FCF000F06CB970BD38B5044690F844108378AD
S21402FD00826CCB1A59425941D5F78AF8E37893B1F7
S21402FD10257985B900F063F90346A268218A04F1C1
S21402FD201C009C1A8C4236BF52182946D11ABDE8CE
S21402FD30384000F04BB938BD09B100F0FDB800F00C
S21402FD4005B938B58388044603B3E3780088A178FA
S21402FD5004F10C05A3B10023B1FA81F1E37049095D
S21402FD60FFF7EAFF4FF6FF72A388218993421CBF72
S21402FD7003F1FF33A3802846BDE8384000F026B9D9
S21402FD800123E370FFF7D8FFE188F4E738BD10B52A
S21402FD90044681780088FFF7CFFF0123E370002333
S21402FDA0A38010BD10B581780446B1FA81F10088AF
S21402FDB04909FFF7C1FF0023E370A38010BDFFF7D8
S21402FDC0F1BF70B50446054600262B4655F8040BCF
S21402FDD010B11B1B0C2B00DD70BD237C8680002B14
S21402FDE0F3D0637C13B1FFF7D2FFEEE7FFF7DAFF3B
S21402FDF0EBE7FFF7E6BF70B5044605464FF6FF761B
S21402FE002B4655F8040B10B11B1B0C2B00DD70BDE6
S21402FE108388B342F4D04FF4FA724FF6FF7311465A
S21402FE20D5F752F8ECE709B100F086B800F08EB8C4
S21402FE3010B50446C0600830D6F71CF82179208831
S21402FE40B1FA81F14909FFF7EEFFA37943B12179AF
S21402FE506088B1FA81F1BDE810404909FFF7E3BFB7
S21402FE6010BD00F0A9B80346184613F8012B8A42C3
S21402FE7001D0002AF8D1704710B53B21044600682D
S21402FE80FFF7F1FF0022034603F8012B20682360E8
S21402FE9010BD10B540B1421E0A24002012F8013FE0
S21402FEA0303BD9B2092900D910BD04FB0030F5E772
S21402FEB008B500F07EF808B540F2BA4200211020DC
S21402FEC0D5F7E4FD41F2E823584340F6FF7300F20B
S21402FED0FF70B0FBF3F080B208BD50F80C3C23B1C3
S21402FEE050F8041C30F80E0C18477047084619B133
S21402FEF0FF21103002F0ADBB704773B505460E46C3
S21402FF006DBA1446D5F7ECFEADF804507EB1012C5E
S21402FF1004D0032C09D00022012101E0224602214E
S21402FF2001A8D7F78BFF02B070BD0022F7E70421C5
S21402FF3032460DEB0100F4E707B540BAADF804000F
S21402FF4001A8D7F7AFFF03B05DF804FB07B540BAC8
S21402FF50ADF8040001A8D7F7D1FF03B05DF804FBA3
S21402FF60002307B540BAADF804000DF1030101A85D
S21402FF708DF80330D7F7EEFF9DF8030003B05DF867
S21402FF8004FB007800F0DF03552B07D0642807D067
S21402FF90663818BF4FF0FF30C0B270470120704776
S21402FFA00320704718B12D280CBF0120022070478D
S21402FFB0704708B501F03FFF08B500F083F8BDE8CA
S21402FFC0084004F042BC50E9023018470A4608309E
S21402FFD0FF2102F035BBFF21083002F042BB08B514
S21402FFE00AF0B9FBBDE8084009F0D0B813B5002402
S21402FFF00DF107008DF8074003F0D9FB40B99DF8D4
S2140300000700033803288CBF0020012002B010BD70
S2140300102046FBE72DE9F041044600274FF00C0E7F
S2140300208F4202DB0020BDE8F0812078904204D1A5
S214030030002594F80780454502DB01370C34EFE7CB
S2140300400EFB05F6D4F808C00CEB06003CF8066079
S2140300509E42E8D00135EEE7F0B585B005460E467C
S2140300601746D5F75DFF0446A0B131462846D5F7B7
S2140300700FFF83783A46002BA36831460293A37892
S214030080284601934FF0000300930CBF80234023C0
S214030090E4F7BCFE05B0F0BD08B51288D5F740FFFF
S2140300A050B10279BDF80C309A4207D8816802989D
S2140300B0EBF7CEFA002008BD8620FCE78920FAE796
S2140300C0D6F732B8002004F03CBC08B504F0A1FC17
S2140300D0002814BF0320002008BD10B50446FFF710
S2140300E085FF20B12046BDE81040DFF7D5BD10BD23
S2140300F008B5FFF77BFF18B1BDE80840DFF7BEBDC4
S21403010008BD704708B502F080F9FFF7A9FDD6F7DA
S21403011077F86420DFF7D0FD6420DFF7BDFD02F03B
S21403012076F9D4F741FE08F08BFCF8E7F8B5D0E98A
S2140301300176437B04460D4613B133463E461F46BF
S214030140FFF74DFF012D206438460ED1D4F722FF6A
S2140301503046D4F743FF257360784FF47F42BDE8FB
S214030160F8404FF48171FFF777BF022D05D1D4F71E
S21403017035FF3046D4F70EFFEDE7D4F72FFF3046B2
S214030180D4F72CFF0025E6E738B5037B04468B42FD
S2140301900D4607D190F844305BB3BDE8384048308D
S2140301A0FFF719BFFFF71BFF216C431AC72B0CD8A9
S2140301B00123C83184F8455084F84430091A04F101
S2140301C04800BDE83840FFF701BF0DB1237B2BB9CC
S2140301D029462046BDE83840FFF7A8BF0021204641
S2140301E0FFF7A4FF0123C82184F8455084F8443060
S2140301F0E5E738BD90F84510FFF7C6BF0121FFF7C6
S214030200C3BF0221FFF7C0BF0021FFF7BDBF4FF6F4
S2140302100173994210B5044602D10021FFF7B4FFDB
S2140302202046BDE81040D6F78BB9032910B504461F
S2140302302BD0007B30B9012903D002290CBF012043
S214030240FF2010BD032A07D8DFE802F002081014C7
S21403025001291CD002291FD0FF20F2E70029FBD179
S214030260B4F85C20012A12D0022AF4E704290ED03F
S2140302700529F0E7042914D0052914D00029EBD169
S214030280B4F85C20111F0129ECD80220D9E75A1EC6
S214030290534253415800D4E7022B0CBF02200120DF
S2140302A0CFE70020CDE70120CBE730B587B0054682
S2140302B00C46D5F727FF012820D11CB1611E4B42FF
S2140302C04B4158006B784FF480728DF804304FF42E
S2140302D08273ADF806304FF48173ADF8083001230E
S2140302E08DF80B30002385F8900001A8CDE9032391
S2140302F08DF80A408DF81430D5F73CFF07B030BDB3
S21403030041680346C978027B99B98168C97899B967
S214030310002A08BF0321D6F7D7B99B7B002B0CBF57
S21403032001210221F7E79B7B002B0CBF0221012151
S214030330F1E7012AF1D17047012AF4D17047042965
S21403034010B5044604D831B1BDE81040D6F740BA1C
S21403035005290DD010BD037B5522002B08BF0321B2
S214030360A0F85C1040781221FFF776FE2046EBE7F4
S21403037043681A8A83681A82E6E7012303730378BD
S214030380013343734FF44073C38103230374002381
S214030390A0F85C3080F89030704738B504460D46B8
S2140303A001B945890123E373FFF719FEFA2202FB1D
S2140303B0050020612089BDE838405043FFF78DBE15
S2140303C010B50446806BD8B1E278022A04D0636B7A
S2140303D05B7972B984F83C3094F83C306BB1FFF724
S2140303E0D6FC60784FF60272BDE810400621FFF790
S2140303F033BEB3FA83F35B09ECE7FFF7D3FCF0E70E
S21403040010BD10B50446406BD4F7C4FD2046BDE8C6
S2140304101040FFF7D5BF10B50446406BD4F7DEFD9A
S2140304202046BDE81040FFF7CBBF10B50446406B2F
S214030430D4F7FAFD2046BDE81040FFF7C1BF10B55C
S2140304400446002206214078FFF706FEA378022B17
S21403045001D0FF2B04D12046BDE81040D6F71ABDC5
S21403046010BD4FF60273994210B5044601D1FFF74B
S214030470A7FFE378022B02D02046FFF7A1FF204612
S214030480BDE81040D6F706BD10B5D0F8A4407CB141
S21403049003791BB14079D6F7BDFD48B9A3883BB9AC
S2140304A032222046BDE8104001231146D4F70CBD86
S2140304B010BD10B50446FFF7E7FFA278237982B98B
S2140304C013B12046D6F7CCFD2046D6F709FE032304
S2140304D06078A4F86C305522BDE810401221FFF76F
S2140304E0BBBD012B02D12046D6F7BAFDA379012B5B
S2140304F002D12046D6F7F4FD0123E9E710B5837849
S2140305000446ABB9FFF7C0FFA3788BB9237913B1C1
S2140305102046D6F7C5FD2046D6F726FE0423607888
S214030520A4F86C305522BDE810401221FFF794BDA5
S214030530B4F86C30022B0DD02379032B02D120465E
S214030540D6F78EFDA379032B02D12046D6F7C8FD36
S2140305500023E4E72046D6F749FEF9E78278836866
S2140305605AB9DB78002B14BF03230423A0F86C309E
S214030570552212214078FFF76FBD1A7922B9DB782E
S214030580003B18BF0123F1E70223EFE77FB5002303
S2140305909E6A0446B6F5804F0D460CD201A8D6F7E0
S2140305A0D1FF039B5B0506D529462046336C04B072
S2140305B0BDE87040184704B070BD00239B6AB3F5CE
S2140305C0804F05D21B6BB3F5804F01D29B6818474B
S2140305D04FF4817070471FB500239A6AB2F5804FB7
S2140305E004D340F2011005B05DF804FB126BB2F5BC
S2140305F0804FF6D2012201A8CDE902338DF80420FC
S214030600D6F7A0FF039BDB03EBD5029B1A0EE8D0BD
S214030610012A03D1C3F307430A2BE2D900239B6ABB
S2140306201B6B1B6C9847DEE708B50AF045FAB0FA71
S21403063080F0400908BD134610B542B103439B073B
S21403064007D10AF03DFAB0FA80F0400910BD012048
S214030650FCE70020FAE700230360704703680B609B
S2140306600160704710B538B132B129B100230139A2
S214030670D45C14B90023037010BD8B42FAD200F881
S214030680014B0133F4E7034638B10020814204D01E
S2140306901A5C02B970470130F8E770474FF0FF3134
S2140306A0FFF7F1BF70B50C461646054660B15AB162
S2140306B051B1FFF7F3FF844206D9211A3246284484
S2140306C0BDE87040FFF7CEBF70BDFEE7FEE7002330
S2140306D09A4200D1704710B550F8234041F82340A2
S2140306E001339A42F8D110BDD7F78CBB4369426CED
S2140306F0D91C143AB1FBF2F103EBC1000330B0FB93
S214030700F2F00230704738B505460C46FFF7EEFFA9
S2140307106A6CE31D143AB3FBF2F3013304EBC30430
S21403072002FB004038BD38B5054644692146FFF74D
S214030730EAFF6A6CE31D143AB3FBF2F3013304EBEE
S214030740C304204438BDF7B507460E4600257C6C27
S214030750A819644280EA06031C4003D02C462046B0
S21403076003B0F0BDFB6B01225B6901A99847019BAF
S2140307700133F4D10435EAE770B505460C46D9F7DC
S21403078017F9EB6B2046BDE87040DB68184770B579
S2140307900025044686B00562E369AB4202D8206AA8
S2140307A006B070BD666C2068E36B05225B6901A921
S2140307B006FB0500984701A800F023FC00F046FC62
S2140307C010B1236A013323620135E5E738B50446E1
S2140307D0456C006804F1400305FB0101E06B00F083
S2140307E042FC05462046FFF7D2FF284638BDF0B543
S2140307F00546002687B0EC69013CB44203D80C4694
S214030800204607B0F0BD01B14C1E6F6C2868EB6B39
S21403081005225B6901A907FB0400984701A800F0BD
S214030820F0FB00F013FC0028EAD121460136E2E78C
S214030830F0B504460D46466CE36B006887B00522A8
S2140308405B6901A906FB0500984701A800F0D9FBE0
S21403085000F0FCFB20B101A800F0AAFB07B0F0BD36
S21403086029462046FFF7C3FF0646676C2068E36BFE
S21403087005225B6901A907FB0600984701A800F05B
S21403088097FB431CEAD0B54238BF0130E6E72DE9B3
S214030890F0434FF6FF79D0F8248004460E46C84549
S2140308A014BF45460025002787B0E369BB4202D83C
S2140308B007B0BDE8F083E26B2368606CD2F814C01F
S2140308C000FB0530052201A9E04701A800F099FBCB
S2140308D0022806D0C8450CD1721C29462046FFF7CD
S2140308E075FFE3690135B5FBF3F2013703FB1255D8
S2140308F0DBE729462046FFF79BFFB0F1FF3F14BF17
S214030900024632460132E8E70368F0B5CC1A436C78
S2140309100646B4FBF3F4002587B0F36937685A1E1E
S2140309209542706C08D3706C336800FB043007B0D4
S214030930BDE8F04000F095BB0134B4FBF3F203FBD3
S2140309401244F36B05225B6901A900FB0470984708
S21403095001A800F056FB00F079FB0028E3D101352F
S214030960DBE710B423F0030422449B070A44436CDA
S21403097018BF04325B4281EA0204234203D05DF8C7
S214030980044BFFF7C1BF10465DF8044B70472DE9D3
S214030990F041D0E90A369E42044686B028D1142296
S2140309A0C369456802FB1355284606B0BDE8F081C7
S2140309B02068676C331AB3FBF7F3E26B07FB03009D
S2140309C0D2F8148001A90522C04701A800F019FB3C
S2140309D0012804D0636C1D44013B3340ED1A3146B5
S2140309E02046FFF791FF0646A36AB342E0D1DBE752
S2140309F00025F9E708B508301346D1E90012D8F701
S214030A005DFF012008BD13B50C4600212176009337
S214030A10616813462246D7F74BFB18B1E37D03B153
S214030A20A07EA075A07D02B010BD73B5164600F17A
S214030A3008050C46284609680DF1070200F098F9E8
S214030A40032E06D16368834203D12846216800F04B
S214030A5076F9012002B070BDD01E009B424242418F
S214030A60187E824211D11A688A420ED85A688A4280
S214030A700BD35A6901325A61D3E9030282423FBF5C
S214030A80986840F8221001321A610120704710B5A9
S214030A90032A029C07D1A26A5340626C5242134255
S214030AA001D100F04CF9012010BD08B5C368002041
S214030AB09847BDE80840D8F783BF012814BF042031
S214030AC0022070B5002442431C70CC7D101D02F03A
S214030AD002024CB91AB1012220F003001A7000F189
S214030AE008034868184470BD1AB1012220F00300B9
S214030AF01A7000230C7E01F12005DAB2A24201D35C
S214030B000020F0E735F833205E1C824206D901EB5D
S214030B10C30300F10802D8691044E4E73346801A99
S214030B20EBE773B5054690F842601C4630460DF178
S214030B300303FFF7C2FFEB6B012E5B690DD1324651
S214030B4001A998479DF8033013B1BDF80630019309
S214030B50BDF80430236002B070BD0122214602B006
S214030B60BDE870401847F0B5054600244868EB6BAF
S214030B7087B00E4601225B69029402A908309847A3
S214030B80274695F84230012B40F0AC80632C00F2E8
S214030B90AB80612C08D805AB224631462846FFF7C2
S214030BA0C0FF9DF814305BB305AB2246314628469A
S214030BB08DF81070FFF7B5FF95F84230012B059BB3
S214030BC07FD14FF6FF72934256D0082205A904A898
S214030BD000F063FA059B9DF81010C3F307229142B9
S214030BE04AD1DBB2029A1A44029245E0DCD005AB46
S214030BF0224631462846FFF794FFBDF81430D2E765
S214030C0095F84230012B39D1612C2ED82246314635
S214030C10284603ABFFF785FF3146284604AB621C24
S214030C20FFF77FFF3146284605ABA21CFFF779FF87
S214030C30102208230DEB02010DF107008DF8073093
S214030C4000F02BFA102205A90DF1070000F025FA93
S214030C50039BDAB24AB99DF80720B2EB132F04D1EF
S214030C60DDE9043203EB0243029395F84230012B8D
S214030C7014BF012302231C44013482E7302CF4D82A
S214030C8022463146284603ABFFF74BFF314628463C
S214030C9004AB621CFFF745FF102320220DEB030174
S214030CA00DF107008DF8073000F0F7F9039B9AB2B1
S214030CB0002ADAD19DF80720B2EB134FD5D1049B57
S214030CC0D2E70133D8D0102205A90DEB020000F0BD
S214030CD0E4F9059B9DF81010C3F307429142CBD16C
S214030CE09BB27FE7312C81D9029807B0F0BD13B5CC
S214030CF000240194049C0094D7F7B6FE02B010BDFE
S214030D0013B501240194049C0094D7F7ADFE02B0FA
S214030D1010BD00234FF0FF3230B544689C4202D129
S214030D200023037230BD016801EBC30541F833208D
S214030D306A600133F2E7C0E90012FFF7EABF002357
S214030D40F0B545689D4210D00468DF0054F83320A0
S214030D5004EBC306B2F1FF3F08D0C2F3130291427D
S214030D6004D14FF0FF33E3517360F0BD0133E9E77D
S214030D700023F0B545689D4202D14FF0FF300EE0E8
S214030D800468DE0054F83340671C09D0C4F3130725
S214030D90B94205D1240D1470036833445868F0BD76
S214030DA00133E8E7704770B59400224605460E46C1
S214030DB009F086FE431C0AD058B922463146284617
S214030DC0EAF740FF002814BF3D20002070BD6E20C8
S214030DD0FCE77120FAE713B5044601A8D9F76EFEBF
S214030DE09DF8063023804FF480736380D9F774FE32
S214030DF06060002002B010BDD9F7E4BD08B5D9F78E
S214030E00D5FD002008BD10B5044644EA010313F0DF
S214030E100303084609D1934201D1002010BD54F8BC
S214030E20231040F823100133F5E721469200EAF732
S214030E304DFDF2E710B5044609F03EFE431C10D004
S214030E4088B9D9F749FE234620F003002044984288
S214030E5001D1002010BD53F8042B0132F7D03E20F9
S214030E60F8E76E20F6E77120F4E7704713B5002322
S214030E70044601461B220DF107008DF8073000F0EB
S214030E800CF922689DF80730B3EBD26F0CBF012034
S214030E90002002B010BD13B50023044601462022ED
S214030EA00DF107008DF8073000F0F7F80DF1070095
S214030EB01A22211D00F0F1F862689DF80730B3EBA3
S214030EC0926F0CBF0120002002B010BD0068431CC7
S214030ED0584258417047006810F07E0F0CBFC0F3AD
S214030EE0C160002070470068C0F3D31070470068E5
S214030EF000F07F0001288CBF0020012070470368A4
S214030F0013F07E0F14BF042008207047036813F005
S214030F107E0F03D1406820F07C40704713F07800C2
S214030F201CBF03F07F03D81F7047006800F07F00E4
S214030F307047032809D0022803D1C1F10201C8B2C1
S214030F40704700290CBF07200020704737B50546B9
S214030F5001F10C0443696946012220469847BDF80F
S214030F600030012201932046AB6901A9984703B0DC
S214030F7030BD37B501F10C044369012269460546C5
S214030F80204698474FF6FF72009B99B291420DD1C7
S214030F906FF30F0343F4254343F0A50301930122A4
S214030FA02046AB6901A9984703B030BD0020FBE794
S214030FB037B5044600251B22011D0DF107008DF8E9
S214030FC0075000F06AF860689DF80720B2EBD06F10
S214030FD003D120F0784003B030BD0DF107001B228B
S214030FE004F108018DF8075000F057F8A0689DF843
S214030FF00730B3EBD06F01D1C043EAE74FF0FF30C1
S214031000E9E74BF29A22036810B5B2EB134F044696
S21403101013D19BB2012B13D1FFF7CAFF01300CD0BB
S2140310204FF6FF72E068B2EB104F4FEA104309D158
S21403103080B2C01A18BF012010BD2368013303D045
S2140310400420F9E70220F7E70320F5E701288CBF21
S214031050002001207047033801288CBF00200120A0
S2140310607047143070472DE9F041054698460369EA
S21403107008460E4617469847044638B943463A4646
S21403108031462846D8F70CFD044618B131462846A3
S214031090FFF75CFF2046BDE8F0811F2A0B689EBF62
S2140310A04FF0FF3191408B43590801F055315B1ADD
S2140310B003F033319B0803F033330B44017803EB1F
S2140310C013130A444FF0013103F00F334B43A2EBE3
S2140310D013620270704708B507F05AFBBDE8084074
S2140310E00021D8F7E7BD02210320D8F7E1BF7047F8
S2140310F070477047704770B5054614460E4609F0AC
S214031100D0F92B685C4034405C402C60BDE87040EE
S21403111009F0C2B910B5002422B1032A0CD003602B
S214031120047110BD11F4000218BF4FF07F4221F086
S2140311307F4313430C0EF2E721F0FF03CCB2EEE736
S21403114030B5012400F5805345685C60CB784A7857
S2140311505B0443EA02230A7813438A78120402F4F0
S21403116080321343C0F89830EB075CBF00F500509D
S214031170446030BD70B501260C46054600F50053A5
S2140311805E600B78497803F0070343EAC103E1780E
S21403119043EA0123A178090101F030010B430367F9
S2140311A0C36AA17923F48B3323F4807343EA0143A0
S2140311B02179090201F4E0610B436179090301F423
S2140311C080510B43C3621146FFF7BAFF05F5805300
S2140311D05E60E37903B1EE6070BD08B50A6FC96F50
S2140311E002F00702FFF796FF08BD13B5044601A8F1
S2140311F0D9F764FC042C04D8DFE804F006160310C1
S2140312001300002002B010BD40F29C4040F2BA43E7
S2140312109DF80520012A08BF1846F3E740F6B830C4
S214031220F0E74FF41660EDE740F2E240EAE74FF0EE
S21403123050234FF400321A6770474FF0B0435A6892
S21403124012B19A6A002AFAD1704770B50546144659
S2140312500E4609F026F92B685C4034405C402C604F
S214031260BDE8704009F018B90122417803788A4036
S21403127030214B4342F2100103F1A04303F57033D0
S2140312805A50704721FA00F2D20730B5034600F0F1
S214031290FC040FD500220132D2B2042A02D14FF049
S2140312A0FF3008E0831803F00303234421FA03F511
S2140312B0ED07F0D4184630BD002070470020704775
S2140312C000207047002070470120704701207047B8
S2140312D00F207047EBF7D0B9002307B5CDE90033ED
S2140312E0012369464FF0FF308DF8023004F058FBB7
S2140312F003B05DF804FB0020704710B508B9212041
S21403130010BD0029FBD0036813F0704205D1C3F368
S2140313100E030B607BB10020F2E703F05044B4F1F8
S214031320004F05D0B2F1304F02D0B2F1404FE6D1B4
S21403133003F07F03EDE74368002BE0D00B60EAE79A
S21403134037B50C46054610B9212003B030BD002939
S214031350FAD0002301A90193FFF7CFFF0028F4D1A9
S2140313602968019A11F0704102F1030222F0030288
S21403137001D12260E9E7AD68B1F1004FC5F38033D0
S214031380C5F3403504D103EB450353432360DCE741
S214031390B1F1204F01D12B44F7E7B1F1304FFAD02A
S2140313A0B1F1404FF7D0CFE737B50C4605460028D6
S2140313B000F08780002900F0848000230B60036818
S2140313C003F070430B60C26822B1032A79D143F05D
S2140313D080630B60AB689A0149D403F08073EA68B4
S2140313E00AB9002B6DD1226822F0407213432360A2
S2140313F0EA68032A05D12A69F62A62D962F31743F3
S2140314002360AB681B0442BF236843F40043236096
S214031410EB68032B1FBF23682A6862F30E0323605F
S2140314202B68AA68002B2ADB12F4C84F49D12B6815
S21403143003F0704303F10043B3F1804F05D2530525
S21403144042BF236843F4806323600023284601A930
S2140314500193FFF752FF40B92B6813F070421FD178
S2140314602368019A62F30E03236003B030BD03F0D2
S2140314704073B3F1407F18BF4FF00073AFE75004DB
S21403148002F4005105D4E1B1236843F4005323600A
S214031490CDE7236843F4804323600029C7D0F3E7EE
S2140314A003F05043B3F1004F05D0B2F1304F02D0F2
S2140314B0B2F1404F05D1019B5A1E236862F306031F
S2140314C0D2E72120D1E738B131B101234B604FF089
S2140314D0005300208B6070472120704737B50C46B9
S2140314E0054608B9212016E00029FBD001234B60EE
S2140314F0C368A3B901A90193FFF722FF58B9019B5B
S2140315006A699A4209D32A69002AEBD0226043F01B
S21403151000530020A36003B030BD1D20FBE7032B60
S214031520E0D10023F5E7436813B9416070475B6871
S2140315305A68012AFBD159607047FFF7DCBE08B52D
S214031540FFF7D9FE002814BF6FF09200002008BDF5
S2140315501346428870B50732072A0C464FEAD20173
S21403156001D0A14222D146680588202218460021D0
S214031570EAF71CF8360A0346DEB9BCB141F20102AB
S214031580954205D0B5F5885F02D0B5F5905F02D1D8
S21403159000205C6070BDB5F5105F0DD1182C03D02C
S2140315A0202C01D0102C01D11C60F1E76FF08600CF
S2140315B0F0E76FF08B00EDE76FF08500EAE7F0B534
S2140315C01C46436806461B0A0F46154689B035D1A6
S2140315D022462946FFF7BCFF68B9EB1C23F003033A
S2140315E0C4E90307636145B9202200212046E9F7D1
S2140315F0DDFF6FF0860009B0F0BD01462022684685
S214031600E9F7D4FF6A4629463046FFF7A1FF0028CC
S214031610EAD12368009A9A42E6D16368019A9A420D
S214031620E2D1A368029A9A42DED1A369069A9A4245
S214031630DAD1E369079A9A42DDD0D5E76FF08B00DB
S214031640D9E7D9F783BDD9F79DBE70470020704709
S21403165000207047C3681944836853F8210030F8A4
S214031660023B13607047012310B580F88830037877
S214031670044653B100F061FA21462046D9F774FFB9
S2140316802046BDE8104000F04DBA10BD38B50D46F3
S2140316900446D9F751FF6B682046C4F8B032A968F0
S2140316A000F096F94FF0FF332046C4F8B432FFF744
S2140316B0CDFF38BDD0F8B43210B50133044601D09F
S2140316C0002010BD00F0BCFAC4F8B4020130F7D114
S2140316D094F8B80280F00100F3E708B5D9F768FF7D
S2140316E008BD0A7801382D2A0ABF0122002289186C
S2140316F0D9F7BABF07281BD8DFE800F0060A0D1093
S214031700131504170120704700220820D9F7ACBF31
S21403171000221020FAE700222020F7E70820FFF730
S214031720E0BF1020FBE72020F9E70846D9F7FEBF05
S214031730002070472DE9F74307280C46DDE90A76B3
S21403174090461D4608D8013806280AD8DFE800F078
S2140317501D27303A44574A00212850D003B0BDE82D
S214031760F083002220461146E9F7ECFE3368C0B248
S21403177005EB83013A6845F82300013348F8221045
S21403178033603B6801333B60E8E70022204611469E
S214031790E9F7D8FE336880B205EB8301EAE7002257
S2140317A020461146E9F7CEFE336805EB8301E1E7F1
S2140317B0002220461146EAF773F8336840B205EB79
S2140317C08301D7E7002220461146EAF769F8336813
S2140317D000B205EB8301CDE7002220461146EAF767
S2140317E05FF8E1E7002389461E461D468DF806305E
S2140317F019F8013F7D2B06D125702D0A65703B68CD
S21403180048F82340BDE7202BF2D006F0010201364C
S21403181012B98DF80430EBE71022002101A88DF8E9
S2140318200530EAF73DF8631901359870ADB2DFE786
S2140318302DE9F04F9B46002385B08B4581468846AD
S2140318409246CDE902336BDC1A461E4619F803406E
S214031850212C09D81F2C04D8103C072C98BF012232
S21403186000E001260133F1E7FF2CFBD15B4436B1E0
S214031870013B43450ADD2B2005B0BDE8F08F62B17E
S214031880013B4345F7DC3546374602E000252F4645
S2140318902E46454504DB0020EEE79845F3D0EAE7FD
S2140318A05D453BDB19F80730202B18D109EB0703FE
S2140318B05B78FF2BDFD1CEB920465AF82510FFF709
S2140318C019FF78B303AB019302AB00932046DDE91F
S2140318D00E235AF82510FFF72DFF0135D9E7212BE4
S2140318E00ED109EB07035B78FF2BC4D1029B5AF892
S2140318F025200E99012641F8232001330293ECE7B5
S214031900A3F11004072C02D91C460137D3E709EBD1
S21403191007035B78FF2BAED1E4B2CCE70624CAE715
S2140319202120A9E72620A7E72DE9F04F07460E4614
S21403193015469846044685B0DDF84490DDE90FABBE
S214031940206808B3DAF80020D8F800108A421BDAB9
S2140319500E9B53F82210D6F789F948BBDAF8002015
S2140319600132CAF800206268117BFE291BD10E9B48
S2140319701068012100932A464346CDE902B9CDF803
S21403198004A0FFF7D1FF04462B7843B999F800303B
S2140319902BB97EB101233C4689F800302B702046D4
S2140319A005B0BDE8F08F01238BF800302B70EBE712
S2140319B00C34C5E73446F2E710B50446236803B98A
S2140319C010BD237A13B92046D9F7E6FE0C34F5E7A3
S2140319D010B541B10A7932B901249C300C71FEF777
S2140319E03DFE204610BD0020FCE72DE9F041BAB0CD
S2140319F005460AAA084603A900F05FF90446B0B9EB
S214031A000DF10A0301930DF10B038DF80A00009301
S214031A100AAA284604AB03A9DAF76EF89DF80A204B
S214031A20B2B19DF80B2048B12AB1D9F7B5FE2046CE
S214031A303AB0BDE8F081FFF7BFFFF8E7D5F89C5052
S214031A40002DF4D0A86808B1FFF7B6FF2D68F7E7B6
S214031A5000B346681AAB06F10C082AAF019340465A
S214031A60049B039900970AAAFFF7E2FE04460028A0
S214031A70DDD1039B05A8CDE90637049B0595CDE983
S214031A800838DBF701FB05A83368984705A800F07C
S214031A903FFDCCE72D24CAE710B50446AC30E9F782
S214031AA081FC04F1AB031A180020934200D110BD49
S214031AB013F8011F0029FAD00A2908BF0130F4E7FA
S214031AC00023F0B50B6013600646D0F8AC0278B17D
S214031AD096F8AC0060B1012406F1AC07D6F8AC0268
S214031AE0844210D306F1AC00B3F5007F10D3012077
S214031AF0F0BD0D6801350D60156801351560F85C9D
S214031B0001330A2802D0B3F5007FF2D30134E5E7A8
S214031B10C15C0A29EBD00029E9D0116801330131F1
S214031B201160E1E710B50021D0F88C200446E9F7F0
S214031B303DFD0023C4E9243310BD73B5044600F10C
S214031B40AC0580212046FEF79EFD4FF40071064645
S214031B502846FEF798FD0136C0F5007086422046FB
S214031B601FD8E9F71FFC06462846E9F71BFC013693
S214031B702946421CA819E9F76BFD2046E9F712FC33
S214031B80214602462846E9F7A1FE2046E9F70AFC65
S214031B900A23204480F8AC300023C4F8AC3202B0E9
S214031BA070BDFFF779FF01AAC4F8AC026946204668
S214031BB0FFF786FF0022009B234483F8AC20C0E790
S214031BC073B50D460446FFF767FF6B1C19D1D4F8AF
S214031BD0AC3213B1013BC4F8AC3200252046E9F71A
S214031BE0E1FBA84215D82046FFF79CFFD4F8AC3299
S214031BF02BB16946204601AAFFF762FFA0B902B0DF
S214031C0070BD012DFBD1D4F8AC328342F7D2013339
S214031C10E1E7082000F023F8202000F020F8082051
S214031C2000F01DF80135D9E7009D04F1AC06019BD1
S214031C30AB42E4D9715D2046DAF78CF80135F6E756
S214031C4007B500200DF1070100F0E7F820B99DF86D
S214031C50070003B05DF804FB4FF0FF30F9E710B55B
S214031C60C1B20446002000F0C8F800280CBF204686
S214031C704FF0FF3010BD0FB407B504AA52F8041B8B
S214031C8000200192DAF702FA002003B05DF804EBB5
S214031C9004B0704710B54C1C0B460119045D222C8A
S214031CA003D07B2C01D05C2C05D1D21A1844E9F75B
S214031CB0CFFC012010BD0020FCE72DE9F0470546C8
S214031CC091468846E9F76EFB2A4606461346197878
S214031CD001322029FAD0C9F800305C1B01236FF0CB
S214031CE0404AC8F80030A64201D8002014E02F5D11
S214031CF029197B2F12D0222F2ED1D8F80030621C40
S214031D0053442A4449F82320012C09D911F8013CED
S214031D1013F0DF0F04D02120BDE8F0877D27F3E71B
S214031D2001342B5DBB4209D12B195B7813F0DF031B
S214031D30F1D1222F00D12B550134D4E75C2B07D1E8
S214031D40324621462846FFF7A5FF0028E3D0013E8A
S214031D500134A642E5D8DEE75C2F08D13246214699
S214031D602846FFF797FF0028D5D0013EE4E7202F4B
S214031D70E2D10022631CB3420A70DDD2EA18EB5CA0
S214031D80202BD9D0D8F800300F2B05DC49F82320B8
S214031D900133C8F80030CFE71E20BDE700F000B8D7
S214031DA000207047D5F750BF70B50C46154610B9DE
S214031DB0DAF760F938B143682BB12A462146BDE805
S214031DC0704000681847232070BDF7B50D461646C9
S214031DD01C4638B9DAF74EF904B901AC20B923200A
S214031DE003B0F0BD03B901ACC768002FF7D0234694
S214031DF0324629460068B847F2E707B501228DF850
S214031E0007100DF10701FFF7CFFF03B05DF804FBE2
S214031E100B4601461846FFF7F0BF00230122FFF7E3
S214031E20D4BF08B508F038FCFA23B0FBF3F080B251
S214031E3008BD0420704740F20160DAF711BA704714
S214031E40012070470020704749BA89B280EA01032F
S214031E50C3F303125340180380B258405B0103F4E4
S214031E60FF535840704708B5DAF7C6FD58B1A0F1DE
S214031E705903042B06D8042B04D8DFE803F0040424
S214031E80040304005C2008BDDAF70EBF7047F8B5FC
S214031E900C468D18073552421540A5F1080706462D
S214031EA0384600F0DFF9A188381B628801EBE001B1
S214031EB089B2A2EBE00225F8041C25F8062CA288BA
S214031EC0C310AAB1A4EBC202B2F802C0D18003EBDE
S214031ED00C015180E28892B1D31A9BB204EBC20480
S214031EE025F8023CA380B3680344B3603846F8BDC4
S214031EF015F8082C42F0020205F8082CEAE725F844
S214031F00022CF0E72DE9F04F4FF0000887B0994612
S214031F10531C109B0546174614BF14460824CDF8D9
S214031F201480002B00F0C580C3F80080002900F061
S214031F30C28042688A4240F2BE80073121F007061B
S214031F4008F0BCFA05AACDE9008282463A464B461B
S214031F503146284600F08AF9059F834607B130B913
S214031F60504608F0A6FA192007B0BDE8F08FB7F878
S214031F70028029694FEAC802C0EBC8080139B8F1E4
S214031F80270F29617AD9B9F1000F51D1864206F19C
S214031F90080848D0224639462846FFF778FF044605
S214031FA00590059B9844404600F05CF9059906F1B8
S214031FB00F004A88C308A2EBD002A8F80220CA88FA
S214031FC0A8F80430002A30D0D31A9BB201EBC20221
S214031FD0A8F8063093808B88F608A380B8F80430F8
S214031FE03A46E380414600232846668000F0A6F979
S214031FF0AB680833AB60237843F0010323702B6987
S21403200001332B616288AB68504603EBC203EA6870
S214032010AB60934288BFEB6008F04BFA109B083422
S21403202000201C60A0E73C46BBE7A8F80620D2E7E2
S21403203007EB08042046039200F014F90BF107039C
S214032040DB080599638008F10703DB08A380CB88C8
S21403205093B1DB00039AD81D821A5A44C2F3CF0207
S2140320600B44E2809A80A38808F1FF384FEAD80829
S214032070A1F80280CB80BBE7E380F4E7B9F1010F58
S2140320801BD107F10803B3FBF4F204FB1233B3B11D
S214032090224639462846FFF7FAFE044623783A4690
S2140320A043F00103237021460123284600F046F936
S2140320B0A8E7222058E7212056E78642E8D13C4687
S2140320C0ECE707B500224FF0FF3101AB0192DAF7D8
S2140320D04BFA019803B05DF804FB2DE9F74F04466D
S2140320E00D46002900F0AB80D0E9056808F0E6F954
S2140320F015F8087C35F8061CFB07009000D531B9A7
S214032100009808F0D6F9012003B0BDE8F08FA36865
S214032110D4F8109035F804ECA3EBC10B09F10103D6
S214032120A5F1080C4A1CC4F808B02361BEF1000FE1
S2140321307BD0ACEBCE03D888B3F802A00190187816
S21403214007F00207C00765D4002F64D10198A0EBFF
S2140321500A07012F69D18A1CABF108075244C4F859
S2140321601090A76035F802ECBEF1000F61D0D4E9F9
S21403217000700CEBCE0A07EB0009CA4559D21CF8CF
S2140321803EC057461CF0010C15D1AEEB01010129E8
S21403219011D1BAF80210AAF802C001310A44BAF8FB
S2140321A00610002943D00AEBC107216901392161D2
S2140321B0A1680839A16015F8081C013A21F001014D
S2140321C005F8081C002125F8061C5A801A7861F3C6
S2140321D000021A707FB3C3F107023A44C2F3CF0278
S2140321E0DA80BA804EB3B34227D37288002A08BF78
S2140321F01E46B8F1000F06D0434504D8B8F80220AF
S214032200002A18BF43460098C4E9056308F051F94D
S214032210002079E74FB115F8087C724427F00207CF
S21403222005F8087C00279F809CE763469AE70F46DD
S214032230BBE70027BFE7DF80D4E71E46D9E72220A7
S21403224062E710B50446DAF7A7F92146BDE8104061
S214032250FFF743BFFFF7F5BF0846FFF732BF084651
S214032260FFF7F8BF0023036043607047F0B5D0E97B
S2140322700554561C08BF0822002B4FF0000008BF69
S2140322802C46DDF818C0CCF80000002C37D09DF89B
S21403229014706588FF0007EBC505C2F1000E2078B1
S2140322A0C00708D51BBBE088A0B104EBC004658853
S2140322B007EBC505F3E78D42F4D363B904F10806CB
S2140322C0B6FBF2F002FB106670180EB1A842EAD80D
S2140322D0CCF80040F0BD082A0FD06088013004EB2C
S2140322E0C000461A06EA0E06801B8542F0D2A08876
S2140322F00028EFD0A4EBC004D9E70846E8E7204659
S214032300E8E703460069C0B10AB951B91A6810462E
S2140323100378DB0711D531B9C3885BB100EBC30083
S214032320F6E79A69F3E7012904D1838823B1A0EB82
S214032330C300EDE700207047184670472DE9F041CB
S214032340D0E90554074688461646ABB1954200D0F9
S2140323500ABB424600213846FFF7D3FFB442054680
S21403236000D02EB9424601213846FFF7CAFF04467D
S214032370C7E90554BDE8F081954208D08D4228BFD1
S2140323800D46B44205D0444538BF4446F0E70D46F3
S214032390F7E74446ECE79442EAD1E3E770B5002654
S2140323A01C46C3E90001C3E90266C3E905001E61D2
S2140323B01A775E62FFF756FF23690139C9080133AE
S2140323C041802361A36830460833A360E36808337B
S2140323D0E36070BD002307B5684600938DF80430AC
S2140323E0D8F756F803B05DF804FB10B508F059F8B3
S2140323F0044606F05FFA2046BDE8104008F04CB8E5
S21403240070474FF4C870DAF727B9DAF7D9B900F08E
S2140324101CB87047704708B503F001F903F009F9D3
S21403242003F010F903F01FF9BDE8084003F02EB9D6
S214032430704708B503F0EEF803F0EDF803F0ECF898
S21403244003F0ECF8FFF7F4FF08BD08B503F01FF937
S21403245003F01EF903F01EF9BDE8084003F021B9A6
S2140324607047012070472DE9F34112F00105044639
S214032470884622D110F0030525D12F465208BA42CA
S21403248009D1D8F793FA0026B74204EB860008D1A1
S214032490D8F798FA11E054F8273001330CD10137F6
S2140324A0EDE7042258F826300DEB0201019308F0FD
S2140324B007FB30B1D8F786FA3D25284602B0BDE8BB
S2140324C0F0810136E0E70125F7E77047B0F1006FCA
S2140324D00FD300F07843B3F1006F0CD000F06040E8
S2140324E0B0F1404F09D0B0F1604F14BF0420032071
S2140324F07047002070470120704702207047002075
S21403250070471AB111B180B2DAF7CEBB21207047FB
S21403251001F056BEE3F7F8BCFFF78DBCD0E90232F4
S21403252053F8223000211878E3F740B9704702F0D9
S2140325308CB901F0DABDC3688268013BDBB252F89E
S21403254023305B78652B02D10020E5F77FBC6E2B2A
S21403255001D10120F9E7662B01D10220F5E7704788
S21403256010B5D0E90232044653F82230187802F048
S21403257046FAE368A268013352F82330BDE81040F8
S214032580187802F03ABA10B50446C0B2DBF75AFD23
S214032590200ABDE81040DBF755BDD0E9023253F8F8
S2140325A022301878DBF756BE02F0E1B9E4F74CB9EF
S2140325B008B501F0B8FEBDE80840E5F735BBD0E93D
S2140325C0023253F82230186801F0ABBE0020E5F75C
S2140325D031BC0120E5F72EBC0221DBF7D1BD032178
S2140325E0DBF7CEBD0521DBF7CBBD08B501460C20D6
S2140325F0DBF7A2FDBDE80840DBF730BD08B50146B2
S2140326000020DBF799FDBDE80840DBF727BD07B5DB
S214032610C2688368043253F8223001211B880DF107
S2140326200602ADF806300023DCF72EFB03B05DF898
S21403263004FB08B508F044F8BDE80840F1F7B2BD5E
S21403264010B51446DCF73CFE2146BDE8104007F003
S214032650D5BD08B5DCF734FEBDE80840002107F019
S214032660CDBD08B5DCF72CFEBDE80840F1F7D0B9C0
S21403267008B5DCF725FEBDE8084008F084B908B5C0
S214032680DCF71EFEBDE80840F1F7AEB970477047A9
S21403269008B508F015F8FFF7FAFF03F065F8BDE88C
S2140326A00840DCF759BE7047012070470120704789
S2140326B008B5DCF7EDFE00280CBF0420012008BD9A
S2140326C070472DE9F34104460D4616461F46DDF8CE
S2140326D0208008F08DF83B46324629462046CDF842
S2140326E0008003F043F83B46324629462046CDF8A1
S2140326F00080FFF7E5FF02B0BDE8F04101F060BDE2
S2140327002DE9FF4704460D4616461F46BDF83080A2
S2140327109DF83490DDF838A008F06AF83B46324658
S21403272029462046CDE9019ACDF8008000F0FDFF4A
S21403273004B0BDE8F04701F043BD704708B508F0A4
S21403274057F803F016F8FFF7F8FFBDE8084001F066
S21403275037BD012070472DE9F74304460D4616465C
S2140327601F469DF8289008F043F83B463246294614
S2140327702046CDF80090FFF7ECFF80463B463246F6
S21403278029462046CDF8009002F0F4FF01F018FD2C
S214032790404603B0BDE8F083012070472DE9F743B8
S2140327A004460D4616461F469DF8289008F020F866
S2140327B03B46324629462046CDF80090FFF7ECFF0D
S2140327C080463B46324629462046CDF8009002F026
S2140327D0D2FF01F0F5FC404603B0BDE8F083F8B540
S2140327E004460D4616461F4608F002F83B46324698
S2140327F02946204602F0C0FFBDE8F84001F0E0BCE1
S21403280000207047F8B504460D46164607F0F0FF5D
S214032810324629462046FFF7F3FF07463246294647
S214032820204602F0AAFF01F0CBFC3846F8BD38B5C7
S21403283004460D4607F0DCFF2946204602F09EFFBD
S214032840BDE8384001F0BCBC10B5044607F0D0FF25
S214032850204602F094FF2046FDF732FCBDE8104008
S21403286001F0AEBC704738B504460D4607F0C0FF0E
S2140328702946204602F095FF29462046FFF7F2FF39
S214032880BDE8384001F09CBC704770B504460D4661
S214032890164607F0ADFF32462946204602F083FF70
S2140328A0324629462046FFF7EFFFBDE8704001F0A9
S2140328B087BC704738B504460D4607F099FF29468E
S2140328C0204602F072FF29462046FFF7F2FFBDE8D6
S2140328D0384001F075BC704738B5054607F088FFE9
S2140328E0284600F0EFFE04460146284601F0ABFFFB
S2140328F001F066FC204638BD38B504460D4602F0A6
S21403290056FF29462046FFF7E6FF38BD704738B521
S214032910054607F06DFF2846E3F7A2FA044601468C
S214032920284601F08EFF01F04BFC204638BD38B533
S21403293004460D4602F03CFF29462046FFF7E6FF15
S21403294038BD704710B5044607F052FF204602F024
S21403295030FF2046FFF7F5FFBDE8104001F030BC1E
S214032960704738B504460D4607F042FF2946204611
S21403297002F021FF29462046FFF7F2FFBDE8384064
S21403298001F01EBC704770B504460D46164607F0A8
S2140329902FFF32462946204602F00EFF32462946CE
S2140329A02046FFF7EFFFBDE8704001F009BC704713
S2140329B038B504460D4607F01BFF2946204602F0AD
S2140329C0FCFE29462046FFF7F2FFBDE8384001F03B
S2140329D0F7BB704738B504460D4607F009FF29468E
S2140329E0204602F0EBFE29462046FFF7F2FFBDE83D
S2140329F0384001F0E5BB704710B5044607F0F8FE13
S214032A00204602F0DCFE2046FFF7F5FFBDE8104047
S214032A1001F0D6BB704710B5044607F0E9FE204622
S214032A2002F0CEFE2046FFF7F5FFBDE8104001F0AA
S214032A30C7BB7047704770B504460D46164607F089
S214032A40D7FE32462946204602F0BDFE32462946C8
S214032A502046FFF7EFFFBDE8704001F0B1BB7047BB
S214032A6010B5044607F0C4FE204602F0ADFE20462D
S214032A70FFF7F5FFBDE8104001F0A2BB704738B57D
S214032A8004460D4607F0B4FE2946204602F09DFE96
S214032A9029462046FFF7F2FFBDE8384001F090BB19
S214032AA0704770B504460D46164607F0A1FE32463B
S214032AB02946204602F08BFE324629462046FFF77B
S214032AC0EFFFBDE8704001F07BBB70472DE9F34193
S214032AD004460D4616461F46DDF8208007F088FE9E
S214032AE03B46324629462046CDF8008002F070FE6B
S214032AF03B46324629462046CDF80080FFF7E5FFE1
S214032B0002B0BDE8F04101F05BBB0E2070470E201B
S214032B10704738B5044607F06BFE2046FFF7F7FF0D
S214032B200546204602F055FE2046FFF7EEFF01F06D
S214032B3047FB284638BD002070470020704738B54D
S214032B40044607F055FE2046FFF7F7FF05462046E6
S214032B5002F040FE2046FFF7EEFF01F031FB284669
S214032B6038BD704708B507F043FE02F034FEFFF7A2
S214032B70F8FFBDE8084001F023BB0020704770470C
S214032B80704708B5DCF756FD00280CBF042001206B
S214032B9008BD70470B68DA7B1AB9DB7C0BB9DCF728
S214032BA06DBD8120704708B5DCF780FDBDE80840A1
S214032BB0DCF78ABD7047DCF779BDDCF785BD0828EE
S214032BC008D84FF48B73C34013F0010F0CBF2120BA
S214032BD000207047212070470121DCF767BE0221E1
S214032BE0DCF764BE0421DCF761BE0821DCF75EBEB9
S214032BF01021DCF75BBE08B500F026F808B100200C
S214032C0008BDDCF7A3FE0028F9D1DCF7B1FE0120EE
S214032C10F6E7152808B503D1BDE80840DCF79CBEE7
S214032C2001F089FE60B9E2F76FFC032806D100F0D5
S214032C3009F828B9BDE80840FFF7DDBF0028EBD048
S214032C4008BD7047002070470020704708B5DDF7C1
S214032C5075F8FA23B0FBF3F008BD0321DDF79EB841
S214032C6001207047D0E9023253F822301878DDF796
S214032C709DBA0868C37B1BB9C37C0BB9DDF7C6BA1C
S214032C8081207047D0E9023253F822301878DDF7F6
S214032C90FFBA704730B50546044615F8100B85B0E5
S214032CA0029565691D44CDE900250B46A21D618882
S214032CB001F023FE05B030BD704710B492F80A4108
S214032CC092F8053103EB04230B8100235DF8044BD4
S214032CD01A4601F010BE1FB50446084671B12178A6
S214032CE0FF290BD0238B029363690193237C009304
S214032CF06288A31DE3F7D0F8FF23237004B010BD4A
S214032D000868C37B73B9C37C032B0BD8DFE803F0D7
S214032D1002080406DDF7BCBDDDF7ECBDDDF71CBE1F
S214032D20DDF7CABD812070477047704700207047A3
S214032D30137810B5032B0CD15479CBB29C4208D12F
S214032D409379B3EB112F04D153781B1A5842584189
S214032D5010BD0020FCE77FB505460E4600246946F5
S214032D60E0B201F076FD28B96A4631462846FFF7F9
S214032D70DFFF18B90134202CF1D1002004B070BD58
S214032D80FFF7E9BF0868C37B9BB9C37C052B10D844
S214032D90DFE803F0030D070B0905DDF781BEDEF759
S214032DA0BDB8DDF717BFDEF769B8DDF7E7BFDDF7B8
S214032DB0B9BE812070470020704730B5102587B014
S214032DC001AA00210195FEF745FC04462A46002188
S214032DD002A8E8F7EBFB2A46214602A8E8F738FCE8
S214032DE0012102A8DEF778FA07B030BDDEF706BA8F
S214032DF07047FFF7FDBF0B68DA7B5AB9DB7C012B04
S214032E0004D0022B04D02BB9DEF78ABEDEF794BEBD
S214032E10DEF79EBE81207047002307B5012101A877
S214032E200193D4F769FD08B9D4F7A2FB012003B0D8
S214032E305DF804FB08B502F030FA052803D0003825
S214032E4018BF012008BD0220FCE77047D0E9023214
S214032E5053F822301878003818BF0120E0F7F8B985
S214032E60E0F7FCB900207047002070477047FF204A
S214032E707047FF20704700207047002070470020EF
S214032E807047704706207047DFF7A0BC0868E0F776
S214032E9079B970B50D46044600212846164601F05A
S214032EA074F9324620800221284601F06EF9324634
S214032EB060800421284601F065F90023A360E360DF
S214032EC06060082070BD034641B181424FF0640044
S214032ED005D94343B3FBF1F0C0B2704708467047C9
S214032EE0E0F7CAB9E0F7C0BFE1F7C8B8B0F5807F2E
S214032EF005D0A0F50073584258414001704708209A
S214032F00704730B599B00D4669461446E1F71AF88E
S214032F1030B915B1BDF802302B600CB10D9B2360A0
S214032F2019B030BD2DE9F04788B00E46904604A987
S214032F3005AA07461D46FFF7E4FF044638BB28806C
S214032F400DF10C09DDE904A39A4520D20622514669
S214032F503846CDF8009006ABE1F710F8D8B9039BD6
S214032F60062B18D12A88DDF81A3042450ED2BDF852
S214032F70181026F832102A8806EBC20253602A88F5
S214032F805344013206332A800493DBE7F7D92046FD
S214032F9008B0BDE8F0870124F9E72DE9F0438FB0C8
S214032FA00F46904601A9002204469946FFF7A9FF5B
S214032FB018B101200FB0BDE8F083062220460DF1BC
S214032FC0020302A9FFF7AEFF0028F2D10546024628
S214032FD0BDF80210019CEEB28E42EAD20EAB03EBB2
S214032FE0C60656F82C3C36F8306C0634BE4217BF7D
S214032FF0E418012213460022013522B1C8F8004026
S214033000C9F80030D6E71A46E5E770B5002401266E
S21403301002F01DF9E5B2C26806FA05F595422346A5
S21403302004F10104F4D3D8B270BD70B586B0E0F7EE
S214033030D7FD00F11006E6F743F9002405461422EF
S21403304001A9301902F00AF91CB99DF80430FF2BC8
S21403305016D0002303F118026A4412F8142CFF2A30
S21403306006D11C44601E90FBF5F080B206B070BD1E
S2140330702B44DBB2132BEDD91434B4F5826FDED1B7
S2140330804FF0FF30F2E7E0F7E1BB07B504220DEBA4
S214033090020102F0E3F8019803B05DF804FB37B5CC
S2140330A0054608460C46FFF7F0FFA84206D0042262
S2140330B020460DEB02010195E6F754F903B030BD47
S2140330C007B50B460092002102460120E0F750FCAC
S2140330D003B05DF804FB08B50121E0F781FBBDE80A
S2140330E00840E6F7EBBAE0F7BFBE08B5FFF7F3FF15
S2140330F0002008BD08B513460A4601461846E0F701
S214033100CBFC80F00100C0B208BD002070477047BA
S21403311008B1E0F7C9BF704730B4DDE902451DB119
S214033120029430BC00F0C6B930BC70471F2804D8E0
S214033130142200F5A030D9F781BE70471F2804D8A3
S214033140142200F5A030D9F7A5BE7047152808B598
S21403315005D1FFF7DCFFBDE80840E1F7EBB808BD93
S21403316010B5142486B02246002101A8E8F71EFAFB
S2140331702023224601A94FF4A03001F078FC06B0C4
S21403318010BD0020704713B500230C461A460146AF
S214033190CDE90033E0B2E1F791FE02B010BD13B5FE
S2140331A000231446019001220093E0B2E1F786FE65
S2140331B002B010BDD0E9023253F822301868E1F7A6
S2140331C0F5BF194491420ADC4218002003B9704740
S2140331D012F8011D013B01EB0020DBB2F6E70020ED
S2140331E070472DE9F04F4FF0000A85B001938146F2
S2140331F00F4615465346019A11785FFA8AF29142B2
S21403320003D8002005B0BDE8F08F019909EB050847
S21403321001EB4202517892F802B011F0400400919B
S21403322001F03F061BD0AC19BC42D4BF00240124D6
S21403323033466400A20740F18880009B1B0640F1DA
S21403324092800E9B324603EB0B000021E8F7AEF9A3
S2140332503D4600231D44ADB20AF1010ACBE7042E16
S21403326007D866B1B31E022B0BD8DFE803F0122192
S21403327030003E2E37D03F2E5BD03D2E4BD0032062
S214033280C0E7BD4234BF0024012401266400334650
S214033290D0E7AB1CBB4250DC02233A4629464846DD
S2140332A0FFF78FFFADF80A0002230DF10A08C1E706
S2140332B0EB1CBB4243DC03233A4629464846FFF74A
S2140332C080FF0390042603230DF10C08B2E72B1DA1
S2140332D0BB4236DC04233A4629464846FFF771FFCD
S2140332E003900423F0E77A1E95422CDA02233A462B
S2140332F029464846FFF765FF4FF6FF7380B29842AC
S2140333000EBF0223023083B25C19A742B4BF032464
S214033310012404268EE7BD4215D298F80030FF2B11
S2140333200CBF01230133EC18BC42CCBF0324012499
S214033330EFE70124042600237CE73446B4E702249F
S214033340C0E70224CDE70324E3E70E9A02EB0B0063
S21403335014B142F80B807DE7324641460093E8F706
S214033360B5FA009B76E702204CE710B5144686B004
S21403337018811A460A9B0291CDE903430123019360
S214033380099B014600930320BDF82030E1F7D2FFE6
S21403339006B010BD1FB500240294079C0194BDF827
S2140333A018400094FFF7E1FF04B010BD2DE9F0418B
S2140333B00E461746054686B098B391B38AB34FF0C8
S2140333C0000802A95FFA88F001F043FA044640B900
S2140333D09DF80830032B08D008F10108B8F1200F38
S2140333E0EFD1204606B0BDE8F0819DF809202B7981
S2140333F09A42F1D1BDF80A206B889A42ECD19DF827
S2140334000C30BDF80D006B7128812B4622464FF613
S214033410FF71CDE90067FFF7BDFF0028DCD0044647
S214033420DFE72124DDE710B586B00A9C04949DF8F7
S21403343024400394BDF8204002940124CDE90034CF
S21403344013460A4601460620E1F774FF06B010BD90
S2140334501FB504460846194600230094CDE9012308
S214033460079BBDF81820FFF7DEFF04B010BDF0B5CC
S214033470022805460E4614461F468BB00AD106A9F7
S214033480F0B201F0E6F998B99DF8193023719DF86A
S2140334901C306371119B224604930023CDE902334B
S2140334A00193109B3146009328463B46E1F742FFC3
S2140334B00BB0F0BD13B500240194049C0094FFF7F1
S2140334C0D6FF02B010BD2DE9F045064688461446E1
S2140334D09A46002701258BB006A9F8B201F0B9F980
S2140334E020BB9DF81830012B19D19DF8192033798C
S2140334F09A4214D1BDF81A2073889A420FD19DF8C8
S2140335001C3032467371B9B2CDE9030ACDE9010026
S214033510434602200094E1F70DFF054610B9013734
S214033520202FD9D128460BB0BDE8F0850546F9E72C
S2140335300023FFF7C8BF10B50446E2F7D9FC002105
S214033540631E04F10F0213F8010FFF2808BF19705A
S2140335509342F8D10023237410BD0020704770B542
S21403356006461D46E2F738FB044608B9212070BD1F
S2140335703046E2F7FFFD0028F8D0A0682A46FF2170
S214033580FFF75EF89DF81030002063719DF8143045
S214033590A371ECE713B59DF81040CDE9003413464C
S2140335A00122FFF7DCFF02B010BD08B5E2F714FBFB
S2140335B028B18068FF21FFF754F8002008BD2120BA
S2140335C0FCE70122FFF7F1BF1FB50B466A4601462B
S2140335D0184601F034F96A460823002032F8021B25
S2140335E0013B13F0FF0380EA0100F7D1012838BF3F
S2140335F0012080B205B05DF804FB2DE9F04F87B0DB
S214033600DDE9109B05468846484619461F4614467C
S214033610BDF848609DF84CA0FFF7D6FF042D03467F
S214033620ABF800001AD8022D1DD9042D07D04FF28F
S214033630F222A188914222D1E28891071FD5E17A2E
S2140336400022CDE9013720463346CDE90392CDF873
S21403365000A001F043F907B0BDE8F08F6A1F012A06
S21403366011D92120F7E700224146CDE911922846D9
S2140336702246109707B0BDE8F04F01F03EB94FF66B
S214033680FF760C21DCE7052D0ED10023E17A00221C
S214033690CDE90137CDE903920091234652464146D0
S2140336A0304601F00EF9D6E74FF2F222A188914296
S2140336B004D1E288920701D5E17AE8E74FF6FF7670
S2140336C00C21E4E7F0B585B00546E1F745FF48B1C0
S2140336D06B88B3F5006F05D1681D05B0BDE8F040F3
S2140336E000F0EEBC284600F004FD0446C8B9E7B275
S2140336F06946384601F0ADF878B99DF8006066B9BA
S2140337002946384601F0A9F820B140F6044398420A
S21403371007D08C26304605B0F0BD0134202CE6D108
S214033720F7E78D26F6E7E2F7FDB82DE9FF470446EF
S2140337300D460146184617461E46BDF830809DF8CE
S2140337403490DDF838A0DCF7E3FED0B921462846EE
S21403375001F021F933463A4629462046CDE9019A37
S214033760CDF80080E2F782F933463A4629462046EA
S214033770CDE90D9ACDF8308004B0BDE8F04701F0EE
S214033780F7BF04B0BDE8F087E2F71ABBE2F7D2BA98
S214033790E2F7F6BA10B5044601F009F90822014625
S2140337A02046BDE81040E7F753BF01F002B90021F9
S2140337B001F0FFB801F011B90020704720207047D0
S2140337C0EFF7D0BDEFF71ABEF2F7C4B87047E2F7CB
S2140337D043BC70B506460C46154600F04CF850B18F
S2140337E03CB135B1204600F0D6FC013080B2A84289
S2140337F000D9002070BD304600F043F840B1002CDD
S214033800F7D0012DF5D9204600F0CAFC0230EDE7CB
S2140338103046E2F781FBEAE7F8B5BDF8185010B377
S214033820967855B9D478A6F14107012F07D8621EBA
S214033830D2B200F0CFFD0020F8BD2C46F3E7433E9E
S214033840012E04D8A21E92B200F0DCFDF3E7D27874
S21403385013B90DB1AA4206D811B9E7F7A7FEEAE7EE
S214033860E7F7F6FEE7E78920E6E7413803288CBF4B
S214033870002001207047413801288CBF002001201A
S2140338807047433801288CBF002001207047002072
S2140338907047002070470388B3F57C4F01D3FFF7CA
S2140338A0F8BF0846FFF7F3BF10B54A880488A2425C
S2140338B00DD1037B0C79234009D0B2F57C4F08D396
S2140338C0FFF7E7FF0B891B1A5842584110BD00202B
S2140338D0FCE70120FAE738B50D88D488A5420AD15B
S2140338E00388B3F57C4F08D2FFF7D5FF13891B1A5D
S2140338F05842584138BD0020FCE70120FAE72DE97D
S214033900F04715460446B8B149B1EAB100264FF070
S214033910140AB04690F80490F3B2994501D80024EF
S2140339200AE027680AFB06773846FFF7BDFF01362D
S21403393028B13C46A5F800802046BDE8F0877B8981
S21403394043441FFA83F8E7E71446F5E72DE9F04703
S2140339500E4615460446B8B149B112B300274FF0D8
S2140339600C0AB846B0F80890BBB2994501D80024B3
S2140339700AE06368324620460AFB0731FFF7ABFFCF
S21403398028B10C46A5F800802046BDE8F0870B79E1
S214033990013713F0300F02BFCB7843441FFA83F886
S2140339A0E2E71446F0E72DE9F04186B00D461446EB
S2140339B0984604AA05AB03A90646E2F783FB40B381
S2140339C00DB1049B2B6034B3049D03982946FFF77F
S2140339D062FF2B88074602467188307800F04FFB5B
S2140339E0D8B1297911F010030BD0EB782A46CDE92C
S2140339F000433B4671883078FCF74EFB06B0BDE8C3
S214033A00F0812A4620460599CDF80080FFF704FF8B
S214033A10F4E78620F2E72046F0E77E20EEE71FB5C0
S214033A201C460023ADF80A20BDF818208DF80400C4
S214033A30ADF80610ADF80C2069461A4601A80093A7
S214033A408DF80840FFF7AFFF009804B010BDF0B53F
S214033A5087B00E4605AB04AA03A90446E2F732FB79
S214033A6008B3049D03982946FFF715FF2B880746DE
S214033A7002466188207800F004FBB0B1297911F082
S214033A80100108D000963B462A4661882078D2F774
S214033A901DFB07B0F0BD009101232A463146059869
S214033AA0FFF7BAFEF5E78620F3E77E20F1E72DE978
S214033AB0F041064600254FF014080779E8B287421E
S214033AC001D800241AE008FB05F0D6F800C00CEB7A
S214033AD000043CF8000081421AD132B1802A10D18A
S214033AE094F90CC0BCF1000F12DAB0F57C4F05D385
S214033AF02046FFF7CEFE834200D04BB92046BDE8F2
S214033B00F081402A04D194F80CC01CF0400FECD18D
S214033B100135D3E70121E2F711BA08B513460022AF
S214033B20E2F73AFB003818BF012008BD08B5134674
S214033B304022E2F731FB003818BF012008BD08B564
S214033B4013468022E2F728FB003818BF012008BD81
S214033B5008B540220023E2F71FFB003818BF0120F8
S214033B6008BD08B580220023E2F716FB003818BF0D
S214033B70012008BD0023E2F70FBB0021E2F77CBB60
S214033B8010B504460121E2F777FB2046BDE8104056
S214033B9001F022BE7047F8B516461F469DF818205A
S214033BA0BDF81C300546E2F7F7FA78B10421E2F7D0
S214033BB0E1FB044650B1284600F00EFB3A46314678
S214033BC02846A047BDE8F84000F0FABAF8BD2DE94C
S214033BD0F74F1E46DDE90C9B074688461446BDF89C
S214033BE038302AB3B9F1000F22D00EB392F804A0EE
S214033BF099F80020504612F0080F0CBF802240228E
S214033C006188E2F7C9FA98B10821E2F7B3FB0546E3
S214033C1070B1504600F0E0FA334622464146384635
S214033C20CDE9009BA84703B0BDE8F04F00F0C8BA43
S214033C3003B0BDE8F08FF8B5BDF8187016461A46FF
S214033C403B460446E2F7A8FAE0B177B90221E2F769
S214033C5091FB0546B0B1204600F0BEFA3146204639
S214033C60A847BDE8F84000F0ABBA1021E2F782FBA4
S214033C70054638B1204600F0AFFA3A4631462046AC
S214033C80A847EEE7F8BD73B5BDF8184016461A46C2
S214033C9023460546E2F780FAB8B1C4B92021E2F715
S214033CA069FB044670B1284600F096FA099B314634
S214033CB0009328469DF820309DF81C20A047044614
S214033CC000F07EFA204602B070BD8624FAE7002490
S214033CD0F8E72DE9F04186680446007800F07CFAA0
S214033CE0002514273279EBB29A4203D8BDE8F04197
S214033CF000F066BA7B4332682078D15A02EB030899
S214033D0000F0C1F901214046E2F734FB034608B14F
S214033D10207898470135E5E72DE9F04F1C4689B032
S214033D209DF84C30BDF8488001939DF8503092467C
S214033D3002932246434607460D46E2F72DFA8DF8D0
S214033D4014700646ADF816508DF81840ADF81AA054
S214033D50ADF81C8018B9012009B0BDE8F08F05A99D
S214033D60FFF7A2FD0028F6D000252F46A8462C46CE
S214033D7034E00C231FFA85F903FB09F931887368CD
S214033D80B1F57C4F33F8092003EB090B1AD333F84C
S214033D90090050452CD3019BA3422DD900F0B8F956
S214033DA09BF80200E2F792FF029B43B19BF80430B4
S214033DB013F0010F0CBF05200720E2F787FF01343D
S214033DC0A4B219E0ADF81A205946304605AA039363
S214033DD0FFF781FD039B0028D9D101353289ABB2A9
S214033DE09A42C6D804EB0800C31B58425841B3E7AF
S214033DF008F101081FFA88F80137BFB2EDE710B5DE
S214033E00012488B006949DF83C4005949DF83840FC
S214033E1004949DF8344003949DF8304002940B9C20
S214033E200194BDF828400094E2F7E8FB08B010BD03
S214033E302DE9F04786B0BDF83880DDF83C909DF854
S214033E4040A0CDF80080CDE9019A04460D461646FB
S214033E501F4600F012F9B8B1431EDBB2012B10D88F
S214033E6000230122811E48424841CDE90432CDE9B0
S214033E7002A03B46324629462046CDE90089FFF795
S214033E80BEFF06B0BDE8F0870120FAE730B5002490
S214033E90012587B0CDE9044503959DF82C5002957E
S214033EA00A9DCDE90045FFF7AAFF07B030BD30B540
S214033EB00024012587B0CDE9044503959DF82850D5
S214033EC00094CDE901354023FFF799FF07B030BDD5
S214033ED010B5012486B0CDE90444002403949DF86C
S214033EE028400294099C0194BDF820400094FFF7F3
S214033EF086FF06B010BD1FB5089C03949DF81C40B2
S214033F000294069C019400240094E2F773FC04B028
S214033F1010BD70472DE9F84F0229074688460C9DC9
S214033F2004D84FF0000A5046BDE8F88F1BB10429A9
S214033F30F7D942F004023A702BB303247B701B0AB2
S214033F40BB70E3F76DFF4FF000099DF82830385536
S214033F5004F1020A01343B550B9A5FFA89F3D45CE9
S214033F60002CE0D0732C10D82E464C2C56F804BBED
S214033F703DD0532C15D0622C45D1AC8805F10806EC
S214033F8000231A4616E00124DBE7A4F17503032B8E
S214033F90C7D8763C2E1D022C52D8DFE804F0565ABA
S214033FA058006A6805F1080694B2D2B2B2F1FF036C
S214033FB018BF01230AEB040119448845B1DB5046B8
S214033FC01946002947D153441FFA83FA5CB1BBF163
S214033FD0000FA6D0224607EB0A005946E7F776FC01
S214033FE054441FFA84FA354609F10109B4E74FF63B
S214033FF0FF736A6805F1080694B222469C4214BF12
S21403400002230023D6E76C2C05D1584600F0C8F8E7
S214034010841CA4B2B4E7732C04D1584600F0BBF852
S214034020441CF6E7A4F13003DAB2092A01D89CB29D
S214034030A6E7A4F14103062B3FF673AF373CE8E748
S214034040012300242A68A346B4E70223F9E70323DF
S214034050F7E70423F5E700F1010C01393A54C9B236
S214034060120A1FFA8CF0ACE70020E2F7B7BD002275
S214034070E2F7D4BD0023E2F7E7BD01207047012035
S2140340807047012070477047002070470020704734
S21403409000207047002070470020704700207047BC
S2140340A070470E207047002070470020704700209E
S2140340B07047002070477047FF2070470E207047F8
S2140340C08420704770470020704770470020704771
S2140340D0002070470020704700207047002070477C
S2140340E0002070470020704770470E20704700205E
S2140340F070470020704700207047704770470E20B7
S214034100704770470020704781207047704770479C
S21403411038B50546C0B2E2F7D9FD0446280AE2F7E9
S214034120D5FD14B1002808BF0024204638BDF8B5D5
S2140341300546C0B2E2F7CAFD0446C5F30720E2F718
S214034140C5FD0746C5F30740E2F7C0FD0646280E41
S214034150E2F7BCFD24B12FB136B1002808BF002416
S2140341602046F8BD3C46FBE73446F9E710B4CC18C6
S214034170944203DC5DF8044BFFF723B800205DF898
S214034180044B70470423FFF7F1BF08B50223FFF77C
S214034190EDFF80B208BD0078FF2808BF00207047F7
S2140341A008B502220021FFF7F0FF4FF6FF7398428F
S2140341B008BF002008BD003818BF01204000704724
S2140341C00020704708B5FFF7A5FCFF284FF0FF3027
S2140341D018BF0020C0B208BD08B5FFF7F3FFFF28DD
S2140341E00CBF2120002008BDF8B506460C46154630
S2140341F01F4600F011F810B12544AC4200D1F8BDBB
S2140342003946304614F8012BE2F752FEF5E701462D
S21403421000220220E2F7DCBD0120704737B50546D1
S214034220E1F766F8044601950CB981201CE0237873
S21403423023B12046E1F764F80446F5E72B68626885
S2140342405B889A42F5D1A368EA7B99B272B12A8A4F
S2140342509142EED16A7DB2EB134FEAD10020E368B8
S21403426001A998478128E4D003B030BD4FF6FF720A
S214034270EEE72DE9F84304460F46904699460BB3FE
S214034280012A1FD80C20E7F797FB064610B919201A
S214034290BDE8F8831020E7F78FFB18B93046E7F739
S2140342A093FBF4E70123002547EA0847706005708F
S2140342B0C0F80C904460876033803046E1F710F80E
S2140342C02846E5E72120E3E738B504464368084671
S2140342D00D469847B4F90830002B02DB2B78042BE5
S2140342E006D1002320466360BDE83840E3F772B981
S2140342F038BD30B54FF48A5587B0ADF816200DF1AA
S21403430016041A46029543B100230122CDE9003371
S214034310234600F01EFA07B030BD01940124009432
S214034320F7E7FFF7EBBEFFF7BEBE0020704708B502
S21403433000F001FB20B900F048FB08B9E0F7C8F924
S214034340FFF7D2FEBDE80840FFF7DBBE0020E3F729
S214034350A9BD0021E3F746BE0022E3F705BE1FB55D
S214034360D2880B4612F0200F4FF6FD7114BF492476
S2140343705224ADF80610510544BF083CE4B21105BB
S21403438044BF083CE4B2120444BF023CE4B2032830
S21403439005D8DFE800F0020F161CADF80630BDF8AE
S2140343A00600FFF789FEFF281CBF241AE4B2204646
S2140343B004B010BD02AA0DF10601D8B200F079FAD6
S2140343C0EDE7D8B200F047FAADF80600E7E7013CA0
S2140343D0E4B2E4E7F8B5064617460D4681B10C7815
S2140343E0FF2C0BD00846FFF7D6FEB84228BF384648
S2140343F0C4B22246691C701CE7F72AF93470F8BD6C
S2140344000C46FBE770B5044615460E4611B94170D7
S214034410017070BD0B78FF2B05D14B78FF2B02D1B3
S21403442003704370F5E73046FFF7BAFEA84228BF8D
S214034430284685B22A46B11CA01CE7F709F9257061
S2140344402D0A6570E5E7F0B523B9013A531C2FD161
S214034450002020E0042AFBD800231C46551E6E1CB1
S2140344601AD1042A10D00121D200501E01FA00F0FE
S21403447020421EBF914049420C4318421EBF4FF0D4
S214034480FF3101FA02F213439C421EDCB4BF4FF025
S214034490FF30002040B2F0BD40B1465DEF00BE40A5
S2140344A034434E5D013DBE403343D8E70646F5E749
S2140344B08C5C38B90346A34202F1FF32C6D24FF0F2
S2140344C0FF30E8E7835CA342F5D90120E3E7283809
S2140344D007288CBF0020012070471D2810D004D861
S2140344E040B11C2804D0552070471E380128FAD83E
S2140344F01A2901E00B390F298CBF5520002070477D
S2140345000829F9E7002000217047F7B59DF82040F9
S2140345100546082C104619469DF8246036D8002216
S21403452013462C44AC4208D106F0FD04382C0ED1B9
S2140345300096FFF7E7FF03B0F0BD14F8017D1B02FA
S21403454043EA12631202BA1843F10003EAE7392E6C
S21403455010D107EE100A07EE902AB4EEE77AF1EED2
S21403456010FACCBF77EE677A77EEC77A002117EE9C
S214034570900AE0E7824273EB010403D2801A61EBF0
S2140345800301D8E7101A63EB0101D4E700200146C4
S214034590D1E738B5C36814461944836853F82150E5
S2140345A01AB12846E6F7FEFE2070284638BD2DE9E8
S2140345B0F3411C4616460DF107029DF82050FFF7FF
S2140345C0E8FF9DF807308046A34288BF8DF8074072
S2140345D09DF807700DB1E41BE5B22A46002130466C
S2140345E0E6F7E4FF3A4641467019E7F731F83846EE
S2140345F002B0BDE8F0812DE9F3411D46164601AA37
S2140346009DF82040FDF726F8019B80469D4238BF63
S2140346100195019F04B1EC1B224600213046E6F7C4
S214034620C5FF3A4641463019E7F712F8F8B202B02A
S214034630BDE8F08173B50024154601AA1E46019411
S214034640FDF708F8019B072B0AD92146CCB216B111
S214034650C4F10704E4B2425C013108292A55F5D1B6
S214034660D8B202B070BD1FB5030A8DF80E3003230F
S214034670009303AB8DF80D0000F0BBF805B05DF8B2
S21403468004FB1FB58DF80F100421030A8DF80E30B6
S214034690009103AB8DF80D0000F0ABF805B05DF8A4
S2140346A004FBF0B589B016689DF83C50CDF8096058
S2140346B08DF811305668BDF83830012D109FBDF8BF
S2140346C04440CDF80D60ADF812308DF8145014D078
S2140346D0032D19D13B68CDF815307B68CDF819301A
S2140346E09DF848308DF81D3016230093BDF84C20F6
S2140346F002AB00F07EF809B0F0BD8DF81540240A31
S2140347000F238DF81640F0E70120F4E71FB50446A3
S214034710084611461A4602238DF80D1000932146CB
S21403472003AB00F066F804B010BD10B514461A4685
S2140347300B6886B0CDF80D304B683421CDF81130B8
S2140347400A23009303AB8DF8154000F052F806B029
S21403475010BD2DE9F041B6B014461D4606460F4679
S2140347609DF8F080E3F762FE03AA8DF80C0010466E
S214034770330A8DF80F703F0A8DF80E308DF80D60F2
S2140347802B468DF810708DF8114005EB4405AB42AF
S21403479002F102021FD16200D2B2931DDBB23D9931
S2140347A0D8336B44073203F8CC8C01EB4805D3B2FD
S2140347B050FA82F2A94202F1020212D103EB480335
S2140347C0009006213046BDF8F820DBB2E3F738FE4A
S2140347D036B0BDE8F08133F8021B1171090A517136
S2140347E0D5E731F8024B02F8024C240A02F8014CD2
S2140347F0E0E72DE9F0411C4605460E4617469DF8B0
S2140348001880E3F713FE207043463A46314628469F
S2140348100694BDE8F041E3F713BE002070477047E7
S214034820D7F776BE704770477047704770470020CB
S214034830704770477047002070477047704702F014
S214034840EEBEFEF774B8FEF757B803F031BAF8F7C2
S214034850D7B903F01EBAF8F791B9F8F7F9B9F8F72C
S214034860B3B9FEF71EB9FEF76DB8FEF77AB8F4F7DC
S2140348702BBCF4F72FBCF3F78FBBF2F7B1BCF2F700
S214034880B5BCEFF789B9FEF7B7B8FEF77CB8FDF706
S21403489018BFFEF79FB8FEF78BB830B4BDF80840D4
S2140348A09DF80C50CDE9024530BCFDF729BFFDF756
S2140348B096BFF8F73FBBE3F713BEF8F705BCF7F769
S2140348C051BA70B49DF80C40BDF810509DF81460B2
S2140348D00394CDE9045670BCF5F756BA70B49DF848
S2140348E00C40BDF810509DF814600394CDE90456AF
S2140348F070BCF5F789BAF5F773BB10B49DF804409E
S21403490001945DF8044BF5F7C3BA10B49DF8044060
S21403491001945DF8044B01F073BF01F073BFFDF71C
S214034920A2BFFDF7B2BFFDF7C5BFF1F7C1B9F2F7F6
S21403493003B8F1F7D5BFF0F7E7BF02F09FBAF1F778
S2140349408BBB02F0E1BAF1F7EBBCF1F7BDB8F1F7B8
S214034950F9BFF1F77BBFF1F791BFEFF7D1BEFEF7D3
S214034960B5B8FEF768B8FEF77BB8FEF788B800F070
S2140349700BBC00F004BCF7F72BBAF5F735B8F7F71E
S21403498005BAF7F72BBBF4F7FFBFEFF7F1B8F6F767
S21403499021BCFFF745BFFAF717BFFEF7E3B8FDF7ED
S2140349A053BFFEF738B801F001BDE3F7F7BCEFF7E6
S2140349B0A3BCEFF79DB901F09BBF01F06BBFEFF708
S2140349C0EBB9EFF729BCEFF72DBCEFF759B9E3F7CF
S2140349D001BDE3F713BDE3F7EBBCEFF707B9E3F766
S2140349E0F1BCF9F7C9B801F053BF01F01ABFEFF7EE
S2140349F003B9EFF76BBCEFF74BB9E3F78FBDE3F7FC
S214034A0087BDF8F7BDBEF9F7A9B803F05DBA03F0A2
S214034A1063BAF8F72DBFF9F7A9B800F063B900F049
S214034A20A1B900F0C9B900F0A0BA00F010BB00F0BD
S214034A3079BAE4F769BA00F0E6B900F013BA00F001
S214034A4026B810B51C4601F0C2FD05F00AFF002388
S214034A50C0F340202370400010BD002208B50B466B
S214034A601146FFF7EEFF023818BF012008BD0020ED
S214034A7070477047002070477047002070477047A4
S214034A800E2070470120704770470120704714229C
S214034A900021E6F78BBD704770B505460C468AB015
S214034AA0252200210DF10300E6F780FD6B68CDF8A3
S214034AB01D30AB68CDF82130234601AC03F1100658
S214034AC0224618685968083303C2B3421446F7D11E
S214034AD001236A7B8DF8023012F0040F0CBF4FF4EB
S214034AE080734FF4A073110748BF43F48063ADF897
S214034AF00030930748BFBDF80030684644BF43F014
S214034B000803ADF80030F4F779FC0AB070BD30B591
S214034B10427B0D46D10704468BB007D5407801A9E2
S214034B20F4F7D2FCD8B12D200BB030BD9307FAD5DD
S214034B30C2F3800310074FEA8313ADF8023044BF75
S214034B4043F48063ADF80230BDF80220201D0AB19D
S214034B500DF1020201A902F07FFD0028E3D001ABAC
S214034B6003CB9DF81430A1602373BDF8103060604A
S214034B70590642BF627B42F0040262735A0542BF83
S214034B80627B42F0080262731B0742BF637B43F0FB
S214034B90020363732B4606AC0AAD224603CAAA4237
S214034BA018605960144603F10803F6D10020BBE7EA
S214034BB0F0B504460D4693B0252200210DF12300DF
S214034BC0E6F7F4FC636804F1040CCDF83D30A36803
S214034BD009AECDF841302B4605F11007324618686A
S214034BE05968083303C2BB421646F7D105238DF82E
S214034BF02230637B5B0103F40073ADF820306378E7
S214034C00FF2B1AD1002360461A4601A900F0CAF901
S214034C109DF80530FF2B0DD1002301A91A4618462F
S214034C2000F0C0F99DF80530FF2B03D11C26304653
S214034C3013B0F0BD9DF8053063700020617808AAB4
S214034C4000F09BFA06460028F1D1607801A900F02F
S214034C502FFA2B4603AD2A4618685968083303C251
S214034C60BB421546F7D1637B6078DB0648BF9DF8E9
S214034C701C3001A944BF63F07F038DF81C3000F09D
S214034C802EFAD4E710B504468AB02422002101A8E0
S214034C90E6F78CFC637B590744BF4022ADF810202F
S214034CA01A0742BFBDF8102042F48062ADF8102008
S214034CB0DB070FD5607801A9F4F706FC10B12D20A9
S214034CC00AB010BD01AB03CB637B606043F0020305
S214034CD0A160637304A9201D02F0C0FC0028EED077
S214034CE00020EDE71FB5694600F066F8002818BFF8
S214034CF02D2005B05DF804FB73B50D461446064635
S214034D00E3F730FD6B881A071AD522463146102082
S214034D1002F085FC2046E3F725FD6B88D90717D5F7
S214034D200023224601210DF107008DF80730E3F733
S214034D30E5FF6B88002B0CBF2120002002B070BD5E
S214034D40DE06EAD522460821281DE3F7D7FFE1E76A
S214034D509A0701D50223E4E75B07EAD50323E0E7D6
S214034D600F2070471FB50C46694600F025F8102241
S214034D7021466846E6F766FFB0FA80F0400904B0BD
S214034D8010BDB8B1B1B14388A3B90378013B082B72
S214034D9010D8DFE803F00507090B0F0F0F0F0D0000
S214034DA0E3F7AEBEE3F708BFFFF776BEFFF700BF35
S214034DB0E4F796B82120704738B50D4609B300B31B
S214034DC00378013B082B1AD8DFE803F0050D101310
S214034DD0191919191600E3F7CBFE0446284602F004
S214034DE01EFE204638BDE3F707FFF6E7FFF78FFE04
S214034DF0F3E7E3F737FFF0E7E4F77CF8EDE7212482
S214034E00ECE72124EDE770B586B0064601A80C460C
S214034E101546FFF73CFE04238DF804301CB12068CA
S214034E20616802AB03C3294601A88DF80560FFF746
S214034E30A8FF06B070BD70B586B0044601A80D463F
S214034E401646FFF724FE0323206861688DF80430B6
S214034E5002AB8DF8116003C3294601A8FFF791FF43
S214034E6006B070BD0022FFF7E6BF30B5437B0446AD
S214034E7013F001020D468BB007D0407801A9F4F772
S214034E8023FB70B12D200BB030BD9B07FAD5ADF8D0
S214034E90022001A90DF10202043002F0DDFB002816
S214034EA0F0D000210E22A81CE6F780FBBDF81030D8
S214034EB02B80039BAB60BDF81230AB819DF814309A
S214034EC0237301AB03CB6060A1600020DBE770B502
S214034ED0437B0446DB070E468AB003D42D252846BB
S214034EE00AB070BD6946407800F045F905460028CB
S214034EF0F4D1DDF81D300E226360DDF82130014663
S214034F00A360637BB01C43F002036373E6F74EFBB8
S214034F10BDF80030069A43F004033380059BB26065
S214034F207360DCE70B4610B50446102200211846D2
S214034F30E6F73CFB2278032A09D0042A0DD0022A7E
S214034F4011D101462046BDE81040E4F739B80146C2
S214034F502046BDE81040FFF788BF01462046BDE85F
S214034F601040FFF7B4BF262010BDF8B50746084625
S214034F700C4616461D46FFF78AFD04232370637B03
S214034F80314643F00103204667706373FFF714FF4F
S214034F9008B12D20F8BD29462046FFF7C3FF002899
S214034FA0F8D0F6E7F8B5054608460C461F461646FB
S214034FB0FFF76DFD0423237025B108222946E01868
S214034FC0E6F746FB637B43F0020363734EB9324650
S214034FD00121284600F0DAF8FF28607007D12D205B
S214034FE0F8BD31462046FFF7E7FE0028F7D1637B7E
S214034FF043F0010363730DB90020F1E7002FFBD0E4
S21403500039462046FFF78EFFF6E7F8B50C46074607
S214035010084616461D46FFF73AFD03232046394643
S21403502000F8043B0822E6F713FB637B314643F0A4
S214035030020320466373FFF7BFFE08B12D20F8BDB9
S21403504029462046FFF76EFF0028F8D0F6E7F8B5A6
S214035050074608460C4616461D46FFF718FD03236B
S2140350602370637B314643F0010320466770637306
S214035070FFF7A2FE08B12D20F8BD29462046FFF70C
S21403508051FF0028F8D0F6E718B18022012100F07E
S2140350907DB8FF207047002307B51A4619460093CC
S2140350A0F5F714FFB0FA80F0400903B05DF804FB8F
S2140350B00B4610B519220446FF211846E6F776FA82
S2140350C07E2C01468CBF04F5C43004F583304FF0C4
S2140350D01902BDE8104088BFAD30D7F7AFBE7E28B3
S2140350E088BF00F5C4304FF0190294BF00F5833033
S2140350F0AD30D7F7CFBE30B589B00D46FFF7C4FF46
S214035100FF2804460DD001A9FFF7D2FF2868696877
S21403511001AB03C3204601A9FFF7E1FF002009B056
S21403512030BD2D20FBE7704770470020704770475F
S2140351300F2070470F207047002070470F207047DE
S214035140002070470020704784B08DE80F000020D1
S21403515004B07047704770470020704770470020C0
S2140351607047704700207047012070477047002043
S2140351707047012070470E2070470E2070470E20A0
S21403518070470020704770470E207047FF20704717
S214035190704770470020704770477047704700207D
S2140351A07047704700207047002070470020704704
S2140351B070477047002070470020704770470020F4
S2140351C070470020704770470020704710B50024D2
S2140351D0E3B210B9C3F10303DBB20134042CCA549F
S2140351E04FEA1222F4D110BD10B50B784C788A78AA
S2140351F0C97828B910462246044608461946034687
S21403520042EA012043EA042343EA004010BD704704
S214035210E3F78ABF08B5D2F7ADFA002814BF862095
S214035220002008BD08B5D2F775FC003818BF01206A
S21403523008BD08B5D2F72EFC003818BF012008BDFC
S21403524008B5D2F7B3FC003818BF012008BD08B56F
S214035250E4F74AF8BDE80840E3F7F8BF70B504463C
S2140352600D461646E4F740F80420E3F7E1FF32461E
S21403527029462046FFF7DDFF04460220E3F7D8FF62
S214035280204670BD08B5E4F72FF8BDE80840D2F70E
S214035290E5BBE4F761BBE4F741BB08B5E4F73EFBC7
S2140352A020B1BDE808400020E4F776BC112008BD15
S2140352B010B5044608B1E4F751FD2046BDE810409A
S2140352C0FCF7C8BF10B50446006A10B1616AFFF761
S2140352D0EFFF0020C4E9080010BD38B50546FFF708
S2140352E0F1FF2B7E0446012B0ED0023B012B0ED87A
S2140352F0EB69012B18BF6FF096042822002128467D
S214035300E6F754F9204638BDEB69002BF2E76FF059
S2140353109604F2E718220021E6F748B970472DE90C
S214035320F84F9846DDE90B490D9B15469A07064646
S2140353300F4623D02A460A9B03EB040A1444A242D0
S21403534020D10D9B9B0705D5A2EB050AD14505EB9E
S2140353500A0420D82046BDE8F88F43463946202065
S214035360B0470AF1010ACA450AEB0B02F5D3A9EBCB
S21403537004024C4588BF00222A44DCE7A246A5EB7C
S214035380040BF0E702F1010B434639461AF8010D08
S214035390B0475A46D3E74346224639462020B0470D
S2140353A00AF1010AD2E72DE9F047DDE90D7616F09A
S2140353B0020F9DF82880DDE90854DDE90BCE1FD1E6
S2140353C006F001094FB1B9F1000F06D0B8F1000F8E
S2140353D002D116F00C0F00D0013F4FF0300A04E064
S2140353E0202C04D005F804A001347445F8D3B9F191
S2140353F0000F05D04FF03009A74201D9202C2DD13C
S21403540016F0100F1FD016F4806F2CD15CB37445C2
S21403541001D0BC4227D1B4F1010E23D0BCF1100F4A
S21403542046D1023C16F0200F28D1202C28D04FF06E
S214035430780C05F804C00134202C21D04FF0300C32
S21403544005F804C00134202C1AD0B8F1000F23D07D
S2140354504FF02D0C05F804C0013412E005F8049053
S2140354600134C9E77446BCF1100FDBD0BCF1020F60
S214035470E2D1202C04D04FF0620CDAE7202C08D1BE
S2140354802024CDE90A76CDE90854BDE8F047FFF7B6
S21403549046BF4FF0580CCCE716F0040F02D04FF07F
S2140354A02B0CD7E716F0080FEBD04FF0200CD1E704
S2140354B0BCF1020F7446C1D1DDE72DE9F04391B08C
S2140354C0189D1A9E1D9F0DB927F010077C0500D561
S2140354D015B317F0200F14BF4FF0410E4FF0610EB7
S2140354E0AC4600250DF12008AEF10A0EBCFBF6F91A
S2140354F006FB19C95FFA89F4B9F1090F94BF303472
S2140355007444E4B2B44508F8014B05F10105BCFB4D
S214035510F6F401D3202D10D11C9C069705941B9CF2
S214035520CDE903649DF86440CDE9015408AC0094CA
S214035530FFF739FF11B0BDE8F083A446D6E72DE99F
S214035540F04F95B0269ECDE90A23DDE91E74DDE90A
S214035550229B57EA040308BF26F010067205CDE91E
S214035560080102D557EA040337D016F0200F14BFFC
S2140355704123612300250DF1300AA3F10A082146D1
S2140355804A465B463846E5F7A5FCD2B2092A94BFDD
S214035590303242444F45D2B274EB0B0405F1010599
S2140355A00AF8012B01D3202D14D1259B06960593CB
S2140355B0249BDDE90801CDE903939DF88030CDE90E
S2140355C001530CAB0093DDE90A23FFF7ECFE15B09D
S2140355D0BDE8F08F07460C46D1E70025E5E708B19E
S2140355E000F014B8704710B1D1E90031184770477E
S2140355F038B5441E14F8015F25B90A2000F006F8F2
S214035600284638BD284600F001F8F3E70146002097
S214035610FCF7F3BB70477047EDF7BEBE704708B59F
S214035620FCF7BCFBD2F7A6F8BDE80840D4F7B6B93A
S214035630704708B5D2F7E6FBFBF756F8BDE8084017
S214035640E3F752BE08B5FBF778FFE4F7BBFBFBF7BF
S21403565052FEE4F759FFE4F745FFE4F7C7FEBDE85B
S2140356600840D7F7C5BB08B5D5F7DCFBFBF732FE1A
S214035670D5F7E4FBFBF730FED9F7CCFDD9F772FE7E
S214035680D9F77AFFBDE80840D9F798BE7047704748
S214035690E4F7D2BE08B5FCF7CCFFBDE80840FCF73C
S2140356A0F7BF704707B50022034611460120009254
S2140356B0D8F72AFF03B05DF804FB07B500920B4644
S2140356C0027D81898068FDF78CFD003818BF0120B4
S2140356D0C00103B05DF804FB08B50020E0F79CFAB0
S2140356E00020E2F72DF80020DAF726F90020DAF793
S2140356F0BDFB0020DAF7BCFD0020DBF7A9F800208D
S214035700DBF7D2FD0020DEF701F90020DEF76CFEA2
S2140357100020DFF761FCBDE808400020DFF74CBD42
S21403572008B50120FDF73FFA0120DAF765FABDE870
S21403573008400120DBF78CB808B50220E0F760FBD1
S2140357400220DFF753FD0220E2F708FB0220FFF7F3
S214035750A2FD0220FDF7C7FC0220DEF745FEBDE8EA
S21403576008400220DFF7ECBFDAF78ABBFDF7DBBFA2
S214035770704770477047704770477047704710B55B
S2140357800446DFF7F7FE2046FDF743FA2046DCF72C
S2140357909DF82046DCF7F0FF2046BDE81040FDF7F5
S2140357A0D5BCFDF7F0BCFDF7FABCDFF71FBC7047AE
S2140357B07047FDF752BA7047704770477047704797
S2140357C0704705F014B870477047DFF7A9BC7047F9
S2140357D070477047704770477047D0F7C3BBFEF7F4
S2140357E07DBC704700207047FEF77ABCFEF783BC8B
S2140357F07047431E012B03D9031F58425841704775
S2140358000120704700F021BC4FF4D0720021E5F769
S214035810CDBE70B50446E7F7A1FF0546A8B9A16952
S214035820F1B1238AD3B1204604F11002E7F744FE10
S21403583038BBE16919B3638AA3B1204604F11202A7
S21403584000F0CAFA78B1054603E00023A36123619A
S214035850E361002328466361236270BDA061E8E725
S2140358602082E6E7E361216A0029F2D0A28A002AB1
S214035870EFD02046E38ABDE8704000F06FBA61823D
S214035880F1E76582E561DEE711B9D0F8DC1021B1F6
S214035890CB6813B18B68D88970474FF6FF70704793
S2140358A0E7F740B810B50C461146E7F761F8E8F796
S2140358B08FFA012801D1002010BD002CF7D1052056
S2140358C0FAE700F0CFB900F0E3B970B5002324255A
S2140358D0D0F8DC00C4689C4201D1212070BD8268E8
S2140358E005FB0322D6898E4202D8128A8A4201D247
S2140358F00133F0E70020F1E7F8B506460D46E6F774
S214035900ADFAD8B94FF6FF734FF0240CEF68C1B267
S2140359108F4208D81C4621463046E6F755FC00F071
S2140359209AFB2046F8BDAA680CFB0122D4899C4248
S21403593002D2002CEFD023460130E8E70024F0E73C
S214035940C08D70470A7838B505461046FFF751FFF5
S21403595060B14C782046FFF74CFF38B1224353071B
S21403596004D42846BDE83840E7F74EBA212038BDB0
S21403597010B504460878FFF73CFF58B14A7810463E
S214035980FFF737FF30B1042A04D02046BDE81040A5
S214035990E7F758BA212010BD00F0E8B8E7F7BABD1C
S2140359A0084600F008BBE7F7F9B838B504460D46D5
S2140359B000F08EF850B129462046E6F705FC30B9CC
S2140359C029462046BDE83840E7F7B0B80E2038BD74
S2140359D070B516460C4604F064FD3146054620466F
S2140359E0EAF792FA0446284604F056FD204670BDB0
S2140359F000F032B970B5044600200E4600F027FBCF
S214035A00D4F8F0503DB1002331462046AC46BDE8FD
S214035A1070401A4660472B46012231462046E7F778
S214035A201DFB284670BD38B5044648880D4600F071
S214035A300EFBD4F8F0302BB929462046BDE8384093
S214035A40E7F71ABA022038BD00F003BB00F03CB9F2
S214035A50E6F73ABFE9F732BA70B5BDF81060054607
S214035A6006B16BB1334428469BB200F077F904467F
S214035A7020B91EB13146284600F0ABF9204670BD6A
S214035A802124FBE7E8F7A0BDC0F8EC100020704720
S214035A90E7F72CBC00F05EB910B4BDF804400194DF
S214035AA05DF8044B00F09FB80B4610B51446184635
S214035AB0A1689288E5F70AFFE168034631B1A0883A
S214035AC06288121A92B21844E5F700FF002010BD50
S214035AD00346408A18B1188A003818BF0120704759
S214035AE00846E9F7F7BA00F0ECBA00F0EABAE9F7C5
S214035AF003BD084708B5E6F72FFFC0B208BD022A64
S214035B0001D800F0E2B921207047022A01D800F03C
S214035B10EDB921207047022A01D800F0F9B92120F7
S214035B207047E8F743BA0846E8F75EBA00F018BAD3
S214035B3000207047002070477047D0F8943003F079
S214035B406003402B0DD0602B03D0203B58425841B6
S214035B50704749B10B68012B06D9486940F001002C
S214035B60704740F20110704700207047F7B50446AF
S214035B701046D4E954C7DDE908268CEA020587EA0D
S214035B8006010540194085EA0C057940C4E95451DD
S214035B90002523F4004106EA010320F0010043F444
S214035BA00073024043F00203CDE90055EBF776F8A5
S214035BB094F824309A0713D5D4F854319B050FD59F
S214035BC04FF48811204600F058FB94F82430024620
S214035BD065F3410384F8243020460B46E6F790FE2F
S214035BE0002003B0F0BDF0B587B01C461746BDF8DD
S214035BF030601AB90024204607B0F0BD002BF9D058
S214035C000029F7D001AAE8F7DFFC0028F2D0BDF898
S214035C100630A2199A42BDF80850C4BF9B1B9CB21B
S214035C20B54212D90399AD1BADB23144A5420391D7
S214035C30ADF808500DD22A463846E5F747FE0499D4
S214035C40621B7819E5F742FED5E70499761B3144C3
S214035C50049122463846F5E70846EAF7F5B80220E7
S214035C60E9F740BC08B5D0F8E4304BB11A68022A0D
S214035C7006D993F825204AB1186AB0FBF2F008BD9E
S214035C804FF446624C210020E6F700FB0020F6E7BF
S214035C90D0F8E42008B57AB11368022B0CD9536AFE
S214035CA013F47F4FC3F3072106D0126ADBB25343C4
S214035CB08B42B3FBF1F006D2002040F67F424C2124
S214035CC0E6F7E4FA002008BD0346D0F83001086082
S214035CD0B3F8343100208B80704790F830310C2BAA
S214035CE014BF90F82B00FF20704738B50C464FF4CE
S214035CF000610546ECF776F870B17CB195F81E3175
S214035D0073B94FF480724FF480712846ECF756F857
S214035D10003818BF012038BD2202F4E72246F2E716
S214035D200020F8E74FF48071ECF75CB808B54A0238
S214035D304FF40071ECF742F8002008BD08B58A025C
S214035D404FF48061ECF73AF8002008BD4FF4007179
S214035D50ECF748B8062300208B717047B2F5805FD6
S214035D60F8B50F460646154619462ED89A422CD342
S214035D703F2A26D9B2FA82F40122C4F11F03DBB20A
S214035D809A4092B2AA422CBFC4F11904C4F11A0471
S214035D90E2B20124931DDBB29C40A4B2AC4212D003
S214035DA096F8F5309BB9012096F8243060F3C713B4
S214035DB086F824303846E8F71BFA00203762B582A7
S214035DC0F8BD0022ECE70020EEE72120F8E70E20DE
S214035DD0F6E70846E8F72CBA70B505460E461446AD
S214035DE002B313883F2B1DD9B3FA83F3C3F119010A
S214035DF0C9B2062901D8192B12D0062928BF0621B5
S214035E0001238A1DD2B2934030462380E8F718FA5E
S214035E1023882846EE616B82E8F79CFA002070BD63
S214035E200021EDE72120FAE710B5144608460121C4
S214035E30E9F7E0FE2046BDE810400121E9F7DABEA7
S214035E40F8B504460E46174604F02BFB3A460546BD
S214035E5031462046EAF78CF90446284604F01CFB34
S214035E602046F8BD0220704703207047E9F732BB8F
S214035E7010B50023E7F7B2FD044608B9EBF72CF993
S214035E80204610BD704770B505460E46144600F012
S214035E90E3F831462846FFF72FFD00F0DDF8230729
S214035EA004D50B2C9CBF24F00804A4B22146284634
S214035EB0E6F758FD00224FF400312846EBF77EFF45
S214035EC0002070BD8021EBF78DBF7FB5531C05AA5C
S214035ED0ADF81410029202210022DBB2CDE90021B4
S214035EE01146EBF789FF07B05DF804FB7FB5531C3B
S214035EF005AAADF81410029204210222DBB2CDE902
S214035F00002100220121EBF777FF07B05DF804FBC1
S214035F101FB5531C029100220821CDE9002101225E
S214035F20DBB21146EBF768FF05B05DF804FB07B577
S214035F3091F82830009391F82B3091F8292091F8A6
S214035F402A10E7F7F9FF03B05DF804FB10B5044623
S214035F50E6F702FD01462046BDE81040E6F702BD1F
S214035F60002914BF21200020704738B50546104687
S214035F700C46E8F767F8D5B1D5F8E030BBB15B69F6
S214035F80ABB1421ED2B2FD2A13D90A68013204BF4E
S214035F906FF001020A600A68FF281A6007D1626878
S214035FA0013202D16FF00102626062685A6000201B
S214035FB038BD0128F2E738B50546EAF701F9044685
S214035FC00021A878E8F7A6F8204638BD2DE9F74F54
S214035FD001251C469DF83030064601930368174694
S214035FE003F0070306339D4005F1FF380B46A1B1C6
S214035FF0416804EA080BA5EB0B0A41F00059524529
S21403600009EB0B0114D952461846E5F75FFC4946DF
S2140360107A1B5A445044E5F759FC019B2BB13C4488
S21403602048EA050804EA0804F46003B0BDE8F08F04
S2140360301846F0E737B5002514460095FFF7C6FF68
S214036040204603B030BDE7F779BE00207047002036
S2140360507047002070477047704730B549000446C4
S214036060056812B102291FD90339C90395B9E1B1ED
S214036070B1FA81F3C3F12003C3F10F00012838BF3F
S214036080012003F01F03D940A94201D9013849086A
S214036090216030BDB5FA85F339B1B1FA81F29B1AA6
S2140360A0002BE9DC0F20EFE700210F20F0E70128A3
S2140360B005D9023818BF4FF0FF30C0B27047012031
S2140360C0704708B5E9F760FBBDE80840E9F784BB0D
S2140360D038B50446FFF7F5FF0546FFF7F2FF431B07
S2140360E0A342FAD338BD38B50D460446E9F74CFB50
S2140360F035B1844200D90139204601F0030138BD89
S214036100844238BF0131F7E708B50121FFF7EBFFFB
S214036110BDE80840E9F760BB0B0C23F48053B3F5E6
S214036120284FF7B50D468FB2064699B216D04AF6F3
S2140361300103994214D04AF60203994212D0B1F5EC
S214036140204F14BF04240324D6F8E0300BB119689B
S21403615051B9D6F8DC3093B928680EE00024F3E78B
S2140361600124F1E70224EFE7234668463A46E9F7B7
S2140361708FFBDDE90003002BEBD103B0F0BD1968FC
S2140361800029E9D0234668463A46E9F781FBDDE96C
S2140361900003002BE0D1F0E702F002BB0204C0F3D9
S2140361A0891307D56FEA83536FEA935313F5007F7A
S2140361B018B206D0A3F1C8006FF4FF739842B8BFB5
S2140361C0184670474FF0384359699A6903F50053E8
S2140361D00A405A6170470E207047EBF771B9EBF728
S2140361E06FB9EBF76DB9EBF76BB908B50846EBF784
S2140361F08DFD08BDEBF764B9022070470220704797
S2140362000020704701207047002070470E2070471B
S21403621000207047E7F7DCBD084611460122FFF76A
S21403622041BB70B505460C4611461A46EBF720FEF1
S21403623006682B462046B446BDE87040604710B556
S214036240EBF716FEBDE8104083681847FFF710BE4D
S214036250E7F7E6BCFFF7A9BBE7F7F0B970B5044666
S2140362600D4616464FF4881100F01CF832462946B0
S2140362702046BDE87040E7F705BF38B505460C462F
S21403628004F00FF9D5F890301C40D5F88C30234332
S214036290C5F88C3004F000F9211E18BF0121002038
S2140362A0490238BD38B504460D4604F0FAF8D4F86A
S2140362B090301D40D4F88C3023EA0505C4F88C5082
S2140362C004F0EAF8284638BD38B504460D464FF4C0
S2140362D08811FFF7E7FF29462046BDE83840E7F771
S2140362E0F9BE73B50D7806460C4635B304238DF810
S2140362F004302379304601A98DF80530FFF738FBC3
S2140363000546B8B92278A37952BB8DF80430E379F1
S214036310304601A98DF80530FFF714FB054648B94A
S21403632023783BB161883046E6F7A6FF0121304665
S214036330FFF7DBFC284602B070BD2946FFF7D5FC05
S21403634029463046FFF7F2FC29463046FFF7F6FCAF
S2140363502378002BCAD123798DF804306379C9E7F3
S21403636002228DF80420D3E7FFF7E0BCFFF7EEBC6C
S2140363700020704710B50446EBF714FE21460020B4
S214036380ECF764FCBDE81040002000F02BB9704722
S2140363900120704708B5EDF787FA80F00100C0B218
S2140363A008BD4FF0FF30FFF79EBB704700207047D5
S2140363B010B50C4603F036FE048010BD38B50C4607
S2140363C0154603F02FFE03881DB11C43A1B20180BE
S2140363D038BD23EA040189B2F9E708B503F022FEC3
S2140363E0008808BD08B503F01DFEC07808BD08B5D3
S2140363F003F018FE008800F00C0008BD08B503F093
S21403640011FE008800F00C00031F5842584108BDD7
S21403641038B5054603F006FE04462846FFF7EEFFAA
S21403642030B904F1100004F01CFA00F4406038BDE3
S2140364304FF40060FBE738B5054603F0F3FD04466A
S2140364402846FFF7DBFF014648B9103420460422EE
S21403645003F028FD2044BDE8384004F002BAA088C3
S21403646038BD10B50C4603F0DDFD848010BD38B58D
S214036470054603F0D7FD04462846FFF7BFFF30B9AD
S21403648004F1100004F0EDF900F4404038BD4FF479
S2140364900060FBE738B5054603F0C4FD044628460E
S2140364A0FFF7ACFF014648B910342046062203F036
S2140364B0F9FC2044BDE8384004F0D3B9A08838BDC1
S2140364C038B5054603F0AEFD04462846FFF796FFAB
S2140364D0014608B1201D38BD10340622204603F0BD
S2140364E0E1FC2044F7E708B503F09CFD007A08BDFD
S2140364F008B503F097FD90F9090008BD08B503F049
S21403650091FD807A08BD08B503F08CFDC06808BD10
S21403651010B50C4603F086FD047210BD10B50C468C
S21403652003F080FD447210BD10B50C4603F07AFDEF
S214036530C46010BD2DE9F8430F468046002107F1DD
S21403654010001646994603F0E1FD0446D0B103F069
S21403655069FD0546204603F081FD002102462846D4
S214036560E5F724F800232046AB7049F00401FFF753
S2140365701FFFA5F804802EB13A46314605F11000F8
S214036580E5F7A4F92046BDE8F883F8B505460F46B7
S2140365901020002103F0BAFD0446B0B103F042FD1B
S2140365A00646204603F05AFD002102463046E4F72D
S2140365B0FDFF002339462046B370FFF7F9FE25B1E9
S2140365C02A460121204603F079FD2046F8BD08B58A
S2140365D003F028FD103008BD08B503F03FFD103862
S2140365E0C0B208BD0020ECF759BA08B5ECF7B4FC06
S2140365F0002008BD4088C0F30C000330800840002C
S2140366000430704770B50E4605461146304603F013
S2140366107DFD044635B128B103F004FD3246294614
S214036620E5F716F8204670BD0088B0FA80F04009FA
S214036630704738B505880022044604F07CF905B196
S214036640258038BDF8B507460D4600880021164656
S21403665003F020FDB042044605D129463846BDE87E
S214036660F840FFF7E6BF0021204603F013FDB042D3
S21403667005D02046002103F00DFD0446F3E72A4625
S2140366802046002103F01AFD32462846BDE8F840AE
S214036690002103F013BDF8B5058807467DB1CCB2DB
S2140366A02146284603F0F6FC8542064609D1002318
S2140366B03B8000222146304603F000FD354628463F
S2140366C0F8BD214603F0E6FC21460246284603F0C1
S2140366D0F5FCEEE72DE9F047078882468846144620
S2140366E05FB3384603F0BAFC3D460646E4B221469D
S2140366F0284603F0CFFC4045814616D1214603F0D9
S214036700C9FC21460246284603F0D8FC474504D177
S214036710454508BF0025AAF80050002221464046FA
S21403672003F0CCFC3046BDE8F0878742FAD003F08E
S21403673095FC30444D4686B2D9E73E46F2E7002242
S2140367400123C0E900237047F8B504460127002655
S21403675003F0B4FE23683BB903F0ABFE0022636884
S214036760012B0ED16360F8BD1D691F61266003F01F
S214036770A0FE012DF2D02B462D691E61012DFAD104
S214036780E6E719691A610B46EAE7036823B9406826
S214036790012803D0EDF728B9002070474FF0FF30EB
S2140367A07047F8B5054603F077FF01230646002732
S2140367B0A8602B7303F082FE2B6802467BB11C692C
S2140367C02169A1420CBF2F6019612761104603F0AF
S2140367D070FE012C08D0204663689847EAE76C6889
S2140367E0012C04D103F065FE00232B73F8BD616909
S2140367F0711AB1F1004FF5D8216969602361E5E7A5
S21403680002207047022070470020704701448842E8
S21403681001D10120704710F8013B9342F7D00020C6
S214036820704770B50146064692B00020EBF7E6FDCA
S214036830044670B9FDF7F1FF054601466A46204651
S214036840ECF722F96A46294620468DF80260ECF7F3
S214036850D1FB204612B070BD00B593B0FDF7DDFF47
S2140368606A4601460020ECF70FF99DF9020013B0C3
S2140368705DF804FB00B593B0FDF7CFFF6A4601460B
S2140368800020ECF701F99DF8000013B05DF804FB57
S214036890ECF7BEB8012070477FB54FF6FF7101AA2B
S2140368A0EDF714FB20B1BDF80C0007B05DF804FB50
S2140368B04FF6FF70F9E708B51046EEF7CDFABDE8D8
S2140368C00840EEF787BB70477047704770477047BE
S2140368D070477047704738B54FF6FF750D800C4606
S2140368E0F6F77EFB2080A8420CBF2D20002038BD83
S2140368F0002100B593B06A460846ECF7C5F8BDF824
S214036900060013B05DF804FB002110B592B00446F0
S2140369106A460846ECF7B8F800216A460846ADF81A
S2140369200640ECF767FB12B010BD002100B593B02C
S2140369306A460846ECF7A8F8BDF8040013B05DF8FD
S21403694004FB002110B592B004466A460846ECF7ED
S2140369509BF800216A460846ADF80440ECF74AFB6C
S21403696012B010BD70472DE9F04F87B00C46914624
S2140369700746FFF73CFD0546661C304603F071FFED
S214036980042D40F090803846FFF721FE0378092255
S21403699003F00303012B14BF022303230121204624
S2140369A0039303F07FFA092200210546204603F0ED
S2140369B079FA21788DF8170001390022204689B22A
S2140369C0FFF720FE04EB09088346F0B14FF0010AF7
S2140369D02A460146CDF800A003980DF11703FBF7EE
S2140369E0DDFE0228054626D1584603F037FB002273
S2140369F02070C0B2431E00929BB2524659463046A0
S214036A0004F028F82378534423703846FFF7E5FC50
S214036A10020424D498F8013021789B071FD5013946
S214036A20A1EB09013A464046C9B2F1F7D3F92378F8
S214036A301844207013E020B92070284607B0BDE83C
S214036A40F08F032809D1404603F00BFF20F40071B2
S214036A5089B2404603F007FFD7E70428D5D10125BE
S214036A60002220462178FFF7CDFD07460028E4D014
S214036A704FF000080146434601224046CDF8008009
S214036A80FBF78CFE022819D1384603F0E7FAC2B2A8
S214036A90013A207093B2394601223046CDF8008081
S214036AA003F0D8FFC9E780F0800520F0800081B2AC
S214036AB03046C5F3C01503F0D6FED1E70028BCD197
S214036AC02070BAE708B50020FFF764FC80F00100E9
S214036AD0C0B208BD0A4608B501460020EDF744FCDF
S214036AE0B0FA80F0400908BD0020ECF7B7BB0021E0
S214036AF00846ECF75BB80020FFF74ABC70B50446BF
S214036B0003F0AFFE042200210646204603F0CAF92E
S214036B10204403F0A6FE032205460021204603F088
S214036B20C1F9204403F09DFE4FF6FF730540ADB256
S214036B309D4214D1F30712D506220021204603F006
S214036B40B1F9204403F08DFE0446EDF77FFC844242
S214036B5014BF02240624EDF773FC204070BD2046C4
S214036B60FBF7EDFFC400E4B2F5E708B5FFF7C6FF91
S214036B70003818BF012008BD0120704710B5044631
S214036B80FEF71DFB08B9FEF71CFB03050FD40C2309
S214036B901B2B01D1002009E020FA03F1C90703F1FA
S214036BA0010206D5DBB2E31A5842584110BD0B2347
S214036BB0F9E71346ECE710B50C46098819B90846F9
S214036BC0F7F766FD2080012010BD08B510461A466B
S214036BD000F08CFABDE8084003F0E1BD70B504464A
S214036BE00D46164692B06A46EBF74EFF6A462946AE
S214036BF020468DF81F60ECF7FDF912B070BD10B596
S214036C000C46EDF7FFFF2046BDE81040EDF710BF3A
S214036C100129F8B505460C461DD003291ED00529C3
S214036C2020D0072922D00026002400270120EBF7D6
S214036C307DFE304485421DDA0320EBF777FE2044C1
S214036C40854219DA0520EBF771FE38448542B4BF56
S214036C5007200520F8BD6FF00406E5E76FF004048F
S214036C600526E2E700266FF00407DFE70024052782
S214036C702646DBE70120EDE70320EBE738B143794F
S214036C80490023F00C0301F00C010B4343717047DA
S214036C9010B5044678B141794088490801F00601E9
S214036CA00131000AFFF7B4FF024601462046FFF70C
S214036CB0E5FF104610BD0722FBE738B50D46EDF796
S214036CC08FFF044608B9002038BDFFF7E1FF002D0B
S214036CD0FAD1237913F00703F5D0984238BF184644
S214036CE0C0B2F1E7EEF78AB90022EEF7ADBA00219B
S214036CF0012208B5EEF7A8FA401A18BF012008BD0E
S214036D0038B51546FFF7F0FF0446284603F086FE1F
S214036D1084B1FF2804D0626822FA00F3DB0701D5AA
S214036D20012038BD0123834013436360E3780133B6
S214036D30E370F5E72046F4E7EEF7E0BC10B503F0A2
S214036D4071F900F11004204603F08BFD20F4007166
S214036D5089B22046BDE8104003F085BD2DE9FF410A
S214036D601546019101218DF80D301B0A8DF80E3062
S214036D709DF82C308DF80C008DF80F302846042330
S214036D80009103AA9DF828809DF830709DF8346022
S214036D9001F016FB044670B12946FFF762FBB8F113
S214036DA0000F02D12046FFF7C9FF2FB146B931467F
S214036DB0204601F0D0F80024204604B0BDE8F08158
S214036DC0002220461146EEF71FFCF4E74FF47A70D4
S214036DD0EEF774BD08B5ECF71BFEBDE808400020CF
S214036DE0EEF772BE00B58BB06846EEF743FD009B28
S214036DF0BDF8060004A90693EEF7E2FC0BB05DF8B7
S214036E0004FB1FB504466846EEF734FD02AB03CB1E
S214036E102060616004B010BD1FB5062304468DF8DC
S214036E200C30EEF7ABFF00238DF80D00CDE90033F1
S214036E3001210223204603AA01F0C2FA04B010BDC2
S214036E4038B5002208210546FFF7E0FC044698B94A
S214036E50FFF74EFD22464FF6FF71EFF7E7F9284698
S214036E60297CEEF761FE287C6A69E989F0F75CFD08
S214036E70EEF7D2FD204638BD0120FCE770B50C4680
S214036E8005460120EFF75EFD237B4BB1FFF730FD90
S214036E90014623462A46BDE870400120EFF7E4B9D1
S214036EA04FF6FE71F5E7F8B50E460746FFF78FFB7C
S214036EB0054603F0D6FC00F44040B0F5404F14BF3F
S214036EC00022062202F10A03EB5C0B325C0004F09C
S214036ED00E045B08144403F0380338461C44FFF7DB
S214036EE07BFB844208D2001BC2B20F2A28BF0F22A4
S214036EF030462919E4F7EAFC2046F8BDECF788BDCE
S214036F0040F62740F0F78EBAFF224FF6FF71F0F7F0
S214036F10BDBB07B500210DF10700F0F7EFFC9DF8A8
S214036F20070003B05DF804FB13B5044601A900206F
S214036F30F0F7E4FC019A01462046F0F7F5FC2046FC
S214036F4002B010BDF0B50F46002187B004460846D0
S214036F501646F0F7D3FC012305460DF10A008DF81B
S214036F6008408DF80930FFF74CFF092C1DD1314638
S214036F700DF1120003F077FC05AB002102AA9B1A61
S214036F802846CDE90011DBB2642101F019FA054663
S214036F90E0B1092C15D1F0F711FD044688B1284657
S214036FA0F0F720FD204607B0F0BD31460DF1130083
S214036FB08DF812704FF6FF7503F055FC0DF11503AF
S214036FC0DBE7284600F014F80446EBE70446E9E757
S214036FD038B504460D4603F03BFD40B1AC4206D03F
S214036FE0204603F02CFDBDE8384000F0ACBF38BDAA
S214036FF010B50446FFF7EBFA023003F032FC4FF607
S214037000F7739842204603D9BDE81040F0F764BEF4
S214037010F0F7A4FEB0FA80F0400910BD01207047D7
S2140370200022F0F791BD70B504460088FFF7CFFA4B
S2140370300546043003F015FC0646A81C03F011FCB5
S214037040054603F024FB3046F2F76EF830B92846BF
S214037050F2F76AF810B1284603F0FAFCA37800208A
S21403706023F00F03A37070BD70B50546FFF7AFFAA4
S2140370700646284601F0C8F901462846F7F73CFFBE
S21403708004462846FFF7D7F94FF6F773984208D811
S214037090337803F00303012B05D1A31E584258414E
S2140370A070BD0120FCE70020FAE741F2033330B558
S2140370B085B00D46ADF808300446FFF719FC8DF889
S2140370C00A00FFF715FC0021000A8DF80B000523C4
S2140370D02046CDE9001102AA8DF80C5001F070F994
S2140370E010B12146FFF79CFF05B030BD2DE9F041F6
S2140370F0044617460D46E1B13F294FF0000600D17E
S21403710035462046FFF773F9082814D10121204697
S21403711002F0C0FF064602F0A1FF0446304602F026
S21403712081FF3B4601462A46E0B2BDE8F041FDF743
S21403713018BC0126E5E72046FFF759F9024630B9A1
S214037140BDE8F0414FF6FF71012003F053BB204624
S214037150FFF75EF9B0F5006F0ED12046FFF76BF927
S2140371604FF6FF739842014617D0002D0CBF03203D
S2140371700520002203F03EFB29462046EEF7FCFAE4
S21403718068B929462046F1F76DFF40B932462946CD
S2140371902046BDE8F041F0F725BF0120E9E7BDE84A
S2140371A0F0817047704737B54FF6F675FDF738FB35
S2140371B0431E9BB2AB420446F8D8EDF711FD0028F8
S2140371C0F4D169462046EDF72DF80028EED0204688
S2140371D000F09AFE0028E9D12046FFF788FD002834
S2140371E0E4D12046F1F7A0FF0028DFD1204603F0C4
S2140371F02FFC0028DAD12046FDF71DFB0028D5D149
S214037200204603B030BD73B504460E46F1F78CFF37
S214037210054688B92046F1F7E1FF21462B460D22A5
S2140372204FF6FD70009500F0A1F83146204602B0F7
S214037230BDE87040F1F794BF02B070BDF7B50446E1
S2140372400D461746FFF754FB0646002D3FD04FF674
S214037250FB739C423BD82046F1F766FF08B1A64273
S21403726035D02046F1F760FF10B1012003B0F0BD22
S2140372702046FDF7E0FAC0B1A642F6D0F4B169465F
S2140372802046ECF7CFFF0246C0B908216846FFF751
S214037290BDFA98B9082269462846E4F7D3FC68B1D4
S2140372A029462046FFF7AFFFDFE7A642E6D128468A
S2140372B0EDF726F810B900F03DFED6E73FB12146BC
S2140372C02846EDF733FE21462846F5F76FFE0020E5
S2140372D0CCE737B5054614460C2914D8DFE801F089
S2140372E02C132C13131307131313132424006946A8
S2140372F0ECF798FF18B901216846F5F755FF4120CA
S2140373002946F8F775FAD4B12046FFF760F902303C
S21403731003F0A7FA4FF6F773984210D9204603B046
S214037320BDE83040F0F78EBD40F6144040F61343F8
S2140373300B2908BF1846E3E700F0EDFDE3E703B0CB
S21403734030BD1FB50346084603218DF80D308DF872
S2140373500C1001230021ADF80E20CDE9003103AA5D
S214037360042301F02DF805B05DF804FB2DE9F34185
S21403737006460F4614461D469DF82080FFF7B8FACA
S214037380B04207D100222146384602B0BDE8F0419C
S214037390FFF79FBF3A4631462046FFF7D2FFADF8C8
S2140373A0060060B10D2C05D100224FF6FF71282090
S2140373B003F020FA35B9BDF80600FFF719FE02B050
S2140373C0BDE8F0810123424629460DF10600ECF79D
S2140373D073FABDF80630002BEDD1F0E7F7B50C468F
S2140373E00546FFF7F4F8611C06462846F7F784FDC2
S2140373F0A11C0746284600F02AFF014604463846E5
S214037400FDF747FA0D2F34D12046F1F78DFE78B1FC
S214037410301D03F026FA04462846F679FFF73AF8B5
S21403742031460246204603B0BDE8F040FFF768BC8D
S214037430B01C03F016FA4FF6F773984202D92846A3
S214037440F0F700FD2046F1F7C9FEFFF751FAA04218
S21403745005D1002003B0BDE8F040FFF7A2BE6B469F
S214037460B068F16803C369462046F1F779FE03B0B6
S214037470F0BD2A463946204603B0BDE8F040FFF784
S21403748028BF14220021E4F791B82DE9F04F11F03C
S2140374900F0704460E4615468FB05CD10120E1F770
S2140374A003FD09A8FDF7F3FA092309A88DF824308C
S2140374B0FDF7F1FA09A8E1F7C9FC01A909A8FDF748
S2140374C07BFC26F00F08A84404F1100904F10F0A08
S2140374D0454511D1236901A93344236109A8FDF762
S2140374E050FC0020E1F7E0FCB6F1005F28BF272739
S2140374F038460FB0BDE8F08F05AA23469646944655
S214037500186859680833ACE803004B456246F6D161
S2140375102B46224605F1100B53F8041B5B4542F835
S214037520041BF9D1714609A8FDF72BFC09A8E1F75E
S2140375308DFC224621460120E1F772FC013D631EC5
S21403754013F8012F15F8011F534582EA01021A703A
S214037550F6D15D46BCE70227CAE7F0B5174685B005
S21403756005460C46102200216846E4F71FF8BFB311
S214037570C4B30F2C04F00F0608D924F00F043A46C0
S21403758021462846FFF781FF40BB2744324639464B
S2140375906846E4F79BF980222F6906F11003374407
S2140375A06B44B7F5005F03F8102C2F61C6F1100685
S2140375B01AD3062E1FDDFB001A0E8DF80A201A0CAE
S2140375C05BBA8DF80B20ADF80C306A4610212846BE
S2140375D0FFF75BFF00202B69103B2B6105B0F0BD66
S2140375E03E46D8E72646D6E7022E04DDFB005BBA06
S2140375F0ADF80E30E9E76A4610212846FFF745FF47
S2140376002B691022A3F11004002168462C61E3F7CE
S214037610CDFFB7F5005F4FEAC403CDD2E7E770B5F9
S2140376200E46054686B001A81446FFF72AFF3246E3
S214037630294601A8FFF791FF2246054601AB05AE92
S2140376401C4603CCB44210605160234602F1080284
S214037650F6D1284606B070BDF1F718BE0A460021DB
S214037660F1F714BEF0B58BB00C4601A9F1F70EFE88
S214037670054680B325220021E01CE3F797FF01238C
S214037680A3700E23BDF810702380FA0510D5234689
S2140376904FF4877206AE23F8042B0DF1280C3246FE
S2140376A003CA624518605960164603F10803F6D10B
S2140376B03B0605D5238843F080032380069B63603F
S2140376C001AB03CB039BC4F81D00C4F82110A361D0
S2140376D0F2F7C0FF606128460BB0F0BD30B5054633
S2140376E00C4687B001A8FDF7D2F92868696802AB93
S2140376F003C39DF8113043F002028DF8112074B1D4
S2140377002288510644BF43F006038DF81130530513
S21403771042BF9DF8113043F008038DF8113001A8DD
S214037720FDF7B0FAB0FA80F0400907B030BD2DE996
S214037730F3410F460546164602F090FC4FF000084C
S214037740C41BE4B2294623463A463046CDF80080A9
S21403775003F080F90121284602F09CFC88B1012140
S214037760284602F097FC074602F078FC0546C3B2AB
S214037770424630193946CDF8008003F06BF92544AC
S214037780ECB2204602B0BDE8F0812DE9F04F85B09B
S2140377900C46054691461F464FF0010ADDF8388031
S2140377A09DF83CB002F05AFC22463B462946064664
S2140377B0CDF800A0484603F04DF95146284602F09E
S2140377C069FC3C4418B35146284602F063FCF6B203
S2140377D0B442814610DAE7B2F31BDBB240462246D8
S2140377E02946CDF800A003935F4403F033F9039BC7
S2140377F0BF1B984407F0FF0B012300220E93494654
S2140378005B46404605B0BDE8F04F03F023B95B4640
S21403781022462946CDF838A0F3E72DE9F0410026A5
S21403782086B0074608460C4615469846CDE90266D6
S21403783004968DF8146002F011FC411BCBB20D2B9D
S21403784028BF0D232A462146009602A803F002F914
S214037850424602A93846F1F76FFE064629462046F9
S2140378609DF80820F7F75CFB304606B0BDE8F081CC
S2140378702DE9F04F0E46CBB00121054617461C46B0
S21403788002F008FC23463A462946814606A8FFF737
S214037890C4FF0DF1280A00EB070B52463146284673
S2140378A05FFA8BFBFFF743FFB34503D200204BB0D1
S2140378B0BDE8F08FABEB06085FFA88F808F104031F
S2140378C09842F3DB331F18440423C4B20193A31B6B
S2140378D0DBB20093524643460021CDF808A006A823
S2140378E0E1F752FA0028E1D1A4EB0B040AEB0803F4
S2140378F0E4B2524628463146009301944346FFF7C6
S21403790044FF39462846F7F7F7FA394600F0F802F7
S2140379102846F7F705FB0121284602F0BBFB0028A3
S21403792018BF4D462846ADF8165002F097FB011FC8
S214037930C9B20DF1160000F04FFC0120B7E72DE9A0
S214037940D841064600F060FD411C044689B2304625
S21403795000F02DFD98B394B321463046F7F7CCFAE2
S21403796000F00C03042B074629D000F00308B8F1F7
S214037970020F00D11BBB384600F0B0FD3B060444A3
S214037980A4B216D5611C304689B200F010FDB0B122
S21403799021463046F7F7B0FAB8F1010F014600F07A
S2140379A003030CD0032B0AD0384600F0A6FD0319B8
S2140379B09CB221463046BDE8D84100F0F8BC002012
S2140379C0BDE8D881F8B5064600F0E0FC0546044657
S2140379D03046FEF7FCFD43785B0718D5AC1CA4B213
S2140379E02146304600F0E3FCB8B129463046F7F7A7
S2140379F083FA0746691C304689B2F7F77DFA1FB14A
S214037A00874201D8FF2808D104EB4704A4B22146D5
S214037A103046BDE8F84000F0CABC0020F8BD13B5F8
S214037A20044601A8F1F7E0FFBDF80430DA0710D4E6
S214037A309B0707D410220021204602B0BDE8104061
S214037A40E3F7B4BD224621461020FFF7E8FD0028E1
S214037A50F0D102B010BD024608B5F1F7EDFF5105AF
S214037A6044BF0838C0B2130544BF0838C0B208BDC7
S214037A70F0B5D30705460C468BB04AD5008800F010
S214037A80C3FC00230646029314B9CDE9034403ACB2
S214037A90002208212046FEF7B9FEA8B12888FEF783
S214037AA096FD023002F0DDFE21460746ECF7BAFBF0
S214037AB050B1002240231146384600F005FA40F63E
S214037AC0094528460BB0F0BD31462888F7F714FA67
S214037AD010F0030F0CBF01260026F1F71BFC46EA45
S214037AE04000C0B200900021204602AB05AAF3F77F
S214037AF0EDF90546F1F70EFC0028E2D0002DE0D0A4
S214037B0000212046009602AB05AAF3F7DFF90546E7
S214037B10D7E740F60A45D4E700231A46F3F742B9F7
S214037B2030B58BB005AD04462846FCF7B0FF0223FC
S214037B30284601A98DF81430FDF73EF9234601AA1D
S214037B40144603CCAC4218605960224603F108037E
S214037B50F6D10BB030BD08B50023024619461846C9
S214037B60F3F720F9012008BD37B504466846F3F756
S214037B7091F9054648B1082221466846E4F762F8BB
S214037B80B0FA80F0400903B030BDFF22082120463A
S214037B90FEF73CFE034628B106212846FFF7BCFF46
S214037BA00120F0E722460146F3F7FCF8F8E707B5AD
S214037BB06846F3F76FF910B16846FDF76CFA00F004
S214037BC0010003B05DF804FB0120F3F739BE7047EC
S214037BD030B50124054689B003A8FCF758FF01A871
S214037BE08DF80C40E1F790F99DF806209DF80730D4
S214037BF0AA4209D0AB4209D103A88DF80D40E1F79C
S214037C0025F9012009B030BD0024F5E70020F9E787
S214037C1000221021FEF7FABD70477FB50D4600F52A
S214037C2082300D22694600F58070D5F707F96B465A
S214037C302A4602AE1C4603CCB4421060516023466B
S214037C4002F10802F6D1206810602379137100232D
S214037C506B7304B070BDF0B585B06A4605460B4637
S214037C60164601F10807144618685968083303C412
S214037C70BB422246F7D118680D2220601B7905F512
S214037C8082303146237100F58070D5F703F905B0CD
S214037C90F0BD38B504460D46E0F728FCA04205D9EA
S214037CA020462946FFF7B9FF002038BD2820FCE709
S214037CB030B5002485B08DF80040E0F717FCE5B238
S214037CC0A84204D8F5F7D4F8002005B030BD6946BD
S214037CD02846FFF7C0FF0134EFE738B50446002017
S214037CE002F0ABFEFF2805460FD002F0AEFE10F002
S214037CF0010009D0284602F0A8FE400840EAC170F9
S214037D0080F0010000F0010038BD04F00100FBE73D
S214037D100146F8B506460020F4F7E4FFFF2801D035
S214037D200120F8BDE0F7D2FB00240546871CE0F7E8
S214037D30D1FBE3B2984201D80020F2E735F82430AD
S214037D40B34203D117F82430002BE9D10134EEE710
S214037D5038B50D460121044602F09CF930B10121E5
S214037D60204602F097F92880012038BD20462C8053
S214037D7000F020FC0130C0B2F7E72DE9F04788B0E9
S214037D800746894610460DF10A011D469046FFF741
S214037D90DFFF4FF0000ABDF80A6004463046CDE91F
S214037DA005AACDF81BA002F059F9031BDBB20B2B77
S214037DB028BF0B2322463146CDF800A005A802F0C3
S214037DC049FE48F21F039D4243D00BD885F4004377
S214037DD0012B15D923464246494628460097FDF708
S214037DE0A7F933E048F23A039D42F3D1FEF780FD4C
S214037DF0B8422BD02246414605A8FDF7CAF925E02E
S214037E009DF8143013BBBDF81D40DDF81500DDF8F2
S214037E10191003AB03C3204603A9E0F75BFD012259
S214037E20204603A9FFF70AFAA74206460ED0012109
S214037E3003A8F5F7B9F948F201039D4206D12EB916
S214037E40334632463946204600F058FC08B0BDE8B3
S214037E50F0879DF81450002DF8D12F469DF8158015
S214037E600234EAB24245F1D2D200D2B22244082307
S214037E70314692B2009703A8CDE9037702F0EAFDF4
S214037E8003A800F074F802F0DAFD00F05CF80135A0
S214037E90E7E710B50024418084800480C280038114
S214037EA010BD13B5BDF81040CDE900340023F5F737
S214037EB049FC02B010BD13B5BDF810400190009404
S214037EC0F5F740FC02B010BD07B500930123FFF79A
S214037ED0F2FF03B05DF804FB0123F5F7D9BC38B510
S214037EE00546EFF76BFD0446E0F70CFBA40144EAF6
S214037EF04020284038BD7047704700207047FF2059
S214037F007047002070477047002070474FF6FF7099
S214037F107047002070477047002070477047002066
S214037F2070477047002070470020704770477047BF
S214037F300020704770477047002070474FF6FF7069
S214037F4070471720704770477047704770477047F1
S214037F5070470120704701207047002070470020BB
S214037F6070477047704770474FF6FF7070474FF67D
S214037F70FF7070470020704700207047002070474E
S214037F807047002070472DE9F04F002785B08146E3
S214037F900C467E2039469846BDF83CB09DF844A072
S214037FA0BDF84C500192ADF80E7002F0AFF80646DD
S214037FB0002800F0AA8002F035F839467E22E3F75F
S214037FC0F5FA304602F02EF80090304602F02AF812
S214037FD0B9F1FF0F0CBF274644F003073B0A14F41E
S214037FE04062077043705FD14FF00808C31C184601
S214037FF042460199E3F72CFB034604F4404443440A
S21403800084B1790606D419464FEA1B2201F802BB4F
S2140380105A700B46B4F5004F56D0A4F5404254426E
S2140380205441E400224618460E99E3F711FB009AE2
S21403803003462044A0EB02085FFA88F89DB14FF48C
S2140380407C521A53841C284601F0ECFF83462846CC
S21403805002F004F8C5B22A4659462046E3F736FC32
S21403806060190235EDB2B9F1FF0F2FD052461099C1
S21403807000F8019BE3F72AFC08F101015AFA81F1A3
S21403808029443046EBF7AEFB0C210022FF0007F035
S214038090800710463943FEF778FAADF80E00E8B9C4
S2140380A0002005B0BDE8F08FB2F5006F80F80380BE
S2140380B04FEA182880F8048000F1050314BF4FF038
S2140380C008084FF0020892E70224ABE708EB0A0120
S2140380D029443046EBF786FB0821D6E7304601F005
S2140380E0A1FF0446304601F0B9FF012302462146AC
S2140380F00DF10E00EBF7E0FB0028D1D10121BDF80E
S2140381004820BDF80E0001F0D9FFBDF80E00C8E701
S21403811010B50C46098821B90846F6F7B9FA208047
S21403812008B1012010BD0220FCE72DE9F047804688
S2140381300F460646002402F1FF39BC4202D219F864
S214038140015F25B9A6EB080080B2BDE8F0879A4622
S214038150A5F13102012A5AF8041B10D83246322DF3
S21403816002F8011B06D10134A4B2A74232D3091286
S214038170B21C7170013453461646A4B2DDE7342DA3
S2140381800CD10334BC42DDDA0B0A317073700B0C6E
S214038190090EB370321DF170A4B2EBE7A5F13302FA
S2140381A0062A0DD8303DADB22B19BB42CADA2A4691
S2140381B03046013CE3F74CFA15FA84F47219EBE700
S2140381C0A5F14102062A01D8373DECE79D8803F165
S2140381D0080AE9E71646B5E770B5054600880C4673
S2140381E001F03CFFA04228880AD201F037FF0023A3
S2140381F0221A19462846BDE8704092B2EBF75CBBDC
S2140382002146EBF7EFFA002070BD38B5054601F0BE
S21403821009FF0446284601F021FF002201462046B6
S214038220BDE83840FEF7EEB9F8B516460C461D46CF
S214038230BDF8187001F0F6FE0444304601F0F2FE75
S2140382403A4641192046BDE8F840E3F701BA70B54F
S2140382500C46013189B20646F6F74EFE2146054620
S2140382603046F6F749FE00EB052080B270BD1FB519
S2140382700123ADF80C2000930A460223014603A807
S21403828002F0E8FB05B05DF804FB0FB437B5069DB6
S2140382900021A8B201F03AFF044601F0C3FE2CB158
S2140382A0002207AB0193D1B28D4205D8204603B016
S2140382B0BDE8304004B0704753F8041B81540132C4
S2140382C0F1E773B504460D4640200021164601F03B
S2140382D01DFFADF8060001F0A5FEBDF8063013B984
S2140382E0002002B070BD402133462A462044FFF7E3
S2140382F01CFF211889B20DF10600FFF76DFF002859
S214038300EED1BDF80600ECE70EB403B503AA52F8A7
S214038310041B0192FFF7D5FF02B05DF804EB03B030
S21403832070472DE9F7430F4601218146164601F0B3
S214038330B1FE054658B1FFF768FF308088B9284676
S21403834001F08CFE68B1192003B0BDE8F0834846FF
S21403835001F084FEFF2FA0EB0704E4B214D014B997
S21403836034800020F0E72A4621462846FEF74AF9DD
S21403837080460028E7D03B464A4629460094FFF746
S21403838053FFA6F80080ECE70120DDE708B5FEF70B
S2140383901EF9437803F001001A074CBF103008306B
S2140383A0DB0644BF0830C0B21030C0B208BD10B5FB
S2140383B00C4601F053FEA04234BF0020012010BD3E
S2140383C07FB514460091024641F2092141F6092081
S2140383D09DF820601D46002E18BF0146099B00200D
S2140383E0F6F7B2FDADF80E0010B9002004B070BD6C
S2140383F001232A4621460DF10E00EBF75DFA00280D
S214038400F3D1BDF80E00F1E738B50546FFF7BEFF1A
S2140384100446284601F022FE631C9BB283420FD813
S2140384202846FEF7D4F843785B0707D52146284647
S214038430F6F762FD013004EB4004E4B2204638BD93
S2140384400024FBE71FB5ADF80E0001F007FE044657
S214038450BDF80E00FFF7D8FF00F10E03DBB2BDF840
S2140384600E200146E01A80B200901046FFF7DCFEAD
S214038470A4F10E0189B20DF10E00FFF7ADFE04B0B4
S21403848010BD4278034612F0080006D0D20702D485
S21403849003F10800704703F10900704737B5054636
S2140384A00C46FEF794F8437813F0100212D09CB1F2
S2140384B003F001021B074FF00003294600932046F2
S2140384C04FF0080354BF1832203202F0C3FA0120DB
S2140384D003B030BD1046FBE72046F9E700F0030380
S2140384E0012B08D0C30606D400F00C000C2814BFDA
S2140384F008200920704702207047034611F0030046
S21403850005D003F00303022B14BF02200320704799
S214038510F8B50C46064601F0A1FD631C834202D95A
S21403852000252846F8BD21463046F6F7E5FC074603
S214038530FFF7D4FF3B060546F3D50444304601F067
S2140385408DFDA4B2631C9BB28342E9D82146304614
S214038550F6F7D2FC01463846FFF7CFFF2844C5B2EC
S214038560DFE770B506460D46FFF7D2FF044610B99F
S2140385700024204670BD29463046F6F7BDFC820629
S214038580F7D5304601F06AFD2544ADB26B1C9BB2AD
S2140385908342EDD829463046F6F7AEFC00F01803C2
S2140385A0082B14BF05340634E4B2830644BF0834EC
S2140385B0E4B2DEE738B50546FFF726FF044608B9FA
S2140385C0002038BD01462846FFF7CBFF0028F7D02A
S2140385D02044C0B2F5E72DE9F04387B005460C46C4
S2140385E0FDF7F5FF804602F03CF907462846FFF7FD
S2140385F00BFF064601462846FFF78AFF002203467E
S21403860000922946324602A802F024FA9DF8086032
S21403861006F00C030C2B06F003090BD0B9F1010F7F
S21403862059D0F10657D49DF809300DF10A050020FC
S214038630637107E0FF230DF10900637102F011F97E
S2140386400DF10B05208198F80130DA0704D508F1FF
S214038650020002F006F92081B9F1010F5FFA89F8EA
S2140386603DD0F3063BD4284602F0FBF86080A81CF6
S21403867002F0F7F8053515F8013C208023712B78B6
S214038680B006A37206F0400348BF43F02003390642
S21403869027D543F40073F80448BF43F480633905D1
S2140386A048BF43F400633206E38011D56A7812F0BC
S2140386B003020DD06FEA43436FEA5343A978B8F138
S2140386C0020FE3800B4611D1EB7841EA03212181A7
S2140386D007B0BDE8F083FF230DF10905A7E7FF23E5
S2140386E0CCE77A0648BF43F48073D4E7012A04BF75
S2140386F00B029BB22381EBE7F7F7D8B80BB1F7F77A
S21403870041B90AB9F7F7BAB9FF21F7F7E3B8431C3B
S21403871008BF0020E4F700BA034B5868C0F308000C
S214038720003818BF0120704700ED00E0014B1868C1
S214038730704700BFF0640020084B1B6F03F007036D
S214038740022B04D0032B05D0012B05D0FEE7044BE8
S21403875018687047034BFBE70348704700800050D8
S214038760F0640020F8640020002D310108B5FFF7FF
S214038770E3FF054B1B6FC3F301330133B0FBF3F089
S214038780024B186008BD00BF00800050EC64002058
S2140387900048704700B4C40400487047002D3101F8
S2140387A0014B1868704700BFF8640020174A9368A7
S2140387B0C3F304430C2B0AD8DFE803F00B090909BB
S2140387C00909072119091B1D1F00114870470020BE
S2140387D07047936803F04073B3F1807F11D0B3F111
S2140387E0007F10D0002B0B4818BF002070470A48A4
S2140387F070470A4870470A4870470A4870470A484D
S21403880070470A4870470A48704700BF0040015A3D
S214038810405DC60000093D00C0EA210180BA8C0114
S2140388200048E801005A62020024F40080841E0017
S21403883040420F00014B1868704700BFF4640020E5
S21403884007B500F065FC6A4600F0C2FC18B1472184
S214038850034801F028FFDDE9000103B05DF804FBDF
S214038860A5B303000229F8B596BF104B00245C5C41
S214038870012805460E4608D0022809D008B944F058
S21403888002040B4B1F6837B9F8BD44F00804F8E739
S21403889044F02004F5E77B681A68144203D0314697
S2140388A028465B6898473F68EDE700BF164E04000E
S2140388B0503C002038B5104D2B78ABB10F4C2378C5
S2140388C01BB100F031FA00232370002001F0FEFEF6
S2140388D00B4C50B100F07AFA0023012120782B705C
S2140388E0FFF7C0FF0123237038BD0122054B1A7022
S2140388F02278054B1A70F7E70D5B00200B5B002010
S214038900125B00200E5B00200F5B00200E490B78E5
S214038910FF2B01D198B170470BB990B97047002867
S21403892014BF0122FF2213440B7060B1074B1B7860
S214038930012B08D9064B1B782BB9FFF7BBBF1A468A
S214038940F1E70122EFE77047115B0020125B00207E
S2140389500E5B002010B501F0A4FD064B04461B7801
S2140389601BB1BDE8104001F097BDFFF7A3FF2046FB
S214038970F7E700BF0A5B002002282DE9F04147D045
S21403898029480378FF2B41D1002941D11A461344C5
S214038990DBB2037000293BD0244E3278012A37D944
S2140389A0002B3ED001F07DFD214F04463B780BB3F0
S2140389B0204D2B781BB901222A701F4A1370DFF84B
S2140389C07C8098F8003023B100F0AEF9002388F8D5
S2140389D00030204601F060FD012001F077FE01F033
S2140389E060FD2B7804461BB100F0F0F900232B70D2
S2140389F000233B70204601F04FFD01243078A0424F
S214038A0006D02146FFF72EFF347001E013B931B9C3
S214038A10BDE8F081002914BF0122FF22B7E7012237
S214038A20B5E70224EAE700BF115B0020125B0020D3
S214038A300D5B00200A5B00200E5B00200B5B002012
S214038A402DE9F04385B0EFF3108572B6AFF30080DF
S214038A5001F011FF002800F09280624E624F3378D7
S214038A6023B10020FFF752FF00233370387878B91C
S214038A7003A900F01DFB044650B95C4B039A1B6820
S214038A809A4200F284800120FFF740FF01233370EF
S214038A903B78002B40F09980554B1B78002B00F059
S214038AA091804FF00208534CDFF8689120784045D8
S214038AB007D099F8003013B94146FFF7D3FE84F880
S214038AC00080B8F1020F0FD1DFF8248198F8003048
S214038AD053B9494B1B7823B900F020F90122474BC1
S214038AE01A70012388F80030207800F0F7F899F818
S214038AF0003013B1424B1B782370AFF30080284637
S214038B0001F0DFFDEFF3108572B63E4B1A7852B1D3
S214038B1000221A703A4B20781B78984203D1012121
S214038B202170FFF79FFE384800F082FA01F0B7FE87
S214038B308046002893D12E4F3B789BB189F80000DE
S214038B40DFF8B89099F800301BB100F0EDF889F81B
S214038B500080002001F0BAFD002839D000F036F975
S214038B6000233B70337823B10020FFF7CFFE0023AA
S214038B70337000212078FFF775FE00232370AFF3D0
S214038B800080284605B0BDE8F04301F09ABD1F4BB0
S214038B90D3F8008000F048F9039B80449845BFF45F
S214038BA072AF00F03BF98200039942F0020292B2E0
S214038BB0CDE900422346164AA1EB0801124801F00C
S214038BC087FD65E700F09CF86BE74FF001086AE75E
S214038BD0012000F083F8284601F073FDEFF31085BB
S214038BE072B6B6E70C5B0020115B0020583C0020F1
S214038BF00D5B0020125B0020105B00200B5B002047
S214038C000F5B0020085B00205C3C0020543C0020E7
S214038C10558903000E5B002010B501F042FC0022CC
S214038C20054B1C781A7001F037FC00F005FBE4B224
S214038C302043C0B210BD00BF095B002038B501F069
S214038C4030FC094B05461B78012B04D801F024FCA5
S214038C500024204638BD054B1C6800F0E5F80444A4
S214038C60284601F019FCF4E7125B0020543C002070
S214038C701549164A0B6F10B503F007031360144A21
S214038C80144C9269032B02F00200C2F340022270D6
S214038C9017D0D1F8203103F00703022B11D0D1F8F7
S214038CA0803203F001030C4A137048B143B9064BF4
S214038CB0D3F8003103F00303591E4B424B411370A4
S214038CC010BD0123EFE700BF00800050B83C002032
S214038CD000C00150175B0020185B0020012805D058
S214038CE00238012808D80020D1F7B2BB034A13691B
S214038CF023F00403136130BF704700BF00ED00E0AC
S214038D00044B054AD3F8203103F007031360F8F742
S214038D10F0B900BF00800050C03C00200122014B88
S214038D201A707047165B0020F8B51F4B1B78002B94
S214038D3039D01E4C2378B3B91D4B9A6DD10302D597
S214038D40DA6D92072FD49B6DDB072CD401F003FD5D
S214038D50184B194A1860136F23F0070343F00303F5
S214038D601367FFF703FD01F0F6FC124B134D1B6868
S214038D70134EC01A2B78134F56F8232046F82300B9
S214038D80111A3A681048521A0A213A600932B2FB9D
S214038D90F1F20133DBB20260B3FBF1F201FB1233F3
S214038DA02B7000232370F8BD185B0020155B002092
S214038DB000C00050B03C002000800050145B002030
S214038DC0883C0020843C0020803C002008B5F8F74F
S214038DD091F90D4A0D49136F096823F007030B43F6
S214038DE013670B49D2F82031096823F007030B43B6
S214038DF0C2F82031074B1B7813B10122064B9A6247
S214038E00BDE80840FFF7B2BC00800050B83C002025
S214038E10C03C0020185B002000E00050014B18788F
S214038E20704700BF185B0020054B187818B1054B38
S214038E30186800EBD000044B1B681844704700BF4B
S214038E40185B0020803C0020B43C002008B50D4B86
S214038E501A7892B100221A700B4A136F23F0070395
S214038E6043F001031367D2F8203123F0070343F0DE
S214038E700403C2F82031FFF779FC0122034B5A673B
S214038E8008BD00BF165B00200080005000E00050C5
S214038E900D490B68A0B10022A3B1834203D18368B6
S214038EA022B90B6003E01A469B68F5E79360836874
S214038EB00BB9002070475A6941690A445A61F8E7BA
S214038EC02220704702207047CC3C002010B501F0EA
S214038ED05EFC0A4C0A4B19682368C31A09B920605A
S214038EE010BD002BFBD04A699A423ABF9B1A002258
S214038EF0D21A4A6128BF00238968EFE7C83C0020DE
S214038F00CC3C002038B5154D2B682BB35B69B3B149
S214038F10134A022014681C4400F088FA204600F026
S214038F2047FA00220F492B680A70012A05D823B195
S214038F30D88880070AD501230B70002038BD02208D
S214038F4000F074FA022000F093FAEAE79B68002B1D
S214038F50F3D058690244E8E72220EFE7CC3C002030
S214038F60C83C00201A5B0020C38870B504460D4633
S214038F703BB9FFF763FE8542064602D2F9F735FA98
S214038F8035460E4A656113689BB91460A3600FE00B
S214038F902D1A986819466561034618B15869A842A0
S214038FA0F6D941B18C60A36013B15A69521B5A615A
S214038FB070BD0021F2E71460F5E700BFCC3C00204B
S214038FC070B516469DF81420C0E903360271049A5C
S214038FD0BDF818300260002204460D468260C38046
S214038FE006BB01F0D4FB2844A0613DB9E368656184
S214038FF013B120462168984796B1354601F051FAD9
S2140390000646FFF763FF29462046FFF7ADFF074BEB
S2140390101B68A34201D1FFF775FF304601F03CFA07
S214039020002070BD01F0B3FB3044DDE7CC3C0020EC
S214039030F8B50546D0B101F034FA0646FFF746FF09
S2140390400B4B28461F68FFF723FF044620B1304624
S21403905001F022FA2046F8BDAF42F8D1FFF752FFDF
S2140390602228F4D1022000F0EDF9F0E72224F1E7FC
S214039070CC3C002038B50C460546A8B1A1B1002368
S2140390800B7001F01BFA0121084B1B6833B901F082
S21403909010FA002038BD9D4204D121702278002AA0
S2140390A0F9D0F4E79B68F1E72220F3E7CC3C0020F5
S2140390B0F8B506460F4601F001FA00250446124BA2
S2140390C01B6823B9204601F0F4F91B2011E05A6906
S2140390D01544DA88B2420DD101F059FB0B4E3368C2
S2140390E0C01AA8420AD3002320463B6001F0E1F9E8
S2140390F00020F8BDFF2EEFD09B68E2E701F047FBA8
S21403910033682B441B1AEFE7CC3C0020C83C0020F6
S21403911070B501F0D3F9064601F039FB084B044657
S21403912001201D6801F023FB18B101F030FB044653
S2140391300135304601F0BDF92046294670BD00BF13
S214039140D43C0020014B1868704700BFD03C002079
S214039150F8B50C4B05461B680E4683420FD3002416
S21403916040F2E7302146084B4FF47A721F6800231B
S214039170E5FB0701E1F7AEFE30602046F8BD21208F
S214039180FCE700BFC43C0020D03C00200F4B10B5CA
S2140391901A689AB14FF47A71531E1342A0FB010169
S2140391A00ED1B2FA82F2C2F11F04531CD243E0403E
S2140391B001FA03F3184321FA02F20243104610BDE4
S2140391C00023E1F787FE0246F8E700BFD03C002005
S2140391D038B5164B14468342154B8B4123D3154B98
S2140391E01A6802B34FF47A75A0FB050305FB013139
S2140391F0531E134211D1B2FA82F3C3F11F055A1C50
S214039200DB4301FA02F2E84021FA03F31043184362
S214039210E940C4E90001002038BD0023E1F75AFE07
S214039220C4E90001F7E72120F6E700BFEFA7C64B26
S21403923037894100D03C002010B501F03FF9034BBD
S2140392401C7801F036F9E4B2204610BD195B002005
S21403925008B5084B1B7803F0FF004BB101F07BFA0F
S214039260054B1B689B69C01A02288CBF002001208F
S21403927008BD00BF1A5B0020CC3C0020C2072DE9C6
S214039280F843044607D5474A136801331360FFF7CC
S2140392901DFEFFF737FEA30740F1818001F00EF9AC
S2140392A04FF0000805464646FFF710FE3E4F3C6863
S2140392B00CB16369A3B100223C4B012E1A7003D193
S2140392C018F0020F18BF1E70FFF71CFE222802D1EB
S2140392D0022000F0B7F82846BDE8F84301F0E9B8E5
S2140392E023465A693AB91A792179914288BF1C46AE
S2140392F09B68002BF5D1284601F0DBF8D4F81080E4
S214039300B8F1000F3FD001F042FAA269851AEB17B5
S214039310454573F1000337DB23691344A361012337
S2140393202269CAB1C3B9A38BB8EB050833B1E28B84
S21403933013449BB2B3F57A7F1CD2E38301F0BEF8E5
S214039340054641462046FFF70FFEA36922692846D5
S2140393501344A36101F0ADF8E36813B12046216816
S2140393609847B4F8068001F0A9F801360546FFF7DA
S214039370ADFD9CE7A3F57A73E383A36918F1FF3881
S214039380013BA361DAE7454601F098F8814620469B
S214039390FFF77EFD484601F08CF80023C0E7BDE8E2
S2140393A0F88300BFD43C0020CC3C0020195B00208F
S2140393B010B5044601F075F84FF0B042936A1907EA
S2140393C0FCD4136A116C5269120704D4CA1A032A0E
S2140393D001D899420ED1E21A022A98BFDC1CB4F1D6
S2140393E0FF3F38BF013C4FF0B04308221C6403F52F
S2140393F080539A6101F050F8054A13783BB14FF059
S214039400B041CB6B43F00203CB630023137010BD54
S2140394105B6A002007B5044B01A9187901F0E7F849
S214039420019803B05DF804FB544C040000F00103FC
S2140394308207034A48BF43F008039361704700BF9F
S21403944000100058820700F001030AD50121064ADE
S21403945043F0080311704FF0B041CA6B22F00302C9
S214039460CA63024A936170475B6A00200020005873
S214039470830742BF0822014B5A6170470010005809
S21403948073B502AB164603E90600044600F052FF26
S2140394900546204600F05EFF9DF800208DB1202C87
S2140394A033780ED8012B2ED84FF6FF752D4803EBD5
S2140394B04313234430F81310A94202D0013120F895
S2140394C01310294B294E33F8141036F81400814232
S2140394D032D34FF6FF75A9424FF0010502D0013192
S2140394E023F8141004F0FD01092927D1998AB68AB6
S2140394F00A44B242B4BF9A829E8233F8143083423F
S21403950027D202B070BD022BDBD14FF6FF704FF6A9
S214039510FF75144B33F81410814218BF013104F160
S214039520210018BF23F8141033F81010A9421CBFEB
S214039530013123F81010C4E70025D0E71D2CDCD139
S214039540598F8E18864203DA01390A445A87D4E7BC
S2140395505887002DD5D1204602B0BDE8704001F0F3
S21403956031B900BF20570020F8570020A457002029
S21403957038B50D46044600F0A1FF064A13889BB291
S2140395802DB123431380BDE8384000F092BF23EA91
S2140395900403F7E7FE5900200022034B01214FF492
S2140395A080701A70FFF7E4BF2B61002008B5054BE7
S2140395B01868FCF72FFE00F00300C31E58425841FC
S2140395C008BD00BF2454002038B5044601F098F9BE
S2140395D00C4B05461978187981420FD0631E082B69
S2140395E00CD8DFE803F0050D0B0D0B0D0D0D0D006C
S2140395F000220146044B1868FCF70AFE284638BDCD
S2140396000022F7E7896A00202454002038B54FF07B
S214039610FF300C46FFF77BF80A4B05461868FFF742
S21403962076F8641B241A20B210F1630F06DB10F1E0
S214039630240F05DA64308000C0B238BD0020FCE792
S214039640FF20FAE72454002008B5134B1B78062B9B
S21403965004D040F62101114801F025F8104B1B8871
S2140396601B0704D440F622010C4801F01CF80D4BEE
S2140396702A201978FFF7A8FF00210820FFF778FFB4
S2140396800222094B1A70094B1868E8F73BFCBDE841
S214039690084001F084B800BF2B610020C8480400CE
S2140396A0FE59002028610020B86A002024540020B8
S2140396B010B50E4C236823B940F6A3410C4800F0BE
S2140396C0F2FF2068013001F0CCF800F00700032811
S2140396D00AD1246809220121204600F0E3FB205C1E
S2140396E0031F5842584110BD0020FCE714540020C5
S2140396F0C848040038B50C4640B100210420FFF7E3
S21403970037FF01F04CF8012C1DD038BD244B1B88C5
S2140397109B07F6D50129234A2FD1117869B301395E
S214039720C9B2117011B92020FFF722FF00210220D1
S214039730FFF71EFF04221C4B00211C481A7000F082
S2140397405DFD01F02CF81A4C2068013001F089F811
S21403975000F44060B0F5006F1FD124680121042295
S214039760204600F09FFB204401F07BF80146BDE84D
S21403977038400022202001F03DB800210D4D022084
S2140397801170FFF7F5FE2B78FF2B04D040F299619A
S214039790094800F088FF2C70B3E74FF6FF71E6E741
S2140397A0FE5900202A6100202B610020006800205B
S2140397B014540020B96A0020C848040038B5134C76
S2140397C005462388580709D5FFF7F0FE014607200C
S2140397D0FFF7FAFEFF210120FFF78CFF2388990786
S2140397E00BD50B4B284619788A1F51425141FFF778
S2140397F0EBFE01210020FFF77DFF23881B0703D51F
S214039800BDE83840FFF720BF38BD00BFFE59002033
S2140398102B610020F7B5124CD4E9006586EA020CEA
S21403982085EA03070CEA000C0F405CEA070E15D026
S21403983086EA0C067D40C4E90065CDE900230B46A5
S214039840084902460868FCF7A7F838B14FF4FD71DB
S214039850054803B0BDE8F04000F025BF03B0F0BDF7
S214039860A815002024540020C848040008B50A4B55
S2140398701B88DB0604D440F64701084800F013FFB4
S21403988000211020FFF774FE002000F06BFBBDE8FC
S214039890084000F084BF00BFFE590020C8480400FB
S2140398A02DE9F04F5706804614461D4691B005D560
S2140398B0FFF77CFE01460120FFF786FEEE0403D584
S2140398C000212D20FFF780FEA00224D54046FCF79A
S2140398D04DFD0146F8B94020FFF74AFE40460AA967
S2140398E0FCF721F9B8B99DF83030022B40F0D98047
S2140398F0BDF8280001F0A3F8FF2808D14046FCF77E
S21403990010F940B901214020FFF732FE03E001F0D1
S2140399109AF80028F2D1A10305D5FFF747FE0146C2
S2140399200320FFF751FEE20104F0807640F1C08089
S214039930854B1B889B072DD5844E3068FCF788F82B
S21403994040BB834B834F18703B78FF2B04D040F209
S2140399505761814800F0A7FE4FF00009002102205E
S214039960FFF706FE87F800907C4F3B78062B07D15F
S21403997001210820FFF7FCFD49462820FFF724FEB7
S2140399803B78052B06D100212B20FFF71DFE306800
S214039990E8F7B8FA00F003FF220717D56B4F032149
S2140399A0386805AAFCF76EF8064620B940F2C96186
S2140399B0694800F078FE9DF81430072B00F0D0803D
S2140399C0FFF7F4FD01460420FFF7FEFDE10505D58C
S2140399D0FFF7ECFD01460420FFF7F6FD14F4863F7F
S2140399E005D0FFF7E3FD01460220FFF7EDFDA201D8
S2140399F013D5FFF7DBFD01460820FFF7E5FD002141
S214039A000420FFF7B5FD554B1B78012B03D14F4BB5
S214039A101868E8F777FA00F0C2FE14F0084F09D08A
S214039A20FFF7C4FD01460720FFF7CEFDFF21012007
S214039A30FFF760FEA30009D5FFF7B8FD0146062031
S214039A40FFF7C2FDFF210120FFF754FEA70705D548
S214039A503D4B1B881E0701D5FFF7F6FD6C0603D5A5
S214039A6000210A20FFF7B0FD280602D50120FCF7E7
S214039A708EFCE90540F1858140460AAA05A9FCF754
S214039A80C5FB9DF81430222B00F06D8100F2828115
S214039A90152B40F26A8140F60A112F4800F003FEA8
S214039AA06FE1032B7FF437AF0AA800F0C4FF30E75B
S214039AB005F0020756EA07030DD0284B262019782F
S214039AC0A1F1060EDEF1000141EB0E01FFF77CFD6E
S214039AD00121304611E004F0805656EA07030FD002
S214039AE01E4B26201978A1F1060CDCF1000141EB90
S214039AF00C01FFF769FD02213846FFF7FBFD4BE734
S214039B0004F0884151EA060309D0144B272019783C
S214039B108F1F79427941FFF757FD0221D9E705F0F8
S214039B2008030B4302D02320FFF74EFD680703D537
S214039B3000212420FFF748FDE9077FF52DAF00211C
S214039B402520FFF741FD27E7FE5900202454002077
S214039B502A610020B96A0020C84804002B6100204F
S214039B60314638680AAAFBF793FF20B14FF4DA614F
S214039B709E4800F098FDBDF81630386802330AA9EF
S214039B80ADF82C30FBF786FF20B140F2DF61974833
S214039B9000F089FD0023009331460423386804AAA5
S214039BA0FBF77AFF042804D040F2E4618F4800F004
S214039BB07AFDDFF8589299F80030C3BB0DF1110017
S214039BC000F04FFE00F00700022830D1FFF7EEFC4E
S214039BD001460920FFF7F8FC854B1B78062B23D19B
S214039BE0844B9DF813201B789A421DD19DF835307F
S214039BF023B940F2FA617D4800F055FD0DF11100DE
S214039C0000F02FFEC0F3001631462920FFF7DCFCD8
S214039C1000210820FFF7ACFC774B1E70FFF748FDCA
S214039C2010B93868E8F76EF900F0B9FDCEE6BDF86E
S214039C3016000121083080B200F068FA039030B9AC
S214039C40FFF7B4FC01460420FFF7BEFCECE700F088
S214039C50E9F905AA014606463868FBF725FF99F891
S214039C6000A0BAF1000F22D106F1010B584600F00E
S214039C70F8FD83065AD53868FCF778FB0746FFF7E6
S214039C8095FC05370146F8B2FFF79EFC584600F0F0
S214039C90E8FD00F007000328584F2DD001210420CB
S214039CA0FFF766FC4FF0FF30FBF71DFF386000221E
S214039CB05349BDF816300978F718F1549DF8363035
S214039CC0BB709DF83730FB700A9B190E3971190C5F
S214039CD07971FB71190A99F80030B97123B9737851
S214039CE092B343F020037370002000F069F9787094
S214039CF0039800F071FA97E701210922304600F035
S214039D00D1F8305C01210428C9D1FFF731FC4FF0AC
S214039D10FF30FBF7E8FE3B4B38601B885806C6D57A
S214039D2051464020FFF724FC0122C1E7FFF73EFC23
S214039D3001460920FFF748FC2D4B1B78012BB6D1B3
S214039D403868E8F7DFF8B2E723F02003CBE7012211
S214039D507E33DBB202FA03F313F00A1F31D113F09A
S214039D60011F3FF498AE27202CE0012202FA03F3EA
S214039D70254A1A402ABB13F0041FF4D1DA077FF5ED
S214039D808AAEAB052FD50121802011B0BDE8F04F78
S214039D90FFF7EEBB652B1AD8622B12D8452B0CD8CF
S214039DA0422B0ED8352B06D8322B0AD8252B08D9AA
S214039DB0322BD8D06FE6422BFBE7552B05D8522B18
S214039DC0F7D92620FFF7FAFCDBE7622BF1E7952BA2
S214039DD03FF661AE812BBAD8722BC4D0733B022BED
S214039DE03FF659AEEDE711B0BDE8F08FC848040062
S214039DF02B61002027610020B86A00201054002041
S214039E00BA6A0020FE5900203A0038002E6100206E
S214039E10024B1878B0FA80F0400970472B61002097
S214039E2008B5064B4FF0FF311868FCF715FA002803
S214039E30B8BF033040F3870008BD00BF245400209A
S214039E4008B5074B1868FBF73CFD30B1054BB3FB71
S214039E50F0F083B20BB1184608BD0120FCE700BF43
S214039E602454002040420F0038B510200C46012130
S214039E70FFF77EFB064B1D68FFF7E2FF012200FBA0
S214039E8004F1044B2846FCF7CCF9002038BD00BF8C
S214039E90245400206D980300014800F004BC00BF62
S214039EA0E2480400032A70B5144602D82C4B985C8B
S214039EB070BD81F0010519B90D2A07D1FF20F7E718
S214039EC00D2A03D100780538C0B2F1E7084400F044
S214039ED0C8FCC5F1040110F440660246C9B209D1B4
S214039EE0042C0846E4D0052C16D112F0400F18BFF8
S214039EF00846DDE7C5F10603042CD8B2D8D0B6F57C
S214039F00006F03D1C5F10805E8B2ECE7B6F5406F7C
S214039F10E9D1C5F10E05F7E712F4404107D1062C47
S214039F20C6D0072CC4D0082C13D10130CCE7550675
S214039F305CBF831CD8B2062CBAD0B1F5004F02D151
S214039F40831CD8B2EDE7B1F5404FEAD100F1080320
S214039F50F7E7130744BF0530C0B20C2CA8D9ADE70A
S214039F60B8940400AC2370B5094C054603FB0043C4
S214039F705E6D26B940F2FD31064800F094FBAC2333
S214039F8003FB0544002363653346BDE8704018476A
S214039F90285400201F49040010B40C461146AC2276
S214039FA0064B02FB0033586D20B95C655DF8044B25
S214039FB0FFF75ABF02205DF8044B70472854002071
S214039FC0AC22034B02FB003393F8A800704700BF94
S214039FD02854002028B1034B1B68C01A40100130D8
S214039FE080B27047E854002030B1044B00F10040C3
S214039FF01B68013803EB4000704700BFE85400209D
S21403A000064B1B68834206D8054B1B68834294BFE6
S21403A0100020012070470020704700BFE85400204E
S21403A020E454002010B5044608B9002010BD00F023
S21403A03075FC20B940F2CD41074800F034FB2046BA
S21403A040FFF7D2FF0028F0D00388DB0B14BFD0F84D
S21403A0500A000830EAE700BFF648040010B508B95E
S21403A060002010BDFFF7C0FF044600F04EFC20B9E9
S21403A0704FF49D61064800F016FB002CF0D02388B1
S21403A080DB0B0ABF60882089C0F30C00E9E700BF3A
S21403A090F648040038B5FFF7A7FF0D46044650B14F
S21403A0A000F033FC20B940F24151034800F0FBFABC
S21403A0B0023534F8150038BDF648040070B5FFF7CE
S21403A0C093FF0C4616460546B0B100F01EFC20B9B9
S21403A0D040F24D510C4800F0E6FA3046FFF784FF95
S21403A0E000F013FC20B940F24E51074800F0DBFAAB
S21403A0F0023425F8146070BD40F25251BDE870403A
S21403A100014800F0D0BA00BFF64804002DE9F84332
S21403A1100746884600F069FB20B940F28E512A486C
S21403A12000F0C1FAFC1CA408284B64000434B7F5FD
S21403A130005F1E68A4B204D340F29551224800F093
S21403A140B2FA00F0BBF9224981460B687BB9214B72
S21403A1501D68761BC6F34F06B44227D9002548462A
S21403A16000F0A7F92846BDE8F843FFF733BFB8F178
S21403A170000F11D0174A15685A1BC2F34F029442B8
S21403A180ECD81448620005EB44040460B8F1000FF1
S21403A1900FD113440B600CE0F61AC6F34F0676B9DC
S21403A1A040F2A651084800F07EFAD7E705EB4404D0
S21403A1B01C6000236F80AB80EB802B80CFE7B4421C
S21403A1C0CCD8044A1568DCE7F6480400EC540020B3
S21403A1D0D4540020E454002038B5054600F06EF948
S21403A1E0044629460448002200F0A5FB2046BDE8A5
S21403A1F0384000F05EB900BF045A002082684B4B1B
S21403A2002DE9F0419A4204460E46056815D121B160
S21403A21040F21311464800F046FA00F04FF923695E
S21403A2201BB92B682BB924612C60BDE8F04100F004
S21403A23040B91A6922611C61F6E700F02DFA8046E0
S21403A240FEF76AFA20B14FF49571394800F02BFAFD
S21403A2506FF000439E4221694BD22B7B08EB06022C
S21403A260002B4DD0AB6893424AD1531C002949D0EA
S21403A2706169994242D01EB9521AB2F1004F3DD9D4
S21403A280636123696E689C4203D19D21284800F0D0
S21403A2900AFA2F460023B4420BD0002B41D1726931
S21403A2A06169891AB1F1004F32D832693746944250
S21403A2B02CD12269BD420CBF6A603A617BB926691C
S21403A2C0B44203D1B8211A4800F0EDF93B46012EFB
S21403A2D005D062697169521AB2F1004F23D99D42C3
S21403A2E00BBF6B681A69236122610CBF6C601C612B
S21403A2F004E0434431B162699342C1D1BDE8F081C1
S21403A3001346B3E76A6822616C60B9E71646C6E788
S21403A310A8EB0202B2F1004FC7D93B46374636696F
S21403A320B9E71F46F9E733463669D0E7DD39020059
S21403A3300A4904000823064A12F8011B814205D085
S21403A340013B13F0FF03F7D118467047012070470F
S21403A350699504000823064A12F8011B814205D0BA
S21403A360013B13F0FF03F7D11846704701207047EF
S21403A3706195040010B5082207490446E1F762FC1C
S21403A380B0FA80F04FF6FF732289400940009A42E4
S21403A39008BF40F0010010BD7A95040030B50446AE
S21403A3A00D4685B002B9084A1068516801AB03C36D
S21403A3B001AB03CB20602046ADF80C501B886160D0
S21403A3C0238105B030BD00BFCAD10300002270B59B
S21403A3D00A4B1C780A4BD5B2AC4202D800200C704C
S21403A3E008E01E880132864205D30D701B881B1AAF
S21403A3F05842584170BD1233EDE700BFA8600020F5
S21403A400A459002010B5164B187860B1154C236874
S21403A410CBB14FF4707200201349FFF7BDFD2368DC
S21403A420013B236010BDFFF7FBFC1049104A91F96E
S21403A4300040136884420B4C03F101031360236846
S21403A440B8BF087053B90B4800F09DFA0028E9D14D
S21403A450BDE8104001460748FFF7D0BE0822DAE7FA
S21403A4607B6100206055002005A403007661002070
S21403A47058550020CC690020054B1B682BB9054BAB
S21403A4801868003818BF012070470120704700BFC6
S21403A490505500204C55002010B962B6BFF36F8F9D
S21403A4A07047EFF3108072B67047302383F311883A
S21403A4B0704780F31188BFF36F8F7047EFF31180F7
S21403A4C0302383F311887047002070474FF4004011
S21403A4D070474FF47A7070470122417803788A40B8
S21403A4E030214B4341F2100103F1A04303F57033CF
S21403A4F05A507047B0F5802F24D010D8B0F5003FDF
S21403A50022D006D828B3B0F5803F14BF01204820D8
S21403A5107047B0F5403F14BF01202C207047B0F5BC
S21403A520302F13D008D8B0F5E02F11D0B0F5202F78
S21403A53014BF012010207047B0F57F0F14BF012011
S21403A540062070474B2070472A207047112070471B
S21403A5502120704708B570B100F022F84FF09843F9
S21403A5605A6CD202FCD5586D10F4702004D0BDE8A6
S21403A5700840FFF7BFBF212008BD08B528B1282231
S21403A5800021E1F713F8002008BD2120FCE7036A49
S21403A590042B9FBF00EB83020133D1600362704735
S21403A5A0036A052B14D84FF09842116CC902FCD5E8
S21403A5B004339B0013650168103B1160416811600A
S21403A5C050F8081F11604FF098420344984200D198
S21403A5D0704750F8041F1160F8E7836813B9816069
S21403A5E070475B685A68012AFBD15960704709B106
S21403A5F000F008B822207047012100F046B8002179
S21403A60000F043B870B506460D46FFF757FF0446FD
S21403A6101D2E37D8DFE806F00F18361C1E2036220C
S21403A620243636362628362A2C2E30363636363418
S21403A630363636363632FEF77FF800262860204652
S21403A640FFF737FF304670BD0120CFF79BFCF4E7DA
S21403A6500320FAE70420F8E70C20F6E70220F4E7E5
S21403A6600620F2E70720F0E70820EEE70520ECE7F0
S21403A6700920EAE70A20E8E70D20E6E71020E4E7EA
S21403A6800B20E2E700202126D8E70020704708B514
S21403A690FEF7D6F880B208BD08B5FEF7D1F808BDB8
S21403A6A0704742DE704738B504460D4600F008F89A
S21403A6B0FFF7FBFE29462046BDE83840FFF7F1BF0B
S21403A6C0704710B962B6BFF36F8F704701207047AB
S21403A6D02DE9FF410D4616461F460446A8B14FF026
S21403A6E00008C0F81C80FEF7A3FCBDF82C304246D9
S21403A6F002939DF828302946CDE900732046334659
S21403A700FEF75EFC04B0BDE8F0812220FAE7F0B560
S21403A7101F46002387B00D46164604468DF81730AD
S21403A720A8B1C3610DF11701FEF7A4FC9DF817202D
S21403A7307AB9BDF83430294602939DF83030204666
S21403A740CDE900733346FEF73BFC07B0F0BD22208D
S21403A750FBE70320F9E738B5FFF7B0FE054600F040
S21403A76016F804462846FFF7A4FE204638BD4FF0E9
S21403A770B04301285B6904D0022805D1C3F3C000A7
S21403A780704703F0010070470020704770474FF092
S21403A790B0439A6A1207FCD4186A7047704708B524
S21403A7A0FFF7FCFF00F01DF808BD10B5FFF779FEB4
S21403A7B0012104460846FEF7DFF82046BDE81040B0
S21403A7C0FFF76ABE10B5044600F012F82046FAF703
S21403A7D0F8FF2046F8F72DF9BDE81040F9F7F0BC6E
S21403A7E0704708B5FFF7FCFF08BD012070477047A8
S21403A7F00020704730B589B00446ADF806108DF8D2
S21403A8001020FFF797FD05462046FFF7A3FD0346F6
S21403A8109DB1BDF80600ABB900F0BAF8FF2808BF33
S21403A82000200DF10F038DF80F001A4620460499F9
S21403A8300593FEF725FE09B030BD0028F5D00DF1CF
S21403A8400603F2E700F0A4F8FF2808BF0020BDF8CF
S21403A85006308DF80F00ADF81A308DF8180006ABE9
S21403A860E3E7008870470170090A417070470120CA
S21403A87070470120704738B5DFF7D8FD0446D4F794
S21403A88007FE051E18BF2546D4F7D4FE041E18BFC0
S21403A8902C46FFF7ECFF002818BF204638BD38B516
S21403A8A0FEF7BAF90446F7F7C4FA04281ED00228BE
S21403A8B04FF0000508BF0124F8F763F9042817D002
S21403A8C0022808BF0124F7F7F3FE042812D0022853
S21403A8D008BF0124FFF7CDFF04280DD0022808BFC8
S21403A8E00124002D18BF0024204638BD0125E3E7C8
S21403A8F00125E8E70125EDE70024F5E7FF2070478B
S21403A90008B5FFF7FBFF002008BD08B520B1FFF729
S21403A91077FB00F0010008BD0120FAE708B5FFF752
S21403A92063FBBDE80840FFF7F0BF008810B1C9B26B
S21403A930FFF7B0BB70472DE9F041B0F8008006463C
S21403A9400C46D5B2B8F1000F11D029464046FFF7A2
S21403A950A1FB2246074629464046FFF7AFFB3A4689
S21403A96029462046FFF7AAFB3480BDE8F0810F4650
S21403A970F5E703461B8808468B4202D00021FFF703
S21403A98089BB002070470069003818BF0120704754
S21403A99000207047F8B506460D46FFF7EBFC032884
S21403A9A0044621D02846FFF7E5FC032807461BD0BC
S21403A9B010F0020318D1A0070DD5F90716D401230A
S21403A9C03C43E20704D431892A89914218BF002305
S21403A9D003F00100F8BD082229463046E1F732F9B4
S21403A9E0B0FA80F35B09EBE70020F3E71846F1E7DC
S21403A9F070B50D4600210646FFF797FF044630B1B3
S21403AA00FFF710FB01462846FFF7C4FF08B12046B0
S21403AA1070BD21463046FFF7ACFFEFE707B50DF1F3
S21403AA200701FFF7D3FC20B19DF8070003B05DF8DC
S21403AA3004FBFF20FAE700207047FF207047FF2043
S21403AA407047FF20704700207047002000217047A2
S21403AA50002070472DE9F843074608461546884602
S21403AA601C469DF82090FFF7DDFA4619A4B19EB167
S21403AA704046FFF7F3FA254485420FDC2246B9F138
S21403AA80000F06D131463846E0F7E2FD0020BDE868
S21403AA90F88339463046F7E72120F8E71D20F6E726
S21403AAA0F8B500BFF8BC08BC9E467047F8B500BFB3
S21403AAB0F8BC08BC9E4670475FF800F0AD62002005
S21403AAC05FF800F049630020446576696365207487
S21403AAD0797065206368616E676520646574656375
S21403AAE07465643A202564202D3E2025640D0A00F3
S21403AAF050726573732064657465637465640D0AC8
S21403AB00004D756C74692070726573732064657488
S21403AB1065637465643A2025640D0A0052656C65A6
S21403AB206173652064657465637465640D0A004C1F
S21403AB306F6E6720707265737320646574656374E3
S21403AB4065640D0A0072656C61795F737461727473
S21403AB505F6C61746368696E675F70756C73653A82
S21403AB6020616E6F746865722070756C73652069FA
S21403AB7073206163746976650D0A0072656C61798A
S21403AB805F6F6E0D0A0072656C61795F6F66660DA6
S21403AB900A0072656C61795F746F67676C650D0A8E
S21403ABA00057726974696E6720636F6E6669672003
S21403ABB0746F206E763A2025730D0A0053697A6502
S21403ABC03A2025640D0A004661696C656420746F3B
S21403ABD0207772697465204445564943455F434F61
S21403ABE04E4649475F4441544120746F204E562CCD
S21403ABF0207374617475733A2025642E2028627955
S21403AC007465733A202564290D0A007375636365BA
S21403AC107373210D0A004661696C656420746F20A6
S21403AC2072656164204E565F4954454D5F444556F0
S21403AC304943455F434F4E4649472C207573696E1B
S21403AC40672064656661756C7420636F6E666967FA
S21403AC5020696E73746561642C20737461747573F4
S21403AC603A2025642E202862797465733A20256479
S21403AC70290D0A005573696E6720636F6E666967F0
S21403AC803A2025642063686172732066726F6D0DC7
S21403AC900A25730D0A0067626D31306A6E6A3B548B
S21403ACA053303034332D4D413B534130753B49448B
S21403ACB030693B534134753B494331693B53413318
S21403ACC0753B494330693B425441303B4D3B004E54
S21403ACD06574776F726B2073746174757320636821
S21403ACE0616E67656420746F2025640D0A004D61EC
S21403ACF06E75666163747572657220746F6F206219
S21403AD0069670D0A004D6F64656C20746F6F20626F
S21403AD1069670D0A00496E697469616C697A696EC0
S21403AD2067205A69676265652077697468202564B9
S21403AD302073776974636865732C202564207265B5
S21403AD406C6179732C20256420636F76657220739B
S21403AD50776974636865732C20256420636F766552
S21403AD6072730D0A00436F6E6669672070617273B3
S21403AD706564207375636365737366756C6C790DB0
S21403AD800A00726561642076657273696F6E206669
S21403AD906F726D206E6577206C6F636174696F6E7A
S21403ADA00D0A004661696C656420746F20777269CA
S21403ADB07465206C6173745365656E56657273694A
S21403ADC06F6E20746F204E562C2073743A202564C1
S21403ADD00D0A004F6C642076657273696F6E3A20B5
S21403ADE025640D0A0043757272656E74207665726B
S21403ADF073696F6E3A2025640D0A00524553455415
S21403AE0020414C4C210D0A0068616C5F6770696FC6
S21403AE105F63616C6C6261636B3A2065787469206A
S21403AE206C696E6520256C64207374617475732079
S21403AE30256C750D0A0068616C5F6770696F5F63E8
S21403AE40616C6C6261636B3A206E6F206672656537
S21403AE502045585449206C696E65730D0A002F68A7
S21403AE606F6D652F72756E6E65722F776F726B2FAF
S21403AE70747579612D7A69676265652D7377697470
S21403AE8063682F747579612D7A69676265652D73BA
S21403AE9077697463682F73696C6162735F746F6F2D
S21403AEA06C732F73696D706C69636974795F73640F
S21403AEB06B2F2E2E2F2E2E2F7372632F73696C61BA
S21403AEC062732F68616C2F7A69676265652E63000B
S21403AED044726F7070696E67206F6C64204F5441C4
S21403AEE020696D6167652C2063757272656E7420C8
S21403AEF06F66667365743A20256C750A00556E6B2B
S21403AF006E6F776E20636F76657220636F6D6D610B
S21403AF106E643A2025640D0A00556E6B6E6F776E6D
S21403AF2020636D642025640D0A00427574746F6E89
S21403AF302070726573732064657465637465642C2E
S21403AF4020627574206E6F20627574746F6E20694C
S21403AF507320707265737365640D0A0042757474AA
S21403AF606F6E206C6F6E67207072657373206465F6
S21403AF707465637465642C20627574206E6F20623A
S21403AF807574746F6E206973206C6F6E67207072B1
S21403AF9065737365640D0A004E6F20636F76657282
S21403AFA02073776974636820636F6E6669672069C8
S21403AFB06E204E562C207573696E67206465666135
S21403AFC0756C74730D0A00417474726962757465E6
S21403AFD0206368616E6765642C2065703A2025647B
S21403AFE02C20636C75737465723A2025642C20617B
S21403AFF07474723A2025640D0A00506F6C6C2063DB
S21403B0006F6E74726F6C3A2073656E64696E672038
S21403B010636865636B2D696E0D0A005A434C2061A5
S21403B020637469766974792C20656E746572696ECB
S21403B03067206661737420706F6C6C0D0A00506F26
S21403B0406C6C20636F6E74726F6C3A206368656312
S21403B0506B2D696E20726573706F6E73652C206638
S21403B0606173743D25642C2074696D656F75743D3A
S21403B07025640D0A00506F6C6C20636F6E74726FDC
S21403B0806C3A206661737420706F6C6C2073746FF7
S21403B090700D0A00506F6C6C20636F6E74726F6C69
S21403B0A03A20736574206C6F6E6720706F6C6C202B
S21403B0B0696E74657276616C3D256C750D0A005079
S21403B0C06F6C6C20636F6E74726F6C3A207365746A
S21403B0D02073686F727420706F6C6C20696E746571
S21403B0E07276616C3D25640D0A00506F6C6C2063AC
S21403B0F06F6E74726F6C3A20636865636B2D696E4E
S21403B10020696E74657276616C20777269747465F3
S21403B1106E3D256C750D0A00506F6C6C20636F6E68
S21403B12074726F6C3A20696E76616C69642063682A
S21403B13065636B2D696E20696E74657276616C2C1F
S21403B14020726576657274696E670D0A00506F6CBF
S21403B1506C20636F6E74726F6C3A20666173742032
S21403B160706F6C6C2074696D656F75742077726987
S21403B1707474656E3D25640D0A00506F6C6C206315
S21403B1806F6E74726F6C3A206661737420706F6CA6
S21403B1906C2074696D656F75742C2073776974639E
S21403B1A068696E6720746F206C6F6E6720706F6CB3
S21403B1B06C0D0A00556E6B6E6F776E204C65766568
S21403B1C06C4374726C20636F6D6D616E643A2025F8
S21403B1D0640D0A00556E6B6E6F776E204F6E4F666A
S21403B1E06620636F6D6D616E643A2025640D0A00F8
S21403B1F0496E64657820617420777269746520618E
S21403B2007474723A2025640D0A004E6F20737769B2
S21403B21074636820636F6E66696720696E204E5696
S21403B2202C207573696E672064656661756C74732C
S21403B2300D0A00496E76616C69642072656C6179EB
S21403B2405F696E64657820256420696E204E562CEF
S21403B25020726573657474696E6720746F20646505
S21403B2606661756C740D0A003E2000556E6B6E6F3A
S21403B270776E206572726F7200496E707574206205
S21403B28075666665722069732046554C4C004D61A1
S21403B29078696D756D206E756D626572206F6620B8
S21403B2A0617267756D656E74732065786365656432
S21403B2B065640054686520617267756D656E7420F9
S21403B2C06973206E6F7420666F726D617474656443
S21403B2D020636F72726563746C7900496E636F7274
S21403B2E07265637420617267756D656E7420747918
S21403B2F0706500496E636F7272656374206E756D58
S21403B300626572206F6620617267756D656E747311
S21403B310004E6F20636F6D6D616E6420666F756E91
S21403B320640075696E7438006164646974696F6E6D
S21403B330616C002A00756E6B6E6F776E0077696CB2
S21403B3406463617264006865786F70740073747206
S21403B350696E676F70740075696E7433326F7074DC
S21403B3600075696E7431366F70740075696E743863
S21403B3706F70740068657800737472696E67007521
S21403B380696E7431360075696E743332002E2E2E54
S21403B390200068656C70000A25730A257325730000
S21403B3A025732008002F686F6D652F72756E6E65A6
S21403B3B0722F776F726B2F747579612D7A69676256
S21403B3C065652D7377697463682F747579612D7A53
S21403B3D069676265652D7377697463682F73696C33
S21403B3E06162735F746F6F6C732F73696D706C69D2
S21403B3F0636974795F73646B2F706C6174666F72C4
S21403B4006D2F736572766963652F6C656761637903
S21403B4105F68616C2F7372632F626173652D72654B
S21403B420706C6163656D656E742E63002F686F6D57
S21403B430652F72756E6E65722F776F726B2F7475CC
S21403B44079612D7A69676265652D737769746368B8
S21403B4502F747579612D7A69676265652D737769CF
S21403B4607463682F73696C6162735F746F6F6C7358
S21403B4702F73696D706C69636974795F73646B2F7E
S21403B480706C6174666F726D2F736572766963652F
S21403B4902F746F6B656E5F6D616E616765722F6C7F
S21403B4A065676163792F7372632F736C5F746F6B59
S21403B4B0656E5F6D616E616765722E63002F686FE0
S21403B4C06D652F72756E6E65722F776F726B2F7444
S21403B4D07579612D7A69676265652D73776974631B
S21403B4E0682F747579612D7A69676265652D737740
S21403B4F0697463682F73696C6162735F746F6F6CD2
S21403B500732F73696D706C69636974795F73646BA9
S21403B5102F706C6174666F726D2F736572766963D4
S21403B520652F746F6B656E5F6D616E616765722FF5
S21403B5306C65676163792F7372632F736C5F746FC7
S21403B5406B656E5F6D616E75666163747572696E49
S21403B550672E630043757272656E7420436F6E6662
S21403B56069673A20253078005365742043434120A9
S21403B5706D6F646520746F2025643A20253078004B
S21403B580656E61626C65640064697361626C6564B0
S21403B590006F757428636C69656E742900696E2084
S21403B5A02873657276657229004D46472053747278
S21403B5B0696E673A202573004170704275696C6442
S21403B5C06572204D464720436F64653A20307825E0
S21403B5D0303458006E6F6465205B004164646974A0
S21403B5E0696F6E616C20696E7465726661636573FC
S21403B5F000202025643A200070616765205B25647F
S21403B6005D206368616E205B25645D207077722021
S21403B6105B25645D006E6F742061637469766500F4
S21403B6206572726F72203078253038580070616EFC
S21403B6304944205B3078253034585D206E6F64654E
S21403B6404944205B3078253034585D20007870619B
S21403B6506E205B307800706172656E744944205BBF
S21403B6603078253034585D20706172656E7452737D
S21403B6707369205B25645D006E6F6465547970653D
S21403B680205B005365637572697479206C65766513
S21403B6906C205B253032585D006E6574776F726B75
S21403B6A0207374617465205B253032585D20004238
S21403B6B075666665722062797465733A2025642020
S21403B6C02F20256400457020636E743A202564009D
S21403B6D06570202564205B656E64706F696E7420E8
S21403B6E025732C206465766963652025735D2000C9
S21403B6F06E776B205B25645D2070726F66696C6580
S21403B700205B3078253034585D20646576496420A4
S21403B7105B3078253034585D20766572205B307850
S21403B720253032585D0020202020257320636C7559
S21403B730737465723A2030782530345820004E777B
S21403B7406B20636E743A202564006E776B20256445
S21403B750205B25735D005072696D617279202870D5
S21403B760726F290020206E6F646554797065205BC4
S21403B7703078253032585D00202073656375726912
S21403B780747950726F66696C65205B307825303249
S21403B790585D0045502025643A20257320004572E5
S21403B7A0726F723A2020556E6B6E6F776E20656EE1
S21403B7B064706F696E742E00456E61626C652065F9
S21403B7C076656E7420646562756720696E666F20A1
S21403B7D0696E20436F726520434C4920636F6D701A
S21403B7E06F6E656E74006F6E6C7920636F6F726434
S21403B7F0696E61746F72732063616E20666F726D1B
S21403B8000A006A6F696E203078253038580A006C53
S21403B81065617665002573203078253032580A0036
S21403B82072656A6F696E0072656A6F696E446966EF
S21403B8306644657669636554797065006578742E29
S21403B8402050414E2049443A20004E574B206F70FB
S21403B850656E3A20257520736563004E574B20634B
S21403B8606C6F7365640066696E64206A6F696E61E7
S21403B870626C653A203078253032580066696E640B
S21403B88020756E757365643A20307825303258001B
S21403B8904368616E67696E6720746F206368616EC4
S21403B8A06E656C2025643A2030782530325800695E
S21403B8B06E76616C6964206E6574776F726B20694F
S21403B8C06E6465780053686F72742049443A20307A
S21403B8D078253034582C2045554936343A20002CE8
S21403B8E02050616E2049443A203078253034580081
S21403B8F053746172746564206D756C74692D706819
S21403B9007920696E74657266616365004661696C69
S21403B910656420746F2025732025732030782530C6
S21403B9203258005465726D696E61746564202573C0
S21403B93020307825303258004B65657020616C697D
S21403B940766520737570706F727420656E61626CB5
S21403B95065642E006661696C656420746F20736588
S21403B96074206B65657020616C697665206D6F6405
S21403B970652E007375636365737366756C6C7920E7
S21403B98073657420746865206368696C64207469E1
S21403B9906D656F7574206F7074696F6E206D61735B
S21403B9A06B2E006661696C656420746F2073657422
S21403B9B020746865206368696C642074696D656FBC
S21403B9C07574206F7074696F6E206D61736B2E00D3
S21403B9D0646973636F766572004D617463682025CE
S21403B9E073792066726F6D203078253034582C209A
S21403B9F06570202564004E574B204164647265735E
S21403BA007320726573706F6E73653A2030782530D5
S21403BA103458004945454520416464726573732074
S21403BA20726573706F6E73653A200053657276693C
S21403BA3063652025737920646F6E652E00232020AE
S21403BA40747970652020206E776B20206C6F6320DE
S21403BA50202072656D202020636C75732020206E75
S21403BA606F646520202065756900202025642020EA
S21403BA70202030782530345820203078253034582C
S21403BA80202030782530345820307825303458201C
S21403BA9000736C5F7A69676265655F6765745F628A
S21403BAA0696E64696E67204572726F723A203078E9
S21403BAB0253038580A002564206F662025642062E6
S21403BAC0696E64696E6773207573656400656E617D
S21403BAD0626C6564207072696E7400646973616277
S21403BAE06C6564207072696E7400616464206C69AE
S21403BAF06E6B206B6579004552523A2043616C6346
S21403BB00756C617465642043524320646F657320CB
S21403BB106E6F74206D61746368004552523A204913
S21403BB206E7374616C6C20436F6465206D757374FB
S21403BB3020626520382C2031302C2031342C206FA5
S21403BB407220313820627974657320696E206C65C3
S21403BB506E677468004552523A204145532D4D4D49
S21403BB604F2068617368206661696C65643A2030AB
S21403BB70782530325800536574206A6F696E696E93
S21403BB8067206C696E6B206B657900736574206241
S21403BB90696E642025643A20307825303278004573
S21403BBA04D50545900554E494341004D324F4E4572
S21403BBB0004D554C5449003F2020202000496E6418
S21403BBC06578204945454520416464726573732052
S21403BBD020202020202020204E574B496E64657875
S21403BBE02020496E204643202020202054544C28F1
S21403BBF0732920466C6167202020204B657920201E
S21403BC0020200025642020202020002020256420DA
S21403BC1020202020202000202025303858202000F7
S21403BC2020307825303458202000496E646578200B
S21403BC30494545452041646472657373202020207E
S21403BC402020202020496E204643202020202054F8
S21403BC5079706520204175746820204B6579002D26
S21403BC60202020202000256320202020202563205C
S21403BC702020202000696573005741524E494E47E5
S21403BC803A202052454144494E47204F46204B45D3
S21403BC90592056414C5545532044495341424C453F
S21403BCA044204259204D464720544F4B454E004EA4
S21403BCB0574B204B6579002573206F7574204643D8
S21403BCC03A202530385800257320736571206E7529
S21403BCD06D3A20307825303258002573206F7574FE
S21403BCE02046433A202530387800544320257320D5
S21403BCF0002573205461626C650025642F2564203B
S21403BD00656E747269657320757365642E0054726C
S21403BD10616E7369656E74204B65790025642065D2
S21403BD206E7472257320636F6E73756D696E67200C
S21403BD302564207061636B65742062756666657240
S21403BD4025732E0057494C4C0057494C4C204E4FF8
S21403BD50540054727573742043656E74657220259F
S21403BD607320616C6C6F77207472757374206365CF
S21403BD706E7465722072656A6F696E732075736977
S21403BD806E672077656C6C2D6B6E6F776E206B65B8
S21403BD90792E005365742074696D656F757420661B
S21403BDA06F722054727573742043656E74657220C7
S21403BDB072656A6F696E73207573696E672077653F
S21403BDC06C6C2D6B6E6F776E206C696E6B206B657B
S21403BDD07920746F202564207365636F6E64732EF9
S21403BDE0004552524F523A20002573737461636BB9
S21403BDF0206D75737420626520646F776E2E005213
S21403BE00656164696E6720416C6C6F776564004892
S21403BE10617368696E67206F6E6C7900736C5F7A06
S21403BE2069676265655F6B65795F73657474696E70
S21403BE3067735F743A2030782530345800202050DA
S21403BE4065726D697373696F6E733A202573004567
S21403BE5072726F723A204661696C656420746F2053
S21403BE6067657420636F6E6669672C2073746174EC
S21403BE7075733A20307825303858004661696C650A
S21403BE80643A20307825303858004D73673A20637B
S21403BE906C7573203078253034582C20636D6420FD
S21403BEA03078253032582C206C656E20256400626D
S21403BEB075666665723A2000454D4245525F002519
S21403BEC07353454355524954595F4C4556454C3A6E
S21403BED020253032580025736572617365206B65C3
S21403BEE0792025643A2030782530385800636D640D
S21403BEF0206E6F74206275696C74007372632065BC
S21403BF007020253032782C20636C757320253034EE
S21403BF10780073656E64696E6720746F206D756C48
S21403BF207469636173742062696E640025733A20D2
S21403BF3065703A2025642C20636C3A2030782530CF
S21403BF4034582C20617474723A2030782530345873
S21403BF50002C207376723A2025630025733A2072EC
S21403BF606561643A20307825303278002C20737669
S21403BF70723A2025632C2064747970653A203078F1
S21403BF802530325800417267756D656E7420617492
S21403BF9020696E6465783A202564206973206F757E
S21403BFA074206F662072616E676500436F6D6D6106
S21403BFB06E6420616C7265616479206275696C7465
S21403BFC02E202043616E6E6F7420736574204D4679
S21403BFD04720737065636966696320636F646520D1
S21403BFE0666F7220636F6D6D616E642E004D4647FB
S21403BFF020436F64652053657420666F72206E65F8
S21403C000787420636F6D6D616E643A2030782530E6
S21403C010345800557365204E6578742053657175E2
S21403C020656E63652053657420666F72206E65784F
S21403C0307420636F6D6D616E643A203078253032FC
S21403C040580044697361626C652044656661756C6B
S21403C0507420526573706F6E736520536574206623
S21403C0606F72206E65787420636F6D6D616E643ACF
S21403C07020307825303258004552523A2072656196
S21403C08064696E67206174747269627574652025CD
S21403C090303278004552523A206174747269627580
S21403C0A074652073697A6520256420746F6F206C2D
S21403C0B06172676520666F722062756666657200D8
S21403C0C04572726F723A2061747472696275746530
S21403C0D020494420307825303458207265706F72BA
S21403C0E07461626C65206368616E6765206973209E
S21403C0F073697A65202564422C2062757420256452
S21403C1004220656E74657265640A006E6F20636D07
S21403C11064004572726F723A20434C492053656E31
S21403C12064206661696C65642C207374617475732E
S21403C1303A20307825303858004572726F723A20AC
S21403C14020455549363420617267756D656E7420D7
S21403C150697320656D70747920616E64206C6F6FEF
S21403C1606B7570206279206E6F6465204944206683
S21403C17061696C65642E0047726F757000556E6951
S21403C1806361737400556E62696E6420257320259F
S21403C1907330782530325800526571756573743A7A
S21403C1A020005A444F2073696D706C652064657374
S21403C1B063207265712025303278005A444F206E12
S21403C1C06F64652064657363207265712025303261
S21403C1D078005A444F206D61746368206465736306
S21403C1E0207265712025303258005573696E6720BA
S21403C1F06D79206C6F63616C204555493634206633
S21403C2006F72206465737420455549363420696E11
S21403C2102062696E64696E67005A444F2062696ED5
S21403C2206420726571202530327800636C757374F0
S21403C2306572206C696D69742072656163686564F4
S21403C24000696E76616C696420706167653A2025C3
S21403C25064206F72206368616E6E656C3A20256495
S21403C260004368616E6765206368616E6E656C2067
S21403C2707374617475733A203078253032780064AD
S21403C28075726174696F6E206D75737420626520B4
S21403C290696E2072616E67652030202D203500633D
S21403C2A06F756E74206D75737420626520696E20D9
S21403C2B072616E67652031202D2038007363616ECE
S21403C2C02073746174757320307825303258006E8D
S21403C2D06574776F726B207570646174652073651F
S21403C2E07420737461747573203078253032580067
S21403C2F04163746976652045502072657175657370
S21403C30074207374617475733A203078253032580C
S21403C310004C5149205461626C65207265717565E5
S21403C32073743A203078253032580042696E646957
S21403C3306E67205461626C652072657175657374EF
S21403C3403A20307825303258004C656176652025D2
S21403C3507330782530325800506F77657220446505
S21403C3607363726970746F72202573307825303268
S21403C37058005573696E67206D79206C6F63616C26
S21403C38020455549363420666F72206465737420E1
S21403C390455549363420696E20756E62696E646948
S21403C3A06E6700526F757465205461626C65202554
S21403C3B073307825303258002F686F6D652F72758D
S21403C3C06E6E65722F776F726B2F747579612D7A27
S21403C3D069676265652D7377697463682F74757909
S21403C3E0612D7A69676265652D7377697463682F53
S21403C3F073696C6162735F746F6F6C732F73696DAF
S21403C400706C69636974795F73646B2F70726F7491
S21403C4106F636F6C2F7A69676265652F6170702F23
S21403C4206672616D65776F726B2F636F6D6D6F6E7E
S21403C4302F736C5F7A69676265655F73797374657A
S21403C4406D5F636F6D6D6F6E2E6300457874656EFA
S21403C45064656420526573657420696E666F3A205E
S21403C4603078253034582028257329002F686F6DBF
S21403C470652F72756E6E65722F776F726B2F74757C
S21403C48079612D7A69676265652D73776974636868
S21403C4902F747579612D7A69676265652D7377697F
S21403C4A07463682F73696C6162735F746F6F6C7308
S21403C4B02F73696D706C69636974795F73646B2F2E
S21403C4C070726F746F636F6C2F7A69676265652F1E
S21403C4D06170702F6672616D65776F726B2F636F15
S21403C4E06D6D6F6E2F7A69676265655F6170705FE9
S21403C4F06672616D65776F726B5F736C6565702EC0
S21403C500630053746179206177616B652077686592
S21403C5106E206E6F74206A6F696E65643A202573A9
S21403C52000466F7263656420737461792061776176
S21403C5306B653A2020202020202020202025730011
S21403C540466F7263696E67206465766963652074F7
S21403C5506F2073746179206177616B6500416C6C41
S21403C5606F77696E672064657669636520746F20EC
S21403C570676F20746F20736C656570002F686F6D2E
S21403C580652F72756E6E65722F776F726B2F74756B
S21403C59079612D7A69676265652D73776974636857
S21403C5A02F747579612D7A69676265652D7377696E
S21403C5B07463682F73696C6162735F746F6F6C73F7
S21403C5C02F73696D706C69636974795F73646B2F1D
S21403C5D070726F746F636F6C2F7A69676265652F0D
S21403C5E06170702F6672616D65776F726B2F636F04
S21403C5F06D6D6F6E2F7A69676265655F73746163CD
S21403C6006B5F736C6565702E630052583A205265F3
S21403C610736574546F466163746F727944656661BB
S21403C620756C747343616C6C6261636B00657A73DB
S21403C6307020636F756E74657273206661696C65CE
S21403C6406420257500657A737020526573657420BF
S21403C6505468726573686F6C64206572726F7220BB
S21403C660257500657A737020536574205468726567
S21403C67073686F6C64206572726F7220257500256F
S21403C68075292025733A2025750053657474696EE1
S21403C69067205468726573686F6C6420636F6D6D92
S21403C6A0616E64003F3F3F004D6163205278204235
S21403C6B063617374004D6163205478204263617331
S21403C6C074004D6163205278205563617374004D86
S21403C6D06163205478205563617374004D61632051
S21403C6E05478205563617374205265747279004DD3
S21403C6F06163205478205563617374204661696CC6
S21403C70000415053205278204263617374004150B5
S21403C710532054782042636173740041505320526F
S21403C7207820556361737400415053205478205524
S21403C7306361737420537563636573730041505369
S21403C740205478205563617374205265747279009F
S21403C75041505320547820556361737420466169B1
S21403C7606C00526F757465204469736320496E6963
S21403C770746961746564004E65696768626F7220E8
S21403C7804164646564004E65696768626F7220522F
S21403C790656D6F766564004E65696768626F7220C3
S21403C7A05374616C65004A6F696E20496E646963F1
S21403C7B06174696F6E004368696C64204D6F7665BB
S21403C7C06400415348204F766572666C6F7700416C
S21403C7D05348204672616D65204572726F72004140
S21403C7E05348204F76657272756E204572726F726B
S21403C7F0004E574B204643204661696C75726500B0
S21403C800415053204643204661696C75726500416A
S21403C810534820584F66660041505320556E617545
S21403C82074686F72697A6564204B6579004E574B5E
S21403C8302044656372797074204661696C7572650D
S21403C84073004150532044656372797074204661C7
S21403C850696C75726573005061636B65742042750D
S21403C8606666657220416C6C6F6361746520466111
S21403C870696C757265730052656C617965642055E1
S21403C880636173740050687920746F204D414320B0
S21403C8907175657565206C696D6974207265616371
S21403C8A0686564005061636B65742056616C6964E7
S21403C8B06174652064726F7020636F756E74004ECA
S21403C8C0574B207265747279206F766572666C6F4B
S21403C8D07700434341204661696C75726573004275
S21403C8E0726F616463617374207461626C65206641
S21403C8F0756C6C00505441204C6F20507269205266
S21403C9006571005054412048692050726920526571
S21403C9107100505441204C6F205072692044656E5C
S21403C9206965640050544120486920507269204468
S21403C930656E69656400505441204C6F20507269DF
S21403C9402054782041627274005054412048692074
S21403C9505072692054782041627274004164647294
S21403C96065737320436F6E666C6963742053656EDC
S21403C970740043534C205278207363686564756C67
S21403C98065206661696C6564000D004465627567C1
S21403C990207072696E742067726F75702025730A33
S21403C9A00057726F6E6720706172616D6574657291
S21403C9B00A005363686564756C65206D6F76652041
S21403C9C06E776B0025732025643A202564004D613D
S21403C9D078206D6F7665206C696D69742072656169
S21403C9E063686564206E776B2025643A20256400AF
S21403C9F0456E642044657669636520506F6C6C20D1
S21403CA00496E666F726D6174696F6E00454D42457F
S21403CA10525F454E445F4445564943455F54494D2E
S21403CA20454F55543A2020202020202025640050CE
S21403CA306F6C6C20636F6D706C65746564206361E6
S21403CA406C6C6261636B3A20257300202043757219
S21403CA5072656E7420506F6C6C20496E74657276C6
S21403CA60616C20287173293A202020256C640020ED
S21403CA70204C6F6E6720506F6C6C20496E74657225
S21403CA8076616C20287173293A20202020202025E7
S21403CA906C6400202053686F727420506F6C6C2097
S21403CAA0496E74657276616C20287173293A20206A
S21403CAB0202020256C6400202057616B6520546974
S21403CAC06D656F757420287173293A202020202005
S21403CAD020202020202020256C6400202057616B16
S21403CAE0652054696D656F7574204269746D617352
S21403CAF06B3A202020202020202020307825303834
S21403CB005800202043757272656E74204170702041
S21403CB105461736B733A202020202020202020208D
S21403CB2020203078253038580020204375727265EF
S21403CB306E7420506F6C6C20436F6E74726F6C2033
S21403CB40202020202020202020257300202044653C
S21403CB506661756C7420506F6C6C20436F6E7472D4
S21403CB606F6C2020202020202020202025730046C4
S21403CB706F7263696E672064657669636520746F98
S21403CB802073686F727420706F6C6C00416C6C6FEE
S21403CB9077696E672064657669636520746F206CB9
S21403CBA06F6E6720706F6C6C00534C5F5A49474238
S21403CBB045455F41465F4C4F4E475F504F4C4C00D8
S21403CBC0534C5F5A49474245455F41465F53484F7A
S21403CBD052545F504F4C4C00706F6C6C206E776BEA
S21403CBE02025643A203078253032580046696E6432
S21403CBF020616E642042696E6420496E69746961BF
S21403CC00746F723A20436F6D706C6574653A2030AA
S21403CC1078253032580053746172742074617267D9
S21403CC2065740046696E6420616E642042696E64B2
S21403CC30205461726765740025733A2025733A2081
S21403CC4030782530325800467261676D656E7461C0
S21403CC5074696F6E2052582077696E646F772073FD
S21403CC60697A652073657420746F202564002F68C5
S21403CC706F6D652F72756E6E65722F776F726B2F81
S21403CC80747579612D7A69676265652D7377697442
S21403CC9063682F747579612D7A69676265652D738C
S21403CCA077697463682F73696C6162735F746F6FFF
S21403CCB06C732F73696D706C69636974795F7364E1
S21403CCC06B2F70726F746F636F6C2F7A6967626510
S21403CCD0652F6170702F6672616D65776F726B2F4B
S21403CCE0706C7567696E2F667261676D656E7461C9
S21403CCF074696F6E2F667261676D656E74617469B1
S21403CD006F6E2E630052583A2041646447726F7503
S21403CD1070526573706F6E736520307825303258A5
S21403CD202C203078253034580052583A20566965FE
S21403CD307747726F7570526573706F6E73652030C8
S21403CD4078253032582C203078253034582C202241
S21403CD500052583A2047657447726F75704D656D7B
S21403CD6062657273686970526573706F6E7365205F
S21403CD703078253032582C203078253032582C0025
S21403CD80205B3078253034585D0052583A2052657F
S21403CD906D6F766547726F7570526573706F6E73DD
S21403CDA065203078253032582C203078253034589A
S21403CDB00065705B253032585D2069645B2530342E
S21403CDC0585D00436C656172696E6720616C6C2008
S21403CDD067726F7570732E004552523A204661692A
S21403CDE06C656420746F2063726561746520626984
S21403CDF06E64696E672028307825303258290045DE
S21403CE0052523A2042696E64696E67207461626C9E
S21403CE10652069732066756C6C004552523A20771C
S21403CE20726974696E67206E616D652073757070C4
S21403CE306F727420253032580052583A2041646489
S21403CE4047726F7570203078253034582C202200B6
S21403CE5075760052583A205669657747726F757033
S21403CE6020307825303458007576730076696577F8
S21403CE705F67726F75700047726F7570733A2066DE
S21403CE8061696C656420746F2073656E6420257316
S21403CE9020726573706F6E73653A20307825303272
S21403CEA058006765745F67726F75705F6D656D6256
S21403CEB065727368697020726573706F6E73650050
S21403CEC064656661756C745F726573706F6E7365A7
S21403CED00052583A2047657447726F75704D656DFA
S21403CEE062657273686970203078253032582C007A
S21403CEF07575620047726F7570733A206661696C68
S21403CF00656420746F2073656E642025733A203041
S21403CF1078253032580052583A2052656D6F766540
S21403CF2047726F757020307825303458004552525A
S21403CF303A204661696C656420746F2064656C658D
S21403CF4074652062696E64696E67202830782530C0
S21403CF503258290072656D6F76655F67726F7570FC
S21403CF600052583A2052656D6F7665416C6C477275
S21403CF706F7570730052583A2041646447726F7538
S21403CF807049664964656E74696679696E672030B0
S21403CF9078253034582C202200616464004368618D
S21403CFA06E6E656C206E6F742076616C69643A20D1
S21403CFB02564005072696D617279002573206D6176
S21403CFC0736B206E6F7720307825303858005365A2
S21403CFD0636F6E64617279004D61736B206E6F745C
S21403CFE02076616C69643A202564007072696D610D
S21403CFF07279007365636F6E646172790025733AA4
S21403D00020536574202573206D61736B20746F2025
S21403D010307825303858005374617475730025735F
S21403D0203A2025733A004368616E6E656C206D6125
S21403D030736B3A00202020202831292030782530B1
S21403D0403858205B002020202028322920307825DD
S21403D050303858205B0053746174653A2030782565
S21403D06030325820282573290043757272656E7412
S21403D070206368616E6E656C3A20256400546F7495
S21403D080616C20626561636F6E733A202564004AA3
S21403D0906F696E20617474656D7074733A202564CD
S21403D0A0004E6574776F726B2073746174653A20F3
S21403D0B03078253032580053746F70002573205330
S21403D0C0746F702E2020436C65616E696E672075E1
S21403D0D0702E0042726F616463617374696E6720B9
S21403D0E07065726D6974206A6F696E005472757329
S21403D0F0742063656E746572206C696E6B206B6555
S21403D1007920757064617465207374617475730037
S21403D11025733A205741524E494E473A20736C5F67
S21403D1207A69676265655F7365745F696E6974695A
S21403D130616C5F73656375726974795F7374617428
S21403D14065206661696C65642E20436F6E74696E34
S21403D15075696E6720776974686F757420696E7376
S21403D16074616C6C20636F64652E004572726F7217
S21403D1703A20696E7374616C6C20636F6465207308
S21403D18065747570206661696C65642E204973202A
S21403D190616E20696E7374616C6C20636F646520C6
S21403D1A0666C6173686564206F6E746F207468655F
S21403D1B0206465766963653F00D0D1D2D3D4D5D6D3
S21403D1C0D7D8D9DADBDCDDDEDF00FFFFFFFFFFFFAA
S21403D1D0FFFF005A6967426565416C6C69616E635F
S21403D1E06530390025733A2069737375696E672055
S21403D1F07363616E206F6E202573206368616E6EA5
S21403D200656C7320286D61736B2030782530385831
S21403D2102900257320697320616C72656164792027
S21403D220696E2070726F67726573730053746172F0
S21403D23074004578616D696E696E67206265616327
S21403D2406F6E206F6E206368616E6E656C2025645A
S21403D25020776974682070616E49642030782530C1
S21403D2603458005468697320626561636F6E206981
S21403D27073206E6F742070617274206F66207468FA
S21403D280652063757272656E74206368616E6E6581
S21403D2906C206D61736B2028307825303858292E22
S21403D2A02047657474696E67206E657874206265BE
S21403D2B061636F6E2077686F7365206368616E6E57
S21403D2C0656C206269746D61736B20697320736586
S21403D2D0742E004572726F723A20257320636F7541
S21403D2E06C64206E6F7420617474656D7074206A4C
S21403D2F06F696E3A20307825303258004E6F2062C0
S21403D3006561636F6E73206C656674206F6E206351
S21403D310757272656E74206D61736B2E204D6F7619
S21403D320696E6720746F206E6578742073746174F9
S21403D33065002573206A6F696E696E6720307825ED
S21403D340303458206F6E206368616E6E656C2025DE
S21403D350640025732053746174653A202573004571
S21403D36072726F723A20257320636F756C64206E39
S21403D3706F74207365747570207365637572697452
S21403D380793A20307825303258004572726F723AF7
S21403D390205363616E20636F6D706C6574652068DF
S21403D3A0616E646C65722072657475726E65642056
S21403D3B0307825303258002573207363616E2063FE
S21403D3C06F6D706C6574652E20426561636F6E7356
S21403D3D02068656172643A2025640025732073749F
S21403D3E061636B20737461747573203078253032F3
S21403D3F058002573206E6574776F726B206A6F69A9
S21403D4006E65642E00257320747279696E67206ECC
S21403D410657874206E6574776F726B2E004E6F6E30
S21403D42065005363616E205072696D6172792043A3
S21403D43068616E6E656C7320616E6420757365201B
S21403D440436F6E66696775726564204B6579005332
S21403D45063616E205072696D617279204368616EF4
S21403D4606E656C7320616E642075736520496E73F8
S21403D47074616C6C20436F6465005363616E205067
S21403D48072696D617279204368616E6E656C732094
S21403D490616E64205573652043656E7472616C69B2
S21403D4A07A6564204B6579005363616E2050726918
S21403D4B06D617279204368616E6E656C7320616E70
S21403D4C06420557365204469737472696275746564
S21403D4D064204B6579005363616E205365636F6EFA
S21403D4E064617279204368616E6E656C7320616E49
S21403D4F0642075736520436F6E666967757265642D
S21403D500204B6579005363616E205365636F6E64C9
S21403D510617279204368616E6E656C7320616E6418
S21403D5202075736520496E7374616C6C20436F6459
S21403D53065005363616E205365636F6E6461727931
S21403D540204368616E6E656C7320616E642055734C
S21403D550652043656E7472616C697A6564204B65F9
S21403D56079005363616E205365636F6E64617279ED
S21403D570204368616E6E656C7320616E642055731C
S21403D58065204469737472696275746564204B65BB
S21403D59079005363616E205072696D61727920431E
S21403D5A068616E6E656C7320616E642055736520CA
S21403D5B0416C6C204B6579732028696E7374616CBB
S21403D5C06C20636F64652C2063656E7472616C698E
S21403D5D07A65642C20646973747269627574656411
S21403D5E029005363616E205365636F6E64617279BD
S21403D5F0204368616E6E656C7320616E642055739C
S21403D6006520416C6C204B6579732028696E7374B2
S21403D610616C6C20636F64652C2063656E74726145
S21403D6206C697A65642C20646973747269627574B4
S21403D630656429004F6E2F4F6666207365742076E7
S21403D640616C75653A2025303258202530325800F3
S21403D6504552523A2072656164696E67206F6E2F79
S21403D6606F66662025303258004F6E2F6F66662031
S21403D670616C72656164792073657420746F206EC3
S21403D68065772076616C756500546F67676C6520F7
S21403D6906F6E2F6F66662066726F6D202530325868
S21403D6A020746F2025303258004552523A20777244
S21403D6B06974696E67206F6E2F6F66662025303239
S21403D6C05800496E7374616C6C6564205479706598
S21403D6D0202842617365293A202030782530325855
S21403D6E0004361706162696C69746965733A2020EE
S21403D6F02020202020202020203078253034580079
S21403D700426F6F746C6F61646572205665727369DD
S21403D7106F6E3A202020202030782530345800536E
S21403D720656375726520426F6F746C6F61646572B2
S21403D730204B65793A20202020202000426F6F740A
S21403D7406C6F6164696E67206661696C656421004D
S21403D750446F776E6C6F6164206661696C65642ED6
S21403D7600044656C6574696E67206661696C656400
S21403D77020646F776E6C6F61642C207374617475AC
S21403D780733A2030782530325800496D616765203A
S21403D790646F6573206E6F7420636F6E7461696E59
S21403D7A020616E205570677261646520496D6167FC
S21403D7B065205461672028307825303458292E2078
S21403D7C0536B697070696E67207570677261646504
S21403D7D02E00457865637574696E6720626F6F7493
S21403D7E06C6F61642063616C6C6261636B2E0053C3
S21403D7F074617274696E672045424C20766572695F
S21403D8006669636174696F6E0045424C20666169A0
S21403D8106C656420766572696669636174696F6EA8
S21403D8202E0045424C2070617373656420766572E2
S21403D830696669636174696F6E2E002573696E6726
S21403D840204F544120636C69656E74207374617451
S21403D85065206D616368696E650073746F70700030
S21403D8604572726F723A204E6F20696D616765204C
S21403D870617420696E646578202564004E6F742099
S21403D880737570706F727465642E00436C69656E91
S21403D8907420696D61676520717565727920696E9C
S21403D8A0666F004D616E75662049443A202020203D
S21403D8B0202020202030782530345800496D6167B9
S21403D8C06520547970652049443A2020202030781A
S21403D8D0253034580043757272656E74205665722F
S21403D8E073696F6E3A2020307825303858004861C7
S21403D8F07264776172652056657273696F6E3A203B
S21403D900004E410051756572792044656C6179203B
S21403D9106D733A2020202020202020202020202540
S21403D9206C640053657276657220446973636F7620
S21403D9306572792044656C6179206D733A20256C95
S21403D9406400446F776E6C6F61642044656C617924
S21403D950206D733A202020202020202020256C6470
S21403D9600052756E20557067726164652044656C5D
S21403D9706179206D733A202020202020256C6400D6
S21403D9805665726966792044656C6179206D733AD1
S21403D9902020202020202020202020256C640044E6
S21403D9A06F776E6C6F6164204572726F7220546875
S21403D9B0726573686F6C643A20202564005570673F
S21403D9C07261646520576169742054687265736870
S21403D9D06F6C643A202020202564004F5441204475
S21403D9E06F776E6772616465733A20446973616228
S21403D9F06C6564004F544120446F776E67726164B0
S21403DA0065733A20456E61626C656400426F6F749D
S21403DA106C6F61642073746174653A2025730049E2
S21403DA206E76616C696420455020256420776865AE
S21403DA306E20747279696E6720746F2073656E64E6
S21403DA40204F5441206D6573736167652E005365DF
S21403DA506E64696E67205570677261646520456EF3
S21403DA606420726571756573742E0025733A206998
S21403DA706E76616C696420636D6449642030782532
S21403DA80303258004572726F723A20204661696CD4
S21403DA90656420746F2073656E64204F5441206361
S21403DAA06F6D6D616E64203078253032582C20738C
S21403DAB074617475733A2030782530325800536594
S21403DAC07276657220756E6B6E6F776E2C2066614C
S21403DAD06C6C696E67206261636B20746F20646987
S21403DAE073636F766572792E004D6178696D756D17
S21403DAF0207175657279206572726F72732068691A
S21403DB007420282564292C207374617274696E67E7
S21403DB102073656172636820666F72206E65772076
S21403DB204F5441207365727665722E0A00417070F9
S21403DB306C79696E6720757067726164650025731A
S21403DB403A20696E76616C6964206F6666736574E5
S21403DB502063757272656E7454696D652830782516
S21403DB6030385829203E20757067726164655469A1
S21403DB706D652830782530385829004F54412043A6
S21403DB806C75737465723A207761697420666F7278
S21403DB90202564207300525865642074696D654FB0
S21403DBA075742030782530385820732C204D415812
S21403DBB02074696D654F7574203078253038582089
S21403DBC073004D6178696D756D2075706772616459
S21403DBD065207265717565737473206D6164652065
S21403DBE02825642920776974686F757420726573B5
S21403DBF0706F6E73652066726F6D207365727665DF
S21403DC00722E00557067726164696E6720616E7963
S21403DC10776179004F5441205365727669636520B6
S21403DC20646973636F766572792070726576656E64
S21403DC30746564202D20616E6F7468657220697345
S21403DC4020616C726561647920696E2070726F67FB
S21403DC5072657373004661696C656420746F20692E
S21403DC606E6974696174652073657276696365208D
S21403DC70646973636F766572792E004F544120533F
S21403DC8065727669636520446973636F7665727936
S21403DC9020696E2070726F677265737300436C69D8
S21403DCA0656E7420766572696669636174696F6E02
S21403DCB0206661696C65642E005369676E617475CE
S21403DCC0726500437573746F6D007061737365647A
S21403DCD0004641494C4544004E6F207369676E61A8
S21403DCE07475726520766572696669636174696FB7
S21403DCF06E20737570706F72742C20617373756DFC
S21403DD00696E6720696D616765206973206F6B6153
S21403DD10792E002573207665726966696361746976
S21403DD206F6E2025733A20307825303258004D61C7
S21403DD3078696D756D206E756D626572206F6620ED
S21403DD40646F776E6C6F6164206572726F72732096
S21403DD50726561636820282564292C2061626F72CE
S21403DD6074696E672E004F544120436C7573746557
S21403DD70723A2073657474696E6720494545452079
S21403DD8061646472657373206F66204F5441206329
S21403DD906C7573746572005061727469616C206689
S21403DDA0696C6520646F776E6C6F616420666F754F
S21403DDB06E642C20636F6E74696E75696E67206679
S21403DDC0726F6D206F666673657420307825303801
S21403DDD05800466F756E642066756C6C7920646FA8
S21403DDE0776E6C6F616465642066696C6520696E26
S21403DDF02073746F72616765202876657273696F26
S21403DE006E20307825303858292E00466F756E649C
S21403DE102066696C6520696E2073746F726167652E
S21403DE20207769746820646966666572656E742017
S21403DE3076657273696F6E202830782530385829D6
S21403DE40207468616E2063757272656E74207665E1
S21403DE507273696F6E20283078253038582900464B
S21403DE60696C6520696E2073746F726167652069DB
S21403DE70732073616D652061732063757272656EBE
S21403DE80742072756E6E696E672076657273696F3D
S21403DE906E202830782530385829004E6F20696D5B
S21403DEA061676520666F756E6420696E2073746F94
S21403DEB0726167652E004F5441205365727669631D
S21403DEC06520446973636F7665727920756E626C3C
S21403DED06F636B65640049676E6F72696E67207364
S21403DEE065727665722066726F6D206C6F6F7062F6
S21403DEF061636B20616464726573730049676E6F58
S21403DF0072696E6720307825303458204F5441208C
S21403DF1073657276657220696E20736561726368D5
S21403DF20206F662054430053657474696E67204FF0
S21403DF3054412053657276657220746F20307825BD
S21403DF403034580044656C6179696E672025642017
S21403DF507365636F6E6473206265666F72652073A4
S21403DF6074617274696E67204F544120636C6965EF
S21403DF706E740054696D656F757420776169746992
S21403DF806E6720666F72206D6573736167652E001A
S21403DF90426164204F544120636F6D6D616E643A35
S21403DFA020307825303258004F544120636F6D6D12
S21403DFB0616E642030782530325820746F6F20737A
S21403DFC0686F727420286C656E202564203C206D73
S21403DFD0696E20256429004F544120636F6D6D617F
S21403DFE06E642066726F6D20756E7265636F676E02
S21403DFF0697A656420736572766572203078253099
S21403E00034582E20204D79204F5441207365727664
S21403E01065723A2030782530345800496D6167655B
S21403E020204E6F7469667900476F7420756E657845
S21403E0307065637465642025732E202053746172A3
S21403E0407420646973636F766572792E00646566FF
S21403E05061756C74004F54413A206661696C65645F
S21403E06020746F2073656E64202573207265737049
S21403E0706F6E73653A2030782530325800496D61EB
S21403E0806765206E6F7469667900476F7420756ED6
S21403E09065787065637465642025732E2020496750
S21403E0A06E6F7265642E004F54413A204465666174
S21403E0B0756C7420726573706F6E736520666F720D
S21403E0C020496D616765206E6F746966792C2073CD
S21403E0D074617475732030782530325800496D6149
S21403E0E06765206E6F7469667920636F6D6D616E08
S21403E0F06400257320756E69636173742C207175D3
S21403E100657279696E6700496E76616C696400258D
S21403E11073202573207061796C6F61642074797045
S21403E12065203078253032580025732025733A2031
S21403E1306F7574206F662072616E6765206A6974F6
S21403E1407465722025640025732025733A20706158
S21403E150796C6F6164206C656E67746820646F65A4
S21403E160736E2774206D61746368207479706520FC
S21403E17030782530325820282564203C2025642911
S21403E1800025732025732064756520746F206E6FD9
S21403E1906E2D6D61746368696E67206D616E75665A
S21403E1A06163747572657220494400257320257374
S21403E1B02064756520746F206E6F6E2D6D617463B9
S21403E1C068696E6720696D6167652074797065207C
S21403E1D049440025732025732064756520746F20D9
S21403E1E06D61746368696E67206669726D776172C4
S21403E1F0652076657273696F6E0025732025732C10
S21403E2002052782764204A6974746572202830780F
S21403E21025303258292C205069636B6564204A697F
S21403E2207474657220283078253032582900517569
S21403E230657279206E65787420696D6167652072F2
S21403E2406573706F6E7365002573207265747572DF
S21403E2506E6564203078253032582E20204E6F208D
S21403E2606E657720696D61676520746F20646F77CC
S21403E2706E6C6F61642E00257320746F6F20736855
S21403E2806F727420282564203C202564290025739A
S21403E2903A204E657720696D616765206973206152
S21403E2A07661696C61626C6520666F7220646F7755
S21403E2B06E6C6F61642E002573206973206E6F7415
S21403E2C0207573696E67206D7920696D61676520B7
S21403E2D0696E666F2E004552524F523A204E65784D
S21403E2E07420496D61676520697320746F6F2062BF
S21403E2F0696720746F2073746F72652028307825E1
S21403E300303858203E203078253038582900257379
S21403E3102072657475726E65642073616D65204640
S21403E320696C6556657273696F6E206173206375D9
S21403E3307272656E746C7920696E7374616C6C6549
S21403E340642E004F544120446F776E677261646594
S21403E350732044697361626C65643A2046696C6530
S21403E36056657273696F6E20626568696E642063B2
S21403E370757272656E7420696E7374616C6C617409
S21403E380696F6E005374617274696E6720646F7789
S21403E3906E6C6F61642C2056657273696F6E2030E5
S21403E3A07825303858004572726F723A2046616994
S21403E3B06C656420746F2064656C65746520696D94
S21403E3C06167652E004572726F723A204661696C0A
S21403E3D0656420746F206572617365206F6C6420BA
S21403E3E074656D7020646174612E00496D616765A4
S21403E3F020626C6F636B20726573706F6E7365005B
S21403E4004F54413A20496D616765426C6F636B52A6
S21403E41065706F6E736520636F6E7461696E7320CB
S21403E420696E76616C6964206F7220696E636F6DC6
S21403E430706C657465206461746100557064617402
S21403E440696E67204D696E20426C6F636B20526560
S21403E450717565737420506572696F6420746F20DC
S21403E4602564206D7300446F776E6C6F616420645F
S21403E470656C6179206279207365727665722025F2
S21403E48064206D7300446F776E6C6F616420616205
S21403E4906F72746564206279207365727665722E76
S21403E4A00053657276657220646F65736E277420F9
S21403E4B0737570706F727420706167652072657112
S21403E4C0756573742C206F6E6C79207573696E672F
S21403E4D020626C6F636B20726571756573742E00B2
S21403E4E05365727665722072657475726E65642004
S21403E4F027756E737570706F7274656420636C75C0
S21403E5007374657220636F6D6D616E64272E00559C
S21403E5106E6B6E6F776E20257320737461747573DC
S21403E52020636F64652030782530325800257320C9
S21403E53068617320646174612073697A6520282595
S21403E540642920736D616C6C6572207468616E203B
S21403E55061637475616C207061636B6574207369A5
S21403E5607A6520282564292E002573206572726F2C
S21403E570723A204578706563746564206F666673C7
S21403E5806574203078253038582C206275742067DF
S21403E5906F74203078253038582E202049676E6FE8
S21403E5A072696E6700257320696E666F20646964FE
S21403E5B0206E6F74206D61746368206D79206578B2
S21403E5C070656374656420696E666F2E20204472DE
S21403E5D06F7070696E672E004661696C656420749F
S21403E5E06F20777269746520746F2073746F72611D
S21403E5F06765206465766963652100446F776E6C92
S21403E6006F6164005570677261646520656E64208F
S21403E610726573706F6E73650053657276657220EC
S21403E62061626F7274656420757067726164652CCD
S21403E630207374617475733A20307825303258002D
S21403E6404572726F723A2025732068616420696E82
S21403E65076616C69642025733A200066696C6520D0
S21403E66076657273696F6E00416464696E67202510
S21403E67064206D732E2064656C617920666F72204A
S21403E680696D6D6564696174652075706772616430
S21403E690652E00436F756E74646F776E20746F20FB
S21403E6A0757067726164653A202564206D73002077
S21403E6B053746174653A20202025730020576169DE
S21403E6C074696E6720666F7220726573706F6E73FF
S21403E6D0653A20257300204E657874204576656E6E
S21403E6E0742054696D65723A202564206D7300208A
S21403E6F043757272656E7420446F776E6C6F6164D7
S21403E700204F66667365743A203078253038582073
S21403E7102825642525290025733A206661696C65DA
S21403E720642070617273696E67204F544120636D75
S21403E7306420307825303258004F544120446566B3
S21403E74061756C7420726573706F6E736520746F79
S21403E75020636F6D6D616E642049442030782530E8
S21403E76032582C20737461747573203078253032D8
S21403E7705800496D61676520626C6F636B20726534
S21403E78071756573742074657374206F6E6C79206D
S21403E790776F726B73207768656E20737461746528
S21403E7A020697320424F4F544C4F41445F535441AA
S21403E7B054455F4E4F4E450052616E646F6D204464
S21403E7C0656C6179206265666F7265207374617229
S21403E7D07400446973636F766572696E67204F547D
S21403E7E0412053657276657200476574204F544125
S21403E7F02053657276657220455549004F627461F1
S21403E800696E206C696E6B206B6579005175657255
S21403E81079696E67204E65787420496D6167650077
S21403E820446F776E6C6F6164696E6720496D6167CC
S21403E8306500566572696679696E6720496D61671A
S21403E840650057616974696E6720666F722055703C
S21403E8506772616465206D65737361676500436FF6
S21403E860756E74646F776E20746F2055706772616F
S21403E87064650057616974696E6720746F207570EC
S21403E880677261646520766961206F75742D6F66A3
S21403E8902D62616E64206D656368616E69736D00D9
S21403E8A025733A202564252520636F6D706C657487
S21403E8B06500496D61676520256400202045525236
S21403E8C04F523A20436F756C64206E6F74206765F1
S21403E8D0742066756C6C206865616465722100201F
S21403E8E0204865616465722056657273696F6E3A77
S21403E8F020307825303458002020486561646572DE
S21403E900204C656E6774683A20202564206279740B
S21403E91065730020204669656C6420436F6E7472CD
S21403E9206F6C3A20203078253034580020204D6113
S21403E9306E75662049443A20202020202020307817
S21403E94025303458002020496D616765205479705E
S21403E950653A2020202020307825303458002020A7
S21403E96056657273696F6E3A20202020202020207F
S21403E9703078253038580020205A6967626565204C
S21403E98056657273696F6E3A2030782530345800B6
S21403E990202048656164657220537472696E673A15
S21403E9A020202573002020496D6167652053697A0E
S21403E9B0653A2020202020256C64206279746573D4
S21403E9C00020205365637572697479204372656409
S21403E9D03A20203078253032580020205570677250
S21403E9E061646520446573743A2020200020204D1E
S21403E9F0696E2E204857205665723A202020203014
S21403EA0078253034580020204D61782E2048572032
S21403EA105665723A2020202030782530345800205E
S21403EA2020546F74616C20546167733A2025640028
S21403EA30202020205461673A20307825303458004F
S21403EA402020202020204C656E6774683A20256CB1
S21403EA5064004572726F723A20436F756C64206E61
S21403EA606F74206F627461696E2074616720696ECB
S21403EA70666F2066726F6D20696D6167652E000A8A
S21403EA80256420696D6167657320696E204F544164
S21403EA902073746F726167652E00496D6167652028
S21403EAA064656C65746525732E004572726F723AE1
S21403EAB02020436F756C64206E6F742072656164EA
S21403EAC020626C6F636B3A203078253032582E0AFA
S21403EAD0005374617274696E672065726173652092
S21403EAE066726F6D206F66667365742030782530A6
S21403EAF0385820746F2030782530385800436F75A7
S21403EB006C64206E6F742073746172742045524176
S21403EB105345212028307825303258290045455062
S21403EB20524F4D20457261736520636F6D706C653F
S21403EB307465002F686F6D652F72756E6E65722F24
S21403EB40776F726B2F747579612D7A696762656565
S21403EB502D7377697463682F747579612D7A696785
S21403EB606265652D7377697463682F73696C616278
S21403EB70735F746F6F6C732F73696D706C69636901
S21403EB8074795F73646B2F70726F746F636F6C2F1F
S21403EB907A69676265652F6170702F6672616D654D
S21403EBA0776F726B2F706C7567696E2F6F74612D3C
S21403EBB073746F726167652D73696D706C652D650F
S21403EBC06570726F6D2F6F74612D73746F726167EA
S21403EBD0652D656570726F6D2D706167652D657245
S21403EBE06173652E63002F686F6D652F72756E6E89
S21403EBF065722F776F726B2F747579612D7A6967DB
S21403EC006265652D7377697463682F747579612DF2
S21403EC107A69676265652D7377697463682F7369AC
S21403EC206C6162735F746F6F6C732F73696D706C56
S21403EC3069636974795F73646B2F70726F746F6343
S21403EC406F6C2F7A69676265652F6170702F6672C5
S21403EC50616D65776F726B2F706C7567696E2F6F5A
S21403EC6074612D73746F726167652D73696D706C53
S21403EC70652D656570726F6D2F6F74612D73746F7C
S21403EC80726167652D656570726F6D2E63004F54F4
S21403EC90412053696D706C652053746F72616765AC
S21403ECA020454550524F4D207761726E696E673A24
S21403ECB020636F756C64206E6F74206765742073B1
S21403ECC06C6F7420696E666F20666F7220736C6F4C
S21403ECD07420256420286572726F72203078253080
S21403ECE03258292E2044656661756C74696E6720F8
S21403ECF0746F207370656369666965642061646414
S21403ED0072657373206F6666736574730053746FEE
S21403ED1072616765204472697665723A2020202006
S21403ED202020202020202020204F54412053696D8E
S21403ED30706C652053746F72616765204545505249
S21403ED404F4D20506C7567696E0052656164204DA7
S21403ED506F6469667920577269746520537570709D
S21403ED606F72743A20206E6F00534F4320426F6FCA
S21403ED70746C6F6164696E6720537570706F72741C
S21403ED803A2020202079657300426F6F746C6F61A0
S21403ED906465722053746F72616765205375707073
S21403EDA06F72743A205573652066697273742073A4
S21403EDB06C6F7400536C6F7420746F207573653AB0
S21403EDC0202020202020202020202020202020203B
S21403EDD025640043757272656E7420446F776E6C9B
S21403EDE06F6164204F66667365743A202020203076
S21403EDF078253038580045424C205374617274208D
S21403EE004F66667365743A20202020202020202039
S21403EE10202030782530385800454550524F4D2035
S21403EE2053746172743A2020202020202020202052
S21403EE302020202020307825303858004545505271
S21403EE404F4D20456E643A2020202020202020208D
S21403EE5020202020202020203078253038580049D4
S21403EE606D61676520496E666F2053746172743AEC
S21403EE7020202020202020202020203078253038F5
S21403EE805800536176652052617465202862797450
S21403EE906573292020202020202020202020307861
S21403EEA025303858004F6666736574206F66206495
S21403EEB06F776E6C6F6164206F666673657420206F
S21403EEC020307825303858004F6666736574206F97
S21403EED0662045424C206F66667365743A20202090
S21403EEE020202020307825303858004F666673651A
S21403EEF074206F6620696D61676520737461727430
S21403EF003A20202020202030782530385800736C93
S21403EF105F7A69676265655F61665F6F74615F7379
S21403EF20746F726167655F6472697665725F726536
S21403EF3061645F63622829206661696C65642100E9
S21403EF40426164206D61676963206E756D626572E8
S21403EF5020696E2066696C653A2030782530325811
S21403EF6020307825303258203078253032582030FB
S21403EF707825303258004261642076657273696F73
S21403EF806E20696E2066696C6520307825303458AB
S21403EF90004572726F723A2072656164416E645600
S21403EFA0616C696461746553746F726564496D61FD
S21403EFB06765282920747269656420746F207265FA
S21403EFC06164206D6F72652064617461207468618A
S21403EFD06E20697420636F756C6420686F6C642E92
S21403EFE000736C5F7A69676265655F61665F6F74FD
S21403EFF0615F73746F726167655F64726976657269
S21403F0005F726561645F63622829204641494C4507
S21403F0104421004C617374206F66667365742064C4
S21403F0206F776E6C6F616465643A2030782530388C
S21403F030580053746F72616765204D6F64756C6515
S21403F0403A204F54412053696D706C652053746F9A
S21403F0507261676520506C7567696E00496D6167FC
S21403F06065732053746F7265643A20202564206F9D
S21403F0706620310A00253032583A00657020253064
S21403F080325820636C7573202530345820617474AD
S21403F0907220253034582073767220256300206D45
S21403F0A06667202530325800207265706F727420B0
S21403F0B06D696E2025303458206D617820253034F4
S21403F0C058207270742D63686720253038580020E6
S21403F0D0726563656976652066726F6D20253034C8
S21403F0E05820657020253032582074696D656F7519
S21403F0F074202530345800636C6561720072656D48
S21403F1006F766500636C656172696E67206C617308
S21403F11074207265706F72742074696D65206F66F3
S21403F12020616C6C20617474726962757465730017
S21403F13074657374696E672074696D696E67206F92
S21403F1406620766172696F7573207265706F72746C
S21403F150696E67206F7065726174696F6E73002DD8
S21403F1602D2D2D2D2D2D2D2D2D2D2D2D2D2D2D2DC7
S21403F1702D2D2D2D2D2D2D2D2D2D2D2D2D2D2D2DB7
S21403F1802D2D2D2D2D2D2D2D2D2D2D2D2D2D002DD4
S21403F1902D7461626C65207265616473202D206630
S21403F1A0756C6C207461626C652D2D0072657375C9
S21403F1B06C74203D202564206D73002D2D696E69C7
S21403F1C074202F207363686564756C6520746963A7
S21403F1D06B2D2D2D002D2D6C6F616420636F6E6675
S21403F1E0696775726174696F6E2064656661756CB4
S21403F1F074732D2D002F686F6D652F72756E6E6597
S21403F200722F776F726B2F747579612D7A696762C7
S21403F21065652D7377697463682F747579612D7AC4
S21403F22069676265652D7377697463682F73696CA4
S21403F2306162735F746F6F6C732F73696D706C6943
S21403F240636974795F73646B2F70726F746F636F27
S21403F2506C2F7A69676265652F6170702F667261BD
S21403F2606D65776F726B2F706C7567696E2F72653D
S21403F270706F7274696E672F7265706F7274696EE1
S21403F280672E6300524541445F5250545F434647DE
S21403F29000726561645F7265706F7274696E675F32
S21403F2A0636F6E66696775726174696F6E00526527
S21403F2B0706F7274696E673A206661696C65642064
S21403F2C0746F2073656E6420257320726573706F88
S21403F2D06E73653A20307825303258004552523ADC
S21403F2E02072656164696E6720636C7573746572FA
S21403F2F020307825303458206174747269627574CE
S21403F30065203078253034583A2030782530325806
S21403F310004552523A207265706F7274696E6720A8
S21403F3206F66204C4F4E4720737472696E67206178
S21403F33074747269627574652074797065206E6F73
S21403F3407420737570706F727465643A20636C759D
S21403F3507374657220307825303458206174747263
S21403F36069627574652030782530345800526570AC
S21403F3706F7274696E6720456E7472792046756C79
S21403F3806C202D206372656174696E67206E6577E5
S21403F390207265706F7274004346475F5250540084
S21403F3A0202D20646972656374696F6E3A25303266
S21403F3B0582C20617474723A25303458002020206B
S21403F3C0747970653A253032582C206D696E3A256B
S21403F3D03034582C206D61783A253034580020207C
S21403F3E0206368616E67653A0020202074696D6546
S21403F3F06F75743A2530345800636F6E66696775A7
S21403F40072655F7265706F7274696E67002054432D
S21403F4104C4B2075706461746520616C7265616421
S21403F4207920696E2070726F6772657373004D6121
S21403F4306E75616C2054434C4B2075706461746523
S21403F440206661696C65642E25730053746172745B
S21403F450696E672075706461746520747275737461
S21403F4602063656E746572206C696E6B206B6579BC
S21403F4702070726F636573730055706461746520E2
S21403F4805443204C696E6B204B657900204E65779C
S21403F490206B65792065737461626C697368656453
S21403F4A03A00204572726F723A00506172746E654C
S21403F4B0723A20005A434C20676C6F62616C20637B
S21403F4C06C757374657220636F6D6D616E64730023
S21403F4D0646972656374696F6E00646973632D6330
S21403F4E06F6D2D67656E00646973632D636F6D2D95
S21403F4F0726563006578706563742D7265706F72EC
S21403F500742D66726F6D2D6D6500757772697465FF
S21403F510006E7772697465007265706F72742D720F
S21403F5206561640073656E642D6D652D612D72656E
S21403F530706F72740043726561746573206120672F
S21403F5406C6F62616C20646973636F7665722063A7
S21403F5506F6D6D616E6420666F72207468652061DE
S21403F56073736F6369617465642076616C75657324
S21403F5702E00636C757374657249641F61747472CC
S21403F580696275746549641F6D61784E756D626551
S21403F59072546F5265706F72741F004372656174A4
S21403F5A06573206120676C6F62616C2073656E649F
S21403F5B0206D652061207265706F727420636F6DB5
S21403F5C06D616E6420666F72207468652061737364
S21403F5D06F6369617465642076616C7565732E006C
S21403F5E0636C757374657249641F617474726962BF
S21403F5F075746549641F64617461547970651F6D21
S21403F600696E5265706F727454696D651F6D6178AB
S21403F6105265706F727454696D651F7265706F7290
S21403F6207461626C654368616E67651F004372654B
S21403F63061746573206120676C6F62616C2072650C
S21403F6406164207265706F7274696E6720636F6D94
S21403F6506D616E6420666F722074686520617373D3
S21403F6606F63696174656420636C75737465722C6B
S21403F6702061747472696275746520616E642073A8
S21403F68065727665722F636C69656E742064697241
S21403F690656374696F6E2E00636C75737465724967
S21403F6A0641F61747472696275746549641F646962
S21403F6B072656374696F6E1F00476C6F62616C20BE
S21403F6C07265706F7274696E6720636F6D6D616EBD
S21403F6D06400656E64706F696E741F636C75737413
S21403F6E0657249641F6174747269627574654964EE
S21403F6F01F6D61736B1F00437265617465732061D0
S21403F70020676C6F62616C207265616420636F6D45
S21403F7106D616E64206D65737361676520746F2019
S21403F720726561642066726F6D2074686520636C11
S21403F730757374657220616E642061747472696295
S21403F740757465207370656369666965642E006306
S21403F7506C757374657249641F617474726962753B
S21403F760746549641F004372656174657320612084
S21403F770676C6F62616C20777269746520636F6D66
S21403F7806D616E64206D65737361676520746F20A9
S21403F790777269746520746F2074686520636C756E
S21403F7A07374657220616E64206174747269627525
S21403F7B074652073706563696669656400636C7558
S21403F7C07374657249641F617474726962757465D3
S21403F7D049641F747970651F646174611F00437206
S21403F7E0656174652061206578706563742D726544
S21403F7F0706F72742D66726F6D2D6D65206D6573F7
S21403F800736167652077697468206173736F6369D2
S21403F810617465642076616C7565732E00636C7520
S21403F8207374657249641F61747472696275746572
S21403F83049641F74696D656F75741F004372656153
S21403F8407465206120446973636F76657220436F25
S21403F8506D6D616E64732047656E65726174656471
S21403F86020636F6D6D616E642077697468206173C1
S21403F870736F6369617465642076616C7565732E56
S21403F88000636C757374657249641F737461727474
S21403F890436F6D6D616E6449641F6D6178436F6D70
S21403F8A06D616E6449641F005365747320746865E4
S21403F8B020646972656374696F6E20666F72206771
S21403F8C06C6F62616C20636F6D6D616E64732C2068
S21403F8D065697468657220636C69656E7420746FFD
S21403F8E020736572766572206F7220736572766513
S21403F8F07220746F20636C69656E742E0053657492
S21403F90073206120666C616720736F20746861746E
S21403F91020746865206170706C69636174696F6ECA
S21403F920206672616D65776F726B2057494C4C2069
S21403F9304E4F5420726573706F6E6420746F20741C
S21403F9406865206E657874205A434C206D65737322
S21403F950616765207468617420636F6D65732069E1
S21403F9606E206F76657220746865206169722E005A
S21403F97053657473206120666C616720736F20740F
S21403F98068617420746865206170706C6963617463
S21403F990696F6E206672616D65776F726B2057496B
S21403F9A04C4C20726573706F6E6420746F2074689D
S21403F9B065206E657874205A434C206D65737361B9
S21403F9C06765207468617420636F6D657320696E64
S21403F9D0206F76657220746865206169722E005305
S21403F9E0657473207468652044697361626C65206E
S21403F9F044656661756C7420526573706F6E7365CB
S21403FA00204672616D6520436F6E74726F6C206260
S21403FA10697420746F2075736520666F722074682E
S21403FA2065206E65787420636F6D6D616E64206902
S21403FA30662074686520636F6D6D616E64206973FC
S21403FA40206E6F7420616C726561647920627569DB
S21403FA506C742E0064697361626C654465666175D7
S21403FA606C74526573706F6E73651F0053657473A1
S21403FA702074686520666C616720746F20757365F3
S21403FA802074686520696E6372656D656E7465645F
S21403FA902073657175656E6365206E756D6265723C
S21403FAA02066726F6D20746865206672616D657777
S21403FAB06F726B20666F7220746865206E6578744B
S21403FAC02072617720636F6D6D616E642E007573AF
S21403FAD0654E65787453657175656E63651F00437F
S21403FAE06C6920636F6D6D616E6420746F20636153
S21403FAF06C6C20736C5F7A69676265655F61665FCD
S21403FB007365745F74696D652066756E6374696F7B
S21403FB106E20646F63756D656E74656420696E2010
S21403FB2061662E680075746354696D651F005365BE
S21403FB307473207468652074776F20627974652007
S21403FB406D616E7566616374757265722073706538
S21403FB506369666963206964656E7469666965725C
S21403FB6020746F2075736520666F72207468652035
S21403FB706E65787420636F6D6D616E6420696620B0
S21403FB8074686520636F6D6D616E64206973206EA3
S21403FB906F7420616C7265616479206275696C7438
S21403FBA02E006D6667537065636966696349641FF3
S21403FBB0006E6F742000534C5F5354415455535F8B
S21403FBC04E4554574F524B5F5550203078253034AE
S21403FBD0580054727573742043656E7465722045BD
S21403FBE05549206861732025736368616E67656491
S21403FBF02E00534C5F5354415455535F4E45545750
S21403FC004F524B5F444F574E00534C5F535441542F
S21403FC1055535F4E4F545F4A4F494E454400534C2D
S21403FC205F5354415455535F5A49474245455F4EC7
S21403FC304554574F524B5F4F50454E45443A202547
S21403FC40642073656300534C5F5354415455535FAC
S21403FC505A49474245455F4E4554574F524B5F43BB
S21403FC604C4F5345440025733A202573006469734B
S21403FC7074726962757465640063656E7472616C30
S21403FC80697A656400466F726D002573696E672036
S21403FC906F6E2063682025642C2070616E49642093
S21403FCA0307825303458004572726F723A204465B6
S21403FCB07669636520646F6573206E6F7420737551
S21403FCC070706F7274202573206E6574776F726B15
S21403FCD020666F726D6174696F6E004A6F696E009D
S21403FCE0496E76616C6964205365637572697479CD
S21403FCF02050726F66696C653A203078253032582A
S21403FD0000704A6F696E20666F72202564207365E3
S21403FD10633A20307825303258004C696D6974692F
S21403FD206E67206475726174696F6E206F662070EB
S21403FD3065726D6974206A6F696E2066726F6D20D6
S21403FD40666F726576657220283235352920746FA2
S21403FD50203235340052583A205A444F2C20636FD1
S21403FD606D6D616E64203078253034582C207374A2
S21403FD70617475733A203078253032580053696DB4
S21403FD80706C650052583A202573204465736320CF
S21403FD9052657370004D61746368002C204D617466
S21403FDA0636865733A202564004465766963652055
S21403FDB0416E6E6F756E63653A2030782530345821
S21403FDC00052583A2049454545204164647265739C
S21403FDD07320526573706F6E73650052583A2041F4
S21403FDE0637469766520455020526573706F6E7331
S21403FDF0652C20436F756E743A202564004E6F643D
S21403FE0065002C204D6174636865733A203078254D
S21403FE1030345800737461636B207665722E205BF2
S21403FE2025642E25642E25640020257320627569BB
S21403FE306C642025645D005A444F005345004841D6
S21403FE4000436C757374657200476C6F62616C0077
S21403FE5025737478203078253038582C200050725B
S21403FE606F66696C653A2025732028307825303410
S21403FE7058292C20436C75737465723A20307825A4
S21403FE803034582C2025642062797465732C002046
S21403FE905A434C20257320436D642049443A202559
S21403FEA064005072652D52656C6561736500416C24
S21403FEB0706861203100416C706861203200416CCB
S21403FEC070686120330042657461203100426574B6
S21403FED06120320042657461203300474100526559
S21403FEE073657420696E666F3A2030782530325811
S21403FEF020282573290064656C6574652062696E25
S21403FF0064696E673A20253032582025303258000F
S21403FF100102030405060708090A0B0C0001010188
S21403FF200101010101010101010057524954452015
S21403FF304552523A200025736570202530325820EA
S21403FF40636C7573202530345820617474722025D1
S21403FF50303458206E6F7420737570706F727465CA
S21403FF6064002573696E76616C69642064617461EC
S21403FF70207479706500257361747472206E6F74D3
S21403FF80207772697461626C650057524954453A2A
S21403FF90206E6F2077726974652C206A75737420DF
S21403FFA061207465737400524541443A2061747449
S21403FFB07269627574652073697A6520746F6F2041
S21403FFC06C6172676520666F722063616C6C657224
S21403FFD000636C6E74007372767200525700524F51
S21403FFE000202052414D20200020746F6B656E2048
S21403FFF00065787465726E2000454E44504F494E36
S21404000054202530325800636C7573202F20736992
S2140400106465202F2061747472202F206D6667201B
S214040020202F74797065286C656E292F20727720CE
S2140400302F2073746F72616765202F20646174616A
S2140400402028726177290025303458202F20257304
S214040050202F2025303458202F2000202F20253014
S214040060325820282530325829202F202573202F57
S214040070202573202F2000556E737570706F727470
S2140400806564004F544120524541443A2065703A15
S21404009025303258206369643A2530345820617418
S2140400A07469643A25303458206D736B3A253032BF
S2140400B058206D66636F64653A253034580052459F
S2140400C041443A20636C757320253034582C2061E3
S2140400D07474722025303458206661696C65642017
S2140400E02530325800524541443A20636C757320DB
S2140400F0253034582C206174747220253034582CE2
S21404010020646174614C656E3A20253032582C2088
S2140401104F4B002825632925303258253032582580
S214040120303258253032582530325825303258254A
S214040130303258253032580064697361626C650049
S2140401402573642C2064726F7070696E6720657006
S2140401502030782530325820636C7573203078252B
S21404016030345820636D6420307825303258004788
S214040170656E65726174656400526563656976656B
S2140401806400446973636F76657220436F6D6D61B6
S2140401906E647320726573706F6E73652028636F68
S2140401A06D706C6574653A202563292C20257320B0
S2140401B04944733A200030782530325820005F4591
S2140401C0585400524541445F4154545200575249D2
S2140401D054453A20636C7573202530345820617476
S2140401E07472202530345820004641494C2025306E
S2140401F032580057524954453A20746F6F2073683A
S2140402006F727400444953435F415454520025733B
S21404021025733A20636C7573202530345800537662
S2140402206320446973633A200025735761697469CF
S2140402306E672025642073656320666F7220646988
S21404024073636F7665727920746F20636F6D706C5C
S21404025065746500537461746520636F72726573A8
S214040260706F6E64696E6720746F2074686520749E
S21404027068652072657175657374206E6F74206688
S2140402806F756E640A002573636F6D706C657465B4
S2140402902E0A002573536572766963652044697374
S2140402A0636F76657279205374617465206C696D2A
S2140402B069747320726561636865640A002573490E
S2140402C06C6C6567616C2062726F616463617374E1
S2140402D020616464726573732C2072656D6170703E
S2140402E0696E6720746F2076616C6964206F6E6532
S2140402F02E0025734661696C656420746F207365EF
S2140403006E64206D6174636820646973636F7665D8
S21404031072793A2030782530325800257353746148
S2140403207274696E6720646973636F766572792088
S214040330666F7220636C757374657220307825302E
S21404034034580025734661696C656420746F2073A5
S214040350656E642073696D706C6520646573637282
S2140403606970746F7220726571756573743A2030A3
S21404037078253032580025734661696C65642074AC
S2140403806F2073656E642049454545206164647238
S21404039065737320726571756573743A20307825B9
S2140403A03032580025734661696C656420746F208A
S2140403B073656E64204E574B206164647265737374
S2140403C020726571756573743A203078253032581A
S2140403D0004572726F723A2025732062616420733E
S2140403E0696D706C652064657363726970746F728E
S2140403F0206C656E6774682E0025734D6573736193
S214040400676520746F6F2073686F72740025734D70
S21404041065737361676520746F6F2073686F727499
S21404042020666F72206E756D2E20656E64706F691F
S2140404306E74730025734D61746368257320666F4C
S214040440756E642066726F6D203078253034582EB1
S214040450004572726F723A20257320696E76616C5D
S2140404606964206C656E6774682028256420213DC5
S2140404702025642920666F7220416374697665209E
S214040480456E64706F696E7420726573706F6E73F8
S21404049065002573676F742061637469766520450B
S2140404A05020726573706F6E7365005554432074E4
S2140404B0696D653A2025642F25642F2564202564FC
S2140404C03A25643A256420282530385829002855CA
S2140404D06E6B6E6F776E20636C75732E205B307850
S2140404E0253034585D29000D0A54253038583A0012
S2140404F05258206C656E2025642C206570202530AB
S21404050032582C20636C757320307825303458208C
S21404051000206D6667496420253034580020464321
S21404052020253032582073657120253032582063D8
S2140405306D642025303258207061796C6F61645B7D
S214040540004261736963004F7665722074686520A3
S21404055041697220426F6F746C6F6164696E6700E4
S2140405602573525820706B7420746F6F2073686FF5
S21404057072743A202564203C202564002573525862
S21404058020706B74206D616C666F726D65643A20C2
S2140405902564203C2025640020204861766520528E
S2140405A06F7574657220537570706F7274002020B6
S2140405B0456E6420446576696365204F6E6C7900E9
S2140405C02020456E61626C65640020204469736176
S2140405D0626C6564004572726F722072657472692B
S2140405E06576696E6720696E666F20666F72206C2A
S2140405F0696272617279204944202564002573205B
S2140406006C69627261727925732070726573656EA7
S21404061074005A69676265652050726F0042696E9D
S21404062064696E6700536563757269747920436FF5
S2140406307265005365637572697479204C696E6BD4
S214040640204B6579730043424B45203136334B319A
S2140406500043424B4520445341205369676E00458E
S21404066043430043424B4520445341205665726938
S2140406706679005061636B65742056616C696461C9
S2140406807465005A4C4C0043424B45203238334B79
S2140406903100454343203238334B310043424B4507
S2140406A020636F7265004E4350004D756C7469206C
S2140406B06E6574776F726B00456E68616E63656411
S2140406C020426561636F6E205265710043424B455C
S2140406D0203238334B3120445341205665726966C4
S2140406E079004D756C74692D50414E002F686F6DFE
S2140406F0652F72756E6E65722F776F726B2F7475B9
S21404070079612D7A69676265652D737769746368A4
S2140407102F747579612D7A69676265652D737769BB
S2140407207463682F73696C6162735F746F6F6C7344
S2140407302F73696D706C69636974795F73646B2F6A
S21404074070726F746F636F6C2F7A69676265652F5A
S214040750737461636B2F636F6E6669672F736C5F68
S2140407607A69676265655F636F6E666967757261ED
S21404077074696F6E2E63002F686F6D652F72756EC9
S2140407806E65722F776F726B2F747579612D7A6927
S214040790676265652D7377697463682F747579610C
S2140407A02D7A69676265652D7377697463682F733C
S2140407B0696C6162735F746F6F6C732F73696D70AD
S2140407C06C69636974795F73646B2F70726F746F8E
S2140407D0636F6C2F7A69676265652F737461636BE8
S2140407E02F6672616D65776F726B2F6165732D6509
S2140407F063622E63002F686F6D652F72756E6E656B
S214040800722F776F726B2F747579612D7A696762B0
S21404081065652D7377697463682F747579612D7AAD
S21404082069676265652D7377697463682F73696C8D
S2140408306162735F746F6F6C732F73696D706C692C
S214040840636974795F73646B2F70726F746F636F10
S2140408506C2F7A69676265652F737461636B2F7397
S214040860656375726974792F7A69676265652D7335
S214040870656375726974792D6D616E616765722D35
S2140408806E6F2D7661756C742E63004572726F728E
S2140408903A20204661696C656420746F2072656135
S2140408A0642066726F6D20454550524F4D2061742A
S2140408B02030782534582C207374617475733A206C
S2140408C0256400454550524F4D20496E6974696150
S2140408D06C697A65643A20256300454550524F4D4D
S2140408E020427573793A20256300506172746961F9
S2140408F06C20576F72642053746F7261676520436F
S2140409006F756E743A20256400416464726573736F
S2140409103A2030782534582C205061727469616C02
S21404092020576F72643A203078255800636F6E66DD
S21404093069726D656400617373756D6564000A455C
S2140409404550524F4D20496E666F004E6F742061BD
S2140409507661696C61626C6520286F6C64657220D0
S214040960626F6F746C6F6164657229005061727493
S214040970204465736372697074696F6E3A20202030
S21404098020202020202020257300436170616269A6
S2140409906C69746965733A2020202020202020206A
S2140409A020202020203078253258005061676520AA
S2140409B045726173652074696D65202873293A2031
S2140409C02020202020256400506172742045726126
S2140409D073652074696D65202873293A20202020C9
S2140409E0202025640050617274204572617365206E
S2140409F074696D6520286D73293A202020202020F4
S214040A00256400506167652073697A6520286279D9
S214040A10746573293A202020202020202020256C6D
S214040A2000506172742073697A652028627974654F
S214040A3073293A202020202020202020256C0057CF
S214040A406F72642073697A652028627974657329E5
S214040A503A202020202020202020256420282570CD
S214040A602900454550524F4D20696E69743A20302E
S214040A70782558002F686F6D652F72756E6E6572D7
S214040A802F776F726B2F747579612D7A696762653B
S214040A90652D7377697463682F747579612D7A6927
S214040AA0676265652D7377697463682F73696C6113
S214040AB062735F746F6F6C732F73696D706C6963A8
S214040AC06974795F73646B2F7574696C2F706C75B9
S214040AD067696E2F706C7567696E2D636F6D6D6FC9
S214040AE06E2F656570726F6D2F656570726F6D2EF3
S214040AF06300556E61626C6520746F20626F6F745C
S214040B0020696D61676520617420736C6F7420259D
S214040B106C640A00536C6F74204D616E6167657275
S214040B20206661696C656420746F20657261736504
S214040B3020736C6F740A004D6178207265616420BE
S214040B406C696D69742073657420746F2025642045
S214040B5062797465730A0041646472657373202055
S214040B602020202020202020446174610A00307850
S214040B7025346C7820202020202020307825780A00
S214040B80004661696C656420746F20726561642038
S214040B9066726F6D20666C6173680A00536C6F74BE
S214040BA020256C640A2020416464726573732020D7
S214040BB02020203A20307825346C580A20204C65B2
S214040BC06E6774682020202020203A203078253450
S214040BD06C582028256C64206279746573290A0091
S214040BE020205479706520202020202020203A20C0
S214040BF0004E6F2047424C2070726573656E740A0F
S214040C00005A69674265650A005468726561640A39
S214040C1000436F6E6E6563740A00426C7565746F8C
S214040C206F74680A00426C7565746F6F746820612F
S214040C3070706C69636174696F6E0A004D43550A7F
S214040C40004F7468657220283078256C58290A008D
S214040C50202056657273696F6E20202020203A206B
S214040C603078256C580A0020204361706162696CF4
S214040C7069746965733A20307825346C580A002004
S214040C802050726F6475637420494420203A200013
S214040C90307825582000536C6F74204D616E616760
S214040CA065723A206661696C656420746F20696EAB
S214040CB0697469616C697A6520626F6F746C6F61C0
S214040CC064657220286572726F72203078253478D5
S214040CD0290A0056657273696F6E20202020203A18
S214040CE02025640A005061727420202020202020D1
S214040CF0203A2025730A004361706162696C697446
S214040D006965733A20307825780A00506172742039
S214040D1073697A652020203A20256420420A005010
S214040D206167652073697A652020203A202564204F
S214040D30420A00576F72642073697A652020203A4D
S214040D4020256420420A00536C6F747320202020F0
S214040D502020203A2025640A004661696C656420D8
S214040D60746F20726561642066726F6D2073746F91
S214040D707261676520666C61736820286572726F9D
S214040D8072202564290A00496E76616C69642073B2
S214040D906C6F7420256420286D617820736C6F74E2
S214040DA0202564290A004661696C656420746F20F6
S214040DB067657420696E666F20666F7220736C6F49
S214040DC0742025640A00536C6F74204D616E61674D
S214040DD065723A20736C6F74207772697465206646
S214040DE061696C7572652E20416464726573732044
S214040DF06F66667365742028256429202B20777215
S214040E00697465206C656E677468202825642920DB
S214040E1067726561746572207468616E20746F749D
S214040E20616C20736C6F74206C656E677468202820
S214040E302564290A00536C6F74204D616E616765E2
S214040E4072207761726E696E673A20736C6F7420D5
S214040E502564206C656E6774682028256429206ED6
S214040E606F7420616C69676E656420746F207061AE
S214040E7067652073697A6520282564292E205468BE
S214040E806520656E7469726520736C6F742077696B
S214040E906C6C206E6F742062652065726173656485
S214040EA02E0A00536C6F74204D616E616765723A4A
S214040EB0206661696C656420746F20657261736571
S214040EC020256420627974657320696E20736C6FC4
S214040ED074202564206174206164647265737320D1
S214040EE0307825347820286572726F722030782521
S214040EF078290A0045726173656420256420627946
S214040F0074657320696E20736C6F742025640A0000
S214040F104661696C656420746F2073657420736C15
S214040F206F7420746F20626F6F7420286572726FFE
S214040F3072203078253478290A004661696C656425
S214040F4020746F20736574206C697374206F662038
S214040F50736C6F747320746F20626F6F74202865CF
S214040F6072726F72203078253478290A00466169D7
S214040F706C656420746F20676574206E6577206CDA
S214040F80697374206F6620736C6F747320746F209B
S214040F90626F6F7420286572726F72203078253401
S214040FA078290A00426567696E6E696E6720696D06
S214040FB061676520766572696669636174696F6ED8
S214040FC02E2E2E002E6661696C65642120284572DB
S214040FD0726F72203078253478290A002E70617377
S214040FE07365642120426F6F74696E6720736C6F3B
S214040FF0742025640A00666E692B00666E69006EAE
S214041000616E00666E692D006C69627300627365BA
S2140410106E64007265736574007261770073656E42
S214041020645F6D756C7469636173740073656E6474
S2140410302D7573696E672D6D756C74696361737451
S2140410402D62696E64696E670074696D6573796E86
S21404105063006765742D7074692D726164696F2D01
S214041060636F6E66696700636F6E6669672D636398
S214041070612D6D6F6465006576656E7473007365C7
S214041080637572697479007A69676265655F707200
S214041090696E7400706C7567696E006E6574006BBB
S2140410A0657973006F7074696F6E00706C75670095
S2140410B06368616E67656B6579006368616E676512
S2140410C06B007A646F007072696E742072656C616E
S2140410D074656420636F6D6D616E64732E00617455
S2140410E07472005A646F2072656C61746564206360
S2140410F06F6D6D616E64732E00726F75746500702B
S2140411006F776572006D676D742D6C7169006D671D
S2140411106D742D62696E64006E6F64650073696D2C
S214041120706C65006965656500756E62696E64005D
S2140411306E776B2D757064006F75742D636C2D6CF3
S21404114069737400696E2D636C2D6C697374005A30
S214041150646F20696E2D636C2D6C697374207265E0
S2140411606C6174656420636F6D6D616E64732E00CC
S2140411705A646F206F75742D636C2D6C69737420BC
S21404118072656C6174656420636F6D6D616E647303
S2140411902E005A646F206E776B2D7570642072650E
S2140411A06C6174656420636F6D6D616E64732E008C
S2140411B07363616E2D6368616E2D6D61736B00736E
S2140411C063616E006368616E5067006368616E00F9
S2140411D05A646F20756E62696E642072656C617401
S2140411E0656420636F6D6D616E64732E00756E6941
S2140411F063617374006368616E67656B65792072FA
S214041200656C6174656420636F6D6D616E64732EC6
S214041210006C696E6B004F7074696F6E2072656C3B
S2140412206174656420636F6D6D616E64732E007205
S21404123065676973746572006469736300696E73C5
S21404124074616C6C2D636F64650062696E64696EAC
S214041250672D7461626C65007072696E742D7278A5
S2140412602D6D7367730061707372657472790041D3
S214041270505320726574727920666C616720666FBD
S21404128072636520636F6D6D616E647300456E6195
S214041290626C65732F44697361626C657320707247
S2140412A0696E74696E67206F66205278206D657368
S2140412B073616765732E00656E61626C65004269D2
S2140412C06E64696E67207461626C652072656C6119
S2140412D074656420636F6D6D616E64732E00536570
S2140412E0637572697479206B6579732072656C61B5
S2140412F074656420636F6D6D616E64732E0064653F
S2140413006C657465004E6574776F726B2072656CDD
S2140413106174656420636F6D6D616E64732E006620
S2140413206F726D0072656A6F696E2D646966662DEC
S2140413306465766963652D74797065006578747084
S214041340616E69640069736F70656E0062726F61C6
S214041350642D706A6F696E006368616E67652D63DD
S21404136068616E6E656C00696E6974006368616EB0
S21404137067652D6B6565702D616C6976652D6D6F7F
S21404138064650074696D656F75742D6F7074696F2C
S2140413906E2D6D61736B006D756C74692D70687954
S2140413A02D7374617274006D756C74692D70687930
S2140413B02D73746F700066696E64006E6574776F63
S2140413C0726B2066696E6420636F6D6D616E647304
S2140413D02E006A6F696E61626C6500756E75736562
S2140413E06400736C6F742D6D616E61676572006363
S2140413F06F756E7465727300656E642D64657669C8
S21404140063652D737570706F72740066696E642DF3
S214041410616E642D62696E6400667261676D656EE6
S214041420746174696F6E0067726F7570732D73657F
S21404143072766572006E6574776F726B2D73746561
S2140414406572696E67006F74612D626F6F746C6F7E
S2140414506164006F74612D636C69656E74006F74EB
S214041460612D73746F726167652D636F6D6D6F6E3A
S214041470006F74612D73746F726167652D65657096
S214041480726F6D0069646C652D736C6565700075AC
S21404149070646174652D74632D6C696E6B2D6B6559
S2140414A079007570646174652D74632D6C696E6B58
S2140414B02D6B65792072656C6174656420636F6D4D
S2140414C06D616E64730074696D6572006E6F77008B
S2140414D0436F6D6D616E647320746F20636F6E74FA
S2140414E0726F6C2069646C696E672F736C656570C7
S2140414F0696E67206F662074686520646576696324
S2140415006500666F7263652D6177616B6500617750
S214041510616B652D7768656E2D6E6F742D6A6F69C5
S2140415206E6564007265706F7274696E67207265AA
S2140415306C6174656420636F6D6D616E64732E00F8
S214041540636C6561722D6C6173742D7265706F7255
S214041550742D74696D6500746573742D74696D6992
S2140415606E67006F74612D73746F726167652D65A5
S2140415706570726F6D2072656C6174656420636F4C
S2140415806D6D616E64732E0077697065006F7461AB
S2140415902D73746F726167652D636F6D6D6F6E204A
S2140415A072656C6174656420636F6D6D616E6473DF
S2140415B0007072696E74496D616765730072656C5C
S2140415C06F61640073746F726167652D696E666F10
S2140415D000646174612D7072696E74006F74612D9D
S2140415E0636C69656E742072656C617465642063EF
S2140415F06F6D6D616E64732E007665726966790030
S214041600626C6F636B2D7465737400706167652D0F
S2140416107265717565737400757067726164652DA3
S214041620726571756573740064697361626C652DA7
S214041630646F776E67726164657300656E61626C71
S214041640652D646F776E677261646573006F74618D
S2140416502D626F6F746C6F61642072656C61746563
S2140416606420636F6D6D616E6473006E6574776F6E
S214041670726B2D7374656572696E672072656C6132
S21404168074656420636F6D6D616E64732E00707292
S214041690652D636F6E666967757265642D6B657913
S2140416A02D736574006D61736B2072656C6174656F
S2140416B06420636F6D6D616E642E00737562747260
S2140416C06163740067726F7570732D7365727665E7
S2140416D0722072656C6174656420636F6D6D616EF3
S2140416E064732E00667261676D656E746174696FEB
S2140416F06E2072656C6174656420636F6D6D616ED7
S21404170064732E007365742D72782D77696E646F1A
S214041710772D73697A6500617274696669636961B5
S2140417206C2D626C6F636B2D64726F700046696E0D
S2140417306420616E642062696E642072656C6174F4
S214041740656420636F6D6D616E64732E00696E69E7
S214041750746961746F7200656E642D64657669637E
S214041760652D737570706F72742072656C61746524
S2140417706420636F6D6D616E64732E00706F6C6CA5
S2140417802D636F6D706C657465642D63616C6C623B
S21404179061636B00666F7263652D73686F72742D78
S2140417A0706F6C6C00656E61626C655F74797065F1
S2140417B000737461636B00617070007A636C006C14
S2140417C065676163795F61665F6465627567006318
S2140417D06F756E746572732072656C6174656420CF
S2140417E0636F6D6D616E64732E007072696E742D16
S2140417F0636F756E7465722D747970650073696DA8
S214041800706C652D7072696E74007072696E742DDA
S2140418107468726573686F6C6473007365742D7492
S21404182068726573686F6C640072657365742D7492
S21404183068726573686F6C64730073656E642D728A
S2140418406571756573740073656375726974792060
S21404185072656C6174656420636F6D6D616E64732C
S214041860007365742D616C6C6F772D747275737468
S2140418702D63656E7465722D72656A6F696E2D755B
S21404188073696E672D77656C6C2D6B6E6F776E2D36
S2140418906B6579007365742D616C6C6F772D74724B
S2140418A07573742D63656E7465722D72656A6F69DF
S2140418B06E2D7573696E672D77656C6C2D6B6E6F08
S2140418C0776E2D6B65792D74696D656F757400730D
S2140418D065742D6B65792D726571756573742D70DD
S2140418E06F6C696379006D66672D746F6B656E0047
S2140418F061707300536563757269747920617073DF
S2140419002072656C6174656420636F6D6D616E64CE
S214041910732E004765742F736574204D46472074F4
S2140419206F6B656E2E00656E64706F696E742072E0
S214041930656C6174656420636F6D6D616E64732E8F
S21404194000656570726F6D207574696C69747920B2
S21404195072656C6174656420636F6D6D616E64732B
S21404196000536C6F74204D616E61676572207265FA
S2140419706C6174656420636F6D6D616E6473006280
S2140419806F6F742D736C6F740065726173652D735D
S2140419906C6F74006578742D666C6173682D696E5F
S2140419A0666F00736C6F74732D696E666F00507289
S2140419B0696E74732074696D652E005072696E7456
S2140419C073206174747269627574652E00436C6565
S2140419D061727320746865205A444F206C6973746E
S2140419E0206F6620636C69656E742028696E2920F2
S2140419F0636C7573746572732E004164647320633C
S214041A006C75737465727320746F20746865206BCC
S214041A106E6F776E20636C69656E742028696E2914
S214041A2020636C757374657273206F6E20746869B6
S214041A3073206465766963652E00436C6561727312
S214041A4020746865205A444F206C697374206F664E
S214041A5020636C69656E7420286F75742920636C26
S214041A607573746572732E004164647320636C75B9
S214041A70737465727320746F20746865206B6E6F60
S214041A80776E20636C69656E7420286F75742920E0
S214041A90636C757374657273206F6E2074686973F3
S214041AA0206465766963652E0053656E64732061F1
S214041AB06E20757064617465206368616E6E656C13
S214041AC020726571756573742E006368616E6E6549
S214041AD06C1F0053656E647320616E2075706461BC
S214041AE07465206368616E6E656C2070616765203E
S214041AF07265712E2054686520737461636B20735D
S214041B00656E6473206E776B20656E68616E6365C0
S214041B1064207570646174652072657120666F72E6
S214041B20206E6F6E2D7A65726F20706167652E0069
S214041B306368616E6E656C1F706167651F00506533
S214041B4072666F726D7320616E20656E657267795A
S214041B50207363616E2E007461726765744E6F64E1
S214041B606549641F7363616E4475726174696F6E50
S214041B701F7363616E436F756E741F0042726F61EC
S214041B8064636173747320746865204944206F66C7
S214041B9020746865206E6577206E6574776F726B47
S214041BA0206D616E6167657220616E642061637486
S214041BB0697665206368616E6E656C732E006E7759
S214041BC06B4D676549641F6368616E6E656C4D6135
S214041BD0736B1F00506572666F726D7320616E20A2
S214041BE0656E65726779207363616E206F6E206719
S214041BF06976656E206368616E6E656C206D6173D0
S214041C006B2E007461726765744E6F646549641F59
S214041C107363616E4475726174696F6E1F7363617A
S214041C206E436F756E741F6368616E6E656C4D618E
S214041C30736B1F0053656E64732061206E65747742
S214041C406F726B206164647265737320726571755C
S214041C5065737420666F722074686520676976659C
S214041C606E204945454520616464726573732E0091
S214041C70696565651F0052657175657374732061C7
S214041C806E2049454545206164647265737320621D
S214041C9061736564206F6E206120676976656E20C7
S214041CA06E6F64652049442E006E6F646549641F38
S214041CB00053656E647320612073696D706C6520D3
S214041CC064657363726970746F722072657175658A
S214041CD0737420666F72207468652073686F7274FC
S214041CE0206164647265737320616E6420656E643B
S214041CF0706F696E74207370656369666965642EB7
S214041D0000646573741F746172676574456E6470ED
S214041D106F696E741F0053656E64732061206D6175
S214041D2074636844657363726970746F7273526522
S214041D30717565737420746F20746865206769769E
S214041D40656E2064657374696E6174696F6E20775E
S214041D506974682074686520676976656E20707299
S214041D606F66696C652E006E6F646549641F7072D9
S214041D706F66696C651F0053656E64732061206E20
S214041D806F64652064657363726970746F72207221
S214041D9065717565737420746F2061206769766554
S214041DA06E20746172676574206465766963652E57
S214041DB0007461726765741F0053656E64732061F6
S214041DC0205A444F2042696E6420636F6D6D616EC5
S214041DD06420746F2061206465766963652073707F
S214041DE06563696669656420696E20746865206346
S214041DF06F6D6D616E6420617267756D656E747368
S214041E002E0044657374696E6174696F6E1F536F38
S214041E107572636520656E64706F696E741F4465C1
S214041E207374696E6174696F6E20656E64706F6931
S214041E306E741F636C757374657249441F72656DA6
S214041E406F746545554936341F6465737445554942
S214041E5036341F0053656E647320616E20616374AC
S214041E6069766520656E64706F696E74207265713C
S214041E707565737420746F2074686520646576696C
S214041E806365207769746820746865206769766579
S214041E906E2073686F72742049442E0053656E6416
S214041EA07320616E20756E62696E6420726571754A
S214041EB065737420666F72206120756E6963617342
S214041EC0742062696E64696E6720746F2074686536
S214041ED020746172676574206465766963652E0094
S214041EE07461726765741F736F75726365206575B8
S214041EF06936341F736F7572636520656E64706F20
S214041F00696E741F636C757374657249441F6465E7
S214041F107374696E6174696F6E45554936341F640F
S214041F20657374696E6174696F6E20656E64706F34
S214041F30696E741F0053656E647320616E20756E3F
S214041F4062696E64207265717565737420666F725B
S214041F502061206D756C7469636173742062696EA8
S214041F6064696E6720746F20746865207461726794
S214041F706574206465766963652E007461726765AE
S214041F80741F736F757263652065756936341F73C5
S214041F906F7572636520656E64706F696E741F6317
S214041FA06C757374657249441F67726F757041640B
S214041FB064726573731F0053656E64732061205AE0
S214041FC0444F204D616E6167656D656E74204C6587
S214041FD061766520636F6D6D616E6420746F207426
S214041FE068652074617267657420646576696365E4
S214041FF02E007461726765741F72656D6F76654333
S21404200068696C6472656E1F72656A6F696E1F001C
S21404201053656E64732061205A444F204D474D54D7
S2140420202D42696E64202842696E64696E67205486
S21404203061626C6529205265717565737420746FCE
S21404204020746865207461726765742064657669B7
S21404205063652E007461726765741F7374617274AD
S214042060496E6465781F0053656E64732061205A58
S214042070444F204D474D542D4C514920284C51492E
S214042080205461626C6529205265717565737420ED
S214042090746F207468652074617267657420646563
S2140420A0766963652E0053656E64732061205A4416
S2140420B04F20506F7765722044657363726970743D
S2140420C06F72205265717565737420746F2074681E
S2140420D06520746172676574206465766963652E2D
S2140420E00053656E64732061205A444F20726F75E6
S2140420F07465207265717565737420636F6D6D61A8
S2140421006E6420746F2074686520746172676574E9
S2140421102E007461726765741F696E6465781F00AB
S214042120696E6465781F65756936341F696E7374E5
S214042130616C6C436F64651F00696E6465781F6527
S214042140756936341F6B65791F005443206C696EBD
S2140421506B206B6579207265717565737420706F7A
S2140421606C6963791F417070206C696E6B206B65B7
S21404217079207265717565737420706F6C69637904
S2140421801F00426F6F6C3A20616C6C6F772074721C
S2140421907573742063656E7465722072656A6F6900
S2140421A06E207573696E672077656C6C2D6B6E6F29
S2140421B0776E206B65791F0070726F66696C65496F
S2140421C0641F636C757374657249641F007461726E
S2140421D067657449641F00456E61626C65732070A0
S2140421E072696E74696E67206F66205278206D651A
S2140421F07373616765732E00536574732074686522
S2140422002062696E64696E67207461626C65006939
S2140422106E6465781F636C75737465721F6C6F6388
S214042220616C45701F72656D6F746545701F6575CA
S2140422306936341F00436C656172732074686520C8
S21404224062696E64696E67207461626C652E005004
S21404225072696E7473207468652062696E64696E50
S21404226067207461626C6520746F207468652063EF
S2140422706F6D6D616E64206C696E652E00436C65CF
S21404228061727320616C6C2073656375726974790E
S214042290206B6579732E0044656C657465207468DC
S2140422A06520737065636966696564206C696E6B26
S2140422B0206B657920696E6465782E005072696EAD
S2140422C0747320616C6C207365637572697479200D
S2140422D06B6579732E005465726D696E61746573EF
S2140422E020746865206D756C74692D504859206992
S2140422F06E74657266616365005573656420746FF9
S214042300207374617274206D756C74692D5048590D
S21404231020696E74657266616365206F74686572A1
S214042320207468616E206E617469766520616E64DF
S21404233020666F726D20746865206E6574776F72A0
S2140423406B2E2054686520737461636B2075736507
S214042350732073616D652050616E4964206173203B
S2140423606E617469766520726164696F206E657447
S214042370776F726B2E00706167651F6368616E6E9F
S214042380656C1F706F7765721F6F7074696F6E73FC
S2140423904D61736B20284269742030203D20526FB3
S2140423A0757465727320616C6C6F7765642C20425B
S2140423B069742031203D2042726F616463617374D6
S2140423C020616C6C6F776564291F00417474656DB9
S2140423D070747320746F206368616E676520746818
S2140423E065206368696C642074696D656F75742014
S2140423F06F7074696F6E206D61736B20746F2066E6
S214042400696C746572206F757420756E6465736983
S2140424107261626C652076616C7565732028652E22
S214042420672E206E6F206D6F7265207468616E2053
S214042430332064617973292E0074696D656F757431
S214042440206F7074696F6E206D61736B1F00537715
S214042450697463686573206265747765656E206465
S2140424606966666572656E74206B65657020616C5E
S214042470697665206D6F64657320737570706F720E
S214042480746564206279206120726F757465722E9B
S214042490004B65657020616C697665206D6F6465B8
S2140424A01F005072696E74732074686520637572B9
S2140424B072656E74204E6F64652049442C20455521
S2140424C04936342C20616E642050616E2049442EB7
S2140424D000496E697469616C697A65732061206E5F
S2140424E06574776F726B3B20746869732069732018
S2140424F061207465737420636F6D6D616E642075FE
S21404250073656420666F722074632D737761702D13
S2140425106F75742074657374696E672E00536574E2
S2140425207320746865206E6574776F726B20696EAD
S214042530646578207573656420627920616C6C200C
S21404254066757475726520434C4920636F6D6D61C2
S2140425506E64732E20204265666F7265206578650A
S214042560637574696E67206120434C4920636F6D00
S2140425706D616E642C20746865206672616D657783
S2140425806F726B20737769746368657320746F2049
S21404259074686973206E6574776F726B2E202041A1
S2140425A0667465722074686520636F6D6D616E6411
S2140425B02066696E697368657320657865637574EB
S2140425C0696E672C20746865206672616D65776F26
S2140425D0726B207377697463686573206261636BDA
S2140425E020746F207468652070726576696F7573E1
S2140425F0206E6574776F726B2E20205468652043B6
S2140426004C492075736573207468652073616D6525
S214042610206E6574776F726B20696E6465782075BA
S2140426206E74696C207468652064657669636520D9
S214042630726573657473206F7220697420697320E1
S2140426406368616E676564207468726F7567682076
S2140426507468697320636F6D6D616E642E004174D7
S21404266074656D70747320746F206368616E67653B
S21404267020646576696365206F76657220746F20C2
S2140426806120646966666572656E74206368616E4F
S2140426906E656C20676976656E20696E2074686561
S2140426A0206368616E6E656C20617267756D656E19
S2140426B0742E00546865206368616E6E656C2074C1
S2140426C06F206368616E676520746F1F0066696EAD
S2140426D064556E7573656450616E49640066696E10
S2140426E0644A6F696E61626C654E6574776F726B6F
S2140426F0005065726D697473206A6F696E696E67DF
S214042700206F6E20746865206E6574776F726B2018
S214042710666F72206120676976656E206E756D62DD
S2140427206572206F66207365636F6E647320414E16
S214042730442062726F616463617374732061205A0B
S214042740444F204D676D74205065726D6974204A3D
S2140427506F696E696E67207265717565737420742F
S2140427606F20616C6C20726F75746572732E0041F5
S2140427702073696E676C65206279746520696E647F
S21404278069636174696E6720686F77206C6F6E6723
S21404279020746865206465766963652073686F7560
S2140427A06C642068617665207065726D6974206A51
S2140427B06F696E696E67207475726E6564206F6EDD
S2140427C020666F722E20412076616C7565206F66D8
S2140427D02030786666207475726E73206F6E207073
S2140427E065726D6974206A6F696E20696E646566C9
S2140427F0696E6974656C792E1F00436865636B7334
S214042800206E6574776F726B20706A6F696E2073C2
S21404281074617475732E00577269746573207468D6
S2140428206520657874656E6465642070616E204901
S2140428304420666F722074686520646576696365F3
S2140428402E0065787470616E69641F0052656A6F45
S214042850696E7320616E206578697374696E67208B
S2140428606E6574776F726B20696E20612073656382
S214042870757265206F7220696E7365637572652064
S2140428806D616E6E65722077697468206120646974
S21404289066666572656E7420646576696365207421
S2140428A07970652E00426F6F6C65616E206E65747C
S2140428B0776F726B206B657920617661696C6162F3
S2140428C0696C6974791F4368616E6E656C206D610E
S2140428D0736B1F416E20656E756D65726174696FEA
S2140428E06E20696E6469636174696E6720746865D6
S2140428F020646576696365207479706520746F203A
S21404290072656A6F696E2061732E546865207374ED
S21404291061636B206F6E6C7920616363657074739A
S21404292020534C5F5A49474245455F454E445F44F1
S214042930455649434520616E6420534C5F5A4947C7
S2140429404245455F534C454550595F454E445F44A8
S21404295045564943452E1F0052654A6F696E7320DB
S21404296061206E6574776F726B2E00426F6F6C65B4
S214042970616E206E6574776F726B206B657920616B
S2140429807661696C6162696C6974791F4368616E0B
S2140429906E656C206D61736B1F004C6561766573A4
S2140429A02061206E6574776F726B2E005475726E9C
S2140429B073207065726D6974206A6F696E696E67DC
S2140429C0206F6E20666F722074686520616D6F7567
S2140429D06E74206F662074696D6520696E64696321
S2140429E0617465642E00412073696E676C652062AD
S2140429F079746520696E6469636174696E672068BA
S214042A006F77206C6F6E67207468652064657669DE
S214042A1063652073686F756C6420686176652070E2
S214042A2065726D6974206A6F696E696E6720747565
S214042A30726E206F6E20666F722E20412076616C57
S214042A407565206F662030786666207475726E73BE
S214042A50207065726D6974206A6F696E20696E6491
S214042A606566696E6974656C792E1F004A6F696EB7
S214042A70732061206E6574776F726B206F6E2061B1
S214042A8020676976656E206368616E6E656C2C20BF
S214042A9077697468206120676976656E20545820CB
S214042AA0506F77657220616E642050414E20494411
S214042AB02E00546865206368616E6E656C206F6EC8
S214042AC020776869636820746F206A6F696E207463
S214042AD06865206E6574776F726B1F4F6E652D6226
S214042AE0797465207369676E65642076616C7565B4
S214042AF020696E6469636174696E67207468652012
S214042B00545820506F776572207468617420746816
S214042B106520726164696F2073686F756C642062E7
S214042B20652073657420746F1F5468652050414E89
S214042B30204944206F6E20776869636820746F208C
S214042B406A6F696E20746865206E6574776F726B41
S214042B501F00466F726D732061206E6574776F7206
S214042B606B206F6E206120676976656E20636861EE
S214042B706E6E656C2C2077697468206120676976B0
S214042B80656E20545820506F77657220616E6420FD
S214042B9050414E2049442E00546865206368616E97
S214042BA06E656C206F6E20776869636820746F208A
S214042BB0666F726D20746865206E6574776F726BCD
S214042BC01F4F6E652D62797465207369676E656440
S214042BD02076616C756520696E6469636174696EDC
S214042BE0672074686520545820506F776572207487
S214042BF06861742074686520726164696F20736804
S214042C006F756C642062652073657420746F1F543E
S214042C1068652050414E204944206F6E20776869CD
S214042C20636820746F20666F726D20746865206E0A
S214042C306574776F726B1F005468697320696E69D8
S214042C4074696174657320612054434C4B2075701D
S214042C50646174652070726F6365647572652E00B6
S214042C60537065636966792074686520616D6F7555
S214042C706E74206F662074696D6520746F207761AA
S214042C806974206166746572206F6E652054434CC7
S214042C904B20757064617465206F70657261746929
S214042CA06F6E20636F6D706C657465732062656605
S214042CB06F726520626567696E6E696E6720612053
S214042CC06E65772054434C4B2075706461746520A0
S214042CD06F7065726174696F6E2E0054686520614A
S214042CE06D6F756E74206F662074696D65206265FD
S214042CF0747765656E2073756273657175656E7439
S214042D002074727573742063656E746572206C69C2
S214042D106E6B206B657920757064617465732069C9
S214042D206E206D696C6C697365636F6E64731F00E7
S214042D30536574206F7220636C65617220737461CE
S214042D4079206177616B65207768656E206E6F7495
S214042D50206A6F696E656400536574206F72206321
S214042D606C65617220666F726365206177616B655E
S214042D7000446973706C61792074686520736C65AF
S214042D8065702073746174757300464F5220544501
S214042D905354494E4720505552504F534553202DB7
S214042DA0206761746865722074696D696E67206D4A
S214042DB065747269637320666F72207265706F72D1
S214042DC074696E67207461626C65206F70657261E9
S214042DD074696F6E732E00436C6561727320746839
S214042DE065206C617374207265706F7274207469E8
S214042DF06D65206F6620617474726962757465739C
S214042E002E00416464732061206E657720656E74BD
S214042E10727920746F20746865207265706F72749E
S214042E20207461626C652E00546865206C6F636163
S214042E306C20656E64706F696E742066726F6D20A8
S214042E40776869636820746865206174747269625F
S214042E50757465206973207265706F727465641F7B
S214042E6054686520636C7573746572207768657240
S214042E70652074686520617474726962757465206F
S214042E806973206C6F63617465641F5468652049B8
S214042E9044206F6620746865206174747269627574
S214042EA07465206265696E67207265706F727465FA
S214042EB0641F3020666F7220636C69656E742D73B0
S214042EC06964652061747472696275746573206FD1
S214042ED072203120666F72207365727665722D7368
S214042EE069646520617474726962757465731F54CD
S214042EF06865206D696E696D756D207265706F7298
S214042F0074696E6720696E74657276616C2C206DC8
S214042F106561737572656420696E207365636F6E90
S214042F2064732E1F546865206D6178696D756D2015
S214042F307265706F7274696E6720696E74657276F6
S214042F40616C2C206D6561737572656420696E20F2
S214042F507365636F6E64732E1F546865206D696EA7
S214042F60696D756D206368616E676520746F207483
S214042F70686520617474726962757465207468612A
S214042F80742077696C6C20726573756C7420696E36
S214042F902061207265706F7274206265696E6720A6
S214042FA073656E742E1F0052656D6F7665732061AF
S214042FB06E20656E7472792066726F6D2074686513
S214042FC0207265706F7274207461626C652E005492
S214042FD0686520696E646578206F6620746865206D
S214042FE07265706F727420746F2062652072656DEE
S214042FF06F7665641F00436C6561727320616C6C48
S21404300020656E74726965732066726F6D207468CD
S21404301065207265706F7274207461626C652E0030
S2140430205072696E747320746865207265706F726E
S21404303074207461626C652E005769706573206134
S2140430406C6C206461746120696E207468652073FA
S214043050746F72616765206465766963652E0050D7
S21404306072696E7473206172626974726172792017
S2140430706279746573206F6620746865204F5441C6
S21404308020696D616765206F6E206469736B2E001E
S21404309054686520696E646578206F662074686578
S2140430A020696D61676520746F207072696E742084
S2140430B069747320646174611F546865206F666662
S2140430C073657420696E746F20746865204F54416C
S2140430D020696D61676520746861742077696C6C1B
S2140430E0206265207072696E7465641F0050726990
S2140430F06E747320696E666F726D6174696F6E208C
S21404310061626F7574207468652073746F7261678A
S21404311065206465766963652E0052656C6F61642C
S214043120207468652073746F7261676520646576C1
S2140431306963652E0044656C657465732074686500
S21404314020696D61676520617420746865207370FA
S2140431506563696669656420696E6465782E0054E3
S214043160686520696E646578206174207768696391
S2140431706820746F20626567696E2064656C657488
S214043180696E672074686520696D6167651F005005
S21404319072696E74732074686520696D61676573FF
S2140431A02E00456E61626C6573204F544120646F37
S2140431B0776E6772616465732E0044697361626C2E
S2140431C06573204F544120646F776E67726164653F
S2140431D0732E0053656E647320616E20557067729B
S2140431E0616465456E645265717565737420746FA9
S2140431F020616E204F5441207365727665722E00EE
S21404320043616E206265207573656420746F206464
S214043210796E616D6963616C6C79207475726E2069
S2140432206F66662073656E64696E67207061676595
S214043230207265717565737473206F6E207468658B
S21404324020636C69656E7420736964652C206966F6
S214043250207468652073657276657220646F657382
S2140432606E277420737570706F7274207468697337
S21404327020666561747572652E00426F6F6C6561B9
S2140432806E2076616C7565207475726E696E672043
S2140432906F6E20283129206F72206F6666202830D2
S2140432A0292074686520706167652072657175658C
S2140432B0737420666C61671F0053656E64732061C7
S2140432C06E20696D61676520626C6F636B20726542
S2140432D0717565737420666F7220612066696C650B
S2140432E020746865207365727665722073686F75DE
S2140432F06C64206E6F7420686176652E2020546599
S2140433007374206861726E657373206F6E6C7920B7
S2140433102874657374206361736520392E352E36E0
S214043320202D204D697373696E672046696C652984
S214043330005072696E747320696E666F726D617484
S214043340696F6E206F6E207468652063757272658F
S2140433506E74207374617465206F662074686520CB
S2140433604F544120636C69656E7420646F776E6C8D
S2140433706F61642E0053746F707320746865204FF9
S2140433805441207374617465206D616368696E6569
S2140433902E0053746172747320746865204F544110
S2140433A020636C69656E74207374617465206D6146
S2140433B06368696E652E205468652073746174654D
S2140433C0206D616368696E6520646973636F7665F2
S2140433D0727320746865204F544120736572766555
S2140433E0722C207175657269657320666F72206E23
S2140433F0657720696D616765732C20646F776E6CE2
S2140434006F6164732074686520696D6167657320F5
S214043410616E6420776169747320666F72207468C5
S214043420652073657276657220636F6D6D616E6478
S21404343020746F20757067726164652E005072691F
S2140434406E747320746865206D616E75666163744E
S214043450757265722049442C20496D616765205455
S2140434607970652049442C20616E64205665727319
S214043470696F6E20696E666F726D6174696F6E2017
S214043480746861742061726520757365642077685A
S214043490656E2061207175657279206E657874207A
S2140434A0696D6167652069732073656E7420746F37
S2140434B0207468652073657276657220627920745C
S2140434C0686520636C69656E742E00506572666F5D
S2140434D0726D73207369676E6174757265207665A4
S2140434E072696669636174696F6E206F6E207468B2
S2140434F06520696D61676520617420746865207352
S214043500706563696669656420696E6465782E0013
S21404351054686520696E64657820617420776869EC
S214043520636820746F20626567696E2076657269C9
S2140435306669636174696F6E206F662074686520BF
S214043540696D6167651F00426F6F746C6F616473A9
S2140435502074686520696D616765206174207468ED
S214043560652073706563696669656420696E646561
S214043570782062792063616C6C696E672074686574
S214043580204F544120626F6F746C6F6164206361D6
S2140435906C6C6261636B2E0054686520696E6465AA
S2140435A07820617420776869636820746F20626588
S2140435B067696E20626F6F746C6F6164696E6720F2
S2140435C074686520696D6167651F005072696E7462
S2140435D07320696E666F2061626F75742074686507
S2140435E020696E7374616C6C656420626F6F746CB2
S2140435F06F616465722E00537562747261637473CE
S2140436002061206368616E6E656C2066726F6D2043
S21404361065697468657220746865207072696D6186
S2140436207279206F72207365636F6E64617279209D
S2140436306368616E6E656C206D61736B206F6620C7
S214043640746865206E6574776F726B2D7374656528
S21404365072696E6720636F6D706F6E656E742E0090
S214043660546865206368616E6E656C206D61736B6B
S21404367020746F2073756274726163742074686555
S214043680206368616E6E656C2066726F6D1F546889
S21404369065206368616E6E656C20746F2073756256
S2140436A0747261637420746865206D61736B206640
S2140436B0726F6D1F00416464732061206368616EDD
S2140436C06E656C20746F2065697468657220746812
S2140436D065207072696D617279206F7220736563FC
S2140436E06F6E64617279206368616E6E656C206DBE
S2140436F061736B206F6620746865206E6574776FDF
S214043700726B2D7374656572696E6720636F6D7076
S2140437106F6E656E742E00546865206368616E6E05
S214043720656C206D61736B20746F20616464206126
S214043730206368616E6E656C20746F1F5468652024
S2140437406368616E6E656C20746F206164642074B7
S2140437506F20746865206D61736B1F005365747306
S2140437602065697468657220746865207072696D76
S214043770617279206F72207365636F6E646172790B
S214043780206368616E6E656C206D61736B2E0054E9
S2140437906865206368616E6E656C206D61736B206E
S2140437A0746F207375627472616374207468652024
S2140437B06368616E6E656C2066726F6D1F54686513
S2140437C02076616C756520746F2073657420746848
S2140437D065206368616E6E656C206D61736B207422
S2140437E06F2E1F00536574732074686520707265AD
S2140437F02D636F6E66696775726564206B657920E4
S214043800736F207468617420746865206A6F696ECB
S214043810696E67206465766963652063616E2065FA
S2140438206E74657220746865206E6574776F726B4B
S2140438302E00536574732074686520707265636F18
S2140438406E66696775726564206B65791F005374CC
S2140438506F707320746865206E6574776F726B2062
S2140438607374656572696E672070726F63657373CF
S2140438702E0053746172747320746865206E6574C8
S214043880776F726B207374656572696E67207072E9
S2140438906F636573732E0041206D61736B206F66D2
S2140438A0206F7074696F6E7320666F7220696E6421
S2140438B069636174696E67207370656369666963BA
S2140438C0206265686176696F722077697468696ECC
S2140438D020746865206E6574776F726B2D737465DB
S2140438E06572696E672070726F636573732E1F004E
S2140438F0446973706C6179732074686520637572AB
S21404390072656E7420737461747573206F662074A8
S2140439106865206E6574776F726B20737465657264
S214043920696E672070726F636573732E00436C65EF
S214043930617273207468652067726F757073207483
S21404394061626C65206F6E20657665727920656E9F
S21404395064706F696E74005072696E747320696E59
S214043960666F726D6174696F6E2061626F75742024
S21404397074686520636F6E74656E7473206F66205A
S2140439807468652067726F757073207461626C6505
S2140439902E004172746966696369616C6C7920648F
S2140439A0726F70732074686520626C6F636B206E30
S2140439B0756D62657220646566696E6564206279F9
S2140439C0207468652070617373656420617267751E
S2140439D06D656E74206F6E6C79206F6E63652C2037
S2140439E0616E64207468656E20616C6C6F777320FA
S2140439F069742075706F6E20612072657472792EFA
S214043A000054686520626C6F636B206E756D62652A
S214043A107220746F206172746966696369616C6C84
S214043A20792064726F7020746F20666F72636520ED
S214043A3061207265747279202D2073657420746F0A
S214043A40203078464620746F2064697361626C6522
S214043A501F00536574732074686520726563656916
S214043A6076652077696E646F772073697A652E2091
S214043A7020427920646566696E6974696F6E206990
S214043A806E2074686520536D61727420456E65728D
S214043A9067792070726F66696C65206974206D752D
S214043AA073742062652073657420746F20312062FD
S214043AB07574207468697320616C6C6F7773206901
S214043AC07420746F206265206368616E6765642E77
S214043AD000546865206D6178206E756D626572208D
S214043AE06F662074686520626C6F636B7320726502
S214043AF0636569766564206265666F726520616ECB
S214043B00204150532061636B2069732067656E659E
S214043B1072617465641F004D616B65732074686917
S214043B2073206E6F646520737461727420696465B3
S214043B306E74696679696E672061732061207461AA
S214043B407267657420666F722062696E64696E6758
S214043B50207769746820616E20696E69746961747F
S214043B606F72206E6F64652E0054686520656E64FF
S214043B70706F696E74206F6E20776869636820744E
S214043B806F20626567696E207468652046696E6496
S214043B90696E6720616E642042696E64696E672090
S214043BA07461726765742070726F636573731F0047
S214043BB04D616B65732074686973206E6F6465204D
S214043BC073746172742074686520696E69746961BF
S214043BD0746F722070617274206F6620746865203A
S214043BE066696E64696E6720616E642062696E64DD
S214043BF0696E672070726F636573732E0054686510
S214043C0020656E64706F696E74206F6E20776869C5
S214043C10636820746F20626567696E207468652027
S214043C2046696E64696E6720616E642042696E64DC
S214043C30696E6720696E69746961746F7220707248
S214043C406F636573731F00536574732077686574B8
S214043C506865722074686520434C4920666F7263F9
S214043C606573207468652064657669636520746F7F
S214043C702073686F727420706F6C6C2E00546865C5
S214043C802076616C756520696E6469636174696E1B
S214043C906720776865746865722074686520646553
S214043CA0766963652073686F756C642073686F72D9
S214043CB07420706F6C6C1F0053657473207768658E
S214043CC074686572207468652064657669636573D4
S214043CD020706F6C6C20636F6D706C657465642007
S214043CE063616C6C6261636B2066756E6374696F86
S214043CF06E20697320656E61626C65642E0054687C
S214043D00652076616C756520696E646963617469A3
S214043D106E672077686574686572207468652064C9
S214043D2065766963657320706F6C6C20636F6D7065
S214043D306C657465642063616C6C6261636B206699
S214043D40756E6374696F6E20697320656E61626C4C
S214043D5065641F00446973706C61797320746865C8
S214043D6020737461747573206F66207468652045CB
S214043D706E64204465766963657320706F6C6C6945
S214043D806E672E00456E61626C652F6469736162AE
S214043D906C6520646562756720606C65676163792D
S214043DA020617070206672616D65776F726B206437
S214043DB06562756760207072696E742074797065C8
S214043DC02E00456E61626C652F64697361626C6572
S214043DD01F00456E61626C652F64697361626C6571
S214043DE020646562756720607A636C60207072690F
S214043DF06E7420747970652E00456E61626C652F52
S214043E0064697361626C65206465627567206061CD
S214043E10707060207072696E7420747970652E00FC
S214043E20456E61626C652F64697361626C652064BB
S214043E30656275672060636F726560207072696E74
S214043E407420747970652E00456E61626C652F640B
S214043E50697361626C65206465627567206073745B
S214043E6061636B60207072696E7420747970652E5D
S214043E700053656E64732061207265717565737492
S214043E8020666F72204F544120636F756E7465729E
S214043E90732E0052657365747320616C6C207468AD
S214043EA0726573686F6C64732076616C75657320D5
S214043EB0746F203078464646462E00536574732049
S214043EC061207468726573686F6C642076616C75C3
S214043ED06520666F72206120706172746963756C08
S214043EE061722074797065206F6620636F756E74D6
S214043EF065722E0054797065206F6620636F756E48
S214043F007465721F5468726573686F6C64205661BA
S214043F106C75651F005072696E7473207468652032
S214043F207468726573686F6C6473206F6620616C66
S214043F306C2074686520636F756E746572732E00EA
S214043F40436C6561727320616C6C20636F756E746C
S214043F5065722076616C7565732E005072696E7496
S214043F607320616C6C20636F756E74657220766165
S214043F706C7565732E005072696E74732074686570
S214043F802076616C7565206F66207468697320708E
S214043F906172746963756C617220636F756E7465A3
S214043FA0722E0054686520636F756E746572207493
S214043FB079706520746F207072696E741F00507279
S214043FC0696E747320616C6C20636F756E746572B1
S214043FD02076616C75657320616E6420636C656120
S214043FE07273207468656D2E00536574204D4647C1
S214043FF020746F6B656E2C2043414E4E4F54204206
S2140440004520554E53455420425920434C492E00D2
S2140440105072696E74204D464720746F6B656E2E21
S214044020005072696E7420616374697665206576E3
S214044030656E74732E0044697361626C65207468DF
S2140440406520656E64706F696E7420666F72205AA0
S214044050434C206D657373616765732E00456E640B
S214044060706F696E7420696E6465781F00456E61B2
S214044070626C65732074686520656E64706F696E23
S2140440807420666F72205A434C206D6573736167A3
S21404409065732E005072696E742073746174757340
S2140440A0206F6620656E64706F696E74732E00539D
S2140440B0686F7773207468652076657273696F6EAF
S2140440C0206F662074686520736F66747761726506
S2140440D02E005365742074686520636F6E66696786
S2140440E075726564203830322E31352E34204343C1
S2140440F041206D6F646520696E2074686520726166
S21404410064696F2E2053656520646F63756D656EF4
S214044110746174696F6E20726567617264696E6734
S214044120205241494C5F4945454538303231353493
S2140441305F4363614D6F64655F742E004120524196
S214044140494C5F494545453830323135345F436321
S214044150614D6F64655F742076616C75651F0052EF
S214044160657475726E732050544920726164696F69
S21404417020636F6E66696720696E666F726D617420
S214044180696F6E20746F2064657465726D696E6500
S21404419020746865205048592074797065206265DB
S2140441A0696E672075736564206279205241494CB4
S2140441B02E2072657475726E2076616C7565206942
S2140441C07320656E756D205241494C5F49454545DF
S2140441D03830323135345F507469526164696F43E4
S2140441E06F6E6669675F7420652E672020524149AA
S2140441F04C5F494545453830323135345F50544973
S2140442005F524144494F5F434F4E4649475F3250E1
S2140442103447485A203D20307830305520524149A2
S2140442204C5F494545453830323135345F50544942
S2140442305F524144494F5F434F4E4649475F3250B1
S2140442403447485A5F414E54444956203D203078FE
S214044250303155205241494C5F4945454538303246
S2140442603135345F5054495F524144494F5F434FA0
S2140442704E4649475F32503447485A5F434F455885
S214044280203D203078303255205241494C5F494514
S21404429045453830323135345F5054495F524144D5
S2140442A0494F5F434F4E4649475F32503447485A5A
S2140442B05F414E544449565F434F4558203D203095
S2140442C0783033550053656E6473206120726561DF
S2140442D064206174747220666F722074686520743A
S2140442E0696D65206F662074686520646576696309
S2140442F065207370656369666965642E2049742059
S21404430073657473206120666C616720736F207711
S21404431068656E2069742067657473207468652008
S214044320726573706F6E7365206974207772697432
S2140443306573207468652074696D6520746F2069E0
S2140443407473206F776E2074696D6520617474725F
S2140443502E0049641F737263456E64706F696E74D1
S2140443601F64657374456E64706F696E741F0057BE
S21404437068656E2073656E64696E67207573696E12
S2140443806720612062696E64696E672C20737065AD
S2140443906369666965732077686574686572206109
S2140443A0206D756C7469636173742062696E6469E8
S2140443B06E672073686F756C64206265207573651C
S2140443C0642E007573654D756C746963617374420D
S2140443D0696E64696E671F0053656E64732061209E
S2140443E07072652D6275666665726564206D756C9F
S2140443F0746963617374206D657373616765207493
S2140444006F206120676976656E2067726F7570200D
S21404441049442066726F6D206120676976656E2058
S214044420656E64706F696E742E0067726F7570497E
S214044430641F7372632D656E64706F696E741F00FB
S214044440437265617465732061206D65737361677B
S214044450652062792073706563696679696E672082
S214044460746865207261772062797465732E2055AE
S2140444707365207468652073656E6420636F6D6D64
S214044480616E6420746F2073656E642074686520A2
S2140444906D657373616765206F6E6365206974204C
S2140444A0686173206265656E206372656174656415
S2140444B02E2045783A2072617720307830303046A6
S2140444C0207B3030203041203030203131203232D1
S2140444D02033332034342035357D2073656E647381
S2140444E02061206D65737361676520746F20636C4B
S2140444F07573746572203135202830783030304634
S21404450029206F66206C656E67746820382077688B
S21404451069636820696E636C756465732074686586
S214044520205A434C206865616465722E00436C759E
S2140445307374657249641F446174611F0052657325
S21404454065747320746865206E6F64652E005772F8
S214044550697465732061206D6573736167652E00E9
S214044560456E64706F696E741F436C757374657200
S2140445702049441F41747472696275746520494405
S2140445801F4D61736B1F4461746120747970651FDD
S2140445904461746120627974651F005265616473B6
S2140445A02061206D6573736167652E00456E6470C7
S2140445B06F696E741F436C75737465722049441F6B
S2140445C04174747269627574652049441F312069A8
S2140445D066207365727665722064697265637469B1
S2140445E06F6E2C203020696620636C69656E7420BB
S2140445F0646972656374696F6E1F0053656E6473D5
S2140446002061206D6573736167652E00446573745D
S214044610696E6174696F6E1F536F7572636520658A
S2140446206E64706F696E741F44657374696E61742A
S214044630696F6E20656E64706F696E741F00536FC9
S2140446407572636520656E64706F696E741F004CC6
S21404465069737473207768696368206F7074696F10
S2140446606E616C206C6962726172696573206F6634
S2140446702074686520737461636B206172652069B9
S2140446806D706C656D656E746564206F6E207468FD
S2140446906973206465766963652E005072696E746A
S2140446A07320696E666F726D6174696F6E206162E5
S2140446B06F757420746865206E6574776F726B20EE
S2140446C073746174652C20636C7573746572732CD3
S2140446D020616E6420656E64706F696E74732E005C
S2140446E06F66667365741F005072696E7473206912
S2140446F06E666F726D6174696F6E20666F7220618C
S2140447006C6C20617661696C61626C6520736C6F99
S21404471074732E005265616473207261772064613D
S21404472074612066726F6D20666C617368207374A2
S2140447306F726167652E00416464726573732074DA
S2140447406F20726561641F4E756D626572206F66B8
S21404475020627974657320746F20726561641F002B
S2140447605072696E747320666C6173682073746F1C
S2140447707261676520696E666F726D6174696F6ECB
S2140447802E004572617365732074686520737065C6
S21404479063696669656420736C6F742049442E00EF
S2140447A053746F7261676520736C6F74206E756DD9
S2140447B06265721F00426F6F7473207468652069A7
S2140447C06D61676520696E20746865207370656323
S2140447D0696669656420736C6F742049442E0043CF
S2140447E04C4920696E7374616E6365206578616DEB
S2140447F0706C650064756D6D795F696E7374005ACC
S214044800434C20636F6D6D616E64730062617369FF
S2140448106300676C6F62616C006D66672D636F641E
S21404482065007573652D6E6578742D736571756591
S2140448306E636500782D64656661756C742D7265AB
S214044840737000746573742D726573706F6E736520
S2140448502D6F6E00746573742D726573706F6E734E
S214044860652D6F6666005A434C2062617369632047
S214044870636C757374657220636F6D6D616E6473BB
S214044880007274666400436F6D6D616E64207468B4
S21404489061742072657365747320616C6C20617436
S2140448A0747269627574652076616C7565732074BC
S2140448B06F20666163746F72792064656661756CD7
S2140448C0742E005241494C006C6F7765722D6D61F1
S2140448D0632D7261696C2D3830322E31352E342EAC
S2140448E063006C69627261696C2E6100756E636C3C
S2140448F061696D6564006275666665722D6D616ECC
S2140449006167656D656E742E63006576656E742DDD
S21404491071756575652E63007A69676265652D75C0
S214044920707065722D6D61632E63006E65696768CD
S214044930626F722E63006173736F63696174696F6B
S2140449406E2E630031383231730031343232310026
S2140449503132310032730031323231313200313289
S21404496032313100323831003831310031383231A9
S2140449703100313231313132313232323173003139
S214044980323200313231313232310031313131009C
S214044990323238006D61632D6D756C74692D6E65E9
S2140449A074776F726B2E63006C65676163792D7024
S2140449B061636B65742D6275666665722E630000AE
S2140449C0000002000000000000000000BA0400001E
S2140449D0000002000000000000000000BA0400000E
S2140449E0000102030E312E312E322D653634396124
S2140449F063323800010000020303010006000000D1
S214044A00000003000000000013B779FAC925DDB7DB
S214044A10ADF3CFE0F1B614B80102000000000000C8
S214044A20FFFFFFFF0100000001000000000000007F
S214044A30000000000000000000000000000000006D
S214044A40000000000000000000000000000000005D
S214044A500000000000000000033F1F00FD0D0300DF
S214044A60F90D0300D70D0300A50D0300350E030052
S214044A70070E0300A70D03002C0000000202020329
S214044A800000000001020000000801B4304B0400DE
S214044A900008015AEC4A040000080040A84A040032
S214044AA000000000000000000000FCFEFFFF000005
S214044AB000000000FFFF000000000000FFFF0000F1
S214044AC000000000FFFF0000000000004000180681
S214044AD0F4D200002C00B0023DBE00001700F20025
S214044AE00C7C00000C0041009E4200006400FCFEAA
S214044AF0FFFF000000000000FFFF000000000000B1
S214044B005A00F306A554FEFF2100A301A1FEFFFFF1
S214044B101100A600832700000A006100DC260000BE
S214044B2006003B00F820000003001500AD1300004B
S214044B30C800FCFEB4008B087BC0FBFF4D00E402FB
S214044B40E756FFFF2C00A20183EBFFFF1A000301C8
S214044B50B31A00001100A300552900000A005E00E5
S214044B605A28000006003A0021220000040018001B
S214044B707316000029FF03006BB203006BB2030038
S214044B806BB203006BB203006BB203006BB203009C
S214044B906BB203006BB203006BB203006BB203008C
S214044BA06BB203006BB203006BB203006BB203007C
S214044BB06BB203006BB203006BB203006BB203006C
S214044BC06BB203006BB203006BB203006BB203005C
S214044BD06BB203006BB203006BB203006BB203004C
S214044BE06BB2030079B203006BB203008EB203000B
S214044BF06BB203006BB20300B3B203006BB20300E4
S214044C006BB203006BB203006BB20300DBB20300AB
S214044C106BB203006BB203006BB203006BB203000B
S214044C20F3B203006BB2030011B303000B000000E1
S214044C300B0000000200000000002020000000001E
S214044C40030000008C8C3C00000000000000000004
S214044C5000000000000000581200000000000000E1
S214044C60FFFFFFFFFFFFFFFFFFFFFFFF554E4B0059
S214044C70474F200042544C00474F3200474F330002
S214044C80474F3400474F3500474F3600474F3700ED
S214044C90474F3800474F3900474F4100474F4200BF
S214044CA0474F4300474F4400474F4500474F460091
S214044CB04A4D5000424452005550520042544D0052
S214044CC04D534D0046544C00554E4B00474F200064
S214044CD042544C004241440046544C004652430061
S214044CE04F54410044534C00424150005550470035
S214044CF0544D450046415500545A4600554E4B0007
S214044D0050494E00454D3400554E4B004856200041
S214044D10554E4B00455850004C574D00554E4B00D1
S214044D205242540044534C00454D3400554E4B00FB
S214044D3041535400554E4B0056465900494E4800C0
S214044D40554E4B004C434B0058544C004F424600C3
S214044D50554E4B00485244004D454D0042555300B5
S214044D605553470044424700444D410056435400BF
S214044D70554E4B00555020005250200041503000F4
S214044D804150310041502000445020004445430027
S214044D906C4C0400704C0400C84C0400FC4C04002A
S214044DA0084D0400104D04001C4D04002C4D040056
S214044DB0344D0400404D0400504D0400704D040072
S214044DC0554E4B004649420042544C004558540048
S214044DD0505752005744470020535700435253003D
S214044DE04653480042414400464C540042524F0049
S214044DF00104010303060105010501090600060B6B
S214044E000000070B050B0000000000000000000077
S214044E100400E40C0A00010410010000000500026E
S214044E2000000300AC500400A85004009450040092
S214044E30905004008C5004008850040076500400FF
S214044E40665004004C500400445004003A500400D9
S214044E5038500400205004001D500400155004006F
S214044E6004500400F44F0400E24F0400C84F04004A
S214044E70C04F0400B44F0400B04F0400AC4F04000D
S214044E809E4F0400934F04007A4F0400614F0400C1
S214044E90054F0400044F0400F44E0400CC4E0400F6
S214044EA0C14E0400C04E0400AC4E040000000000D6
S214044EB000000000000000000000000000000000E9
S214044EC00F000000000000000000000000000000CA
S214044ED000000000000000000000000000000000C9
S214044EE000000000000000000000000000000000B9
S214044EF000000000010000000000000000000000A8
S214044F00000000000F000000000000000000000089
S214044F100000000000000000000000000000000088
S214044F200000000000000000000000000000000078
S214044F300000000000000000000000000000000068
S214044F400000000000000000000000000000000058
S214044F500000000000000000000000000000000048
S214044F600000000000000000000000000000000038
S214044F700000000000000000000000000000000028
S214044F800000000000000000000000000000000018
S214044F900000000000000000000000000000000008
S214044FA000000000000000000000000000000000F8
S214044FB000000000FFFFFFFFFFFFFFFFFFFF0000F2
S214044FC000000000000000000000000000000000D8
S214044FD000000000000000000000000000000000C8
S214044FE000000000000000000000000000000000B8
S214044FF000000000000000000000000000000000A8
S2140450000000000000000000000000000000000097
S2140450100000000000FFFFFFFFFFFFFFFF9C0000F3
S214045020FF00000000000000000000000000000078
S21404503000000000800000000000FFFFFFFFFFFFED
S214045040FFFFFFFF00000000FFFF0000000000005D
S2140450500000000000000000000000000000000047
S214045060000000000000FFFFFF000000000000003A
S2140450700000000000000000000000000000000027
S2140450800000000000000000000000000000000017
S2140450900000000000000000000000000000000007
S2140450A0000000000000000000000000FC030101F6
S2140450B001010101010101010101010101000000DA
S2140450C00000000100200000000000010100002094
S2140450D002041104040211101A080A021801081125
S2140450E010111A080A04020D0B19195C0110280B7A
S2140450F00114000000000000000000000000000092
S2140451000001010101010100010101010101010089
S2140451100001010100010001010000000000000080
S2140451200000000000000000000100000000000075
S214045130000000000000000001FF010023E1010060
S21404514075E4010063E2010063E5010062E1010029
S21404515079EB010064EE010024E1010025E1010081
S21404516026E1010027E1010028E1010029E1010010
S2140451702AE1010000000100800001000001010096
S21404518080010100000201008002010020E201000B
S214045190000301000005010080050100000601006F
S2140451A02C890100800601000007010001E50100CA
S2140451B002E501000008010080080100004001002B
S2140451C086321010FFFFFFFFFFFFFFFF9FBB0300A9
S2140451D0A5BB0300ABBB0300B1BB0300B7BB030016
S2140451E05677777777777777777777777777777767
S2140451F05A6967426565416C6C69616E63653039EE
S2140452005A6967426565416C6C69616E63653039DD
S2140452104E574B205374656572696E670000959609
S2140452209595950507090D0000000000000102038E
S214045230040600001DD40300B8E70300D2E7030009
S214045240E9E70300FCE703000CE8030020E803009A
S21404525032E8030042E803005EE8030073E8030054
S2140452600208010D0D01010112010000FFFFFFFFFE
S214045270FFFFFFFF00000000000000000109050119
S21404528000020000000000031EF1EE0B9C52040016
S214045290B4F4030029FF0300FE000000D0F403006A
S2140452A0FC53040000000000DAF40300EC5304008E
S2140452B000000000E7F40300DC53040000000000D4
S2140452C0F4F40300CC5304000000000012F50300BD
S2140452D0B8530400000000000AF50300A4530400B9
S2140452E00000000011F503009053040000000000C5
S2140452F01FF50300805304000000000091F3030030
S2140453006C5304000000000018F503005C5304000E
S2140453100000000024F503004853040000000000C9
S214045320D0B9030038530400000000000000000059
S2140453300000000000000000EB25030035F5030024
S21404534072F50300010100FFF1E900009BF503007C
S214045350E0F50300010100010107FF00ADE90000CC
S2140453602DF6030098F60300010100FFEDE80000A7
S214045370B9F60300D2F6030000010100FF000000A6
S214045380FD250300F7F603004FF703000101FF00B5
S214045390E525030066F70300BDF7030001010207D5
S2140453A0FF000000DF25030066F70300BDF70300D7
S2140453B001010207FF000000D925030066F7030079
S2140453C0BDF7030001010207FF000000A1E800008A
S2140453D0DEF703001DF80300010101FF41E80000A9
S2140453E03CF8030081F80300010000FFFDE700001D
S2140453F03CF8030081F80300010000FF85E8000084
S214045400A8F80300AEF6030000FF0000D32503004F
S214045410FDF80300C9230400FF000000CD250300A7
S21404542070F90300C9230400FF000000DDE7000054
S214045430DFF9030054FA030000FF0000B5E700009C
S2140454406CFA0300CEFA030000FF0000BF25030039
S214045450DFFA030025FB030002FF00007DE70000DF
S2140454602EFB0300A2FB030001FF00000000000067
S214045470A2FE030011000000AEFE030012000000AE
S214045480B6FE030013000000BEFE03002100000069
S214045490C6FE030022000000CDFE03002300000029
S2140454A0D4FE0300AA000000DBFE0300FF00000099
S2140454B000000000FFFFFFFFFFFFFFFF00000000EB
S2140454C000000000000001080109020A030B040C96
S2140454D0050D060E070F081001180119021A031B02
S2140454E0041C051D061E071F082001210222032393
S2140454F0042405250626072708280129022A032B43
S214045500042C052D062E072F0830013102320338ED
S2140455100239043A08E004E104E204E802E902EA93
S21404552004F008F11000000000000000040500006C
S2140455309055040002000F00B855040002000F0046
S214045540E055040002000F000856040002000F0095
S2140455503056040002000F005856040002000F00E4
S2140455608056040002000F00A856040002000F0034
S214045570D056040002000F00F856040002000F0084
S2140455802057040002000F004857040002000F00D2
S21404559000000000705704000300000040000000F4
S2140455A000000000190000009457040004000F00D7
S2140455B08000000000000000000000007057040097
S2140455C00300000040000000000000001900000076
S2140455D09457040004000F00800000000000000040
S2140455E000000000705704000300000040000000A4
S2140455F000000000190000009457040004000F0087
S2140456008000000000000000000000007057040046
S2140456100300000040000000000000001900000025
S2140456209457040004000F008000000000000000EF
S2140456300000000070570400030000004000000053
S21404564000000000190000009457040004000F0036
S21404565080000000000000000000000070570400F6
S21404566003000000400000000000000019000000D5
S2140456709457040004000F0080000000000000009F
S2140456800000000070570400030000004000000003
S21404569000000000190000009457040004000F00E6
S2140456A080000000000000000000000070570400A6
S2140456B00300000040000000000000001900000085
S2140456C09457040004000F0080000000000000004F
S2140456D000000000705704000300000040000000B3
S2140456E000000000190000009457040004000F0096
S2140456F08000000000000000000000007057040056
S2140457000300000040000000000000001900000034
S2140457109457040004000F008000000000000000FE
S2140457200000000070570400030000004000000062
S21404573000000000190000009457040004000F0045
S2140457408000000000000000000000007057040005
S21404575003000000400000000000000019000000E4
S2140457609457040004000F008000000000000000AE
S2140457700000200120000000080000000400422170
S214045780300000000858040000FF4200300000000B
S214045790000000000000F008400000002958040043
S2140457A001002304400000003158040006003001C4
S2140457B04000000000000000FDFF21024000000041
S2140457C00100000019000004190001011900020478
S2140457D0190003011900050419000601190007043D
S2140457E004004100590A010006004100F32D03009D
S2140457F0190081004927010019008400D5310100F1
S214045800008000000000000006435553544F4D002E
S214045810000000000000000000000000000000007F
S214045820000000000000000000FFFFFFFFFFFFFF76
S214045830FFFFFFFFFF00040104010401040104014B
S2140458400401040104010401040104010401FFFF2E
S214045850FFFFFFFFFFFFFFFFFFFFFFFFFFFFFFFF4F
S214045860FFFFFFFFFFFF0001020304050607080908
S2140458700A0B1F1C1F1E1F1E1F1F1E1F1E1F070294
S2140458801F012F0037013F005701DF02E700FF0228
S21404589000000000000000000000000000000000FF
S2140458A000000000000000000000000000000000EF
S2140458B0000000004105040019000000470504002C
S2140458C0FFFF000000000000120604001D0604008E
S2140458D029FF0300250604003306040029FF0300FD
S2140458E046060400510604005F060400630604002E
S2140458F07306040025D50300830604008706040007
S214045900920604009C060400A6060400AA060400E8
S214045910B8060400CC060400E2060400008000007A
S214045920000000000000000000000000FFFFFFFF72
S214045930FF00000000000000ADB5010000000000FC
S214045940000000000000F03F0000000000002440BB
S21404595000000000000059400000000000408F4096
S214045960000000000088C34000000000006AF84001
S2140459700000000080842E4100000000D012634125
S2140459800000000084D797410000000065CDCD419B
S2140459909ED80300FC6F04000000000008100400FA
S2140459A0EC6F0400000000000D100400DC6F04001F
S2140459B0000000000E100400CC6F0400000000007D
S2140459C01FF50300B86F04000000000012F5030082
S2140459D0A46F04000000000013100400946F040079
S2140459E00000000019100400846F0400000000008A
S2140459F01D100400746F0400000000002C10040046
S214045A00646F04000000000049100400546F040092
S214045A100000000052100400446F04000000000060
S214045A2067100400346F04000000000060E6030002
S214045A30246F04000000000077100400E46E0400E5
S214045A40000000007D14040040660400000000000E
S214045A502A04040000660400000000007E1004000F
S214045A60406504000000000087100400446404003D
S214045A700000000094100400EC5F04000000000026
S214045A80B0060400C45E0400000000009B1004007E
S214045A90C45E0400010000009F100400845E04003D
S214045AA000000000A4100400485D0400000000008C
S214045AB05DB30300485D0400010000009410040078
S214045AC0EC5F040000000000AB100400EC5F040070
S214045AD001000000B0100400145D04000000000083
S214045AE0BA100400145D040001000000C210040093
S214045AF0445B040000000000D5BA0300105B0400F9
S214045B00000000000000000000000000000000008C
S214045B10205B0400C610040029FF0300FE000000FA
S214045B20DE100400E86604000000000052150400BD
S214045B30D86604000000000000000000000000001A
S214045B4000000000545B0400E310040029FF030077
S214045B50FE000000F910040068680400000000005D
S214045B60FF1004005868040000000000051104003B
S214045B7048680400000000000E11040038680400A1
S214045B80000000000FB803002868040000000000AE
S214045B9019B60300F06704000000000027BF0300E6
S214045BA0DC6704000000000018110400CC67040041
S214045BB00000000014BB0300BC67040000000000E3
S214045BC01D110400AC67040000000000241104004A
S214045BD09C67040000000000C0C903008C67040032
S214045BE00000000029110400E05C0400000000002E
S214045BF030110400885C0400000000003811040022
S214045C00545C04000000000044110400205C0400FE
S214045C10000000000000000000000000000000007B
S214045C20305C04004F11040029FF0300FE0000004E
S214045C3099CF03000867040000000000F7F0030093
S214045C40F8660400000000000000000000000000E9
S214045C5000000000645C04007011040029FF0300C7
S214045C60FE00000099CF030028670400000000002F
S214045C70F7F00300186704000000000000000000AE
S214045C800000000000000000985C0400921104006C
S214045C9029FF0300FE000000B0110400786704002A
S214045CA000000000A116040068670400000000005D
S214045CB0BF1104005867040000000000C41104006B
S214045CC04867040000000000CB1104003867040095
S214045CD000000000000000000000000000000000BB
S214045CE0F05C0400D011040029FF0300FE0000004D
S214045CF05BCF03001468040000000000ED110400EC
S214045D00006804000000000000000000000000001E
S214045D1000000000245D0400F511040029FF0300C0
S214045D20FE00000011120400A86804000000000031
S214045D30B00604009868040000000000000000009C
S214045D400000000000000000585D04001612040065
S214045D5029FF0300FE0000002F1204005869040007
S214045D60000000001CCC030048690400000000008A
S214045D703812040038690400000000001112040000
S214045D8088680400000000003D12040078680400DF
S214045D90000000004A120400445E040000000000F4
S214045DA058120400105E040000000000661204008E
S214045DB0D05D0400000000007E100400406504006E
S214045DC000000000000000000000000000000000CA
S214045DD0E05D04006F12040029FF0300FE000000CB
S214045DE051480400286904000000000062480400CA
S214045DF018690400000000004DE003000869040070
S214045E000000000000000000000000000000000089
S214045E10205E04008D12040029FF0300FE0000002B
S214045E20B71204007869040000000000380104007A
S214045E306869040000000000000000000000000084
S214045E4000000000545E0400BE12040029FF030094
S214045E50FE000000D5BA0300AC6904000000000090
S214045E60F7F003009C69040000000000A11604007B
S214045E708869040000000000000000000000000024
S214045E8000000000945E0400DE12040029FF0300F4
S214045E90FE000000D5BA0300DC6904000000000020
S214045EA0FE120400CC69040000000000F7F00300B2
S214045EB0BC690400000000000000000000000000B0
S214045EC000000000D45E04000513040029FF03004C
S214045ED0FE0000001F130400106B04000000000006
S214045EE0E7D00300006B0400000000005213040017
S214045EF0F06A0400000000000FB80300E06A040023
S214045F000000000020B80300D06A0400000000006F
S214045F1024130400C06A0400000000003C130400BC
S214045F20B06A04000000000045130400A06A0400E0
S214045F30000000004C130400906A040000000000F7
S214045F4058130400606A040000000000A116040050
S214045F50506A04000000000067130400406A04004E
S214045F60000000000CE10300306A0400000000009A
S214045F706C130400206A040000000000831304006D
S214045F80106A04000000000097130400FC69040073
S214045F9000000000A7130400EC69040000000000E1
S214045FA0B6130400B85F0400000000000000000000
S214045FB00000000000000000C85F0400BB130400DB
S214045FC029FF0300FE000000D2130400806A0400C8
S214045FD000000000DB130400706A040000000000E8
S214045FE0000000000000000000000000FC5F040049
S214045FF029FF030029FF0300FE000000E21304004B
S2140460008066040000000000EF130400C46404006B
S21404601000000000F81304000464040000000000FC
S2140460200B140400D06304000000000019140400DC
S2140460309C63040000000000271404006863040046
S2140460400000000035140400D062040000000000C4
S21404605046140400A8620400000000005314040060
S21404606008620400000000005E140400B06104002E
S21404607000000000711404008861040000000000A1
S21404608003F40300246104000000000084140400E8
S214046090E4600400000000008F140400B0600400F4
S2140460A000000000000000000000000000000000E7
S2140460B0C0600400A214040029FF0300FE000000D0
S2140460C0C6140400306B040000000000CC14040066
S2140460D0206B040000000000000000000000000028
S2140460E000000000F4600400D014040029FF03003C
S2140460F0FE00000009D10300606B040000000000ED
S21404610002150400506B0400000000000E15040085
S214046110406B0400000000000000000000000000C7
S21404612000000000346104002415040029FF030065
S214046130FE000000D5BA0300C46B04000000000093
S214046140F7F00300B46B040000000000FDF0030049
S214046150A46B04000000000099CF0300906B0400B9
S2140461600000000040150400806B040000000000DE
S21404617057150400706B04000000000000000000C7
S214046180000000000000000098610400631504008D
S21404619029FF0300FE00000088150400D46B0400E9
S2140461A000000000000000000000000000000000E6
S2140461B0C06104008D15040029FF0300FE000000E2
S2140461C0B1150400246C040000000000FE12040054
S2140461D0146C040000000000BD150400046C0400E8
S2140461E000000000C4150400F46B04000000000066
S2140461F0D1150400E46B0400000000000000000059
S214046200000000000000000018620400DC15040012
S21404621029FF0300FE0000004A140400D46C0400A6
S21404622000000000F9150400C46C0400000000001F
S2140462309ED80300B46C040000000000CCE7030002
S214046240A46C040000000000B1130400946C040065
S2140462500000000009D10300846C04000000000064
S21404626000160400746C0400000000000B16040002
S214046270646C04000000000018160400546C04004B
S2140462800000000028160400446C0400000000000F
S2140462903B160400346C04000000000000000000FC
S2140462A00000000000000000B86204004D16040060
S2140462B029FF0300FE0000009ED80300E46C0400DF
S2140462C000000000000000000000000000000000C5
S2140462D0E06204006B16040029FF0300FE000000C1
S2140462E009D10300546D040000000000CCE703004D
S2140462F0446D040000000000B1130400346D040073
S214046300000000008E160400246D04000000000047
S214046310BA11040028630400000000000000000016
S214046320000000000000000038630400A516040006
S21404633029FF0300FE000000A1160400146D0400EB
S2140463400000000099CF0300046D04000000000064
S214046350BB160400F46C04000000000000000000FB
S214046360000000000000000078630400C416040067
S21404637029FF0300FE000000D5BA0300746D040074
S21404638000000000F7F00300646D04000000000045
S214046390000000000000000000000000AC630400E1
S2140463A0E416040029FF0300FE000000041704009E
S2140463B0946D04000000000017170400846D0400A8
S2140463C000000000000000000000000000000000C4
S2140463D0E06304002D17040029FF0300FE000000FC
S2140463E04D170400B46D0400000000001CCC03002C
S2140463F0A46D04000000000000000000000000007F
S21404640000000000146404005717040029FF03006A
S214046410FE00000009D10300E46D04000000000043
S2140464207C170400D46D04000000000094170400D8
S214046430C46D04000000000000000000000000001E
S214046440000000005464040029FF030029FF030031
S214046450FE000000A51704006C64040000000000A1
S2140464600000000000000000000000007C6404003F
S21404647029FF030029FF0300FE000000B1170400F3
S214046480346E040000000000A1060400246E04001C
S21404649000000000B7170400146E0400000000009B
S2140464A0BB170400046E040000000000BF170400BD
S2140464B0F46D04000000000000000000000000006E
S2140464C000000000D4640400CF17040029FF030072
S2140464D0FE000000D5BA0300B46E040000000000FD
S2140464E0EA170400A46E040000000000FD17040070
S2140464F0946E040000000000F7F00300846E0400AD
S214046500000000000A180400746E04000000000076
S2140465101B180400646E0400000000002918040020
S214046520546E0400000000003A180400446E040090
S2140465300000000000000000000000000000000052
S214046540506504004718040029FF0300FE000000FD
S21404655061180400D86804000000000094180400C1
S214046560C868040000000000CF180400B8680400DF
S21404657000000000E6180400CC65040000000000DB
S214046580F0180400986504000000000000000000F5
S2140465900000000000000000A8650400F4180400D1
S2140465A029FF0300FE00000051480400F8680400B8
S2140465B00000000062480400E868040000000000D0
S2140465C0000000000000000000000000DC6504007D
S2140465D01319040029FF0300FE00000034CC030056
S2140465E0D46E040000000000A1160400C46E04006B
S2140465F00000000000000000000000000000000092
S214046600106604002619040029FF0300FE0000009B
S214046610D5BA0300146F040000000000B71204008B
S214046620046F04000000000038010400F46E040047
S2140466300000000000000000000000000000000051
S214046640506604004119040029FF0300FE00000000
S214046650D11504002C7004000000000009D10300CA
S2140466601C700400000000009ED803000C70040098
S2140466700000000000000000000000000000000011
S214046680906604006119040029FF0300FE00000060
S2140466907F1904007C7004000000000089190400BF
S2140466A06C70040000000000941904005C70040080
S2140466B0000000001FF503004C70040000000000FA
S2140466C0A31904003C700400000000000000000051
S2140466D00000000000000000B1250300AE1904000D
S2140466E029FF0300FF000000AD250300BB190400CA
S2140466F029FF0300FF000000F1EE0000CD1904009E
S21404670029FF0300FF0000008DEE0000FA190400C4
S214046710C221040001FF0000F1EE00003A1A040052
S21404672029FF0300FF0000008DEE0000681A040035
S214046730C221040001FF000025EF0000A91A04008E
S214046740CA1A040000FF000025EF0000D31A040054
S214046750301B04000000FF00A1EF00003E1B0400F5
S214046760571B0400010001FF0DF000007C1B040011
S214046770BE1B04000102FF00A1EF0000D41B0400AE
S214046780031C040001000102FF0000001DED0000D0
S214046790341C0400701C040007FF00003DED0000DC
S2140467A0761C0400A91C040001FF000051ED000043
S2140467B0B11C0400011D04000100FF00ADED000043
S2140467C0161D0400671D04000101FF0081ED000092
S2140467D0771D0400B11D040001FF000001EE000057
S2140467E0B91D0400021E0400010000010707FF0093
S2140467F03DF00000541E0400A91C040001FF000024
S2140468003DF100009C1E0400E01E04000107000188
S2140468100700FF000F260300351F04007B1F04003B
S2140468200107000101FF0000C5F00000B71F0400C7
S214046830F21F0400010000FF95F000001020040081
S214046840542004000100FF0065F0000067200400E7
S214046850542004000100FF000DF10000A6200400EF
S214046860B11D040001FF00007DF10000E1200400DA
S214046870122104000100FF00ADDA000029FF030026
S21404688020210400000707FF51DA000029FF030057
S21404689039210400000707FF5DDF000029FF03001D
S2140468A04521040007FF00005DDF000029FF030008
S2140468B04521040007FF00006125030029FF0300AB
S2140468C04A2104000000FF0039DF000029FF03000E
S2140468D033F8030001FF000001DF000029FF030076
S2140468E08221040000FF000031DA000029FF0300C3
S2140468F029FF0300FF00000031DA000029FF03002F
S21404690029FF0300FF0000003725030029FF0300CA
S21404691029FF0300FF0000003725030029FF0300BA
S21404692029FF0300FF0000003725030029FF0300AA
S21404693029FF0300FF00000001DA000029FF03001E
S214046940B82104000101FF00EDD9000029FF03006F
S214046950CD21040001FF00003325030029FF0300B6
S21404696029FF0300FF000000B5D9000095120400BB
S21404697029FF0300FF000000B5D90000D72104005A
S21404698029FF0300FF00000035DB0000F8210400A7
S2140469900F2204000001000007FF00002F2503005B
S2140469A03522040029FF0300FF000000B1D80000D0
S2140469B04F22040029FF0300FF000000A92503005E
S2140469C07D22040029FF0300FF0000009B2503002E
S2140469D0972204001921040000FF000031E20000A1
S2140469E0BC22040029FF0300FF00000085D7000036
S2140469F0D622040029FF0300FF00000019D7000078
S214046A00F92204007623040000000310FF000000AF
S214046A10F5D70000CB2304003924040001FF00004E
S214046A20C9D700004E2404009124040000FF00008F
S214046A30DDD60000A224040029FF0300FF000000A6
S214046A402D250300D124040029FF0300FF000000C5
S214046A50B9D600001D2504001921040000FF00001B
S214046A6085D600005E260400B326040000FF00005E
S214046A7069D60000CD26040029FF0300FF000000AD
S214046A804DD60000DD26040029FF0300FF000000A9
S214046A901D250300F12604006F27040000FF0000F4
S214046AA01DD60000FA27040029FF0300FF0000009B
S214046AB0D9D50000172804004228040007FF000068
S214046AC099D500004C280400A5280400000500FF02
S214046AD051D50000582904006B2904000002FF0069
S214046AE02DD500009A29040029FF0300FF000000AA
S214046AF01D250300AC290400E629040000FF00005D
S214046B00C1D400006C2A0400B22A0400000301FF6A
S214046B10B1D40000522B0400982B0400000301FF9C
S214046B204D500100382C040029FF0300FF0000002C
S214046B30B5310300602C0400DB2C040002FF0000C7
S214046B405DF50000302D0400C923040000FF00009A
S214046B5029F50000582D0400C923040000FF000096
S214046B60D9F40000712D040029FF0300FF00000083
S214046B70594201008A2D040029FF0300FF0000008B
S214046B8031420100D72D040029FF0300FF00000056
S214046B90BD410100022E0400282E0400000101005D
S214046BA0010102FF95410100A72F0400CF2F040026
S214046BB000FF000075410100F62F040029FF0300C2
S214046BC0FF000000BD4001002030040029FF030040
S214046BD0FF000000873003003930040029FF03005B
S214046BE0FF0000008D3501005F3004009030040083
S214046BF00002FF00E92E0300ED30040029FF030025
S214046C00FF000000E52E03001A31040029FF0300EC
S214046C10FF00000041350100353104005F310400F7
S214046C2000FF0000013301008F31040029FF030038
S214046C30FF0000007D1E0100A231040029FF0300AE
S214046C40FF000000651E0100BA31040029FF03009E
S214046C50FF000000612E0300D331040029FF030067
S214046C60FF0000004D2E0300003204007A320400B8
S214046C7000FF00000D320100B932040029FF0300B2
S214046C80FF000000FD3001003133040029FF03003B
S214046C90FF000000211D01007533040029FF0300D6
S214046CA0FF000000051D01009233040029FF0300C5
S214046CB0FF0000007D1D01003D34040029FF030091
S214046CC0FF000000711D0100CB34040010350400E1
S214046CD000FF00003D1D0100473504009835040000
S214046CE000FF0000691B0100CB35040029FF0300E8
S214046CF0FF00000001100100F735040060360400B0
S214046D000000FF0001100100B53604001737040028
S214046D100000FF00A11001005C3704008F37040058
S214046D200002FF00BB2D0300E437040032380400E1
S214046D3007FF0000D51101004E38040029FF0300A8
S214046D40FF000000E90F01007238040097380400C1
S214046D5000FF0000F5100100F038040029FF0300CE
S214046D60FF000000B90901002D39040029FF0300C3
S214046D70FF000000810901005739040029FF0300C1
S214046D80FF000000932C030092390400013A04002B
S214046D9000FF0000DD020100523A0400D13A04006C
S214046DA000FF0000852C0300173B0400693B040029
S214046DB000FF0000652C0300B03B0400FD3B04000C
S214046DC000FF0000A5FB0000473C04007D3C0400D7
S214046DD003FF0000DDFB0000B83C0400FE3C04009A
S214046DE003FF00008DFA0000543D040029FF030051
S214046DF0FF000000F12B0300843D0400C23D0400A4
S214046E0000FF0000EB2B0300D23D0400C23D04004B
S214046E1000FF0000E52B0300F93D0400C23D04001A
S214046E2000FF0000DF2B0300203E0400C23D0400E8
S214046E3000FF0000D92B0300483E0400C23D0400B6
S214046E4000FF0000B52B0300713E040029FF030079
S214046E50FF000000BB2B0300933E040029FF030041
S214046E60FF000000DDF70000BB3E0400F43E040013
S214046E700001FF0009F80000153F040029FF030085
S214046E80FF000000B72B0300403F040029FF030067
S214046E90FF000000C5F700005B3F040029FF030065
S214046EA0FF00000081F70000763F0400A33F0400C3
S214046EB000FF000069F70000BE3F040029FF03003E
S214046EC0FF000000B1DF0000E93F040029FF0300D3
S214046ED0FF000000B1DF00001040040029FF03009B
S214046EE0FF000000A1D400002140040029FF030095
S214046EF0FF0000006DD40000364004005D4004002E
S214046F0000FF00006DD400006D4004005D400400E6
S214046F1000FF000005D400009440040029FF03008D
S214046F20FF00000015250300AF40040029FF0300FE
S214046F30FF00000061D00000D24004003C41040081
S214046F4000FF000041D000005F41040029FF030059
S214046F50FF00000029EC0000C54204005243040070
S214046F60010000FF0DEB00006F430400C343040060
S214046F7000FF000041EB0000D84304002A4404004C
S214046F800100FF00ADEA0000404404002D45040063
S214046F900107FF00192503003D45040029FF0300EF
S214046FA0FF0000000DE400004E45040060450400A8
S214046FB0000101000007FF0005E300009B450400F4
S214046FC0AC45040000010100FF00000041EB000096
S214046FD0FB4504000C460400010000FF7DE20000AF
S214046FE0FB4504003E46040000FF0000ED8201005D
S214046FF04F46040029FF0300FF00000095D0000060
S2140470009B46040029FF0300FF0000001152030002
S21404701029FF030029FF0300FF000000B5900100CC
S21404702029FF030029FF0300FF00000079900100F8
S21404703029FF0300E046040002FF00002598010033
S214047040E846040029FF0300FF000000B197010092
S21404705014470400374704000200FF00935203005D
S2140470606047040029FF0300FF0000008D9701001D
S21404707082470400A047040002FF00006597010051
S214047080B5470400A047040002FF0000010000000A
S214047090104C00200000000000000000FFFF00006D
S2140470A0952B03000000000003000000FFFF010012
S2140470B0732C03000000000004000000FFFF010022
S2140470C0012D03000000000004000000FFFF000084
S2140470D0852D03000000000006000000FFFF0000EE
S2140470E0F72D03000000000019000000FFFF010058
S2140470F08D2E0300BB170400346700200000000038
S2140471000000000000000000000000000C4804001E
S2140471107871040000000000124804008C52040039
S21404712000000000194804005C540400000000003D
S214047130521504004C5404000000000022480400C9
S2140471403C54040000000000344804002C5404009E
S21404715000000000434804001C5404000000000023
S214047160544804000C540400000000000000000012
S2140471700000000000000000887104006648040057
S21404718029FF0300FE00000081480400A0710400EB
S21404719000000000000000000000000000000000E6
S2140471A0A55603008648040029FF0300FF030100D8
S2140471B001013F040201003F040202003D040202F2
S2140471C0003D0401020001020003010002023D0426
S2140471D00201000202020100020200000020202038
S2140471E0202020202020282828282820202020206E
S2140471F0202020202020202020202020208810103E
S2140472001010101010101010101010101004040499
S2140472100404040404040410101010101010414157
S2140472204141414101010101010101010101010145
S2140472300101010101010101101010101010424259
S2140472404242424202020202020202020202020215
S21404725002020202020202021010101020000000B5
S2140472600000000000000000000000000000000015
S2140472700000000000000000000000000000000005
S21404728000000000000000000000000000000000F5
S21404729000000000000000000000000000000000E5
S2140472A000000000000000000000000000000000D5
S2140472B000000000000000000000000000000000C5
S2140472C000000000000000000000000000000000B5
S2140472D000000000000000000000000000000000A5
S2140472E000000000A001000080130020000210002F
S2140472F0AC5000202015002000000208000000000A
S214047300FFFFFFFFFFFFFFFFFFFFFFFF0000000080
S2140473100000000000000000000000000000000064
S2140473200000000020000000FDC301001000000063
S214047330DDC401000000000100000101000101019C
S21404734020C001B80000000000000000FFFFFFFF9F
S214047350FFFFFFFFFFFFFFFFFFFFFFFFFFFFFFFF34
S214047360FFFFFFFFFFFFFFFFFFFFFFFF000102021B
S2140473700303040506080C0C0C00010203040707AB
S214047380C8C8C8C8C8C8C8C8C8C8C8C80304040881
S2140473900808080800B801B802B800B0808F0400D6
S2140473A0688F0400030404080805000000000000B9
S2140473B0000000000000000000000000EA060000D4
S2140473C048704C0F44700E0E30707E1302989A1755
S2140473D03870340F34705A0F307048102C704810C0
S2140473E02870D0112470E81120703E0F1C70901283
S2140473F018700C1314703A0FB110086001D80A7193
S21404740004B87F78020C7E78641000C6881F00A03B
S2140474101DB8707803B018600F3027B30F3301110E
S214047420C04806987C0229B0086001D8087109DDB6
S214047430047109BB11101660A048086004100112FC
S214047440FF3221500860D048086000880698381437
S21404745000C4441F00A000BA03DF107109DF0672DF
S214047460029836031DB8507800A04413281441151A
S2140474708110086002D8147110880698201900C07C
S21404748014C000B80698861B009106989202016004
S214047490B83020D806711EBC637C784D5412F03286
S2140474A040DE0472404804DB08720DDD0C72044BA7
S2140474B0EF3014480698F20400C4E0400054441226
S2140474C0086201322140087C811140D91C72B11235
S2140474D03032CF4A013AB1DA107208D8067104D8AD
S2140474E00871804C237C5670684C441200C4A41E59
S2140474F000A04414413AF3240164415C412A047513
S21404750080B800C46040005481D8367140D90472F3
S214047510237C084B0698F20404BA1CB9767900C199
S214047520204001B835797F216121007906B906A982
S21404753001D8067102981002804C307C02986402CE
S21404754008D86A7100C1544000B8141110D95E718D
S214047550584C441280BDA26DFF25784C4412FC2280
S214047560513A2814104C00C20CC101B82412281435
S214047570086228140862281408622814304C304C18
S21404758000C11C4000B814111814086100C5284036
S21404759001B85415FF35047110491814B04C441240
S2140475A008620132067102980401804C08D80C71F6
S2140475B007BA24D8047106BA187004D80C7101BA34
S2140475C040D80E7102BA0A7005BA20D8047203BAFB
S2140475D0204C4411C04C1814086118149111383109
S2140475E011429111186110D90472EF3200C108409B
S2140475F001B8141110311E6111422814A11108613A
S214047600181406986C1B181400C1084001B814110D
S2140476101861FF31181400C1448001B814111814FD
S214047620086118143088024806989403009308DB0F
S214047630047101F800A027B00F3000A01088B11123
S214047640186180D90A7100C1884000B808110091F9
S21404765000A000C4684000B8441000A000C08840E1
S214047660005004118261041082601050F07200A071
S214047670541550451271069802050698920407B8E8
S214047680707802B841781EBA5B7A5C7A5D7A00C27A
S21404769020C001B8241206982A1900C5481F00A065
S2140476A05415511400C3FF010000313D09647F34B2
S2140476B006989C02015851280475015841280E75F5
S2140476C08111086102D90472FF0FCC7007B8727872
S2140476D000F8EBBD00C0441F00A00411113D10D9F2
S2140476E01271FF33186300C1781002B8381107B955
S2140476F07479581000A0069892020D30047204485B
S21404770009DC0472084800C11CC101B8141100C386
S214047710D01E00A0911504351A7218131CBB08D885
S21404772004716C7B04D804716A7B1DBB2F7C5B7B65
S2140477301670044B18131CBB08D804716F7B04D84E
S21404774004716D7B217C0C30026006987E040698DA
S214047750C40B00B8B111186140D9067202985804D7
S21404776001BC00C2084001B800DC0A712415026599
S214047770604A0A702C4A241508654C4A043508D910
S2140477800471202400C13C1F00A0141200DC3271D6
S21404779020D8067101B80C70F0DA0C720CDB087194
S2140477A002B806988604482400C3384101B8341346
S2140477B08F7B0E7102B9911308DB047203B928702B
S2140477C07C4914111110FD300DDC1C7200C0A01E83
S2140477D000A0041080D8107100C0448001B80410C2
S2140477E0E5200475804900C3884000B8FFB801202E
S2140477F011410871014118130824014200C12840B0
S21404780000B8141101411C655141911520351E65BF
S214047810514118132813481300C3844000B8341089
S21404782003D81671073005DC1071B1108F780A7210
S21404783000C384C40350217B1DB8507800B800C12F
S2140478403C1F00A014121C602150F0300152281175
S21404785000A04024076400C0FFFF0100013C17B0ED
S214047860022001584028067518AC01EC00A02088B8
S21404787000C020C001B8041217B4211304123052F9
S214047880F8711964402400C35C1F00A0341014115E
S2140478900698F60D1961009211592129067600BB47
S2140478A011590698D60D8762313B0472215A412A33
S2140478B000A000C2686000B8B8B91F610D4918126C
S2140478C000A0308801B9116100C30000C0FF311068
S2140478D0312800BC002D0C75115418AC01EC312D68
S2140478E0F470196451134155312C009300A000C361
S2140478F0C00FFEFF50B2313A014250AA00A00698CB
S2140479003E07FFB0867808715CB86B786E7800C264
S214047910548001B800C0D81F00A004100812B82272
S214047920217A237A52B8417801B80C6021A809B8A4
S21404793019604CA800C0FFD1C1FF4FB2013A00C085
S214047940002E300001424FAA24B86E78ACB9FFB0BE
S21404795004D804714CB923A90698A80500C013904E
S214047960010006982E0500A00698020519B81460B2
S214047970FFB28C620F32826A214006982E0549BCFB
S21404798021B952B849B207DE2A7105DE0871627C55
S214047990607C1D0C6179677864786B7862786578AA
S2140479A063786078617C010C010C6878020C697855
S2140479B06C78020C00C22C8001B8277A287A267AC2
S2140479C06A78050C41790A0CB11040D80671029801
S2140479D0BA06784A2B7A327A584A247A00C40001C6
S2140479E01100404A00C0108400000812508800C5E8
S2140479F084100100FBAD10BD01BB8A6B21B9FAA946
S214047A00C44A1812217A227A00C0341F00A0041037
S214047A10FCA88264411030300129F9A9F8ADFBB006
S214047A208260FBA80330A0652110044820EC237A6A
S214047A300410037A184A2411DC4A01580029241039
S214047A4004753150F8B1115081632A7151403140A8
S214047A500812FCB18461FCA90F310E7117B011280D
S214047A6017B111591028FA76C44AF9B11812217AB6
S214047A70227AA07000950812F8A800C20C8001B8FB
S214047A80207A844A00B80812020CA44A087A020C27
S214047A9021B84178784A0B7A127A00C2C81F00A02F
S214047AA0FFB008D80472184A241000DC0A7140A8F3
S214047AB00422241041A806989C0200C2481F00A075
S214047AC02410015100C4FF0100004139115008126E
S214047AD000A006983E0700BC00C20C8001B8217ABC
S214047AE052B84978020C4878020C49B8417852AC2E
S214047AF021AC204A087A067A077A49AC00A059B81D
S214047B0040785AB101D9FC72427857B8407858B1D7
S214047B1001D9FC72427800A000C20C8001B8217A18
S214047B20227A21B8547852B8BC4A24119979127131
S214047B3007B915614CA9617800BB03BC0C641470CA
S214047B4009B919614CA9417801BB126300C4002E1F
S214047B50300000C0FFD1C1FF4FB1013941414FA9E8
S214047B60E44AC8B8081224AB4CB823A80698A8055B
S214047B7000C004900100FFB1867904710848069895
S214047B802E0500C08009004040A809B8FFB108D9F6
S214047B90047103B853A8B11004D80C7156BB607BAB
S214047BA057BA627A607A02D80C7156BB607B59BAAF
S214047BB0627A607A04B86E783DB8607800C0563849
S214047BC0000000C1B08001B814119979087200C091
S214047BD0D604000000C124C000B814119F790472B2
S214047BE008484CA82EB8FFB108D906714AA80470F4
S214047BF04BA80FB834A800C00C5E000046B2014281
S214047C0046AA00C12C4001B8141108610631087157
S214047C1000B90698501106983E14B11101D90E7198
S214047C200698921B02D906720698A00C0698381479
S214047C3051140698920406982A110698641700A010
S214047C4006984E1701D80A711CB85B7807B8757881
S214047C5000B84CA84AA84BA800C0F321FFFF46B1C1
S214047C60013946A904B86F7800A0FABC1964415CCF
S214047C70512C00C0581F00A00410012C067506984D
S214047C8092040698780FB110186005D8327140BA7D
S214047C9006980E1404B86578911004D816711CB8AA
S214047CA06E7800C0684000B82178069878110140C4
S214047CB00A721DB8427806984A1402985E0B1DB8DC
S214047CC0717804B86C7841B8427863784478FFB128
S214047CD004D906720298CA0900C004900100FFB1D4
S214047CE086790471084806982E0500C32C1F00A048
S214047CF000C274C000B82414481300BC48121C4BBD
S214047D001C4A2414481300BC4812084B584A24142E
S214047D10481301BC48124ABA447A427A4BBA447AA7
S214047D20427AFFB086780472617A4CBA647A657ACD
S214047D303DBA607A4DB942B83FBB5B7966796179E2
S214047D40020C6479050C63796079050C62796579AF
S214047D505A7900C2340102B8241305B819603140B8
S214047D60081242B86A78020C4A78020C40BCFFB289
S214047D7008DA06714ABA06704BBA627A657A677A86
S214047D80667A6A79667B0298A40A00C32C1F00A050
S214047D9000C274C000B8241448131C4B1C4A241494
S214047DA048133FBC48121C4A00BC4812084B444ABD
S214047DB02414481301BC48124ABA647A627A4BBA4D
S214047DC0647A627AFFB3867B0472617A4CBA647A08
S214047DD0657A3DBA607A01D94E71647800C17080C4
S214047DE001B800C08000080008110698860B42B847
S214047DF061784DB97F797E796A7868786278020C02
S214047E007B790F0C7A79140C7479417860787579DB
S214047E10050CFFB208DA06714AB804704BB86578E8
S214047E2001BC1664407002D93C710698860B42B8B1
S214047E304DB96878407841787F797E797B790F0CE4
S214047E407A79140CFFB208DA087171794ABA0670A6
S214047E5070794BBA7279657A6A78020C4A78050C9E
S214047E6001BC1664020C417940790C0C00C04C012C
S214047E7002B848100698F20400C4784000B8007CA3
S214047E8000C0A01E00A0041180D93271911104D93B
S214047E902C727F2021200411FD310DDD207200C0DC
S214047EA0448001B80411E521147600C0244001B8CA
S214047EB004118A790871207C104C207C2AB86278D8
S214047EC0511400C0581F00A00410012C17B0011153
S214047ED08768015841280E7605218769415C412D43
S214047EE0112D06700698920442B84DBB7C7B6478CC
S214047EF0020C29B868785114404406750698920412
S214047F0042B844782AB84278FFB101D90C7100C14E
S214047F10548001B8CBB80811911004D8147100C06D
S214047F20A01E00A0041080D8067107B8537800F885
S214047F3007B800C1CC1E00A000C220C001B824129D
S214047F402811777800F8B1109478387106989C0256
S214047F50E4B911591128067600B80C70A0B9115965
S214047F6001290475A0B8826000C3C01F00A03413A2
S214047F70012B341000C3FFFF00FF42B1313911401A
S214047F8042A800A01DB09178FA7142B86478020C39
S214047F9000BA29AA00C4548001B842B84DB900C337
S214047FA0C04001B83413977B047240EC020C44784A
S214047FB05C7953AA0A0C281442B84DB9FFB301DB06
S214047FC02671244C00C3FF0FFF01381454794078FF
S214047FD041785579020C5B795A79140C5F795E798D
S214047FE04A784278347002DB1471527951795079A8
S214047FF0020C5B795A795F795E791E7004DB1A711C
S21404800000C4FF07000000C3342102B848133FBB76
S214048010467B020C5B795A793DBB407B4CBB447B68
S214048020457B00C3301F00A03414403C207100C0C0
S21404803068C000B8481028131C4B1C483414481059
S2140480402813144B44483414481028134AAA4BAA3D
S21404805004B86D781DB851785CB84B784E7800A09B
S21404806000C074C000B80411108800B9181068481D
S2140480700411108801B90B6118102C4804111088DB
S214048080008800C1231C000018104AB864784BB856
S2140480906478260C28B000C1FFFF0FF0113871B9C0
S2140480A00B61114028A828B97379747900C210109E
S2140480B0303045AA54790E0C00C0E84001B80411CB
S2140480C000C23030101045AA0E0C04100088108828
S2140480D00698620D0091009020888F618F60069844
S2140480E0620D0090886A21400112906A035800C10C
S2140480F03F3F00001138FFBC0224412811380142DA
S21404810045AA28B953794AB844784BB844780090BD
S2140481100091181000912C48181000916848181007
S21404812000A09168436091694361115B012B11289B
S21404813041603128315B00BA302806763128204A5F
S2140481404163302806763128104A41633028067683
S2140481503128084A4163302806763128044A4163A8
S214048160302806763128024A416330280476014ACC
S21404817000A0115910D906710860086008D9047166
S214048180086004D90471046002D90471026001D93C
S2140481900471016000A000BA01D806710148112AD2
S2140481A01F61016001D8F6720138F67200A000C2A1
S2140481B020C001B8241211592129127300210E710E
S2140481C000C238C001B824120121212900A002B03F
S2140481D020D8147100C0B01E00A0041002B945795E
S2140481E006987613EA7003B09F78087200B806A85B
S2140481F000F806983E0700C5641F00A05088044D8A
S2140482001CBC00C0B41E00A0811101D91E71407CA4
S214048210009501150C4D5088044DFFBB1863315B67
S21404822004110698EE0D3129F8750698681A541547
S2140482300698921B01D90872069858070670069885
S214048240F4071CBB547B06984E1701D80672029896
S2140482501A0FFFB901211038F67281129B7AF07159
S21404826000C2448001B8241400C0C01E00A004103C
S21404827001130020041040500C7200B90698280F11
S21404828018B90A7018B90698280F00B900B80698E5
S2140482901E0F704A08B806981E0F00C2284000B881
S2140482A014B806981E0F00C2EC4001B80CB8069825
S2140482B01E0F202210B806981E0F108830880698C5
S2140482C05807009300910698280F00C0C41E00A00B
S2140482D00412FFB9012121411810009500F8312835
S2140482E011280410081200A004B831281128F8B187
S2140482F0181000A0069880080E700698C40B0698FE
S214048300800806987212069812079112211900C066
S2140483102C4001B80A78097800F810B901BA069812
S214048320041406982A110698641700C5641F00A052
S21404833081109D78FC7200F8911203321CB900C3B8
S214048340A01E00A0341300C4B04000541DB84278E8
S214048350707903DE067144783A707179A11020D8DA
S21404836006710298541080DB1C7102D8187205B886
S2140483700814A11010300248081400B8081491100C
S214048380086008141DB86278A11000DC06765179DE
S21404839000BA06984E1701D82272911120311D6139
S2140483A0911004D80E7200C1501F00A0141101D9F8
S2140483B00A71208806985011009200C1204000B827
S2140483C001DB1871084C03DE0471904C441400C39E
S2140483D0FF1F0000413BFF233811944900C3384176
S2140483E001B83413086380DB0C7103BA186206986C
S2140483F03C100870186206983C100C4908790979F4
S21404840014102140081100A000BD0698760210B989
S21404841003DC047100B901BA0698041402D9067183
S21404842000404E7203B118610F3106987811FFD8D8
S2140484302872811008D8187106DD0A71069876022B
S21404844003DC0C720698BC1106984A140C7006DD00
S21404845010710698C211487020B804A806DD107280
S214048460069880080698120701F840B804A800F891
S21404847000C0A01E00A00413086301DB2271911043
S2140484800111186111381DB910D808714479029881
S214048490541002DBFA72A11328DBF47203BD0698AB
S2140484A01E11069880081DBA7F7A0698F20400C545
S2140484B0681F00A00698760200BA03DC1672044D04
S2140484C0A11002D804711C4D00C10CC101B8069855
S2140484D0AE045415212D06983E050298AA0891105C
S2140484E0015503355150011900A000C14C1F00A0CE
S2140484F0141001D8427101480860FE200E758110E0
S21404850020D8087100C1501F00A0141101D9287189
S21404851000C02C4001B80412215108610F311861C3
S2140485201152281000C0084001B8041191122151BC
S21404853020311152211900A0811380DB067201B884
S21404854000A000C314C001B8341006302E726C4B61
S21404855034121C4B3410186002302072811080D8FC
S214048560DE713410014A08620460803021508C4861
S2140485700A717F234D233410013000A000BD0698F5
S2140485801E111CB847784578437802B8447800A092
S214048590069880080698BC1100C5741F00A05415E0
S2140485A006983E050298AA08B1138F7B0A7200C388
S2140485B084C40350017B06983E1400C1384101B8B8
S2140485C014118F790E7100C1B84000B800BA06982D
S2140485D03C1050BA06980E1406987811FFD84A71C3
S2140485E0911004D84872811008601CD8407220D9B3
S2140485F038721112FF3221513471802180211114F6
S21404860000C0D81E00A00413FFBA3151113A2151FC
S21404861011531DB938107B7940440E7200B900C25C
S214048620AC1E00A01812067004B8607806983814B9
S21404863000F800B900C2A44000541812644A0AB9EB
S21404864018121CBA507A517A1DB942795F7900A083
S2140486500698760207DC1072911000200A750698B8
S21404866072120298660F0698120701B9911004D880
S214048670047100B910BA0698041400BA00403471A4
S21404868000C0A01E00A00411086101D9127104D90B
S214048690E2728110086001D8DA711DB8647800C1EE
S2140486A01CC101B80698AE0401B81160002A04760D
S2140486B000BA00C5781F00A05415212D0698721222
S2140486C00698580700C57C1F00A000F800BC81115E
S2140486D008D9167280D9207201B910BA0698041403
S2140486E000400E7101BC10700698BC1106984A141E
S2140486F020B804A800F8069872128111023112718B
S21404870000B900C2144000541812244A02B91812C0
S2140487100698BC1100C5801F00A054150698F01AD0
S2140487200298AA080411012114711CBA737A042051
S21404873004122811042004110121F47200A00698E2
S214048740F20401F806984E1701D81671FFB90121F4
S21404875010380E7281109B78087104B9677900F896
S214048760911010D8287100C51CC101B85411069880
S214048770EE0D00C5C81E00A054155129EA7507B8A9
S21404878076781DB8447801B804A800F8B1101860CB
S21404879010D82E7100C05040005400C3084000B8E2
S2140487A03114984C44113411086101D9FA714412F9
S2140487B02810086228100862281008622810E8703A
S2140487C00298B00206989202113804721E6202BB26
S2140487D000C1D81E00A0141120390C72911210DAB0
S2140487E00672417B00A006983E1400C2A01E00A09C
S2140487F0241220DA0472617B1CBA527A00A01CBAD6
S214048800727A811204DAFC7200A01CB86B7800C07D
S214048810684000B82F7800A006984E1701D83A7121
S21404882000C22C4001B8241003609111203101517C
S214048830383111501D6008121DB9457900C24480B4
S21404884001B8241200C0C01E00A004101820002086
S214048850041020500471657910631EB9637900B959
S21404886002EC00CD114502EC00CC01DB087100BB24
S2140488700298D61803B841110731FA211C7606214E
S214048880911210DA087102DD10721E7020B8069874
S214048890B20D3038147208B806987E0400C02C4016
S2140488A000B82978207800F8056020D80671029868
S2140488B00C1602EC00CA05B823DA187104DBDA7168
S2140488C020DAD67110DAD2721EB8617800B801DAEE
S2140488D0067202EC00C8911110D9267100C1B81EA8
S2140488E000A014111150FF300C720761A110115032
S2140488F002300A7180DB0A720AB89E701DB97C7950
S2140489001860911111402111C031114001191EB88F
S214048910411108D90471667820D904726578A110CB
S21404892002D80672C0DA1E711EB8273123DD08721B
S21404893010DB1072607825DD0A7121DD087208DB11
S2140489400471627803B8411107310872A115203505
S214048950AA7102DD2072A11120D9A07102D9167263
S214048960CCDA9872411140D9927206B8054D5A7203
S2140489700298AE1421114049C0D94C71A03141155A
S2140489804035026551410461086308DA1E7204DA50
S21404899036721049A1150235067110DB0E720134C9
S2140489A00A7108DB22711EB86778CC3211101A30AF
S2140489B00ADC0872CCDE0471FD3100C00D0F0C0D0C
S2140489C0216001D85C7207B80298D81400BA411125
S2140489D008D90C7102EC00CA05B830DAEC72073418
S2140489E0F031036101DA0471014900C0F300A3E326
S2140489F0216001D8D27100C09814406821604030CC
S214048A00014440DA0471204C04320262204A1110F8
S214048A1006301F60014218311D6111420298F61497
S214048A20204A00C0051708502160113001422088F2
S214048A30FFBB0DDA507100C1DE1B250180BC04DAD1
S214048A40107208DA0A7200C120841000E024A02400
S214048A5008634143026401DA06711E49024B00C0F2
S214048A60201F00A008633810BC2002DA127101B976
S214048A701159A11380DB087100C100FCFF01181016
S214048A800298621800C4A01E00A0441080D87C710E
S214048A900092D0DA06710DDA0C711EBD437DEFBD6F
S214048AA00698140304620DDA8672A11105D95C7166
S214048AB000C24040005424121424281401D906721B
S214048AC002D9327140D91E7102EC00CA2110183244
S214048AD00471FA2220D804720822FE22087502ECD9
S214048AE000C8F87001D90E7102EC00C802D90672EB
S214048AF004DC187200C0A01E00A004101D6001D87B
S214048B0006711EB8647807B873780298D61800C041
S214048B10A01E00A0041080300A7100C0C41E00A06D
S214048B20041000A006984E1701D82E71911010D884
S214048B3028728110A0D8227203B084781C7200C1F7
S214048B402C4001B814100DBA487A697A6B7A081169
S214048B501CB87B7807B8757800A0641000C6881F18
S214048B6000A0C3B806987C0200C4441F00A014BA30
S214048B70281400B8011AB1108F780A7200C084C491
S214048B800350017891101030011905BA06980E1496
S214048B9002D9067101B804A800C0A01E00A00413E0
S214048BA00698641180DB0671029858141DBA7C7A04
S214048BB001DB6A7100C2241F00A024111114FF34C3
S214048BC002EC00C8FF24FA7608610698C20D046118
S214048BD011380F3004611114011141100698C20DAA
S214048BE001D8087203B80298D8140C4A01DB227123
S214048BF0241011281128041202300471106200C0D7
S214048C00FFFF0000213800C2204000B8FF200812F1
S214048C10411008600698C20D01D87C7120BC103340
S214048C20767100BB00C1201F00A01415C021112CB2
S214048C30511218620F320E71408851140698FA18B1
S214048C4041430094511208651C620F320E714111A3
S214048C5051140698FA181C6441430865513B00C138
S214048C60DC1E00A01411111231100F30127100BA5C
S214048C70056101D80471114201600FD8F4723110F5
S214048C8003601E30047201B8003A087204B80298F1
S214048C90D8140298C41600C0384101B804118F795C
S214048CA014717F20692004110861303110DD0671CB
S214048CB01DBA637A0698120300F830885088FF3489
S214048CC0087102ECFF24F87002EC00CD1410595021
S214048CD001440421FF22F2720F4C0095009300A079
S214048CE000C1A81E00A0141100A030880698421BDC
S214048CF08111086102D906720298061A1CBB557BBC
S214048D00086120D906710298F6190088A110186027
S214048D100698201908211415FC251EBB5C7B5D7B78
S214048D2000C1084001B814110731FE21307608D876
S214048D302A725113FC23341304DB20711863FF33A7
S214048D40315B00C110C000B81411086180490C7171
S214048D50FF31302954751EBB7B7B10707B7B7C7B7C
S214048D6000DD04717D7B01BB3815EC25541300DF50
S214048D705471042505DF5471541521112088069872
S214048D80EE0D009251293E7500C1084001B8141139
S214048D9002DB0C710731315B31292A760C7004DF53
S214048DA00872016180D91E720698201900C010C08E
S214048DB000B80698861B069820191411FFD960720D
S214048DC002984C1A0090009300A05415A111186143
S214048DD010D9A672082508D8A071082510D89A714B
S214048DE0208821110698EE0DFC255412112AF82528
S214048DF054110C2520D80871F0255411102520296B
S214048E0004762159181500920298B81907B9717991
S214048E10811010D80A711CB8447802B841781CB97D
S214048E20747904B9677900F88110A0D808711CB960
S214048E30497900A0086002D8FA71069820191088AB
S214048E4006983E14106210DA087108211415F025ED
S214048E50541100C20020FEFF202912750698921BAA
S214048E6001D90A72069880080698120700941CBB5B
S214048E7041100C200698641341110821141006981A
S214048E8064133128441111120861FF31FF320122A4
S214048E90105210721861181404244413042438144D
S214048EA00C70186121411814082408140298381408
S214048EB04044147100C1AC1E00A0141551131C6369
S214048EC00FDB0C72196506980205411500A000C355
S214048ED0784000B83413807B06720698120706980A
S214048EE03E1408BB51140698B01A4415FC255415B4
S214048EF000C3784000B83413807B047100A0029845
S214048F003E051CB900C3A01E00A03413086308DB8A
S214048F101A718113A0DB06714979107069790863A8
S214048F2002DB087204B9677900F800A081110861B1
S214048F3002D910711CB97579069820191411FF31DD
S214048F4000A0FFB900A0041008211411F421081190
S214048F5000A08111106110310E71069820190821A5
S214048F601411F821141100A0C091040000000000A0
S214048F70988F0400010000000000000000F0490281
S214048F80C091040000000000BC8F04000100000033
S214048F900000000000F04902E08F04004063598F8F
S214048FA0404B4C000B000B001A00FF7FC8670020E4
S214048FB0000000006294040000000000D09004004A
S214048FC04063598F404B4C000B000B001A00FF7F88
S214048FD0C867002000000000609404000000000041
S214048FE0FC1F0103C09304001CC0011000F8070016
S214048FF01CC001301402080050C001008741300430
S21404900024400601070062003870000000000000DB
S214049010000000030068010F40B8244058400101D6
S214049020FC006900804005012363E0119BC34A7479
S214049030F003000003800000BE0A0000E0400101C7
S21404904033000000F0400401590B00006404830759
S2140490508813C83A90200A0028410101001E000027
S2140490603C410B0100148C00141A21282E343B4278
S214049070495043557698BA0C286900000100000050
S2140490800721286414171A002004C869A1203A0985
S2140490903C42010129000000A08002017078030010
S2140490A0D5C00000A8800111F0010000A88001319D
S2140490B00542CB01AC800111F0010000AC80013107
S2140490C005228D00B080010100030002FFFFFFFFB0
S2140490D0FC1F0103109404001CC0011000F80700D4
S2140490E01CC00130F502080050C001008741300C56
S2140490F02440060107C052000000000000000000E3
S21404910000000003000000000000000058400101B9
S2140491106402FF00804005014B01A0089BC34A740B
S214049120F00300000000000000000000E040010121
S21404913033000000F04004010000000064048307CC
S2140491408813C83A9C200A00284101010310000035
S2140491503C410B010000000000000000000000007D
S21404916000000000000000000000000001000000F5
S21404917000000000000000000000000000000000E6
S2140491803C42010100000000A08002017078030048
S214049190D5C00000A8800111F0010000A8800131AC
S2140491A00542CB01AC800111F0010000AC80013116
S2140491B005228D00B080010100030002FFFFFFFFBF
S2140491C00C400200018014007F4000002040020092
S2140491D0000000000000000030400700000000000F
S2140491E00000000000000000000000000000000076
S2140491F000000000A007000050400100000000002E
S2140492005C4002000000000000000000A8400100CE
S21404921007000000B440040000400000FF4C0000BB
S21404922000410000FF4D000008C0010000000000DF
S21404923020C00110FF00000020C0013000430000E1
S21404924024C00400EC80B3034375A80200000000A9
S2140492502E02000054C003000E2D09E6540607082B
S214049260D1B6020064C00800043000004020100696
S214049270C8F248181FE8F600BD4B721511A318056E
S21404928010325476980A000088C0010000000000DE
S2140492900800010104070000180001010000000096
S2140492A020000101088400001C4002011000000098
S2140492B020F913045C400501410800000100000089
S2140492C0B0070800A7000000000000009440070153
S2140492D00101103050707F7F000000000000000085
S2140492E0000000000000000000000000E44001014F
S2140492F000000000EC4001017DA8D98B004102016A
S21404930000612000B75635120C410301F9541200CF
S2140493102030042988BB40002441010100000000DD
S214049320304103016406660C0C010000E853FA00A1
S2140493306841030164048307881382000000000068
S21404934030420301000000000000000E0000000090
S21404935044420101000000001080010103000000E7
S21404936038800201114910000100000088800101C4
S214049370000000009C800101EB400200B480010163
S2140493803700000188000202000C00044C000000B4
S2140493909400010200040000D00002020E00000047
S2140493A090029608E40001023D094204F40001021A
S2140493B0000000001801010260005102FFFFFFFFD9
S2140493C01200000066666600000000007494040044
S2140493D06494040000000000001A9A00005A620216
S2140493E080841E000420FE00114950020000000084
S2140493F00000000000000000000000000000000064
S214049400B1841E0000000000000000000000000000
S21404941012000000666666000000000074940400F3
S21404942064940400000C0000001A9A00005A6202B9
S21404943080841E0004200000114950020000000031
S2140494400000000000000000000000000000000013
S214049450B1841E00000000000000000000000000B0
S21404946005040000E1190000E119000000000000F6
S21404947000000000193F0106041001000001010667
S2140494800010270000090000000000000000000093
S21404949041CD0100F1CC0100FDCC0100EDCD010071
S2140494A05F5C0300F9610300FD61030001620300D1
S2140494B005620300096203000001030464EE010070
S2140494C01000000024E101001A00000079EB0100FE
S2140494D01100000075E401001100000063E51100AE
S2140494E00400000023E111000400000025E101004F
S2140494F00800000026E101000A00000027E1010040
S2140495000200000000000000000000006D96040049
S21404951067960400000000006E96040027590400B5
S2140495200000000021590400235904000000000034
S214049530255904004596040073960400285904002F
S2140495402259040000000000265904006095040017
S2140495501F59040020590400245904001E5904000D
S214049560000203040508090A0B0001020304051D92
S2140495702000B40108020200AA00FFFFFFFFFFFF5D
S214049580FFFFFFFF677F0300592A0200D55502003C
S21404959025F30200E5580200CD680300CF680300F7
S2140495A0D1680300D3680300E5B902008192020083
S2140495B0C5D30200D1EC0200F5460200C7680300DA
S2140495C021950200C9680300F93A0200CB6803003B
S2140495D0C7510300ED3F02003D27030000000000D2
S2140495E0001300000000000000000000010000005E
S2140495F0AD98020002000000C579030003000000D5
S21404960005980200040000003F79030005000000EE
S214049610A597020000000000000000000023001BC5
S2140496202200FF00000000000C09020200000000F7
S2140496301C1A0B0303FF06080402020204020A0BA8
S214049640030302030480FF0204FF01010101080072
S214049650000000000000005A6967426565416C6CB2
S21404966069616E6365303980008F8E8C80808006D9
S208049670080C108049
S20C04967468B6FB7F010000004C
S21004967C88960400B8630020CA010000B1
S2140496880000000000000000FFFF000001000000CA
S21404969800000000000000000000000000000000B9
S2140496A800000000000000000000000000000000A9
S2140496B80000000000000000000000000000000099
S2140496C80000000000000000000000000000000089
S2140496D80000000000000000000000000000000079
S2140496E80000000000000000000000000000000069
S2140496F80000000000000000000000000000000059
S2140497080000000000000000000000000000000048
S2140497180000000000000000000000000000000038
S2140497280000000000000000000000000000000028
S2140497380000000000000000000000000000000018
S2140497480000000000000000000000000000000008
S21404975800000000000000000000000000000000F8
S21404976800000000000000000000000000000000E8
S21404977800000000000000000000000000000000D8
S2140497880000000000000000000100000000F001D6
S214049798080000000810002001002301040000004F
S2140497A810100020060030010100000014100020EC
S2140497B8FFFFFFFFC0EA2101C0EA21010080000084
S2140497C800F049020065002000600B0000800000DD
S2140497D800350020C8000000FE000000000000005D
S2140497E85C4A040018100020FFFFFFFF104E040018
S2140497F833000000A9F30000330000007F2B0300A9
S214049808A4C60300A8C60300B5C60300C2C6030060
S214049818CFC60300DCC60300EFC6030001C7030077
S2140498280EC703001BC7030028C703003DC7030071
S21404983850C7030062C7030077C7030086C7030040
S21404984897C70300A6C70300B6C70300C2C703002A
S214049858CFC70300DFC70300F1C7030000C803002F
S2140498680FC8030018C803002DC8030042C8030025
S21404987857C8030077C8030085C80300A4C80300B4
S214049888BFC80300D2C80300DFC80300F4C8030037
S21404989803C9030012C9030024C9030036C9030018
S2140498A849C903005CC9030072C90300000000002C
S2140498B80F000000A9CB0300C0CB0300FF00000084
S2140498C80000000000000000000000000000000087
S2140498D80000000000000000000000000030E7045C
S2140498E800C818031DD4030022D403004FD4030071
S2140498F87AD40300A8D40300D6D4030005D50300FD
S21404990832D5030062D5030092D50300E2D50300DE
S214049918FFFFFFFF00F80300FFFFFFFF000004003F
S21404992800000400005C26056466002006000000AB
S21404993894700400000000000100190001000000F3
S214049948E84000200100190001000000E84000205B
S2140499580100190001000000E84000200100190079
S21404996801000000E8400020010019000100000082
S214049978E84000200100190001000000E84000202B
S2140499880100190001000000E84000200100190049
S21404999801000000E8400020010019000100000052
S2140499A8E84000200100190001000000E8400020FB
S2140499B80100190001000000E84000200100190019
S2140499C801000000E8400020F444002000000000E5
S2140499D80000000090590400104C0020186700206E
S2140499E8D04E0020F44704000600000000000000E3
S2140499F80000000000000000F47004000C7104006D
S214049A08FF47040029FF0300FE0000004867002003
S214049A1800000000E04E0020484F0020B04F002011
S214049A280000000000000000000000000000000025
S214049A380000000000000000000000000000000015
S214049A480000000000000000000000000000000005
S214049A58000000000000000000000000F1570300AA
S214049A68E0720400FFFFFFFF355B0300315B030071
S214049A78FFFFFFFF395B0300FFFFFFFF6DF80100E0
S214049A88FFFFFFFFFFFFFFFFFFFFFFFFFFFFFFFFD5
S214049A98FFFFFFFFFFFFFFFF0000000020A10700F5
S214049AA800000000A1980300000000000000000069
S214049AB80000000000000000000000000000000095
S214049AC80000000000000000F05400206920020096
S214049AD8DD39020029FF0300000000000000000032
S214049AE80000000000000000F054002001270200D7
S214049AF80000000029FF030000000000000000002A
S214049B080000000000000000F05400202931020084
S214049B18DD39020029FF03000000000000000000F1
S214049B280000000000000000EC480400F054002088
S214049B38814B02000000000029FF0300000000001B
S214049B48000000000000000000000000F0540020A0
S214049B58855402000000000029FF030000000000EE
S214049B68000000000000000000000000F054002080
S214049B78E16402000000000029FF03000000000062
S214049B88000000000000000000000000B80B000001
S214049B98F0540020C16802000000000029FF0300FA
S214049BA800000000000000000000000000000000A4
S214049BB8F0540020A17102000000000029FF0300F1
S214049BC80000000000000000000000000000000084
S214049BD8F0540020117302000000000029FF03005F
S214049BE80000000000000000000000000000000064
S214049BF8F0540020016F03000000000029FF030052
S214049C080000000000000000000000000000000043
S214049C18F0540020597602000000000029FF0300D3
S214049C280000000000000000000000000000000023
S214049C38F0540020FD7A02000000000029FF03000B
S214049C480000000000000000000000000000000003
S214049C58F0540020C97B03000000000029FF03001D
S214049C6800000000000000000000000000000000E3
S214049C78F054002075D302000000000029FF0300FA
S214049C8800000000000000000000000000000000C3
S214049C9811810300F054002041ED0200DD39020072
S214049CA829FF030000000000000000000000000078
S214049CB800000000F0540020B1F302000000000089
S214049CC829FF030000000000000000000000000058
S214049CD800000000FFFFD007B80B0000FFFFFFFFDF
S214049CE8CEFAEFBEFFFFFDFFFDFF0C002C01001EA1
S214049CF82C0140068000FFFF04F8FFFF0C0000005C
S214049D08000000004000FDFF2C019C000000FFFF3F
S214049D18FDFFFFFFFFFF60EA8000800010C1CDABA7
S214049D280A013201FFFFFFFFFFFFFFFFFFFFFFFFF0
S214049D38FFFFFFFFFFFFFFFFFFFFFFFFFFFFFFFF22
S214049D48FFFFFFFF01FF05FFFFFF0101FFFF020101
S214049D58FFFF640250FF0F0208031E050216010ADD
S214049D680C052007051001010F080101010104FF75
S214049D78030101FF0C01FF405AB47F015040300034
S214049D88FFFFFF0B03FF050B01030105020201FF9A
S214049D98FFFFFFFFFFFFFF010102FFFFFF010000B7
S20C049DA8BD4C0000954C0000C0
S804007CCDB2
