S01B00006275696C642F72656C656173652F7A69676265652E73333714
S214006000081000203D9A00005DE20000856A03004B
S214006010856A030065E200006DE20000856A030001
S214006020856A0300856A0300856A0300856A0300A3
S21400603071E200002CAE0400856A0300856A030046
S214006040856A0300856A0300856A03000D950000D3
S214006050856A0300856A0300856A0300856A030073
S214006060856A0300856A0300856A0300856A030063
S214006070DDE70000856A0300856A0300856A030081
S214006080856A0300856A0300856A0300856A030043
S214006090856A0300856A0300856A0300856A030033
S2140060A0856A0300099E0000E99D0000856A0300DA
S2140060B0856A0300B5260200856A030019310200CE
S2140060C085C3030081C30300F52802009BC30300B9
S2140060D089C30300E93002008DC303005931020072
S2140060E0C5370200C1140200C5310200856A0300EC
S2140060F0856A0300856A0300856A0300856A0300D3
S214006100856A0300856A0300856A0300856A0300C2
S214006110856A0300856A0300856A0300856A0300B2
S214006120856A0300856A0300856A0300856A0300A2
S214006130856A0300856A0300856A0300856A030092
S21400614082B030BF074BD3F8F030DB0704D500230E
S2140061500193019B052B01DD02B07047019B0133C3
S214006160F6E700BF00ED00E0F0B5114A114C124E04
S21400617000F00105E3695F0713D40DB9334213D16C
S21400618003EA00078F4207D10B4A1A40002A14BFC1
S2140061906FF001000020F0BD013AEBD16FF0020075
S2140061A0F9E74FF0FF30F6E76FF00100F3E700BFC6
S2140061B08096980000000350020001000B4B70B55B
S2140061C0D96911F480310DD101244FF48072084E44
S2140061D0084DF46020462C641A61FFF7C5FF34644E
S2140061E0EC6070BD6FF00100FBE700BF00000350DD
S2140061F000100350002003504FF4003238B50F4B08
S2140062000F4C9A6641F671330122E569E3630D4B44
S2140062100021DA60022360612120236105F48035C5
S214006220FFF7A2FF10B92120FFF79EFF0122064BC1
S214006230DA600DB10023E36338BD00BF0090005064
S21400624000000350001003500020035070B5134C9C
S2140062506061E3695B071ED40E4656F8043B8D1852
S214006260A361AE420BD10423002121202361FFF756
S2140062707BFF58B9BDE870402120FFF775BF0821A5
S2140062800846FFF771FF10B10423236170BD56F86E
S214006290043BA361E5E74FF0FF30F7E7000003504B
S2140062A02DE9F84315464FF40032184B89469A6696
S2140062B041F6713203F51C33DF69DA6301220646C4
S2140062C003F58053DFF84C8007F48037DA6055B961
S2140062D0284601220E4BDA601FB10022A3F50053B8
S2140062E0DA63BDE8F88306F5005404EA0804A41B44
S2140062F0AC4228BF2C46494622463046FFF7A6FF4A
S2140063000028E6D12644A1442D1BE0E7009000506B
S20C0063100020035000E0FFFF2F
S2140063182DE9F04F4FF0FD0BC9B09A460DF11B0959
S2140063289DF8503108AFCDF80C90CDF808B001971D
S214006338059303890446009383790E469046418860
S2140063488288407811F0F6FE054650B10090A38882
S214006358002062883A4912F031FA284649B0BDE86A
S214006368F08F99F8000033F0E3FA38B12846A3888E
S2140063786288344912F022FA8D25EEE75A463946E5
S21400638899F8000033F07CFA8346002851D0529BD7
S2140063981BB1BDF84C3198424BD8002399F80090B1
S2140063A80793A9F14102012A5FFA8BF123D83846F0
S2140063B80139254ADFF898C05FFA81FE734513DB7A
S2140063C8059B04210792C3B907AF18221F489FED03
S2140063D81A7B02FB060420460A460830394684ED36
S2140063E8027B17F06DF811E010F8011F01335140D9
S2140063F80CFB01F2E2E7059B33B123464A463846D2
S21400640800960FF0BFFDA8E70829DED9B8F1000FFF
S21400641801D088F80090BAF1000F01D0AAF800B0B1
S214006428529B002B99D05A46184608A917F048F8E8
S21400643893E7012591E700BF000000000000000078
S214006448B7570400EC570400C59D1C818010002037
S21400645893010001000000002DE9F04F93B0CDE94C
S2140064680A32DDE91C530E9353EC102BCDE90801D4
S214006478104619468DED060B1E9E16F0ABFA80B137
S214006488DDE906014FF0FF32C54B16F0CBFA40B9EE
S214006498DDE906014FF0FF326FF4801316F0A4FA18
S2140064A870B1DDE908019DED060B0E9B1E96CDE941
S2140064B81C53DDE90A3213B0BDE8F04F00F088B986
S2140064C80022DDE90601002316F08EFA002800F007
S2140064D83381DDE906A303F1004BCBF30A5016F42B
S2140064E88063A0F2FF3008BF06250F9315F0A0FFC3
S2140064F89BA3D3E9002316F005F89BA3D3E9002352
S21400650815F04AFECBF31304894644F07F518046C3
S2140065180022A44B504641F4401115F03BFE94A3CC
S214006528D3E9002315F0EEFF02460B4640464946DF
S21400653815F032FE16F080FA044615F079FF8EA3A1
S214006548D3E900238046894615F0DCFF0022964BE7
S21400655815F022FE16F070FA89A3D3E90023074641
S2140065684946404615F0CEFF80463846894615F01F
S2140065785FFF85A3D3E9002315F0C4FF02460B4648
S2140065884046494615F006FE02460B46CDE90C2362
S21400659815F0B8FFDDE90C238046894610461946F3
S2140065A815F0FAFD0022CDE91001804B4046494619
S2140065B816F0D2F800227E4B15F0EEFD02460B468A
S2140065C84046494616F0C8F800227A4B15F0E4FD16
S2140065D802460B464046494616F0BEF8DDE90C234F
S2140065E88046894600204FF0804115F0D3FD0246CC
S2140065F80B464046494615F0CFFD02460B46DDE9F8
S214006608100116F0A9F807F2FF3700226A4B15F0BA
S214006618C3FD00223B0515F075FF52465B468046D3
S214006628894616F0FFF9002840F08980CDE90C89E4
S21400663804F16303C62B8CBF0527042731051BD539
S21400664853A3D3E900235046594616F0E1F900282B
S2140066587FD051A3D3E900235046594616F0C4F913
S214006668002876D00027A542C6BF2C1B04F1FF35AC
S21400667800253C4646F480660E9B9F422CBF4FF092
S2140066880008A3EB070816F0020903D0002F18BF6E
S2140066984FF000083CB1DDE90C235046594616F089
S2140066A85BF882468B46DDE906010022002316F0D9
S2140066B89BF910B10BF100439B46DDE9080126F46F
S2140066C80063CDE90183DDE90A324BEC10AB009597
S2140066D800F07EF802465FB3DDE9091316F0200FD6
S2140066E800F10105089E0CBF65204520B047DDE98E
S2140066F808010523002205930A23002CCDE902325F
S21400670807F1FF374FEAD473B8BF64422A460193AD
S21400671804970A9B009435F079F80246B9F1000F01
S21400672806D00B9BC41A0B9B1A190E9BA34245D87E
S214006738104613B0BDE8F08FDDE906ABCDE60022C3
S214006748404649461A4B16F007F8013CCDE90C01BD
S2140067586EE7002D90D00F9B002B8DD0013D8BE768
S214006768FB799F501344D33FB3C8608B288AC63F33
S21400677861436F63A787D23F71A379094F930A4095
S2140067881655B5BBB16B0240EF39FAFE422EE63F0E
S2140067982D431CEBE2361A3F0000000080842E4191
S2140067A8FFFFEF7F0000F83F0000E03F00002C40AE
S2140067B800002440000018400000F03F2020DDE9DB
S2140067C80913089DA8470134ADE700BF0000000084
S2140067D82DE9F04F5BEC10AB97B0CDE90501DDE98C
S2140067E82058CDE90723504652465B465946229F15
S2140067F816F0F0F870B90323CDE902870193AA4B87
S2140068080093DDE90501DDE9072334F031FF17B011
S214006818BDE8F08F4FF0FF326FF4801350465946AC
S21400682816F0E2F828B10423CDE9028701939F4BBE
S214006838E6E74FF0FF32504659469D4B16F0F2F801
S21400684868B19C4A07F00403002B08BF03229A4B42
S2140068581CBF13460422CDE902870192D0E75046B2
S2140068688DA3D3E90023594616F0DCF838B98CA373
S214006878D3E900235046594616F0B6F868B1DDE964
S2140068880723DDE905014BEC10ABCDE92187209500
S21400689817B0BDE8F04FFFF7DFBD002200235046D3
S2140068A8594616F0A1F8002800F091805B4652463B
S2140068B80020002115F06EFC012382468B460993C2
S2140068C817F4806400F08580092D40F28580002446
S2140068D830210EABA5F109020134202C03F8011B68
S2140068E8A5EB040901D09442F6D15946504616F055
S2140068F8A3F8724B054603EBC90393ED007B8DEDB9
S2140069080A7B15F095FD02460B465046594615F08B
S21400691841FCDDE90A2315F0F5FD02460B46CDE9F4
S2140069280C2316F0B1F8064615F072FD02460B4623
S214006938DDE90C0115F02EFC02460B46CDE90C23CA
S21400694800225F4B16F06EF8002848D00136304615
S21400695815F05EFD02460B46DDE90A0116F04EF814
S21400696808B100260135B9F1000F45D1284615F0C3
S2140069785FFD02460B465046594615F00BFC0022B2
S2140069884F4B16F031F810B9E90700D501350A2142
S2140069980EAB1A19202C0AD095FBF1F001FB105506
S2140069A8303502F8015B013405460028F2D107F0BD
S2140069B80302012A55D1B8F1000F52D0099A12B92C
S2140069C817F00C0F01D008F1FF38302240E009908C
S2140069D876E74FF0060988E7A946002485E70022EF
S2140069E8DDE90C01364B15F0FFFF0028BBD10EB1D0
S2140069F8F007B8D50136B6E70A210EAB1A19202CCF
S214006A080DD0B6FBF1F001FB1063092E03F130033D
S214006A1809F1FF3904F1010402F8013B11D83021CD
S214006A28A1440EAA202CB2D04C4504F101030AD189
S214006A3804F158020DEB02042E2204F8202C1C4602
S214006A48A5E70646DBE7A1541C46EBE71A550134D2
S214006A58444506D2202CF9D1CDE9028701940EAB25
S214006A68CEE6202CF8D0099B3BB12D2204F1580322
S214006A786B4403F8202C0134EEE77A0704D504F1BA
S214006A8858032B226B44F4E73B07E5D504F158037B
S214006A9820226B44EDE700BF0000000065CDCD4125
S214006AA80000000065CDCDC1A6750400AA750400D7
S214006AB8FFFFEF7F9D750400A275040028BD040043
S214006AC80000E03F0000000070B58EB02C220021C8
S214006AD803A816F065FB64234FF002320893CDE94D
S214006AE805230B2301218DF834305B4B8DF81010ED
S214006AF81D880D4040F0A980084639F05BF90A2247
S214006B08564B574C1A704FF42873ADF812304FF0A6
S214006B18FF332360534B54491B8820460B82534B44
S214006B28534A1B68CD828B61524B0D621B884B8281
S214006B38514B1B68CB611CF00DFC20B14FF41B7148
S214006B484E483AF00AFA0521206835F0BDFC20B117
S214006B5840F27D2149483AF000FA206815F0D6FA46
S214006B68474B2068196835F029F80C2539F08AFD56
S214006B786843099039F086FD68430DEB05010790D8
S214006B88206816F0A9FF20B140F295213B483AF05C
S214006B98E4F925681FF07AF900220146284635F000
S214006BA885F820B140F2972134483AF0D6F940F2F9
S214006BB80353344D344E2B80052396F90000AB70F2
S214006BC87F2801D11CF0AEFE3378EB7039F05AFD01
S214006BD800EB80008000A88039F054FD0023C00038
S214006BE84FF0FF31E880AB604FF0FF3018A3D3E9D1
S214006BF8002339F031FA2549206835F010F8206866
S214006C0802A935F008FD20B14FF434711B483AF05C
S214006C18A4F9042220680DEB020134F0A4FF04282E
S214006C2804D040F2D72115483AF097F901A9012077
S214006C3834F06FFB07F052FB01201DF005FB30F027
S214006C480BFD1DF02BFB1CF005FE0EB070BD00BF43
S214006C580A0020FF42030000B25B00200F630020FA
S214006C68E45300204CD604000C6A002054D60400D6
S214006C78E5FD03004AD6040050D60400D5AC04004F
S214006C8854670020D8530020286D002059FE0300C2
S214006C980348044B834202D0034B03B1184770479E
S214006CA85C6D00205C6D002000000000064B074964
S214006CB8C91A891048BF0131491003D0044B0BB1DB
S214006CC801481847704700BF5C6D00205C6D0020C7
S214006CD80000000010B5064C237843B9FFF7D8FF2C
S214006CE8044B13B10448AFF300800123237010BD92
S214006CF870160020000000008C11050008B5044B33
S214006D081BB104490448AFF30080BDE80840CDE74E
S214006D1800000000741600208C110500A3F5803AC8
S214006D28704700BF154B002B08BF114B9D46FFF759
S214006D38F5FF00218B460F461148124A121A16F024
S214006D482FFA0C4B002B00D098470B4B002B00D08B
S214006D5898470020002104000D000B4816F066FD39
S214006D6816F0F6F9200029002FF0CEFB16F04CFDA1
S214006D7800000800000000000000000008100020C6
S214006D8808100020746300209DD8010007B5012173
S214006D9820200DF1070201F029F850B1012120202A
S214006DA80DF107028DF8071001F030F803B05DF812
S214006DB804FB9DF807100129F8D00122084815F0B1
S214006DC8D1F801210DF1070220208DF8071001F0F7
S214006DD81DF82FF01BFB4FF4FA6000F04FFEE5E7B6
S214006DE8B013040038B501F099F9012805D001F070
S214006DF895F9022801D001F0B7F9064D2B783BB972
S214006E0801F08CF90128044602D12FF074FB2C708F
S214006E1838BD00BF9E5C002010B5044600882FF0E1
S214006E28C9FAA37884F84400834202BF0123E370BA
S214006E382371074B04F11C00C4E9073401F02CF851
S214006E48224620880349BDE8104000F069BF00BF0D
S214006E58536103001D61030070B5C37804460D46F0
S214006E681646002B34D1D1B1214815F07BF8012302
S214006E78E370E36CA6600BB1E06D9847E368F61A1A
S214006E8863699E4221D2217E1A480131C9B2217611
S214006E9815F068F8A36D13B1217EE06D9847E5708C
S214006EA82FF0C7FA15B3237903BBA268238A801A82
S214006EB883421BD801231048237115F053F8236D1D
S214006EC8A3B1E06DBDE87040184701232376E6E7D6
S214006ED80029E4D1094815F045F8636DE660E570C9
S214006EE82571002BDBD0E06D9847D8E770BD00BF52
S214006EF8D8130400E913040017140400041404004B
S214006F0870B51E46838804460D46C18002810BB1C3
S214006F18868070BD817800882FF038F90123E370E9
S214006F28064BA680C4E903340C34204600F0B4FFB0
S214006F3829462046BDE870402FF072BA9F610300CC
S214006F4810B501790446B1FA81F1008849092FF095
S214006F5894F921796088B1FA81F149092FF08DF901
S214006F68034B1A68A24204BF00221A6010BD00BF75
S214006F788C16002070B543790446A3B100880E4EDF
S214006F8804F10805336813B10C4B1B786BB12179F3
S214006F982FF073F964210A4B3460A3602846BDE8D5
S214006FA870402FF03DBA4088E9E7064814F0DAFF4B
S214006FB8054B3221A360F1E78C1600209F5C002069
S214006FC8496F00002D1404007D6F000010B50446BC
S214006FD8E0B10F4814F0C6FF01236371A37953B9D3
S214006FE8217920882FF049F9236B7BB1606B01214A
S214006FF8BDE8104018472046FFF7A2FF04F1080036
S2140070082FF013FA2046FFF7B5FFEDE710BD00BFD7
S2140070186314040010B50446F8B1104814F0A2FF33
S21400702800236371A3796BB921792088B1FA81F1BD
S21400703849092FF022F9236B7BB1606B0021BDE86C
S214007048104018472046FFF77BFF04F108002FF092
S214007058ECF92046FFF78EFFEDE710BD6E1404002E
S21400706810B5044668B1074814F07CFF63792046DB
S2140070781BB1BDE81040FFF7CDBFBDE81040FFF7D5
S214007088A5BF10BD7A14040010B50E4C0E48214654
S21400709814F068FF82210D4814F064FF8221022054
S2140070A8A21E00F0B3FE014630B134F8022C0848A0
S2140070B8BDE8104014F056BF0648BDE8104014F06E
S2140070C851BF00BF3655002089140400A4140400DC
S2140070D8AF140400F314040038B5114C822122467C
S2140070E8022000F083FEA51C014688B122880D48C0
S2140070F814F038FF2A460C4B03F12C0153F8040B06
S2140071088B4242F8040BF9D11B7813702C2323808A
S21400711835F8021C054A0648BDE8384014F022BF78
S21400712834550020FE1404007E1504003655002051
S2140071385C150400034B1B781BB18B4201D82FF05B
S21400714865B97047CA6C002010B5044601460E485B
S21400715814F008FF012C11D10C4B0D481A884FF675
S214007168FF739A421EBF0022094B5A742FF06BF821
S21400717801F0A2FDBDE8104001F074BC0448BDE86B
S21400718810402FF062B800BFAB1504007C6C0020DE
S214007198E066002070B500241A4D1B4E3378A342D3
S2140071A81BDC0024194D1A4E3378A3421BDC00243E
S2140071B8184D194E3378A3421BDC00F0AFFF0128A8
S2140071C816481CD12FF03FF801F076FD01F04AFC76
S2140071D8BDE87040124800F0C1BF2846FFF71CFE05
S2140071E801346035DAE728462FF013F801343435D1
S2140071F8DAE728462FF046F801343835DAE72FF074
S21400720824F8E5E7C0210020A55C0020E025002042
S214007218A65C0020901F0020A45C0020E0660020EA
S214007228517100002DE9F04F87B0FFF755FFB34BBB
S21400723805A805932FF04AF8054615F0ADFEB04CA4
S214007248C2B21F2A627004D9AE4814F08BFE00F052
S21400725809FC2946A01C16F033F905A82FF036F8C5
S214007268054615F099FEC2B21F2A84F8212001D9D6
S214007278A548EAE7294604F1220016F021F905A8F0
S2140072882FF024F83226044600272578002D40F0F3
S21400729892809E4CFFF77EFF2378DFF8ACA2DFF8DB
S2140072A8AC829B4E00939AF8003098F8002031780C
S2140072B8984814F057FE327898F800109AF80000AC
S2140072C853180344944F20782C4603443846DBB2C0
S2140072D8AA4200F3D782012B38BF0123DFF840B259
S2140072E802935A4600235D464FF482714FF6FF74A8
S2140072F802980133834213705180948002F10C0285
S214007308F6DB864B86497E48AB6000F0E3FFE879FB
S214007318AB6800EB400003EB800000F0B1FDEB79B2
S2140073280133EB717F4B1B88A34203D07C497E4810
S21400733801F0D2F84FF00009784C32784A4500F34D
S214007348CB8200274FF00C09784ADFF8D4B198F8BA
S21400735800003178B84200F3D48247180C21002583
S21400736801FB07B19AF800009423A842704A00F37C
S214007378E6820C2598F8003000274FF0700836781B
S214007388DFF8CCA11E44064405FB06B55F4B1B7808
S214007398BB4200F3E7820299614800F0FFFD059BB7
S2140073A856491A468B4240F0F082624807B0BDE85C
S2140073B8F04F14F0D7BD532D0FD163784C2B40F007
S2140073C84781A378502B40F0438101225A4B1A700C
S2140073D805A82EF07BFF044657E7442D13D16378A3
S2140073E8303B092BF4D8601C2EF07DFF534B544AD3
S2140073F81978002386B2994202F16002E8DD22F885
S214007408466C0133F7E7422D0BD16378542B55D1E0
S214007418A01C00F0D3FC434B188018462EF057FEED
S214007428D6E7582D34D8412DD2D9433D152DCFD87F
S21400743801A353F825F000BFFB770000D9730000BE
S214007448D9730000D9730000D9730000D9730000FF
S214007458AB750000D9730000D97300005D75000095
S214007468AB740000D9730000D9730000D97300000C
S214007478D9730000DD76000059760000D973000045
S214007488D9730000D9730000D97300005377000041
S214007498692D9DD1601C2EF026FF80B22EF0B2FF1B
S2140074A896E71B4B0120197800231B4A994202F1E4
S2140074B8A8028DDD02F8A60C0133F7E7601C00F081
S2140074C87DFC0546E01C2EF086FF01210246284674
S2140074D82EF03DFF60211948194C0378594362186D
S2140074E865524FF4FA6111824FF44871516115499B
S2140074F856831165013303706AE700BF36550020CE
S214007508F4650020CA150400E1150400A05C0020FC
S214007518A35C0020F1150400E41C00205817002086
S214007528E01600207C6C002090160020E41B00204B
S214007538281A0020411604009F5C0020A55C002045
S214007548C0210020BF620300A15C0020A25C0020CE
S214007558D8180020601C00F031FC00224FF03408D8
S2140075688146CD4F11462EF0F2FE3878CB4D08FBFB
S21400757800F325F80390EA18E3781046693B18BF2D
S214007588012393702EF045FE0021C54A3B785160D2
S214007598012103FB08550B443B7015600F46117418
S2140075A816E7601C00F00AFC0022114681462EF001
S2140075B8CEFE3422B84DDFF8E482287802FB00F3CA
S2140075C828F8039008EB0301E3780846693B18BFE0
S2140075D801238B702EF01DFEB24A00231046916BD5
S2140075E831BB00EB831034232A7802FB03838363C2
S2140075F8AD4A00231046D2F8A410F9B9A82202FB17
S214007608030034232A7802FB0383C0F8A4305FB94A
S214007618A34A3B46114652F8040BA8B934222878E8
S21400762800FB028241F823202B7801332B70CFE62B
S2140076380133042B02F14002D1D1D9E70133042BE0
S21400764802F1A802D7D1E2E70133042BE3D1EBE736
S214007658601C00F0B3FB8046E01C2EF0BCFE012147
S214007668024640462EF073FE60219048904D027800
S214007678DFF858C251436B1825F801804FF448715B
S214007688198259618B495E839965E178A824642933
S21400769804BF012199709CF80030DFF80CE25C43C7
S2140076A80EEB04010EF804304FF400744C800324EB
S2140076B80C718C7102EB420405EB4415322401333D
S2140076C8DBB201324B718D6081F8A04002708CF8F5
S2140076D800307DE6601C00F071FB00224FF0380A8F
S2140076E88146DFF8E08111462EF031FE98F800302A
S2140076F8714D0AFB03F325F803904FF00109EA18C9
S21400770882F80490E37873B1E01C00F057FB00227F
S214007718044611462EF01BFE98F800300AFB035369
S2140077285C8083F8069065485E4A0378990153544E
S21400773898F8001002EB8314C1EBC10205EBC205F2
S2140077484A1C656388F80020D4E6601C00F036FB07
S2140077588046E01C00F032FB0546601D2EF03BFE1E
S21400776804460246012140462EF0F1FD22462846F0
S21400777801212EF0ECFD60204FF4487CDFF82CE168
S2140077884B4A9EF8003000FB03F422F80480DFF82A
S21400779824811119A1F810C0C1F814C04E83C1F88D
S2140077A85880591CC9B248431418A4F810C0C4F825
S2140077B814C06683C4F8588094241552404D981C0B
S2140077C88EF800002878DFF808C1444303EB43032B
S2140077D801EB41010CEB040E02EB431302EB4112E2
S2140077E80CF80400CEF80430CEF8082001302870D3
S2140077F8EEE5601C00F0E2FA8046E01C00F0DEFAD7
S21400780800220546114640462EF0A1FD00223824E7
S214007818114628462EF09BFD2A48274A03784FF043
S214007828000E04FB03FC22F80C804FF0010802EB64
S2140078380C0181F806E081F8048003EB0801C9B260
S2140078484C4302EB040C15539C1C047070241E4D0C
S2140078588CF806E028788CF804804443DFF874C077
S214007868C3EBC303C1EBC1010CEB040E02EBC3036D
S21400787802EBC1020CF80400CEF80430CEF808205B
S2140078884044B4E790F805C001358C4584BF0471C0
S2140078984471A8301CE500BFA65C0020E025002047
S2140078A8E0660020E41B0020E41C0020A55C002005
S2140078B8C02100203D710000901F0020A25C00201F
S2140078C8A15C0020A45C0020A05C0020A35C002033
S2140078D8281A0020D8180020B9F1000F07D01BF886
S2140078E8052C02EB420204EB8204CBF8084059460A
S2140078F8384601F0B5FB09F10109A8370BF10C0B66
S2140079081BE579180AD0481E09FB00B0C07900EBC1
S214007918400004EB800409FB01B08460104609FBB4
S2140079280151039201F05AF931781C48394409FB91
S214007938015101F07DF8039A0137403207E5FD4210
S21400794818BF11F8050C03911EBF00EB400004EBAE
S21400795880048C6003FB052000F082FF0399013544
S2140079680C31FFE4F74218BF15F8053C29461CBF42
S21400797803EB430304EB830408FB07A018BFAC60C3
S21400798800F044FE01370C3500E513F8011D002908
S2140079987FF406AD3B2102F8011C01E5841F002098
S2140079A807B5012121200DF1070200F01FFA18B9CA
S2140079B89DF80720024B1A7003B05DF804FB00BF61
S2140079C8CA6C002007B5064B8DF807001870012111
S2140079D80DF10702212000F019FA03B05DF804FB48
S2140079E8CA6C002007B5022101200DF1060200F03E
S2140079F8FDF938B9044814F0B5FABDF8060003B026
S214007A085DF804FB0020FAE75E16040007B50221BD
S214007A18ADF806000DF10602012000F0F7F9014660
S214007A2810B1034814F09EFA03B05DF804FB00BFDB
S214007A387F16040010B5FFF7D5FF04460146074831
S214007A4814F090FA0121064814F08CFA24B9BDE81F
S214007A5810400120FFF7DABF10BD00BFAF160400C4
S214007A68C116040008B5044814F07CFA00F0DEF9E4
S214007A782EF0CCFC2EF0C7FCD716040038B504460A
S214007A88084D094B28462B6000F006FA002C18BF54
S214007A9821462846BDE8384008BF4FF496712EF0B8
S214007AA8BFBC00BFE42600200D6303002DE9F043A9
S214007AB8394D93B008AC0746894690460FCD0FC49B
S214007AC80FCD00260FC495E803000323012584E89C
S214007AD80300324C3248CDE90366CDE905668DF8D9
S214007AE80E300796029539F0D2F92E4839F0CFF9BC
S214007AF832462D4920468DF8176004F051FE33466D
S214007B0832462A498DF81900009020468DF82390B1
S214007B18CDF82C808DF8216004F05CFE0A90204693
S214007B288DF8097004F0BCFD204608AA05A904F0E3
S214007B3877FE02AA204603A92FF00CFD4FF4007228
S214007B481B4B5A62194BE560626A920510D46BB9F2
S214007B584FF40072164B11485A6204F0A1FD114802
S214007B6839F098F9002013B0BDE8F083013BEBE745
S214007B78002BEDD0094908A82FF01FFD4FF400721E
S214007B880B4B06485A6204F08BFD064839F082F91A
S214007B98BDF82000E7E700BFDCAD04000040005A4F
S214007BA82CB0040028B0040080841E0040420F0059
S214007BB80060005A0122034B1870034B1980034BD0
S214007BC81A707047A85C0020846C0020A75C002010
S214007BD8F8B5454B1B780BB90020F8BD434B1B780E
S214007BE8012B03D1BDE8F8402EF08FBB404B1C8814
S214007BF84FF6FF739C42EFD03E4839F048F9002311
S214007C08260AE4B21A462146304604F009FD012E3B
S214007C18354604F0010335D015D9B51E012DDBD83D
S214007C28002B0BBF4FF480754FF080754FF47061D2
S214007C384FF070610BBF01274FF480370F204FF4C9
S214007C4870202D4B11E0002B0BBF4FF480754FF0C2
S214007C5880754FF470614FF070610BBF01274FF4C9
S214007C6880370F204FF47020244B1A6802401CD02F
S214007C78BA421AD01A680A4032D11A6822EA0102B1
S214007C882A4316E0002B0BBF4FF480754FF0807523
S214007C984FF470614FF070610BBF01274FF48037C7
S214007CA80F204FF47020164BDFE71A6822EA00020E
S214007CB83A431A602EF029FB054600288CD0083671
S214007CC844EA06102A460321C0B2FFF7EFFE40F644
S214007CD8FF73684300F2FF70B0FBF3F080B27CE7F6
S214007CE895427FF479AFC8E7A75C0020A85C00201F
S214007CF8846C00202CB0040028C3035020C3035013
S214007D0824C3035010B5044C237823B9034839F02C
S214007D18BEF80123237010BDAA5C00202CB0040016
S214007D282DE9F0431F4C85B0074688469146FFF775
S214007D38E9FF23781BB901F019FF012323707BBAEA
S214007D48ADF80C3030220023174E02FB03F4315DE9
S214007D58A51901BB012333554FF0FF3304F110007A
S214007D6812493044AB606F80C5F80480C5F80C90A3
S214007D7809F0F4F904F10801042231440C4B00958B
S214007D8803A801F0C9FFA96802460A4814F0EAF8F1
S214007D9805B0BDE8F0830133102BD6D1064814F0A1
S214007DA8E1F8F5E7A95C00200C27002037630300FC
S214007DB849630300E41604001217040080B1027831
S214007DC8A2F14103032B0BD840783038C0B20828FC
S214007DD806D8054B134413F8413C40EA0320704785
S214007DE84FF6FF70704700BF04AE040008B50B4698
S214007DF842B101460448006803F0D6F8BDE80840DA
S214007E082EF0FABA022008BD4C67002008B50B46CB
S214007E1842B101460448006803F04EFABDE808403F
S214007E282EF0EABA022008BD4C670020F0B50026FE
S214007E38124F8DB0FF2300930A223346386802A9F2
S214007E482FF02DF9C0B102AB1D4603EB800404E009
S214007E5855F8043BB34228BF5E1CAC423868E9D9E3
S214007E68296803F0AFFB0028F2D02D28F0D00DB01B
S214007E78BDE8F0402EF0C0BA0DB0F0BD4C6700204B
S214007E8828B1034B0360034B4360002383607047AD
S214007E9819000003F4660020FF2307B50021044AF2
S214007EA80093083009F0DEF803B05DF804FB00BF65
S214007EB8236403000B460449024608680349097808
S214007EC808B12EF0BDBA7047182A0020AC5C002016
S214007ED8F7B50C4618B12921194839F03EF8246838
S214007EE823685E795F8830463946FFF7E3FFF0B1CE
S214007EF88568E5B1A089227D3946904291BF002069
S214007F08801AA36880B294BF03469B18E27C009050
S214007F183046A8470138032803D8DFE800F0080FE2
S214007F280B0D0024204632F06DFA204600E0812032
S214007F3803B0F0BD8024F5E79324F3E78724F1E740
S214007F483A170400F8B515460D4A044610680D4A57
S214007F580B46117850B122462EF072FA034628B125
S214007F6800210C27C678B14201DB0020F8BD07FBCC
S214007F7801F45A681019125BAA42F7D00131F2E7E9
S214007F88182A0020AC5C002008B5034B1B6803B118
S214007F989847002008BD00BF142A00202DE9F74F97
S214007FA804460D460026454B454F1860454B19704C
S214007FB833010021F85C01360FF0AAFE0C2EF7D12B
S214007FC80C2D28BF0C254FF0000901953C4EDFF814
S214007FD800A13D4DDFF8FC80019B4B4502DC03B059
S214007FE8BDE8F08F23784FF0000B337063887380FA
S214007FF8A388B380A379C6F80880B371E379C8F874
S214008008005088F804304FF00003A768A8F8063038
S214008018E3795B450ADC012116F8100B0FF078FEB1
S21400802808F1080809F101090C34D5E74FF00003F8
S21400803838886B812880FB784FF0000C2B81BA7843
S214008048C5F804A0002A00920CBF802240222A739A
S21400805879680AF10C02634513DC03EB43030AEB69
S214008068830ABB6843B1009A4FF6FF71B2FA82F2F0
S214008078164B520932F056F914350BF1010B0C3732
S214008088C6E7B1F800E00CF1010C22F80CEC91F808
S21400809802E00C3202F816EC91F804E00C3102F813
S2140080A815EC11F809ECBEF1010F14BF4FF0100ED5
S2140080B84FF0110E02F814ECCDE700BF182A002086
S2140080C800410020AC5C00201C300020D97E000057
S2140080D81C2A00209C320020014B1860704700BF05
S2140080E8102A002070B5128805460E46FFF72AFFAC
S2140080F8044670B102790499806815F0A3F8064B17
S2140081081B680BB9002070BD314628462288984760
S214008118F8E78620F7E700BF102A002008B50EF01B
S21400812893FE022806D0012806D0044B1878400093
S214008138C0B208BD0120FCE70220FAE7AB5C0020CD
S214008148054B10B51C682CB1FFF7E8FF2346BDE8C1
S2140081581040184710BD00BF0C2A0020014B1860BD
S214008168704700BF0C2A0020034B1A781AB9012260
S2140081781A700AF06FBE7047AB5C00200022024BF4
S2140081881A70FFF7DDBF00BFAB5C002037B50446AA
S214008198002836D00EF058FE022834D1608932F016
S2140081A8AEFCE079237A003818BF0120012B637AE9
S2140081B808BF40F008000BB140F0100063890BB10F
S2140081C840F00400257CA188A2790DB1E36893B934
S2140081D80F4B10F079F92178084610F0F1F931F0D4
S2140081E89AFF044610F0AAF97CB100280CBF0020BC
S2140081F8032003B030BDCDE90035064B10F064F916
S214008208E9E70220F5E70120F3E72046F1E700BF9B
S214008218D0640400D333040008B50CF079FF014697
S21400822830B1044813F09EFEBDE808400DF014BBBC
S21400823808BD00BFAC170400034B044A5B7C012151
S21400824803201370FFF7E2BDE0660020AD5C002057
S21400825810B50446FFF7F0FFB4F57F4F0BD10024A6
S2140082680F4B1A8813449C70FEF70EFF2046BDE895
S2140082781040FFF703BC4FF601739C4204D1BDE8DB
S214008288104008482DF0C7BF4FF602739C4205D130
S214008298BDE81040044B1878FFF794BB10BD00BF2C
S2140082A834550020E0660020CA6C002010B5074C44
S2140082B8012122460320FFF799FD28B92378044AAE
S2140082C8003B18BF0123537410BD00BFAD5C0020EF
S2140082D8E0660020F8B5564B564C1A884FF6FF73E2
S2140082E89A4218BF03234FF0080218BF2370524B58
S2140082F832251A7030229A705A71DA7137225D70F8
S214008308DD7036251A724FF400121D719D714B4DA3
S2140083184264C5644A4D012205654A4D861885653E
S214008328494DC667C565494D494E4566494D80F86D
S21400833848208566484D80F854200567474D80F8E4
S21400834860204567202580F8785080F8845000F132
S2140083582105C0F88850424D80F86C20C0F88C5033
S214008368C0F8806080F89020C0F89440C0F8B83014
S2140083783C4B3D4CC0F8BC300223C0F898403B4C00
S21400838880F8C030C0F8A4400F24394B80F8A840C5
S214008398C0F8C430374B384CC0F8C8308223C0F811
S2140083A8AC40364C80F8CC30C0F8B0400924344B8A
S2140083B8344DC0F8D030344B80F8B440C0F8D430D0
S2140083C82C7C324B80F89C20C0F8A00080F8D8207F
S2140083D8C0F8DC3044B12E4B80F8E420C0F8E0301A
S2140083E805F11103C0F8E8304FF0000CCA798E6822
S2140083F802EB42039F00443006EB830326F807C0CF
S214008408586001200D349870DC701318CB71FFF794
S214008418C7FAFFF74BFFFFF781FE012806D12B7C32
S21400842823B1BDE8F84017482DF0F5BEF8BD00BFEB
S2140084387C6C0020CB6C0020AE5C00201DAE0400D7
S214008448010020001CAE0400020020001BAE040041
S21400845805004200030020001AAE04000400420093
S21400846807003000FDFF2100120010010040420006
S21400847818AE040000FF440108AE040006004200DF
S21400848834550020E066002002FF2001CA6C002058
S21400849801FF100113B504460D482DF023FE642293
S2140084A8C0F30F43637083B2B3FBF2F3A078237074
S2140084B8202201212DF0E6FFA078212201212DF0AF
S2140084C8E1FF0449201D02B0BDE810402DF0A8BF0A
S2140084D87C6C0020E09304000B7870B583704CF633
S2140084E81E0303804FF02013C362012380F8303048
S2140084F880F83C30C3180364124B044643640223D6
S214008508114A80F84830114B8263C3644063CA79C5
S2140085188D6802EB420305EB830004F12C064660E7
S2140085280B4E45F8236000238360531CCB71094B20
S214008538201DC4E90134FFF7AFFC2046BDE87040B3
S214008548FFF7A8BFFDFF2100210020001EAE040093
S214008558010001039D840000437B044A0121137037
S21400856800781130C0B2FFF751BC00BFB85C0020DD
S21400857838B504460078054D11302A460121C0B2A8
S214008588FFF734FC08B92B78637338BDB85C002055
S214008598024B53F820002EF03CB800BFFC320020F7
S2140085A8012908B506D0022907D049B92EF028F8BF
S2140085B8002008BD2EF027F8FAE72EF027F8F7E790
S2140085C8024813F0CFFC0120F3E700BFD9170400D8
S2140085D810B4054C114654F820001A46BDF804306D
S2140085E85DF8044BFFF7DCBFFC320020002310B513
S2140085F8044683810364A0F844304830FFF74CFCF7
S214008608014BC4E9123410BD0166030038B50446B0
S2140086180B781A4A43700D4642F82300FFF7E6FF28
S2140086282046FFF7A5FF4FF4401323610123144AA1
S2140086382375A261134A84F82030E261124A84F84E
S2140086482C306262114A84F83830A26204F10C02B7
S21400865822630F4A04F10D036263E363EA79A868AC
S21400866802EB420300EB830110344C60094C40F8DF
S2140086782340094B8B60531CEB7138BDFC3200203D
S214008688B75C002008002000CC6C002000FF3000FB
S21400869801FF100102010104D985000010B47024FE
S2140086A8427B0D48013A012904FB020006D0022944
S2140086B808D059B95DF8044B2DF0A2BF5DF8044BFD
S2140086C82DF0A1BF5DF8044B2DF0A0BF03485DF860
S2140086D8044B13F047BC00BFD8180020F517040059
S2140086E8B0F85C302DE9F0418B4204460E4638D08F
S2140086F8437B077C8BB31C4A12789A422DD370258D
S2140087081A4A013B05FB032390F80F801B7B424661
S2140087182DF08DFFB845054601D1FF281FD13A46F2
S2140087283146204694F890302DF081FF2F460546B6
S214008738552212216078A4F85C602DF0A3FEFF2F66
S21400874803D039462046FFF7A9FFFF2D09D0294652
S2140087582046BDE8F0412DF0AABFFF25DFE7074613
S214008768E6E7BDE8F08100BFA05C0020D81800202E
S21400877841688268C978D27849B112B10321FFF7F7
S214008788AFBF837B002B0CBF01210221F7E72AB17C
S214008798837B002B0CBF02210121F0E7014813F070
S2140087A8E1BB00BF06180400037BD3B14368DA7840
S2140087B812B18268D278A2B91B7933B1837B002BB9
S2140087C80CBF04210521FFF78BBF83681B792BB1EB
S2140087D8837B002B0CBF05210421F4E7014813F026
S2140087E8C1BB704738180400084A437B052113703C
S2140087F8837B5370C37B9370037CD370037B1371A6
S21400880800780E30C0B2FFF701BB00BFB95C00208D
S21400881838B5044600780C4D0E302A460521C0B2FD
S214008828FFF7E4FA20B1BDE83840084813F09ABBD1
S2140088382B7863736B78A373AB78E373EB78237446
S2140088482B79237338BD00BFB95C00207418040068
S214008858024B53F820002DF074BF00BF24330020CD
S214008868F8B504460B78424A43700D4642F8230092
S214008878404E2DF084FFFFF7CBFF6268A3683E48A2
S2140088883E49D6641165D4655065C3E91410DE64A4
S214008898DC654FF0987302266361012304F10C012E
S2140088A8E16137491032216204F10D01A1623549B0
S2140088B82376E16204F10E016163334984F82430BB
S2140088C8A16304F10F012164304984F830306164F3
S2140088D804F11001E1642E4984F83C3084F84830ED
S2140088E8216584F85460A265E879A96800EB40021F
S2140088F801EB820704F1140CC7F804C04FF4817C1E
S214008908244F41F82270C218D2B202EB420241F854
S21400891822C001EB820700227A601F4A84F8703072
S21400892822661E4A84F88830A2661D4A1D4BE266F7
S2140089381D4AC4F88C3062671C4A8319A26704F182
S2140089485C02C4F88020DBB2194A03EB4303C4F880
S214008958842084F8646084F87C6001EB83026034C9
S2140089685460144A033041F82320E871F8BD00BF6C
S21400897824330020798700000D670300B1870000C4
S214008988010020010200100103003001040030013C
S2140089980500210101FC01064A00210020AE040062
S2140089A85100100022AE040023AE0400550021003A
S2140089B86F0018001200010470B50D4606461446EE
S2140089C813460A460146164813F0CCFA25B920463F
S2140089D8BDE87040FFF73CBC072D05D12146304660
S2140089E8BDE8704000F000BB4FF601439D4205D13C
S2140089F821463046BDE87040FFF72ABF062D05D150
S214008A0821463046BDE8704000F0A2B8B5F5817F33
S214008A1805D121463046BDE87040FFF7B9BD70BDA8
S214008A28A31804000148FFF757BB00BFC189000020
S214008A384FF4C01330B5036001230371074B8C68ED
S214008A488360CA7902EB420304EB83056860044836
S214008A5844F82300531CCB7130BD00BF24AE04007D
S214008A680400010138B50024044D55F8040B08B17C
S214008A782DF095FE01340A2CF7D138BD4C33002072
S214008A88042908B50AD172B16BB113781BB92DF059
S214008A98B1FE002008BD2DF0A3FEFAE7034813F048
S214008AA861FA0120F6E70320F4E700BFD6180400B1
S214008AB810B4054C114654F820001A46BDF8043088
S214008AC85DF8044BFFF7DCBF4C3300200229024652
S214008AD808B50ED004D839B910462DF08BFE06E03E
S214008AE84029F9D0412907D110462DF079FE0020FB
S214008AF808BD2DF089FEFAE7024813F033FA012084
S214008B08F6E700BFF618040010B4054C114654F8F2
S214008B1820001A46BDF804305DF8044BFFF7D6BFB0
S214008B284C330020426B094B52791A7082785A707F
S214008B38C2789A70826B12B190F83C20DA7000788E
S214008B4804210930014AC0B2FFF760B9BE5C0020B4
S214008B58024B53F820002DF073BE00BF4C330020A4
S214008B6838B504460078084D09302A460421C0B2B4
S214008B78FFF73CF930B96B78A370AB78E370EB7805
S214008B8884F83C3038BD00BFBE5C002038B50446CB
S214008B980078114D09302A460421C0B2FFF726F99D
S214008BA8C8B9A3782A78022B0CD004D863B9204613
S214008BB82DF020FE01E0FF2B0AD02046BDE8384005
S214008BC82DF0EDBD002AF2D120462DF009FEF4E77F
S214008BD8002AF9D1EBE738BDBE5C0020F8B504469C
S214008BE80B78284A0D4642F823004370FFF7B8FF73
S214008BF8636B254A5C631A632046FFF7C7FF204667
S214008C082DF0CDFD4FF4801363600123626BA66BD5
S214008C180532E2601D4A23722261A21C2375A261F6
S214008C2866B11B4A84F82030E261E21C6262194A87
S214008C3884F82C3004F13C03A26223630627EA7901
S214008C48A96802EB4203002E21F8237001EB83008B
S214008C580CBF02230423C370012383700E4B043415
S214008C688360531C4460DBB20C4C03EB430341F8AF
S214008C78234001EB830000234360094B02328360E4
S214008C88EA71F8BD4C330020256803000340300124
S214008C9801FF300102FF1001118B000008000100DF
S214008CA8B98A000028B1034B1B78834234BF0020E2
S214008CB801207047A25C002070B500250A4C0B4EB8
S214008CC83378AB4200DC70BDD4F8A42042B12379D7
S214008CD81BB16079FFF7E6FF10B910462DF08CFA45
S214008CE80135A834ECE700BFE41C0020A35C002094
S214008CF808B5427901461046FFF7D4FFA8B1CB78ED
S214008D080A48013A042B00EB82100ED8012B08D82B
S214008D181BB9BDE808402DF063BDBDE808402DF03E
S214008D2869BDBDE808402DF06FBD08BDE41B0020F6
S214008D3808B5427901461046FFF7B4FFA8B1CB78CC
S214008D480A48013A042B00EB82100ED8012B08D8EB
S214008D581BB9BDE808402DF04DBDBDE808402DF014
S214008D683FBDBDE808402DF04FBD08BDE41B002000
S214008D7810B586B00446FFF7D1F9012830D1E2785D
S214008D88042A2DD8DFE802F0133234030300617991
S214008D980846FFF787FF58B31648032A00EB8110EA
S214008DA850F80C3C58791DD1003818BF012063785C
S214008DB84FF480728DF804304FF48273ADF80630A5
S214008DC80623ADF8083001238DF80B3000238DF804
S214008DD80A0001A8CDE903238DF81430FFF7D6F969
S214008DE806B010BDB0FA80F04009E0E70020DEE7E4
S214008DF80220DCE7E41B002010B586B00446FFF727
S214008E088DF9012830D1E278042A2DD8DFE802F05F
S214008E1813133203030061790846FFF743FF48B38C
S214008E281548032A00EB811050F80C3C5B791DD1DD
S214008E381A1E18BF012263788DF80A208DF80430B0
S214008E484FF48273ADF806300623ADF808300123D8
S214008E584FF480728DF80B30002301A8CDE9032368
S214008E688DF81430FFF792F906B010BDB3FA83F206
S214008E785209E0E70222DEE7E41B002010B586B0C0
S214008E880446FFF74BF9012812D16378094A8DF892
S214008E9804304FF48273ADF806304FF48073CDE992
S214008EA80223002301A804938DF81430FFF76EF907
S214008EB806B010BD0800070110B586B00446FFF7D7
S214008EC82DF9012820D16278104B8DF804204FF434
S214008ED8827294F8A01094F8A10059701870ADF832
S214008EE8062004934FF480720223094901A88DF8DE
S214008EF81430CDE90212FFF749F994F8A130013B86
S214008F0818BF012384F8A13006B010BDC25C00204B
S214008F180800050110B58378044603B30379022BCD
S214008F280AD142791046FFF7BDFE28B10C48013A2F
S214008F3800EB82102DF068FCA379022B02D12046A4
S214008F48FFF716FF2046FFF7B7FF02236078A4F85E
S214008F586C305522BDE8104012212DF093BA10BD92
S214008F68E41B00204388094A08211380838853801D
S214008F7883681B8A938090F8A03093718379D371A5
S214008F8800780430C0B2FEF741BF00BFB6550020D7
S214008F9838B50D4604460178114812F0E3FF4FF63F
S214008FA802739D420ED10F4B1B782BB96371204676
S214008FB8BDE83840FFF7D6BF62790AB19342F6D2C9
S214008FC80123F3E7B5F57F4FF1D120462DF0B5FC28
S214008FD8A378022B0CBF01220022A3689A70E6E74A
S214008FE812190400A25C0020024B53F82000FFF779
S214008FF8CFBF00BF7433002038B504460078144D40
S21400900804302A460821C0B2FEF7F0FE20B1BDE8BB
S2140090183840104812F0A6BF2B8863806B88E97822
S214009028A380AA88A3681A82AB7984F8A030EB7963
S214009038A371094B1B780BB9637138BD09B1994206
S214009048FBD9064812F08EFF23780133F4E700BFF9
S214009058B65500202C190400A25C002055190400FF
S214009068F8B504460B78474A0D4642F82300437085
S214009078FFF7C2FFA268444BD465D364434B02266D
S2140090885365434BA11C13654FF44013E36001235B
S2140090986161E1623F49103221632265211D3E4A23
S2140090A8A1633E483E49626504F1A002A061E163FF
S2140090B8E265E01C611D3B4A206261643A483B4910
S2140090C82266A21D2374237784F8283084F8343067
S2140090D884F84030A16484F84C6084F8583084F8EA
S2140090E864306062A266E879AA6800EB400102EB89
S2140090F8810704F10C0CC7F804C04FF0060C2C4F7F
S21400910842F82170C118C9B201EB410142F821C0EA
S21400911802EB810700217960264F84F880302767A4
S214009128254F84F89830A767244F254BE767254FC7
S21400913884F8746084F88C60C4F89C3004F16C067B
S214009148831CC4F88470C4F890601F4F1F4EDBB2AF
S21400915803EB4303C4F89460C4F8887002EB8306F4
S2140091687034746008261A4C42F82340C31CDBB2DD
S21400917803EB430302EB8304043042F82360616088
S214009188E871F8BD7433002099680300E3680300AB
S2140091981D8F000001FF300104FF20011000300180
S2140091A802FF200105FF300100FF300103FF210107
S2140091B8070001084A00210026AE040051001000EE
S2140091C828AE040029AE0400550021006F001800E0
S2140091D81200010400239B6AB3F5C04F03D2196836
S2140091E8064A914203D00023037083607047012229
S2140091F802709A689B694260F7E700BF07B0CD5EC9
S214009208024B034A1A602EF0E8BD00BF000000209B
S21400921802020FF073B5534B04461A781AB10222AD
S2140092281A7002B070BDCDE900220028F9D00126D8
S2140092381E7037F00BFE4C4D4C4B186017F094F828
S2140092482B785BB902F062FA40B949480823494AC4
S2140092584949006801F0A8FE00B92E70474B5A6EBF
S21400926862619B6E464AA3614FF40043936603F11E
S21400927888435968E16143499960196E2160596EBF
S2140092886160D3F87011A160196CE160596C2161B6
S2140092983D49086C1864496C5964012151664FF4BD
S2140092A8005191661A6E560436D53849CA68D407EE
S2140092B8FCD45B6E5A0434D5354AD36B13F0430F8F
S2140092C8FBD1344B1A68531C31D04FF4001393402B
S2140092D8314A13660423304C684623664FF480638D
S2140092E82366102323664FF4005323664FF080430B
S2140092F823664FF4804301A963662DF036FB009B76
S2140093082366019B63662B78002B8AD0194B1A6854
S21400931822665B68636684E72049CA68D007FCD47F
S214009328C7E71F4AD36B13F0430FFBD1C9E71D4BA2
S2140093381B78002BCED14FF48072114B5A661A4A0E
S21400934852681AB94FF40011134A11664FF40072A6
S2140093585A66164B5B68002BBCD14FF480020E4B46
S2140093681A66B7E7C55C0020C65C0020BC33002040
S2140093784C670020C03300200071080000800050B1
S2140093880090005055CEAC0000C0005400000440C9
S2140093980000024C186700200090004400000450AB
S2140093A80000025CC45C002000C0055000000650A7
S2140093B870B52C4D04462E78012E02D001232B7052
S2140093C870BD0028FCD02DF0F5FA01300BD02DF03A
S2140093D8F1FA40F20113984205D0234B234A5E6601
S2140093E8D368DE07FCD4224B22491B6E13F0040F09
S2140093F84FF4005314BF1C4A1F4A9366CA6B12F0F8
S2140094084302FBD121681A4B196661685966A16840
S214009418C3F87011E168196421695964E169C807DD
S21400942848BF9A60154B1A6801320DD1144A127853
S21400943852B914494968C90748BF1A60124A52689F
S214009448D20744BF01221A606269104B5A66A269A5
S2140094589A6616F091FF0E4B186837F0F2FC002358
S214009468ADE700BFC55C0020009000400000044047
S214009478008000440000024C00900050186700204E
S214009488C45C002000C00550000006500080005054
S214009498BC33002070B50024A36AB3F5C04F23D2AE
S2140094A81A68134B9A421FD1124E337813F0FD05F3
S2140094B818D14FF480341048FFF7ACFE032004F0B0
S2140094C8B9FC0E4B0320DC6004F098FC0C4B1C61C6
S2140094D8AB6ADB69984704460748FFF769FF0CB98B
S2140094E801233370204670BD4FF48174FAE700BF3D
S2140094F807B0CD5EC45C00209C33002000A000446A
S2140095080090004413B5204B1B7803B9FEE70023F0
S2140095181E4CCDE900336A4608231D49206801F031
S21400952843FDF8B91B4AD2F84031D2F840211F2B28
S2140095384FF0010311D9203A9340019A1A43019239
S21400954808236A461249206801F0B6FE124B134AF1
S2140095581A602EF042FC02B010BD9340009A1A43DF
S2140095680092EDE72D28F1D10A4AD2F84031D2F818
S21400957840211F2B4FF0010385BF203A93409340AC
S214009588019398BF0093DBE7C55C00204C6700207A
S2140095980071080000800044000000200B020FF055
S2140095A838B50025AB6A0446B3F5C04F10D21B6B1E
S2140095B8B3F5C04F0CD20748FFF72CFEAB6A20461F
S2140095C81B6B5B689847BDE838400248FFF7F0BE5B
S2140095D838BD00BFC833002013B50024A36A019025
S2140095E8B3F5C04F13D21B6BB3F5C04F0FD2094863
S2140095F8FFF710FEA36A01211B6B01A89B69984719
S21400960804460448FFF7D4FE204602B010BD4FF4C7
S2140096188174F9E7C833002070B50026B36A04469B
S214009628B3F5C04F0D4612D21B6BB3F5C04F0ED222
S2140096380848FFF7EFFDB36A20461B6B29469B696F
S214009648984704460348FFF7B3FE204670BD4FF41C
S2140096588174FAE7C833002070B50026B36A04465A
S214009668B3F5C04F0D4612D21B6BB3F5C04F0ED2E2
S2140096780848FFF7CFFDB36A20461B6B2946DB690F
S214009688984704460348FFF793FE204670BD4FF4FC
S2140096988174FAE7C8330020F8B50027BB6A044689
S2140096A8B3F5C04F0D46164611D21B6B7BB1094861
S2140096B8FFF7B0FDBB6A20461B6B324629465B6A3D
S2140096C8984704460348FFF773FE2046F8BD4FF454
S2140096D80174FAE7C833002070B50026B36A04465A
S2140096E8B3F5C04F0D4612D21B6BB3F5C04F0ED262
S2140096F80848FFF78FFDB36A20461B6B29469B6A0E
S214009708984704460348FFF753FE204670BD4FF4BB
S2140097180174FAE7C8330020F0B50027BB6A044690
S214009728B3F5C04F0D461646ADF5177D20D21B6B18
S214009738B3F5C04F1CD21048FFF76CFDBB6A204635
S2140097481B6B40F251225B6A01A99847044630B168
S2140097580948FFF72DFE20460DF5177DF0BD836AF4
S21400976832461B6B2946DB6A01A898470446EFE792
S2140097784FF40174EFE700BFC833002010B500248B
S214009788A36AB3F5C04F10D21B6BB3F5C04F0CD20B
S2140097980748FFF73FFDA36A1B6B1B6B98470446F9
S2140097A80348FFF705FE204610BD0124FBE700BF6F
S2140097B8C8330020F0B58FB0044601A80E461546FB
S2140097C8FFF7EEFE9DF80C30012B12D1B5F5002FF1
S2140097D827D8B4F5002F24D86319B3F5002F20D85E
S2140097E821462A46304613F06BFE002420460FB06A
S2140097F8F0BD0027BB6AB3F5C04F15D21B6BB3F597
S214009808C04F11D20A48FFF705FDBB6A2A461B6BF4
S214009818314620465B6B984704460548FFF7C8FD67
S214009828E4E740F20244E1E740F20114DEE700BF55
S214009838C8330020F0B58FB0044601A80E4615467A
S214009848FFF7AEFE9DF80C30012B1FD1B5F5002FA3
S21400985806D8B4F5002F03D86319B3F5002F13D92B
S21400986840F2024420460FB0F0BDE258013225D13E
S21400987804339D42F9D82A463146204600F082F83D
S2140098880028EDD00024EDE70023F2E70027BB6AA6
S214009898B3F5C04F15D21B6BB3F5C04F11D20A48AB
S2140098A8FFF7B8FCBB6A2A461B6B314620469B6B03
S2140098B8984704460448FFF77BFDD3E740F2034485
S2140098C8D0E740F20114CDE7C833002070B58EB05B
S2140098D8044601A80D46FFF763FE9DF80C30012BE1
S2140098E822D144EA0503C3F30C03002B33D1B5F5A4
S2140098F8002F04D940F2024420460EB070BDB4F5DD
S214009908002FF7D82544B5F5002FF3D8204604F5E0
S214009918005400F029F8AC4202D00028F6D1E9E756
S2140099280028E7D00024E7E70026B36AB3F5C04F5F
S21400993814D21B6BB3F5C04F10D20A48FFF76AFC67
S214009948B36A29461B6B2046DB6B984704460548D6
S214009958FFF72EFDD0E740F20444CDE740F20114AD
S214009968CAE700BFC83300204FF4003208B5044BDE
S2140099789A6637F015FDB0FA80F0400908BD00BFBA
S21400998800900050134610B562B103439B070BD1F5
S2140099984FF40034054B9C6637F0FEFCB0FA80F0B6
S2140099A8400910BD0120FCE70020FAE700900050AF
S2140099B8BFF34F8F0549064BCA6802F4E0621343AB
S2140099C8CB60BFF34F8F00BFFDE700BF00ED00E0A0
S2140099D80400FA0570B5D0B1C9B10E4E431E013960
S2140099E813F8014F2046325D02F00302012A11F8EF
S2140099F8012F08BF04F12000B55C05F00305012D12
S214009A0808BF2032801A01D1002CE9D170BD012090
S214009A18FCE700BF49D504000348044A0449121A63
S214009A2892102DF02CB800BF4061000018630000AB
S214009A381064002008B5154B83F30A8800F030F848
S214009A48FFF7EAFF124B13498B4212D30020124B42
S214009A5812498B4218D3FDF765F9186850F822406A
S214009A68586840F82240013298688242F5D30C3391
S214009A78EAE70022F8E71C6844F8220001325C682E
S214009A88A242F8D30833E4E70022F8E708000020EB
S214009A9894110500A0110500A0110500A0110500ED
S214009AA84FF40041134B144A70B59A60D3F88820D7
S214009AB8124D42F47002C3F88820114A05F5005486
S214009AC891664FF0FF3222664FF6DF726266022218
S214009AD8C3F8D020BFF34F8FBFF36F8F4FF44036D5
S214009AE8032004F0A7F90320E66004F087F92E6146
S214009AF870BD00BF00ED00E000600000008000447C
S214009B0800900050054B1860054B1B6F03F00703C9
S214009B18032B01D135F040BA704700BF28670020F4
S214009B28008000502DE9F04104464FF001080C254E
S214009B380D4E0CB9BDE8F08194FAA4F0B0FA80F0A6
S214009B480F2808FA00F2C8BF103824EA0204CABF71
S214009B5805FB006205FB0062B4325768002FE8D0A8
S214009B689168C0B2B847E4E7E833002008B50C4867
S214009B7837F08DF9192004F04FF928B1192004F0B0
S214009B8859F9192004F03AF91A2004F045F928B1D1
S214009B981A2004F04FF91A2004F030F9002008BD06
S214009BA82CB004002DE9F0410E461746054618B3BA
S214009BB80F2923D80378DBB1013BDBB2022B19D877
S214009BC8104AD35C6A78D340DB0717D50E4BD3F818
S214009BD81043ACB937F03AF980463A46284631463B
S214009BE803F064F8404637F02CF92046BDE8F081CB
S214009BF87F23E7E70023E5E72224F6E72124F4E7B6
S214009C080224F2E77CAE040000C0035010B50446F8
S214009C1810B30378E3B1013BDBB2022B1AD8104A23
S214009C28D35C6278D340DB0718D537F00FF90122EA
S214009C38617823788A4030214B4341F2100103F1C2
S214009C48A04303F570335A5037F0FBF8002010BDD8
S214009C587F23E6E70023E4E72220F8E72120F6E75B
S214009C687CAE040010B5044610B30378E3B1013B9C
S214009C78DBB2022B1AD8104AD35C6278D340DB07D3
S214009C8818D537F0E3F80122617823788A40302126
S214009C984B4342F2100103F1A04303F570335A50C8
S214009CA837F0CFF8002010BD7F23E6E70023E4E76F
S214009CB82220F8E72120F6E77CAE040038B50D46EA
S214009CC8044618B311B30378E3B1013BDBB2022BA9
S214009CD81AD8104AD35C6278D340DB0718D537F019
S214009CE8B5F830222378534303F1A04303F57033C5
S214009CF85B696278D34003F001032B7037F0A1F854
S214009D08002038BD7F23E6E70023E4E72220F8E7B3
S214009D182120F6E77CAE04002DE9F0410D461646F4
S214009D289846044600284FD000294DD001780029CF
S214009D3840D04B1EDBB2022B3ED8254AD25C637855
S214009D48DA40D20701D4FF2940D1022E01D9042EC9
S214009D583CD137F07BF823780746FF2B05D03246F0
S214009D682046296802F0E8FF28602B68013309D1ED
S214009D782378FF2B06D1174B6078D3F824142DF0E0
S214009D884FFC286029684B1C18D00C23124A03FB8A
S214009D980122069BC2F8048093602378FF2B04D028
S214009DA801230E4A8B40C2F82434384637F049F867
S214009DB8002007E07F22C2E70022C0E7384637F0D7
S214009DC840F82D20BDE8F0812220FBE72120F9E7A6
S214009DD87CAE040000C00350E833002000D00350D7
S214009DE808B502F059FF054B00F0553020F050201A
S214009DF8C3F82004BDE80840FFF794BE00E003500F
S214009E0808B502F049FF054B00F0AA3020F0A02064
S214009E18C3F82004BDE80840FFF784BE00E00350FE
S214009E282DE9F04F144605460E469B46C36B87B091
S214009E3801225B6902A960689847EB6B01225B699F
S214009E4803A93046984702A82DF018FA074648B1E5
S214009E580023A37563754FF0FF33A360002007B097
S214009E68BDE8F08F03A82DF016FA0123A375237E0C
S214009E7804EBC303DE611F846368B3420ED120601F
S214009E8803A82DF02AFA4FF0FF332075A360237D30
S214009E98043B022B26D80023A375DFE723681A1A8B
S214009EA853425341A37503A82DF017FA237D834226
S214009EB818BFA77503A82DF0F2F9074602A82DF0DB
S214009EC8EEF9874218BF002303A818BFA3752DF024
S214009ED8EEF9074602A82DF0EAF987421CBF0023D0
S214009EE8A375D4E703A82DF0DAF980B1EB6B02224C
S214009EF830465B6904A9984704A82DF0DFF90346A5
S214009F08207D032839D8DFE800F03838040903A88C
S214009F18F3E7CC22237E04EBC3031A8401F06EFC1D
S214009F28109B187003A8277E2DF0ADF904EBC70721
S214009F3887F82200237E03A804EBC303B3F8209017
S214009F4893F822702DF0ABF9804603A82DF0AFF9F0
S214009F588246B8F1000F15D0EB6B022230465B69DB
S214009F6804A9984704A82DF06EF96075637D6BB94F
S214009F780023A3754FF0000838E0227E04EBC202E7
S214009F881384CBE703A82DF049F9EEE794F816807A
S214009F98B8F1000FEED0B9F1000F09D1DFB10123F7
S214009FA8E375637E002B4FD1012F42D1677614E00C
S214009FB86B6C06EB0A015A4286EA010010421CBF87
S214009FC80022A2755A1E0A409B1A9945D0D8A37D2E
S214009FD8002BE3D1CEE7E37D43B94FF000084B46AC
S214009FE85246314628462CF094FEA060A27D12B157
S214009FF823694B4423611A49237E097899422AD952
S21400A00801332376BBF1000F27D032B3E37D23B3A9
S21400A018B8F1000F21D1032F1FD0A1684B1C1CD00C
S21400A028109B2246009328460123FFF7F9FEA075E9
S21400A03813E095F8343063B9EB6A0133CFD1032FB8
S21400A048CDD10123A376C8E7012FCFD0032FC4D1E3
S21400A058F7E79846C3E70023A375A07DFFE600BF91
S21400A068A0AE04002DE9F04F0E46984600238BB0AC
S21400A07804464FF0FF31104617468DF8133001F0AE
S21400A088A7FBB6F5801F20D2314605AA04F10800C2
S21400A0982DF046F8451C014603D1237CBBB92D207C
S21400A0A810E0384601F094FB0122394620460DF1AF
S21400A0B813032CF080FE0028EFD09DF8133088F8A4
S21400A0C8003000200BB0BDE8F08FB01CE5D1E56A83
S21400A0D8691C36D12046616A2CF061FD0546B31C22
S21400A0E818BF0123DFF8CC900193636A626C029371
S21400A0F8236805A902FB053AE36B05225B6950460F
S21400A108984705A82DF055F92DF078F950462DF00A
S21400A11880F94FF0000B824601464B1C05D0636C55
S21400A12881EA0A025B42134211D0294620462CF0E7
S21400A13836FD029BAB422CD0BBF1000F2CD1054656
S21400A148D3E72368ED1A636CB5FBF3F5C7E7484613
S21400A15801F03EFB0DF1130349462046019A2CF008
S21400A1682AFE034690B1B21C03D0D9F80020B242AA
S21400A1780CD19DF8132003930D4B88F80020494610
S21400A1881A68384613F09CF9039B9B46D9F80810C2
S21400A198C3E7BBF1000F82D0B6F5801F91D23146D7
S21400A1A898F800307A6804F1080001F03FFA88E76A
S21400A1B89CAE0400C43B00202DE9F3410446174634
S21400A1C898460E46184D816AE36A8B4201D04B1CAE
S21400A1D802D102B0BDE8F081284601F0F9FA012262
S21400A1E8294620460DF107032CF0E5FD38B1434615
S21400A1F8294620469DF80720B8470028E9D0A968D0
S21400A2084A1C04D1696820462CF056FD0146012EEA
S21400A218DAD16B6881EA0302636C5B421A4218BFA4
S21400A2284FF0FF31D0E700BF983B00202DE9F04FF4
S21400A2384FF0FF334FF6FF720025044600F108067C
S21400A248C0E909238BB0C3620562056330468846B9
S21400A2582CF037FF20462CF072FC60BB20464146A7
S21400A2682CF0EDFC20462CF06AFC60BB5E200BB0A0
S21400A278BDE8F08F2368E26B606C576900FB053019
S21400A288052205A9B84705A82DF093F80128074622
S21400A2980CD1294620462CF0A3FC012F024600D1FB
S21400A2A80132294620462CF069FC03E02DF0ABF875
S21400A2B80028EED10135E3699D42DBD320462CF019
S21400A2C83EFC0028CAD000254FF0FF394FF6FF7332
S21400A2D8CA46A846C4E90853E36998450AD3A5EBD5
S21400A2E80905012D2CD84FF6FF72636A93423CD1BC
S21400A2F86720BCE72368E26B606C576900FB083090
S21400A308052205A9B84705A82DF053F8834605A8E1
S21400A3182DF026F8074658462DF070F868B15745D0
S21400A32838BFC4F82480B94528BFB946BD4238BFEF
S21400A3383D46BA46236A0133236208F10108CBE793
S21400A3484FF6FF7300256362E3699D42CBD2676CC4
S21400A3582068E36B052207FB05005B6905A998479B
S21400A36805A82CF0FDFF0135EEE7E26B676C206868
S21400A378694607FB030055690522A84768462CF07E
S21400A388EFFF626A2368606C4B4D00FB02302DF0CD
S21400A39840F84FF0FF33A062E3622A466FF00101EF
S21400A3A8204605ABFFF75EFE002846D1AD68294675
S21400A3B82046E5622CF09FFB206320B92046E16A20
S21400A3C82CF07AFCE062294620462CF075FC0546FF
S21400A3D8A36A9D4233D120462CF060FB00278046B6
S21400A3E8B946E36999453CD3B84559D92046616AC8
S21400A3F82CF0D5FB0026054604F1400AB74212D8D1
S21400A408626C2368694602FB0539E36B05225B69C3
S21400A4184846984768462CF0A3FF534602464946E6
S21400A428E06B2CF0F8FF294620462CF0B8FB0136E6
S21400A438B0450546E2D1642019E7A56AB7E729467C
S21400A44820462CF058FB236B294603440746236313
S21400A45820462CF031FC0546002FB9D1C4E90B077D
S21400A468B6E7636C2568052203FB0955E36B05A967
S21400A4785B692846984705A82CF09BFF2CF0BEFF82
S21400A48858B128462CF0C5FF014620462CF033FB71
S21400A498636C143B984208BF013709F10109A0E72D
S21400A4A830462CF00EFE002320461946034AFFF7D6
S21400A4B883FE0020DBE600BFF03B0020AD6D030006
S21400A4C82DE9F041036B9046826B07689A4288BF75
S21400A4D88363426C436A90B002FB0377C36B0E46F5
S21400A4E8052201A95B6904463846984701A82CF05E
S21400A4F860FF01280146307057D0656CE26B236810
S21400A508606AD2F814C005FB0030052206A9E047A9
S21400A51806A82CF04EFF01284FF0000523D0D4E9FA
S21400A5280A3201219342CDE90B458DF834800E9509
S21400A5388DF83C102AD1194620462CF0BDFB236B1B
S21400A548626C14339B1AE06223630C9B53B99DF824
S21400A5583C303BB1626A616C2368E06B01FB0231F8
S21400A5682CF0DFFE0C9DE36B05225B6901A93846DB
S21400A578984701A82CF01DFF30702846236BA26B65
S21400A5889A4288BFA36310B0BDE8F081237C33B934
S21400A5981C490BAA04F1080001F096F8D5E72046F6
S21400A5A8194A0BABFFF708FECFE7237C23BB2246EE
S21400A5B8164904F1080001F087F8616A20462CF075
S21400A5C80FFB616A421C20462CF0D8FA054620B9D3
S21400A5D8236B626C1344143B23632046A16A2CF059
S21400A5E86BFB2368A062C01A636CB0FBF3F0606272
S21400A5F820462CF0A4FBB6E700232046044AFFF7C3
S21400A608DBFDDAE76DAD0000E9AC0000476E03003D
S21400A618E36D030073B50D46D11E4A421C461B7EE9
S21400A6284A419A4226D129682368994222D3636808
S21400A63899421FD8114E0DF107033246FFF712FD57
S21400A648C0B972686B689A4214D19DF80730DA1E52
S21400A65853425341227E93420CD1636901336361AE
S21400A668D4E90323934205D22968A26842F8231046
S21400A67801332361012002B070BD00BFF03B00200B
S21400A6882DE9F04F9B4689B09DF848309046514AD0
S21400A6980193136907465B450D46C0F09580D94679
S21400A6A853680093B9F1000F7BD0FB6B01225B69FE
S21400A6B805A90098984705A82CF0EDFD454B1B68A2
S21400A6C8984240F0848005A82CF0F1FD0428064640
S21400A6D815D105A82CF0F2FD009B04461E44019BEC
S21400A6E8002B3ED1804512D91C46A8EB00083846F8
S21400A6F800992CF0E1FAA9EB04090090D2E7FB6B6D
S21400A70802225B69009806A9984706A8E2E7A0EB2C
S21400A71808045C4528BF5C46032C4644ABEB040B98
S21400A7281DD9FB6B294630465B69A208984724F07A
S21400A738030304F0030A1E441D44DDF80480BAF13E
S21400A748000FD4D0FB6B012206A930465B699847F8
S21400A7585246284606A912F0B3FE5544C7E7A24655
S21400A768EBE7824600F0030302932B180393064494
S21400A778039BA6EB0A00A3EB0A05029B9A4514D195
S21400A788BAF1000FB3D0FB6B012206A95B699847A4
S21400A7985246284606A913F04FF80028DDD04FF099
S21400A7A83609484609B0BDE8F08FFB6B012206A9BA
S21400A7B85B6998470422284606A913F03DF8002846
S21400A7C8EDD1AAF1040AD3E74FF06309E9E74FF0A1
S21400A7D86F09E6E71C3C00202DE9F0410F461646B7
S21400A7E89846044688B060B390F83450FDB101210D
S21400A7F82CF09AF900210E9BCDE90511CDE9023718
S21400A8089DF83C30CDF804808DF81C30237C0496E7
S21400A8188BB90D4901AA04F1080000F055FFDDE9DF
S21400A8280553E06B002E08BF1D462CF016FB284685
S21400A83808B0BDE8F0812046044A01ABFFF7BCFC2F
S21400A848EDE70546F3E700BF116E03001DA60000FE
S21400A8587FB590F84260044601920DF10B030A4654
S21400A868304611492CF001FB012E0546E36B17D143
S21400A87832465B6903A998479DF80B10039B019A1B
S21400A88859B19BB243EA0243012228460393E36B7D
S21400A89803A99B69984704B070BD62F30F03F3E7FA
S21400A8A801229B6901A9F5E71C3C00202DE9F04F21
S21400A8B899B00E460D920A69416C0B931439D31D54
S21400A8C8B3FBF1F3013302EBC302036B0446934276
S21400A8D8C0F001820023DFF804940893E36A484630
S21400A8E81946059300F074FFD6E9033707930B9BC8
S21400A8F8022B4DD1CC2F40F0D7810D9B3BB1314672
S21400A90820462CF008FB656C1490012044E00120DA
S21400A918079B656C1B68149300F0010000280CBFA9
S21400A92804230823782F0E9349D8059A6B1E1340E4
S21400A938ED1A3B1D9D423CD2002F3DD0082D3ED837
S21400A9480023042506934FF0040A336806990B98EB
S21400A958C9F80030C9F810702CF0C3FC4FEA9A0307
S21400A9680F93059B89F814000393002309930C930F
S21400A97804930A93616C039B4A1E1A408B1A27B3EA
S21400A9885544AB4223D8236B5B1A134423632FE149
S21400A998782F656CB9D8F07D0D9B002BBCD0E36B87
S21400A9A801225B69706816A9984716A82CF077FCF0
S21400A9B8B4E700250695C6E704250697C3E70123EE
S21400A9C800254FF0080A0693BFE75345DBD3A3EBF1
S21400A9D80A029742039BB84628BF904697425344BC
S21400A9E828D90122D9F8101089F817208F4226D1C5
S21400A9F80399C9F80410049299F817200AB399F82D
S21400AA0818100398CA1C09EBC2025060049801315A
S21400AA18A2F80880907289F81810B8F1000F07D0CD
S21400AA280B9A022A40F08180099A72B10122099293
S21400AA389B46ABE0049A002A18BF0322DBE70222F3
S21400AA48D9E7039AC9F80420E7E70C9A4244032A90
S21400AA58EED9E26B1846956914A901220993A8470E
S21400AA68099B05460028E1D03D2D40F01E8104F1E3
S21400AA78080303932368059A606CA2EB030ABAFBE3
S21400AA88F0FA00FB0A302CF0C4FCE16A8046204647
S21400AA982CF012F9A26A824200F00F81626CD9F893
S21400AAA80830511E0B40216B2768891A0B44236314
S21400AAB8089BE062DF1BB7FBF2F7BA4540F0FA8066
S21400AAC8059BB3EB080A12D0E36B4FEA9A0241469D
S21400AAD89B6998478346E36A059A5344E362236B67
S21400AAE803989B1A434423632CF0EBFADA46236850
S21400AAF8616CE06B01FB07312CF000FC20462CF063
S21400AB081EF820462CF01BF92063BAF1000F00F05F
S21400AB18D4803269616CD31D1439B3FBF1F3013369
S21400AB2802EBC3029042A5D2BFE00D9A002A77D165
S21400AB38B8F1030F4FEA98026ED9E16B18468D6993
S21400AB4807991093A847109B0546C0B918F0030547
S21400AB5815D0079A28F0030B02EB0B019B444FF025
S21400AB68FF3215A815922A46109312F0A9FCE26B3C
S21400AB785846956915A90122A8470546109B9B4685
S21400AB88079A42440792002D40F08B80049B16A833
S21400AB980193069B009399F814204346316800F009
S21400ABA8CDFDE36B0F9A9B69039816A99847039AFD
S21400ABB8051E089B18BF1346089343465246204670
S21400ABC803992CF0A6F8236B08F10302A3EB0A03FB
S21400ABD822F003029B1AC9F808002363002D7FF4AD
S21400ABE843AF0C9BA7EB080743440C93CDF80CB077
S21400ABF8204603992CF060F800250390002F7FF478
S21400AC08B9AE364A3168936804F10800E3625268C0
S21400AC180B9B00F00BFD49E09B46454607999EE7CF
S21400AC289B4606F120021092F27D7068A2B10022BF
S21400AC3896F818C00A99D5B2AC4511D9109D02F1FC
S21400AC48010E35F832508D4228D90E9806EBC2020E
S21400AC580144D069084403E00E9A0A990A4410444D
S21400AC68E26B15A9556901221193A847159A0A9B04
S21400AC781392E26B043395695846012213A90A9386
S21400AC88A847119B054603EB0802A2EB0B02042A11
S21400AC987FF679AF28B90BF1040BC5E77246491B56
S21400ACA8C9E7CDF820B088E770252F46384619B092
S21400ACB8BDE8F08F4FF0000A19E73269616CD31DC2
S21400ACC81439B3FBF1F3013302EBC302236B93424F
S21400ACD8BFF404AEE9E71C27E8E700BFC43B002042
S21400ACE8032A2DE9F34106460D4617461C4606D1AB
S21400ACF8237A012B23D0012002B0BDE8F081DFF8CB
S21400AD086080096842460DF10703FFF7ABF96060FB
S21400AD180028EDD19DF80720237A032AE8D0D8F832
S21400AD2804106A689142E3D1012B2969D4F80CC053
S21400AD3807D172690CEB0103934202D92074207C78
S21400AD48DAE708316144E1603B460122294630468D
S21400AD58FFF7ACFD60600028CAD00020CCE700BF33
S21400AD68F03B00202DE9F341089C032A1746266885
S21400AD7806D1237A012B24D0012002B0BDE8F08149
S21400AD88DFF89080304642460DF10703FFF76AF970
S21400AD9860600028EDD12568D8F80400A96AD5F8BF
S21400ADA844C04840CCF100031840227AE1D1012A79
S21400ADB809D1E268D8F8103013447269934202D970
S21400ADC82074207CD9E72868EB6A1B1A081AB3FB9C
S21400ADD8FCF3B0FBFCF083420BD1706CF36A421EA6
S21400ADE81340326B121A1344284633632BF064FF61
S21400ADF8E862D8F81020E36808321344E3600122BA
S21400AE083B4604492068FFF751FD60600028B0D033
S21400AE180020B2E7F03B00202DE9F0410025604B0A
S21400AE280E46D3F8008004461D6018B9212528462A
S21400AE38BDE8F08190F8347007B30A6803689A4250
S21400AE4840F0A3804A6843689A4240F09E808A6829
S21400AE5883689A4240F09980CA68C3689A4240F06C
S21400AE6894800A6943699A4240F08F808A69C36B66
S21400AE789A4240F08A804B698361D8E7682239464F
S21400AE88856B12F08DF9D6E90212336804F10800D2
S21400AE9823607368A5636360336963617369A3613C
S21400AEA82CF021F9B36904F14000E3639B689847E6
S21400AEB820B9676C17B16368B3FBF7F794F84330AB
S21400AEC8E761002BB2D00023656C2366002D64D0A2
S21400AED8002F62D02368B3FBF5F205FB1233002B74
S21400AEE855D16668B6FBF5F305FB1363002B4ED108
S21400AEF820462BF0F0FDA369043303449E4248D352
S21400AF0840F634726369CC3B934244D8B5F5805F0B
S21400AF1843D3032120462BF007FED4E90001E36B58
S21400AF281B6898470546E36B0220DB689847CDB94F
S21400AF3841462046FFF77AF96428054604D141467B
S21400AF482046FFF773F90546666C5DB9236A204606
S21400AF58143E5E432BF0BFFDA369043303449E42B0
S21400AF6838BF5A25002D0CBF0123002384F834303F
S21400AF7807D1D4E900010B4A1368013313602CF09B
S21400AF884CF9E06B2BF069FF51E75D254FE7592533
S21400AF984DE75A254BE75F2549E75B2547E700BF9E
S21400AFA854350020503500202DE9FF410C46164642
S21400AFB81F46054680B390F834307BB3B1F5801F42
S21400AFC82ED2DFF8608001212BF0AEFD21464246E6
S21400AFD828460DF10F03FFF745F8044670B99DF8AB
S21400AFE80F30012B11D1D8F81030BB4212D10246CF
S21400AFF8009031462846FFF743FB0446E86B2BF0E3
S21400B0082CFF204604B0BDE8F081022B14BF2D2487
S21400B0186024F3E76324F1E72124F2E71124F0E73C
S21400B0282924EEE71C3C00202DE9F04385B00C46A9
S21400B03817461E460546DDF8308098B390F834303B
S21400B04893B3B1F5801F31D2DFF8649001212BF05D
S21400B0586BFD21464A4628460DF10F03FFF702F816
S21400B068044688B99DF80F30012B14D1D9F8102062
S21400B07806EB08039A4213D30090434632463946F5
S21400B0882846FFF7FDFA0446E86B2BF0E6FE204656
S21400B09805B0BDE8F083022B14BF2D246024F3E727
S21400B0A86324F1E72124F2E71124F0E72924EEE7E8
S21400B0B81C3C002073B50C461646054630B390F87F
S21400B0C834302BB3B1F5801F24D201212BF02CFD90
S21400B0D821462846104A0DF10703FEF7C3FF04462B
S21400B0E880B99DF80730032B0CD0022B0CD12846CC
S21400B0F809492BF010FF3060E86B2BF0AEFE2046B7
S21400B10802B070BD2D24F7E76124F5E72124F6E7A1
S21400B1181124F4E72924F2E71C3C00202DE9F3412A
S21400B1281E4600230C4617460546336050B390F873
S21400B13834304BB3B1F5801F28D2DFF85480012194
S21400B1482BF0F2FC2146424628460DF10703FEF78F
S21400B15889FF0446A0B99DF80730032B10D0022BB0
S21400B16803BF01233B600423D8F8103018BF3860AB
S21400B1783360E86B2BF071FE204602B0BDE8F08124
S21400B1882D24F6E72124F7E71124F5E72924F3E729
S21400B1981C3C002073B50446056B2BF09CFC636EC4
S21400B1A803449D422CBF00230123854294BF0025FB
S21400B1B82D1A207C84F85030656584F85800A8B1AC
S21400B1C800230C4E1A461946204600962BF067FFB9
S21400B1D8002305461A461946204600962BF068FFB7
S21400B1E8E3682844984294BF0020C01AE06502B07D
S21400B1F870BD00BFFFFF0F002DE9F3471E464369E9
S21400B2080446B342884617469DF828904ED3002534
S21400B2188DF8075020462BF05EFCD4F830A0824507
S21400B2280AD2236AB5EB430F06D2002220460DF158
S21400B2380701FFF745F9B8B39DF80730012B05D18C
S21400B248002220460DF10701FFF73AF9B9F1030F7E
S21400B25806D0314620462BF02EFC256B854227D398
S21400B268144D4FF0FF31284600F0B2FA4B462946F7
S21400B27800222046C5E90376C5F80080FFF716FBCE
S21400B288236E054663B12046FFF784FF94F85030D6
S21400B29813B994F858301BB1236E04F15000984740
S21400B2A8284602B0BDE8F0870135B3E76225F7E720
S21400B2B81C25F5E7F03B00202DE9FF410F46904698
S21400B2C81E46054698B390F8343093B3B1F5801F00
S21400B2D831D21A4C02212BF027FC22463946284642
S21400B2E80DF10F03FEF7BEFE024678B10123424673
S21400B2F80093394633462846FFF77EFF0446E86B38
S21400B3082BF0ABFD204604B0BDE8F0819DF80F3069
S21400B318012BEBD12169B142E8D10093414633466F
S21400B3282846FFF7ADF904460028DFD1E7E72124D1
S21400B338E8E71124E6E72924E4E700BF1C3C0020E0
S21400B3482DE9F04790F8423086B0012B0546039168
S21400B358A1EB020740F0AA80FF2F03D81E464FF045
S21400B368640807E00226012B14BF4FF032084FF09E
S21400B3786408013600244FF6FF79DFF844A195F8F3
S21400B3884230012B14BF322364239C4202D35FFA57
S21400B39888F40DE005AB2246514628462BF099FD69
S21400B3A895F84230012B059B34D14B452DD1E4B29C
S21400B3B895F84230012B14BF32226422121BB24287
S21400B3C817D3012E39D10022012B05978DF81320AB
S21400B3D827D1082205A90DF113002CF036F89DF8A0
S21400B3E81330059A42EA032221462846FFF730FA28
S21400B3F840B10223324900932846CC23096803AAA1
S21400B408FFF7FAFE06B0BDE8F087DBB203B90234F0
S21400B4180134B4E7591CCAD09BB2002BF8D10134CA
S21400B428F6E7102205A90DF113002CF00EF89DF88A
S21400B4381330059A42EA0342D6E7039A012B05928F
S21400B44823D10823202205A90DF113008DF8133007
S21400B4582BF0FBFF9DF81320120221462846FFF723
S21400B468F7F995F84230611C012BC9B21AD10028A9
S21400B478BFD12846BDF81420FFF7EAF90028B8D14E
S21400B4880234BDF81620E1B2AFE71023202205A942
S21400B4980DF113008DF813302BF0D7FF9DF813200D
S21400B4A81204DAE70028A4D1059A9EE7B7F5803F8C
S21400B4B84FF00106BFF457AF4FF032085AE700BF07
S21400B4C81C3C002070B586B00E4605460392A0B315
S21400B4D890F834309BB3B1F5801F32D202212BF09E
S21400B4E823FB31462846184A0DF11703FEF7BAFD26
S21400B4F8044618B99DF81730032B0ED1022331469F
S21400B50800932846CC2303AAFFF776FE0446E86B8A
S21400B5182BF0A3FC204606B070BD022B0BD10A49BF
S21400B52828462BF0F8FC039902468142EFD02846BD
S21400B538FFF706FFEAE76124E9E72124EAE7112492
S21400B548E8E72924E6E700BF1C3C0020F7B50C46D0
S21400B5581646054668B390F8343063B3B1F5801FD5
S21400B5682BD202212BF0E0FA21462846144A0DF188
S21400B5780703FEF777FDC0B99DF80730032B14D0F4
S21400B588022B14D10E4928462BF0C5FC471C024650
S21400B59839462846FFF7D4FE044606B13760E86BFE
S21400B5A82BF05BFC204603B0F0BD2D24F7E76124A2
S21400B5B8F5E72124F6E71124F4E72924F2E700BF8B
S21400B5C81C3C002030B50C46054685B028B390F8DC
S21400B5D8343023B3B1F5801F23D202212BF0A4FA0E
S21400B5E80DF10F03214628460F4AFEF73BFD03469A
S21400B5F888B99DF80F20032A0DD003222146009211
S21400B60802462846FFF7F8FD0446E86B2BF025FCB3
S21400B618204605B030BD2D24F7E72124F8E711248D
S21400B628F6E72924F4E700BF1C3C00202DE9F04388
S21400B638466886B3056898464FF0000CA946AE469D
S21400B64855F83C400CF1010CC4F31307013401D043
S21400B658B94217D0B4450EF1080EF1D12F46002492
S21400B66803E0B44207F1080712D055F83430013425
S21400B6780133F6D1C1F3130141EA0851C7E90012B4
S21400B688BDE8F08341EA0851CEE90012BDE8F08330
S21400B698B8F1030F03D101230372BDE8F08300233A
S21400B6A803E0B34209F10809F5D055F833400133F1
S21400B6B8C4F30754032CF4D1C1F3130343EA085325
S21400B6C8C9E90032BDE8F0832DE9F0410646406836
S21400B6D882B0B8B10F4690460024336853F8345009
S21400B6E803EBC403C5F30752C5F31301013506D0AF
S21400B6F85B683046CDF80080B84718B170680134EA
S21400B7088442EAD302B0BDE8F08100BF024B196854
S21400B718024B1868FFF780BB2C6700204C67002098
S21400B72808B535F086FB014B186008BD483C00207C
S21400B738014B186835F078BB483C002073B50446C2
S21400B7482248012A00EAC1119DF8185023F07C40CF
S21400B75807D9961E012E28D9073303F07F0319430D
S21400B76808E09DF81C300A43DB0603F0C053134379
S21400B77843F060410023C4E900108DF80730B5B1E6
S21400B788202221460DF107002BF05FFE1A220DF14C
S21400B7980700211D2BF059FE082063689DF8072036
S21400B7A843EA8263636002B070BD1143E2E71B227E
S21400B7B80DF1070021462BF048FE23689DF8072068
S21400B7C8042043EAC2632360EDE700BF80FFFF075B
S21400B7D838B5094B0D461A680021044611F0E0FCFE
S21400B7E800234FF0FF322383C4E900252361A260BB
S21400B7F8E382A37638BD00BF9CAE04000138C0B211
S21400B80805289ABF014B185C01207047A1AE0400BA
S21400B8182DE9F0410746154600240E46596888B0BB
S21400B828490A012922464FEA510104F10104F8D8D1
S21400B838DC78997824031B88C90201F4006104F4B3
S21400B84880540C43C3F30A035203234492B24FF0C6
S21400B85800089C18274B6FEA0444039325F07843A6
S21400B868ED4302A90DF107001B2202938DF807800D
S21400B8782BF0EBFD9DF80720029B02A943EAC26362
S21400B8880DF107001B2225F07845049302958DF8E4
S21400B89807802BF0DAFD9DF80720029B6FEA144418
S21400B8A843EAC26305934FF0FF330794069307A94C
S21400B8B8BB69012206F110009847BB6905A9044632
S21400B8C8012206F108009847BB69404518BF0446A0
S21400B8D804A90122301D98470122404518BF044696
S21400B8E8BB69304603A99847404508BF204608B0BC
S21400B8F8BDE8F08101009AB2044BD3F88420D20642
S21400B908FBD4D3F88400C0F3811070470040005081
S21400B91838B5184B0546D3F824010C4600F0070046
S21400B928062823D8DFE800F0040A121A1E0E1600AE
S21400B938012305B1286004B1236038BD33F00CFB41
S21400B9480523F6E733F008FB0623F2E733F03EFB61
S21400B9580323EEE733F03AFB0423EAE733F032FB3F
S21400B9680223E6E735F078FA0723E2E700231846CD
S21400B978DFE700BF0080005038B5104B0546D3F807
S21400B98800310C4603F00303022B0BD0032B0DD01B
S21400B998012B0FD133F01AFB032305B1286004B13D
S21400B9A8236038BD33F018FB0823F6E735F054FA61
S21400B9B80723F2E701230020EFE700BF00800050CE
S21400B9C838B5104B0546D3F820310C4603F0030370
S21400B9D8022B0BD0032B0DD0012B0FD133F0BCFA62
S21400B9E8052305B1286004B1236038BD33F0EEFAAC
S21400B9F80323F6E733F0E6FA0223F2E701230020F2
S21400BA08EFE700BF0080005038B5104B0546D3F866
S21400BA1840310C4603F00303022B0BD0032B0DD04A
S21400BA28012B0FD135F01AFA092305B1286004B1A5
S21400BA38236038BD33F0D0FA0823F6E735F011FA5C
S21400BA480B23F2E701230020EFE700BF0080005039
S21400BA5838B5104B0546D3F860310C4603F003039F
S21400BA68022B0BD0032B0DD0012B0FD135F0F6F996
S21400BA78092305B1286004B1236038BD33F0ACFA59
S21400BA880823F6E735F0EDF90B23F2E7012300204B
S21400BA98EFE700BF0080005073B50D4600210E4B3F
S21400BAA80191D3F88041064604F00304012C09D01E
S21400BAB8022C0CD00C460EB1019B336005B12C60ED
S21400BAC802B070BD01A8FFF77BFF0F24F3E733F041
S21400BAD879FA0190EFE700BF0080005038B5104BA8
S21400BAE80546D3F840320C4603F00303022B0BD06E
S21400BAF8032B0DD0012B0FD135F0B0F9092305B172
S21400BB08286004B1236038BD33F066FA0823F6E7E8
S21400BB1835F0A7F90B23F2E700231846EFE700BF36
S21400BB280080005038B5144B0546D3F800020C4682
S21400BB3800F0070004281BD8DFE800F003090D1101
S21400BB481500012305B1286004B1236038BD35F01F
S21400BB5885F90923F6E733F03FFA0823F2E735F0CC
S21400BB6880F90B23EEE733F017FA0E23800AE9E78D
S21400BB7800231846E6E700BF0080005010B40D4CBE
S21400BB880B46D4F8204204F00304012C0AD0022CF9
S21400BB980CD008B1002101600BB100221A605DF8D4
S21400BBA8044B70475DF8044BFFF70ABF5DF8044B7B
S21400BBB8FFF72ABF00800050B0F5207F1FD009D8B5
S21400BBC8B0F5007F15D003D868B1B0F5C07F0AD0AD
S21400BBD800200CE0B0F5607FFAD10B4BD3F880005C
S21400BBE8C0F3011003E0084B186FC0F303300130B0
S21400BBF87047054BD3F89000C0F30460F7E7024B94
S21400BC08186FC0F38020F2E7008000504FF400322F
S21400BC180E4B014610B500209A66FFF7CDFF484345
S21400BC2841F671320A490B4B884294BF0020012026
S21400BC38DC69DA639A6822F4401242EA00529A6093
S21400BC48E20344BF0022DA6310BD00BF0090005034
S21400BC58005A6202000003505F2898BF094B4FEA5B
S21400BC68501294BF53F82230074B00F01F0029B13A
S21400BC7803F58053012282401A60704703F500538B
S21400BC88F8E700BFA8AE0400608200501FB5002188
S21400BC98B0F5807F0446019100F0068100F29D8091
S21400BCA8612800F295801F2805D8002840F0928069
S21400BCB833F072F9DCE0A0F12004412C00F28A800F
S21400BCC801A353F824F000BFB9BC00007DBE0000F5
S21400BCD8B9BC00007DBE00009DBE00009DBE0000F1
S21400BCE89DBE00009DBE00007DBE00007DBE00001B
S21400BCF857BE000011BE0000D3BE0000DDBE000027
S21400BD0811BE00007DBE00007DBE00007DBE0000A6
S21400BD18DDBD0000DDBD0000DDBD0000DDBD0000AE
S21400BD28DDBD0000DDBD0000A7BE000033BE00007C
S21400BD387DBE00007DBE00007DBE0000F1BE000096
S21400BD48E7BE00007DBE0000DDBD0000DDBD0000D2
S21400BD58DDBD0000DDBD0000DDBD0000DDBD00006E
S21400BD68DDBD0000DDBD0000DDBD0000DDBD00005E
S21400BD78DDBD0000DDBD0000DDBD0000B9BC000073
S21400BD88DDBD0000B9BC0000B9BC0000B9BC0000AD
S21400BD989DBE0000DDBD0000DDBD0000DDBD00006D
S21400BDA8DDBD0000DDBD0000DDBD0000DDBD00001E
S21400BDB8DDBD0000DDBD0000DDBD0000DDBD00000E
S21400BDC8DDBD0000DDBD0000B9BC0000B9BC000048
S21400BDD880284BD0019804B010BDB0F5A06F5ED097
S21400BDE828D8B0F5607F50D019D8B0F5007F4CD071
S21400BDF804D8B0F5C07F3FF45BAFEBE7B0F5207F23
S21400BE0838D0B0F5407FE5D133F0C6F802464FF497
S21400BE182070FFF7D1FEB2FBF0F2520833E0B0F51F
S21400BE28806F37D0B0F5906FD4D1002101A8FFF706
S21400BE386FFDCFE7B0F5E06F51D00DD8B0F5C06F05
S21400BE4843D0B0F5D06F45D0B0F5B06FC2D1002161
S21400BE5801A8FFF721FEBDE7B0F5F06F44D0B0F5B6
S21400BE68086FB7D101A8FFF787FDB3E733F07AF874
S21400BE780190AFE733F090F802464FF42070FFF7D2
S21400BE889BFEB2FBF0F20192A4E733F06BF8024691
S21400BE982046F4E7002101A8FFF792FD9AE7002163
S21400BEA801A8FFF76BFE95E74FF0E02302911B69A8
S21400BEB85B0705D533F070F80290029B019389E77B
S21400BEC803A902A8FFF7A0FDF7E7002101A8FFF7DE
S21400BED89BFD7FE7002101A8FFF724FE7AE70021F3
S21400BEE801A8FFF7FBFD75E7002101A8FFF7B0FDE5
S21400BEF870E700BF08B58020FFF7C8FE034B9842DE
S21400BF089EBF4FF48032024B1A6708BD005A620281
S21400BF1800A000501FB503460020B3F5807F0190AF
S21400BF286FD027D8382B00F082800BD8243B092BFB
S21400BF380FD8092B0DD8DFE803F05F5F5F5F0C0CA6
S21400BF485A0C3675522B57D007D83D2B3AD03E2B75
S21400BF5872D0019805B05DF804FB802BF9D1394BF7
S21400BF681B6F03F00703013B032BF2D8DFE803F04F
S21400BF783D36393BB3F5D06F54D019D8B3F5A06F1A
S21400BF8855D00AD8B3F5806F36D0B3F5906FE0D1A8
S21400BF98002001A9FFF7BCFCDBE7B3F5B06F26D09D
S21400BFA8B3F5C06FD5D1002001A9FFF72DFDD0E766
S21400BFB8B3F5006FECD00AD8B3F5E06F3CD0B3F514
S21400BFC8F06FC6D1002001A9FFF742FDC1E7B3F51F
S21400BFD8086FBED101A9FFF7CFFCBAE70523019386
S21400BFE8B7E70323FBE70723F9E70223F7E7002071
S21400BFF801A9FFF751FDACE7002001A9FFF7E0FC17
S21400C008A7E74FF0E02302901B695B0705D532F0DF
S21400C018C3FF0C230393039BE1E703A902A8FFF7DA
S21400C028F3FCF8E7002001A9FFF77CFD91E7002064
S21400C03801A9FFF7A3FD8CE7002001A9FFF74EFD35
S21400C04887E700BF008000504FF40022034B5A6673
S21400C058012203F580439A62704700BF00900050A3
S21400C06870B504468020FFF755FF032800F082804D
S21400C0784FF40022444B02215A6645F60E03434A03
S21400C088C2F88030424B9962012103F580539962C9
S21400C098936DD903FCD4D4E900131B0543EA016366
S21400C0A8E17B94F823500B43217B43EA0143617BF1
S21400C0B843EA0133A17B43EA811313619169D4E90A
S21400C0C804031B0643EA806301F000410B43A17E8C
S21400C0D8E07E0B43217E43EA0143617E43EA012367
S21400C0E89361E169136A002923F00D0343EA01030B
S21400C0F814BF0121002143EA800343EAC103136207
S21400C10894F8203094F82200916A4FEA431332D10B
S21400C11894F8216021F0330143EA06130B4343F0F9
S21400C128010393621B49194B9A6D31EA0202FBD14F
S21400C138022217498A621A659A6D5200FCD41A6957
S21400C148A16822F4700242EA01521A614FF00042D6
S21400C1580F4B9A6118B9022203F580539A6215B9F3
S21400C16801220D4B9A6294F824301BB1074B0B4AF8
S21400C178C3F8802070BD21F0330129430B4343EAFE
S21400C18840039362EFE700BF0090005000C00050E5
S21400C19800D000500300014000E00050F1A7FFFF68
S21400C1A8014B93F900007047C85C0020014B1880CB
S21400C1B8704700BF866C0020B0F5207F10B50C468F
S21400C1C842D008D8B0F5007F33D003D888B1B0F590
S21400C1D8C07F0ED010BDB0F5607FFBD11F4A4C1E45
S21400C1E8D2F8803023F0300343EA0413C2F88030D4
S21400C1F8F0E72BF048F92BF054F94FF48031184B40
S21400C208164A1967136F013C23F4704343EA043354
S21400C218136732F0C1FE0446FFF76EFBC0F1020159
S21400C22820462BF038F900F035F8BDE81040FFF747
S21400C23861BE0A4A4C1ED2F8903023F0F85343EAFF
S21400C2480463C2F89030C5E7044A4C1E136F23F403
S21400C258806343EA84231367BCE700BF008000506E
S21400C2680090005008B50121022000F0E1F84FF4D4
S21400C2782070FFF7A1FC054B18702BF004F92BF083
S21400C28810F94FF48032024B1A6708BDC75C0020CD
S21400C2980090005008B54FF4C070FFF7F7FCBDE8F3
S21400C2A808400449884294BF012102214FF42070B7
S21400C2B8FFF782BF80F0FA0238B5044632F06CFE0B
S21400C2C80546FFF719FBC0F1020128462BF0E3F8F4
S21400C2D80121002000F0ECF82CB1FFF7DBFFBDE8E9
S21400C2E83840FFF707BE034B4FF420701978FFF766
S21400C2F863FFF4E7C75C002010B5224B70B94FF413
S21400C3080031214A1860516602F598325268012AAF
S21400C31803D11E4AD2F800211A6010BD1B68002BF4
S21400C328FBD01B4A5268012AF7D0184A8020C2F868
S21400C3380031FFF7EFFD05281FD14FF4C070FFF757
S21400C3483BFC0128044604D102214FF4C070FFF7D5
S21400C35833FF07220F4B1A610122A3F580535A6058
S21400C3680B4A1369DB07FCD5012CD6D12146BDE85C
S21400C37810404FF4C070FFF71FBF0122064B5A60EB
S21400C388CBE700BF4C3C00200090005000800050D7
S21400C39800C0015000E0015000D00150044A417826
S21400C3A8536F23F4407343EA01235367704700BF73
S21400C3B80040005010B5044610B10020FFF79CFF5F
S21400C3C8124A136943F00403136133F05BF92BF048
S21400C3D86DF80F4B5B6E5B0142BF0E4B0E4AC3F8FF
S21400C3E8202434F026FD34F0D3FF34F01DFD2BF066
S21400C3F85EF802F0FFF81CB9BDE8104032F0CCBD7C
S21400C4080120BDE81040FFF777BF00BF00ED00E051
S21400C4180080005000E003500000FF0F034A017937
S21400C428D36E23F030030B43D366704700400050AA
S21400C438F8B504461C4BD3F88420D106FBD4D3F8B1
S21400C4488430C3F381139C422CD032F08BFD012C30
S21400C458064602D121462BF01EF834F0EAFC4FF0CF
S21400C4680072124B07465A6620462BF027F84FF400
S21400C47880630D4D621E93402B676B6E9A0103D442
S21400C488D5F884309B060AD5384634F0CDFC022C05
S21400C49808D13046BDE8F84000212AF0FCBFD5F8A0
S21400C4A88430EAE7F8BD00BF004000500060005046
S21400C4B810B50C4608B932F055FD074B21461B78D7
S21400C4C83BB1064B984204D80120BDE81040FFF760
S21400C4D8AFBF0220F9E700BFC95C0020005A62021D
S21400C4E80278034B012100201A70FFF7E1BF00BF56
S21400C4F8C95C00204FF0004238B5264B26495A66DC
S21400C50801224A604AF6CD3103F50B235D6C1964A7
S21400C518154030BB9968C9070BD4002401221F4B6D
S21400C5285A6015B11E4B1F4A1A642FF013FB20469B
S21400C53838BD1A498A601C4AD96ACC0705D4904285
S21400C54801D10724EAE70130F6E79042E5D1F8E79B
S21400C5580132DC6A14F0080406D08A42F8D10724AF
S21400C568DFE700221049F4E78A42F8D020220B4B76
S21400C5780B495A620122A3F580539A6023460A4A59
S21400C588486A800603D49342E9D00133F8E7934219
S21400C598C7D1E4E7009000500050095000600950E9
S21400C5A8004009503254FFFF40420F004FF000424F
S21400C5B838B5174B174C5A66012203F50C235A60F8
S21400C5C84AF6CD33656C2364437893401343124A86
S21400C5D8D363C3788178A2689B0043EA011322F0EC
S21400C5E874021343A3600279837943EA0223236122
S21400C5F84279C37943EA022363610078FFF77AFF3A
S21400C608EB0744BF054B23642FF0A4FA012038BD7E
S21400C6180090005000400950004000503254FFFF80
S21400C628F8B504460D461F4616464AB101238B4008
S21400C6383021184A01FB0022F7B141F2100153508D
S21400C64804EB4403072D4FF00F014FEA031316D8E7
S21400C658A80006FA00F281400F4818442AF02FFF77
S21400C6684EB9012330210B4AAB4001FB042277B1B7
S21400C67841F210015350F8BD42F21001DFE7A5F170
S21400C6880800800006FA00F281400448E5E742F216
S21400C6981001EFE700C0035004C003500CC003505D
S21400C6A80121024600F5805310B55960244B2549F0
S21400C6B8C36053690B40FCD19361C2F89830536944
S21400C6C813F4401FFBD15369D9052DD4936F5BBB78
S21400C6D853699B052AD4D2F8881039BB1046D36F05
S21400C6E8D2F88C302AF0FAFE302391601161D162BC
S21400C6F811621367C2F88030134B9A4208D142F28F
S21400C7086000124B90641365516590651366516618
S21400C7180D4B9A4202D1002010290AD10C4B02F583
S21400C72800525362936210BD536FCCE7D2F8843040
S21400C738CEE701F1280443F824000131ECE700BFF6
S21400C74812000200520001000040005A00C0028099
S21400C7588F330F80084608B569B92A20FFF796FA7E
S21400C768B0B10C4B984206D90B4B9B68C3F30273C7
S21400C7780133B0FBF3F0094B00F5742000F23F20BC
S21400C788B0FBF3F001387F2828BF7F20C0B208BD71
S21400C7980120F0E7005A62020040005A40420F00AB
S21400C7A80B4B10B5994228BF19460C461AB92A20D1
S21400C7B8FFF76CFA0246631E1344B3FBF4F0A34279
S21400C7C828BF00F1FF30032828BF0320C0B210BDE1
S21400C7D8005A620210B51048104C002B08BF0446D9
S21400C7E88C4228BF0C461AB92A20FFF74FFA024691
S21400C7F89DF8083040F2FF300133B2FBF3F2631EB7
S21400C8081A44B2FBF4F3A24228BF03F1FF3398425E
S21400C81828BF184610BD00BF80969800404B4C00B5
S21400C8282DE9F04F2DED048BB64E0C4687B0154615
S21400C838314600220746FFF7B3FF94F80580804587
S21400C84838BF804638462AF049FE20795FFA88F8CD
S21400C85850B92A20FFF71AFAB042014628BFB0FBA3
S21400C868F8F13846FFF776FF4FF00009E3782278AC
S21400C8781B01524202F0020203F0300313436278AF
S21400C8880004524202F004021343A27800F4FE00A9
S21400C898524202F0080213434FEA087202F0E042DE
S21400C8A813431843E3882289B8603B616389DFF83D
S21400C8B860A243EA02433B62574502D1B9F1020F30
S21400C8C808D1012307F580577B6007B0BDEC048BC1
S21400C8D8BDE8F08F00222E788B488C49AC689642CB
S21400C8E818BF014633468A48CDF80080FFF772FF26
S21400C8F807EB09118B6CA2B223F0435323F41D13E4
S21400C90823F4405323F01F0306F003041C436B78FC
S21400C91882424FEA830303F01C0344EA0304AB781D
S21400C92838BF02461B03E87803F4E04323430404B5
S21400C93804F4E02423432C7C4FEA091C640504F421
S21400C948600423432C7909F1050B240704F04054AE
S21400C95823438B648C6C6F49C4F30234013C042C6B
S21400C96826D8DFE804F0252503101A00D1F8804100
S21400C978240C2EB3C2F309020AEB0B135A6009F112
S21400C9880109143598E7D1F88441002EF2D1D1F880
S21400C9988C11A4B20914490015E0D1F88441002E80
S21400C9A8E8D1D1F88C11240C091401EB41010AE0F6
S21400C9B8D1F88041A4B2002EDCD1DFED577A06E02C
S21400C9C8D1F88C11091407EE901AF8EEE77A0121CF
S21400C9D80CF1B44C0CF5804C2304DCF8483024F4F5
S21400C9E8C046C3F3820C0CF1010C01FA0CF107EEF9
S21400C9F8101A4FEA864648BF46F0004613F01C0F4A
S21400CA08B8EEC79AF6EE008A424B4CD1D3F88C1192
S21400CA180BB208EE103AB8EEC88A38EE278A002815
S21400CA2858D105A8039200F013F9DFED3C7A28EEFA
S21400CA38278A039A9FED3A7AC7EE097A9FED397AE4
S21400CA4867EE877AB1EE007AB6F1004F48EE077ABD
S21400CA580BD09FED357A06EE104A77EE876ABAEE67
S21400CA68E86AF0EE477A56EE267AF5EEC07AF1EEE8
S21400CA7810FACBBFF1EE677A78EEE78A77EEE87AB7
S21400CA88FDEEE87AC8BFFDEEE77A17EE901AB1F524
S21400CA98003F2EDB6FEA56466FEA46461C484FEACA
S21400CAA80B11465066E7D3F8901169EE286A09B26A
S21400CAB807EE101AB8EEC77AD3F8881177EE677AB9
S21400CAC80BB208EE103A87EEA67AB8EEC88A38EEA9
S21400CAD8078AA4E7D5ED037ADFED146AF8EE677ADD
S21400CAE887EEA67AF7EE046AC6EE877A27EE888A75
S21400CAF8A0E711F5003FAABFC1F3110146F40036BE
S21400CB080E43CBE7005A6202404B4C0080969800D2
S21400CB180040005A0080E00F000000003D3B843FC4
S21400CB2800008043000020440000004900007A44CA
S21400CB384FF40032054B9A6641F6713203F51C3302
S21400CB48DA63012203F50053DA607047009000505C
S21400CB5841F671320121064BDA6303F50052D160C3
S21400CB680022DA634FF40032A3F518339A6670474A
S21400CB7800000350044B1868421C02BF034AD2F850
S21400CB8894001860704700BF5067002000400050AF
S21400CB98CB784A7810B55B010C7843EA82030A79A9
S21400CBA8234343EA02130C22424302F1B0421363C2
S21400CBB8012C02BF8A78024B43F8202010BD00BF24
S21400CBC8E880035008B54FF0B0435A6802B960B120
S21400CBD85B680BB12AF0FFFC4FF0B04130B1012082
S21400CBE8074B58602AF0F7FCC86008BD2AF0F3FC2B
S21400CBF80223CB602AF0EFFC0122024B5A60F4E7CE
S21400CC0800100058002000584FF0B0414B6810B58F
S21400CC180BB12AF0E0FC01220B4BC4785A608378EB
S21400CC28934043EA840344782343047943EA04138D
S21400CC38447943EAC4038B60044B5A600378C3F113
S21400CC480203CB6010BD00BF00200058001000583B
S21400CC584FF48032064B5A6603F5E6235B69C3F346
S21400CC688512827003F03F021B0B427003707047F8
S21400CC7800900050024B1868C0F30740704700BF8A
S21400CC880080E00F0120034B9B680A3303F01F0364
S21400CC98984070470080E00F034BD3F82424D3F85D
S21400CCA820041040704700BF00C003502DE9F84329
S21400CCB81E4B0546D3F810334B1E0E2B0E46174652
S21400CCC890F8009044781DD909B34FF0000828461C
S21400CCD8D7B134F0C9F809EB4903072C4FF00F0118
S21400CCE84FEA031315D8A400114808FA04F2A14025
S21400CCF818442AF078FCBEB928468FB1BDE8F84338
S21400CD0834F0B2B88846E2E72AF07CFCE3E78846C7
S21400CD18E1E7083CA400074808FA04F2A140E7E760
S21400CD28BDE8F8432AF06EBCBDE8F88300C003509F
S21400CD3804C003500CC003502DE9F0412B4B174696
S21400CD48D3F810234A1C06460C46407804D1D3F87C
S21400CD5824142AF065FC0446002C2FDB072C4FF021
S21400CD68030532782DDC4FEA840805FA08F52946CB
S21400CD781F4802FA08F22AF036FC294672781D483F
S21400CD8802F0030202FA08F22AF02DFC012317F03B
S21400CD98050F194A18BF194903FA04F30CBFC2F85D
S21400CDA81034C1F8103417F0060F18BF134AC2F82B
S21400CDB814340123104AA340C2F820342046BDE8A4
S21400CDC8F081A4F108084FEA880805FA08F529460C
S21400CDD80B4802FA08F22AF006FC7278294602F096
S21400CDE80302084802FA08F2CEE700BF00C0035064
S21400CDF800C4035008C4035000E0035000D003509A
S21400CE0804C403500CC4035070B504462EF0E7FE65
S21400CE18064630B90FCC044D0FC594E8030085E8E4
S21400CE280300304670BD00BF503C002047F6FF7335
S21400CE389A42F0B569D0022969D8364B5B5C012B5B
S21400CE4865D8354DDE0005EBC30415F83330A178F8
S21400CE58012B13D10025E078401AA84202D80844CE
S21400CE68C0B2F0BD431B6668A0EB530336F91360E7
S21400CE789642D4BF1D4603F1FF30EEE760680028EF
S21400CE88EFD0B0F90040944204DBB0F90240944277
S21400CE98B8BF144683883544FF2B19BFC8232827F4
S21400CEA8B0F90630B0F90870A3EB04030CBF0122F2
S21400CEB8002293FBF7F36E7813441BB29E4201DD03
S21400CEC8002B01DA731E1BB24FF47A7C00EBC30505
S21400CED8EA88AD685F1C14FB02521D4622EAE2721D
S21400CEE83BB25C329E42B2FBFCF204DD00EBC307A9
S21400CEF8BF889742EAD200EBC5039888904228BFBD
S21400CF081046884238BF0846AAE7FF20A9E700204F
S21400CF18A7E700BFB4AE0400503C00200229F0B5D5
S21400CF2855D82C4B585C012851D82B4C04EBC00123
S21400CF3814F830004B6801280FD1C8788C789042D6
S21400CF4894BFC4EB0001C4EB0201001BCAB28242C4
S21400CF58C8BF002233F91200F0BD002B37D08878FE
S21400CF68904202D3B3F90200F6E7CC78B3F9000092
S21400CF789442F1D94C789988013CA1F1FF06714298
S21400CF8803F10405E4B2714103F10C07CEB2B442D2
S21400CF9816D805EBC1014FF47A756A43B1F9024019
S21400CFA84968521A04EBD47102EB610292FBF4F260
S21400CFB89042D1DBB3F902009042CDDC10B2CBE749
S21400CFC837F831C04E1C9445E3D33146DEE70348B4
S21400CFD8C2E700BFB4AE0400503C00200080FFFF4C
S21400CFE808B50448FFF710FFBDE8084001202EF0FA
S21400CFF8FCBD00BFB8AE04007FB51422002101A80E
S21400D00810F0CEF8044B01A94FF0FF3002932EF033
S21400D01832FE07B05DF804FB006A18004FF40052B1
S21400D028034B00209A660322C3F86022704700BFAD
S21400D038009000504FF40052034B00209A660322DB
S21400D048C3F86022704700BF00A000502DE9F04FDB
S21400D058894691B00DF1300B8246DDE91C6417460F
S21400D06800211022584698461E9D10F099F81F9BDE
S21400D078B9F1000F04D16FF0860011B0BDE8F08F4B
S21400D088002FF8D00EB9002CF5D11A9A12B91B9AAF
S21400D098002AF0D10DB9002BEDD1209A002AEAD04B
S21400D0A8424A904502D0424A90457CD1BAF80020C0
S21400D0B8B2F5105F77D1BAF80220B7EBD20FDAD301
S21400D0C822F04001802902D0B2F5807FD3D11CB966
S21400D0D8209B00201C60D0E7AE421FD23219954232
S21400D0E81CD29C42C7D831462246284610F0AAF8D9
S21400D0F82F4B2E46984526D014F00F03BBD1CDE90A
S21400D1080097CDE90236CDE90443CDE906540893E5
S21400D118FFF784FF50B16FF09200AEE7244A9045BF
S21400D1280FD09C42E8D96FF08900A6E7684606AAA1
S21400D13803A90EF05BFB0546FFF77CFF0543C7D047
S21400D148E9E79C42EFD81B9B0D2B94D101238DF861
S21400D15830301A9B0DF1310203F10C0153F8040B21
S21400D1688B4242F8040BF9D11B7813700123102266
S21400D1788DF83F300023CDE90097CDE90A23CDE9A5
S21400D1880236CDE90443CDE90654CDF824B0089319
S21400D198FFF744FF0028BED1684609AB06AA03A9D4
S21400D1A80EF04CFBC7E76FF0850066E700444004C6
S21400D1B80013C0042DE9F04F91B09046DDE91A45FA
S21400D1C8DDE91C6B1F468946DDF878A021B96FF0AB
S21400D1D8860011B0BDE8F08F002AF8D00CB9002DF3
S21400D1E8F5D116B9BBF1000FF1D1BAF1000FEED0A8
S21400D1F8484B9F4203D0484B9F4240F087800388A5
S21400D208B3F5105F40F082804388B8EBD30FDED3C7
S21400D21823F04002802A02D0B3F5807FD7D125B903
S21400D2280023CAF800300020D3E7102D05D1394B6B
S21400D2389F42F5D1B44202D343E0B4423ED26319CA
S21400D2489E423BD25D45C2D821462A4630460FF05C
S21400D258F9FF304B34469F4238D00D3D5D4532D8F5
S21400D26801238DF8303023460DF1310204F10C010C
S21400D27853F8040B8B4242F8040BF9D11B780D3493
S21400D28813704FF48073ADF83E300CAB1022099340
S21400D2980023CDE90098CDE90A23CDE90345CDE979
S21400D2A80536CDE907530293FFF7B8FEF0B968468E
S21400D2B809AB06AA03A90EF0D5FA1FE0164B9F4243
S21400D2C8CBD05D4502D96FF0890082E715F00F03D1
S21400D2D87FF47DAFCDE90098CDE90234CDE904535B
S21400D2E8CDE906650893FFF799FE10B16FF0920036
S21400D2F86FE7684606AA03A90EF08CFA0446FFF7FD
S21400D30899FE0443F2D1CAF800508CE76FF0850006
S21400D3185FE700BF004440040013C00410B54FF494
S21400D3282F72002104460FF03BFF8023C4F88C3090
S21400D338054B04F19C00C4F88430012384F8883037
S21400D348BDE8104029F05FBB8A19040010B5D0F874
S21400D358A0400A468CB92AF063FB044610B900249C
S21400D368204610BD2D2896BF064B074953F82010B7
S21400D378064A07482AF09AFCF2E7D0F8A4101046A6
S21400D388A047ECE73CAF04008D190400E216040041
S21400D398BD1A0400F8B590F88060044616B1002659
S21400D3A83046F8BD2AF06FF90028F8D1012384F832
S21400D3B8803094F8883033B1D4F884101F4884F845
S21400D3C888602AF073FC4FF0FF37D4F8B402421C8A
S21400D3D81FD0C4F8B47210F0FF052CD020462AF0EF
S21400D3E84FF92946204600F0A7FB0028EDD0204636
S21400D3F82AF054F994F888303BB1D4F884100F48D2
S21400D4082AF054FC002384F88830002384F88030FF
S21400D418C6E72AF030FC431CDDD1D4F88C30D4F8AB
S21400D4289420013B9A4204DB054A064906482AF03E
S21400D4383DFC0126E9E70126C7E700BF582C040093
S21400D448E21604009B190400BD1A0400F8B50B7810
S21400D4580446302B0D46164604D14B7803F0DF03FE
S21400D468582B11D0284F6A1E12F8011F002934D1F4
S21400D47828460A220FF084FD202C03460D4631D19B
S21400D488B1FA81F040091AE04A1C1F4912F8013F18
S21400D4988BB928460FF080FD1C4B02382340032B1F
S21400D4A812D10134A41084420AD1A87837288CBF38
S21400D4B80020012003E0CB5C13F04400E6D1F8BD61
S21400D4C8CCBF01200020FAE7002CB8BF0334B0EB2D
S21400D4D8A40FD4BF01200020F1E77B5C13F0040002
S21400D4E8C2D1ECE726B1084302D0013B61F1000542
S21400D4F80122A240013A1A40002D08BF9A420CBFEA
S21400D50801200020DBE700BF49D5040003000080A7
S21400D518F0B5037801467B2B17D106460224002275
S21400D5280B4F16F8015F7D2D05D10B5D6BB9D24305
S21400D53802F0010008E07B5D13F0440002D00132DF
S21400D5480134EEE7202DFBD0F0BD0020FCE700BF3D
S21400D55849D5040070B506460D460FF01DFD044675
S21400D56830462AF0A3FB044EAC4200D370BD3046CA
S21400D5782AF09CFB0134F7E7302304002DE9F84F26
S21400D588044602215148FFF7E5FF1E212068FFF7F1
S21400D598E1FF636858682AF089FB4D482AF086FB45
S21400D5A867683B7BFD2B12D8D7F808804FF0FF360C
S21400D5B840460FF0F1FC0546DFF81091DFF870A141
S21400D5C8DFF84CB10C3717F8013BFF2B01D1BDE84B
S21400D5D8F88F212B18D8212B36D8DFE803F03772BE
S21400D5E874111B1D1F213535353535353535232541
S21400D5F827292B2D2F3135353535353535353D33FE
S21400D608344C002D2BD12EE0334C344AFE2B08BF69
S21400D6181446F6E7324CF4E7324CF2E7324CF0E7C1
S21400D628324CEEE7324CECE7324CEAE7324CE8E7AD
S21400D638324CE6E7324CE4E7324CE2E7324CE0E7BD
S21400D648324CDEE7324CDCE7234CDAE7314CD8E7DD
S21400D6582AF020FB01362AE0002DB4D02E4C202BD1
S21400D66806F10106AFD002214846FFF773FF1E21D8
S21400D6784846FFF76FFF50462AF018FB59462046E3
S21400D6880FF0E4FF2549002818BF214624482AF051
S21400D6980DFB3B78202B02D12B202AF0FBFA2148E1
S21400D6A82AF004FB4DB118F806301F2B05D018F8E1
S21400D6B806001F2801D0AE42CADB05482AF0F6FA53
S21400D6C881E7194C9DE7194C9BE700BFD06404001E
S21400D6D8E2160400451A0400571A04003C340400F5
S21400D6E8A21A0400A91A04009A1A0400961A04003A
S21400D6F88D1A0400831A0400791A04008E1A04008E
S21400D708841A04007A1A04006F1A0400681A0400BF
S21400D7185F1A0400441A04004A1A0400551A040042
S21400D728582C0400CE1D0400A11A0400A81A0400F0
S21400D738243504002DE9F04F9BB005468B4600249F
S21400D748009203930FF028FC249F039B04901C6010
S21400D75828463C600AAA09A92AF0CAFA064658B911
S21400D7680A980FF019FC3446B046039B1860D5F8A3
S21400D7789C300293029B1BB920461BB0BDE8F08F75
S21400D788029BD3F80890B9F1000F6CD02E4416F817
S21400D798013B202B11D000260C23734309EB030A08
S21400D7A859F803300193002B58D0099B434555DBA5
S21400D7B89AF808202AB1721C39E03B6801333B60AE
S21400D7C8E5E73968D5F894200793039B521A1A6040
S21400D7D81AAB03EB880151F8403C019918460593AB
S21400D7E80FF0F4FE06900028E5D101980FF0D4FB60
S21400D7F8DDE906230146DAF80400D7F800A090F819
S21400D8080CC0BCF1FE0F16D103F1FF3EC64512D080
S21400D818D0F80090059801920FF0BEFB0AF1010AB5
S21400D828019A50442B5C23B1386008F1010816466B
S21400D838B2E70130F6E7D5F894200591A2EB0A0284
S21400D8488A4220DC58460FF0A7FB059901447B293D
S21400D8580DD958461F4A009929F0FCF82B46049A19
S21400D8682A4493422CD1029B1B68029382E7DDE987
S21400D8780012584629F0EEF85846174A009901341F
S21400D88829F0E8F897E7BCF1FE0F94D1013B434531
S21400D89891D1D0F800A0DFF840905AF80C2B22B9A6
S21400D8A8049B3B60039B1A60D8E75846009929F00A
S21400D8B8D1F84A465846009929F0CCF80134ECE7E6
S21400D8C813F8011B0029CCD14FF0200103F8011CE6
S21400D8D8C7E700BFAF1A0400302304002DE9F0475D
S21400D8E8002486B01C60DDE90EA8064689468AF83C
S21400D8F800401168154888F8004017461D468DF800
S21400D9081740FCF767F818B901242B6801332B6019
S21400D9180020D6F89C6036B914B1012388F8003088
S21400D92806B0BDE8F087B06868B14B460021CDE97F
S21400D93802A8CDE900750DF117022AF010F89DF837
S21400D9481730002BE8D13668E5E700BFB41A0400A4
S21400D9582DE9F0470446ADF5447D8022002104A851
S21400D96802AF0FF01DFC80222046009703AB04A9E7
S21400D978FFF7E0FE01283DD104A80FF00DFB039940
S21400D9883B68461A0B4426EAE6762344054604A86E
S21400D9983246014418460FF093FD00228255D4F80B
S21400D9A89060039B3968D4F890201944B14212DC81
S21400D9B8D4F89410E81A0244C4F89020014404AA43
S21400D9C8C4F89410D41825182B1B002B0DDC0DF565
S21400D9D8447DBDE8F087A05C2AF05CF9D4F8903066
S21400D9E801360133C4F89030DBE714F8010B2AF04F
S21400D9F851F9E9E7EBDD24AD8022002128460DF534
S21400DA08887A0FF0CDFB0DF110094FF40072002153
S21400DA1850460FF0C5FB4FF001084A46002312F89F
S21400DA28016BA6B904A84AF828300FF0B5FA2946BB
S21400DA38334698451CDB19F8016B0DF5887C5CF8B5
S21400DA48042B82420CD101F8016B0133F1E7202E3A
S21400DA5803F1010304BF4AF8283008F10108DEE79D
S21400DA680DF1100E7244D25CB242E8D00022EA549D
S21400DA78D4F89060039BB3422FDC23462C4A04A9B3
S21400DA882C482AF013F928460FF086FA0646039B18
S21400DA983F68F61A1F4426EAE672E01917441D4442
S21400DAA8E11904F1900399423CD904F1980398428D
S21400DAB838D26A1E81190B1A002B27DD12F8013F8F
S21400DAC800F8013BD4F890300133C4F89030D4F80D
S21400DAD894300133C4F89430EDE7D4F8903001362A
S21400DAE8E05C2AF0D7F8D4F890300133C4F89030C8
S21400DAF8C0E7D4F89020013B0132C4F89020D4F84F
S21400DB0894200132C4F89420002BF2DC00232E4423
S21400DB18E355731B002B7FF75AAF15F8010B2AF055
S21400DB28B9F8F6E729460FF0CBFC3346ECE700BF1A
S21400DB388A190400B91A04002DE9F843D0E92456D6
S21400DB4804460F46002294F89830012B07D10A2F76
S21400DB5807D1002384F898300020BDE8F88300F247
S21400DB689F801B2F01D10223F4E70D2F0DD101232F
S21400DB7884F898300D202AF08DF80A202AF08AF8C2
S21400DB8800230120C4E92433E7E74FF00008082FF4
S21400DB9884F8988034D1454530DDB5420FD13846F3
S21400DBA82AF078F820202AF075F8013D38462AF041
S21400DBB871F8013E04F80580C4E92456CCE7FBDA80
S21400DBC805F1FF3938462AF065F804EB0903A6EB99
S21400DBD80902611918460FF035FB04F8068001465D
S21400DBE8013E48482AF062F835464D4501DC4D4668
S21400DBF8E2E708202AF04EF8013DF6E7ACD0DBE76E
S21400DC087F2F1CD1002EA7DDB542A5DA6319691C43
S21400DC1821441846721B0FF015FB04F806800146CF
S21400DC2839482AF043F80820013E2AF033F8B5426E
S21400DC38F9D1D4F89430013BC4F894308CE70A2F15
S21400DC4898D0092F03D12046FFF782FE84E7D4F840
S21400DC588C30013BB3427FF77FAFB54204EB050833
S21400DC6805F101090CDB384688F80070D4F89430C2
S21400DC78C4F890900133C4F894302AF00BF86BE798
S21400DC884146721B04EB09000FF0DCFA40462AF006
S21400DC980DF80820013E29F0FDFFB542F9DDE2E760
S21400DCA8022B06D15B2F01D1032353E784F8982073
S21400DCB849E7032B7FF450AF413F84F89820032FA1
S21400DCC83FF64AAFDFE807F002070A1601212046AA
S21400DCD829F091FF40E74FF0FF31F8E7B542BFF66D
S21400DCE83BAF605D29F0D6FFD4F890300133C4F816
S21400DCF8903031E7002D7FF72FAF013D0820C4F89C
S21400DD089050BAE7C21A0400BC1E040007B56B465A
S21400DD18054A1068516803C36846FEF747FC0020AA
S21400DD2803B05DF804FB00BFF4AF040030B58BB059
S21400DD386C46174D0FCD0FC40FCD0FC495E80300E2
S21400DD4884E80300134BD3F84C2112031CD5A3F523
S21400DD58FE431C884FF6FF739C4208BF8C248DF840
S21400DD681940FEF71DFA204480F308008DF81800C5
S21400DD780948FBF7C7FE6846FEF772F93220FEF739
S21400DD8815FA00200BB030BDD3F85041E4B2E6E7F0
S21400DD98FCAF04000080E00F00F049020028ACBF8A
S21400DDA800F16040064B4FEA0111C9B2ABBF00F55F
S21400DDB8614000F00F0080F800131954704700BF48
S21400DDC814ED00E008B533F041F80B4B1A7872B939
S21400DDD801221A7033F035F86FF00402104601324B
S21400DDE8052152B2FFF7DAFF402AF7D108BDBDE891
S21400DDF8084033F026B800BFCA5C0020002807DBBE
S21400DE0801234109034A00F01F00834042F82130ED
S21400DE18704700BF00E100E0054B421153F822307E
S21400DE2800F01F0023FA00F0C04300F0010070471E
S21400DE3800E100E0002808DB01224309034900F05E
S21400DE481F008240603341F82320704700E100E05D
S21400DE5810B5044632F0EDFF024B1C6032F0E4FFCA
S21400DE68002010BD703C002010B532F0E2FF034BD6
S21400DE781C6832F0D9FF204610BD00BF703C002059
S21400DE8838B50C461546014610B9FFF7EDFF0146B2
S21400DE982B46224603480EF087F80028D4BF3720C2
S21400DEA8002038BD4F7E030008B500F017FC18B1F7
S21400DEB86A21024833F051F8002008BDC71A04004A
S21400DEC808B500F049F80C4A536A43F470235362C5
S21400DED8EFF308834FF0CD31084A043B934208D24B
S21400DEE800F070FAFFF7E0FFBDE808400448FEF7C8
S21400DEF88BBF43F80419F1E700ED00E008000020A6
S21400DF08B8AE040007B5042200200DEB02012DF080
S21400DF182AFE042803D0D721044833F01EF80198B7
S21400DF2800F0DCF903B05DF804FB00BFC71A040074
S21400DF38082310B50C0A41400648C9B241F300024E
S21400DF48013B024013F0FF0382EA5101F6D184EA4E
S21400DF58010010BD2083B8ED38B5FEF70BFE044669
S21400DF6829F033FBE3072AD401221046114600FAAB
S21400DF7801F3234002F1010223D01D4B33F8113080
S21400DF881C48062B028844881B4920D14FF20F03F1
S21400DF989C4219D1B2F5406F28BF4FF4C0624CF2CC
S21400DFA83C330A80438040F201730A889A4201BFD4
S21400DFB8124B134AD2E90001C3E9000115E000211B
S21400DFC8DBE7102AD2D1DBE74FF4C062E7E740F27E
S21400DFD80725AB420AD14FF20F05AC4206D19A424A
S21400DFE804D14CF23C320B80428038BD0B80DAE715
S21400DFF8C0B104000C640020BE550020743C00200C
S21400E00804640020014B1888704700BFBE550020E6
S21400E018014B1888000A7047BE550020044B054877
S21400E0281B881A0AB3F5406F38BF00EB82007047AA
S21400E038BE55002090B10400044B1888044B020A11
S21400E04853F82230C0B203EB80007047BE5500205C
S21400E05860B1040010B5044632F0EFFE4FF20F022E
S21400E068044B1C805A80BFF35F8FBDE8104029F030
S21400E078B4BE00BF0C6400206D4A2DE9F0416D4B1C
S21400E08855686D4C5D65516A99656C49D1F8000212
S21400E098D865D1F80412586B1966916A10F0040F07
S21400E0A85966D16A4FF000009966116BD966516BB4
S21400E0B81967D26BD8645A67D3E90E1218BF11468F
S21400E0C85F4A91421A655DD301F12000A04259D8F3
S21400E0D88869C5F308051864CE69062D5E6455D1AF
S21400E0E8584DA84252D3584DA8424FD205884DF6EF
S21400E0F8426085424AD11868C3F890005868C3F849
S21400E108940040F20170A242154604D22E680432EA
S21400E118B6F1CD3FF7D00022C3E91E22C3E920227C
S21400E128C3E92222641BDFF81CC1434DDFF818E15F
S21400E1389C648D422DD8D3E91EC7D3E92065D3E960
S21400E14822414FF0000E013AD2B2FF2A3CD1BEF16E
S21400E158000F05D0C3E91EC7C3E92065C3E92241FD
S21400E168B3F85430C3F308030C2B3BD8022B54D90E
S21400E178DA1E092A51D8DFE802F0315740435050DA
S21400E1885050504D0021C3E910112D494FF420601E
S21400E198B9E755F8044D6445CBD37445C9D2E607AC
S21400E1A8C7D50026294F57F8048FA045C1D0013699
S21400E1B8062EF8D132B1013AD2B202F11E0643F861
S21400E1C82640B6E70522F8E7E0464FF0010EBC46C3
S21400E1D837462E4625460C464146B4E740F601200B
S21400E1E8BDE8F0813B2B18D1194B9B6913F0020F41
S21400E1F840F2025318BF1846F2E740F60320EFE74E
S21400E20840F6042240F20173B0F5206F0CBF1046AA
S21400E2181846E5E740F60520E2E740F60722013B08
S21400E2284E2B98BF1046DBE740F60220D8E700BF23
S21400E23800ED00E0746300200810002000E100E014
S21400E248080000201863000080130400E86300201C
S21400E2580080015A00F00CB800F00AB800F008B8C0
S21400E26800F006B800F004B800F002B800F000B8F5
S21400E27872B61EF0080F09D01EF0040F0DD0DFF896
S21400E28850E0AEE8FF1F6FF002000CE0DFF840E059
S21400E298AEE8FF1F6FF00E0005E0DFF834E0AEE8EA
S21400E2A8FF1F6FF006006946EFF309828EE8070045
S21400E2B886460848084C854501D3A54501D384F30E
S21400E2C80888FFF7D9FE84F30888FFF7C3FE000026
S21400E2D87463002048000020081000204BF6EF6208
S21400E2E883B2002B08BF1346044A000C13804FF66F
S21400E2F8CE2308BF1846024B188070478A6C002049
S21400E308886C00200B4BB3F900201888002AB8BF89
S21400E31880F0620042001A80074AB2F9001013889B
S21400E3280029BCBF83F4805383F00B035900118087
S21400E338584070478A6C0020886C002007B56846ED
S21400E34800F01AF8DDE900010022034B03B05DF87F
S21400E35804EB2AF03EB800BF7C3C002007B50093CB
S21400E36813460A460146034829F0E7FD03B05DF860
S21400E37804FB00BF7C3C00200249034A0160521A95
S21400E38842607047606D002000800020004870479B
S21400E3987C3C002038B54160044632F04AFD05460C
S21400E3A82146044828F032FB2846BDE8384032F0BB
S21400E3B83BBD00BFA43C0020014828F024BB00BF9A
S21400E3C8A43C00200222014B1A6770470040005008
S21400E3D870B532F02EFD174E0546174832F057FD39
S21400E3E83378CBB900F07AF9044620B1284632F0E3
S21400E3F81BFD204670BDFFF7DFFF32F021FE0F4BF6
S21400E4081C6031F0C1FA0E4B0E4A1860536F43F089
S21400E4180103536729F0F9FF00F074F82AF00CF8A6
S21400E428094B0024186001232846337032F0FCFCA0
S21400E438DFE700BFD75C00202CB00400A83C002013
S21400E448D03C002000400050AC3C002038B50446C4
S21400E45832F0EFFC0F4D02462B78FF2B04D1B4B1F7
S21400E468BDE8384032F0E0BC1BB9002CF8D00121DA
S21400E47803E0002C14BF0121FF210B44DBB22B70F4
S21400E488B3FA83F304495B0910460B70E8E71946AC
S21400E498F3E700BFD45C0020D35C0020054B1B6864
S21400E4A85843054B00F5742000F23F20B0FBF3F00C
S21400E4B8704700BFD03C002040420F0073B50F4E97
S21400E4C804463378834211D000238DF80430430085
S21400E4D801A88DF805300A4DFDF760FF40203CB1D5
S21400E4E8FFF7DCFF2B68181A2860347002B070BD7E
S21400E4F8FFF7D4FF2B681844F6E700BFCD6C002062
S21400E508083D002073B5002401A88DF80440FDF7E7
S21400E518E7FF2046FFF7D2FF2C4B2D4AD3F80031F1
S21400E52803F0030313604FF400222A4B5A664FF495
S21400E53800325A6630F0A2FF4FF4C870FFF7AEFFFD
S21400E548254B264A1860264913680134E4B20A2C7B
S21400E55841F8040BF9D1034400EBC00003441360F0
S21400E568204B214D1B7813B3184BD3F8003103F01A
S21400E5780303022B23D0032B24D0012B17D130F012
S21400E58825FD024698B1194B194EDC68002319463A
S21400E598C4F30B04013404EB84040138E4FB0601DD
S21400E5A80EF092FAFFF77AFF2B6803442B601F20C1
S21400E5B8FFF774FF2B6803442B6002B070BD30F081
S21400E5C80BFDDEE732F048FCDBE700BF00800050BA
S21400E5D8103D002000900050D43C0020D83C00207D
S21400E5E8DC3C0020DB5C0020083D002000C0015019
S21400E5F840420F000122154B10B55A67144B154CB4
S21400E6081B7813B3022032F00CFDF0B131F042FA59
S21400E618D8B1A36DD90302D5E36D9A0715D40D4B6F
S21400E6289B6DDB0711D401220B4B1A7032F0EDFC00
S21400E638BDE81040094B0A4A1860136F23F0070319
S21400E64843F00303136730F0A7BC10BD00D000509A
S21400E658DC5C002000C00050D95C0020043D00208F
S21400E668008000500122014B1A707047DC5C0020C5
S21400E67808B5FFF763FEFEF7FDFA01280ED1144B26
S21400E68804205A6E4FF480231249520358BF124A88
S21400E6984B6601F51041086258BF536629F0D4FE50
S21400E6A8FFF790FBFFF732FBFFF740FB0DF0C6FCC9
S21400E6B8FFF78EFE00F012F829F0C7FEFFF700FC01
S21400E6C829F0D2FE2DF05DF9BDE8084029F0BEBE5F
S21400E6D8008000500090005000A0005070B532F046
S21400E6E8B5FB144E05463478FCB9134B1C60134B27
S21400E6F81C60134B1C6000F031F8012031F0B8FAAA
S21400E70831F0AAFA0F4B0246186020B9284632F0B4
S21400E71898FB232070BD234640F2E7310A480EF0E6
S21400E728D3F90A4B186001233370284632F089FB68
S21400E7380020EFE7DF5C0020243D0020203D00207D
S21400E7482C3D0020283D002018FCFFFF1C3D002023
S21400E758014B1868704700BF1C3D00201FB50024F9
S21400E768194B18689A880290D3F806009B7A00908E
S21400E7781648ADF80C208DF8043032F088FB02A855
S21400E7888DF808408DF80C40FEF73EFA69460120E1
S21400E7988DF80040FEF7FCF940F2FF320C4B9A6108
S21400E7A85A614FF0B042936A13F00803FBD1136224
S21400E7B80120FEF707FA0C20FFF73CFB0C20FFF7BA
S21400E7C81DFB04B010BD00BFE9B1040024B004006E
S21400E7D80020005810B532F039FB4FF0B04304461D
S21400E7E85B695A06074A03F0010003F0510348BF65
S21400E7F840F00200536131F063F92046BDE810404E
S21400E80832F01FBB0020005821282DE9F3410546A9
S21400E81804D82C46204602B0BDE8F08100240B4EF2
S21400E8280B4FDFF830800023CDF800801A461946D3
S21400E838386828F034FC8442EBD2222CE9D056F80B
S21400E848043BAB42E6D00134EDE700BF08B5040050
S21400E8584C670020FFFF0F002DE9F04F644E654D12
S21400E86889B029F04DFE31682868FCF7D5FA0446C9
S21400E878002827D033680024D3E900019A69126873
S21400E8889047336804A89B699B68984733680220BA
S21400E8989B69DB689847326805985368E7B2B3FB0C
S21400E8A8F0F3BB42916904F101044ED8CB6800200E
S21400E8B8984733689B695B68984731682868FCF70F
S21400E8C8ABFA04460027DFF844A1DFF84481DFF8F6
S21400E8D84491F4B9484B2868DB5D002B00F0838030
S21400E8E8D8F8006002AB314603AAFCF717FC2D28BF
S21400E8F807D070B9039B012B0BD031462868FCF76C
S21400E90861FEDAF8003031461A682868FCF7DAFD46
S21400E91804460137222F0AF1040A08F1040809F10F
S21400E9280109D6D1B4FA84F3344A5B0913702B680C
S21400E9381B7C33B129F0B0FD18B1DB21304832F02A
S21400E9480CFB204609B0BDE8F08F12680B6907FB80
S21400E958002098479FE7D8F8003003AA194402AB6E
S21400E9680191FCF7DBFB2D28034601992BD028687C
S21400E97813B30BF1010B5FFA8BF18E422868EAD8C5
S21400E988204BDB5D002BC4D0F3B27E2B2868C0D8A2
S21400E998D8F8003003AA06EB030B594602ABFCF77F
S21400E9A8BDFB2D28B5D059462868FCF70BFE013666
S21400E9B804460028E8D0ACE7039B7BB999F800200A
S21400E9C8029B9A42D5D099F80030DAF800202868D9
S21400E9D8FCF772FC0028CCD00446D1E70191FCF77E
S21400E9E8F1FD0199EFE7084BA346DE5DC3E700BFDC
S21400E9F82C6700204C670020E4B40400E15C00208B
S21400EA084E1B0400C2B404007EB40400F4B1040033
S21400EA1808B50400A0B40400F8B51F46214B044608
S21400EA281B780D46164623B100F47E23B3F50E2F49
S21400EA382BD02046FFF7E8FE2128044614D81A4BA8
S21400EA4853F82010194B1B78ABB1194B212C1868BA
S21400EA581DD8184B1B5DD3B13268FCF733FD04464E
S21400EA6850B129F018FD07E0FF2807D93A46314685
S21400EA7880B229F024FA00242046F8BD4FF4A97184
S21400EA880D4832F06AFA0021DCE70146DAE77F2D06
S21400EA9808BF00253B46324651FA85F1FCF70CFCC8
S21400EAA8DDE700BFE05C002008B50400E15C00205C
S21400EAB84C670020E4B404004E1B040008B5520856
S21400EAC829F0ECFC30B1BDE808404FF49C710248D0
S21400EAD832F043BA08BD00BFDF1B04002DE9F74338
S21400EAE8C70705460E46144604D540F2E3114948C2
S21400EAF832F033FAE10704D54FF4F271454832F0A4
S21400EB082CFA454B93F80080B8F1000F20D043F25A
S21400EB1860239D4208D12246314640480EF0D0FC7C
S21400EB28002003B0BDE8F083C5F30B0705F4405595
S21400EB38B5F5805F14BF4FF40F204FF40E20234620
S21400EB4832467F21384303B0BDE8F043FFF764BF81
S21400EB5805F47043B3F5805F3FD1C5F30B05304A23
S21400EB6805F17E65631E2B44934230D82F46DFF8A6
S21400EB78A49007EB0408474542D1AA070ED04FF6E3
S21400EB88FF7336F8022BA81E43EA024304220DEB55
S21400EB9802010193FFF792FF0235023CA3070ED04D
S21400EBA8023C24F00103F35A04226FEA03436FEA97
S21400EBB813430DEB020128190193FFF77FFF002C82
S21400EBC8AED0224631462846FFF778FFA8E740F23F
S21400EBD8FD11104832F0C1F9C8E705F46043B3F5F3
S21400EBE8005F04D1C5F30B0505F5FC25BEE740F22A
S21400EBF80521084832F0B1F96FF00F074546B6E729
S21400EC0817F8013BFF2BB6D04FF40471484632F094
S21400EC18A4F9B0E7DF1B0400E05C00208C6C002041
S21400EC28FF03E00F10B500F077F829F083FC0446E0
S21400EC3818B100F079F8204610BD00F07BF80446BD
S21400EC480028F6D10122014B1A70F2E7E25C002098
S21400EC58054B1B7833B1054BC0F313010022186827
S21400EC68FCF774BC11207047E25C00204C6700205B
S21400EC78144B2DE9F0411B7805460E461746FBB1A6
S21400EC8829F03FFC012805D9841EE4B2012C09D9D5
S21400EC98212412E03B4631462846BDE8F0410022D2
S21400ECA800F052B800F038F83B46002231462846B5
S21400ECB800F076F8044600F037F82046BDE8F08104
S21400ECC81124FAE7E25C0020124B70B51B78044664
S21400ECD80D461646E3B129F014FC012805D9831E13
S21400ECE8DBB2012B08D9212410E0324629462046FB
S21400ECF8BDE8704000F040B800F00EF820463246F6
S21400ED08294629F019FC044600F00EF8204670BD86
S21400ED181124FBE7E25C002008B532F08AF8014BC4
S21400ED28186008BD303D0020014B186832F07CB8EA
S21400ED38303D0020024B1968024B1868FCF76CB887
S21400ED482C6700204C67002037B505460C46C0F3F4
S21400ED5813010848ED02006805D5224603B0BDE851
S21400ED683040FCF7A7B9009313462246FCF75CF937
S21400ED7803B030BD4C67002030B405461346074A3A
S21400ED880C46C0F313011068EA0203D5226830BCAB
S21400ED98FCF798BB224630BCFCF78EBA4C670020BE
S21400EDA8F7B505460F4614461E461BB921252846C4
S21400EDB803B0F0BD0029F9D029F0A3FB4BF234626A
S21400EDC8ABB2934220D14FF0FF3322466946CDE9D5
S21400EDD8003325483346FFF7E3FF08220546234954
S21400EDE868460EF029FD38B933462246694641F290
S21400EDF8F010FFF7D5FF0546002DD8D132466946F4
S21400EE0838460EF05DFBD2E741F2F01293420FD17E
S21400EE18174B311908299A6CDB6CC7D8CDE9002343
S21400EE2832460DEB040138460EF04AFB0025BEE7D5
S21400EE3802280BD1C5F30C4332199342B6D3C5F357
S21400EE480B0104F17E6432462144ECE7032809D11D
S21400EE58C5F30C4332199342A8D3C5F30B0104F546
S21400EE68FC24F0E70125A2E7021008C094B50400C8
S21400EE780080E00F10B52BF010FE2CF006FFBDE862
S21400EE881040034601210220014A02F00BBC00BFD5
S21400EE98761C040013B5D0E9023253F822301C78E9
S21400EEA820462BF00CFE2346009001210220024A41
S21400EEB802F0F8FB02B010BD8A1C0400014B18785B
S21400EEC82BF0D2B9E35C0020FF232DE9F04F8FB07A
S21400EED81122002108A88DF813300EF061F908A851
S21400EEE82AF080FB01210220B04A08AB02F0DAFBC8
S21400EEF841F24903AE4A0121022002F0D3FB06A8DC
S21400EF082AF09FFC08A90DF113002AF0A5FC0220A0
S21400EF180021A84A02F0C6FB00202BF0D6F910B153
S21400EF2806A809F0CDFB9DF92A3001210220A24A45
S21400EF3800939DF82B3002F0B5FB2BF0AAFD831E3C
S21400EF48DBB2FC2B054631D8012102209B4A02F091
S21400EF58A9FB01249A4E9B4FDFF8D08223463246FF
S21400EF680021022002F09EFB05A9E0B22BF093FDDB
S21400EF78034650B1A0F11602012A40F2AA80424682
S21400EF880121022002F08EFB0CE09DF914303A466F
S21400EF9801939DF816300121009302209DF8153044
S21400EFA802F080FB0134E3B29D42D7D8BDF8284072
S21400EFB807F072FF23460021834A0090022002F0E1
S21400EFC871FB02200021814A02F06CFB00202BF026
S21400EFD87CF910B108A809F073FB01217C4A0220CD
S21400EFE802F060FB2BF0B3FC04462BF0AEFC234685
S21400EFF80121784A0090022002F054FB08F024FC15
S21400F00800210220744A02F04DFB9DF81330FF2BB6
S21400F01865D000210220714A02F044FB01216C4AA7
S21400F028022002F03FFB2AF01CFC012103466C4A32
S21400F038022002F037FB07F007FF00210346694A63
S21400F048022002F02FFB2AF012FC04462AF011FCDC
S21400F05823460121644A0090022002F023FB31F087
S21400F06889FF08F099FC01210346604A022002F055
S21400F07819FB0025DFF8B88108F08EFCECB2A04238
S21400F08833D831F077FF0123594A1946022002F097
S21400F09809FB00202BF0E8F8564B574C009301214B
S21400F0A800230220554A02F0FDFA236863B10121C5
S21400F0B802201B78524A02F0F5FA23680121022042
S21400F0C85B78504A02F0EEFA2BF0D3F80FB0BDE8A2
S21400F0D8F08F012102204C4A02F0E4FA62E7002190
S21400F0E802204A4A02F0DEFA98E7494B204603EB2C
S21400F0F80416D6F8089008F009FD8246204608F05F
S21400F10851FC444F00280CBFC346BB46204608F0B7
S21400F118FDFC0AF0B7FA002808BF47465346002108
S21400F1280220CDE900B73C4A02F0BCFAB3790121C7
S21400F1380293B388022001937388384A0093337B7E
S21400F14802F0B0FA0026DFF8ECB099F80430F4B212
S21400F158A34203D831F00EFF01358DE714235C4334
S21400F168D9F8007002203A5B07EB040A9AF90C30CB
S21400F17800922B4A002132EA230228BF5A46134639
S21400F188284A02F08FFA00202BF09FF838B1504634
S21400F1983C5B2AF0D5FB014620460AF0C1FA01215D
S21400F1A80220214A02F07EFA0136CEE7CB1C040084
S21400F1B8DA1C0400F61C0400221D0400FD1C0400D2
S21400F1C8131D04001A1D04004F1D04006F1D0400C3
S21400F1D8B91D0400781D04009A1D0400BB3B0400FA
S21400F1E8A51D0400BB1D0400D11D0400E71D040076
S21400F1F8601E0400781E0400CC4100206C1E04002B
S21400F208861E04009A1E0400371D0400571A0400C0
S21400F21800410020A21C0400F21D0400121E040077
S21400F228BF1C0400481E0400D0640400421D0400ED
S21400F238AA1C0400B31C04002DE9F7430025134E4E
S21400F248DFF8588008F0A8FBECB2A04202D803B05A
S21400F258BDE8F0832701204616F8079008F0A2FBC1
S21400F2680B4A4B46002808BF42460021022000925F
S21400F278084A02F017FAF05D2AF0FFFA0121022088
S21400F288054A02F00FFA0135DCE700BF004100200E
S21400F298696B0400B51E0400D0640400736B040098
S21400F2A808B583685A681178C26853F82230A1F105
S21400F2B8650251425141187808F02AFD30B9BDE878
S21400F2C8084001210220024A02F0ECB908BD00BF3E
S21400F2D8C01E040000210220014A02F0E3B900BF64
S21400F2E8DA1E040000210220014A02F0DBB900BF42
S21400F2F8081F040010B5044686B018220021684688
S21400F3080DF04EFF68462AF02EFFD4E9022052F888
S21400F318203002EB80021B788DF80B30516891F98B
S21400F32800108DF80A1091680988ADF80810616811
S21400F338091A032907DDD26803F01F03127843EA87
S21400F34842138DF80B30684607F054FE002103463A
S21400F358024A022002F0A6F906B010BD241F0400D7
S21400F36807B500202BF059FB00210090034B022024
S21400F378034A02F097F903B05DF804FB311F040056
S21400F388371F040013B5D0E9023253F8221003EBF6
S21400F39882035B68087819680023094CA222994200
S21400F3A808BF2146C01A18BF01202BF02AFB0121EE
S21400F3B80090044B0420044A02F074F902B010BD11
S21400F3C800F8FF07FE6004004920040013B5D0E9E2
S21400F3D8023203EB820153F82230D1E9011418787F
S21400F3E8FF22003818BF0120237809682BF009FB94
S21400F3F801210090034B0420034A02F053F902B09F
S21400F40810BD00BF421F04004920040008B50021B3
S21400F41801230C4A2BF067F90A482AF0C5FE00209B
S21400F428094909F0E5F900202AF04FFF10B1054810
S21400F43809F046F9BDE8084001210420034A02F015
S21400F44831B900BF14620020571F0400D0640400BE
S21400F45810B52AF010FA034630B1BDE81040012175
S21400F4680420054A02F01EB90121BDE81040042018
S21400F478024A02F017B900BF651F0400761F040091
S21400F48810B52AF095FEBDE810400346012102207B
S21400F498014A02F007B900BF811F040010B52AF020
S21400F4A858FEBDE81040034601210220014A02F03A
S21400F4B8F9B800BF971F040037B5D0E90232012417
S21400F4C853F822304FF6FF701D78FE2204FA05F135
S21400F4D800232BF00AFB2B46009021460420024A04
S21400F4E802F0E0F803B030BDAB1F0400D0E90232EA
S21400F4F853F822301B7823B101210220024A02F079
S21400F508D1B8024A13707047CA1F0400E35C002093
S21400F51807B568462AF095F907F0BEFC01210346B0
S21400F528084A022002F0BEF8684609F0C9F807F053
S21400F53827FF01210346044A022002F0B3F803B06D
S21400F5485DF804FBE01F0400FA1F040037B5D0E995
S21400F5580245406854F82530401B0328D8BF0020D1
S21400F56804EB8504C8BFE06819786368C8BF0078EC
S21400F5781A78A36893F90030009001202BF02FFA30
S21400F58838B901210220084A03B0BDE8304002F02D
S21400F59889B8064B0190009301210220044B054AC6
S21400F5A802F080F803B030BD0B20040013200400DE
S21400F5B8AD4C04002720040007B501202BF017FAED
S21400F5C848B9009001210220084B094A02F06AF85F
S21400F5D803B05DF804FB054B01900093012102205F
S21400F5E8044B054A02F05EF8F2E700BF1320040059
S21400F5F83E2004005C7904002720040008B5D0E902
S21400F608023253F8223018782BF0A5F930B9044A9C
S21400F6180121BDE80840042002F044B8014AF7E793
S21400F628532004006F20040008B5D0E9023253F8CE
S21400F638223018882BF08DF930B9044A0121BDE82C
S21400F6480840042002F02EB8014AF7E78E2004008E
S21400F658BE20040073B50378044613F0050F0ED0D9
S21400F6684588062D17D1836801215B68174A1B78E1
S21400F6780193838804200093154B02F013F823782F
S21400F688012B20D001210420114B124A02B0BDE8FC
S21400F698704002F007B835B98388012104200E4A65
S21400F6A802F000F8EBE7012DE9D186680B49002047
S21400F6B809F09EF8304609F003F829460420084A5F
S21400F6C801F0F0FFDBE702B070BD00BFF4200400D5
S21400F6D8EB20040046210400112104002E2104001A
S21400F6E8D06404002DE9F04F00268FB0364D09ACE3
S21400F6F80FCD0FC42B6801210220344A236001F085
S21400F708D1FF3446DFF8DC902AF0AFF8F5B2A8420D
S21400F7180BD82AF0AAF823460090012102202C4A8A
S21400F72801F0C0FF0FB0BDE8F08F284605A92BF002
S21400F738F4F80346002841D19DF81430032B39D934
S21400F74804238DF814302B4600210220214A01F0AC
S21400F758A9FF9DF814300EAA02EB830300214A463F
S21400F76853F8143C022001F09DFF28469DF821A07E
S21400F7789DF815B09DF81870BDF816802BF0CFF8D8
S21400F7885346CDE9028000210220CDE900B7124A8F
S21400F79801F088FF01340020E4B22AF096FD18B183
S21400F7A80DF1190008F08CFF002102200B4A01F029
S21400F7B879FF01E0002BC6D10136A5E7002102201B
S21400F7C8074A01F06FFFF7E79CB5040058210400CC
S21400F7D8D1210400151D040085210400E21604004A
S21400F7E8AC210400582C0400C3688268013BDBB2D5
S21400F7F852F8233002201B78652B14BF0022012103
S21400F808044B1BBF01211A70034A044A08BF19702B
S21400F81801F048BFF66C0020E8210400F621040039
S21400F828D0E9023253F822301A88014B1A80704702
S21400F8388E6C002007B5D0E9023103EB810253F83D
S21400F848213052681988054B0548128800930088AD
S21400F858012309F029FC03B05DF804FB5DF60000FF
S21400F8688E6C0020C3688268013BDBB252F82330F6
S21400F8785B78A3F1660253425341014A13707047FE
S21400F888F96C002030B5D0E9023253F8223089B03E
S21400F8981D78012302AA194604462AF024FF0123EC
S21400F8A80093102302210DEB030220462AF0FCFEEB
S21400F8B8284604AA02A92BF032F9044600202AF0AA
S21400F8C804FD18B12146044807F076FB00200349DA
S21400F8D808F074FF09B030BD05220400D0640400A7
S21400F8E8002330B58FB00221009309AA12230546DB
S21400F8F82AF0DAFE05AA014609A807F0E1F8044648
S21400F90898B1232805D1134A0121042001F0CAFE24
S21400F91809E0212801D1104AF6E703460121042010
S21400F9280E4A01F0BFFE0FB030BD01232846194627
S21400F93803AA2AF0D8FE05A903A82BF0F2F8054674
S21400F94820462AF0C2FC18B12946054807F034FBC1
S21400F958044AD9E712220400352204007022040063
S21400F96891220400D0640400F0B5D0E9023253F8BE
S21400F978221003EB82039B6805461F7887B038463B
S21400F9880E782AF082FC044608BBD5E9022101233A
S21400F9988DF80830194452F8210002EB81020088DD
S21400F9A88DF809709268ADF80A00127804218DF86F
S21400F9B80C2028460DF10D022AF095FE304602A9C5
S21400F9C88DF815402AF0ADFF04462AF052FC33465F
S21400F9D801210420024A009401F064FE07B0F0BD3D
S21400F9E8A62204002DE9F04101218EB00220274A04
S21400F9F801F058FE002005AB01AA09A92BF089F8EA
S21400FA0800250446224E234FDFF898801CB128466E
S21400FA180EB0BDE8F08102202B463246214601F0A2
S21400FA2841FE20462AF051FC10B10AA808F048FE0C
S21400FA383A46002102209DF8303001F033FE424657
S21400FA4800210220079B01F02DFE00210220BDF8B0
S21400FA582030114A01F026FEBDF8143000210F4A66
S21400FA68022001F01FFE013501A82AF029FCEDB29C
S21400FA78012102200A4A01F015FE284605AB01AA14
S21400FA8809A92BF046F80446C0E700BFD8220400B0
S21400FA981E23040026230400DA3B04003B2304004C
S21400FAA8D0640400322304002DE9F047064698B0D7
S21400FAB8C0B929F0D8FE074600250EA82BF033F863
S21400FAC801210220384A01F0EDFD2C46DFF8E080DF
S21400FAD8DFF8E090DFF8E0A0BC4205D3284618B06F
S21400FAE8BDE8F0870127E7E713A82BF01CF8002EDF
S21400FAF84CD0022306A913A88DF84C30FE242BF010
S21400FB0804F800283FD102A913A82BF004F89DF8A2
S21400FB18593043F001038DF85930002E3DD1234665
S21400FB2831460220214A01F0BDFD9DF859300AA948
S21400FB3843F0010313A88DF859302AF0ECFF002093
S21400FB482AF0C3FB10B114A808F0BAFD0C9B424675
S21400FB580021022001F0A6FDBDF82820002112F49D
S21400FB68007F0CBF4C23412312F0100F0CBF6E22EF
S21400FB787922022000924A4601F094FD06A82AF04F
S21400FB889FFB0135EDB20134E4B2A5E720460AAB87
S21400FB9806AA13A92AF0BBFFB3E7524600210220A3
S21400FBA801F080FDC1E700BF452304001E230400C2
S21400FBB832230400812304007A23040030B501248C
S21400FBC899B00EA82AF0AFFF13A88DF838402AF08F
S21400FBD840FFC0B9BDF84C1011EA040513D1214600
S21400FBE80220444A01F05EFD29460220424A01F0FE
S21400FBF859FD214602203F4A01F054FD21460220C5
S21400FC083C4A01F04FFD06A90EA82AF07EFF20B157
S21400FC181022FF2106A80DF0C3FA04A82AF07DFFDB
S21400FC28059B01210220354A0093354B01F03AFD29
S21400FC389DF8123001210220324A0093304B01F021
S21400FC4831FD00212E4B304A022001F02BFD06A87C
S21400FC582AF036FB13A82AF066FF02230AA913A87F
S21400FC688DF84C302AF057FF00283FD10B9B0093A5
S21400FC7801210220254B264A01F014FD0121234BC1
S21400FC88244A022001F00EFD0120FFF70DFF012196
S21400FC981E4B214A022001F005FD0020FFF704FF55
S21400FCA8044629F0E0FD23460090012102201B4A65
S21400FCB801F0F8FC01211A4B174A022001F0F2FC69
S21400FCC8FFF790FE1749022803461748174A28BF29
S21400FCD80A46084928BF01460092CDE901310220AC
S21400FCE80121134A01F0DEFC19B030BD4FF0FF3396
S21400FCF8BDE700BFD064040094230400D2230400A8
S21400FD08CA230400E2230400374B04005E590400AB
S21400FD18F5230400052404000C240400152404001C
S21400FD282924040090230400A1400400F3400400A2
S21400FD383724040010B5D0E9023253F822301C7874
S21400FD48201E18BF01202AF070FE054A054B002029
S21400FD58002C18BF1A46BDE81040034908F02EBD0F
S21400FD68642404005F2404006D240400D0E90232F1
S21400FD7810B553F822301C8820462AF058FE224632
S21400FD88BDE810400020014908F018BDAE24040064
S21400FD9837B5044607F058F8014638B100200D4A32
S21400FDA80D4903B0BDE8304008F008BDE368A26816
S21400FDB8013BDBB252F8233008481D780123084A75
S21400FDC800936C2D08BF0246102320462AF06CFCD0
S21400FDD803B030BDFC24040004250400DF6C0020BA
S21400FDE8CF6C002013B583689A681278672A22D1E8
S21400FDF801A82AF02EFE0446A8B9BDF80420174923
S21400FE0808F0DCFCBDF80430DA070AD413F0020F59
S21400FE18134B144A18BF1A461349002008F0CEFCA4
S21400FE2819E0124AF8E702461149002008F0C6FC15
S21400FE3822461049F1E7C26801A953F8220003EBED
S21400FE4882035B6800681B68ADF804302AF007FE7A
S21400FE5804460028ECD102B010BD00BF37250400C8
S21400FE682A250400944C0400582504001A2504008A
S21400FE786A25040096250400034A04491388C854D2
S21400FE8801331380704700BFCE550020E95C002080
S21400FE9873B5154D01242B78144E13F0040F0CBFC0
S21400FEA802230423124A2146147032880220019243
S21400FEB8EB5C104A0093104B5B8801F0F3FB0021C3
S21400FEC802200E4A01F0EEFB0D4B294600933288BD
S21400FED82346022001F02CFC21460220094A02B0E3
S21400FEE8BDE8704001F0DEBBE95C0020CE5500207E
S21400FEF8E85C0020A5250400C0550020CA2504009B
S21400FF08EC250400D064040070B516464FF48A52F7
S21400FF18114B124DDA805980114B1B881A1E18BFD8
S21400FF28012240EA82000F4A1278003A18BF0122DE
S21400FF3840EA0210287063B103246B701B0AAB708A
S21400FF4809F00EFC631C2855EE54074B02341C803F
S21400FF5870BD0124F4E700BFC0550020E95C00200E
S21400FF68CC550020E75C0020CE55002038B5D1E9F6
S21400FF7802320C46054653F82230024619880C4BC6
S21400FF881878FFF7C1FFE368A268013352F82330F8
S21400FF98188828F013FB4DB1E368A268023352F8BC
S21400FFA823301878BDE83840FFF766BF38BD00BF75
S21400FFB8E45C0020F0B50546EB68AA68023352F800
S21400FFC8233008461C78294685B0FFF7CFFF204621
S21400FFD829F0A2FC204E214F78B3204629F0A8FC31
S21400FFE80321441C03AA284627F04FFB3288E4B2B4
S21400FFF8C2F1FF0303991B1B9BB28B4222443CBFF2
S214010008C2F1FF0303930123032100933A449DF8A9
S2140100180C3028462AF048FB039A022C338804BF82
S2140100280F48110AFA5408BFC15413441C443480BB
S21401003805B0BDE8F040FFF72BBF204607F00CFCE3
S2140100480123328804460093032103463A4428468E
S2140100582AF02AFB3388E9E7CE550020E95C002020
S214010068EA5C0020052307B5012100930220044B12
S214010078044A01F017FB03B05DF804EBFFF79EBDD9
S214010088D3250400DA25040013B504462AF0DDFC5E
S21401009838B1CDE9004001210220034B034A01F0A3
S2140100A801FB02B010BD00BFFC240400F1250400CA
S2140100B8194B37B51B783BB901210220174A03B003
S2140100C8BDE8304001F0EEBAD0E90232144C53F8DC
S2140100D8223001211D78638802200093114A2B469D
S2140100E801F0E0FA104B25711B78104D63B1012120
S2140100F802200F4A01F0D6FA20460E4A298803B094
S214010108BDE8304029F0A9B920460A4A298803B033
S214010118BDE8304029F063BAE85C002008260400F0
S214010128C055002016260400E55C0020CE550020A8
S2140101382D260400E95C00202DE9F041D0E90232C1
S21401014853F8221003EB82035A680C7817889A68CA
S214010158DB68B2F80080C6B01D780021304B02205B
S214010168304A0094CDE9017801F09CFA002D0CBFC5
S2140101786E237923012102202B4A01F093FAFF23EB
S214010188002D0DF1170606AD019320460CBF8023FE
S2140101984023424639460296009529F003FF044655
S2140101A8002835D1307829F0BDFB0746B0B128467E
S2140101B82AF04AF81D4BFD28A8BFFD2000932346C8
S2140101C882B20DF11901022001F0B2FA01210220D2
S2140101D8174A01F067FA46B0BDE8F081307829F091
S2140101E8A7FB60B128462AF034F8FD28A8BFFD20F1
S2140101F80E4B82B200930DF11A013B46E3E73078C5
S21401020807F02AFB0B4B0246009329460123DAE73F
S214010218009001210220084B084A01F043FADAE768
S214010228FA590400472604006C2604007E6E040072
S214010238D0640400EC250400F42E0400762604009D
S214010248D0E9023253F8221003EB82032DE9F04F6E
S2140102585A680F78B2F800809A68C7B0B2F800906A
S214010268DA681B6992F800A01E7800212F4B304AE5
S2140102780446CDE901890220009701F013FABAF184
S214010288000F0CBF6E23792301210220294A00960C
S21401029806AD01F007FAFF22002128460CF080FF80
S2140102A8304629F03FFB834608B300230521009317
S2140102B82046FD230DF119022AF0F6F92870BAF145
S2140102C8000F0CBF802340234A4641463846CDE9F5
S2140102D8005629F032FE0146144806F06DFE01214B
S2140102E80220154A01F0DEF947B0BDE8F08F304626
S2140102F829F01EFB60B1FD2305212046CDF800B08C
S2140103080DF11A022AF0D0F985F801B02870D6E75F
S2140103180590304607F0A0FA059A03460092052193
S2140103282A4620462AF0C0F9C9E700BFED5904005D
S2140103384726040087260400D06404002DE9FF47F9
S2140103481C465B68E5685B1B00255FFA83F8039526
S2140103582E46FFF7D9FDEBB298450BD90C9B9B5D52
S214010368282B39D8202B00F2CB800136F6B2002B89
S21401037840F0C980FFF78CFD04B0BDE8F087132A6A
S2140103882FD801A151F822F0570401006904010091
S2140103987B040100AF0401007D0301007D03010019
S2140103A87D0301007D030100EB030100EB0301005F
S2140103B8EB030100EB030100EB030100EB03010073
S2140103C8EB030100EB030100EB030100EB03010063
S2140103D8FB030100D5040100A3F13102D1B21329B0
S2140103E8CDD90136F6B2A3F14102032AC2D8422B6F
S2140103F86CD06C4F00213A88DFF8B0A1C2F1FE0339
S2140104089BB2FF2B28BFFF2301320091DBB22046A7
S214010418524469B22AF024F93B880AF803000133EA
S2140104281844388011E04FF00409E368A2682B44A9
S21401043852F823301F68F8B209F1FF39FFF71CFD9F
S21401044819F0FF094FEA1727F5D1013583E7E36865
S214010458A2682B4452F823301878FFF70DFDF4E70D
S214010468E368A2682B4452F82330188828F0A6F8C7
S214010478EBE7E368A2682B4452F823301F68B7F10C
S214010488807F09D2F8B2FFF7F7FCC7F30720FFF71A
S214010498F3FCC7F30740E0E72B4601210820424A50
S2140104A801F000F966E74FF00409E368A2682B44F7
S2140104B852F823301F68F8B209F1FF39FFF7DCFC60
S2140104C819F0FF094FEA1727F5D1BEE7294603AA0F
S2140104D8204627F0DAF80021324F344A3B88DDF807
S2140104E80C9002EB030CCAB2914501F1010102D846
S2140104F84B443B80A9E710F802A00CF802A0F2E7EB
S214010508242B3FF670AF013B232B3FF633AF01A2F6
S21401051852F823F057040100690401007B04010026
S2140105282F0401007D0301007D0301007D03010006
S2140105387D0301007D0301007D0301007D030100A9
S2140105487D0301007D0301007D0301007D03010099
S2140105587D03010057040100690401007B040100C2
S214010568AF0401007D0301007D0301007D03010046
S2140105787D0301007D0301007D0301007D03010069
S2140105887D0301007D0301007D0301007D03010059
S2140105987D03010057040100690401007B04010082
S2140105A82F040100CE550020A0260400E95C002097
S2140105B8094B1B7823B101210820084A01F072B8BB
S2140105C8D0E9023253F82230054A1B8801211380EC
S2140105D80820044A01F066B8E85C0020C626040034
S2140105E8CC55002008270400D0E9023253F82230FF
S2140105F8054A1B780121003B18BF01230820137008
S214010608024A01F04FB800BFE65C00202E2704001E
S214010618D0E9023253F82230034A1B7801211370BD
S2140106280820024A01F03EB8E75C00205D27040076
S21401063810B5D0E90232044653F82230132219883D
S2140106480B4B1878FFF760FCE368A268013352F891
S21401065823301878FFF710FCE368A268023352F8D3
S21401066823301878FFF708FCBDE81040FFF710BCE8
S214010678E45C002010B5D0E90232044653F8223073
S214010688112219880B4B1878FFF73EFCE368A2681D
S214010698013352F823301878FFF7EEFBE368A268B7
S2140106A8023352F823301878FFF7E6FBBDE810400E
S2140106B8FFF7EEBBE45C0020D0E9023253F82230A3
S2140106C8034A1B78003B18BF0123DB0013707047F1
S2140106D8E45C002010B5D0E9023253F82230044613
S2140106E819880E4B06221878FFF70EFC0120FFF733
S2140106F8C3FBE368A268034452F82330188827F03E
S2140107085DFFE368A268023352F82330188827F0A1
S21401071855FFBDE81040FFF7BBBB00BFE45C0020F7
S2140107282DE9F043D0E902324FF0FD09013253F8C2
S214010738221003EB82035A68C7B017889A68B1F883
S2140107480080147853F8043C002C0DF1170506AE0A
S21401075818783A4614BF4023802341460295CDF8BF
S2140107680490009629F01EFC034638B1184A012168
S214010778082000F097FF47B0BDE8F083201E18BF99
S21401078801200A224146C000FFF7BEFB384627F083
S21401079815FF2878FFF770FB4A463146287829F076
S2140107A86FF8044628B10B4F3D88C5F1FF03984200
S2140107B802DD2346084ADAE7024608483146284455
S2140107C825440CF07DFE3D80FFF762FBD3E700BFB2
S2140107D893270400CE550020AF270400E95C0020CB
S2140107E810B5D0E90232044653F822300822198897
S2140107F80B4B1878FFF788FBE368A268023352F8B8
S21401080823301878FFF738FBE368A268013352F8FB
S2140108182330188827F0D2FEBDE81040FFF738BB12
S214010828E45C002073B5D0E902320546023253F87B
S214010838221003EB820353F8042C53F8083C0C7877
S2140108481988234B168818780622FFF75DFB0020C7
S214010858FFF712FB304627F0B1FE2046FFF70CFBE8
S214010868EB68AA68033352F82330188827F0A6FEE7
S214010878EB68AA68043352F82330188827F09EFEDE
S214010888204609F06DF9E8B9204606F0E5FF05218E
S2140108980446019001AA284626F0F7FE019B014668
S2140108A89C4206D0224631460A480BF05BFB02B052
S2140108B870BD094D09482E882246304434440CF050
S2140108C8C1FC2C8002B0BDE87040FFF7E1BA00BF5A
S2140108D8E45C0020DB270400CE550020E95C0020FC
S2140108E873B5D0E902324FF48A5153F82230104DCD
S2140108F81A88104BD9805A8000232A460093012172
S214010908FF2329F0D1FE2B78044613F0040F0A4B77
S21401091808BF01261B7818BF032613B108F020FF6D
S214010928A855064B1C8002B0BDE87040FFF7B0BA68
S214010938E95C0020C0550020E65C0020CE5500206A
S214010948D0E9023253F82230034A1B78003B18BF1D
S21401095801231370704700BFE55C002010B50C46F4
S21401096808B907F089FE024B18715C7110BD00BF0B
S214010978C055002002462DE9F341D0E902535268DA
S21401098855F82310D21A0C8805EB8301013BDBB21C
S21401099855F82380294D022A4868C8BF8A682B78EB
S2140109A8D8BFFF210078C8BF11783BB901210220C2
S2140109B8234A02B0BDE8F04100F074BEFFF7CEFF4F
S2140109C806F06AFA1F4F204E3B88014622460093DE
S2140109D81E48334629F0D2FB0246C8B998F80410D7
S2140109E83B885F2917D1CDE900364FF6FF712046BF
S2140109F8164B28F026FD28B1034601210220144A89
S214010A0800F050FE0023134A2B701380124A13700D
S214010A1802B0BDE8F0814FF6FB718C4208D9CDE9EA
S214010A2800362146094B4FF6FF7028F068FDE2E7CD
S214010A382146064A009628F094FDDCE7E85C00208B
S214010A4826280400CE550020E95C0020C055002069
S214010A582D280400CC550020E75C0020002210B5A4
S214010A680A2104461046FFF74FFA002027F0A6FD94
S214010A780122044B1A70FFF70BFA2046BDE8104016
S214010A88FFF778BF1162002038B51C4615460123CA
S214010A98224629F028FE60B92146284629F0FFFF9C
S214010AA8044620B101210420034A00F0FBFD20463C
S214010AB838BD0024FBE700BF542804002DE9F043A5
S214010AC80C4615461F46D0E9022352F8231002EBBE
S214010AD8830293680E8893F80080D3688BB0B3F8C6
S214010AE800903246012106ABFFF7CEFFF0B90DF1B3
S214010AF8200CF4B101232A884021CDE902C2CDE9B0
S214010B080471CDE900932221434606AA304629F00E
S214010B1821FE0B4B0B4A00930B4B0190002C08BF90
S214010B28134601210420094A00F0BCFD0BB0BDE8BC
S214010B38F083624628686968032303C22246DBE716
S214010B48B32804009828040092280400A02804006A
S214010B5807B501236A46002129F0C5FD6846034901
S214010B6808F04EFB03B05DF804FB00BF5DF600001D
S214010B78D0E9023253F822300149188808F012BB2E
S214010B885DF6000010B5D0E9023203EB8201496830
S214010B9853F8223009784FF48A52188829F0CAFD8A
S214010BA8BDE81040034601210420014A00F07ABD41
S214010BB8BD280400D0E9023253F8223002214FF44E
S214010BC88A5210B5188829F0A7FDBDE810400346DB
S214010BD801210420014A00F065BD00BFD6280400A3
S214010BE81FB5D0E9023203EB820153F82230496877
S214010BF818884FF48A5309880293094B094A0193C6
S214010C08094B1B7800931278084B29F0FBFD01214C
S214010C1803460420064A05B05DF804EB00F042BD21
S214010C28D0550020E95D0020E85D0020DA55002057
S214010C38ED2804002DE9F043D0E9023253F82210DA
S214010C4803EB82035A680E8817789A68DB688BB0BC
S214010C5892F80090B3F800803246042106AB0446A9
S214010C68FFF712FF28BB08AD01232A4605212046B7
S214010C7829F039FD38B9042001210F4A00F012FD88
S214010C88284628F0DEFD4FF48A53CDE90493002365
S214010C98CDE9025303232121CDE9008306AA3B4669
S214010CA8304629F057FD01210346044A042000F086
S214010CB8F9FC0BB0BDE8F0830529040034290400CB
S214010CC838B5D0E9024303F18043023B02220F49BB
S214010CD854F823009D000CF0AFFD60B90C4B0D498C
S214010CE81A78042A0BD82C44A068008821F8120028
S214010CF801321A7038BD084B08491A78F1E7012104
S214010D08BDE838400420064A00F0CCBC285204004E
S214010D18E95D0020DA550020E85D0020D055002066
S214010D284629040008B5C368806803F18043023B7E
S214010D380222064950F823000CF07EFD10B9044B38
S214010D48187008BD0022034B1A70FAE728520400EF
S214010D58E95D0020E85D002037B5D0E9023153F897
S214010D6821208C0015784268521A012AC5BF1B1922
S214010D785B686C091C78DCBF44F0180405F01F0595
S214010D882946204629F002FC034640B123460121A4
S214010D9804200E4A009500F085FC03B030BD012101
S214010DA8A94074B92346FE224FF6FF7029F09DFE2E
S214010DB8012103460420064A03B0BDE8304000F08E
S214010DC871BCFE2241EAC461EEE700BF5C2904005B
S214010DD87C29040070B5D0E9021551F8253001EBDD
S214010DE88501044618884B681A788B68052A1B887B
S214010DF802D85E1E072E0BD9012104200C4A00F0EA
S214010E0851FCBDE87040012104200A4A00F04ABCA2
S214010E186468641B032CCABFC9680749096829F0B6
S214010E2864FEBDE8704002460449002007F0E0BCB5
S214010E389A290400BA29040000F8FF07D7290400F4
S214010E4808B5D0E9023253F8220003EB8203596849
S214010E58FF22038809684FF6FF7029F046FEBDE8B1
S214010E68084002460149002007F0C2BCEA290400EE
S214010E7808B5D0E9023253F82230052140221888F5
S214010E8829F04AFCBDE8084002460249002007F05E
S214010E98AFBC00BF0B2A040008B5D0E9023203EB49
S214010EA88201486853F822100278402309883120C5
S214010EB829F085FCBDE8084002460249002007F0F3
S214010EC897BC00BF2C2A040008B5D0E9023203EB10
S214010ED88201486853F82210027840230988332093
S214010EE829F06DFCBDE8084002460249002007F0DB
S214010EF87FBC00BF462A04001FB5D0E9023253F86A
S214010F08221003EB82039B6808881A780023D21AFA
S214010F1818BF0122CDE9023302A94023D20129F0E4
S214010F285DFC01210090044B0420044A00F0BAFB42
S214010F3805B05DF804FB00BFB3280400642A04006A
S214010F4807B5D0E9023253F8223003214022188827
S214010F5829F0E2FB01210090034B0420034A00F02C
S214010F68A1FB03B05DF804FBB3280400732A040050
S214010F7837B5C3688268053352F8233004211D78D3
S214010F886A460123044629F0AEFB38B9042001213C
S214010F98064A00F087FB684628F053FC2B466A464B
S214010FA800212046FFF78AFD03B030BD8D2A0400D4
S214010FB807B5D0E9023203EB8201486853F82210DC
S214010FC8027840230988322029F0F9FB0121009094
S214010FD8034B0420034A00F065FB03B05DF804FBED
S214010FE8B3280400BE2A040070B585690446EA07DA
S214010FF805F0020605D476B1C5F3072029F045F9B0
S21401100809E01EB1B2210F482FF0A7FFA069C0F36F
S214011018810029F029F9E3691BB9BA2109482FF09B
S2140110289CFF204614F05AF9E3693EB1607E984762
S214011038AB0706D0BDE8704029F01BB92046984793
S214011048F6E770BDD32A040008B514F05BFD28B195
S214011058BDE80840472102482FF07FBF08BD00BF02
S214011068D32A04002DE9F041FF2B04460F4690468B
S2140110781D469DF8186005D0FF2E03D0D5211148CE
S2140110882FF06BFF0023FF2D18BFAD000E4A1CBFC3
S21401109845F00105EDB222600C4AC4E9063818BFCE
S2140110A8A561FF2EC4E901232361E76007D0A36980
S2140110B843F0020323F47F4343EA0623A361BDE812
S2140110C8F08100BFD32A0400343D0020F10F01004F
S2140110D8002310B5054C03610460054CC261C0E9E4
S2140110E801430123C160836110BD00BF343D002068
S2140110F8F10F010070B58669044606F00303032B59
S2140111080D4603D1FC2114482FF027FFFF2D16D0DA
S214011118B20704D440F201110F482FF01EFF2846EB
S21401112828F04FFDFF28054604D14FF482710A487E
S2140111382FF013FF2DB204EB4514204670BDF307BC
S214011148FBD5A36913F00C0FF7D040F20B11024838
S2140111582FF003FFF1E700BFD32A04000023054A56
S214011168C0E9063103610260C360034A034B42606B
S21401117883607047343D0020F10F0100B152020030
S21401118801482BF0CFBC00BF343D002001482BF0AE
S214011198D5BC00BF343D002013B50E482BF09CFC8F
S2140111A827F088FA2AF03FFC2AF05BFC2AF062FC5A
S2140111B8FCF728FF0446FCF73FFF23460090012171
S2140111C80420054A00F06EFA02B0BDE81040FCF7AC
S2140111D81FBF00BF343D0020662B0400022808B557
S2140111E803D12FF0B3FE014B186008BD643D002003
S2140111F808B50CF043FE0122044B1A702FF02FFF9E
S214011208BDE8084002490348FDF7C4B8EB5D002075
S21401121858670020683D0020014B1870704700BFD2
S214011228EA5D0020024B187808B105F019BE704730
S214011238EF6C002008B5074B1B780BB1002008BDE2
S214011248FFF7F0FF0028F9D106F0E4F9023818BFD5
S2140112580120F4E7EA5D002070B5FFF7EBFF174DB4
S21401126820B1FFF78DFF0428044613D82B781BB945
S2140112782FF0F5FE01232B7027F02AFA0446D8B181
S2140112882B781BB9F7210E482FF067FEBDE8704092
S214011298FFF776BF27F01EFA0028E7D02B785BB158
S2140112A82FF0C7FD0646002101202DF057FF3046D6
S2140112B82FF0BAFD00232B70204670BDEB5D002091
S2140112C8872B04001FB5FFF7C7FF0446FDF740FA52
S2140112D8A04228BF204688B103A92EF05BFB03462F
S2140112E838B9CDE90000064A039906482FF04AFEA8
S2140112F818B18E2104482FF030FE012004B010BD2D
S214011308D7860300443D0020872B04000D4B70B59B
S2140113181B780D4D0D4C0121002B0CBF2B46234687
S21401132802200B4A00F0BEF90A4B01211B78022065
S214011338002B0CBF2B462346BDE87040064A00F03A
S214011348B1B900BFEF6C0020475204006652040092
S2140113581D2C0400EA5D00203C2C040010B5D0E9E1
S214011368023253F8223002201B780121002B15BFC8
S21401137801240024044A054A00F094F92046BDE8F1
S2140113881040FFF749BF00BF5B2C0400782C04000F
S214011398D0E9023253F82230034A1B78003B18BFC3
S2140113A801231370704700BFEF6C002038B5012584
S2140113B8084B1D702FF03DFD0446294628462DF0A2
S2140113C8CDFE20462FF030FDBDE8384002490348DF
S2140113D8FCF7E0BFEC5D002060670020903D002030
S2140113E870B514F015FC10F0070F1D4D11D02B78B1
S2140113F85BB901262E702FF01CFD04463146304697
S2140114082DF0ACFE20462FF00FFDBDE8704014F01D
S214011418C3B829F046FB0228E9D1124C2378032BDE
S214011428E5D914F0F5FB10B92378032B14D814F07A
S214011438B3F804460028DAD02B785BB100262E7064
S2140114482FF0F7FC0546314601202DF087FE284689
S2140114582FF0EAFC204670BD4FF0FF34ECE700BFE2
S214011468EC5D0020906200201FB5FFF7B9FF044627
S214011478FDF76EF9A04228BF204688B103A92EF0D1
S21401148889FA034638B9CDE90000064A03990648A1
S2140114982FF078FD18B18C2104482FF05EFD01204D
S2140114A804B010BDA18C0300703D0020972C0400E9
S2140114B810B5094C0949002007F080F923681B6814
S2140114C8587928F0B4FB23681B68587927F0EDFB98
S2140114D804F092FE002010BD90420020252D040045
S2140114E808B529F0CEFA024628B1BDE80840002022
S2140114F8014907F063B908BD482D040008B529F06D
S214011508D6FA024628B1BDE808400020044907F08B
S21401151855B95422BDE80840FF2102480BF040BEE9
S214011528602D0400E455002038B504460D4629F020
S214011538C2FA024628B1BDE838400020034907F040
S2140115483DB9034B23F8145038BD00BF7E2D040067
S214011558E45500202DE9F34100240C4E0C4DDFF82C
S21401156838800C4F56F8043B0BB9D8F8003035F8DC
S214011578022B3946009200202246013407F01EF954
S2140115882A2CEFD102B0BDE8F08100BF6C670020BD
S214011598385600209A2D04006867002008B52A21CD
S2140115A8034829F080FABDE80840FFF7D3BF00BF1B
S2140115B83856002007B5D0E9023253F822301A7897
S2140115C8292A0DD8084B53F822300BB9074B1B684C
S2140115D80749002031F812100091064907F0EEF885
S2140115E803B05DF804FB00BF6C6700206867002045
S2140115F8385600209A2D040008B52A21034829F0F8
S21401160854FABDE80840FFF7A5BF00BF38560020CA
S21401161838B5D0E9023253F8221003EB82035B682F
S2140116280C781D880020044907F0C8F8294620468A
S214011638BDE83840FFF778BFA52D04002DE9F34132
S21401164800240C4E0C4DDFF838800C4F56F8043B3E
S2140116580BB9D8F8003035F8022B3946009200202D
S2140116682246013407F0AAF82A2CEFD102B0BDE8C9
S214011678F08100BF6C670020E45500209A2D040015
S2140116886867002010B5024627F025FB20B9044CF0
S214011698236811B11343236010BD23EA0203FAE756
S2140116A8186800200CB413B502460C4627F013FB45
S2140116B860B9094B1B681A4208D005A9049801911C
S2140116C80AF064FC14B105482AF03BF902B0BDE8FB
S2140116D8104002B0704700BF18680020A43004000C
S2140116E8034610B5D3E9023253F8223008461C786F
S2140116F8211E18BF0121FFF7C5FF014648B9084A50
S214011708084B0220002C08BF1346074AFFF7CAFFFA
S21401171810BD00210220054AFFF7C4FFF8E700BF05
S214011728AA1C0400A21C0400A6300400BC30040055
S2140117382DE9F04105461F460C46DFF82C808E1829
S214011748B44201D1BDE8F0810021284614F8013BD6
S214011758069AFFF7A7FF002FF2D042460021284637
S214011768FFF7A0FFECE700BF30230400024602495A
S214011778002007F023B800BFCD30040010B5234C75
S2140117882348FF2126F088FF207802281ED0032848
S2140117982ED0012804D02120BDE81040FFF7E6BF6F
S2140117A81C4B19780029F7D002231B4A237013789B
S2140117B8052B0EBF00230133DBB29942137003D108
S2140117C8052313700020E7E7052BFBD0124B1B7887
S2140117D8052B02D103232370DDE7104A104932F89E
S2140117E8230007F0DFFC032323700028D4D110BDA3
S2140117F8094B0C4A1878094B03EB8001897833F8B2
S214011808200007F09FFC0123EEE700BFED5D0020F6
S214011818983D0020F65D0020F16C00208C560020D3
S2140118280D1A0100B91901002DE9F04F0D461446AD
S21401183895B00490112200210FA89946DFF86C8113
S2140118480BF0AEFC04EB45030393D9F800301C2BD0
S21401185802D0039B9C4202D115B0BDE8F08F01234C
S214011868DFF844A18DF81C3023884C4AADF81E30A9
S2140118789AF800304A4D08EB83039B7828788DF850
S214011888203013688DF81D00CDF821305368CDF847
S214011898253028F0F0FC049B8DF82900218828784B
S2140118A8002B4AD128F0B4F9002844D09AF8003021
S2140118B80FAA38F8230007A927F029FA00283AD0F2
S2140118C827F0D3FF4FF0000B074606461C255FFAA4
S2140118D88BF2974234D8B7422BD99DF81C30032B8C
S2140118E81AD10FAB0193BDF82130002204210093D1
S2140118F801202C4B06F0E8FD9AF8003008EB83032C
S2140119089978274B187806F05BFE9AF80030002085
S21401191838F8231028F002FC5DB107A9304629F0F3
S21401192800F8214B05461B78304638F8231028F076
S214011938FAFFC9F80050023487E728F060F9B3E7E0
S21401194810460BA9059228F0E8FF30B99DF82C102F
S21401195831B9059AB74208BF16460BF1010BB6E72F
S214011968BDF82E00BDF81E209042F6D19DF8300035
S2140119789DF820209042F0D19DF81C208A42ECD197
S214011988032A14BF082202220DF121010DF13100AC
S2140119980BF052FF002808BF0025DEE7EE5D0020A9
S2140119A8F06C00204A330400F16C00208C560020AD
S2140119B813B503460020114A9C6812780190052A3F
S2140119C803D01B78032B00D12CB9012002B0BDE847
S2140119D81040FFF7CBBE6268217801ABFFF724FF02
S2140119E8217A0120E26801ABFFF71EFFFF210448B8
S2140119F802B0BDE8104026F047BE00BFF16C0020DB
S214011A08983D0020094B1B78052B02D00378032B41
S214011A1802D00120FFF7AABE8168054A0B6805486F
S214011A2813604B68FF21536026F02EBEF16C002030
S214011A38EE5D0020983D002038B50024114B124D6C
S214011A481870124BFF211C702C7006F0B9FD01228C
S214011A58032110460E4B06F037FD4FF6FF7122465E
S214011A68084628F05EFB044648B940F6B832FF211E
S214011A78084826F000FE01232B70204638BDFFF7E4
S214011A8875FEFAE7F06C0020ED5D0020F65D00209B
S214011A98D0640400983D0020144BF0B51A68144928
S214011AA813680978587988420BD11249D7880846AD
S214011AB80022114D1E792B78D4B2A34203D8052CE7
S214011AC80AD10020F0BD0C88BC4202D18C78B44201
S214011AD8F7D001320431EFE7A342F2D120F82270A1
S214011AE8013300EB820086702B70EAE790420020F3
S214011AF8F06C00208C560020F65D0020FF2307B509
S214011B080021044A04480093FFF7ACFA03B05DF8D5
S214011B1804FB00BF85170100983D00201FB5B423BC
S214011B2803210446ADF80E3028F069F898B1212350
S214011B3820460093002203210DF10E0328F00EFA29
S214011B4804460020054B064A0649009406F036FE70
S214011B58204604B010BD8624F3E700BFF730040022
S214011B680431040019310400D0E9023253F8223056
S214011B78034A1B78012113700220024AFFF792BD1F
S214011B880C6D0020283104000122014B1A707047A1
S214011B980C6D00200A4B90F805111B7890F8082167
S214011BA819448A42BCBFB2FBF3F103FB11234FF081
S214011BB8FF32B8BFDBB202FA03F380F80A31704786
S214011BC80C6D00202DE9FF410446057F867EDFF86F
S214011BD870806E43237F98F8002013449D4212DBE1
S214011BE8607F60B9238B029363690193237C00931A
S214011BF86288A31D217805F0EFFDFF2323700020DE
S214011C0804B0BDE8F081E37EAB42E9D9A77E228B1A
S214011C18F1199142A4BF921BD7B205EB0323E381C6
S214011C283A4633462946204627F08BF80028E7D15E
S214011C38637F3744013301356377BEB2EDB2C9E736
S214011C480C6D002037B5054628F0A1FE0D4B04465D
S214011C581B6869461B78032B82BF0B4B1B881B1816
S214011C68284688BF9CB228F01AFF38B9684628F07B
S214011C7890FE18B9044B1B8823449CB2204603B037
S214011C8830BD00BFCC410020966C0020084B1B7865
S214011C98FF2B0BD1074B1B78FF2B07D1064B1B7865
S214011CA8022B03D04FF4807028F07BBA704700BF30
S214011CB81C680020E83E0020B83D002010B5044608
S214011CC8FF2126F0E9FC054B9C4202BF0023A4F540
S214011CD888742370BDE81040FFF7D8BFC83E0020BF
S214011CE82DE9F0479A462A4B81461B7888461646C0
S214011CF8BDF82050002B49D0FF2D3ED9382528465F
S214011D08BDE8F087234B0C223146A01D636184F899
S214011D180090A4F802800BF095FAA289414642F495
S214011D28004242F040022046A28127F01CF82A46CB
S214011D38514660690BF086FA41464846A21D25833E
S214011D4828F066FBA0760028D8D00544013DB5FBEF
S214011D58F0F0FF28D2DC0023E0762046A383FFF7C5
S214011D6831FF054680B923794FF48070B37228F0A5
S214011D78DBF9227C099B1A80C1E7074C2778FF2FDD
S214011D88C0D040F60345BAE72770F2E70225B6E762
S214011D980C6D0020F85D0020E83E0020B0F9063002
S214011DA810B5002B25DA144C2278237CFF2A02D0A2
S214011DB8827A9A4207D0114C2378FF2B17D0827A61
S214011DC8237C9A4213D169B9637F013BDBB26377FF
S214011DD85BB90B4A237F1278204613442377FFF713
S214011DE8F1FE0146204626F0CDFFFFF74FFF012002
S214011DF810BD0020FCE700BFE83E00201C6800205C
S214011E080C6D00202DE9F04F9A46B1F9063091B0D5
S214011E18002B0D461746DDF86880049080F229816C
S214011E28B8F80030FF2B04D94FF4B871A6482FF044
S214011E3894F8A64B00241A7893F80401B3F8021113
S214011E48002A40F0A5802E7AA14A1278B24240F2C2
S214011E58AF800222A3F802711A70AA7AFF2483F8C7
S214011E6804210022A3F8084183F80521A3F80621D6
S214011E78B8F80020954883F80C21FFF78BFE384602
S214011E88FFF7E0FE214600EB4002924826F0F3FBFE
S214011E984FF4807028F048F98C4C94F80A91B9F1FF
S214011EA8FF0F20D18A4A94F8053112781344B342B9
S214011EB819DC94F80C1184F80531B4F8063120467B
S214011EC801FB0233A4F80631FFF764FE0122824BB8
S214011ED838461A70FFF7B6FE494600EB400204F58D
S214011EE8887026F0C8FB94F80531B34260D8DFF84D
S214011EF8E0B19BF800C00CEB0302964258DA76492B
S214011F0894F808210878013A002853D0964205DA51
S214011F18B8F8002084F80C2100220A70B6FBFCF9F8
S214011F2801220CFB196994F80A015FFA89F902FA89
S214011F3809F2D1B2024076B92889000A844584F8A4
S214011F48080108D92046CDE906210593FFF722FEA8
S214011F58DDE90621059B94F80A01014384F80A1174
S214011F6882B994F80921B4F806C1013284F8092126
S214011F78B8F80020DAF800100CEB0200FF2826DD7E
S214011F880323237094F80831013B9E4230D138E090
S214011F98AE7A864202D18F4200D11C462E7A002C98
S214011FA87FF47BAF002A3FF44FAF012A3FF44CAFD2
S214011FB801205FE09642B1DA94F80C1198F80020F7
S214011FC89142ABD004F58870FFF778FEF0E794F8F5
S214011FD80CE1F31A0EFB03C3A01C10FA83F005925A
S214011FE80BF030F994F80831059A013B9E4244D02B
S214011FF8012394F80A2103FA09F3013B1343FF2B43
S21401200804D122462946384626F0AEFE94F8083111
S21401201894F809219A42CBD19BF80030B2FBF3F130
S21401202803FB112212F0FF0218BF13462278022A78
S21401203826D1264A023410785178012804BF013186
S2140120485170012224F8022CEA88B4F8041122F00F
S2140120584002EA8094F809210A44591E94F80A3184
S21401206813FB01F31344A8F80030CAF80040FFF741
S2140120780DFE002011B0BDE8F08F84F80B21C0E7F3
S2140120886979002994D0032A92D1B4F8062194F8E4
S2140120980B1108AE11445A1E94F80C31284613FB4E
S2140120A802F30B4400219BB2A21CA8F80030CAF820
S2140120B80020CDE900710296049907F05FFD892199
S2140120C8304628F0A2F97DE74F310400B83D0020DC
S2140120D80C6D0020C83E0020F75D002013B50446AD
S2140120E818B101280BD002B010BDFF23014600939A
S2140120F8064A0748FEF7B6FF064B1C70F3E7FFF7DC
S21401210843FDFF22044B1A70EDE700BFC51C010012
S214012118C83E0020B83D0020E83E002013B501A9BE
S21401212809F0FEFF044648B9BDF806309DF80420BC
S214012138034906F043FB204602B010BD8120FBE7A9
S214012148E631040013B5694609F0F6FF044688B976
S214012158BDF802309DF80020074906F049FB2046E5
S214012168019906F09DFA2046044906F027FB204609
S21401217802B010BD8120FBE70A32040030320400A9
S21401218837B5694609F0FCFF044618BB9DF80130CF
S2140121989DF80020104906F02BFB104D9DF80120F4
S2140121A8E3B29A4206D800200D4906F007FB002044
S2140121B803B030BD0198630003F4FF7302220021C7
S2140121C8184428F03BF829460246002006F010FB82
S2140121D80134E3E78120EBE7323204006132040080
S2140121E8D064040013B501A909F0A0FF044648B954
S2140121F8BDF806309DF80420034906F0DFFA2046AC
S21401220802B010BD8120FBE76B32040030B5002414
S2140122180B4D85B06946E0B228F07FFB50B99DF8B2
S2140122280030032B06D12946BDF805309DF801205C
S21401223806F0C4FA0134202CECD105B030BD00BF3D
S2140122489232040008B50020034906F0B7FABDE843
S2140122580840FF2000F0DEBAA43204002DE9F04F52
S21401226885B006460D46174626F0CCFD044640B115
S21401227830463A46294626F0AFFD002005B0BDE8AF
S214012288F08F4FF003094FEA15285FFA84FA69467A
S214012298504628F042FBB8B99DF800B0BBF1000FD4
S2140122A812D1694650468DF800908DF805508DF884
S2140122B806808DF8016028F034FB02460028D7D046
S2140122C85846064906F07AFA0134202CDDD100205A
S2140122D8034906F073FA8920D0E700BFB932040033
S2140122E8E03204001FB5002304468DF80F3026F0AF
S2140122F874FD28B19DF80F3063F07F038DF80F3019
S214012308182301930DF10F030022009304214023A3
S214012318204627F012FE024618B10020024906F0B0
S2140123284DFA04B010BD00BFFB3204001FB502A968
S21401233809F014FF044688BBBDF80820184906F0C2
S21401234857FA2046039906F0ABF92046154906F0D8
S21401235835FA4FF6F672BDF80810134C4B1E9BB2B1
S214012368934219D82368039A1B685879FFF776FFB2
S21401237823681B79012B0BD8BDF808300022CDE95C
S21401238800030421094B092006F09EF828F037F8C7
S2140123986FF0FF0004B010BD8720E9E78120F9E758
S2140123A81A3304003032040090420020313304000E
S2140123B870B504468AB005AD1122002128460AF0F8
S2140123C8EFFE204604A909F0BDFE044600283AD1CE
S2140123D81E4EBDF810201E4906F0F0F93268137932
S2140123E8012B28D84FF6F670BDF810104B1E9BB27D
S2140123F8834224D81368587926F004FD08B3336855
S2140124082A461B68BDF81010587926F0E4FCBDF87A
S214012418103001220421CDE9004309200D4B029515
S21401242806F052F827F0EBFF034620B100200A4ACF
S2140124380A4906F0C3F96FF0FF000AB070BD872499
S214012448E5E78B24E3E78120F7E700BF9042002009
S21401245834330400493304004D3304005833040070
S2140124682DE9F0479AB004A909F084FE044600282D
S21401247840F0B5809DF810205B4906F0B9F925466D
S2140124885A4E9DF81020EBB29A4254D8002058496B
S21401249806F094F99DF81050002D40F099802C46CE
S2140124A82E46544F06A9F0B228F037FAC8B99DF857
S2140124B81830032B15D13B689DF819201B685B79EA
S2140124C89A420ED19DF81D2005F168036B4403F866
S2140124D8402C9DF81E200235013403F83F2CEDB23E
S2140124E8E4B20136202EDDD19DF810300BB1002C58
S2140124F877D00AABCDE90143FF23022204210093DA
S21401250809203D4B039505F0DFFF27F078FF0346CA
S21401251860B19DF81020002A5FD0384A3849002C4F
S21401252808BF0A460020374906F048F96FF0FF0051
S2140125381AB0BDE8F08705986B0003F4FF73022212
S2140125480021184427F07AFE31460246002006F09C
S2140125584FF9013595E70598730003F4FF730222D6
S2140125680021184427F06AFE002780465FFA80FAA1
S21401257806A9F8B228F0D1F900BB9DF81830032B4C
S2140125881CD1D9F800309DF819201B685B799A424E
S21401259814D19DF81D30534510D19DF81E30C8F34F
S2140125A807229A420AD105F168036B4402350134C1
S2140125B803F840AC03F83F2CEDB2E4B20137202F04
S2140125C8D6D101369DF81020F3B29A42C3D88BE7CC
S2140125D80025DFF820902E46F4E7084AA2E7812076
S2140125E8A6E78B20A4E700BFB233040061320400DB
S2140125F8D064040090420020D133040083330400E1
S214012608A1330400D53304002DE9F04389B002A9AB
S21401261809F09EFD0446002867D1BDF80820344914
S21401262806F0CCF84FF6F672BDF80850DFF8D490ED
S2140126386B1E9BB2934254D8D9F8003029461B68C2
S2140126485F79384626F0DEFB00284CD026465FFA2E
S21401265886F8404603A928F060F928B9294638467D
S21401266803AA26F0BCFB20B90136202EEFD14FF085
S214012678FF08404628F04FF9014658BB112203A827
S2140126880AF08EFD2946384603AA26F0A5FBD9F896
S21401269800301A79012A18D81B68BDF8081058792D
S2140126A827F08DFDBDF8083003220421CDE900434B
S2140126B80920104B05F008FF27F0A1FE034620B1BC
S2140126C800200D4A0D4906F079F86FF0FF0009B0B1
S2140126D8BDE8F08302460A49002006F06FF8012497
S2140126E8D5E78724D3E78B24D1E78120EFE700BF1E
S2140126F8F73304003133040035340400583304003A
S2140127080E340400904200202DE9F043DFF894804F
S2140127180020D8F8003021491B688BB05E79002567
S21401272806F04CF801275FFA85F9484601A928F012
S214012738F4F8044690B99DF80430032B0ED19DF8A1
S2140127480530B3420AD1484628F0E5F80146A0B15B
S21401275802461349204606F031F827460135202D52
S214012768E1D1D8F8003000211B68587927F027FDF9
S21401277887F001000BB0BDE8F083112205A80AF026
S2140127880FFDBDF809403046214605AA26F024FB70
S2140127982146304627F013FDE0E700BF4234040027
S2140127A80E3404009042002037B5694609F0DCFC77
S2140127B8044638BBBDF80020134906F019F8134D36
S2140127C82046019905F06CFF2046114905F0F6FFF1
S2140127D82B681B68587927F001FE70B14FF6F67220
S2140127E8BDF800104B1E9BB2934209D82B68019A7C
S2140127F81B685879FFF732FD0446204603B030BD02
S2140128088724FAE78120F9E756340400904200202D
S214012818303204007FB505460024E6B269463046E4
S21401282828F07BF8A8B99DF80030032B11D19DF844
S2140128380130AB4204D0FF2D0BD19DF80D3043B9C2
S214012848304628F068F8024618B10020034905F01A
S214012858B5FF0134202CE0D104B070BD0E3404005D
S214012868034B1B681878012808BF0220704700BF71
S214012878CC410020D0E9023253F822301A78024BB4
S2140128881A7000F0E7BA00BFF75E002070B5D0E90D
S21401289802456B1EDBB254F8230003221B490AF0DB
S2140128A8CBFF54F8253004EB8504197863681A7849
S2140128B8A2F10B030F2B05D915490020BDE870407E
S2140128C805F07CBF01290FD1124C9140236840B90D
S2140128D80B43114A23600020BDE870400F4905F0FC
S2140128E86DBF23EA0103F4E702290CD101230C4941
S2140128F803FA02F20B6818B913430A4A0B60EAE7AF
S21401290823EA0203F9E70A460749D6E77A340400B8
S2140129187E34040040680020943404009C3404008B
S2140129283C680020AF340400B934040007B5D0E988
S214012938023103EB810253F821300B491B785268A8
S214012948012B0A4B08BF0B4612684FF000001A60AD
S2140129580092074A074B084918BF1346074A05F06D
S2140129682DFF03B05DF804FB406800203C6800209A
S214012978D4340400CC340400DE340400C0B50400AA
S21401298838B5254A254B264C0020264905F016FF62
S2140129980020254905F012FF22682449002005F089
S2140129A827FF2068224C234D05F0E2FE2146002031
S2140129B805F004FF2A682049002005F019FF286859
S2140129C805F0D6FE2146002005F0F8FE1B4B1C49F3
S2140129D81A781C4B002053F8223005F0EFFE00F061
S2140129E80DF919490246002005F0E8FE174B0020AC
S2140129F81A78174905F0E2FE164B17491A7800208F
S214012A0805F0DCFE04F020FABDE83840024613491A
S214012A18002005F0D3BE00BFC0B50400F83404009A
S214012A2840680020FF34040007350400153504000B
S214012A38B91D04003C68002026350400255F0020E7
S214012A4837350400446800204A3504000A5F002030
S214012A585E350400095F00207035040082350400E5
S214012A6807B500F071F8054B0090054A00200549A6
S214012A7805F0A4FE03B05DF804FB00BF983504001A
S214012A88C0B5040019310400F8B504460B4F0C4EC6
S214012A980C4D00200C4A0D4905F090FE20463B7867
S214012AA829783278F5F76AFB00233B7033702B7070
S214012AB8FF21BDE8F840064825F0EEBD255F002059
S214012AC8095F00200A5F0020C0B504009D35040098
S214012AD8083F002037B51248FF2125F0DDFD114BD0
S214012AE8187810F0100505D0002003B0BDE8304076
S214012AF803F01CBF0121B42004F020FB04460A4B56
S214012B080A4A0B490090284605F058FE2046FFF76A
S214012B18BBFF4FF4806003B0BDE8304027F041BBEF
S214012B28083F0020255F0020B4350400C0B5040026
S214012B38193104000021024A0248FEF7C9BA00BF4B
S214012B48DD2A0100083F002008B5054B1B7823B194
S214012B581720FFF799FF002008BD0220FCE700BFF9
S214012B68255F002010B550B1054B00F1100250F852
S214012B78044B904243F8044BF9D1024B197010BD2F
S214012B880B5F00201B5F002037B5174D04462B78D6
S214012B98DB0626D50090154B0020154A154905F089
S214012BA80DFE1E2C0BD0652C09D0032C19D0002045
S214012BB827F033FF40F61C40FFF766FF0DE027F0CD
S214012BC854FF4FF4FA63B0FBF3F202FB1300C2188A
S214012BD8FF21094892B225F04EFD2B7823F0100309
S214012BE82B7003B030BD00BF255F0020CD35040033
S214012BF8C0B5040019310400083F0020014B1879BC
S214012C08704700BFA056002070B54C4E8EB0337882
S214012C1803F0FB02A3F10905022AEDB258D0042BF2
S214012C2841F6041257D0A3F108014B424B415B0011
S214012C3813434348ADF80C3026F014F948B9414B14
S214012C483F4A03F1100153F8040B8B4242F8040B78
S214012C58F9D13D4B1B78002B3FD03C4B0DF10E02B2
S214012C6803F1100153F8040B8B4242F8040BF9D117
S214012C7803A827F0F2FE2328044610D1012D49D8CF
S214012C880020334A334905F099FDBDF80C3003A8F6
S214012C9823F40053ADF80C3027F0DFFE0446002C71
S214012CA841D14FF40C7027F0D6FE044600283AD1DD
S214012CB803F0FAFE012D36D8274A01AB1068516891
S214012CC803C3264901A827F02CFF78B319242AE064
S214012CD843F60412A7E70223AAE73378042B0DD09C
S214012CE8082B0BD01E4B0DF10E0203F1100153F801
S214012CF8040B8B4242F8040BF9D1B9E7104A0DF1DF
S214012D080E0302F1100152F8040B8A4243F8040B31
S214012D18F9D1ADE7337803F0FB03022B03D100208A
S214012D28104905F04BFD20460EB070BD044901A8B8
S214012D3827F0F7FE04460028C8D1F4E7255F0020EF
S214012D48F95E00209A3604001B5F00200B5F002006
S214012D58C0B50400F1350400AB360400B0B5040074
S214012D68B43604004C36040070B5002686B0044616
S214012D78252027F058FE1622002116480AF010FAD8
S214012D88154B1E60154B1878FFF76AFD022814BF0D
S214012D980123042303208DF8083027F092FE04232C
S214012DA88DF810300E4B02A80593039403F030FDFE
S214012DB805460C4B0C4A19680C4B3046A14208BF15
S214012DC8134600940A4A0B4905F0F8FC284606B053
S214012DD870BD00BFA0560020283F0020255F0020B8
S214012DE8D130010040680020CC340400D4340400FB
S214012DF8C0B50400C536040008B5134A1378042B79
S214012E0809BF124B01331B78C3F10603DBB21370FB
S214012E1803F0FD02092A04D11720FFF735FE172013
S214012E2808BD0A4A1278002A14BF052206229A42C9
S214012E3807D1074B18680028EED0FFF795FF4D20FD
S214012E48EEE70020ECE700BF255F00201B5F0020AF
S214012E583C68002073B51E4C1E4E23683268134327
S214012E6834D01D4B1B6853B31C4D2B783BBB03F06A
S214012E78EBFFF8B94FF4806027F056F9184B246831
S214012E881B7894B1C3F102032B7003F047FD20466B
S214012E98FFF76AFF04460020124B134A13490094B1
S214012EA805F08CFC204602B070BDC3F106033468F9
S214012EB82B70EAE70121B42004F040F9EAE7002084
S214012EC8094A0B4905F07AFC0224E4E70224E9E7FB
S214012ED8406800203C680020CC410020255F002087
S214012EE81B5F00200D370400C0B50400193104002B
S214012EF8F33604002DE9F347384D394E00202A7978
S214012F082B88384905F05AFC3268287922FA00F0ED
S214012F1810F0010002D1344905F050FC334F3C78DB
S214012F283CB10822324933480AF086FC041E18BF11
S214012F380124DFF8DC80DFF8A490DFF8B4A014E001
S214012F4898F8000049460130C0B288F8000027F01A
S214012F585CFD002835D13C783CB10822514625480D
S214012F680AF06AFC041E18BF01242A793368D34084
S214012F78DB07E5D5002CE3D100922B881E4A1F49B2
S214012F88204605F01BFC1E4B1878FFF769FC012349
S214012F980322124927F03FFD1A4A054613780133E2
S214012FA8137010B902B0BDE8F08720462B46124AC6
S214012FB8154905F003FC284602B0BDE8F047FFF7BF
S214012FC863BD0020114905F0F9FBFFF715FF00283E
S214012FD8E8D102B0BDE8F04700F01CB8A0560020C2
S214012FE8283F00201337040044370400245F0020DC
S214012FF81C5F0020AE560020C0B50400133804003C
S214013008255F0020095F0020B4370400DD3704007F
S214013018F85E00202DE9F041214C224D237800204E
S21401302855F82330204A214905F0C8FBFFF7ECFD87
S21401303803461D4E1E4FDFF874802BB92378042BE8
S21401304815D8B3B91B4B15E032463946002005F0B2
S214013058B5FBFFF7D1FE00BB2378324655F823307F
S214013068414605F0ABFBFFF7CFFD0346E5E7092B25
S214013078E8D1114B00201B68104A11491360114B07
S214013088187027F0C2FC20B1BDE8F0410120FFF717
S214013098FBBCBDE8F041FFF72DBFBDE8F08100BFDE
S2140130A8255F002044680020C0B5040033380400BA
S2140130B8403804003C68002040680020283F002073
S2140130C8A0560020F85E002070B51C4C23789BB3F0
S2140130D8838913F4407F2FD0056835B12A46BDE8A9
S2140130E870400020164905F069BB27F08CFC154E88
S2140130F803463070144A2846144905F05FFB3378B6
S2140131081BB1BDE87040FFF785BF2378082B0CD8A4
S214013118042B0CD80E4B1B78C3F1060323700D4BFA
S214013128BDE870401868FFF71FBE0A2BF2D1BDE84C
S21401313870401820FFF7A8BC70BD00BF255F0020AF
S2140131486B3804000A5F0020C0B5040098380400F4
S2140131581B5F00203C68002030B5464D03460446F8
S214013168454A0020454987B005F028FB2B782BBB3C
S21401317801A827F0D8FC022301A88DF8043027F00F
S214013188C0FCB0B93E4901A827F0BDFC88B1152C92
S2140131980FD127F06AFC47F23153B0FBF3F202FB7A
S2140131A8130000F51C50103080B203F0BFFB07B0C7
S2140131B830BD162CFBD103F0F3FBF8E7152C2AD10A
S2140131C800202D4A2F4905F0F9FA2B78042B11D047
S2140131D8082B0FD02C4B1B78DA070BD401A827F045
S2140131E836FC18B9BDF804309B0703D42B7843F096
S2140131F810032B7027F039FC4FF4FA63B0FBF3F297
S214013208FF2102FB1300C218204892B207B0BDE89E
S214013218304025F030BA27F05AFC04460028C6D1BB
S2140132282B78013B092B1ED8134A194905F0C6FA13
S214013238184A194913780133D8B2107027F0E5FBFC
S21401324860B12046154905F0B9FAFFF7D5FD002803
S214013258ADD107B0BDE83040FFF7DCBE07B0BDE82A
S2140132683040FFF747BE40F61C4007B0BDE8304087
S214013278FFF70ABC255F0020C0B50400BC3804006F
S214013288B0B50400D3380400F75E0020083F0020DC
S214013298E6380400F85E0020A0560020DD3704005A
S2140132A82DE9F0410B4686B004460E4617463A49C4
S2140132B80246002005F082FA4FF000080123CDE906
S2140132C801380DF116030093424640230621204695
S2140132D826F068FE054640B102463049404605F0EC
S2140132E86DFA284606B0BDE8F0819DF816202AB981
S2140132F836B900202A4905F061FAF2E7012EF8D01E
S21401330882F00103002027498DF8173005F056FA98
S2140133189DF817300DF1170633B310230022CDE9B7
S214013328006306214023204626F007FE064630B1F4
S214013338324600201C4905F041FA3546D1E74FB917
S2140133480821204626F05BFC20B120469DF8171080
S21401335826F036FF0521204626F051FC0028C0D06D
S214013368204626F02AFFBCE74FB90821204626F05A
S21401337846FC20B120469DF8171026F021FF1023A1
S2140133880022CDE9006306214023204626F0D5FD1C
S21401339806460028DED0CBE7153B0400313B040087
S2140133A84A3B04006A3B04008A3B0400002208B535
S2140133B8034B11461B681B685879FFF771FF08BD58
S2140133C89042002008B5044B00221B6801211B68A7
S2140133D85879FFF765FF08BD9042002008B5044BF1
S2140133E800221B6802211B685879FFF759FF08BDA0
S2140133F89042002010B50123002488B001A88DF85A
S2140134080430CDE90244F5F7E5FE20469DF8042090
S214013418124905F0D3F92046039A114905F0CEF969
S2140134282046029A0F4905F0C9F910220E4B0DEBFA
S2140134380201188840F0604040F48010FBF718FC41
S21401344820460A4905F0D4F904A826F039FF204693
S214013458074905F0B3F908B010BD00BFA33B040047
S214013468C23B0400E13B040090B50400003C0400A4
S214013478D064040008B525F026FD0020024905F0B1
S2140134889DF9012008BD00BF1D3C04000023054A24
S2140134988360C360044BC0E9002311B14FF6FF7384
S2140134A80B80704749101CB20230021110B5044651
S2140134B860B10020064905F081F9052C06D002F016
S2140134C8CBF904490246002005F078F9012010BD21
S2140134D8313C0400423C040037B500216A4601AB82
S2140134E8054625F0B1FD044668B100220F4910468D
S2140134F805F064F902F0B0F90D490246002005F01E
S2140135085DF903B030BD0B4905F058F9012024F0E8
S214013518B4FC01F099FF431C02D008F025F8F0E747
S21401352821462846FFF7A6FFEBE700BF6B3C0400E1
S214013538423C0400B33C040038B5054601F084FF5C
S214013548044626F005FE4DB100200E4905F036F971
S214013558631C14BF2046002007F0C8FF25F0C1FCF5
S2140135680228044605D0012805D10020064905F0A1
S21401357825F9204638BD0020044905F01FF9002426
S214013588F7E700BFD03C0400EA3C0400033D040012
S21401359808B50020034A044905F010F9BDE80840BB
S2140135A800F050BDAD4C04001C3D040008B50020D9
S2140135B8034A044905F002F9BDE8084001F0CAB912
S2140135C83B3D04001C3D04001FB5D0E9023253F808
S2140135D8223068461C78214601F0D0FB684601F087
S2140135E873FC28B92246044905F0E8F804B010BD72
S2140135F86846FFF771FFF9E7413D040000200149DD
S21401360805F0DCB85D3D04007FB50DF1060102A8A2
S214013618FFF73CFF0020264905F0D0F80020BDF84A
S2140136280820244905F0CAF80020BDF80A202249D6
S21401363805F0C4F8039A0020204905F0BFF80020D9
S2140136481F4905F0D5F84FF6FF73BDF806209A42D4
S21401365829D000201B4905F0B1F800201A4A1B4959
S21401366805F0ACF800201A4A1A4905F0A7F8002216
S2140136781949104605F0A2F80020154A174905F021
S2140136889DF80A220020164905F098F80A2200201B
S214013698144905F093F80A220020134905F08EF81C
S2140136A807B05DF804FB0020104905F087F8D4E759
S2140136B86C3D0400843D04009D3D0400B63D0400B5
S2140136C8CF3D0400DA3B0400E0930400E53D040026
S2140136D8C0270900043E0400233E0400423E0400BD
S2140136E8613E0400803E04009E3E0400E23D040064
S2140136F808B50020034905F061F8BDE80840012037
S21401370801F0FAB9BC3E040008B50020034905F0EB
S21401371855F8BDE80840002001F0EEB9D53E040092
S21401372830B5104B104D1B5C85B08DF80F302B78DB
S2140137380446834206D00D4B0D4953F8202000203D
S21401374805F03CF830232C700A4801930DF10F035D
S2140137580093062280231921007826F0EEFB05B097
S21401376830BD00BFD7B504002D5F0020E4B50400C6
S214013778ED3E0400F36C00201FB52323039001934C
S214013788064803AB0093012280231921007826F00E
S214013798D4FB039805B05DF804FB00BFF36C00206A
S2140137A873B5164D04462B78154ECBB125F0BAFBEA
S2140137B8012815D0346040F6B244124B1B78072B0B
S2140137C817D02D78C5B925F0ADFB031E18BF012308
S2140137D80D48009522461921007825F032FF03E0AE
S2140137E800233360002CE8D1201E18BF012002B048
S2140137F870BD02250123EBE70025FBE72A5F0020C1
S2140138082C3F00202D5F0020F36C002008B50448EB
S214013818FFF7C6FFBDE808400220FFF781BF00BFDB
S214013828C027090010B5064C208826F0CAFC608817
S21401383826F0C7FC6068BDE8104026F0D1BC00BF82
S214013848303F00207FB523238DF813300DF1130385
S214013858029304230648019305AB009301228023B3
S2140138681921007826F09EFB059807B05DF804FB41
S214013878F36C00202DE9F047DFF84C91044699F8DF
S214013888000090460F4626F09CF90B2899F8002070
S21401389805D9BDE8F04700203F4904F08FBF002650
S2140138A83E4B3F4D1E803F4BDFF820A103EB001334
S2140138B85B8801202B802A7104F0A8FE05F050FFD2
S2140138C804F0A4FE204604F0A1FE0123042C8AF885
S2140138D800300BD8022C45D89C4216D02346BDE8AA
S2140138E8F0470020304A314904F068BF062CF5D16C
S2140138F830462F4904F062FF384604F087FEFFF78A
S21401390891FF97B18AF800600FE04FF6FF76294FCE
S2140139183888801B18BF012004F078FEFFF782FF65
S2140139283888B04201D026F04CFC19236B8099F8F0
S214013938003000202B71204B1B786B71EB8843F00D
S2140139484003EB801D4B198826F0E8FB034620B19F
S214013958224600201A4904F031FF4046BDE8F047E8
S214013968FFF71EBF304604F051FEFFF75BFFFFF777
S21401397869FF26F035FC134B1B78002B0CBF3F2044
S214013988202004F043FE042CCFD14FF4806026F0AB
S21401399818FC3220C7E700BF003F0400C4560020C9
S2140139A8C856002000410020F42E04004C3F0400B5
S2140139B82F3F0400B8560020F26C0020906C0020BF
S2140139C8653F0400295F0020F36C00202A5F002071
S2140139D838B5044605200D46FFF7A2FE184B1A888F
S2140139E84FF6FD739A4207D10020164904F0E6FE09
S2140139F8BDE83840FFF70ABF65B1134A13780133AB
S214013A08DBB2092B137014D90A2200200F4904F0DF
S214013A18D5FEEDE7012C0ED10B4B1D700C490D4858
S214013A28FFF734FDBDE83840002101200A4AFFF7B8
S214013A3821BF012CF2D0BDE838400748FFF7B0BED9
S214013A48906C00209F3F04002C5F0020CA3F0400B2
S214013A58B8560020303F0020E093040008B5064918
S214013A68002004F0ABFE0548FFF736FDBDE8084028
S214013A7800210846FFF7ACBF0E400400303F002087
S214013A88814237B50346154608D2002000910F4AF1
S214013A980F4904F093FE002003B030BD0C1A2246ED
S214013AA800200C4904F08AFE40F6BB53224600204B
S214013AB8094904F083FE4FF47A735C43074B0120EF
S214013AC89C4294BF2C602B60E6E700BFF42E0400EE
S214013AD81F4004005C4004007740040080EE360076
S214013AE810B504460820FFF71BFE0D4B3CB91C70A9
S214013AF80021BDE8104006200A4AFFF7BBBE1B7826
S214013B08092BF5D90A220020074904F057FE0020A0
S214013B18064904F053FEBDE81040FFF79FBF00BFFB
S214013B282C5F0020C0270900A3400400E4400400DD
S214013B3873B51F4D2C7834B100201E4902B0BDE87C
S214013B48704004F03BBE0220FFF7EAFDFF221A4E42
S214013B581A4B30781A7026F034F80B2807D9204605
S214013B683278174902B0BDE8704004F027BE154BFD
S214013B781549009301EB0011012319224FF6FD7038
S214013B88498805F091FA70B12046104904F016FEEE
S214013B9800220F4B0F481C700F4B1A7002B0BDE87D
S214013BA87040FFF7FDBD01240C492C70EEE700BFFD
S214013BB82B5F0020F5400400F36C0020F26C002017
S214013BC8003F0400C93E01000041002036410400C0
S214013BD82A5F0020C02709002C5F00205C410400F2
S214013BE838B5144D04462B78052B21D91249FFF711
S214013BF85DFC24B918B9114904F0E0FD0424104B02
S214013C08195D21B9BDE838400846FFF769BF032C9E
S214013C1806D02B78052B03D006200A4AFFF72AFE82
S214013C280021094B08461970BDE83840FFF7D0BE99
S214013C3838BD00BF2D5F0020303F00207E410400C4
S214013C48CDB50400C02709002A5F002030B5044618
S214013C5889B00720FFF764FD052C0AD100222A4BFC
S214013C6803A91A7002A804AA01F0FEFD30B10220C9
S214013C7845E09CB90122244B1A700224224D28786B
S214013C8878B1421E504221495041FFF755FC0223A4
S214013C9804462B70022C0ED10A200FE0022CE6D126
S214013CA8EBE7631F5A424FF0050018495A4125F0C1
S214013CB840F90446EEE7032C04D10020FFF770FD17
S214013CC809B030BD062C06D10020114904F076FD56
S214013CD801232B70E0E70F4A0F4B2878002C18BFFA
S214013CE813460E490E4A0094002808BF0A460020CB
S214013CF80C4904F063FD201E18BF0120400009B0DE
S214013D08BDE83040FFF76CBF285F0020303F002039
S214013D18B9410400B2410400AB4104009A410400D1
S214013D28A4410400F441040013B51F4C0620FFF714
S214013D38F7FC2278092A09D900201C4904F03EFD1F
S214013D48042002B0BDE81040FFF74ABF184B1B78A5
S214013D582BB3002024F0B5F825F0E4F868B9FFF78E
S214013D6871FD144B196825F0D4F802460420002189
S214013D7802B0BDE81040FFF77DBD01A825F0D0F8D8
S214013D88FF2809D14FF4FA6023780133237002B073
S214013D98BDE81040FFF704BD0198FFF7EDFC4FF4AE
S214013DA8FA620320E3E700BF2C5F00200F420400FD
S214013DB8295F0020403F0020F023F0B589B0CDE907
S214013DC8000334488023002219210078324E334FED
S214013DD826F0B3F80020324904F0F0FC32463946A2
S214013DE803A801F041FD032804462E4D1CD10626E2
S214013DF8039A2D49002004F0E1FC0398FFF7BCFC68
S214013E080020396800F0ACFE2E7001F09FF9002200
S214013E180446264B30461A70FFF782FC84BB09B06D
S214013E28BDE8F040FFF780BF28BB7268204904F060
S214013E38C5FC214604A8FFF729FB059B7268934237
S214013E480BD020461B4904F0B9FC072305202B702C
S214013E5809B0BDE8F040FFF7F9BE1A4620461649F4
S214013E6804F0ACFC0523002101202B7009B0BDE845
S214013E78F040FFF7ADBD0020104904F09FFCF1E7C4
S214013E88042C05D0042009B0BDE8F040FFF7A8BE11
S214013E9809B0F0BDF36C0020303F0020403F002001
S214013EA8474204002D5F0020784204002C5F002062
S214013EB8B3420400EC420400404304007C4304007F
S214013EC8F7B50446876800202378364D012B2870FD
S214013ED804D0354B3549187004F070FC26785EBB63
S214013EE8334B1B78FF2B04D103B0BDE8F040FFF736
S214013EF88DBC304B1B78032B11D82F4C0320FFF7B2
S214013F080FFC6946208826F0CAFD002843D02B49B5
S214013F18208805F047F920B12E70FFF777FC03B02B
S214013F28F0BD0124204B26491C7004F047FC0320F1
S214013F38FFF7F6FB2C70F2E7012E25D13B78002B14
S214013F48EDD01B4D2B78FF2BE9D1A68802F0A4FFF4
S214013F58864206D100201B4903B0BDE8F04004F0B4
S214013F682DBC194BA2881B783BB132B117490020EA
S214013F7803B0BDE8F04004F021BC7B6814491B7807
S214013F882B700D4B1A80F2E7032E08D108226846DB
S214013F98A16809F057F96846FFF70EFFBFE7002347
S214013FA82B70A1E72A5F00202B5F002097430400AF
S214013FB8F26C00202D5F0020906C0020C93E0100A5
S214013FC85C410400B7430400275F0020DD4304007A
S214013FD8084404007FB5094B1A78FF2A0AD11870DD
S214013FE801F088FB0022064B0DF1060102A81A8093
S214013FF8FFF74CFA07B05DF804FB00BFF36C00202E
S214014008B6560020152838B517D10C4B1D78A5B91A
S21401401826F02BFDC4B2012C38BF01240120FFF77E
S2140140287FFB28462246064904F0C8FB4FF47A70FF
S2140140386043BDE83840FFF7B3BB38BD2D5F0020AD
S21401404825440400034B1B78022B01D8FFF770BDEB
S214014058704700BF2D5F002070B5284C24F05DFF27
S2140140682578274EBDB10020264904F0A7FB264A2D
S214014078137801331370002323703378062B0AD183
S214014088BDE87040214B1868B0F5FA6F38BF4FF499
S214014098FA60FFF785BB3378013B082B2CD8DFE89D
S2140140A803F005090D2B13191D222700BDE87040E2
S2140140B8FFF7C8BFBDE87040FFF73ABD002323707D
S2140140C8BDE87040FFF7A2BB2946BDE87040012055
S2140140D8FFF77EBCBDE87040FFF726BE0220BDE8AC
S2140140E87040FFF7B3BD0120BDE87040FFF7F8BC8C
S2140140F8BDE87040FFF7B2BC70BD00BF2A5F002064
S2140141082D5F0020544404002C5F00202C3F002023
S21401411810B90520FFF764BD034B1B78062B01D1A8
S214014128FFF79ABF704700BF2D5F00202DE9F047C3
S2140141388E68054633189A780C46092A8EB008D92F
S2140141480020A34904F03AFB852420460EB0BDE8BA
S214014158F08750B98B899F49895C8B4205D20091BB
S2140141689D4904F02BFB8024EFE79C4BE7881B88CE
S2140141789F4236D09A490978012932D932B13A464E
S2140141880020984904F01AFB7E24DEE7964B1A7045
S214014198934B26791B78052B03D0012B3AD8FFF7CA
S2140141A851FF5EB93146204626F02FF9034600280E
S2140141B851D030468D4A8E4904F000FBD4F8088069
S2140141C8A48998F8037098F80450002E4CD130460C
S2140141D8884A894904F0F2FA00210120FFF7F8FB22
S2140141E84FE00021804B1970072A00F28A8301A349
S2140141F853F822F099410100474301004743010063
S214014208594501005945010059450100EF4701008C
S214014218EF470100022B17D102F03EFE8742B3D0CA
S2140142280020764A764904F0C9FAFFF781FC46BBB6
S2140142383146204626F0E9F8034610B36B4A6C4926
S214014248002004F0BBFA1CE06E4A00206E4904F018
S214014258B5FA012479E7A3681B78DA06AED43246A4
S2140142686A4904F0ABFAA9E700210AA8FFF70EF994
S214014278032F08D95F4B664A66490097002004F069
S2140142889DFA002461E76B1E632B04D9594B604ADB
S21401429861490095F2E7614BE4B2DB5D9C4209D0C7
S2140142A8CDE901430020534B594A5D49009704F074
S2140142B885FAE6E757B3A4B222460521404625F01B
S2140142C8BDFFBDF82830834203D04A4B554A5649AC
S2140142D8B6E7012F1AD022460721404625F0AEFF41
S2140142E8BDF82A30834203D0424B4E4A4F49A7E7CE
S2140142F8032F0BD122460921404625F09CFF0B9B34
S214014308984203D13B4B474A494999E7642D3FF404
S21401431863AF26F0AAFB6423C0B2B0FBF3F203FB3B
S21401432812030133DBB29D42BFF456AFCDE9005309
S2140143380020304B3B4A3F4904F040FAA1E7284B9E
S2140143481B78052B01D03C4A7FE7EB1CDBB2277BA9
S214014358F45C44B123460020374A384904F02EFA63
S21401436800210C460BE00F2F0DD8102320463449A8
S2140143780093314A3B4604F021FA802401210020AB
S214014388FFF726FBE1E60435EDB220462A4A2D4919
S21401439804F014FA7A1B7119D2B206A824F0D0FDDB
S2140143A805443A46E9B2304625F045FF264D069AB9
S2140143B82B68264F9A42386001D100284AD12449F1
S2140143C800201D4A04F0FAF985240121D7E700BF29
S2140143D87144040010B6040089440400906C00205F
S2140143E82D5F0020B84404002A5F00202E450400F3
S2140143F836450400BE450400D3450400FC440400C9
S214014408094504005E4504006B4504008845040020
S214014418E8450400F04504000A460400D3B5040044
S214014428284604007D4A0400624604008C460400BF
S214014438B4460400DB4604000F470400294704007D
S214014448584704006F470400303F0020403F0020D3
S2140144589847040000F08EFF3E68B0420AD200F08A
S21401446889FF9D4903463246204604F0A7F9892468
S214014478012184E7079A6B689A4205D12046974A34
S214014488974904F09BF96BE79649097859B19A421E
S21401449809D22046944904F091F996210620934AB8
S2140144A8FFF7E8F95CE7924A924905A801F0DCF9BA
S2140144B8079E48B96A68964206D88F4904F07EF97D
S2140144C80520FFF7C3FB40E6324600208B4904F07F
S2140144D875F939680027002000F042FB00206E605D
S2140144E8FFF74AF9864B06201F80FFF719F9854B17
S2140144F81F7001F0B1F90646F8B94FF6FF73824A04
S2140145080AA81188994214BF13463B466A88298827
S21401451801F012F90AA800F0D7FC58B10AA801F070
S214014528DDF938B13046794904F048F90420FFF737
S21401453857FB0AE6FFF7F8FB07E6042805D1744B94
S2140145481921187825F094F8FFE538467149EBE704
S214014558714B1B78062B01D0704A76E6DFF8A0A1CE
S214014568EB1C94F80C90BAF80080DBB22EB93046F2
S2140145786B4904F023F98724E7E5F75C2C1D972F90
S214014588E4B22FD025D8812F71D0952F67D017BBCD
S214014598B9F1100F7FF6E7AD31194A460AA824F09B
S2140145A8CFFC0444E4B221464A46304625F043FE91
S2140145B8231DDBB2053416F803A0E4B2A9EB040305
S2140145C85345054666DA009338465346534A5549D5
S2140145D8C7E5982F43D03B460020504A524904F07D
S2140145E8EDF8C8E7B9F10A0F7FF6BDAD1FFA89F7EE
S2140145F821463A46304625F01EFE05F108010446D6
S2140146083A46C9B2304625F016FE0AAA01462046A1
S214014618FFF736FA08B9454B0A93B9F10C0F12D9C8
S21401462805F10C013A46C9B23046DDF8288025F076
S21401463805FE044602463E49002004F0BFF8AAF8E3
S214014648004044440A940A9C3A492246002004F051
S214014658B5F82046FFF7A4F824F06AFC11E63649B7
S214014668002004F0ABF80320FFF7BAFA09E6334C4A
S21401467823786BB124F04FFC50B10020304904F088
S2140146889DF80023237024F053FCFFF74DFBF8E553
S2140146982C49E5E7DFF8A49099F8003043B9FFF70D
S2140146A8D1F88542034607D01C4A27490095E5E517
S2140146B824F038FC0128F2D110220D480AA909F085
S2140146C8BBF810B9BAF13F0F42D9144A1F49002066
S2140146D804F074F84FE700BFB74704000F4704001B
S2140146E8EF470400265F002024480400C02709007D
S2140146F8303F0020403F0020B342040065480400D4
S214014708B65600202C5F0020B856002087480400C3
S214014718F36C0020A64804002D5F0020CC48040056
S214014728E14804000E4A0400F0490400E09304003E
S2140147381C4904004749040066490400295F002013
S21401474882490400C14904004A4A0400864A040012
S2140147586D4B187099F800304BB124F0DCFB30B182
S214014768284624F0DBFB042807463FF48AAD514669
S2140147782846321924F015FD28B10020634904F0B3
S2140147881DF8042070E799F80030554463B124F009
S214014798C2FB48B1FF2FF4D0012F3FF472AD032FAF
S2140147A816D124F0C3FB05462846FEF7E5FF044666
S2140147B802460521564824F0EAFB564B1B689C42E4
S2140147C80AD3204624F0E8FC0520FFF73FFA58E50F
S2140147D824F0AAFB8046E7E74046FEF7E1FF0028FB
S2140147E87FF44FAD51E74C4B1B7803F0FD03082BC4
S2140147F801D04A4A29E5A48935B1F27822B10020C8
S214014808474903F0DBFF2EE7E4B22246F11C0AA86B
S21401481824F096FB434BBDF828201988054691429B
S2140148280DD04FF6FF718A4209D03C4A00203E4B14
S2140148383E4903F0DDFFBDF828203D4947E7BDF8AE
S2140148482A20598891420CD04FF6FF718A4208D027
S214014858324A0020374B354903F0CAFFBDF82A20F3
S214014868EBE70B9A5B689A420AD0013208D02B4ACA
S2140148782E490020304B03F0BBFF0B9A2F4926E741
S214014888A4B2E91C2246C9B2304625F0D4FCE91D7B
S214014898C9B207462246304625F0CDFC431C0146E0
S2140148A806D10820FEF73CFF2548FEF779FFE8E425
S2140148B8384606AAFFF7E4F8A8B9214B0693214B18
S2140148C800221978204B187824F016FB069C2046FF
S2140148D8FEF766FF224600201C4903F06FFF0920F9
S2140148E8FEF71EFFCDE440F6B733069A9A42E6D89D
S2140148F840F6B8320020164903F060FF40F6B83398
S214014908DCE7812421E400BF2C5F0020B94A0400BB
S214014918DC4A0400403F00202D5F0020E54A0400E1
S214014928FA4A0400303F00207C460400214B04006C
S214014938DA3B0400A64604003C4B04003953040045
S21401494880EE3600F26C0020F36C0020744B0400F5
S214014958494B040008B50420FFF742F90020FEF78A
S214014968DFFE0023054A19211370054A1370054B0B
S2140149781878BDE8084024F07BBE00BF2A5F0020F7
S2140149882B5F0020F36C002010B5164B164C1A78D6
S214014998164B002053F82220154903F00FFF217803
S2140149A8144B154A0020002918BF1A46134903F06C
S2140149B805FF23782BB1124B00201A68114903F022
S2140149C8FDFEFEF73FFF0446FEF73CFF0E4B196857
S2140149D824F0D0FA2246BDE8104003460B490020D1
S2140149E803F0ECBE2D5F00202A5F0020E4B504002A
S2140149F8904B040066520400475204009D4B040085
S214014A082C3F0020B74B0400403F0020D04B040049
S214014A1838B5014604460020FFF788FB054698B1DD
S214014A28E37C00200A4A0B4903F0C8FE2379042BCD
S214014A380AD02946204625F0E8FC034620B1002086
S214014A48054A064903F0BAFE6FF0FF0038BD00BFFD
S214014A58F42E0400F84B04002E45040036450400E5
S214014A6810B51346094A127882420DD163B1084A35
S214014A78002014680A46074903F0A0FE2146BDE84F
S214014A8810400120FFF752BB10BD00BFF36C002099
S214014A98904200201A4C040010B50D4B1C782CB11E
S214014AA8BDE8104000200B4903F088BE6420FEF7DD
S214014AB863FE4FF6F0716FF00F02074B0320C3E950
S214014AC8001222462146BDE81040FEF7D3BE00BFBD
S214014AD82D5F0020534C0400303F0020014B187016
S214014AE8704700BF295F002000210620014AFEF713
S214014AF8C1BE00BFC0270900014B1870704700BF30
S214014B08265F0020114B2DE9F04107460D4618682F
S214014B180F49101A096824F02DFADFF840800D4E67
S214014B2898F800400346FF2C307004D0A8420AD3F8
S214014B382C44A04207DB3A460020074903F03EFE14
S214014B48337888F800303078BDE8F081483F002097
S214014B58443F00202E5F0020814D0400F46C0020A5
S214014B6850EA010208D0FF22054B091A1A70054BB4
S214014B781860054B1960704711461046FFF7C2BF0B
S214014B88F46C0020483F0020443F00202DE9F04FF8
S214014B98AFB006AD284600F0FDFD0026624FDFF8EF
S214014BA8D091284600F090F9044648B900F0BEFDB9
S214014BB85E490246204603F001FE2FB0BDE8F08F9D
S214014BC839460020F2B203F0F9FD284616A900F08E
S214014BD8FFFD044620B15649002003F0EFFD8FE0A3
S214014BE8BDF85820534903F0E9FD49462046BDF86B
S214014BF85A2003F0E3FD2046BDF85C204E4903F039
S214014C08DDFD2046BDF85E204C4903F0D7FD204661
S214014C18BDF860204A4903F0D1FD2046199A494952
S214014C2803F0CCFD2046BDF86820474903F0C6FDD1
S214014C38204646490DF16A0203F0C0FD4449204664
S214014C48239A03F0BBFDBDF85C30D90705D520468D
S214014C589DF890203F4903F0B1FDBDF85C309A07F6
S214014C6814D500203C4903F0C3FDBDF85830B3F510
S214014C78807F4FD1002025F028FB18B10DF1910057
S214014C8803F01EFD0020354903F098FDBDF85C30A1
S214014C985B070BD50020BDF8B220314903F08EFD25
S214014CA80020BDF8B4202F4903F088FD06222846C7
S214014CB80DF116030AA924F08CF9044690BBBDF839
S214014CC81620294903F07AFDDFF8A8A0DFF8A8B076
S214014CD80DF12808BDF81610A2B2914210D9B8F8FD
S214014CE800205146002003F069FD0134D8F804205D
S214014CF85946002003F062FD062C08F10808E9D1A0
S214014D086C46204600F05AFD94E80F00013685E807
S214014D180F0046E70123202200200DF1910103F040
S214014D28B1FCAFE7114957E7934D0400604F040003
S214014D389C4D0400C04D0400F44D04000D4E0400C3
S214014D48264E04003F4E0400584E0400714E0400DF
S214014D58864E0400A24E0400BB4E0400D064040034
S214014D68CE4E0400E74E0400004F0400334F040003
S214014D78D94D0400114F0400214F04002DE9F041DC
S214014D8888B004AD044628468846002700F002FD90
S214014D986E46474507D195E80F0084E80F00204680
S214014DA808B0BDE8F081304600F008FD96E80F002F
S214014DB885E80F00284600F087F801370028E8D173
S214014DC8014B0FCBE9E700BF88B804001FB5D0E94F
S214014DD8023253F8223068461978FFF7CFFF684643
S214014DE800F07CFD48B1042809D1074A002007498C
S214014DF803F0E4FC05B05DF804FB054AF6E700207D
S214014E08044903F0DBFCF5E7FC5804007B4F04007B
S214014E18B25204008748040010B5D0E9023203EB09
S214014E288201496853F8223098B00C6804A81978AA
S214014E38FFF7A4FF03AB40220093214608AB04A862
S214014E4800F0E2FC024628B100200E4903F0B6FC49
S214014E5818B010BD039808A900F007040122C0F392
S214014E68C70003F055FC039908A8091B0144064826
S214014E7801232246008803F005FC044803F03EFCA3
S214014E88E6E700BF8B4F0400D4560020D064040028
S214014E98F0B504460D460B4BEF880FCB84E80F00A0
S214014EA8AB882E899B0741BFD5F83900D5F83D1048
S214014EB804F1080303C3EA68204627806680626017
S214014EC8F0BD00BF1CB60400102208B5034908F05F
S214014ED8B3FC003818BF012008BD00BF88B804001D
S214014EE808B526F049FAC288FF219208012A38BF78
S214014EF80122024823F0BFFB012008BD583F0020CD
S214014F0838B5134690B10120274A1070274A002069
S214014F181160274A13600A46264903F04FFC02F03F
S214014F289DFB254B1870022002F09EFB26F03FFAE7
S214014F38E8B91D4D1D4C2B782BB926F01DFA2268B1
S214014F48C368134423601A4B24681B689C4229D201
S214014F5826F012FAC168204606F0AAF8002402468E
S214014F682C7050B926F023FAFFF7BAFF03E0FFF7D3
S214014F78B7FF0028DDD0012038BD20460F4903F0D1
S214014F881DFC0D4B187802F06FFB00200C4903F04E
S214014F9815FC00F091F908B900F0AEF92046FFF7C4
S214014FA8B7F8E8E70124ECE7305F0020503F00201F
S214014FB84C3F0020B24F04002F5F0020DE4F040054
S214014FC8FE4F040038B500F04BFA044600F042FAEA
S214014FD8241A26F0D1F9054618B9B1211B482BF039
S214014FE8BCFFAB8803F00303032B03D0B221174899
S214014FF82BF0B3FF00F02EFA054624F05DF80123E6
S2140150088340013B2B4203D0B42110482BF0A5FF67
S21401501824F052F801238340013B234203D0B521F3
S2140150280A482BF09AFF05F019FE054624F044F8C5
S2140150384FF48063B3FBF5F3C440A34205D2BDE841
S2140150483840BA2101482BF088BF38BD14500400F7
S214015058FF2108B5044823F01FFBBDE808400022DD
S21401506811461046FFF74CBF583F0020F7B50446D7
S2140150780E4600F089F8054626F07EF9C3682B44EB
S2140150889C4220D324F018F82C44C440013C114F0C
S2140150983B68DEB1A34219D101340023ADF80430D0
S2140150A800F0E4F9054605F0D9FD103504FB005477
S2140150B805F0D4FD01A90246204605F021FE24F09C
S2140150C80BF8386004E04FF0FF34E0E7A342E4DB76
S2140150D803B0F0BD706800204FF0FF320A4B10B5E0
S2140150E81A600022094B1A7000F0B4F9044600F061
S2140150F8B7F9214602460120FFF702FF00280CBF38
S2140151080120042010BD00BF70680020315F002018
S21401511838B500F0D1F808B9002038BD094D0A4C59
S2140151282B7823B923F0D8FF012320602B7024683D
S21401513823F0C2FF01348440EED000F025F8204465
S214015148EBE700BF315F00207068002070B50D4C9A
S2140151582368002B01DA012070BD00F07BF90546B3
S21401516826F00AF92468C66823F0A6FF013404FA73
S21401517800F1294401208A19FFF7C2FE0028EAD067
S2140151880420E9E770680020024B18680C3023F009
S214015198D3BF00BF74680020FF2307B50021044A67
S2140151A804480093FBF75EFF03B05DF804FB00BFFD
S2140151B859500100583F00200E4B70B51C68054633
S2140151C8036804F582641C440E46FFF7DDFF2B686E
S2140151D8834208D232681A44824208D9C31A012087
S2140151E833602C6070BD044A126813441C1A0020F0
S2140151F8F7E700BF74680020543F00202DE9F04F00
S214015208B3F5803F87B00F469846019003D3002038
S21401521807B0BDE8F08F03A904A8CDE90332FFF76C
S214015228CBFF0024824600F10109DFF888B05FFA57
S21401523889F9019BDDE90356AAB27BB1304610997C
S21401524826F0A1F80028E2D1B9F1020F2BD1DBF83C
S21401525800300493019B03BB2F4421E039463046B6
S21401526805F04EFD0028D2D1BAF1000FECD0002C83
S214015278EDD105F0F3FC2E44B6FBF0F303FB10600A
S2140152880028E4D005F0EAFC05A902463046059454
S21401529805F036FD0028DAD0B9E7109B2B441093A9
S2140152A8A8EB05050395631C4B454FF00104C0D3D5
S2140152B82046ADE7543F00207FB56B460C4A106880
S2140152C8516803C390680C2218600A4B0DEB020163
S2140152D8186826F058F80C2268460DEB020108F00B
S2140152E8ABFAB0FA80F0400907B05DF804FB00BFDE
S2140152F82CB60400746800201FB5084A01AB106874
S214015308516803C3906801A91860054B0C221868F8
S21401531805F0F6FC05B05DF804FB00BF2CB60400EA
S21401532874680020F7B5044615460E4681B9072A63
S21401533803D80024204603B0F0BD0D4B80791968C8
S214015348E379063000EB03200C3180B223F0FEFE31
S214015358002721462B46324638460097FFF74EFF70
S21401536804460028E5D039467019FFF77FFEE1E7C5
S21401537874680020024B1868A0F50060704700BFEB
S2140153888068002010B58AB0684606F09DF810F0CF
S214015398FF0027D1009BFBB1174C01A9206006F03E
S2140153A80BF810F0FF001DD12268009B9A4204D327
S2140153B84FF4DD7111482BF0D0FD019B104A1149BD
S2140153C81360029A13440B600F49A3F500630A6041
S2140153D80E4A1360009B63B940F2CF1107482BF0C1
S2140153E8BCFD06E0044A034612680020084903F09B
S2140153F8E5F90AB010BD00BF78680020C750040060
S214015408543F00207C6800208068002074680020D3
S2140154186F51040008B5FFF7B5FF25F0ADFF50B191
S21401542825F0AAFF064B02691B689A4203D2B321EC
S21401543804482BF092FDFFF7C5FD012008BD00BF0B
S21401544880680020C7500400014B1868704700BFE9
S21401545878680020014B1868704700BF543F002049
S214015468014B1868704700BF7C680020014B18681C
S214015478704700BF7468002010B5FFF749FE044660
S2140154882849002003F09AF90020274903F096F9E5
S2140154980020264903F092F90020254903F08EF9E9
S2140154A8244B00201A68244903F088F92246234928
S2140154B8002003F083F9FFF767FE21490246002022
S2140154C803F07CF91F4B00201A681F4903F076F990
S2140154D81E4B1F4C1A6800201E4903F06FF92268FC
S2140154E800201D4903F06AF94FF4806200201B4929
S2140154F803F064F9226800201949103203F05EF9B6
S2140155082268002017490C3203F058F92268002057
S214015518154902F5826203F051F9BDE8104005F01D
S214015528D1BA00BFEE5104002B5204004A520400BF
S2140155386A5204007868002095520400B4520400A8
S214015548D7520400543F0020FA5204007C68002019
S214015558746800201D53040040530400635304007C
S21401556886530400A9530400CC5304002DE9F041E6
S21401557894B004460D460020482102AA23F0F7FD00
S21401558818B9534903F01AF919E060220021204698
S21401559807F006FE04224F4902A808F04DF990B11B
S2140155A86DB19DF80B30002001939DF80A309DF8E7
S2140155B80820009348499DF8093003F0FFF80120B8
S2140155C814B0BDE8F081BDF80C20B2F5807F2280CA
S2140155D803D0424903F0F2F8F1E7BDF81420BDF80C
S2140155E80E102281DDF816206180E2600499BDF86C
S2140155F81A206160228284F8320007AD04F1120293
S2140156080FAE2B4603CBB342106051601D4602F124
S2140156180802F6D10F9B324A63631360314B10229E
S2140156281846002107F0BCFDE288A388028022897B
S2140156384280E26842600BB90020C1E70026354681
S214015648A388D90709D536B105F150026A4412F87C
S214015658482C84F838200135EDB29A0714D52088ED
S21401566823F09BFC07466EB102AB03EB0508024626
S214015678414604F1390007F023FF3A4641461A48E5
S21401568807F01EFF2F44FDB2A3885B070DD556B160
S21401569805F150036B4433F8482C33F8463CA4F81C
S2140156A85A20A4F85C300435EDB2002EC4D1482D3A
S2140156B802D930460D4965E72946382002AA23F063
S2140156C856FD08B90A495DE738250126B8E700BF3F
S2140156D8EF53040038B6040021540400575404005C
S2140156E8783F00207C3F0020843F0020725404004D
S2140156F8C254040030B50B4C99B025786DB9FFF744
S21401570889FE68B129466846FFF730FFB0FA80F08F
S214015718054B4009187001232370002019B030BDCD
S2140157280120FBE7325F0020335F0020014B187829
S214015738704700BF335F002070B51E46134B044602
S21401574818881D46884298B002D15B88934206D0D5
S2140157580F4B0FCB84E80F00204618B070BD96B1EA
S21401576800216846FFF702FF0028F1D1BDF8043092
S2140157785B0708D53388BDF85A209A42E8D8BDF8A1
S2140157885C209A42E4D395E80F00E3E77C3F0020CB
S21401579888B80400064B10B51B7804462BB9054B90
S2140157A80FCB84E80F00204610BD034BF8E700BF77
S2140157B8335F002088B804007C3F002010B50446FB
S2140157C8024B0FCB84E80F00204610BD88B80400B2
S2140157D80B4B10B51B78044608467BB10021FFF732
S2140157E8C5FE48B910222146064808F025F80038B3
S2140157F818BF0120C0B210BD0120FBE70120FAE75F
S214015808335F00207C3F00202DE9F0410E4690468C
S2140158180E4910221F4608F00FF8044670B90C4BC3
S2140158283A461D683046AD1B454528BF45462946BC
S21401583823F09DFC28B9074902F0C0FF0120BDE806
S214015848F081069B20461D60F9E700BF7C3F0020DB
S214015858783F0020C25404000022024B1A70FFF75A
S2140158683BBC00BF335F00202DE9F0419CB00F46DA
S21401587816468046FFF74CFC0546024615490020A9
S21401588802F09CFF382D20D9012104A8FFF76EFEEF
S2140158980446D0B9119B04A93B606F463846FFF70A
S2140158A8F7FA97E80F0086E80F00119BAB4297BFFF
S2140158B801210324084AC8F8003094BF1170C8F8BB
S2140158C8005020461CB0BDE8F0810022024B01249E
S2140158D81A70F6E7F4540400335F002070B5084DDB
S2140158E800262B7853B1FFF7F7FB04461022002158
S2140158F804482E7007F054FC204670BD3446F5E780
S214015908335F00207C3F002008B50020064902F0DE
S21401591855FF064B00201A78054902F04FFFBDE8EF
S2140159280840FFF7A9BD00BF13550400335F0020E8
S2140159383D55040003460120024AC3E9032000221C
S2140159481A7070470100FEFF2DE9F0410024264E2B
S214015958264FDFF8A88088B000F0D4F9A5B28542B2
S21401596802D308B0BDE8F081284603A923F035FC28
S214015978A2B23146002002F03BFF9DF80D2012B37B
S2140159889DF81210BDF81030402914BF6E217921F8
S2140159980020CDE900313946BDF80E3002F028FF67
S2140159A8BDF814201AB10020114902F021FF9DF814
S2140159B80C00BDF8182070B9079B0E490093BDF876
S2140159C81A3002F015FF00200B4902F0F7FE0134E9
S2140159D82BF0D0FAC0E7BDF81C30414600930020F2
S2140159E89DF81A30EDE700BF565504005C550400D3
S2140159F87F55040089550400D0640400B05504009E
S214015A0810B500F0ABFABDE810400346024A002084
S214015A18024902F0D3BE00BF2B61040049200400EE
S214015A28D0E9023253F8223010B5188800F086FA09
S214015A38BDE810400346024A0020024902F0BEBEF5
S214015A48D85504004920040010B5D0E902320024D4
S214015A5886B08DF8044053F8221003EB82030978C8
S214015A6801A88DF805105A681288ADF806209A68BC
S214015A781288ADF80820DA681278ADF80C40A24210
S214015A8814BF402280228DF80A201A691288ADF8C0
S214015A9810205A699B691288ADF812201B68059375
S214015AA800F0D0FB034A03460349204602F086FE6F
S214015AB806B010BD7A3404004920040038B5002425
S214015AC8064D2BF043FA45F824000634C02CF8D1CD
S214015AD80020BDE83840024902F070BE8010002060
S214015AE8DF55040030B5002087B0204902F066FE75
S214015AF800201F4902F062FE00201E4902F05EFEE9
S214015B082BF024FA00240546A0B201A9013423F09B
S214015B1864FB202CF8D12BF019FA1749421B0020F8
S214015B2802F04CFE1549002002F048FE2BF00EFA52
S214015B380446012000F09EF82BF008FA0E49021BD5
S214015B48002002F03BFE0E49002002F037FE2BF043
S214015B58FDF9044623F032FB2BF0F8F9021B00206E
S214015B68054907B0BDE8304002F028BE0B560400D0
S214015B783A5604006A5604008756040096560400EE
S214015B88B056040010B50C4603F07CFD08B9032C8A
S214015B9812D101F059F904280ED001F055F905285B
S214015BA80AD0064802F0BAFC1C2801D124F0B3FA40
S214015BB8BDE8104002F0C2BC10BD00BFCF91030083
S214015BC82DE9F04F00274FF0FF36DFF8A4B0264C3A
S214015BD887B0BBF80030B8B2834209D8731C3BD0F3
S214015BE83246FF21214807B0BDE8F04F22F043BDF9
S214015BF801A923F0F2FA9DF8050001F05BFFF8B160
S214015C089DF80480B8F1000F1AD1BDF810A0BDF8B0
S214015C1812902BF09BF918210246BBB24B43E018B1
S214015C28E158007C4FF47A73A2EB010C50B103FBE8
S214015C380AF363450ED30B44981A864228BF0646D4
S214015C480137C6E74D466B43FAD06345F5D3194489
S214015C58881AF2E74046F0E7FF21044807B0BDE896
S214015C68F04F22F019BD00BF801000208C3F0020A5
S214015C78BA5600202DE9F041014688B058B10228ED
S214015C8810D023F0C4FA78B3D221194808B0BDE879
S214015C98F0412BF062B9FF23164A17480093FBF729
S214015CA8E1F9EEE700244FF001082746134EA5B2A6
S214015CB8284603A98DF80D7023F08FFA9DF80D007C
S214015CC868B101F0F7FE20B19DF80C300BB986F8E3
S214015CD810800134202C06F11806E8D12546084B19
S214015CE81D80FFF76DFFCCE708B0BDE8F08100BF67
S214015CF8D0560400316001008C3F0020801000203F
S214015D08BA560020014B1888704700BFBA560020C3
S214015D182DE9F04F634A077D89B0044662490020A1
S214015D2802F066FD002024F0D0FA20B12368218A0B
S214015D38588803F0F5FC00205C4902F03FFD637DBE
S214015D48DFF87491002B236808BF08205988574B41
S214015D5818BF00200093228A4FF0090314BF4FF0A2
S214015D6880084FF0400802F089FBA289BB1C9342C9
S214015D780CDB24F044FB034620B100204C4A4D4975
S214015D8802F01CFD012009B0BDE8F08FA068791C5F
S214015D9889B2C55D24F052FA0337012D0646BFB213
S214015DA813D82368324659885879238A009343467C
S214015DB823F08CFE824600283ED1862002F026FC7F
S214015DC8284602F023FC304668E08520F6E703A95A
S214015DD823F003FA9DF80C30AB4223D123689DF8D3
S214015DE80D105A7991421DD1BDF80E105A8891426C
S214015DF818D1BDF81020B24214D19DF812204245A0
S214015E0810D1BDF81410228A91420BD1002D38D03A
S214015E18BDF81810E288914204D19DF81A201B7922
S214015E289A422ED00BF1010BB9F800305FFA8BF0CD
S214015E388342CCD88B20C1E74FF0000BF4E79AF8E1
S214015E48020002F0E3FBBDF8180024F0BAF9BDF829
S214015E581A0024F0B6F99AF8020003F081FE002829
S214015E6883D19AF8020001F0F7FC0546079E002D3B
S214015E783FF47BAFF0B2013D02F0C8FB360AEDB243
S214015E88F5E7002002F0C2FB284602F0BFFB3046C9
S214015E9824F097F9012DD2D1BDF81C0024F091F910
S214015EA863E700BF5F570400374B0400D064040063
S214015EB86C57040089570400BA5600202DE9F043B0
S214015EC891B06946804623F088F90023194F8DF86A
S214015ED801303888431E98B28045388009D1694612
S214015EE8404623F082F9684623F066F911B0BDE80A
S214015EF8F0834FF0180905A923F06FF90E4C3E8878
S214015F080AAD09FB06460FCE0FC596E8030009FB46
S214015F18084485E803000AAE404605A923F065F95A
S214015F280FCE0FC495E8030084E803006946388855
S214015F38D7E700BFBA5600208010002008B5064BE8
S214015F481B88834205D9FFF7B9FFFFF739FE002002
S214015F5808BD2720FCE700BFBA56002038B5074D14
S214015F682C882CB9FF21064822F096FB204638BD1E
S214015F78601E80B2FFF7A2FFF2E700BFBA56002004
S214015F888C3F00202DE9F3479A4618239DF8289060
S214015F98244FCDE9001203FB09731446D3E9022303
S214015FA824F00CFB064620460D4603F0D9FD04F006
S214015FB8FD03382B80460FD1009432462B4600212C
S214015FC8DAF8100023F034F9B8F1010F1BD1354384
S214015FD81ED102B0BDE8F087392CDAF810300BD1A3
S214015FE807EE906A07EE103AF4EEC77AF1EE10FA69
S214015FF8ACBF01200020E7E79E4275F100032CBFE5
S21401600801200020E0E7B8F1000FE2D10028E0D037
S214016018182303FB097701233B7402B0BDE8F04758
S214016028FFF7CEBD801000202DE9F04F00252E4643
S214016038A846AA462C46DFF8BC91D1B0694BA8B24F
S2140160481B88834209D81CB161882079FFF79AFD1D
S214016058FFF7B6FD51B0BDE8F08F0BA923F0BDF8E8
S2140160682AF074FF1823AFB27B4309EB030B59F8E8
S214016078033005909DF82D00049301F01BFD0028C0
S21401608800F0AE809DF82C10002940F0A980DDE9CB
S2140160980432D01A4FF47A72BDF83830534383422B
S2140160A800F29E809BF8103043B9BDF83A30002BB9
S2140160B800F096805343834200F29280FD2300222B
S2140160C8CDE9013210AB00930DF119020DF11A0357
S2140160D8E9B20BA8F0F71CF9002877D1BDF81A30F9
S2140160E8DA1C0493D2B214B33F4B9DF82D101B88CB
S2140160F813442279914214D1BDF82E106288914238
S2140161080FD19DF83220B8EBD21F0AD1BDF8342042
S214016118524506D1B3424DDD0020344902F04EFB0C
S21401612801E0B342F8DC61882079FFF72BFD02F025
S21401613841FA04469DF932002D4BC043C00F009327
S214016148BDF834200A23BDF82E10C0009DF8328011
S21401615802F094F99DF82D304FF0000B23714FF49F
S2140161688A53FF26BDF834A04FEAD818E38007A95A
S2140161785FFA8BF024F0D1FBC0B2B0B99DF81D10C0
S2140161889DF82D20914210D1BDF81E10BDF82E2085
S21401619891420AD122469DF829109DF81C0024F048
S2140161A837F9B04228BF3046C6B20BF1010BBBF136
S2140161B8200FDCD1BDF8300024F003F89DF8190053
S2140161C802F024FA049910A802F034FA18230022DF
S2140161D85F4309EB07031A742AF0B8FE49F807006B
S2140161E801352BE7BA560020C4560020485804004B
S2140161F8D06404008010002070B500240126104DDC
S2140162088AB02B88A0B2834204D80AB0BDE8704091
S214016218FFF7D6BC05A922F0E0FF9DF8150001F0AE
S21401622849FC50B19DF814303BB91A46CDE9013600
S2140162380093E1B205A8F0F76BF80134E1E700BF77
S214016248BA5600202DE9F0430389DFF858818BB050
S214016258B8F800900093044683798288418840788C
S21401626823F034FC002800F09580E78927B1A3893C
S214016278BB4200F291800027B8F80030BDB2AB42AD
S21401628814D84D4601264FF6FF73E2899A4226D165
S21401629846B9B8F80030AB4202D92846FFF70EFED9
S2140162A8FFF78EFC00200BB0BDE8F083284605A951
S2140162B822F093FF9DF814307BB92268059B534062
S2140162C8FF2B0AD86368069E5E4036F07F4604D1E7
S2140162D8BDF81C2023899A42D5D00137CCE7E2685D
S2140162E89A422BD0002E53D1D4E90323CDE90823B3
S2140162F805A822F061FF0028D5D1B8F80030AB42D6
S21401630804BF6B1CA8F800302AF020FE18236B4344
S214016318234AE9B2D050D418002305A81A46CDE975
S21401632801330093EFF7F4FF18B100220023C4E904
S2140163380223284605A922F058FFB1E7234605AAF5
S21401634804F1100C174618685968083303C76345E3
S2140163583A46F7D11868386005A822F030FF0028B9
S214016368C0D01F2D1AD800238DF8143063788DF805
S21401637815306388ADF81630A388ADF81830A379C0
S2140163888DF81A302389ADF81C300028B0D1ABE758
S2140163980020E6E7862086E7872084E7892082E7CB
S2140163A880100020BA5600202DE9F04FB04A90F828
S2140163B814908DB00446AF49002002F019FA002067
S2140163C823F083FF20B12368218A588803F0A8F9AF
S2140163D80020A94902F0F2F9637DDFF8B8A2002B84
S2140163E814BF802340230293236808BF08205988D6
S2140163F8A14B18BF00200093228A072302F03EF81B
S21401640800230393A28909F10305954211DB039B37
S21401641813B9184602F0FAF823F0F1FF034620B143
S2140164280020964A964902F0C9F901200DB0BDE848
S214016438F08FA06809F1010189B210F8096023F00C
S214016448FDFE3246804603468E490020ADB202F074
S214016458B5F98EB1012E00F08A808527384602F0FC
S214016468D5F8304602F0D2F8404623F0AAFE852F2A
S214016478D2D00123039376E0A06809F10401A2892A
S21401648889B2475D23F0DAFE09F10601A289049074
S21401649889B2A06823F0D2FE3A4605900090049B84
S2140164A83046794902F08AF909F1080938461FFA8F
S2140164B889F503F055FB002857D1384601F0CCF989
S2140164C8294603468146A289A06823F0A8FE6F499B
S2140164D88346304602F08CF9A1684A462944334679
S2140164E8304602F0CFF83046634902F067F9A9440E
S2140164F81FFA89F52368424659885879238A0093F2
S214016508029B23F0E3FA18B18378BB4240F0AC80D3
S214016518483FFFB2092F05D840F21133FB40DB078D
S21401652800F1A48000238DF81C30236807A85A7947
S2140165388DF81D205B88ADF82080ADF81E30029BD3
S214016548CDF82CB08DF82230238AADF82430049B80
S214016558ADF82830059BADF82A30FFF773FE0746DD
S21401656800287FF47BAFA9464CE7B346C2E7294625
S214016578A289A06823F062FE4FF0000B0246074688
S2140165884349002002F01AF909F10509BAF8003062
S2140165981FFA89F5BAF800201FFA8BF94A4503D87D
S2140165A81F2B31D9892759E7484607A9049322F0B2
S2140165B814FE9DF81C20049B012A22D122689DF80E
S2140165C81D00517988421CD1BDF81E0051888842A9
S2140165D817D1BDF82010414513D19DF82210029815
S2140165E881420ED1BDF82400218A884209D1BDF81E
S2140165F82800E188884204D19DF82A101279914230
S2140166081BD00BF1010BC5E7012299468DF81C201A
S214016618226851798DF81D105188ADF82080ADF8A3
S2140166281E1002998DF82210218AADF82410E188EF
S214016638ADF8281012798DF82A2007A8ADF82C7025
S21401664822F0BAFD074600287FF408AFBAF80030F2
S2140166584846994508BF09F1010307A908BFAAF8E2
S214016668003022F0C2FD7EE78D27F7E68C27F5E697
S21401667873580400374B0400D0640400D45804004F
S214016688895704007B58040098580400B958040038
S214016698C4580400BA5600202DE9F04F074688462C
S2140166A89146002589B09A46BDF848B09DF84C60D9
S2140166B8149C224B1A88A8B2824235D903A922F023
S2140166C88CFD9DF80C201D4BB2BB9DF80D10B942F0
S2140166D832D1BDF80E1041452ED1BDF810104945EE
S2140166E82AD19DF81210514526D1BDF814105945E6
S2140166F822D13046029201F0AFF8A6F14103012BF0
S21401670801460AD8204623F09FFD0D4B0D4A20442A
S21401671884420CD10421029302ACEDB232462046E3
S214016728009503ABFFF72EFC09B0BDE8F08F14F80F
S214016738011F4B405343EBE70135BBE7BA56002030
S214016748C59D1C81930100011FB50F4C2478C4B167
S21401675842EA03229DF818308DF8051042EA4322D2
S2140167680A4BADF80C201A78094B8DF806100799D4
S21401677803EB021300908DF80400DB68684602916B
S214016788984704B010BD00BF345F0020365F002074
S214016798AC3F002073B51A4DFF211A4821F07CFF43
S2140167A82B7853B3184C194E2378180106EB0313AC
S2140167B81A7A5968305C24F03CF94D281DD0E0B1AE
S2140167C8012300212278CDE900311201B25CC0B262
S2140167D8FFF7BAFF0A2223780A480133DBB2B3FB74
S2140167E8F2F102FB1133FF2123702B78013B2B704A
S2140167F802B0BDE8704021F047BF02B070BD00BFCF
S214016808345F00204C400020365F0020AC3F00205B
S214016818F8B5104F3E780A2E1AD00FC8DFF840C0D8
S2140168280D4D9CF80040013605EB041585E80F0070
S2140168380A230134E4B2B4FBF3F203FB124407481B
S214016848FF218CF800403E7021F01EFF0020F8BDA5
S2140168580120FCE7345F0020AC3F00204C400020BC
S214016868355F00200021024A0248FAF731BC00BF12
S2140168789D6701004C400020002337B50C46124D99
S21401688812492A78CDE9003312018A5C01230146B0
S214016898E0B2FFF759FFA4B90D490A788AB10A2070
S2140168A82B78013A0133DBB2B3FBF0F40A70FF210F
S2140168B800FB143307482B7003B0BDE8304021F0C5
S2140168C8E3BE03B030BD00BF365F0020AC3F0020FA
S2140168D8345F00204C40002008B500F0BDF850B1E8
S2140168E8054B064A0649052808BF1A46BDE808406A
S2140168F8002001F063BF08BDE8580400D064040016
S2140169080959040008B5032024F0ADF810B901228E
S214016918014B1A7008BD00BF375F00200022024BEA
S21401692818781A70704700BF375F00200246FF21AB
S214016938014821F0A0BE00BF6C400020114B37B5BE
S2140169481D78C5B9FF21104821F0A6FEFFF7DAFF2A
S214016958044600900D4B28460D4A0E4901F02EFFBD
S2140169684CB10D4B1B78DB0605D5284624F055F8A7
S214016978204622F092FA094B186803B0BDE8304069
S214016988FFF7D4BF375F00206C400020265904006B
S2140169985459040019310400255F0020846800203A
S2140169A8FF21014821F078BE6C40002070B51A4ED0
S2140169B8054633780C466BB30020184A184901F08F
S2140169C817FF032C01D0652C20D11649002001F0B1
S2140169D80FFF22460020144901F0F0FE002013495B
S2140169E801F006FF012329460822002001F04AFE8D
S2140169F800200F4901F0E2FE032C88BF0023204641
S214016A0888BF3370BDE87040FCF7BEB8012CE0D0F3
S214016A180849DBE770BD00BF375F00205459040002
S214016A280335040067590400BA3B0400855904007D
S214016A38D06404007D590400014B1860704700BFFC
S214016A48846800200021024A0248FAF741BB00BFC9
S214016A58456901006C400020054B10B51C782CB91F
S214016A680448FF2121F010FE204610BD0520FCE752
S214016A78375F00206C400020F8B50024074B084E0D
S214016A881D68084FE3B29D4204F1010400D8F8BD21
S214016A98394656F8230020F0B6FFF3E7F8D304008A
S214016AA8FCD304005069002010B5044C23780BB1C0
S214016AB823F0C9FF0123237010BD00BFF56C002029
S214016AC82DE9F743254B0D4616460446019350B16A
S214016AD84AB1042301AA12F8011BA94235D0013B89
S214016AE813F0FF03F7D1212003B0BDE8F08317F8B0
S214016AF8010F90FAA0F0000E21F0C1F9014608EB4B
S214016B0807039945F3DCCAB2C1F30F2392FAA2F23E
S214016B1893FAA3F3120E1B0E03EB0223DB4362194F
S214016B2812F8020C99B2DBB298420CD112F8013C69
S214016B38B3EB112F07D132462146284603B0BDE8EC
S214016B48F04323F0E0BE2320CEE74FF6FF71671E21
S214016B58A5F10209C4F10108D1E700BF080A0E121F
S214016B68F0B515468FB00E4607462AF09BFA254B18
S214016B7802A81C7823F06BFF15F0FD0F3BD028B94F
S214016B88BDF808309B0701D5032D36D01DF02EFE23
S214016B9858B309A823F0C7FF0323306871688DF836
S214016BA824300AAB03C39DF83130012D43F00203AC
S214016BB88DF8313019D105A909A823F0ACFF0028B2
S214016BC818BF022423F055FB032D18D80E4B0F4A85
S214016BD80020CDE9004753F8243052F825200C4907
S214016BE801F0ECFD20460FB0F0BD032DEAD1042CD0
S214016BF808BF0024E6E70324E4E72C46E2E703247B
S214016C08F0E700BF385F00202CB804001CB8040069
S214016C188C600400014B1870704700BF395F002074
S214016C28024B1A6818608260704700BF88680020A7
S214016C38024B186800B14068704700BF886800209A
S214016C4870B5044600250A4B1B687BB100211E88D7
S214016C5807E05A6802EB0110013145B9021B55429B
S214016C6855418AB29642F4D89B68EEE7184670BD3D
S214016C78886800202DE9F04F1E46002393B0022EA7
S214016C88074688461446DDF870909DF874A0ADF85E
S214016C981A3040F2C08099F800305A0729D5042ED8
S214016CA840F2B98099F804B000255F4B33F83520D7
S214016CB8002A00F0B68001350A2DF7D1209B002B5B
S214016CC840F0AD80FF250023207908AA0DF11901AF
S214016CD88DF8193023F045FA70B1BDF82C309DF8BF
S214016CE81900238023F0C0FA0790C0B113B0BDE89D
S214016CF8F08F99F802B0D7E7207922F062FF0B28C7
S214016D08059000F28A80207923F0BFFA07900028C0
S214016D18ECD1464A059B02EB03135B8823804FF6AA
S214016D28FF73002F08BF434662880021CDE9002380
S214016D3858465246238802F0FDFD18B1E38843F011
S214016D482003E380209B07A90DA8CDE90D34CDF8D3
S214016D583C90ADF84080ADF842608DF844708DF8EF
S214016D6845A023F00FFA08B10798BFE7484602F096
S214016D7825FDA01D02F010FD22464146384623F0A7
S214016D8847FBB04227D3E3882246C3F30E03E380CA
S214016D989DF87C3041460393BDF878303846029317
S214016DA80DF11A03CDE90093F3B222F07DFC209B86
S214016DB8079003B3F8B9BDF81A2042B1092D06D8D1
S214016DC81B4B03EBC5018A80209A43F83520112016
S214016DD823F0AAF91CE0BAF1000F0AD10DF11A0343
S214016DE8CDE9006322464B4641463846FAF778FF16
S214016DF8DDE73820DBE7052807D1E388DB0607D57A
S214016E08002301200793FFF705FF079B002BDED021
S214016E1823F02FFAA8E7012068E7212066E71C205F
S214016E2864E7EDB24FE700BF944000200041002020
S214016E38904000204FF6FF72024B1A805A809A80C3
S214016E48704700BFBC56002010B5044C2379FF2BB1
S214016E5802D123F026FE2071207910BDBC560020F1
S214016E6810B50C4C2379FF2B08D1002023F0FCF930
S214016E7820B923F016FE207123F0FBF920790228A9
S214016E8805D00438012894BF0020012010BD002039
S214016E98FCE700BFBC5600204FF6FF7310B5044C44
S214016EA822889A4202D123F0F2FD2080208810BD64
S214016EB8BC56002010B5FFF7BDFF40F61D439842AB
S214016EC8044607D8B0F5416F05D2182826D81528E4
S214016ED848D829D010BDA0F541630D2BFAD801A2D8
S214016EE852F823F0316F0100316F0100DD6E0100A9
S214016EF8DD6E0100DD6E0100DD6E0100DD6E010054
S214016F08DD6E0100816F0100936F01002D6F010096
S214016F182D6F01002D6F01002D6F010040F606430D
S214016F289842D7D11C4920E0FFF7B6FF1B49024615
S214016F38002001F043FC152C05D123F092FDBDE895
S214016F48104023F028B9164B164A1749B4F5416F75
S214016F5808BF1A46002001F031FC23F01BF923F084
S214016F681AF9ECE71628DDD11049002001F026FCB5
S214016F78BDE8104023F034BA22F07DFCBDE810408D
S214016F8802460B49002001F019BC0020BDE810405C
S214016F98084901F013BC00BFB06104005D6104003C
S214016FA8D064040058610400796104009961040002
S214016FB8C5610400ED61040007B5094A0346108857
S214016FC831B9084A084903B05DF804EB01F010BC72
S214016FD80091064A064901F00BFC03B05DF804FB74
S214016FE8D4560020502E04000D620400F42E04002E
S214016FF8193104000D4B37B51B68044693B11D784B
S2140170080389012D08BF02250093C37A084A002088
S214017018084901F0D3FB2146284603B0BDE83040B5
S21401702823F0F7BC022003B030BD00BFCC410020DE
S2140170388262040031620400002010B523F014F9BE
S2140170480D4B1B6863B15A78052A03D862B105242B
S21401705802220AE0FF2AFAD00020084901F0AEFB16
S214017068BDE8104023F005B91446104623F02DFD5F
S214017078204623F028FDF3E7CC4100208762040070
S21401708813B5134C002023F0EFF8FFF7D3FE23685F
S2140170989BB101A822F0E2FB78B923681A789DF81B
S2140170A804309A4209D0D91E032906D9D11E0129CE
S2140170B803D9012A07D1022B05D1032301A8ADF86C
S2140170C8043023F0ACFC02B0BDE8104023F0D1B880
S2140170D8CC41002000231946034A01330A2B91802C
S2140170E842F8081BF9D17047904000207FB50E463C
S2140170F8054623F096FC2A46044603460D49002019
S21401710801F05CFB96B10C4B36211A889B78ADF8DA
S2140171180C208DF80E300323002200934FF6FC70E6
S21401712803AB8DF80D5023F0BDFB0446204604B092
S21401713870BD00BFA862040098B80400FF2810B507
S2140171480C4604D10020044901F038FBFE202146F4
S214017158BDE81040FFF7CABFC1620400F8B51E4675
S2140171680B8807460C461546002B64D14A88B1F9A8
S214017178021000200029B8BF6B78304901F01EFBC9
S2140171886288132A1DD002F5FF437F339BB2052B75
S21401719823D8A2F50042013A052A1ED8DFE802F0F4
S2140171A8193F1D033C09264A2649002001F006FB23
S2140171B813E0254A2349002001F01AFB2A792349BE
S2140171C8F3E7022E94BF4FF6FF72B5F80120204967
S2140171D8EBE700201F4901F0F1FA33462A4621461B
S2140171E8384624F099FC70B933462A462146384673
S2140171F824F094FC48F2210362889A4203D1384667
S214017208697822F0B7FF6388B3F5004F02D90820E2
S21401721822F0C7FF0120F8BD2A790F49C5E70F4AB2
S2140172280849002001F0E4FA032E94BF4FF6FF72D6
S2140172386A880B49B9E70020EDE700BFFC62040045
S214017248246304002B6304003C63040042630400C7
S214017258506304006863040082630400A4630400A6
S214017268A96304002DE9F04116888AB0DFF88C80FE
S214017278ADF80E300DF10E03C8F800201546009340
S214017288324610AB07460C46FAF7BCFD90BB109B7E
S2140172988DF824000693BDF80E3004A8ADF81C300E
S2140172A8AB898DF81070ADF820306B890594ADF870
S2140172B81E60ADF8223022F063FFD8B92146304669
S2140172C8BDF80E30109A01F0C9FF98B9214630462C
S2140172D8BDF80E30109AFFF741FF58B9CDE90060A6
S2140172E839462046BDF80E30109A02F049FB08B917
S2140172F8C8F800000AB0BDE8F08100BF8C40002045
S214017308F0B585B004AB03E9030000231C469DF8DD
S2140173180D609DF80E70154AD9B202EBC10045689A
S214017328EDB99DF80C30284600939DF80A209DF883
S2140173380B300F4901F05CFA26B1324628460D4952
S21401734801F056FA0C4A0020002C18BF2246BDF858
S21401735808300A4905B0BDE8F04001F02FBA12F826
S21401736831100133B94208BF2C46D5E740B80400AE
S214017378BB630400CC630400BF2D0400D063040083
S2140173884FF6FF7310B5084C88B062889A4207D149
S21401739802A90DF1070022F05FFABDF810306380EC
S2140173A8608808B010BD00BFBC5600202DE9F04F1C
S2140173B885B0894692461C460746BDF83850BDF842
S2140173C83C80109E002833D00346464A0020464992
S2140173D801F00EFA2388002B76D040F20912934268
S2140173E874D0424A4249B3F5827F08BF0A46CDF8AF
S2140173F804806188002000913E4901F0F9F923884C
S21401740893B1B8F1020F0FD933783B4913F0010F46
S2140174183A4A18BF0A4659074FF000004CBF33795D
S214017428B378374901F0E4F90020364901F0C6F986
S2140174380023354931F83320AA4249D1334A52F854
S21401744833B0002331F83300DA00A84246D10020D1
S2140174582E490A44908041F8330047B9238833B946
S214017468B4F90230002B02DB082022F05DFE012071
S21401747822F097FE9EB13578EB0710D515F004007B
S21401748804D042460121304622F0D8FECDE90170EB
S2140174984346224651464846009622F0EFFBBBF18A
S2140174A8000F06D04346224651464846CDE90067B6
S2140174B8D8474346224651464846CDE9006722F05A
S2140174C8A3F805B0BDE8F08F114A90E7114A8EE798
S2140174D801330A2BAED14FF0000BB2E701330A2B6A
S2140174E8B0D1BAE7FC240400F7630400C02D0400F9
S2140174F8E563040005640400E8630400F06304001F
S21401750836640400D06404009440002090400020B3
S214017518DE630400E26304000D4BF0B54FF00C0C7B
S2140175281F88054600230B4EDCB2BC4201D300205F
S214017538F0BD0CFB04F43019345DAC4205D1448827
S2140175488C4202D104799442F2D00133ECE700BFB1
S214017558926C00209868002073B501262B4D2C4CA0
S2140175682A462046FF2300210096F9F77BFD2A4686
S2140175782046FF2300210096F9F774FD2A46204687
S214017588FF2300210096F9F76DFD2A462046FF23C2
S21401759800210096F9F766FD2A462046FF230021BA
S2140175A80096F9F75FFD2A462046FF23002100963C
S2140175B8F9F758FD2A462046FF2300210096F9F7D9
S2140175C851FD2A462046FF2300210096F9F74AFD79
S2140175D82A462046FF2300210096F9F743FD2A464E
S2140175E82046FF2300210096F9F73CFD2A4620464F
S2140175F8FF2300210096F9F735FDFF232A460021CF
S21401760820460096F9F72EFD02B070BD3F8F0300A5
S214017618E04000202DE9F84300244FF00C090C4BFC
S2140176280C4F1E78DFF830803A88E5B2954202D3CF
S2140176383046BDE8F88309FB0585FF21A86821F0D7
S21401764832F818B9AB799E4238BF1E460134EBE7CB
S2140176583A5F0020926C002098680020014B187849
S214017668704700BF3A5F0020014B1870704700BF93
S2140176783A5F0020F8B506460C4622F070FD05462E
S214017688C8B9304622F09DFA0B2815D80B4B03EBE8
S21401769800131F7B87B95A88012122809A883046B1
S2140176A862809B79237100F037FA3946607130465B
S2140176B800F032FAA07101252846F8BD00410020E5
S2140176C870B504460E46154622F07BFA0B2802D9F9
S2140176D84FF6FF7070BD094B03EB00131A7B002AA7
S2140176E8F6D146B901222946204600F03DFA00287F
S2140176F8EED00088EEE7012EEAD1F4E7004100203B
S214017708FF2313B50DF1070104468DF8073022F063
S21401771824FD18B19DF8070002B010BD074B03EB16
S21401772804131B7B0BB1FF20F6E7204600F03AF95D
S2140177380028F8D0204600F0E9F9EDE700410020DE
S21401774813B5F6F765FC0446F6F768FC22460346C9
S2140177581249002001F032F800F084FFFFF7BAFC66
S21401776800F0A6F80221084602F074FDFFF764FC53
S21401777841F2490023F0C3F94FF0FF130093FF23AA
S21401778868468DF8043023F098F94FF4004023F04A
S21401779876F9002023F093F902B010BD8564040041
S2140177A838B5054622F0F9FC90B9284623F0B3F817
S2140177B8044628B140F60443984214BF88248D2411
S2140177C823462A460020034900F0F8FF204638BD24
S2140177D88D24FBE79D6404002DE9FF4705460E4608
S2140177E817469846BDF83090DDF834A0BDF8384005
S2140177F8CDF80090CDE9014AE4B2FFF7D7FD43463C
S2140178083A4631462846CDE90094CDF808A024F03A
S2140178184CF9FF21034B044A044804B0BDE8F0477D
S21401782800F01ABEC8560020C45600201261002077
S214017838044B01461888102240F0404040F480105E
S214017848F7F716BA92B50400024B18685968FFF79D
S21401785857BD00BF6A1005000123064AD15C814264
S21401786802D1054AD05C704702335F2BF6D100205F
S214017878704700BF9AB804009BB8040070B5002290
S2140178880446094B1D78094BD0B2854201D8FF2022
S21401789870BD1E78A64204D10029F9D05E7BF60792
S2140178A8F6D401321033EFE73B5F00200041002099
S2140178B82DE9F04198B06B46304A1068516803C309
S2140178C890680CAA18602E4B14469C4603F11806BD
S2140178D8154618685968083303C5B3422A46F7D1CE
S2140178E812AA1746274B03F1180615461868596851
S2140178F8083303C5B3422A46F7D1234A03AB1068B7
S21401790851684FF0010E03C3906871681860DCF87F
S2140179183000002206AB03C30C21EC46B068CDE963
S21401792809221860194BDFF86C801970184B0DEB9B
S21401793801060B9206AD09A91CF8010B0132187055
S21401794834F8020B0C2A588037F8020B83F80DE03E
S214017958988016F8010B03F1100303F80A0C15F8C2
S214017968010B08EBC00043F8080C11F8010B03F8EB
S214017978040CE1D118B0BDE8F08100BFB76404007B
S2140179880ABC040022BC0400C46404003B5F002057
S2140179980041002004B90400014B1878704700BF65
S2140179A83B5F0020034B03EB0013587B00F00100FC
S2140179B8704700BF00410020F0B504460846D9B11B
S2140179C800220E4B11461F780D4B1D46D6B2B74204
S2140179D801D8002010E01E78A64206D09E68F688D8
S2140179E8314489B201321033F0E75E7BF607F9D5E8
S2140179F805EB02150180A868F0BD00BF3B5F0020BB
S214017A08004100202DE9F347894690461D46074662
S214017A1818B9002002B0BDE8F0870029F9D0002A7D
S214017A28F7D0002BF5D0002400780DF10601ADF84B
S214017A380640FFF7C1FF0028EBD039460DF10602D4
S214017A48BDF8066021F0B2FF07460028E1D00DF127
S214017A580602BDF806A021F0D0FF0028D9D0C9F843
S214017A680070C8F80000037913F0200219D1DB066C
S214017A7814D4BDF806300C4A564413FA86F612FAA0
S214017A8886F20BE01A790C33920642BF13F8092CDA
S214017A98891889B29842F5D8044A0A4401202A600E
S214017AA8B8E72146024BF5E75E6000203C5F002000
S214017AB844BB040008B50021FFF7E0FEFF2817BF06
S214017AC8044B084603EB0013587B18BF00F001006F
S214017AD808BD00BF004100202DE9F0410D461646BD
S214017AE81F4622F06EF80B280AD8074C3B4604EBD3
S214017AF8001032462946BDE8F041806822F02EB8CB
S214017B080020BDE8F08100BF00410020014B0001C4
S214017B18185C70470041002070B50C4622F051F8F9
S214017B280B281BD80F4B03EB00139A68C2B100232E
S214017B38142618461579D9B28D4200D870BD116839
S214017B4806FB0311097B34B911F0800F1CBF013005
S214017B58C0B20133EFE711F0400FF7E70020EDE779
S214017B681046EBE700410020F8B50D46164622F010
S214017B7828F80B280BD80F4B4FF0140C03EB001307
S214017B889A6800231C461779D9B28F4201D800207B
S214017B98F8BD10680CFB0300017B46B911F0800F95
S214017BA803D0AC42F4D00134E4B20133ECE711F06F
S214017BB8400FF5E7004100202DE9F04F0646002466
S214017BC83A4B87B01B783A4F0093009B9C4207D2EA
S214017BD8FF2E08D0304621F0F4FF0B28044606D9BC
S214017BE807B0BDE8F08F07EB04131B7B2BBB230103
S214017BF84FF00008019307EB041A14E014221B68DF
S214017C0802FB05352B89B3F5967F01D929F0B2F920
S214017C184FF000094FF00C0B29891FFA89F291429F
S214017C280ED808F10108019B5FFA88F5FB189B68D6
S214017C381A79AA42E2D8FF2ED2D10134E4B2C4E7B7
S214017C481FFA89F00BFB00F06B6819180A7912F015
S214017C58100F23D19AF800E012F0400F8DF80CE0CF
S214017C68B5F800E0185AADF80EE00CBF4FF0400E1C
S214017C784FF0800EADF8120028468DF810E021F07E
S214017C8861FE5307ADF81400C8780AD5022889683A
S214017C9800D90968002203A821F030FF09F101097B
S214017CA8BAE702288CBF89680831F3E73B5F0020F2
S214017CB800410020052370B5094A06881488B44295
S214017CC808D19578047B2C403F2C03D90D4201D06E
S214017CD8506870BD013B02F10802EFD11846F8E77B
S214017CE8B4BB040070B50024074D084E2B78E0B2EB
S214017CF8834200D870BD06EB0010437BDB0701D535
S214017D0822F03EF80134F1E73B5F002000410020F5
S214017D18F8B50C4600210546FFF7B0FDFF2829D027
S214017D28154A060102EB00135B7B03F001016CB1F7
S214017D3843F001031644A142737305D0C4B100B2DF
S214017D4802EB001022F01CF80120F8BD2346F1E7EB
S214017D587B4311682846CA18127BC95AD20921F0F2
S214017D687BFC0134B268E3B211799942F0D8EBE7AB
S214017D781427F7E70846E8E700410020F0B59446DF
S214017D88497D20B339B3012918BF042100254FF6D0
S214017D98FF702F462A46144E3488644511D196F84A
S214017DA803E01EEA010F0CD0B4789C4209D30AB14D
S214017DB8BC4206D81EF0100F03D08AB1BC420CD3C1
S214017DC870B90135072D06F10406E5D1F0BD002985
S214017DD808BF0821D8E70221D8E727460020F0E7A0
S214017DE827460122FAE700BF98BB04002DE9F04FA9
S214017DF80A9FBDF824E09DF82C809DF830904C7DB4
S214017E0878B394B3012C18BF04240025194800F14F
S214017E181C0C068896421ED190F803B01BEA040F84
S214017E2819D08678464516D31BF0100F91F80FA087
S214017E3804D0BAF1000F0ED0B1F810A0BAF1000FB5
S214017E4809D1A94513D0AE4511D95E553E880135ED
S214017E5801363E80ADB204306045DAD10120BDE876
S214017E68F08F002C08BF0824CDE70224CDE70020B8
S214017E78F5E700BF98BB04002DE9F04F0024B1F5E3
S214017E887C4F0E4638BF4FF0010BA246A1464FF66F
S214017E98FF781F4628BF274B85B028BFB3F800B028
S214017EA8009001925C4503D3404605B0BDE8F08FCB
S214017EB8B6F57C4F0CD3204B3A4603EB8403314688
S214017EC85B880098FFF708FE054680B300232AE082
S214017ED83A463146009821F0A4FEF5E70C229CB2FA
S214017EE854436A680199105B02EB040C884219D363
S214017EF8B9F1000F01D0504514D861462846CDE99E
S214017F08023221F01FFD029B60B1039A125BB9F1A0
S214017F18000F03D0524501D3804503D992468046C7
S214017F284FF0010901332A899CB2A242D6D80134FE
S214017F38A4B2B7E7FAB80400FCB804002DE9F04F7C
S214017F4891461A4600238BB08DF82020BDF85020A4
S214017F588DF81C00ADF81E10ADF8242005460F4616
S214017F681A4604A907A8159C9DF858609DF85CA0B8
S214017F789DF860B09DF864800493ADF8229021F0D6
S214017F8869FD049850B92B46CDE90079644A6549DC
S214017F9800F014FC86200BB0BDE8F08FBAF1000F94
S214017FA814D18378B34206D050465D4A5E4900F044
S214017FB805FC8D20EFE7037913F0010306D1184677
S214017FC8574A5A4900F0FAFB8820E4E703795B0729
S214017FD82CD583685A689B6805920693807822F0A8
S214017FE8CFFA049B0546DF782146022F03463A4618
S214017FF810D805A822F080FA81462B463A46214633
S21401800806A822F079FAB9F1010F01D001300DD195
S2140180188720C0E7059822F06FFA0128F8D02B468A
S2140180283A462146069822F067FAEFE7BBF1000FB9
S2140180386FD1049F4FF6FF722146B87821F020FCD5
S21401804800286BD0BDF82430C5B20093CDE90254A0
S2140180589DF82030BDF82220BDF81E109DF81C00A2
S214018068019622F089F8002895D1BDF82430CDE98B
S21401807802540093BDF822209DF82030BDF81E104A
S2140180889DF81C00019621F055FE002883D1214653
S2140180989DF8682007A821F031FD00287FF47BAF02
S2140180A8B8F1000F07D03B462046BDF81E209DF8C4
S2140180B81C1021F0C6FDBDF82430BDF82220BDF8FD
S2140180C81E109DF81C000093CDE901649DF8203030
S2140180D8FEF7E2FABDF82430BDF82220BDF81E10DE
S2140180E89DF81C000093CDE902549DF820300196B6
S2140180F822F041F8BDF82430BDF822200093BDF8DF
S2140181081E109DF820309DF81C0021F0EBFD002084
S21401811841E70020064900F051FBF8E701203AE75D
S214018128D1640400DD640400096504001D650400CB
S214018138316504007FB500258DF80830BDF820307C
S2140181488DF80400ADF80610ADF80A20ADF80C302D
S2140181586946BDF82830099A01A80B9E009521F0BA
S21401816879FC044630B916B1009B9B7833702046DB
S21401817804B070BD8928FAD12846024900F01EFBD2
S214018188F5E700BF4E6504002DE9F04F4FF0000AF1
S214018198C7B0FFF701FC5FFA8AF6B04202D847B0CB
S2140181A8BDE8F08F5B4B36019A5D00205A4900F016
S2140181B805FB0020594900F001FB00230593554BA8
S2140181C89DF8144033449B681A79A24202D80AF1F2
S2140181D8010ADEE714224FF000091B6802FB04348B
S2140181E822891FFA89F39A4202D8059B0133E5E7EB
S2140181F80C231FFA89F803FB08F8D4F804B028F012
S214018208B9FE0BEB08052B79454913F0400F3BF8EF
S214018218083022884FF000000093424B18BF0B46E7
S214018228414900F0E5FA2946204621F08BFB07462E
S21401823800283CD13D4900F0DBFA2979DFF814C162
S21401824811F0010F3A4818BF604611F0020FAA78DC
S214018258EB7832D1DFF800C111F0100F354918BF9D
S2140182686146CDE900010020334900F0C1FA2B79B7
S2140182783BF8082013F0400F4FF0000B4FF0FD03BA
S2140182880DF118082188CDE9023BCDE9007821488F
S2140182980CBF40238023805DFFF74CFF86280ED154
S2140182A82649002000F08AFA09F1010998E70246F2
S2140182B82349002000F09CFABFE72249D1E7A878B5
S2140182C821F030FBD8B1404621F0BEFF421C92B2E5
S2140182D801234146002000F0D5F93946208801F0EF
S2140182E801FA4FF6FF73984207D0174B174903EB6D
S2140182F8C0035A68002000F061FA1549D1E7A8784A
S21401830821F016FB20B1404621F0A3FF821CDEE7D0
S214018318EA78DDE700410020A0650400AE650400A8
S214018328786504007D650400EE6504006556040062
S2140183388565040088650400026604001E6604005C
S214018348BF6A04009065040084BC04004535040037
S214018358D064040082650400986504002DE9F04F96
S214018368C7B0BDF844A10646BAF1040F0D46144637
S2140183781F46BDF840B163D9CDE9013B00920B46D3
S21401838802463049002000F019FAFD230DF11709BD
S2140183980DF118083046029322463B462946CDE998
S2140183A800B8CDF80C90FFF7C5FE0646B8B9FD2211
S2140183B8414699F8000021F063FA0746C0B1AAF1D0
S2140183C80403834238BF8926204621F0FAFE8EB17F
S2140183D8304600F01BF9304647B0BDE8F08F0090F4
S2140183E823462A460020184900F0E8F90027EBE75B
S2140183F88926E9E7DFF85CA0BA1CBAF80030C3F1B1
S214018408FF039A4219DA304600F000F999F800009D
S21401841800F0FCF8BAF800900C483A464146484441
S214018428B94405F04DF8AAF8009023462A46304686
S2140184380749009700F0C2F9CDE7892000F0E6F871
S2140184488926C8E72A6604006566040012610020CA
S2140184588C660400C456002010B5044C20600448FD
S214018468018004490A60044A136010BDC84100200F
S214018478C2560020C4410020C041002030B587B054
S2140184880AAC0D4654F8041B0093CDE901141346B3
S21401849809490246094809880068059421F091FDB2
S2140184A84FF48A52064B1B681880064B1B685D8082
S2140184B8DA8007B030BD00BFC2560020C841002090
S2140184C8C4410020C041002008B410B587B009ABEC
S2140184D80C4653F8041B0092CDE9011302460B49DA
S2140184E80B48059309880023006821F06AFD4FF4BC
S2140184F88A52084B1B681880074B1B685C80DA8019
S21401850807B0BDE8104001B0704700BFC256002052
S214018518C8410020C4410020C0410020044A034647
S21401852811680448044A09881268006821F022B8CC
S214018538C4410020C0410020C8410020044B054A20
S2140185481B6812681988044B186820F086BF00BF9C
S214018558C4410020C8410020C041002007B5074B90
S2140185681B681B880192064A12680092054A12681F
S21401857820F0D4FF03B05DF804FB00BFC44100201F
S214018588C8410020C04100201FB51446064A12689B
S2140185981288CDE901430091044B05491B68096817
S2140185A820F098FF04B010BDC4410020C841002047
S2140185B8C0410020014B1868704700BFC041002029
S2140185C8024B1B6818715971704700BFC0410020E3
S2140185D810B50024084B1C70FEF75EFC074BFF2203
S2140185E818802146064804F0DBFD064B1C80064B26
S2140185F81C605C609C6010BD1C620020C656002092
S21401860812610020C4560020C856002007490B886E
S214018618FE2B9FBF064AD054581C80B29DBF0880C7
S21401862800F1FF3080180020704700BFC4560020B4
S21401863812610020F8B5094F0D463B885C18FE2CE0
S2140186480ADC074E0A46A4B20146F01804F0FAFD01
S2140186583C80641BA019F8BD0020FCE7C456002026
S21401866812610020024B034A00201A60704700BFBF
S214018678CC41002000B90400014B1878704700BFB0
S2140186880041002030B4044D044C002B0CBF2B468F
S214018698234630BC21F001BEEC2504005F670400C8
S2140186A870B5054608460C4621F0CEFD611C02460B
S2140186B8024B2846BDE8704021F0EFBD7E6E0400EF
S2140186C800B5037889B0069343783E2205938378EC
S2140186D808490493C3780393037902934379019372
S2140186E883790093C3790448008800F081F809B0BB
S2140186F85DF804FBBA660400D4560020024B024615
S2140187080249188800F05AB8D4560020582C04009C
S2140187182DE9F04705460E4617460024DFF8448043
S214018728DFF844A0DFF84490AC4201D1BDE8F087F9
S214018738B8F8000006EBC4015346082221F0ADFD47
S2140187480134B8F800003FB9044AA54208BF4A46B2
S214018758034900F04DF8E7E74A46F9E7D064040014
S214018768572C0400D45600205F670400E116040065
S2140187782DE9F0410E4E0446308821F0A6FDA8B139
S21401878800250C4FDFF83080E3070AD518B94146B3
S214018798308800F02DF830882A46394600F028F847
S2140187A8002001351B2D4FEA5404EDD1BDE8F081B8
S2140187B8D4560020B1520400026404000EB417B562
S2140187C805A9044651F8040B019103F0DFFB0121CA
S2140187D80220054AF8F766FF044B1C8003B0BDE883
S2140187E8104003B0704700BFD0640400D456002080
S2140187F80EB417B505A9044651F8040B019103F008
S214018808C5FB034B1C8003B0BDE8104003B070479E
S214018818D456002013B503680446587900F032FF91
S21401882890B923685A88032A0ED0E17C5B79CDE992
S21401883800211649164AFFF7C1FF0121204621F0FB
S214018848E4FD012002B010BD637D012B0AD0637DD3
S21401885833B92368228A5988587921F0BEF948B96C
S214018868C3200AE02368228A5988587921F0BEF97C
S2140188780028ECD0204621F02AFD064B1B78002B59
S214018888DFD110F5807FDCD0C1B2D7E7E7660400F8
S214018898DF66040013620020002970B50F491D46E3
S2140188A80F4B14460CBF6E227922002808BF0B46D0
S2140188B800200C49FFF79CFF0B4E2544AC4205D11E
S2140188C8BDE8704000200949FFF778BF314600200F
S2140188D814F8012BFFF78CFFF0E700BF20670400B0
S2140188E816670400296704005D670400EE49040062
S2140188F82DE9F04FC27C8BB00592427D0368002AB1
S21401890814BF80224022077D0446856886895879E7
S214018918B846B3F80290069200F0B4FEA0B9059BDB
S214018928052B05D86FF02D03059A1341DB070BD5E8
S214018938B9F1030F08D0AB490020FFF73FFF01212B
S214018948204621F062FD76E0E37B1BB1228A002AED
S21401895800F0B781607D0022B0FA80F05B4203F038
S2140189680403DFF88CB2400943EAC000ABF80020E4
S214018978FFF74CFEE37B1BB3208A21F022FC8246DC
S214018988A07CFFF743FE059A162A00F29A81DFE8D3
S21401899812F019009E016C005600D2016C0092017B
S2140189A8D9019A01E001E701EE01390102029801B5
S2140189B89801980114025802140270023901020241
S2140189C89A46DDE700204B46874A8849FFF7F6FEB8
S2140189D80120FFF71BFE08F10207B74229D84146D6
S2140189E83246284621F02AFC8046236842465879B2
S2140189F8BBF800304946C3F1FF039BB20193238AB3
S214018A080093069B23F08BF810B11FFA87F8E2E76C
S214018A18236842465879BBF800304946C3F1FF033C
S214018A289BB20193238A0093069BFFF797FC89283C
S214018A38EBD121F0E4FC01200BB0BDE8F08F4FF03C
S214018A48000B0420FFF7E2FDF31E0893089B9845E8
S214018A5852D3BBF1000FECD1E37B94F81480002BC2
S214018A680CBF02220422624B1A804FF0000B04202E
S214018A78FFF7CCFD5F4608F1030A564540F29D8094
S214018A8832464146284621F0D9FB05EB08039B7878
S214018A98F21EAA44A2EB080207905146184692B263
S214018AA8099320F0EDFE0890002879D02268099BEA
S214018AB85079CDE901A3238A49460093DDE90632B8
S214018AC821F00DFA82464A460020079B4949FFF7DE
S214018AD88FFEBAF1000F55D10BF1010350464649F6
S214018AE85FFA83FBFFF76AFE089B08F1030813FA8F
S214018AF888F81FFA88F8BEE732464146284621F02C
S214018B089DFB05EB08039F78089B08F10301A3EB7F
S214018B1808022944824692B23846099120F0B0FEEE
S214018B28079068B323680999587902970191238AAF
S214018B38524600934946069B21F021FA0746B8B1EA
S214018B480BF1010338465FFA83FBFFF75FFD5046DA
S214018B5821F037FB53464A4600202649FFF72EFEEA
S214018B683A4600202549FFF729FE802F3FF471AFCA
S214018B78079B08F1030813FA88F81FFA88F865E7CF
S214018B888027DDE75046FFF741FD079821F019FBDE
S214018B980137524600201949FFB2FFF70FFEA3E737
S214018BA88720FFF733FD079821F00BFB0137872253
S214018BB812490898FFB2FFF701FE059B052B3FF403
S214018BC83AAF002F7FF435AFBBF1000F05D10C4942
S214018BD85846FFF7F3FD8021B2E63846FFF716FD43
S214018BE827E700BFAA1C04006A670400B7670400E9
S214018BF8C456002074670400B76604009067040032
S214018C089A6704000599A84AA84B0020152918BF99
S214018C181346CDF80090A64AA649FFF7CFFD059B57
S214018C280C2B14BF16200D20FFF7F0FC3246284601
S214018C38394621F003FB059B3D440C2B0646AD78CF
S214018C4835D1192D28BF1925E37BB3B14FF6FF732C
S214018C58278A9F4211D1206832464946069B4079A9
S214018C68FFF70AF9B84208D0BAF1000F05D02082FA
S214018C788AF80000000A8AF801000020BBF8007094
S214018C88FFF7C4FC236832465879059B4946A3F189
S214018C98150CDCF1000343EB0C03CDE90153238AE1
S214018CA80093069B21F08FF8834BD855C1E6132D08
S214018CB828BF1325C8E72046FDF776FB00287FF472
S214018CC8BAAE81213CE62046FDF722F8F6E7B9F16F
S214018CD80A0F05EB0708A6EB070A21D1DFF8DCB176
S214018CE89BF80030E3B1E37BD3B9BAF1080F17D18B
S214018CF832463946284621F0A1FA88B998F8023052
S214018D0873B998F80320E22A0AD13246391D284653
S214018D18059321F090FA21F05DFB059B8BF8003056
S214018D28414648461FFA8AF222F0FBFE00287FF4E5
S214018D3882AE002104E6F21B484692B2E91921F0F8
S214018D483AFAF3E7F21B484692B2E91921F0F6F926
S214018D58ECE7F21B484692B2E91921F019FAE5E761
S214018D68F21B484692B2E91922F0DDFEDEE72368D7
S214018D78EE5D5879238A0137ED5D0193069B3246ED
S214018D88494600932B4620F05DFF2A463146484661
S214018D9821F0D6F94FE605987A1CE95DB31AA0F1D9
S214018DA81606704270410039009018BF01214846E6
S214018DB89BB22A4421F0C6F9B8E7059BEE5D112B54
S214018DC83D446F7838D11220FFF720FC0025E37B5D
S214018DD8B3B14FF6FF73B4F81080984510D13346F7
S214018DE84A4621462846FEF7C9FF404508D0BAF14B
S214018DF8000F05D020828AF80000000A8AF80100D0
S214018E08BBF80080DFF8B0A0C8F1FE0292B208F104
S214018E180103009253444A4621462846CDE9026793
S214018E28CDF804B0FEF7E2FFBBF800300AF80800F8
S214018E380133ABF80030FCE51420FFF7E7FB01250A
S214018E48C5E77B1C9E422CD3EF5D1D44003F18BF2F
S214018E580127F31A9EB233462A4639460020FFF701
S214018E681BFD00962B463A464846218A21F06EF9A4
S214018E785CE77B1C9E4214D3EF5DF61A003F18BFD1
S214018E8801271D44B6B233462A4639460120FFF764
S214018E9803FD00962B463A464846218A21F054F9A6
S214018EA844E70020C8E500BFD064040065670400F5
S214018EB8AB670400B5670400126100201162002048
S214018EC838B54FF6FB750446A9424FF001019DF8E7
S214018ED8100098BF43F40043217023816260A0729A
S214018EE802230020084A0949FFF768FCE07A084B84
S214018EF840F6CA0203EB4010FF211FF0BCFBBDE899
S214018F083840042021F010B9C5670400D067040072
S214018F181042002030B5054685B028B91D4905B070
S214018F28BDE83040FFF74ABC0024007B21F09CF9DD
S214018F382046194A19492C70FFF740FC184BE87A65
S214018F48FF2103EB40101FF0A7FB2046154B02013B
S214018F589A5C22B901300428F9D121F022F969680E
S214018F6899B1B5F908302A899B1303F002038DF8E5
S214018F780430C2F30E03ADF806304FF6FF73ADF8B2
S214018F880830002301A80393884705B0BDE83040A0
S214018F9821F06FB9FB670400C56704002D6804005B
S214018FA810420020D04100200948037873B91946B9
S214018FB8084AD3720133042B117311705160118161
S214018FC8917202F11002F4D101230370704700BFB9
S214018FD812620020D041002008B5FFF7E5FF002304
S214018FE805491A018A5C01EB03101AB10133042BF7
S214018FF8F7D1002008BD00BFD041002070B50D464E
S2140190080646FFF7D1FF0023094800EB0514A17AAD
S214019018B14205D1217819B12B4400EB031070BD7C
S2140190280133042B04F11004F1D10020F7E700BF47
S214019038D041002010B50446FFF7B6FF0E4B9C4200
S21401904812D003F12002944210D003F14002944258
S2140190580ED060339C420DD10323084800EB031061
S214019068BDE81040FFF756BF0023F6E70123F4E7F3
S2140190780223F2E70020F3E710420020D041002047
S21401908870B50024064D074E2846324600210134A5
S214019098F8F71EF8042C05F12005F5D170BD00BFC0
S2140190A8104200203D9001002DE9F34105460C468B
S2140190B817469846FFF790FF064640B91C4A1D49D1
S2140190C8FFF77CFB0224204602B0BDE8F0814FF68C
S2140190D8FB739D420AD94FF6FD739D4204D00020CA
S2140190E8134A1549FFF76AFB4FF6FD7543462146B5
S2140190F83A46284621F056F9044600F02FFE8046E7
S21401910834B1234600200A4A0C49FFF757FBDAE731
S2140191183B462046064A0A49FFF750FB06232946DE
S2140191283046089ACDF80080FFF7CAFECBE700BFA5
S214019138C56704003A680400646804009968040076
S214019148C2680400F7B506460C461746FFF744FF03
S214019158054638B9104A1149FFF730FB0224204664
S21401916803B0F0BD21464FF48A52304621F0E2FAA8
S214019178044600F0F3FD34B123460020064A0849A8
S214019188FFF71CFBEBE7009004233A4631462846D6
S214019198FFF796FEE3E700BFC56704003A680400D8
S2140191A8EA680400F7B506460F46FFF715FF0546B9
S2140191B838B9104A1049FFF701FB0224204603B0CC
S2140191C8F0BD002240231146304621F092FC0446A9
S2140191D821F08DFC34B123460020064A0749FFF7E3
S2140191E8EDFAEBE7009001233A4631462846FFF7A9
S2140191F867FEE3E7C56704003A6804001D690400D2
S21401920873B504460E46FFF7E7FE054638B9104A19
S2140192181049FFF7D3FA0224204602B070BD002297
S2140192282046114621F067FC044621F060FC34B163
S21401923823460020064A0849FFF7C0FAECE70090E3
S214019248234632464FF6FC712846FFF739FEE3E718
S214019258C56704003A6804004B6904002DE9F0412B
S2140192688846107800219EB014461D46FFF7C6FEB4
S2140192780646002800F0FD800778002F7BD0B8F856
S2140192880010002940F0F5800389B8F8022043F45D
S2140192980040824240F0ED80617800296BD1A2F54A
S2140192A80042062A00F2E580DFE812F0A100A100DC
S2140192B8E300E3000700B8006900E3880D3DADF858
S2140192C82430238915F00105ADF8263063798DF829
S2140192D82830E37A03F1060214F812208DF81430C8
S2140192E88DF81C2042D10BA98E46069104F10C007C
S2140192F85FFA85FC9C4500F1020009D210F8018C42
S21401930810F802CC01350CEB082C2EF802CBEFE74F
S21401931801EB43011A440891D2B2590001F10D003C
S2140193289A42C0B20BD025186D78205C7831694412
S21401933800EB0520013321F84C0CDBB2EDE7B6F95A
S21401934808203389002AACBF01220322C3F30E0387
S2140193588DF808206288ADF80A3005ABADF80C2008
S214019368049302A9304621F008F804E0424A43492A
S2140193780020FFF723FA38461EB0BDE8F081042D19
S21401938802D83D4A3E49F3E72379053DADB29D42F1
S214019398B4F8028002D0384A3A49E9E73A4A3B4BE0
S2140193A80020002D08BF13463949334ACDF80080FE
S2140193B8FFF704FA05348DF81450B6F90830069408
S2140193C885B1002BACBF012303238DF82C303389DC
S2140193D8ADF83080C3F30E03ADF82E3005AB0D9310
S2140193E80BA9BFE7002BACBF06230523EDE70B2D22
S2140193F8C7D9D4F80200D4F8061013F4004F05AA0A
S21401940803C20CBF042203228DF82C206289C3F301
S2140194180E03ADF83020ADF82E30DFE7042DB0D9B5
S2140194286388ADF8303023790533DBB29D4206D028
S2140194380020114A17490095FFF7C0F99BE70E4A25
S21401944800201549FFF7BAF9B6F908203389002A2A
S214019458ACBF01220322C3F30E03ADF82E3005ABD1
S2140194680D93631D069323798DF82C208DF81430FF
S214019478B6E700277FE700BFC567040078690400E0
S214019488A0690400B469040068240400D0640400D8
S214019498DB690400F8690400396A0400304BF0B54A
S2140194A8B0FBF3F24FF4616503FB1200B0FBF5F372
S2140194B8DCB205FB13033C25B3FBF5F3DBB2A0EBEB
S2140194C804104B71C3EB0313A0EB83004FF4FA634C
S2140194D80B8040F201134B8001230C711F460024B8
S2140194E86425204E8871944200D1F0BD91F802C0DF
S2140194F813B1BCF1020F2BD006EB0C0010F801ECEF
S214019508C87870450BBF012001300CF1010CC0B2C0
S21401951808BF81F802C0C87088780D2816D10B8854
S2140195288F7001339BB298070B8014D1B3FBF5F00B
S21401953805FB103080B280B94FF4C870B3FBF0FC5D
S21401954800FB1C339BB2B3FA83F35B090134CAE709
S2140195584FF01D0ED4E70023F8E70123F6E700BF16
S2140195688051010046BC040010B5044688B006A91F
S214019578FFF794FF9DF81E300A4803939DF81D30A7
S214019588049402939DF81C309DF81A200193BDF8A7
S21401959818300549009300889DF81B30FFF70EF92F
S2140195A808B010BDD4560020526A0400026808B5F7
S2140195B81188154B1980518859805179197111797B
S2140195C859714FF48A51D980D28812F0200F0CBFF6
S2140195D80A464FF48B528169DA800C4A137831B9FE
S2140195E8C0880B4923F002030880137008BD43F0B6
S2140195F802031370074B15221846013103F022FEA9
S214019608002200F8012CF1E7C85600201C62002051
S214019618C6560020D756002010B5184C236858792E
S21401962820F0CFFA0B2822D8154B03EB0010027B4B
S214019638237F9A421BD12368428819888A4205D01B
S2140196484FF6FF70814212D1120410D42279023AE1
S214019658012A06D9A37B63B9BDE810400748FFF77E
S21401966847B9198958791FF0E2FB0028F2D1002082
S21401967810BD0248BDE81040FFF7CCB89442002060
S2140196880041002008B520F09CFA0B2896BF024B33
S2140196980020185C08BD00BF2162002008B5002024
S2140196A820F0E2FDFF2020F0BFFA20F0E2FD20F0D6
S2140196B887FCFEF771F901210246064803F070FDA2
S2140196C8054BFF21054A0648FEF7C6FEBDE80840D9
S2140196D8FEF708BB21620020C8560020C4560020A9
S2140196E812610020F0B5002204464FF6FF750B4FB5
S2140196F890B237F830600346AE4201D12846F0BD35
S214019708A64209D1B4F57C4FF9D307EBC3035B88AE
S2140197188B42F4D00029F2D00132E9E784BC040078
S21401972810B50446FFF7DEFF094A034610884FF6D0
S214019738FF72934214BF074A2246BDE8104017BF7E
S21401974802EBC30304495A680449FFF751B800BF3E
S214019758D456002084BC0400756A0400453504000C
S214019768034B18780130C0B2187000F07F007047BC
S214019778F76C0020044A137818B143F001031370FC
S214019788704703F0FE03FAE71C620020014B1870CD
S214019798704700BF1F62002038B1074B1B78012BAA
S2140197A804D1038843F0400303807047022BFCD1A1
S2140197B8038823F04003F7E71F62002068B1074AD1
S2140197C81378012B07D1064B1B781370037843F0E7
S2140197D81003037001E0022BF8D070471E620020C8
S2140197E81D6200207FB50121264B274E197033785C
S2140197F80246D90744D42549096881B10868C18851
S2140198088D0641BF224CE18841F02001E180C188E4
S2140198184C0641BF1E48C18841F04001C1801D4D1C
S2140198281D492878097840074CBFE97069701B49BB
S21401983813F00204098809D0164A194820F096FC44
S214019848337823F00203337004B070BD154B1888C3
S2140198584FF6FB73984208D80B46CDE900520146ED
S2140198680B4A20461FF05AFEEEE74FF6FF73CDE986
S214019878014200930A46074B05491FF02BFEE3E712
S2140198880020E1E7136200201C62002090420020BD
S214019898C856002012610020F86C0020C45600202B
S2140198A8D6560020C656002070B503790446012B0B
S2140198B80D46164631D883681B78DB0600D561B39A
S2140198C8A37B13B9E37C0B2B27D00022144B1A80F9
S2140198D8637DB3FA83F35B09D800E37BABB9FEF784
S2140198E895FEA07CFEF792FE0B20FEF78FFEE07C2D
S2140198F8FEF78CFE2846FEF789FE2046FFF756FE41
S2140199083046BDE87040FFF76DBF40F00400FEF733
S2140199187DFE208A20F055FCE3E7002070BD00BFDD
S214019928C4560020024B0A4601461868FFF7BCBF1A
S21401993890420020F0B4054618460F4B0C461B789B
S214019948BDF81010012B0D4E01D0377827B1002332
S21401995833700020F0BC70470CB9002AF9D143B126
S2140199684FF65743994204D02B462246F0BC20F0C6
S214019978E3BB0120EEE700BFF96C0020206200205F
S2140199882DE9F04F684C4FF0000A25468446964666
S21401999898460F46654B664E83F800A00FCE0FC556
S2140199A896E80F0085B085E80F00DDF83C90BDF815
S2140199B8383072460093394643466046CDE90194ED
S2140199C800F0DCF8DFF89081064670B90025FEF74E
S2140199D8FFFD16220021574803F0E2FB0023284624
S2140199E8C8F8003005B0BDE8F08F534BA27CC8F824
S2140199F800401A70514B1B78002B36D020F0ECFC37
S214019A084F4902465046FEF7F3FE22685046537900
S214019A1852884C490092A289FEF7EAFE504620F089
S214019A2854FC20B12368218A5888FFF779FEE37B26
S214019A3823B10020228A4449FEF7DAFEA3680020F3
S214019A481A78E37C41490093A37CFEF7D1FE207D7A
S214019A58A289A168121A01440123002092B2FEF7D6
S214019A6811FE00203A49FEF7A9FE2F48FFF79EFD92
S214019A782D4822F04FF8054630BBB9F1000F25D125
S214019A882168E0880B8801904988BA1E032A00914C
S214019A988CBF002201220121E07CFFF74BFF38B979
S214019AA823685B79FF2B3AD0FFF7B6FD05468EE7AC
S214019AB82368DB889A06F3D40121264C1A482170BC
S214019AC820F0A3FC84F80090354680E7B9F81430F6
S214019AD89B07E5D47AE75846FEF718F882465846B3
S214019AE8FDF760FF88B123685046228A598820F01E
S214019AF86BF850B13846FFF759FD236889F804A07A
S214019B0883F805A0FFF788FD00B928460546013603
S214019B18FDF742FF5FFA86FB5845DCD857E7002673
S214019B28014FDFF83890F3E79442002013620020D3
S214019B3864BC0400D6560020F86C0020F66C0020A1
S214019B488E6A0400976A0400B86A0400C46A0400AE
S214019B58B91D04002062002090420020C85600204B
S214019B680023054AD15C814202D31A4450787047D3
S214019B780233DBB2F6E700BF52BC040073B51546E4
S214019B882E781A4616F0040F0CBF032605269E42A9
S214019B98089C08D9224A234900960020FEF70EFEA3
S214019BA8002002B070BDBDF8183021712060E38036
S214019BB8A560A2812B7803F00103A3732B7803F029
S214019BC80403002B14BF01210021E1732978C1F396
S214019BD8C00161754FF00101217518D0284620F0A3
S214019BE82DFB237D208202332375227D531CDBB295
S214019BF82375A95C0232D2B2A1742275EB5CE374B8
S214019C08A3899A4205D900920749054AC5E72382DE
S214019C18EBE7079B0120A36100232377C1E700BF79
S214019C28FC240400076B0400236B04002DE9F743AA
S214019C380024204FDFF89C80DFF89C90E0B220F0EB
S214019C488CFEFF2805460FD12346012102201A4A19
S214019C58F7F728FD194B013418781EF00EF9152C64
S214019C68ECD103B0BDE8F08346B238EA260328BF34
S214019C784B4601210093022057F82430104AF7F783
S214019C8811FD002EE6DA0923E340DB070AD50D4A63
S214019C980D4B15F0010F18BF1A4601210220F7F7E0
S214019CA801FDD7E70A2CD5D1084A094B15F0010F53
S214019CB8F1E700BF9CBC04007C6B0400FA6C002032
S214019CC8A46B0400556B04003F6B0400716B040021
S214019CD8676B040068240400D064040008B55422A5
S214019CE80021024803F05CFA002008BDC457002092
S214019CF808B55422FF21024803F052FA002008BD95
S214019D0870570020024B23F810100020704700BF40
S214019D1870570020002310B4074ADCB2A14203D8CA
S214019D285DF8044BFFF7DABF2A2BF9D032F8024B5D
S214019D3820F813400133F0E7C4570020002310B57C
S214019D48054A994201DD2A2B00D110BD32F8024B93
S214019D5820F813400133F4E7C4570020024B187863
S214019D6800F07F00704700BF2D620020034B187873
S214019D780130C0B2187000F07F0070472D620020D5
S214019D8830B51C4600238BB0ADF82220021D92B2D6
S214019D98012A0E9DADF82030ADF81E10ADF81C3026
S214019DA803D94FF6FF7290420FD10022CDE9035234
S214019DB8CDE90124094B01461B784FF6FF70009345
S214019DC807AB20F0E8FD0BB030BD0146CDE90153E5
S214019DD81846009407AA20F0FAFDF4E7FB6C002069
S214019DE838B505464FF480500C4603F0DFFB4FF4B8
S214019DF880532860236030B940F2A511BDE8384089
S214019E08014827F0AAB838BD936C0400004870478B
S214019E18A25A0020014B1878704700BF176D002022
S214019E28014B1888704700BF9A6C0020014B1878C0
S214019E38704700BF106D0020014B1878704700BFAF
S214019E48076D0020014B1878704700BF0A6D002087
S214019E58014B1878704700BF32620020014B18701A
S214019E68704700BF32620020014B1878704700BF68
S214019E7831620020014B1870704700BF3162002024
S214019E88014B1878704700BF0B6D0020014B1888EE
S214019E98704700BF986C00202DE9F74F414B424AA6
S214019EA80193424BDFF844911B78DFF84481DFF8D1
S214019EB844E1DFF844C13E4F3E4E3F4D3F494048DE
S214019EC802EB431A019B524503F1200309F12009CD
S214019ED808F120080EF1200E0CF1200C07F12007DE
S214019EE806F1200605F1200501930FD1002211463F
S214019EF8344B324D1C78344E344B314FD0B28442F9
S214019F0803F1200346D803B0BDE8F08F304B314C3F
S214019F185360002349E907432F4CDFF8E0B048E9CE
S214019F2807432E4CC2E902304EE907432C4C116018
S214019F384CE907432B4C136147E907432A4C49E987
S214019F48050348E905034EE905034CE9050347E916
S214019F58050349F8201C48F8201C4EF8201C4CF82C
S214019F68201C47F8201C46F8201C46E90743019C9C
S214019F7845E907B3DFF888B046E9050345E905036F
S214019F8844E907B344E9050345F8201C44F8201CB6
S214019F98203297E743E9085643E9061743F8101CA9
S214019FA80132ABE7DC450020FC4600201E6D002090
S214019FB83C4600201C460020FC450020B0540020EA
S214019FC8D0640400156D002021E502007C460020BF
S214019FD8798E02008FD20300D9A20200012E030057
S214019FE8E9E20300C1C502000DA90300DC46002012
S214019FF8BC4600209C4600205C460020315B0300DE
S21401A0087D8B0200002208B5074B1A605A6020F0C3
S21401A01860FC064B187020F05CFC054B1870054B6D
S21401A0281A78054B1A7008BD525400208D6200201C
S21401A0388C620020086D00208B620020002100B58C
S21401A04893B008466A460AF085F90146C8B90E4B28
S21401A0580E4A09930E4B0D920A930E4A0E4B0E9218
S21401A0680B930E4A0E4BCDE90F230C930D4B6A4604
S21401A07811930AF025FC003818BF012013B05DF8CB
S21401A08804FB0120FAE700BFA3CD0300759C02007C
S21401A098A7CF0300A56502004FA9030075B3020008
S21401A0A807D00300C5960200084B1878112806D871
S21401A0B8012809D9064BC34003F001007047A0F1F7
S21401A0C84303584258417047002070478F6200206A
S21401A0D83400020008B5064B1B78013B022B05D855
S21401A0E80020FFF7E1FF0138C0B208BDFF20FCE7FA
S21401A0F890620020044B00F1100250F8041B9042B5
S21401A10843F8041BF9D1704791620020044B03F110
S21401A118100253F8041B934240F8041BF9D1704708
S21401A1289162002030B5002491B0114B05462146B6
S21401A13814220BA8CDE9094303F032F8102209AB23
S21401A148CDE900440693CDE90452CDE90252094B04
S21401A15809490AA8F2F77AFF04460AA821F083FA01
S21401A1681CB1A021054826F0F8FE11B030BD00BF8D
S21401A1780024800000444004916200201E6D040003
S21401A18870B5002490B0154B05460E46142221469C
S21401A1980BA8CDE9094303F003F8102209ABCDE972
S21401A1A8004406933146CDE90452CDE902520C4BE0
S21401A1B80AA8F2F74BFF04460AA821F054FA1CB184
S21401A1C8BA21084826F0C9FE099B102B03D0BB21EB
S21401A1D8044826F0C2FE10B070BD00BF00248000FF
S21401A1E8004440041E6D040030B50D4600218FB0B2
S21401A1F8124B0446142209A8CDE9071302F0D0FF32
S21401A208102207ABCDE90242CDE900420493294664
S21401A2180B4B08A8F2F7CEFF044608A821F023FA4C
S21401A2281CB1D121074826F098FE079B102B03D0B6
S21401A238D221044826F091FE0FB030BD00248000DC
S21401A248004440041E6D0400014B93F95A00704700
S21401A258E85300200022034B1870034B1970034B78
S21401A2681A707047A2620020A3620020A162002033
S21401A2782DE9F04FDFF89080064698F800300D4635
S21401A28885B0002B3AD04FF6FB73984236D84FF07C
S21401A298000B1C4FDFF874A03C7898F800305FFA82
S21401A2A88BF94B459AF8000011D9484402AA0DF1DA
S21401A2B80601C0B216F0B2F9082229460DEB0200D3
S21401A2C803F0BAFA0BF1010B0028E6D14C463B78AD
S21401A2D8A34208D198F80020631CDBB29A423B706F
S21401A2E804BF00233B70324629469AF800301C44C6
S21401A2F8E0B205B0BDE8F04F16F07EBA05B0BDE88D
S21401A308F08F00BFA1620020A3620020A262002095
S21401A3182DE9F74F06460D4614461F464FF0010B2A
S21401A328DFF8789003F10C0A15B903B0BDE8F08F91
S21401A338102DA84628BF4FF010083A46164B5FFA6C
S21401A34888F152F8040B524543F8040BF9D10191F0
S21401A3589AF8002011481A70002389F80F4089F8E6
S21401A36800B089F80E30FFF7DDFE324601340B489F
S21401A3780199E4B212F801CB10F8013B83EA0C0309
S21401A38802F8013C931BDBB28B42F3D3A5EB08081A
S21401A39816461FFA88F5C7E7A5620020A4620020C2
S21401A3A82DE9F04F9046914685B00090981A029391
S21401A3B883B20193009B0F46354903F10C0453F809
S21401A3C8045BA34241F8045BF9D11B78314E0B704C
S21401A3D849233370019BF0731B0A3046B373FFF7AA
S21401A3E8A1FE0221BB460D46737888EA0303737003
S21401A3F84FF0000A1DE0C5F11004A9EB0A039BB251
S21401A408A4B29C4228BF1C4600231FFA83FCE81806
S21401A4186445C0B21FD82544EDB2A344102D544458
S21401A4281FFA84FA05D1002530460391FFF77AFE14
S21401A4380399D145DFD807EB080B25B115480391D9
S21401A448FFF770FE039901294FF000050DD0012191
S21401A458DDF80490CCE71BF803C016F800E00133DA
S21401A4688CEA0E0C06F800C0CFE7029B09491F4488
S21401A478094B38461C78224603F022F82A4621461C
S21401A4883846009B05B0BDE8F04FFFF741BF00BF57
S21401A498A5620020A46200201F6D002030B5407818
S21401A4A80C4601284FF0110387B001F1100516D1AB
S21401A4B8144A01A90AF08CFF234601AC2246186803
S21401A4C85968083303C2AB421446F7D111230D4A23
S21401A4D8002001A90AF07CFF002007B030BD01204A
S21401A4E8094A01A90AF074FF234601AC22461868F6
S21401A4F85968083303C2AB421446F7D11123024AFE
S21401A508E6E700BF75E4010079EB010030B50C46BB
S21401A518407887B001284FF011030DBF0B4A0C4A4B
S21401A528012001A918BF01A90AF052FF234601AA72
S21401A53805AD144603CCAC4218605960224603F1B7
S21401A5480803F6D1002007B030BD00BF75E401004E
S21401A55879EB010010B50C4688B01A230C4A01A9FC
S21401A56801200AF035FF21460DF10E0304F1100211
S21401A57851F8040B914243F8040BF9D11A23002031
S21401A588034A01A90AF024FF002008B010BD00BF45
S21401A59824E10100F0B58BB004460D4622F072FBAB
S21401A5A8A8B101A813F00CFE88B1667B271D16F02A
S21401A5B8020F05D00822384601A903F03DF9D0B9A3
S21401A5C801AB46F0020603CB6060796066731A2316
S21401A5D80A4A03A901200AF0FBFE29460DF11603D3
S21401A5E80DF1260253F8040B934241F8040BF9D1F6
S21401A5F800200BB0F0BD2D20FBE700BF24E10100D1
S21401A608F0B50546071D00220C463846082193B0CA
S21401A61822F0CAFA6A7B0646D0070BD5687808A9DD
S21401A62820F03EFEDDF83D306B60DDF841307B60A2
S21401A63880B10BE0910709D5D2000121384602F016
S21401A648800220F03AFEFF28687002D12D2013B050
S21401A658F0BDD6B1687801A920F0B7FD9DF81C3089
S21401A6685B0604D54FF4C6710A4826F076FC2346E5
S21401A67803AD07AC2A4603CAA242186059601546BC
S21401A68803F10803F6D10020E1E708A920F008FE47
S21401A698CEE700BF9C6D04002DE9F04106468AB05E
S21401A6A81F480F4615460024FFF730FD002C01A968
S21401A6B814BF4FF05C0C4FF0360C10238846184A2E
S21401A6C812F8010B013B8CEA000013F0FF0301F8B6
S21401A6D8010BF5D105A823F0CDF84246102105A8AF
S21401A6E823F0CCF8C4B93946324605A823F02EF92A
S21401A6F82A460DF1140C0DF1240E634603CB73455F
S21401A708106051609C4602F10802F6D114B10AB0F5
S21401A718BDE8F0810124C9E72A461021E5E700BF14
S21401A728D46200202DE9F04791460D46C0B09DF849
S21401A7382041DDF828811E46DFF87CA09DF82431EB
S21401A74807462246494640468AF8003002F0B8FED7
S21401A7589DB12346324641463846FFF721FEB442AC
S21401A76807D9A11B3B46012289B208EB0600FFF771
S21401A778CFFD002040B0BDE8F087A11B3B46012273
S21401A78889B208EB0600FFF7C3FD22464146684634
S21401A79802F096FE3246694638462346FFF700FE23
S21401A7A89AF800200DEB040109EB040003F044F8C5
S21401A7B80028DED02C20DDE71F6D002038B50346C3
S21401A7C8104601F1100451F8045BA14242F8045BFB
S21401A7D8F9D104491BB1FFF7D3FC002038BDFFF7B8
S21401A7E803FDFAE7D462002030B5054689B069460C
S21401A7F820F060FB6B8804ACABB12246294668465C
S21401A80820F0F8FA0E4A08AD234603CBAB42106097
S21401A81851601C4602F10802F6D10948FFF76AFCA6
S21401A828002009B030BD6B46054D1A4603CAA24240
S21401A83828606960134605F10805F6D1EDE700BF03
S21401A848D462002050B10B4B0B4A03F1100153F8A8
S21401A858040B8B4242F8040BF9D17047064B054AA4
S21401A86803F1100153F8040B8B4242F8040BF9D19B
S21401A878704700BFD4620020B462002008B51022D9
S21401A888024802F0DFFC002008BD00BFC4620020B9
S21401A89808B508461022024902F0D4FC002008BD7B
S21401A8A8C462002010B5044686B001A9114A1123D6
S21401A8B801200AF08DFD9DF8143001A8E37023F0FD
S21401A8C8CFFB80F001000C4A01A96070112301201A
S21401A8D80AF07EFD9DF8143001A8A37023F0C0FB92
S21401A8E880F00100207011F0F7FF6060002006B0CC
S21401A8F810BD00BF75E4010079EB010010B50446F0
S21401A90886B01123134A012001A90AF061FDA37834
S21401A9189DF814209A4207D08DF814300020112390
S21401A9280C4A01A90AF054FD11230B4A012001A97A
S21401A9380AF04EFDE3789DF814209A4207D08DF868
S21401A948143000201123044A01A90AF041FD06B07B
S21401A95810BD00BF79EB010075E401002DE9F04157
S21401A96886B0064603A80C4614F078FC054600286F
S21401A9784AD1BDF80C30980646D5102229462046FD
S21401A98802F00EFC01A813F01BFCC0B1777B06F1A0
S21401A998040817F0020F06D00822404601A902F063
S21401A9A84BFF00282ED101AB47F0020703CB70609E
S21401A9B8C8F804107773238843F008032380238894
S21401A9C843F00203238012F0CBFF606022F05AF9AD
S21401A9D830B10E4B1B68A360238843F00403238021
S21401A9E80B4B1A68D1035EBF238843F010032380FC
S21401A9F8130203D5238843F400632380284606B050
S21401AA08BDE8F0812D25F9E72425F7E72C47002036
S21401AA183047002010B5D0E9023253F8223090B002
S21401AA281C6840226946204620F0ADFC034630B13A
S21401AA38224600200549FDF7C1FE10B010BD0122CF
S21401AA4869460820FDF764FEF7E700BF326E04008A
S21401AA5870B500F0B1F800280CBF6E2279220020EC
S21401AA681349FDF7ABFE00F0A7F8F0B120F09FFC04
S21401AA7800280CBF6E22792200200E49FDF79EFEA3
S21401AA88082200200C49FDF799FE00250B4C0C4EB8
S21401AA98234654F8042C314600200335FDF78EFE74
S21401AAA8182D04F10C04F3D170BD3F22E4E700BF72
S21401AAB86A6E0400816E0400916E040054480020FA
S21401AAC8B06E040070B520F057FC044621490020FA
S21401AAD8FDF774FE2CB92046BDE870401E49FDF707
S21401AAE86DBE00F0BBF805461C4B62690020002AC3
S21401AAF808BF1A461A492668FDF760FEA288002094
S21401AB081849FDF75BFE1849E2880020FDF756FE56
S21401AB18A388228913F010001ABF0020134914498C
S21401AB28FDF74CFEE26800201249FDF747FE226950
S21401AB3800201149FDF742FE104A114B0020B6F5D8
S21401AB48817F38BF13460F492A46BDE87040FDF796
S21401AB5835BE00BFE56E0400F26E0400E23D040057
S21401AB68136F0400316F0400526F04006F6F040006
S21401AB788C6F0400AA6F0400C86F0400DD6E040021
S21401AB88D36E0400E66F040038B5014600230C2591
S21401AB98084A05FB03F4A0181459013404D10C2201
S21401ABA802F050FB002038BD0133082BF1D10120FB
S21401ABB8F9E700BF50480020034B1878012894BFD6
S21401ABC800200120704700BFE662002038B5044621
S21401ABD8044D2878A04203D0214620F0ADFB2C7006
S21401ABE838BD00BFE662002000B58FB034220021D0
S21401ABF801A802F0D5FA01A8EEF7D2FC0598D0B163
S21401AC0882680E4BB2F5803F34BF92B2C2F38F22F0
S21401AC1841881A81028828BF41F010011A604268EB
S21401AC289980DA80C268DA6002691A6142695A61F3
S21401AC38027E18461A760FB05DF804FBD44700204A
S21401AC48054B1B7820B1012B04D80220FFF7BEBFA5
S21401AC58012BFBD8704700BFE662002010B5084CF0
S21401AC68237853B920F088FB0123237028B10368A1
S21401AC78B3F5817F24BF037E2370207810BD00BF03
S21401AC88E562002070B5184B1B78012B2BD820F0F5
S21401AC9856FB164D024616490020FDF78FFD01208A
S21401ACA8FFF7CEFF2E78FF2E1DD1FFF79DFFC8B107
S21401ACB8848860223146C4F340040E482C7002F0A2
S21401ACC86FFA602231460C4802F06AFA5CB1FFF767
S21401ACD8C5FF042807D9BDE8704040F22B11074884
S21401ACE826F03BB9287070BDE6620020206D002072
S21401ACF80970040050480020F04700201B7004002B
S21401AD082DE9F04FDFF884928DB003AB07468846ED
S21401AD18144699E8070083E80700FFF7B3FFFFF733
S21401AD289DFF944B06461D784B46012D40F07081D9
S21401AD38012840F27281B7FBF0F200FB1272002A7A
S21401AD4800F06B818C4900228B46D1F800C0BCF11B
S21401AD58FF3F04D0087A6044874200F01981013227
S21401AD68082A01F10C01F0D193E8070006AE0DF1AF
S21401AD78240A86E807008AE80700FFF76FFFB7FB93
S21401AD88F0FB00FB1B7BA0EB0B094A464146064637
S21401AD980AA809978DF82C9002F092FB00224FF032
S21401ADA80C0E764902E00132082A0ED00EFB02F09C
S21401ADB800EB010C08580130F5D19AE807008CE839
S21401ADC807006F490A7801320A70A14504DD4FF47D
S21401ADD8E2716C4826F0C1F8A41B5C444F44A1B24A
S21401ADE817FA84F4B4FBF6F206FB1242C8448E1A2C
S21401ADF891B1A41A08EB060107A88DF8202006943D
S21401AE0802F05EFB06A8FFF7BFFEFF2804D140F25A
S21401AE18D9115C4826F0A1F8B6B2B6B10320FFF7FF
S21401AE28D5FE802E0AD832464146574802F048FBDE
S21401AE3832463846544920F08AFA05460220FFF77A
S21401AE48C5FE28460DB0BDE8F08F0025F9E74FF49A
S21401AE580E714C4826F081F8464B1B78012B00F002
S21401AE68E380002C36D00320FFF7B0FE802C2FD8C5
S21401AE7822464146444802F023FB224638464249C8
S21401AE8820F065FA05460220FFF7A0FEDFF8F090ED
S21401AE9899F8003093B1039CFFF7E0FE374B002783
S21401AEA898461A68511C04D0197A411A521A9442C3
S21401AEB824D00137082F03F10C03F2D1002DC0D19D
S21401AEC8039B0133C1D003A8FFF75EFE0546B8E72A
S21401AED80125D8E72546D9E740F26D21294826F00D
S21401AEE83CF8012524E0012D30D0802E2FD832469B
S21401AEF82549039820F02BFA054628E0002DA0D115
S21401AF080C247C4308EB04039DF814A093F808B0BE
S21401AF180AEB0B03802BDFDC1B4B524604A91846B1
S21401AF2802F0CEFA211D5A464144504402F0C8FAAE
S21401AF380C2303FB07839DF814201B7A13449E42B7
S21401AF48D1D040F273210F4826F007F801250220D8
S21401AF58FFF73CFE99F8003013B1013B89F8003041
S21401AF684FF0FF3308EB040248F80430C2E9013316
S21401AF7867E700BF206D002050480020F0470020FA
S21401AF88E46200201B7004005447002000BD040042
S21401AF984FF00C0A0AFB02B3187AA6EB00095FFA0F
S21401AFA889F9A14501D35FFA84F90AFB02FA0AF185
S21401AFB8040528444A464146584402F081FA0BEBF8
S21401AFC80A031A7AA4EB09044A44D2B2B242A4B2DA
S21401AFD81A7219D103200193FFF7F8FD32460BEBDD
S21401AFE805015BF80A0020F0B2F905460220FFF7D2
S21401AFF8EDFD4FF0FF32019B4BF80A20C3E9012211
S21401B008002D7FF41EAFC844002C3FF41EAF4F44FA
S21401B018104B1B78012B7FF424AFB7FBF6F306FB26
S21401B0281373002B7FF413AFE319B3FBF6F506FB96
S21401B0381535002D3FF415AF641B5B1B08EB0401A7
S21401B0482A4604A80393A4B202F03AFA8DF81450DB
S21401B05807E700BF206D002070B5134B1B78012B46
S21401B0680CD1FFF70FFE0026104D55F8043C0133AE
S21401B07806D10336182E05F10C05F6D1002411E089
S21401B0880320FFF7A3FD55F8044CFFF7E7FD294613
S21401B0980246204620F05BF904460220FFF796FD9B
S21401B0A8002CE6D0204670BD206D002054480020B4
S21401B0B870B505460C46FFF7E5FD0520FFF786FD4A
S21401B0C82146284620F051F906460220FFF77EFD64
S21401B0D800220A4B2C441968481C08D0A94206D3FA
S21401B0E8A1423EBF4FF0FF31C3E900119960033218
S21401B0F8182A03F10C03EED1304670BD50480020E3
S21401B108D0E9023253F8223010B51C68204600F008
S21401B11895FA28B12146BDE81040024800F022BF42
S21401B12810BD00BF9970040008B5D0E9023253F883
S21401B1382230186800F06CF920B1BDE808400248D2
S21401B14800F010BF08BD00BFBB7004002DE9F04138
S21401B158D0E9023253F8221003EB82035B680F68CA
S21401B1681D789AB0642D04D96421114800F0FAFEBE
S21401B17864252A46384601A900F002F9044698B91A
S21401B1880C4800F0EFFEDFF8348001AE013DA54221
S21401B19802DC1AB0BDE8F0813919404616F8012BD1
S21401B1A800F0E0FE0134F2E7034800F0DBFEF0E7CA
S21401B1B8DE700400FE700400287104001571040096
S21401B1C82DE9F04700252D4FDFF8E080DFF8E09005
S21401B1D88CB0284603A900F0EFF810B10CB0BDE812
S21401B1E8F087049B2946039A0093384600F0BAFE76
S21401B1F8404600F0B7FE059910290CD810290CD83E
S21401B208DFE801F00F14320B340B0B0B360B0B0B6C
S21401B2180B0B0B0B3A0020292CD0194800F0A2FE84
S21401B22807E0184800F09EFE0135D2E7164800F000
S21401B23899FE0699484600F095FE0799134800F0CE
S21401B24891FE134800F08EFE1024DFF868A00DF179
S21401B2581F06504616F8011F013C00F083FE14F045
S21401B268FF04F6D10B48DDE70B48E0E70B48DEE7BD
S21401B2780B48DCE70B48DAE70B48D8E743710400CC
S21401B288E871040098710400A87104000E720400A5
S21401B29826720400E2160400B0710400B8710400B6
S21401B2A8C1710400CC710400E371040087710400C5
S21401B2B8F77104003772040010B50B4C8EB0237872
S21401B2C85BB9EEF7E7F8014650B9012301A82370E8
S21401B2D8EEF766F9054B049A1A6020780EB010BD91
S21401B2E8034800F03FFEF8E7E7620020244B002001
S21401B2F83D72040000B58FB0FFF7DEFF002829D0A5
S21401B30801A8EEF74DF9059B1448198800F02AFEA6
S21401B318059B13485969134B002908BF194600F0C5
S21401B32821FE059B1048598800F01CFE059B0F4816
S21401B338196900F017FE059B0D48D96800F012FE42
S21401B348059B0C48197E00F00DFE0B4B0B4819683F
S21401B35800F008FE0FB05DF804FB00BF7A72040027
S21401B3688C720400E23D04009E720400B27204006E
S21401B378C6720400DA720400244B0020EE72040040
S21401B38870B5064615460C4679B172B1FFF794FFBB
S21401B39868B121462A463046EEF70CFA014618B13E
S21401B3A8044800F0DFFD012070BD2120FCE71120D4
S21401B3B8FAE700BF0073040037B505460C46FFF7E9
S21401B3C87BFFE0B1114B1B68AB421AD9CCB1002107
S21401B3D82422204601F0E4FE214628461BF0DCFA2A
S21401B3E888B9284601AA04F10801EEF795F920B1B3
S21401B3F840F20643C01A18BF012003B030BD112021
S21401B408FBE72120F9E70120F7E700BF244B0020DE
S21401B418F0B593B00546FFF74FFF002845D0254BFA
S21401B4281A68AA4207D829462348013A00F09AFD25
S21401B438212013B0F0BD05A8EEF7B2F8284603A9F7
S21401B4481BF0AAFA98BB049A22F4FF57C2F30C031E
S21401B45827F01F072BB14FF400532946174800F071
S21401B46881FD039E7FB125F085FD30464FF40051DE
S21401B478EEF72CFA3346044606F5005650B9039BF8
S21401B488F31ABB42EFD32A4639460D4800F06AFD47
S21401B498002406E000902A464FF40051094800F0BF
S21401B4A861FD201E18BF0120C3E71120C1E7012056
S21401B4B8BFE700BF244B00202E730400DC73040092
S21401B4C89B7404004A74040010B5044638B1FFF7AB
S21401B4D8F3FE30B10020044B1B68236010BD212009
S21401B4E8FCE71120FAE700BF244B002010B50446FC
S21401B4F8FFF7E2FEB0B10C4B1A68A24206D8214605
S21401B5080A48013A00F02EFD212010BD25F032FD33
S21401B51840F2512220460649EEF7BEF8003818BF19
S21401B5280120F2E71120F0E7244B00202E730400D7
S21401B538D048002010B50446FFF7BEFE70B121467C
S21401B5480848EEF7C9F840F20323984208D040F2BB
S21401B558012398420CBF0520012010BD1120FCE7ED
S21401B5680020FAE7D04800202DE9F0412D4D044689
S21401B5782F68FFF7A1FE002851D02968A14207D8F5
S21401B5884A1E2948214600F0EDFC2120BDE8F0813D
S21401B5982648EEF761F8DFF894800246B0B94346CC
S21401B5A82E68964222D1BE4214BF3A4606F1FF32B1
S21401B5B812BB31461D48C8F80040EEF72DF8014683
S21401B5C800B31B4800F0CEFC0120DFE72046EEF76B
S21401B5D803F8044638B10146164800F0C3FC201E9D
S21401B5E818BF0120D2E7EDF70BFEF8E753F8041B66
S21401B5F88C42DDD00132D4E70C499200081D01F0D7
S21401B60821FED6E729680948EEF726F8044610B160
S21401B61801460948D6E7EDF7F3FD2046B6E71120BF
S21401B628B4E700BF244B00202E730400B048002066
S21401B638E1740400B774040014750400F8B50446F0
S21401B648FFF73AFE002845D0234B1A68A24207D8CE
S21401B65821462248013A00F085FC21242046F8BDFF
S21401B6681F4800F07FFC25F085FC40F251221D4959
S21401B6782046EEF711F840F20327054625F07AFC36
S21401B688184E65B140F203239D421AD02946164842
S21401B69800F068FC0124154800F064FCDEE725F09C
S21401B6A869FC29463046EEF717F8B84209D040F249
S21401B6B80123984203D10E4800F054FCE1E7054601
S21401B6C8DFE721460B4800F04DFC2046FFF74CFF0C
S21401B6D80446E0E71124C1E7244B00202E7304003A
S21401B6E84B750400D04800206B750400E216040070
S21401B6F8EE490400837504000322024B18601961A1
S21401B7085A6370470000025C3F22034B1A631022FB
S21401B718DA6103229A6370470000025C024AD36B1F
S21401B7289B07FCD4704700BF0000025C044B9B6A71
S21401B73813F0240F14BF012000208000704700BFBB
S21401B7480000025C08B5FFF7F1FF084BDB6B23F43A
S21401B7587F4323F0EF03003B18BF012350EA830021
S21401B7681EBF0122024BC3F8FC2F08BD0000025C75
S21401B77800F0FF3F4368182B0AD0202B1DD0102B52
S21401B7882BD1174BD3F80434DB010AD401207047B8
S21401B798134BD3F804349A01F8D50B6843F0080321
S21401B7A80B6003680F4A934210D10B6843F04003BD
S21401B7B80B600023436000207047094BD3F804341C
S21401B7C85B01E3D50B6843F00403E9E7064A9342B5
S21401B7D8F1D10B6843F08003EAE70720704700BF02
S21401B7E80000025CE9620020E86200200B4607B50B
S21401B7F80749D1F80414C90708D500210092024662
S21401B808084600F043F803B05DF804FB0120FAE7A8
S21401B8180000025C0B4607B50749D1F80414C907AE
S21401B82808D5009201210246002000F02FF803B047
S21401B8385DF804FB0120FAE70000025C13B5084C2A
S21401B848D4F80444640709D5CDE900230B46002142
S21401B8580246084600F044F802B010BD0120FBE796
S21401B8680000025C13B5084CD4F80444640709D5F3
S21401B878CDE900230B4602460121002000F030F8EE
S21401B88802B010BD0120FBE70000025CF0B51C46C3
S21401B8985B6815468DB01A07129E1AD1CBB172682D
S21401B8A8934216D10C4B0D4A53F8217009AB07CABF
S21401B8B883E807001A462946CDE90533CDE903335F
S21401B8C8CDE90163009447F480701FF0C1FD0DB007
S21401B8D8F0BD0720FBE700BF18BD04000CBD04003F
S21401B8E8F0B51D4616466A688DB0DDE91273E2B1F9
S21401B8F87868824219D15A68102A16D10C4A09ACBE
S21401B90852F821C00B4A07CA84E807002246314686
S21401B918CDE90544CDE90344CDE9017400954CF41D
S21401B92880601FF095FD0DB0F0BD0720FBE700BF56
S21401B93818BD04000CBD040010B50A46044619B12A
S21401B948024B00211B68984710BD00BF20BD0400AC
S21401B95810B5114C2378580744BF23F0040323700D
S21401B9682378990705D500F05DF8237823F00203BC
S21401B978237063781BB10023084A63605360002371
S21401B988082106486370FFF7D7FF2378DA0744BF14
S21401B99823F00103237010BD284B00202C4B0020F8
S21401B9A838B51A4C62782378022A01D1072B11D0B0
S21401B9B8DD0712D52378980707D400F02BF82378EB
S21401B9C8054643F00203237080B96278237882B172
S21401B9D85A0716D50025284638BD1BF04FFE237892
S21401B9E8054643F0010323700028E3D0FFF7B0FFB4
S21401B9F8F1E7D907ECD5064962604A60022262700F
S21401BA08E6E743F004032370E4E700BF284B002071
S21401BA182C4B00200122024B002083F8F0207047AF
S21401BA28344B00202DE9F0410A4C002526464FF0FC
S21401BA38010803272046C4F81C80277601351FF025
S21401BA48F5FD062D04F12804F4D1002386F8F0301C
S21401BA58BDE8F081344B00202DE9F04F984691B0AF
S21401BA680B1E0A93B44B914614BF83469B4600258A
S21401BA781A9E98F8000070B94D4538BF2A464B46BD
S21401BA884FF000000A9928BF09F1FF32D847284627
S21401BA9811B0BDE8F08F252808F1010806D02A461E
S21401BAA84B460A996C1CD8472546E2E700234146CF
S21401BAB811F8012B2B2A16D00AD8202A16D0232AA9
S21401BAC817D0A2F13000092834D800270A2418E034
S21401BAD82D2A05D0302AF4D143F001038846E6E73B
S21401BAE843F00203FAE743F00403F7E743F00803D9
S21401BAF8F4E743F01003F1E7884604FB0722A2F1B6
S21401BB083007414611F8012BA2F130000928F3D974
S21401BB1898F800202E2A52D198F8011008F101024F
S21401BB28A1F13000092843F480633ED800244FF081
S21401BB380A0E11E02A2A08D156F8047B8846002FF7
S21401BB48BCBF43F002037F42E2E70027E0E7024674
S21401BB580EFB0411A1F13004104610F8011BA1F1E7
S21401BB68300CBCF1090FF2D99046424612F8011B77
S21401BB786C292DD025D8682933D06A293BD042466E
S21401BB88904618F8010B672860D8572836D84528F4
S21401BB9808D084D9462800F0188147287FF47FAF5B
S21401BBA843F4006343F0200327E12A2906D156F817
S21401BBB8044B08F1020824EAE474D6E79046002408
S21401BBC8D3E7742901D07A29D9D143F48073D7E70A
S21401BBD898F801106C29F8D143F4407308F1020271
S21401BBE8CEE798F80110682902D043F08003C7E72A
S21401BBF843F0C003F2E743F40073C1E7A0F158022B
S21401BC080F2A3FF64CAF01A151F822F0B5BC01004E
S21401BC18A7BA0100A7BA0100A7BA0100A7BA01008E
S21401BC28A7BA0100A7BA0100A7BA0100A7BA01007E
S21401BC38A7BA0100B5BC010021BE0100B5BC0100D0
S21401BC48F7BD0100D7BD0100F7BD0100A0F16901EC
S21401BC58C9B20F293FF623AF012249F2410C8A40A7
S21401BC6812EA0C0218D10A2900F0158107297FF477
S21401BC7816AF43F0210305930823CDE903431023A8
S21401BC88CDE9012356F8043B2A46009358464B460D
S21401BC980A991FF0BBFDA8E06F2800F05E8110D955
S21401BCA8782808D1102223F00C0310E0582839D040
S21401BCB8622800F054810A2223F01003642806D073
S21401BCC8F1E769284FF00A0223F01003F6D1590567
S21401BCD848BF23F00103692803F4007101D06428E2
S21401BCE840D111B3073626F00706B24670685AF8EF
S21401BCF8081BCDE9077300230593C30F0028029399
S21401BD0806940B46049202DA4B4260EB4000CDE9FA
S21401BD1800304B462A4658460A991FF0B9FD054693
S21401BD285646A6E643F02003BCE7D90506F1040A01
S21401BD3804D5316805E000BF77B6030058060CD570
S21401BD483178CDE90224CDE9047300294FEAD1738D
S21401BD580193B8BF4942009120E01906E9D5B6F922
S21401BD680010EEE779B1CDE907730023CDE9042386
S21401BD7806F1070A2AF0070A06940293FAE802234C
S21401BD88CDE90023C5E7D80506F1040A0DD5CDE9A6
S21401BD980473CDE902240191336800934B462A4681
S21401BDA858460A991FF032FDB9E7590607D5317882
S21401BDB8CDE904730023CDE902240193CBE731686A
S21401BDC813F0800F18BF89B2F2E743F02003CDE9DC
S21401BDD80173073626F007060094B6EC020B4B46AD
S21401BDE82A4658460A99EAF7F3FC054641E600F062
S21401BDF8DF00472801D143F40063CDE90173073614
S21401BE0826F007060094B6EC020B4B462A4658461F
S21401BE180A99EAF721FBE8E713F0020426D04FF067
S21401BE28010A6B1C0B932A464B460A9916F8040B13
S21401BE38D84774B354460B9A21E04B4620200A99FA
S21401BE48D8470AEB05020AF1010A5745F5D83A1E02
S21401BE5818BF0122002A07F1FF3308BF002307F1A4
S21401BE68010A1D4408BF4FF0020ADAE7A246E8E7CE
S21401BE78551C4B4620200A99D8472A460134BC420D
S21401BE88F6D3A7EB0A03574538BF00230B9A1A4483
S21401BE980B920B9DEDE53246002C52F8046B14BF4D
S21401BEA821464FF0FF310B9232463144107808B1E3
S21401BEB8914211D1A2EB060A13F480620C9202D0C9
S21401BEC8A24528BFA24613F002030D931BD1AAEB85
S21401BED805032A460F9308E00132E7E7531C0E9341
S21401BEE820204B460A99D8470E9A0F9BD318BB4277
S21401BEF8F4D3A7EB0A03574538BF00230AF101021A
S21401BF081D4403EB020AAB1B0E9304E01C464B468A
S21401BF182A460A99D8470E9BF51816F8010B28B138
S21401BF280C9B002BF3D0631E002CEFD10D9B93B115
S21401BF382A46AAEB050405E0561C4B4620200A991A
S21401BF48D84732461319BB42F6D3A7EB0A0357451F
S21401BF5838BF00231D440B9E8BE50822A3E6022268
S21401BF68A1E600BF0FB41FB506AA52F8043B02A902
S21401BF780392009204484FF0FF32FFF76DFD05B0BB
S21401BF885DF804EB04B0704739B903001FB50346E2
S21401BF9800914FF0FF3203A90248FFF75DFD05B097
S21401BFA85DF804FB39B903001FB5CDE9020100931A
S21401BFB802A9134603484FF0FF32FFF74DFD05B0BF
S21401BFC85DF804FB41B903001FB5094B094A186817
S21401BFD8094B01A91860094B1360094A0192094ADD
S21401BFE81268CDE902231BF06CFB05B05DF804FB73
S21401BFF838690020683C00206C3C00202C69002031
S21401C008ECAB0400E44E0020014B18681BF06DBB36
S21401C0183869002038B5F1F727FF0446064D2B6826
S21401C028D3F8B002F1F714FF28681BF071FB20461D
S21401C038BDE83840F1F70CBF3869002010B5234C2D
S21401C048F0F702F8F0F70EF9236F012023F0070343
S21401C05843F003032367F0F72FF91D4B00209B6A73
S21401C0689B075EBF01221B4B9A62D4F8203123F04E
S21401C078030343F00203C4F82031D4F8243123F033
S21401C088070343F00203C4F82431D4F8403123F0FF
S21401C098030343F00103C4F84031D4F8603123F0B8
S21401C0A8030343F00103C4F86031D4F8403223F0A7
S21401C0B8030343F00103C4F84032D4F8003223F0F6
S21401C0C8070343F00103C4F8003210BD0080005096
S21401C0D800C0005000E00050064B1B681A7A022A7E
S21401C0E801D81AB97047032A00D070471B68024A5C
S21401C0F8136070473C690020E44E00200022024B82
S21401C1085A60DA601A607047E84E002008B501F0F8
S21401C11811FD0022014B1A7008BD00BFEA6200201B
S21401C1280A4601491FF070BC41D504000A46014978
S21401C1381FF06ABC3CD504000A4601491FF064BCDE
S21401C14835D504000A4601491FF05EBC32D5040005
S21401C1580A4601491FF058BC2FD504000A46014972
S21401C1681FF052BC2AD504000A4601491FF04CBCF0
S21401C17825D504000A4601491FF046BC20D504000F
S21401C1880A4601491FF040BC19D5040081F0004158
S21401C19802E000BF83F0004330B54FEA41044FEA9E
S21401C1A8430594EA050F08BF90EA020F1FBF54EA39
S21401C1B8000C55EA020C7FEA645C7FEA655C00F0D5
S21401C1C8E2804FEA5454D4EB5555B8BF6D420CDDA6
S21401C1D82C4480EA020281EA030382EA000083EA29
S21401C1E8010180EA020281EA0303362D88BF30BDC9
S21401C1F811F0004F4FEA01314FF4801C4CEA11311F
S21401C20802D0404261EB410113F0004F4FEA03337D
S21401C2184CEA133302D0524263EB430394EA050F08
S21401C22800F0A780A4F10104D5F1200E0DDB02FA77
S21401C2380EFC22FA05F2801841F1000103FA0EF20B
S21401C248801843FA05F359410EE0A5F120050EF1D1
S21401C258200E012A03FA0EFC28BF4CF0020C43FA02
S21401C26805F3C01851EBE37101F0004507D54FF00F
S21401C278000EDCF1000C7EEB00006EEB0101B1F55F
S21401C288801F1BD3B1F5001F0CD349085FEA3000A5
S21401C2984FEA3C0C04F101044FEA445212F5800FB0
S21401C2A880F09A80BCF1004F08BF5FEA500C50F14D
S21401C2B8000041EB045141EA050130BD5FEA4C0C30
S21401C2C8404141EB0101013C28BFB1F5801FE9D28D
S21401C2D891F0000F04BF01460020B1FA81F308BFB0
S21401C2E82033A3F10B03B3F120020CDA0C3208DD7C
S21401C2F802F1140CC2F10C0201FA0CF021FA02F157
S21401C3080CE002F11402D8BFC2F1200C01FA02F1C6
S21401C31820FA0CFCDCBF41EA0C019040E41AA2BFEB
S21401C32801EB0451294330BD6FEA04041F3C1CDAB3
S21401C3380C340EDC04F11404C4F1200220FA04F0D3
S21401C34801FA02F340EA030021FA04F345EA03017D
S21401C35830BDC4F10C04C4F1200220FA02F001FA3F
S21401C36804F340EA0300294630BD21FA04F02946C1
S21401C37830BD94F0000F83F4801306BF81F480115A
S21401C3880134013D4EE77FEA645C18BF7FEA655CCD
S21401C39829D094EA050F08BF90EA020F05D054EA9F
S21401C3A8000C04BF1946104630BD91EA030F1EBFA4
S21401C3B80021002030BD5FEA545C05D140004941A8
S21401C3C828BF41F0004130BD14F580043CBF01F59B
S21401C3D8801130BD01F0004545F0FE4141F4700181
S21401C3E84FF0000030BD7FEA645C1ABF194610465C
S21401C3F87FEA655C1CBF0B46024650EA013406BF5D
S21401C40852EA033591EA030F41F4002130BD00BF1B
S21401C41890F0000F04BF0021704730B54FF48064D8
S21401C42804F132044FF000054FF0000150E700BF59
S21401C43890F0000F04BF0021704730B54FF48064B8
S21401C44804F1320410F0004548BF40424FF00001A5
S21401C4583EE700BF42004FEAE2014FEA31014FEAE8
S21401C46802701FBF12F07F4393F07F4F81F0605137
S21401C478704732F07F4208BF704793F07F4F04BF82
S21401C48841F40021704730B54FF4607401F000455F
S21401C49821F000411CE700BF50EA010208BF7047BF
S21401C4A830B54FF000050AE050EA010208BF7047B0
S21401C4B830B511F0004502D5404261EB41014FF419
S21401C4C8806404F132045FEA915C3FF4D8AE4FF021
S21401C4D803025FEADC0C18BF03325FEADC0C18BF04
S21401C4E8033202EBDC02C2F1200300FA03FC20FA55
S21401C4F802F001FA03FE40EA0E0021FA02F11444A2
S21401C508BDE600BF70B54FF0FF0C4CF4E06C1CEABA
S21401C51811541DBF1CEA135594EA0C0F95EA0C0F2B
S21401C52800F0DEF82C4481EA030621EA4C5123EA9E
S21401C5384C5350EA013518BF52EA033541F48011CD
S21401C54843F4801338D0A0FB02CE4FF00005E1FB80
S21401C55802E506F00042E0FB03E54FF00006E1FBCA
S21401C56803569CF0000F18BF4EF0010EA4F1FF040D
S21401C578B6F5007F64F5407404D25FEA4E0E6D414D
S21401C58846EB060642EAC62141EA55514FEAC5205E
S21401C59840EA5E504FEACE2EB4F1FD0C88BFBCF5DA
S21401C5A8E06F1ED8BEF1004F08BF5FEA500E50F18B
S21401C5B8000041EB045170BD06F0004646EA010151
S21401C5C840EA020081EA0301B4EB5C04C2BFD4EB83
S21401C5D80C0541EA045170BD41F480114FF0000E7C
S21401C5E8013C00F3AB8014F1360FDEBF002001F0EA
S21401C5F8004170BDC4F10004203C35DA0C341BDC64
S21401C60804F11404C4F1200500FA05F320FA04F035
S21401C61801FA05F240EA020001F0004221F0004169
S21401C62810EBD37021FA04F642EB06015EEA430EDC
S21401C63808BF20EAD37070BDC4F10C04C4F120050C
S21401C64800FA04F320FA05F001FA04F240EA0200BF
S21401C65801F0004110EBD37041F100015EEA430E90
S21401C66808BF20EAD37070BDC4F1200500FA05F2B0
S21401C6784EEA020E20FA04F301FA05F243EA02032F
S21401C68821FA04F001F0004121FA04F220EA02003E
S21401C69800EBD3705EEA430E08BF20EAD37070BD84
S21401C6A894F0000F0FD101F00046400041EB010164
S21401C6B811F4801F08BF013CF7D041EA060195F046
S21401C6C8000F18BF704703F00046520043EB030300
S21401C6D813F4801F08BF013DF7D043EA06037047ED
S21401C6E894EA0C0F0CEA135518BF95EA0C0F0CD0F8
S21401C6F850EA410618BF52EA4306D1D181EA03013E
S21401C70801F000414FF0000070BD50EA410606BF37
S21401C7181046194652EA430619D094EA0C0F02D17C
S21401C72850EA013613D195EA0C0F05D152EA0336C1
S21401C7381CBF104619460AD181EA030101F00041DF
S21401C74841F0FE4141F470014FF0000070BD41F028
S21401C758FE4141F4780170BD70B54FF0FF0C4CF402
S21401C768E06C1CEA11541DBF1CEA135594EA0C0F21
S21401C77895EA0C0F00F0A7F8A4EB050481EA030E6E
S21401C78852EA03354FEA013100F088804FEA033355
S21401C7984FF0805545EA131343EA12634FEA022223
S21401C7A845EA111545EA10654FEA00260EF00041E4
S21401C7B89D4208BF964244F1FD0404F5407402D236
S21401C7C85B084FEA3202B61A65EB03055B084FEAC7
S21401C7D832024FF480104FF4002CB6EB020E75EBC4
S21401C7E8030E22BFB61A754640EA0C005B084FEAEC
S21401C7F83202B6EB020E75EB030E22BFB61A754669
S21401C80840EA5C005B084FEA3202B6EB020E75EBB3
S21401C818030E22BFB61A754640EA9C005B084FEA2B
S21401C8283202B6EB020E75EB030E22BFB61A754638
S21401C83840EADC0055EA060E18D04FEA051545EA27
S21401C84816754FEA06164FEAC30343EA52734FEAD0
S21401C858C2025FEA1C1CC0D111F4801F0BD141EA49
S21401C86800014FF000004FF0004CB6E711F4801FAE
S21401C87804BF01430020B4F1FD0C88BFBCF5E06F8E
S21401C8883FF6AFAEB5EB030C04BFB6EB020C5FEA9E
S21401C898500C50F1000041EB045170BD0EF0004EF3
S21401C8A84EEA113114EB5C04C2BFD4EB0C0541EA25
S21401C8B8045170BD41F480114FF0000E013C90E622
S21401C8C845EA060E8DE60CEA135594EA0C0F08BFE6
S21401C8D895EA0C0F3FF43BAF94EA0C0F0AD150EAE5
S21401C8E801347FF434AF95EA0C0F7FF425AF104678
S21401C8F819462CE795EA0C0F06D152EA03353FF4A0
S21401C908FDAE1046194622E750EA410618BF52EA1C
S21401C91843067FF4C5AE50EA41047FF40DAF52EAF0
S21401C92843057FF4EBAE12E74FF0FF3C06E000BF8D
S21401C9384FF0010C02E000BF4FF0010C4DF804CD9A
S21401C9484FEA410C7FEA6C5C4FEA430C18BF7FEA5A
S21401C9586C5C1BD001B050EA410C0CBF52EA430C88
S21401C96891EA030F02BF90EA020F0020704710F108
S21401C978000F91EA030F58BF994208BF90422CBF97
S21401C988D8176FEAE37040F0010070474FEA410C90
S21401C9987FEA6C5C02D150EA013C07D14FEA430CAE
S21401C9A87FEA6C5CD6D152EA033CD3D05DF8040B1F
S21401C9B8704700BF8446104662468C461946634651
S21401C9C800E000BF01B5FFF7B7FF002848BF10F128
S21401C9D8000F01BD4DF808EDFFF7F4FF0CBF01206D
S21401C9E800205DF808FB00BF4DF808EDFFF7EAFFE9
S21401C9F834BF012000205DF808FB00BF4DF808EDA4
S21401CA08FFF7E0FF94BF012000205DF808FB00BF98
S21401CA184DF808EDFFF7CEFF94BF012000205DF822
S21401CA2808FB00BF4DF808EDFFF7C4FF34BF01202F
S21401CA3800205DF808FB00BF4FEA410212F500121C
S21401CA4815D211D56FF47873B3EB625212D94FEA47
S21401CA58C12343F0004343EA505311F0004F23FA31
S21401CA6802F018BF404270474FF00000704750EA86
S21401CA78013005D111F0004008BF6FF00040704743
S21401CA884FF00000704700BF4A0011D212F500129D
S21401CA9811D20DD56FF47873B3EB62520ED44FEA08
S21401CAA8C12343F0004343EA505323FA02F0704788
S21401CAB84FF00000704750EA013002D14FF0FF30C6
S21401CAC870474FF00000704753B94AB9002908BFAC
S21401CAD800281CBF4FF0FF314FF0FF3000F08CB933
S21401CAE8ADF1080C6DE904CE00F006F8DDF804E0B7
S21401CAF8DDE9022304B070472DE9F04F099D0E4683
S21401CB0804460F46002B47D18A429446B2FA82F36E
S21401CB185AD943B102FA03FCC3F120029F409C4054
S21401CB2820FA02F217434FEA1C461FFA8CFE220C23
S21401CB38B7FBF6F106FB117701FB0EF042EA074256
S21401CB48904208D91CEB020201F1FF3702D290424B
S21401CB5800F23C813946121AA4B2B2FBF6F006FB83
S21401CB68102200FB0EFE44EA0244A64508D91CEB37
S21401CB78040400F1FF3202D2A64500F22A811046CB
S21401CB8840EA0140A4EB0E0400211DB1DC4000235D
S21401CB98C5E90043BDE8F08F8B4205D90DB1C5E95B
S21401CBA8000100210846F5E7B3FA83F100294FD1C1
S21401CBB8B342C0F00281824240F2FF800846002D4F
S21401CBC8E8D0C5E90047E5E7002B40F0AF808A1AB0
S21401CBD84FEA1C4E1FFA8CF70121B2FBFEF60EFB3C
S21401CBE81620220C42EA004207FB06F090420FD9B3
S21401CBF81CEB020206F1FF382CBF4FF001094FF07B
S21401CC080009904203D9B9F1000F00F0DC804646CE
S21401CC18121AA4B2B2FBFEF00EFB102200FB07F7B5
S21401CC2844EA0244A7420FD91CEB040400F1FF3280
S21401CC382CBF4FF0010E4FF0000EA74203D9BEF1EC
S21401CC48000F00F0C9801046E41B40EA06409CE746
S21401CC58C1F120048B4006FA01FC00FA01FE22FA13
S21401CC6804F7E6408A401F4320FA04F34FEA1748C0
S21401CC7843EA0C031FFA87FC4FEA1349B6FBF8F0A0
S21401CC8808FB106649EA064600FB0CF9B1450ED9C1
S21401CC98BE1900F1FF3A2CBF4FF0010B4FF0000B05
S21401CCA8B14503D9BBF1000F00F0A2805046A6EBB0
S21401CCB809061FFA83F9B6FBF8F308FB136603FBAC
S21401CCC80CFC49EA0646B4450ED9BE1903F1FF38ED
S21401CCD82CBF4FF001094FF00009B44503D9B9F14B
S21401CCE8000F00F08280434643EA0040A6EB0C069C
S21401CCF8A0FB028C66454346E14602D307D1C645EA
S21401CD0805D2B8EB02036CEB070C0138E1465DB1BE
S21401CD18BEEB030266EB090606FA04F422FA01F3EF
S21401CD28CE401C43C5E90046002133E702FA03FC5E
S21401CD38C3F1200299409C40D6404FEA1C4E20FA87
S21401CD4802F21FFA8CF7B6FBFEF00A430EFB1066DA
S21401CD58110C41EA064100FB07F68E420ED91CEB80
S21401CD68010100F1FF382CBF4FF001094FF000090F
S21401CD788E4202D9B9F1000F34D04046891B92B2CF
S21401CD88B1FBFEF60EFB161142EA014206FB07F15D
S21401CD9891420ED91CEB020206F1FF382CBF4FF068
S21401CDA801094FF00009914202D9B9F1000F16D0D6
S21401CDB84646521A46EA00410FE7841A66EB030212
S21401CDC801201746FBE6023E624421E70239624427
S21401CDD8C1E664440238D3E66444023834E7023EC6
S21401CDE86244E6E702386144C8E7023B3E447BE713
S21401CDF802383E445BE700BF704700BF2DE9F04F9D
S21401CE08924685B089461E460D46554A03902946E0
S21401CE1815F8014B135D13F00803F8D12D2C7CD0BF
S21401CE282B2C4ED04FF0FF3102936FF00043CDE923
S21401CE38001336F0100851D037464FEAE6783A46DE
S21401CE484346DDE90001FFF73FFE002383468E4691
S21401CE5818461946A44613E0ACF13704A6421FDD6E
S21401CE68002B09DB83457EEB010305D38E4508BFFE
S21401CE7883453BD1A24239DA4FF0FF3315F801CB8F
S21401CE88ACF13004092CE9D9ACF14104192CE3D9E9
S21401CE98ACF16104192C03D8ACF15704A642DFDCC7
S21401CEA85A1C2FD0029A12B1404261EB4101BAF1E5
S21401CEB8000F03D0002B48D1CAF8009005B0BDE892
S21401CEC8F08F4FF0FF30029336F010086FF00043F2
S21401CED82C7801F10205CDE90003ADD1302C25D01F
S21401CEE8002E3AD10A27B0463E46A8E700FB08F3CB
S21401CEF807FB0133A0FB07010B44201843EBE47141
S21401CF080123BBE72223039A1360BAF1000F17D057
S21401CF1805F1FF39DDE90001CEE74FF00047009340
S21401CF2801232C788D1CCDE9017382E72B7803F059
S21401CF38DF03582B0CD086B90827B0463E467EE755
S21401CF48DDE9000105B0BDE8F08FCDE90001DFE7B6
S21401CF5810276C7802353E4671E710273E466EE785
S21401CF6849D504004AE700BF10B4044C13460A46E4
S21401CF78014620685DF8044B40E700BF6C69002055
S21401CF8810B4044C13460A46014620685DF8044B63
S21401CF9834E700BF6C69002020F0030110F003009D
S21401CFA8C0F1000051F8043B00F1040C4FEACC0C28
S21401CFB86FF000021CBF22FA0CF213434FF0010C6B
S21401CFC84CEA0C2C4CEA0C4CA3EB0C0222EA0302AA
S21401CFD812EACC1204BF51F8043B0430F4D0C2F173
S21401CFE8000102EA0102B2FA82F2C2F11F0200EB64
S21401CFF8D20070472DE9F04780460C46454826463C
S21401D00814F801EB10F80EC01CF0080CF7D1BEF1AD
S21401D0182D0F5BD0BEF12B0F3AD0654633F01000CA
S21401D0283ED04FF0FF379A46B7FBF3F703FB07F9F5
S21401D0386FEA0909002630460EE0AEF1370C634563
S21401D0481DDD002E04DBB84202D833D1CC4531DDD4
S21401D0584FF0FF3614F801EBAEF1300CBCF1090FB6
S21401D068EDD9AEF1410CBCF1190FE6D9AEF1610C60
S21401D078BCF1190F03D8AEF1570C6345E1DC731CFC
S21401D0881CD005B140420AB1F6B91160BDE8F08777
S21401D09833F0100094F800E0654606F10204C0D1AA
S21401D0A8BEF1300F17D06BBB0A234FF005091A4F94
S21401D0B89A46BFE700FB0AC00126CBE72223304683
S21401D0C8C8F80030002AE1D0611EDEE794F800E0D7
S21401D0D80125B41CA2E7207800F0DF00582807D005
S21401D0E883B908234FF007096FF060479A46A1E70E
S21401D0F8102394F801E04FF00F0902346FF07047DF
S21401D1089A4697E710234FF00F096FF070479A4633
S21401D11890E700BF49D50400999999196AE700BFB5
S21401D12810B4044C13460A46014620685DF8044BC1
S21401D13860E700BF6C69002010B4044C13460A4629
S21401D148014620685DF8044B54E700BF6C6900206F
S21401D1580F4B70B50F4DAB42A3EB050607D0B610C3
S21401D1680024013455F8043B9847A642F9D80A4DDD
S21401D17824F002F9094B5E1BAB424FEAA60606D01D
S21401D1880024013455F8043B9847A642F9D870BDE7
S21401D198546D0020546D0020546D0020586D0020F9
S21401D1A870B5860747D0541E002A3ED0CAB2034639
S21401D1B801E0013C39D303F8012B9D07F9D1032C73
S21401D1C82CD9CDB20F2C05EB052505EB054535D930
S21401D1D8A4F1100C03F1100E1A462CF00F064FEAB4
S21401D1E81C1CB644C2E90055C2E902551032724504
S21401D1F8F8D10CF1010214F00C0F04F00F0C03EB3C
S21401D208021213D0ACF1040323F0030304331344CE
S21401D21842F8045B9342FBD10CF003042CB1C9B26B
S21401D2281C4403F8011BA342FBD170BD6446134698
S21401D238002CF4D1F9E703461446C0E71A46A4467B
S21401D248E0E700BF88420ED98B1883420BD900EB62
S21401D258020C002A6ED0624613F801CD994202F8F4
S21401D26801CDF9D170470F2A0FD8034602F1FF3CCA
S21401D278002A5FD00CF1010C013B8C4411F8012BFC
S21401D288614503F8012FF9D1704740EA01039B076E
S21401D29851D1A2F1100301F1200C70B523F00F054E
S21401D2A801F1100E00F110041B09AC445EF8105C85
S21401D2B80EF1100E103444F8205C5EF81C5C44F83D
S21401D2C81C5C5EF8185C44F8185C5EF8145CE6456D
S21401D2D844F8145CEAD1013312F00C0F02F00F0C7B
S21401D2E801EB031100EB031329D0ACF1040C1C1F4E
S21401D2F88E462CF003064FEA9C0C1E445EF8045B2F
S21401D30844F8045FB442F9D10CF1010402F00302B7
S21401D31803EB840301EB840102F1FF3C4AB10CF1F3
S21401D328010C013B8C4411F8012B614503F8012FD0
S21401D338F9D170BD704702F1FF3C03469AE7624691
S21401D348EAE700BF2DE9F04F82468E463F4875460C
S21401D3581EF801BB10F80B4014F00804F7D1BBF116
S21401D3682D0F5BD0BBF12B0F6FF0004904BF9EF861
S21401D37800B005F1020E33F0100010D1BBF1300FEA
S21401D38804D0002B5ED10A231F4609E09EF8000050
S21401D39800F0DF0058284ED0002B53D108231F4633
S21401D3A80025B9FBF7F6284607FB16980EE0ABF101
S21401D3B8370C63451DDD002D04DB864202D321D1DF
S21401D3C8E0451FDA4FF0FF351EF801BBABF1300C14
S21401D3D8BCF1090FEDD9ABF1410CBCF1190FE6D937
S21401D3E8ABF1610CBCF1190F03D8ABF1570C6345CF
S21401D3F8E1DC6B1C0AD004B140420AB1CDB9116018
S21401D408BDE8F08F07FB00C00125DDE72223CAF837
S21401D41800305AB10EF1FF314846F0E79EF800B0E9
S21401D4284FF0004905F1020E0124A4E74846BDE87D
S21401D438F08F8146EEE710239EF801B00EF1020E3A
S21401D4481F46ADE710231F46AAE700BF49D50400CB
S21401D458242B02D8012B00D074E710B500F02EFA61
S21401D46816230360002010BD10B5242A084C134665
S21401D478246807D8012A05D00A4601462046BDE891
S21401D48810405FE700F01AFA16230360002010BD6B
S21401D4986C69002010B5242A084C1346246807D85E
S21401D4A8012A05D00A4601462046BDE8104049E74C
S21401D4B800F004FA16230360002010BD6C690020F2
S21401D4C8844641EA000313F0030349D1403A23D3C3
S21401D4D80B6803604B6843608B688360CB68C360E6
S21401D4E80B6903614B6943618B698361CB69C361CE
S21401D4F80B6A03624B6A43628B6A8362CB6AC362B6
S21401D5080B6B03634B6B43638B6B8363CB6BC3639D
S21401D51840304031403ADBD230320BD30B680360DF
S21401D5284B6843608B688360CB68C36010301031EA
S21401D538103AF3D20C3205D351F8043B40F8043BB9
S21401D548043AF9D2043208D0D2071CBF11F8013BBD
S21401D55800F8013B01D30B8803806046704700BF83
S21401D568082A13D38B07B1D010F00303AED0C3F14A
S21401D5780403D21ADB071CBF11F8013B00F8013B74
S21401D588A4D331F8023B20F8023B9FE7043AD9D3EB
S21401D598013A11F8013B00F8013BF9D20B78037008
S21401D5A84B7843708B78837060467047024B014610
S21401D5B818681AF06CBE00BF6C690020024B014661
S21401D5C818681AF067BE00BF6C690020CAB38446A3
S21401D5D80B4630B504460843800719D09CF800006E
S21401D5E80C78A04212D150B3012A28D0E64603E0AF
S21401D5F81CEB030F23D010B31EF8010F11F8014FCF
S21401D608A2EB0E03A04203F1FF33F1D0001B30BD9D
S21401D618032A07D8E2E7043A11D01EF0803F0ED15C
S21401D628032A10D92068194653F8045BA446A0F1CA
S21401D638013E0434A8422EEA000EECD0CEE70020C4
S21401D64830BD10467047A4461946C7E780EA010C64
S21401D6581CF0030F37D110F0030C20F0030021F063
S21401D668030150F8042B08BF51F8043B0ED08CF088
S21401D678030C6FF07F434FEACC0C23FA0CFC51F8ED
S21401D688043B42EA0C0243EA0C0300BFA2F1013C48
S21401D6989A4201BF2CEA020C1CF0803F50F8042B7A
S21401D6A851F8043BF2D04FEA02604FEA12220128F1
S21401D6B828BFB0EB036F08BF1B0AF4D003F0FF03C3
S21401D6C8000EC01A704710F0030F0AD010F8012B8D
S21401D6D811F8013B012A28BF9A42F4D0A2EB0300B5
S21401D6E870474DF8045D50F8042B01F0030521F04E
S21401D6F8030151F8043B022D26D04DD822F07F4570
S21401D708B5EB132FA2F1013C2CEA020C0DD11CF04B
S21401D718803C08BF51F8043B0AD185EA0205B5EBFF
S21401D728036F0CD150F8042BE8E74FEA13235BE0AC
S21401D7383CF07F4C54D10B784FEA126554E04FEA1F
S21401D748126503F0FF034FE04FEA0245A2F1013CE0
S21401D7584FEA15452CEA020CB5EB134F18D11CF00D
S21401D768803C08BF51F8043B07D185EA0205B5EBB2
S21401D778034F09D150F8042BE6E75FEA0C4C2FD18A
S21401D7880B884FEA12452FE04FEA03434FEA12454A
S21401D7984FEA134328E000BF02F0FF05B5EB136F0D
S21401D7A8A2F1013C2CEA020C0DD11CF0803C08BF0A
S21401D7B851F8043B0AD185EA0205B5EB032F0AD1D5
S21401D7C850F8042BE8E74FEA13630DE012F0FF0F59
S21401D7D806D051F8043B4FEA122523F07F4303E0B5
S21401D7E84FF0000020BC704705F0FF0203F0FF0071
S21401D7F8012828BF904204BF2D0A1B0AF4D0A2EBC9
S21401D808000020BC704700BF08B5064B044613B19C
S21401D818002100F0AFF8044B1B6803B19847204677
S21401D82819F02BF97DD9010030500020002301465C
S21401D8381A46184600F048B8032A30B415D941EA02
S21401D848000484460B46A40704D0541E0FE0043A8D
S21401D858032A08D91946604653F8044B5CF8045B5A
S21401D868A542F4D0F1E760461946541E7AB1431E24
S21401D8780139021901E09A4209D013F8010F11F88B
S21401D88801CF6045F7D0A0EB0C0030BC70470020F4
S21401D89830BC704738B5074D074C2C1BA41005D073
S21401D8A8013C55F8043D9847002CF9D1BDE83840AD
S21401D8B823F068BD5C6D0020586D0020014B186888
S21401D8C8704700BF6C690020F0B5264C83B0064649
S21401D8D80F46256805B36C681F2C3FDCA6B1D5F842
S21401D8E8880048B3D0F800114FF0010C40F8242006
S21401D8F8022E00EB84020CFA04FC4CEA0101C0F883
S21401D9080011C2F8803010D0631C002002346B600E
S21401D91845F8247003B0F0BD13491448216010B1CE
S21401D9280068C1F88800104DD5E7D0F8043143EAFD
S21401D9380C03C0F80431E7E70D49CDE9002369B1C6
S21401D9484FF48470FFF732FE40B100216C68C0E9DD
S21401D9584011DDE90023C5F88800C5E74FF0FF3020
S21401D968D8E700BFC0500020345000200000000057
S21401D978B5D501002DE9F04FDFF8B49083B0D9F89A
S21401D988006096B3884601907568D6F888706C1E54
S21401D9982BD4013507F1800B06EB8505B8F1000F8E
S21401D9A826D173682A68013BA3423BD000232B602B
S21401D9B8BAB1D6F804A05FB30123D7F80011A34083
S21401D9C80B4225D0D7F8040157F8241003422BD16F
S21401D9D8019890477368D9F8002053451ED1B24282
S21401D9E81CD1013C043D631CD8D103B0BDE8F08FBF
S21401D9F84FB15BF824304345D3D0013C043D621C4B
S21401DA08F3D0002FF5D1013CEFD3013CFBD2ECE774
S21401DA1890477368D9F800205345E0D0002AE4D02F
S21401DA281646B1E77460C3E708469047D2E700BFD9
S21401DA38C050002013B5044669461EF0D2F82046A9
S21401DA481EF016FAFF28024606D020469DF800105A
S21401DA58EFF764FA02B010BD0048FBE70080FFFF4D
S21401DA682DE9F0418AB001AC05460B462746194A0E
S21401DA7802F1200C264610685168083203C6624532
S21401DA883446F7D1002B08BF3B46002710681C46D2
S21401DA983060384603F10C0690B95FFA87F84246BB
S21401DAA8284621881EF006FB50B942462846E188DA
S21401DAB81EF011FB20B94246314628461EF01DFBD2
S21401DAC80137032F06F1080604F10204E4D10AB06F
S21401DAD8BDE8F08160D60400F0B589B005460E466B
S21401DAE801F034FE044600BB01AC06F10C070FCF6B
S21401DAF80FC497E8070084E8070001A9284605F03F
S21401DB08F1FC2846311D1EF093FD044648B9284607
S21401DB18074901F05DFA044618B9284601F0E0FD08
S21401DB28044628463168FFF79BFF204609B0F0BD3A
S21401DB3858D6040001491EF0A7B800BFD9F601005F
S21401DB4870B5164E032804460D4633781ED023FAC0
S21401DB5804F202F00102AA421DD053B10122A240EA
S21401DB68A54023EA02032B43DBB233704BB10120F5
S21401DB7870BD2DB10A4B01201B6898473378EDE735
S21401DB883570074B00201B689847F0E79A07DED0E8
S21401DB9803F0FC03E9E7002070BD00BFEC6200203B
S21401DBA800530020F8B505460C4623F042F9104FFD
S21401DBB806463B7833B1012D04D01CB90D4821F037
S21401DBC859FE3C7021462846FFF7BAFF0A4B044621
S21401DBD81B783BB93B782BB91EF040FA10B1074BBE
S21401DBE81B689847304623F01FF92046F8BD00BF4A
S21401DBF8ED620020D4520020EC620020BC690020AF
S21401DC08054A0B46117831B100211170034A0121EA
S21401DC185268187810477047ED620020BC690020EA
S21401DC2838B5074D04462B78834207D001F0B8FC77
S21401DC3820462C70BDE83840F0F708BC38BD00BF58
S21401DC48EB62002038B5044680B123F0F2F80121D2
S21401DC580446084621F082FA01210B4A08461AF0C2
S21401DC68EAFB2046BDE8384023F0DEB823F0E1F8A9
S21401DC7805462146012021F071FA01202146024A73
S21401DC881AF0D9FB2846EDE7D0AC04001B4B022955
S21401DC9810B5187002D0032904D010BD184B1B7894
S21401DCA8002BFAD105F08CFB0028F6D04FF0005275
S21401DCB8144BC3F88020BFF34F8FBFF36F8F01F06B
S21401DCC847FC0028E9D001F03BFA0028E5D10E4BC5
S21401DCD81C6834B123689847BDE81040002001F05D
S21401DCE853BC1DF0CDFF094B186023F08EF9084B85
S21401DCF81860204601F034FCEEE700BF226D0020D4
S21401DD08EB62002000E100E024530020FC520020D2
S21401DD18F852002038B504460D4605F051FB80B18F
S21401DD284FF00052124B1A6001F012FC48B9012D4F
S21401DD3807D8012001F028FC0E4B1B6823B15B684D
S21401DD4898470D4B1C7038BD23F05FF90B4B1A68CA
S21401DD58801A186021F03CFE4FF47A72084B1B6853
S21401DD6802FB00301DF08EFF012001F0F9FBE8E709
S21401DD7800E100E024530020226D0020F852002024
S21401DD88FC520020F0B585B023F053F8344D044614
S21401DD982B7823B1334821F06DFD002852D121F0AC
S21401DDA8F3FD02AA03A91EF043F90346002838D05A
S21401DDB81EF052F9029B98421CD100202A4B039967
S21401DDC81B682A4E9942307020D90027C91A0123A8
S21401DDD824482B70264A3346CDE9007723F0F1F81C
S21401DDE8002837D1234A1378D90701D53178F9B1F4
S21401DDF8204611E01EF02EF9029B984228D00023F7
S21401DE0818461949194A0968137003910121FFF741
S21401DE1897FE002320462B7023F006F8002005B055
S21401DE28F0BD20462B7022F0FFFF212005B0F0BD83
S21401DE3803F0FE031370002BDAD10F4B1B689847CB
S21401DE482046E9E7204622F0EFFF0E2005B0F0BD98
S21401DE580220B3E7032320462F703370F3E700BF91
S21401DE68ED620020D4520020F4520020216D0020DB
S21401DE7809DC0100EC6200200053002070B522F096
S21401DE88D8FF184D04462B7823BB174A1749137039
S21401DE98174B184A18481A60184A194E5A60F0F76C
S21401DEA879FA18491848F0F775FA184B8020336044
S21401DEB8EEF730F8052804BF154B3360154B5B6F3A
S21401DEC803F44073B3F5007F02BF0222124B1A60B7
S21401DED801232B70F0F7C6FB204622F0A5FF002091
S21401DEE870BD00BFEE620020ED62002084D60400FB
S21401DEF8BC6900208DDD0100C4520020ADDB0100A5
S21401DF08005300208CD60400CC52002029DC0100E6
S21401DF184DDC010000400050F45200202DE9F0438A
S21401DF288F7880460F2F0C4685B003D9212005B07F
S21401DF38BDE8F08327B90123374A00201370F6E7B6
S21401DF480D784E78EDB9002EF0D194F90310E088DB
S21401DF5802F00CFE2128E9D055EA0603A088DFF86E
S21401DF68C89013D002F066FE4FF60403B9F80020F5
S21401DF7801469A424BD1AE42334638BF2B4600265D
S21401DF882DE0082DD2D8082ED0D8DEE702F052FEB2
S21401DF984FF6040501464FF60500204A136E9BB25C
S21401DFA8AB4208BF0346B1F5803FA9F800300FD948
S21401DFB802230825136680230126C2F880302B46E3
S21401DFC849084FF6FF720139914228BF114608E009
S21401DFD88023012608251666C2F880302B460029BC
S21401DFE8EFD1002202920122013FFFB2009201976F
S21401DFF82A4608F1F80002F0C7FC1EB14FF4801259
S21401E008074B5A65074BA2681A60022394E7034830
S21401E0180266A9F80030AEE7EF62002000C001B83A
S21401E02800D001B80C530020A26C002010B504469D
S21401E038D0F818210B4B4FF40061C3F8CC2090F8A8
S21401E0482420D20102F4006205F0D6F894F82430B0
S21401E05813F0100F4FF4007314BF034A034A1364F6
S21401E06810BD00BF003E00B0001002B8002002B884
S21401E078431C07D06FF0FF02034B10405A62A3F50A
S21401E08880535862704700BF00E000B8F8B50446F0
S21401E0980F46164622F0CDFE0546A047044620B197
S21401E0A8284622F0C1FE2046F8BD04F05FFA042295
S21401E0B80549D1F8F03E23EA07033343C1F8F03E99
S21401E0C8024B1A64ECE700BF003000B0002002B82B
S21401E0D800F01803182B0AD003070AD440F20113DC
S21401E0E810F0100018BF1846034BD8677047002079
S21401E0F8FAE70120F8E700BF003F00B0044B1868B4
S21401E108830654BFC0F30F204FF6FF70704700BF59
S21401E118B053002038B10368044A002B08BF1346E1
S21401E128034A13607047014BFAE700BFD7BC0300E8
S21401E138C869002010B4D0E9524122400B4052EA87
S21401E148030104D003495DF8044B096808475DF8E4
S21401E158044B7047C86900200F2938B505460C4698
S21401E1680ED801F033FA01280CD1074A2846936ED7
S21401E17823F00F03234393661DF0CEFF002038BD1E
S21401E1882120FCE70220FAE7003F00B0014BD86ED9
S21401E198704700BF003F00B0014B0020D9667047AA
S21401E1A8003F00B003282DE9F347884655D82C4B85
S21401E1B813F800902B4B1E5C2B4B13F800A022F093
S21401E1C838FE074604F01EF9054640B10023002232
S21401E1D8CDE9003301200023002103F03FFF04F0BE
S21401E1E819F948B100230022CDE9003300200023A5
S21401E1F84FF4004103F032FF6EB31C4BDC6C04F0A5
S21401E20808041B4B3146DC64484604F00DFA5246B6
S21401E2183146484604F096FA164BDC646DB1164B47
S21401E2281868D0F89010F83003F008F81349086811
S21401E238FFF71EFF4FF0FF330B60B8F1000F04D055
S21401E2480F4B002103205B689847384602B0BDE8AB
S21401E258F04722F0E9BD3446D3E702B0BDE8F087BF
S21401E2689CD6040098D6040094D60400004000B852
S21401E278006000B8005000B8BC530020C4690020F4
S21401E288BC6900200F4A136C13F0A00F15D1506C0F
S21401E29810F0040013D10C4BD3F8F03E23F07F4363
S21401E2A823F0FF035BB1D368C3F30362092A07D0DF
S21401E2B8B2F10C0018BF01207047002070470120FA
S21401E2C8704700BF000002B8003000B070B50D46B8
S21401E2D8064620B91A4B1B68A3B10E2011E001F0BF
S21401E2E875F9012829D1174B93F90040C4F1270481
S21401E2F8641BC4F11C03002BB8BF5B42232B0CDD47
S21401E308212070BDA1F10B03002BB8BF5B42232B64
S21401E318F6DC0C4B19700020F3E786F8265022F03D
S21401E32888FD094AE402136A04F4FF2423F4FF2350
S21401E3381C43146222F078FDEDE70220E1E700BFF6
S21401E348BC530020F062002000C000B818B9034B87
S21401E35893F90000704790F926007047F062002094
S21401E36810B5FFF763FE03F0A7FB22F062FD0A4A29
S21401E3780121D2F8C83E044623F02003C2F8C83E5D
S21401E3880222064B08469A60054B5B68984720466A
S21401E39822F04AFD002010BD003000B0001002B87F
S21401E3A8BC690020094B08465A6A91020BD4D3F877
S21401E3B80021D20708D4D3F8803013F4706F14BF45
S21401E3C80120002070470120704700BF004001B8B7
S21401E3D8F8B50D46D0F8903002EA010423EA0103A5
S21401E3E82343C0F890303D4A01F00B0323EA0401A9
S21401E3F8D1642340A2F580526F070646D36410D530
S21401E4080121FFF7CFFF60B104F0B0F84FF40073B5
S21401E41814F0040F14BF324A324A53620422324BB4
S21401E4281A64E90606D514F0100F14BF00221B2241
S21401E4382E4B5A652A061DD5230616D54FF400120B
S21401E448274B1A62012203F58053C3F8002122F0F4
S21401E458F0FC0E210746032002F040FE40F201229E
S21401E468224B3846DA6222F0DFFC214606F1F80034
S21401E47802F0E4FEEF0503D5E00529D502F0FEFD1E
S21401E488A90503D5A20526D502F004FE15F0600FEE
S21401E49809D0D6F8E41030461DF01AFC8022144B39
S21401E4A89867144B1A612B0510D504F05FF8124AC9
S21401E4B814F4006FD2F8F03E14BF43F0006323F063
S21401E4C80063C2F8F03E0422074B1A640020F8BD28
S21401E4D802F0CEFDD4E702F0D7FDD7E7006000B81A
S21401E4E8005001B8006001B8002002B8004000B82A
S21401E4F8003F00B0000002B8003000B0014B1868B9
S21401E508704700BF1853002037B522F092FC00244C
S21401E51801230022CDE9003400230546194610469A
S21401E52803F09CFD022002F003F9064B21461C600D
S21401E538054B02205B689847284622F075FC204662
S21401E54803B030BD20530020BC6900202DE9FF41EF
S21401E55802290D4616469846039004D1FFF7D4FFC4
S21401E56804B0BDE8F08122F064FC1E4F04463B6807
S21401E5783BB1B34205D022F057FC002321203B6073
S21401E588EEE7194B0022C3F800803E6000230126FF
S21401E5984FF0000810461946CDE9006603F05EFD07
S21401E5A8124B022083F8008002F0C2F843462A463E
S21401E5B8022003A902F0DAF80D4B039A1A6008B98B
S21401E5C82046D8E70B4D2B689847212804D02046CB
S21401E5D822F02AFC0020C3E731466B6802209847E0
S21401E5E8F5E700BF205300201C530020F2620020EC
S21401E5F818530020BC690020044B5B6E5B054EBFB8
S21401E6080120034B187800F00100704700C001B8DC
S21401E618F26200200A78022A11D0101F42424241B3
S21401E62852004B781201022B0BD0191F4B424B415B
S21401E6385B000549054842EA8312FFF727BD012218
S21401E648EFE70123F5E700BFF0FFFF001DF6010025
S21401E6580B78022B10D0181F434243415B004A78BF
S21401E668022A0BD0111F4A424A4152000F21044880
S21401E67843EA8202FFF70ABD0123F0E70122F5E724
S21401E68849F601002DE9F8430E780446042E0D4696
S21401E69890F824810BD100275FFA87F9484601F0E4
S21401E6A8BBFC08B14E4602E00137042FF4D13046D0
S21401E6B801F0B2FC002849D094F82431B34209D1BC
S21401E6C8AA88D4F8A4309A4204D16A88B4F82631C4
S21401E6D89A4238D084F82461AB883046A4F82831A9
S21401E6E86B88A4F82631AB8804F59275C4F8A43073
S21401E6F8FF2384F829301DF08DFD84F8280028466C
S21401E70801F04AFC18BB284601F07CFCF8B9D4F89D
S21401E718E03053B194F82411414506D02046B3F9A8
S21401E7281220EEF783FB84F82D01204601F0B8FC91
S21401E7380949A4F828010123084AD1F8FC1004F174
S21401E748F80003F083FA0020BDE8F88321200C23A3
S21401E75884F82431F8E700BF004F00B0A43F00B0AA
S21401E76870B5054690F824010C460C281FD0FF29E1
S21401E77801D1212070BD1AB14FF0FF320D4B1A603E
S21401E7881DF048FD064695F8240101F07BFC8442FD
S21401E79828BF0446E4B2B44238BF3446E0B285F82E
S21401E7A8290001F079FDFF28E3D00020E2E70220E6
S21401E7B8E0E700BFCC69002010B590F82431044684
S21401E7C80C2B44D0D0F8E03080F82810DBB3D0F812
S21401E7D8F020D2B990F82D318B421CD30022204666
S21401E7E8FFF7BEFF48BB1B4B1B7813F0FD0F23D169
S21401E7F8204601F055FC18490123184AD1F8FC10A7
S21401E80804F1F80003F022FA16E0B0F94020B3F953
S21401E81812309A42E2DD0022204694F82D11FFF7C5
S21401E8289FFF50B9C4F8E00020461DF09DFE4FF644
S21401E838FF739842014601D1002010BD2046BDE86D
S21401E848104004F077BFFF2380F82930F4E7022050
S21401E858F3E700BFA66C0020004F00B0A43F00B04D
S21401E868F0B51D46144B04461B780F46164685B070
S21401E8785BB1D0F8E030E3B102AAB3F912300092E6
S21401E888002218F0EDFE05B0F0BD02A91DF0A9F9A9
S21401E8989DF808103A462046EEF7C8FA014626B90A
S21401E8A82A462046FFF75CFFEDE72046FFF784FF80
S21401E8B8E9E71846E7E700BFB7AE0400D0F8983096
S21401E8C8012B01D10020704770B5054650498EB01E
S21401E8D81DF0F3FCD5F8E0600146AC8DC5F8E40000
S21401E8E826B1336813B15B68002B6BD122F0A1FA0D
S21401E8F822F09AFA0123D5F8E4108DF80E30B38980
S21401E908D6E90120E31A9BB200FB03224148ADF881
S21401E9180C3003680292994207D028461DF0D8F9B0
S21401E92880223D493D4B88671A613D4C3B4E00F0BD
S21401E9384DFE0128FBD1236CD907F8D4336CDA01D4
S21401E948F5D4D5F8E41028460D919DF80E200299C5
S21401E95808AB02F037FE002831D100F037FE012857
S21401E968FBD12E4A2E49136CDB01FCD40B6CDE0757
S21401E978F9D408A901A803F047F800BBAA8D294BCA
S21401E9885A6495F8243060F3410385F824301DF065
S21401E998E8FBD5F8E03002465B691968431EDBB22E
S21401E9A8FD2B049114D9CC1C12D91F4B01311B68BD
S21401E9B815D0D81C10D8284604A904930AE00220CA
S21401E9C80EB070BD1A68032A90D99B6A5B0E94E74D
S21401E9D8284604A91DF0AFFB00200EB070BDD91C57
S21401E9E804D8284604A904931DF0A5FBD5F84C3194
S21401E9F89B0506D495F8243043F0020385F82430A5
S21401EA08EAE728464FF480311DF0DEFDE4E700BF53
S21401EA18FC4F00B008530020003F00B0000002B8C9
S21401EA2800C002B8008001B8D869002010B50C46AD
S21401EA3819B11DF03CFB00B10434204602F0FAF887
S21401EA48024B4042C3F8E00E002010BD003000B073
S21401EA58438E70B593420C4615461CD3436C8B42C5
S21401EA6808BF002422F0E5F94FF49C530B490646EB
S21401EA78CA68C2F30362D340DA0702D50B6C9B035C
S21401EA8804D401222946204601F05CF8304622F0DB
S21401EA98CBF9002070BD2120FCE700BF000002B8BA
S21401EAA82DE9F84F074615460B4611B92120BDE852
S21401EAB8F88F002AFAD0032905D8002201F0ACF90C
S21401EAC803460028F2D01C889A78B4F5804F02F0E5
S21401EAD8070180F0CE80A1F1070C187993F805B0EC
S21401EAE8DE88DCF1000343EB0C0305292B7394BF86
S21401EAF80023C2F30013C2F3801C6B73930985F8D5
S21401EB0810C003F00203C2F3C00C43EA0C03C2F3BD
S21401EB184012E8746B74AA74D7F89030AE82D8069F
S21401EB2800F193800639012900F28F80B7F8129018
S21401EB38D7F81C8009F1FF394F4B083C04EA090451
S21401EB485B6D18F804300021802B0CBF6FF07F0333
S21401EB58323B04F1010418BF5BB204EA0904AB7343
S21401EB68631D03EA09035A1CA96002EA090218F898
S21401EB78022018F8036097F825A046EA022636B25E
S21401EB88BAF1000F5FD1F10456D5D7F8E43013B1C6
S21401EB981B68022B05D841F24D724C21002004F067
S21401EBA8F7FDD7F8E420C6F30B0392F82420DB0020
S21401EBB80AB1B3FBF2F39B4508D83BB1CBEB0B2B61
S21401EBC8BBFBF3FB6FEA0B0B5FFA8BFAD7F8EC305B
S21401EBD823B1504695F90E1098478246013485F8B8
S21401EBE80FA004EA090418F80410013404EA090419
S21401EBF818F80430013404EA090441EA032118F834
S21401EC080430013404EA090441EA034118F80430DF
S21401EC1841EA036116F4804305D0184BDB6EB3FA5C
S21401EC2883F35B095B0038466A7C03F0CBF806235E
S21401EC382860AB7100203AE718F804A04FEA4A0AA0
S21401EC485FFA8AFAC2E78A46C8E700230020EB7310
S21401EC580B4BDA69C2F30723120448BF63F0FF03BC
S21401EC685AB212F1800F1CBF323B5AB2AA7303463E
S21401EC78DEE702201BE700BF004000B8003F00B0F7
S21401EC8800C000B806238B7190F8253043B1054BB8
S21401EC98D3F8C4200B6802F01F0203EBC2030B6013
S21401ECA800207047003E00B011F5004F1FBF01F36A
S21401ECB80E01044BC1F30E01002014BF99642120F4
S21401ECC8704700BF008001B8F8B504460E4619B96A
S21401ECD890F824305A0647D44FF6FF73218ED4F89D
S21401ECE8E470994204D0354B1B680BB1204698470F
S21401ECF8334D2B68BB4255D0324B1B683BB11FB115
S21401ED083A68002A50D0BF683946204698470727F0
S21401ED18204601F0C5F9002E3AD004F0C7FA0620BD
S21401ED28294B94F9262093F900302849C3F1270383
S21401ED389B1A0A6ADB0222F4FF2203F4FF23134319
S21401ED480B62D4F8E420224B2A60986701F01CFB7A
S21401ED58002501211F4A204B1170204683F8845054
S21401ED681DF0DAF92846F8BD4FF6FF71144DD0F8B4
S21401ED78E4702A6866F386139742018680F8243081
S21401ED8817D0104B1B68002BB9D101F089F907275A
S21401ED9812493B46124AD1F8FC1004F1F80002F079
S21401EDA855FFBAE70127B3E717462046394698477D
S21401EDB8ADE701F075F90127EAE700BF1453002013
S21401EDC80853002010530020F062002000C000B84D
S21401EDD8006000B8F1620020003F00B0004F00B0AC
S21401EDE8A43F00B0054A12681AB190F81E1119B965
S21401EDF81047084602F092B90148704704530020AC
S21401EE0800FEFFFF334B2DE9F7431C6801F4007938
S21401EE1800F00103174653EA090206460D4632D0AA
S21401EE284FF0000823B30023002201200021CDE97A
S21401EE38008803F013F941462046FFF7D3FF012265
S21401EE484146E08510461DF041FBD4F8901004F1C8
S21401EE58F80002F0F3F920490868FFF709F94FF0BE
S21401EE68FF330B6094F8243043F0040384F824300D
S21401EE78B9F1000F07D0012120461DF0A5FB25F4A6
S21401EE88007506430D432B4632462046FFF752F9D6
S21401EE98FB070FD51149124A08680021136811604B
S21401EEA80121104A117003B198470F4B0021022027
S21401EEB85B68984717F00E0F08D04FF409723B218C
S21401EEC8002003B0BDE8F04304F062BC03B0BDE81F
S21401EED8F08300BFBC530020C46900201C530020E7
S21401EEE820530020F2620020BC69002008B5582291
S21401EEF800210648FEF754F91022FF210448FEF7C0
S21401EF084FF904F0D3F9002008BD00BFF43E00B065
S21401EF18383F00B073B574210C236D22A0F8141184
S21401EF28822180F824314FF6FF734FF0FF35C0E990
S21401EF3841120026C0F8002164220446838580F821
S21401EF482A301E4BC0E94322C36300F148034364D9
S21401EF581B4B80F82660C0E90C35C0F8A45005851F
S21401EF6803F060FA2046FFF7C1FF94F92610204601
S21401EF78FFF7ACF96023134A40F6FF71D3644FF0EC
S21401EF883A4211631167104A2946D36440220F4B4F
S21401EF9820461A64D4F89020FFF71AFA0E230022A6
S21401EFA8CDE9003340F202231046194603F056F81D
S21401EFB801F046F8304602B070BD00BF0700FFFFFB
S21401EFC8FFFF4000004000B8005000B8002002B81B
S21401EFD810B50C46FFF78AFFCCB1A378082B18D8D2
S21401EFE8E278082A15D843EA021313F0FF030CBF88
S21401EFF819466168084AC2F8F410217882F848115F
S21401F008617882F84B3182F8491104F04FF90020F3
S21401F01810BD2120FCE700BF003E00B0012A10B554
S21401F02812D8032B10D803EB82020123074C934016
S21401F03894F84A01DBB221B10343002084F84A312F
S21401F04810BD20EA0303F8E72120F9E7003E00B0E7
S21401F058044BD3F8F03E13F0806F14BF2320002032
S21401F068704700BF003000B00246F8B5B0F8284136
S21401F07800F1F805FFF7ECFF0B688E68013304BF53
S21401F088D2F800310B604B68013304BFD2F80C315B
S21401F0984B60771C3BD1D2F80831CF688B607E1C59
S21401F0A83CD1D2F804610F69CE60013704BFD2F8AB
S21401F0B8F8700F614F69013704BFD2F8FC704F61D1
S21401F0C88F69013704BFD2F810718F618F6967BBEA
S21401F0D8C0F1640408688C6110B16D2838BF6D20D2
S21401F0E8C2F808314B68C2E94006C2E943340B69E5
S21401F0F82846C2F8F8304B690F49C2F8FC30D1F8F7
S21401F108FC1007230D4A02F0A1FD0020F8BD04F10A
S21401F1186D031B1AB34238BF3346BEE704F17406C3
S21401F128361ABE4238BF3E46BDE76D34241ABC4285
S21401F13838BF3C46CEE700BF004F00B0A43F00B042
S21401F14870B521F076FE05460B4E00F03FFA012811
S21401F15805D0284621F068FE0224204670BDF368D3
S21401F16813F0706FF1D1F46814F08054EDD128468D
S21401F17821F05AFEF1E700BF000002B838B521F0C9
S21401F18858FE4FF6FF710A4A13888B4203D121F0C5
S21401F1984BFE0E2038BD074C074D1B046566A4F5CB
S21401F1A880546366118021F03FFE0020F2E700BF1D
S21401F1B8A46C0020006001B80000FFFF2DE9F743AA
S21401F1C804460F4615461E46FFF75CF838B3A38A71
S21401F1D82BB320461CF047FD78B9744BD3F8F02EB4
S21401F1E81EB10E2003B0BDE8F08302F03003102BE9
S21401F1F8F7D002F0C002402AF3D0DFF8E08102F02F
S21401F2085BFCD8F81430DE07EBD521F012FE064673
S21401F218032001F08BFB20B1304621F005FE0220C9
S21401F228E0E7D8F8142012F00608F5D1304621F0A8
S21401F238FBFD5E4B4FF400612046D3F8F09ED3F8F1
S21401F248D06E03F0EDFF40B14FF400720121584B28
S21401F25808461A6442461DF039F93946204604F034
S21401F26869FA524BC3F8F09EC3F8D06E0028B9D19C
S21401F27894F82430980601D4002D57D0C5F34000E1
S21401F28803F03AF9022315F4807F1FBF494A00218B
S21401F29813644FF03A420BBF454A916113645363B6
S21401F2A803F064F94FF4806315F0040F14BF424A63
S21401F2B8424A15F0400F53624FF004023C4B284671
S21401F2C81A644FF0400314BF3D4A3E4AC2F88830DC
S21401F2D8FEF7FEFE20461CF0F0FD38B14FF48073B1
S21401F2E815F0010F14BF334A314A1364A90646D5EF
S21401F2F84FF6FF72E38F93420FD0334A3349526E6B
S21401F308100CC2F301120132B3FBF2F308802A4A49
S21401F3182A492F481B0448665366003D18BF012535
S21401F32894F8243065F3451384F8243020461CF0FD
S21401F338BEFEF0B120461CF0C0FDD0B14FF400313E
S21401F348204603F06DFF431C03229BB2214801A906
S21401F3581CF04DFF9DF8042002F00703052B9DF8CD
S21401F368053015D112070DD443F480731A4AC2F832
S21401F378D830002003B0BDE8F0431CF045BFFFF7C6
S21401F388FDFECAE713F0040F09D19DF80630EBE736
S21401F39803F03002202A05D113F0010FF4E74FF4E9
S21401F3A88073E3E79DF80630E0E700BF003000B061
S21401F3B8002002B8001002B8005001B8006001B879
S21401F3C800D000B800E000B8004001B8A46C0020E6
S21401F3D80000FFFF0C0000BA003E00B000C001B8F4
S21401F3E82DE9F3410646884615461F4621F021FDBC
S21401F3F80446032001F09AFA38B1204621F014FD9C
S21401F4080E24204602B0BDE8F081042001F08EFAF1
S21401F4180028F2D1204621F007FD01232A4641465D
S21401F4283046FFF7CBFE04460028EAD1DFF8C8804D
S21401F4385FB388F8000039463046FEF76FFD0028AE
S21401F4484CD198F80030012B1CD02022244B1A648A
S21401F458244B9B6FB3F5817F1FD201201CF0EDFE74
S21401F46821F0E7FC204B06461B680193CBB901F057
S21401F478DDFA15F0800526D101F01CFB284603F0BD
S21401F4880FF825E003F022F8BBE798F80030012BC7
S21401F498F8D0002BD9D12124B3E78022134B1A6167
S21401F4A8DBE7042001F044F900230122042001A926
S21401F4B801F05CF90028DAD103F070F8212430460F
S21401F4C821F0B2FC9DE70022094B9A6701F0F2FA97
S21401F4D8084B01215B6800209847F0E7044690E74F
S21401F4E8001002B8003F00B00C530020000002B81C
S21401F4F800C001B8BC690020EF62002008B50B4BBC
S21401F508D3F84C114B1C10D011F080410DD1084B8B
S21401F5181B6813B10320FEF745FE4FF08062054BCA
S21401F528DA6401225A6102229A6208BD0080E00F5D
S21401F538BC530020001002B84FF40022034B186C8D
S21401F54803F500531A64C0F3C0407047000002B8C0
S21401F558024B586900F00100704700BF00C001B8AF
S21401F568084B5A69D10707D508B901F0BDB85B69D8
S21401F578DA0706D401F0AAB85B69DB0701D40028CC
S21401F588F8D1704700C001B84FF0806310B1024A45
S21401F59853617047014AFBE7001002B8002002B821
S21401F5A8202350B1064AC2F8F433064B196C11F001
S21401F5B8010104D1032002F093BA034AF3E7704726
S21401F5C8001002B800C002B8002002B80F4BDB6872
S21401F5D8C3F30363013B0B2B0FD8DFE803F00606E2
S21401F5E80C06060606080A080808022070470420C2
S21401F5F870470520704703207047054B5B6913F079
S21401F608060F0CBF01200420704700BF000002B897
S21401F61800C001B8094AD368C3F303630B2B08D0AB
S21401F6286FF49050184100F0010080F0010040008E
S21401F6387047106C10F48030EDD17047000002B8A6
S21401F6480C4AD368C3F30363062B07D8042BD8B236
S21401F6580BD8C31E5842584140007047072B06D1A5
S21401F668D2F844010028ECD17047022070470020E8
S21401F678704700BF000002B8094BDB68C3F3036399
S21401F6889A1E012A8CBF00220122012B02701EBF7E
S21401F6984FF4026222FA03F303F001030B7070477A
S21401F6A8000002B8094AD368C3F30363032B01D0E9
S21401F6B8072B08D1536CDB0605D4906C80F0080044
S21401F6C8C0F3C00070470020704700BF000002B8B2
S21401F6D8024B002219681CF0CDBC00BFDCD6040022
S21401F6E810B5FF224FF6FF7104461CF0E3FC68B91B
S21401F6F8FF224FF6FF7120461CF0EDFC30B920467C
S21401F708BDE81040FF2202491CF0F7BC10BD00BF3F
S21401F718A4D6040010B55B0743EA02439DF8082007
S21401F72843EAC163520502F0BC621A43064942F431
S21401F738C872044603F060FD002220461146FFF712
S21401F74887F9002010BD00BF9007E12D37B50C469C
S21401F7580546094A09490A4801F038FB94F8283051
S21401F7682846009394F82B3094F8292094F82A1008
S21401F778FFF7D0FF03B030BD40D7040048D70400D8
S21401F78810D7040008B5FFF78DFF88B1094BDA6971
S21401F79812030DD5186C10F4003009D19B6C13F0C8
S21401F7A8100F4FF010030CBF034A044A936408BDB8
S21401F7B80220FCE7000002B8001002B8002002B8D8
S21401F7C8034610B500B3124AD16909031ED5546C15
S21401F7D8C4F38114032C15D0022C17D122460D49E7
S21401F7E8B1F8D40001F10061801A01F535710144C0
S21401F7F81846FDF765FE064A0472926C120A4272B2
S21401F808002010BD0822EAE72120FAE70220F8E7DF
S21401F818000002B8003E00B00A68064B12F0802FBE
S21401F8281CBF42F20101C3F82812C3F88822C3F8A4
S21401F8388C227047004001B8F0B585B06C460E467C
S21401F8480B4B074615460FCB84E80F00094BD3F838
S21401F8584822009226B16B1EDBB2FD2B88BF3260B0
S21401F8682A46214638461CF066FC05B0F0BD00BFA6
S21401F878ACD604000080E00FF0B585B06E460D4B9F
S21401F88807460D460FCB86E80F001CF06AFC31468A
S21401F8980446024638461CF0B0FD4DB140B9FF2C6F
S21401F8A81BBF04AB03EB8404009B54F8103C2B608D
S21401F8B805B0F0BDACD6040030B50823054685B0C2
S21401F8C880B9094AC2F8FC3351B96C46074B0FCBCD
S21401F8D884E80F00064B2A4621461868FFF7ACFF56
S21401F8E805B030BD034AEDE7001002B8BCD60400E7
S21401F8F8BC530020002002B84FF03A43D3F8142135
S21401F908D2031ED54FF480320E49C1F81421A1F551
S21401F9188051C1F818215A6DD1B2C2F30722C3F833
S21401F928A410C3F8A4200422C3F8A4200022C3F814
S21401F938A420C3F8A420C3F8A420C3F8A420C3F8BD
S21401F948A4207047002000BAF0220B4B01219A64CC
S21401F958A022A3F580539A644FF03A43426CC3F849
S21401F968F410FC21C3F8CC10C3F8D0204FF4005291
S21401F978C3F8F020704700BF006000B8F8B50D4620
S21401F9884FF03A441746064621F053FA012304215C
S21401F998074A6363E76026616561C2F81411054A80
S21401F9A8C2F8843121F040FA0DB102236363F8BD31
S21401F9B8002000BA00E100E02DE9F04105460124E7
S21401F9C8006800F00700063004FA00F3A868EC683F
S21401F9D85E1EA04262D000EA060E6C6810441E4302
S21401F9E80640A3EB0E000EEB040C8242644618D9BF
S21401F9F8D31A0EEB030298B1431E052B04D94B1CF0
S21401FA08ACEB0303022B59D80B460844ACEB010EAA
S21401FA1803EB0E0113F8014B83420C70F8D1014633
S21401FA286C688AB1531E052B01F1010302D9E01A4D
S21401FA38022812D80A44611E00E0013313F8010CAB
S21401FA48934201F8010FF8D121F0F3F90223AE60D1
S21401FA58AB62BDE8F04121F0E7B90B46204622F03B
S21401FA68030E8E4453F804CB734540F804CBF9D102
S21401FA7822F00303D01A920701EB030C04EB0307E9
S21401FA88E2D0CA5C0128E254DED09CF80130022894
S21401FA987B70D9D09CF80230BB70D5E7042A35D9DB
S21401FAA80878043AA86148780431A86111F8020C6C
S21401FAB8A86111F8010CA861A8688CE70B4620F02C
S21401FAC803070F44ACEB010E1C684EF803400433E1
S21401FAD8BB42F9D120F0030310F0030F01EB030E2C
S21401FAE8A0EB03040CEB030728D011F80380012CC4
S21401FAF80CF8038022D09EF80130022C7B7018BFC8
S21401FB089EF80230084418BFBB7088E7013A032AFA
S21401FB1812D8DFE802F00F1507020B4613F8012B7F
S21401FB281946AA610A4612F8013BAB61114611F85B
S21401FB38013BAB610B78AB61BDE8F08108446EE729
S21401FB480A46F3E738B50B46154601464FF03A44E0
S21401FB5868B101221048C4F8F4201A46FFF72CFFB2
S21401FB6825B14FF03A430422C3F8F42038BD73B1E7
S21401FB78D4F8D8209A4284BF0122C4F8F4204FF062
S21401FB883A42C2F8D4300223C2F8F430E8E7012337
S21401FB98C4F8F430E4E700BFCC0000BA38B5044630
S21401FBA821F047F94FF03A420121238F0546516764
S21401FBB84BB3B3FA83F3C3F11903DBB2A069C2F8F6
S21401FBC8B410C2F88C300723C2F89000C2F8B030DF
S21401FBD84FF4A02302F50052C2F81431A2F5805260
S21401FBE8C2F8183100220C4B1A600C4B1B6C5B02D6
S21401FBF809D54FF480020A4B04F1F8001A64D4F8C8
S21401FC08901001F01BFB0023638707232846A38770
S21401FC18BDE8384021F008B928530020000002B892
S21401FC28002002B82DE9F84305460C46B1B1D0F8D4
S21401FC381880078F21F0FDF8B5F83AC0791E01EA59
S21401FC480C0323F00702032C0646DFF8F8E04244CB
S21401FC585ED1DEF8004024B921F0E6F80E20BDE8B2
S21401FC68F88324F00104DEF8000020F00100A04229
S21401FC7853D10023CEF80030238894426FEA4343D9
S21401FC886FEA534323803ED1AB8F08EB070918462A
S21401FC98083880B202F108044C4528BF44460828B3
S21401FCA804D9B4F800E0BEF5804F40D263440F4350
S21401FCB81B1A3B409BB26B87A887947811884FF034
S21401FCC83A42C1F30C019165C2F89830C2F8B00007
S21401FCD84FF48022174B04F00704C3F814210122BD
S21401FCE8154BC3F88421FFF707FE042C0BD14FF4FC
S21401FCF88002124B05F1F8001B6C114B1A64D5F8FB
S21401FD08901001F09BFA304621F08EF80020A6E705
S21401FD18601E012898BF1446A5E7A88F4344E31A36
S21401FD2848BFDB1908389842A6DC304694E72246D5
S21401FD38AEE700BF002000BA00E100E0000002B80C
S21401FD48002002B828530020154B10B519688A8F71
S21401FD584B8F088F13440138073B8C69034023F007
S21401FD6807031C4402F108034FF03A429BB28B8703
S21401FD78C2F8B0304FF480220A4BC3F8142101228E
S21401FD88094BC3F88421A07800F00700042803D1A2
S21401FD98064AD3681B03FCD4054B1C6010BD00BF84
S21401FDA8BC530020002000BA00E100E0000002B8C1
S21401FDB82853002010B5064C216839B1CB0703D467
S21401FDC8044B1868FFF72EFF0023236010BD00BF01
S21401FDD828530020BC5300204FF480320C4B0D49A9
S21401FDE8C3F818214FF03A43C1F81421D3F8AC10E0
S21401FDF8D3F88C20012302F0070206329340C1F3A0
S21401FE080C01083B994201D8FFF776BD704700BF41
S21401FE18002000BA001000BA2DE9F04780460C46CB
S21401FE2816468769058F21F004F8B8F83A2005F1D7
S21401FE38FF3C02EA0C0323F00701032C82463944EF
S21401FE48B8F83C0019D14A4C24689CB90244073AD0
S21401FE5802EA0C0222F00702BC183B44E31A48BF28
S21401FE685B19834210DB504620F0DEFF0024204653
S21401FE78BDE8F08724F00104EFE7012C02D0022C3C
S21401FE88EBD108380C46E8E7002E3FD08C4241D12A
S21401FE984FF03A42D2F858904FF03A41D1F8AC2098
S21401FEA8B8F81270C2F30C02934247DA2588B5F502
S21401FEB8804FD8D2A378C5F30C0503F007037A1E42
S21401FEC8A5EB09053A43052B337005EA02052DD83B
S21401FED82DB2E84340F241420421C00F03F058FC1A
S21401FEE87580E3783374D8F81C207B1E03EA09036F
S21401FEF8D118B160A9B213FA85F5AF422FBF002316
S21401FF08FF1AB780F26024BFB180F360504620F034
S21401FF188BFFACE7A4F10802974284BFED0802EB19
S21401FF28C502B2F80090C9F30C09B5E7114B5B6D31
S21401FF38003B18BF0123A5EBC305C9E74B6D7A1E25
S21401FF48A3EB09033A431A400B4915B2002DCB68B7
S21401FF580BDCC3F30363D81E43424341DB00337013
S21401FF688B6C72801B0A3374BDE70823F7E700BF62
S21401FF7828530020004000B8000002B8054BA8220C
S21401FF88D3F84C013121431C0CBF0120C0F380700B
S21401FF9803F0FEBB0080E00F38B5134D0446297800
S21401FFA819B920221148FDF7FBF86188104A237811
S21401FFB85180002113700F4A022BC2F8CC104FF063
S21401FFC8FF010D4A0D4B11704FF007010C4A4FF017
S21401FFD80000C2F8FC130CBF04220122C3F8FC235C
S21401FFE801232B7038BD00BFF3620020E03F00B04C
S21401FFF8A66C0020004001B8256D0020001002B84C
S214020008002002B8034B1A6802609B88838000208F
S214020018704700BFA66C002010B5044600F03AFFF1
S214020028064BD3F8F83724B983F40033C3F34040B9
S21402003810BDA31E58425841FAE700BF000002B896
S2140200484FF63F720A4BD3F8FC37934206D0094A5A
S214020058C3F301131370E022074B1A7041F66A02C3
S214020068064B1B68B3FBF2F3054A1360704700BFE2
S214020078000002B8266D0020276D00204853002095
S2140200882C53002020B1022804D1034B187870475D
S214020098024BFBE700207047266D0020276D0020E4
S2140200A82DE9F74FD0F8A4204C21022A38BF0222A5
S2140200B8064690F824B16B48013A036AD0F8CC5049
S2140200C86948C3F38213D9400368DFF8C0A1934294
S2140200D8DFF8BC91654BDFF8BC8101F0010116D14F
S2140200E81C788C4213D19AF800405C450FD1D6F89A
S2140200F8A84064B1AC420AD196F8295099F8004053
S214020108A54204D1B8F8040003B0BDE8F08F98F809
S2140201180040026020461970FFF7B4FF002900F07D
S214020128888004234FF07F4000255149C1F8B83033
S214020138504BC3F8B80096F829301B06C1F8B830F9
S2140201484FF080514A4B2C04C3F8B41040F2712188
S214020158494B1B68B3FBF1F319215343182BB3FB26
S214020168F1F173D8002C7BD0B4FA84F2C2F12002E3
S214020178C2F10F03012B38BF0123D440A14201D29A
S214020188013B64086A1C03F01F0152008A403B4F79
S214020198121B9208C7F8B0201A0242EA0312134347
S2140201A8019305EB052305EB0325354B40F697022D
S2140201B818682B21003818BF012003F0E9FAFA2242
S2140201C82F4B02FB04F01B6840F6FF72B0FBF3F0FD
S2140201D80A2358432B4B00F57A74C3F8C420019AB5
S2140201E8A3F58053C3F8C420A3F58053C3F8CC50B4
S2140201F8D3F8CC3000F58C50C7F8FC30C6F8A850B7
S214020208214D14302C6001F0ABFC4FF47A72C7F81B
S214020218A400C7F8F8002B68B4FBF2F0B3FBF2F3BD
S214020228A8F8043096F829308AF800B089F8003021
S2140202386AE7002C14BF1025202596F82930834239
S21402024894BFED182D1805F0FF0579E7B1FA81F28B
S21402025834B1B4FA84F3D21A002A89DC0F238DE764
S2140202680F238FE7004001B8CC690020F462002013
S214020278001002B8002002B848530020003F00B021
S2140202882C530020006001B830530020246D002053
S214020298236D0020A66C002010B5114B01461B7872
S2140202A8104C0C2B02D1FF20207010BD18461BF0F4
S2140202B8B1FF02461846FFF7E5FE884228BF084601
S2140202C8C0B2904238BF10462378C0B28342ECD000
S2140202D8054B20701868FFF7E3FE2078E5E700BFB5
S2140202E8A66C0020256D0020BC53002010B50446DD
S2140202F803F066F878B1154B1B786BB964B1144BEA
S2140203081B784BB1134B1B78013B012B04D84FF4D7
S2140203180042114BDA6410BD104BDB6C1B04FAD496
S21402032820F087FD044602F021F94FF400420C4BF8
S2140203382046BDE81040DA6402220A4BC3F87C2441
S2140203480422054B1A6420F06FBD00BFF562002038
S214020358F662002034530020002002B8000002B8DB
S214020368001002B800D003500122024B00201A7077
S214020378FFF7BCBFF56200200022024B01201A706C
S214020388FFF7B4BFF56200204FF48022014B9A644F
S214020398704700BF005000B8F7B50646544C00F048
S2140203A879FD01213A20EBF757FC524B2578524F3C
S2140203B81E7085BB2846FFF799FF2378013B012B61
S2140203C819D8E37B01A88DF80430237C8DF8053014
S2140203D8E9F748FCC7F87C544FF6FF72474BC3F858
S2140203E88420F822A3F58053C3F884200022424BC7
S2140203F8C3F87C240DE04FF6FF72404BC7F87C54D6
S214020408C3F88420F822A3F58053C3F88420C7F8DB
S2140204187C543B4B5BE00020FFF768FF2378013BE8
S214020428012B08D8E37B01A88DF80430237C8DF8CD
S2140204380530E9F717FC0023C7F87C34002ECBD02A
S21402044862685AB32F4B1B6803EB5203B3FBF2F3F3
S214020458013B1B0243F0F80326782849022E2A4A53
S2140204681ED0032E4FF6FF75234826D0012E38D10C
S21402047843F00203C1F88450C2F884300723C0F858
S2140204887C34E37B01A88DF80430237C8DF8053094
S214020498E9F7BCFB0120FFF729FF17E0F823DBE7A3
S2140204A84FF6FF7043F00103C1F88400C2F88430A7
S2140204B80622114BC3F87C24E3E743F00503C1F890
S2140204C88450C2F884300423C0F87C340F4B4FF0B3
S2140204D880420020DA644FF480220B4B9A6403B001
S2140204E8F0BDC1F88450C2F884300023ECE700BFA0
S2140204F834530020F662002000C00350006000B8A3
S214020508002002B848530020005000B8001002B875
S214020518F0B52B4F06463D4604460FCE0FC5336848
S21402052885B02B6000F0B6FC01213A20EBF794FB6D
S2140205380022244BC3F87C24A17A627A42EA01425A
S214020548C3F88824217CE27B42EA0142C3F8842469
S214020558217B627B41EA0240C3F880043B78032B86
S2140205682AD8DFE803F022020C178DF804100421BB
S2140205788DF805200DEB01000022E9F713FBE37B5B
S21402058800228DF80830237C042102A88DF8093051
S214020598E9F708FB637A01228DF80C30A37A042166
S2140205A803A88DF80D30E9F7FDFA074B187805B061
S2140205B8BDE8F040FFF7F0BE212005B0F0BD00BF51
S2140205C83453002000C00350F6620020034BDB6C55
S2140205D8002BBCBF024BC3F888007047000002B865
S2140205E8004000B82DE9F04700F0AEFC4FF47A76EA
S2140205F82D4BB0FBF6F618604FF4FA7373430746B2
S2140206082A48190E1B021818294A4FF0000341F10E
S2140206180001FCF759FA274BA0F5807205461A63C3
S21402062820B948222B2103F0B3F801254FF47A7239
S2140206384FF0000A6A43534650083102FCF744FA60
S2140206481C4B1D4AB7F57A7F9A601C4B4FEA056821
S21402065819601B4B8946044618604FEA152505D2D1
S2140206689B222B21504603F093F801264FF47A7307
S214020678A8FB030103FB05117308C01841F100012A
S21402068800233246FCF720FA0E4B023419600E4B52
S21402069849F10009A408186044EA8974054B013C2C
S2140206A89C63BDE8F08700BF4853002020A10700DE
S2140206B840420F0000C001B8021101005853002042
S2140206C854530020505300204C5300201022044B51
S2140206D8C3F884215A600122024BDA60704700BFD1
S2140206E800E100E000C001B81022064BC3F88421DE
S2140206F8C3F88420BFF34F8FBFF36F8F0422024BD9
S214020708DA60704700E100E000C001B810B50446A0
S214020718A242A2EB0000A3EB010104D2034B01396B
S2140207289B6B0133184401F0030110BD00C001B8E9
S21402073838B501250A4B02019D504FF480730446D2
S214020748084A8340536620F074FB074AA54013788C
S21402075823EA05031370BDE8384020F065BB00BFE6
S21402076800E101B800E001B8FF6200202DE9F84F69
S214020778164605468A461F4620F05BFB022E00F008
S2140207889180804620F062FB5A4B5B4AD3F8209051
S21402079892F891405A6EE4B2520744BFD3F82090BA
S2140207A8013404F0030420F04CFB4846214600F0CE
S2140207B82FFA8446DAF80000012E04BF013060449E
S2140207C8ACEB000C08BFCAF80000BCF1804F7DD322
S2140207D800F030FA8145A1EB040188BF454BDFF8EB
S2140207E838C188BF01F1FF3101F0030188BF9B6B56
S2140207F8A0EB090E0CF80510A1B1F90742BF41F6A5
S2140208081F723E4B5A67BA0742BF3C4B3C4A5A676E
S2140208187B0742BF0022374B9A673C0742BF00223B
S214020828344B9A6511244FF0010A324B05F1100237
S214020838120103EB051BCBF80C0132499C501A6ACD
S2140208480AFA05F4586E0B78A2EB0902E4B22343BF
S21402085872450B7025D34FF48073AB40034220D108
S2140208681CF80520002A40D10EB3274AF80753661B
S21402087807D541F61F7140F20110204B59675067A1
S2140208885967B90706D51D4B1D4A1F491F485A679F
S21402089848675A677A0742BF01221D4B1A613B070F
S2140208A81AD4404620F0C0FA0120BDE8F88F194A4B
S2140208B82D0142F805A042F89C3C20F0BAFA1149EC
S2140208C80B7823EA04030B7020F0AEFA404620F0B9
S2140208D8ABFA0020BDE8F88F2120FFF777FE4FF429
S2140208E88032044B4046DA60DCE7074A40465366E5
S2140208F8D8E700BF00C001B8003E00B000E001B86B
S21402090800001F1FFF62002000D001B8000001018E
S214020918000002B800E101B8F7620020024B18781E
S214020928003818BF01207047FF620020034B1030C2
S2140209380001185800F00100704700BF00C001B857
S21402094870B50646FEF704FE044608B1FFF7CCFE6D
S21402095800230A4D3046AB61EB612B6200F06AF960
S214020968074BC9B283F8911028622CB1FFF7AEFE86
S2140209784FF08062034B1A64002070BD00C001B8B5
S214020988003E00B0002002B82DE9F0419DF818801C
S2140209980D46B8F1000F08BF0022214EB5F5803F7C
S2140209A8B168074621F4700141F4A001B1609DF8D0
S2140209B820409DF81C104FEA042444EA016444EAE5
S2140209C8031444EA084444EA02044FF0180140F2C9
S2140209D8E9222CBF00200120746502F0D9FE356496
S2140209E8B8F1000F1AD00F4BBC68D3F888306D2CBC
S2140209F838BF6D245B0606D500F082FB18B10A4B99
S214020A08B3FBF0F31C44204600F014F9013085428B
S214020A1838BF0022024B34BF5A645864BDE8F081DE
S214020A2800C001B800C000B800093D0038B51A4B2E
S214020A385D6C35BB10242020FFF7C8FD174B9C6061
S214020A4802F04EFB2022164BC3F8842101F0D2FC9A
S214020A5848B12A4600200821FEF7D4F9114B5C66F5
S214020A68A3F580531C67104AD36803F07063B3F18A
S214020A78807FF9D9084B0D4A5A6741F201429A67B4
S214020A8838BD01F0B7FC0028F4D0094B054A536676
S214020A98A2F580521367EDE700C001B8001002B84D
S214020AA800E100E000E001B8000002B8011B0118EE
S214020AB81000002008B52120FFF788FD4FF4803289
S214020AC8014BDA6008BD00BF00C001B8F8B5184D82
S214020AD804466B6A1B0426D500F086FB6B6AA0FBED
S214020AE8044613F0787F4FEA9367C3F34450C3F380
S214020AF8044505D140F25A422B2102F049FE012054
S214020B08AD01B5FBF0F010EB871005D140F25F425D
S214020B182B2102F03DFE01200246002320463146E4
S214020B28FBF7D2FFF8BD00F0EBFAA0FB0401F9E7E9
S214020B3800C000B80246012030B50B4CA0F12003D5
S214020B48C0F1200524FA05F504FA03F32B4304FA48
S214020B5800F595428B4100D330BD0F2801D00130F5
S214020B68ECE7FF20F8E700BF40420F0010B50C463E
S214020B78FFF7ACFFC30943EA4163C01A61EBD11120
S214020B88FFF7D8FFFF2814D00F220C4B40F01000B6
S214020B98C3F88820A3F58053C3F88800A3F58053CA
S214020BA85B6ADBB2802B06D02046BDE8104000F018
S214020BB807BB212010BD0220FCE700BF00E000B8FA
S214020BC838B520F043F9084B084A1D6A92F8914056
S214020BD85A6EE4B2520744BF1D6A013420F031F956
S214020BE8284604F0030138BD00C001B8003E00B034
S214020BF80346064A103302EB00111B01D1F80C011A
S214020C08D158C1F340011BF023BB00BF00C001B896
S214020C18064B1B68434303EB8171054B1B68A3FB1A
S214020C28003013F1004341EB000070475053002098
S214020C384C5300200C4A20F04043014610B50020D1
S214020C4814684FF00042E4FB0320084A890F126832
S214020C5802FB0300064B9B6B984204D90133013111
S214020C68C01A01F0030110BD545300205853002047
S214020C7800C001B8044B01F0F071103041F00301D6
S214020C8800011950704700BF00C001B808B52220FD
S214020C98FFF79CFC4FF48022014BDA6008BD00BFC8
S214020CA800C001B870B51646054600B3F9B1F2B1F0
S214020CB84268104B006803321B68920800F1304005
S214020CC89847044688B9EA68A86803323146920803
S214020CD800F130401BF0D5FA044630B9D5E90402D3
S214020CE8214600F13040FCF75BFA204670BD21240D
S214020CF8FBE700BFD469002070B50C68651C15D0E8
S214020D08C4F302669E42C4F3074530D1A4B29442A5
S214020D182DD804EB8506B24229D2141BA50824F066
S214020D2803040E59340F04D0012C08D000222124C3
S214020D3802E06B1C51F82320C0E9002470BD0E4C5B
S214020D4834F8133042EA03431A686B1C51F82340FE
S214020D5801EB83014B6822405E4036F0704404D1B2
S214020D681B0F032B04BF8B681A430024E4E70135E4
S214020D7801EB8501C1E700BFD4D6040007B501A878
S214020D88EBF766FF9DF80530022B02BF40220B4B9D
S214020D98C3F8FC23C8220A4B5A650A4B0A4AD3F8F8
S214020DA86032DBB2FF2B08BF03239B0043F47F535A
S214020DB8C2F8F83303B05DF804FB00BF001002B8AF
S214020DC8008001B80080E00F000002B8836810B403
S214020DD8074C03F1304324681B689C4203D15DF834
S214020DE8044BFFF75FBF00205DF8044B704700BF57
S214020DF8E86900200022012108B51E4B1A645A64CD
S214020E089A641D4A516102219162DA68C2F303624A
S214020E180D2A01D0002AF8D1112218499A631848D7
S214020E28184AFFF73FFF00F0E9FF174A93685BB9D5
S214020E38164A93689BB94FF080620F4B5A6101229B
S214020E4803F580535A6108BD1149D268096803F14F
S214020E583043032AECD943F8041B043AF9E70C4951
S214020E68D268096803F13043032AE4D943F8041B1D
S214020E78043AF9E7000002B8001002B840DC0400A1
S214020E8828D7040044D7040010D70400F8D6040074
S214020E98E8690020012341F6FF710D4AC2F8803244
S214020EA891660C4A53600C4A53600C4A5360A2F58A
S214020EB880425360A2F54042536002F5C032536046
S214020EC802F580425360A2F500425360704700BFA5
S214020ED80090005000D000B8001000BA005001B8C8
S214020EE838B50324FFF7D6FF114A124B124DDA64BF
S214020EF8FFF744FF114BC3F8E0400123EB6400F010
S214020F08DBFD4FF460736B614FF40073EB641BF008
S214020F1828F90021FEF7D0FC8022094B1C64A3F5B1
S214020F2880535C64074BC3F884215A6038BD00BFFF
S214020F380048F000000002B8001002B8005001B8DD
S214020F4800A002B800E100E008B51EF00BF8044B5A
S214020F581B6FC3F300430133B0FBF3F008BD00BFB9
S214020F680080005070B5044698B1B1B13A4A52F8BA
S214020F78043B834213D10023384A116CC907FCD4B8
S214020F88374800EB83001BF085F9364B10600122C8
S214020F981A6470BD01330C2B02D1334D2CE00123A9
S214020FA852F8041BA142F5D1304A32F81330E3E76F
S214020FB8C2F3016335F81300110C93B211F0FE0F59
S214020FC843EA0043606820D00434CAB2022A216881
S214020FD808D9D4E90160033AC3E9001698600C34CC
S214020FE80C33F3E704D16268C3E90012083403E05D
S214020FF8012A01D1043419602268531CD8D1002270
S214021008164B1A6003F58053C1E7120F072AEDD86C
S214021018DFE802F00704090D1013181DC04303F594
S21402102800531860E2E71A6842401A60DEE703F5E2
S2140210388053F6E71BF001F9D8E7012203F580533F
S2140210488240F2E7012203F500538240EDE71A6870
S21402105830EA0202FBD1C9E75C53002000C002B89E
S214021068404000B000D002B8D4D60400965B0020F8
S2140210780122014BDA647047001002B80122014BC4
S214021088DA647047002002B84022014BDA647047DF
S214021098002002B84022014BDA647047001002B8FA
S2140210A80B4B1B68D3F8E43023B11A68022A01D91D
S2140210B8186A7047074B9A6D90B238B1064BC2F35E
S2140210C807421B68DB085343B3FBF0F0704700BFC8
S2140210D8BC530020004001B848530020064BDB688A
S2140210E8C3F30363984206D1044A936E23F0F003CF
S2140210F843EA011191667047000002B8003F00B04B
S214021108054B1B68D3F8E43013B11A680A2A01D8CB
S214021118FFF7C6BF186C7047BC5300202DE9F7438B
S21402112806461BF083F800248046DFF890901FF0EE
S21402113880FE0DF1070105460DF10600FEF79CFA42
S2140211489DF806308BB9721C29D01BF06FF8A0EBFD
S214021158080428461FF068FE9DF8063013B99DF865
S21402116807303BB3A642E2D824E0D9F80C3013F491
S214021178603FE8D0D9F818001BF0DFF8731C074662
S21402118803D01BF053F8A0EB080428461FF04CFEC9
S21402119817F5007FE0D0384603B0BDE8F08328464E
S2140211A81FF042FE9DF80630002BC0D19DF807308E
S2140211B8002BBCD1004FEEE700FEFFFF00C000B8D0
S2140211C810F1800F04D04D28CEBF7F20323040B2B7
S2140211D8FF22044BC0B25A62A3F58053586200201D
S2140211E8704700BF00E000B80B4A10B5136E0B4CF0
S2140211F8116E03F00703E35CC1F3CD0101FB033371
S214021208126E0748C2F3454202FB033300688001A8
S214021218B0FBF3F010BD00BF004001B8CCD6040006
S21402122848530020044BD3F8AC3010B1C3F3033252
S214021238027003F00F007047000002B8094B01F075
S21402124880011B6C03F480030B4309D14FF4001290
S214021258054B1A62837F1BB10122044BC3F8002197
S214021268704700BF000002B8006001B8005001B81D
S2140212782DE9F04F404F804685B038680C461AF084
S214021288F2FC20B90024204605B0BDE8F08F2246BD
S21402129800214046FBF784FF384B5D6915F00105CF
S2140212A8F0D102F019F906460028EBD03F68384616
S2140212B81BF05AF94FF6FF73984234D04FF060513C
S2140212C82F4E304B304AD3F82090D6F88C30116225
S2140212D84FF00061A2F58052116224220421C6F85A
S2140212E88C202A4A4FF4804B91604FF48052002794
S2140212F8DFF8A4A0CAF868B0F262A7421ED3042197
S214021308234A9160A2F5F032C2F88C304FF0605250
S2140213181D4B1A6209EA02031E4A13624FF4804200
S2140213281D4B9A66AFE7314638461BF0C1F80146B0
S214021338384602F0FFF90028C0D0A3E7B26E51047F
S214021348FCD5B268D205F9D5CAF868B0D6F89020A6
S2140213580135012D0392D0D9E21B042AA8BF042224
S21402136808EB070003A901930092FCF7A9F8009A74
S214021378019B3A4497B2C0E7BC530020000002B86B
S214021388004000B8004001B8006001B8001002B87A
S214021398002002B8005001B8006000B84FF60401F9
S2140213A84FF60502044B01201B6C9BB28B4208BF0A
S2140213B81346024A136670470080E00F00C001B861
S2140213C82DE9F74F81460F464FF0FF35FFF7F8FB3A
S2140213D8002601908A462C463046DFF8D8B006F139
S2140213E810031B015BF8033003F00308B8F1010F82
S2140213F815D13046FFF7FCFB02460B4601985146CC
S214021408FFF784F9DBF8643006F10802D340DB07FD
S21402141839D5002F40D000252C463E60404601367E
S214021428082EDCD160B3234A0027D2F808C0916B95
S2140214380CF440330131A4FB0141641941F1000167
S214021448B3F5003F30D1536B0CF4405C013347F1DF
S2140214580006BCF5805F22D1156B15F5807505FB75
S21402146806F647F1000203FB0266A5FB0332324486
S214021478594304FB0212A3FB04341444C9E900349A
S21402148803B0BDE8F08FA84271EB0403C6D207B1D9
S2140214983E6005460C46C1E73D463C46BEE732027C
S2140214A842EA13621B02E3E7136B13F5807347F1F4
S2140214B80002DDE700C001B808B51AF052FF0122A3
S2140214C8054B93F88D3002335B00DBB202FA03F366
S2140214D8024A536108BD00BF003E00B0002000B8B3
S2140214E82DE9F34105460F4668461146FFF768FFA1
S2140214F80646B0B1AFB1DDE900321B0A43EA026321
S214021508A5FB0384094B120A05FB02441A6812B9A2
S214021518FFF71AFD0246002340462146FBF7D4FA97
S2140215283860304602B0BDE8F08100BF485300205C
S2140215384FF00052014B1A60704700BF00E100E00E
S2140215484FF00052034BC3F88020BFF34F8FBFF310
S2140215586F8F704700E100E0F8B50B46002213F8DB
S214021568044B944225D91D68854224D106245A790B
S2140215781D79124B88181E6804FB0503104F33F8B2
S214021588063C7B43B3420ED900238A5A7A439642D4
S21402159802D804FB0300F8BD9D42FAD9013304FBC6
S2140215A803F2825AF2E740F244423D21002002F05A
S2140215B8EFF80020EFE708330132D2E78C53002019
S2140215C840420F0000202DE9F84FA2FB018BC74EC0
S2140215D8C74F18EB060699466BF10003B74270EB45
S2140215E8030307D240F23E220E2102F0D1F802206F
S2140215F8BDE8F88FD9F814A00C461546BAF1000FC4
S21402160804D0DAF80030032B00F21B81B94BBA4A31
S2140216189F6BA3F58043D3F8EC30C7F314075E003C
S214021628B64B48BF47F400171B6ED2F8FCA0580703
S2140216384EBF4FF440039B0503F0E0731F43B04BC5
S214021648D3F8E430990748BF47F0807747EA4567FA
S2140216581DF0BCFC012D0646C9D10028C7D0A94BEF
S214021668984200F0FD8003F5122303F5F8639842CA
S21402167800F05A81A44B984200F0A7810025024642
S2140216882B4600204FF00071FBF71EFA2B4601305E
S21402169808FB03F3C7F3130100FB0B33A1FB066237
S2140216A8A8FB008001FB0522034420339B09C9F8E6
S2140216B80030F60C954B46EA4236FA021C6058BFD2
S2140216C87642934B934D34441E602C60BAF1000F59
S2140216D800F00881FB014FF000038F49C7F38152DF
S2140216E88A5C194648BF6408002EB8BF764292063E
S2140216F86008C2FB06012246FBF7E6F9DAF8001094
S2140217080E2908D97D4B7B4A926BDE69D3F80C31D9
S214021718F60600F12881C0F3130017F40017C9F87B
S214021728040014BFC42040F207107C4ADAF8186096
S214021738A2FB04C24FEA521200FB02F24FF4FA73FB
S214021748B2FBF6F218BF002702FB03F3A4FB00C0A5
S214021758FA33A3FB063604FB07006345864138BF07
S2140217680132D2B242F4006CC9F808C0002A00F06E
S214021778BB80DAF81C70A2FB070624B1B4FA84F31D
S2140217880E2B40F3D880E303002E40F0D180B3FB43
S214021798F0F6700000FB0220A0FB07834FEA044E17
S2140217A8C6454FEA144474EB030309D352001044A7
S2140217B8A7FB0083C64574EB030306F10106F6D2BF
S2140217C8C6F30E034CEA033C4CF000630629C9F83C
S2140217D8083049D9DAF83030002B45D00023C9F84A
S2140217E80C30C9F810301DF0F1FBDAF83010FFF7AC
S2140217F8B3FE044618B18378002B40F0CC801DF067
S214021808ABFBDAF83010FFF7A7FE0446002869D0CB
S2140218188378002B66D040794FF4AE62003818BF42
S21402182801203D2101F0B4FF207940F271520038C0
S2140218384FF03D0118BF012001F0AAFF2379627913
S2140218484BE0042BDAF828707FF402AFFB014CBF9A
S2140218584FF4400307F0E07327F0E0771F43F7E6FC
S21402186800232F481D4613E71DF0B0FB2C68002CFA
S21402187800F0AF80B4FA84F3D3F1020358BFDC4019
S214021888284B9C4288BF6408002875D0B4FBF0F346
S214021898642100FB134201FB02F2904203F1FF327D
S2140218A800F2A6805D085308013D1B0243EA0515AF
S2140218B8C9F80C501DF056FB002800F09080B4FBC7
S2140218C8F0F2642100FB124401FB04F4A04200F289
S2140218D88D80531E52085B08013A1B0243EA021324
S2140218E8C9F81030002083E6212081E6006CCA88F9
S2140218F8807C814A008001B8004F00B0004001B8E1
S214021908000002B800F04902005A6202945300200E
S214021918905300208C530020E0D60400D34D62106A
S2140219280A3BB2DF3FBE4025002335481D46AFE6D8
S2140219381046002630E7C3F10F0E03F1110806FA27
S21402194808F820FA0EF040EA0800AEF1200826FA57
S21402195808F840EA080026FA0EFE013004FA03F3F5
S2140219684EF1000610E702F4801203F400131A433D
S21402197808BFC0F58010CEE6631EA51E5B086D087C
S214021988013B2D0245EA031540F2C2422B210020F4
S21402199801F0FEFE8CE7407940F25552003818BF37
S2140219A801203D2101F0F4FE207940F2565200381B
S2140219B818BF01203D2101F0EBFE237962791B0254
S2140219C843EA0213C9F80C3019E700230D481D46EE
S2140219D85EE66FF01F0500287FF46AAFD4E740F290
S2140219E8E5422B2101F0D4FE621E72E71446FBE79D
S2140219F89D1E6D085308013B2D0245EA031557E75D
S214021A08313641DCD694BFD610B5044686B059B9ED
S214021A18214B4168D3F8FC30827A20480593006847
S214021A286B46FFF7CFFD69461D4B0A685A631A4B89
S214021A38D3F8FC3033B34B6843B11A4B1A4AC3F88F
S214021A480C214A68A3F58053C3F80C218B6843B16E
S214021A58144B164AC3F8EC208A68A3F58053C3F8D9
S214021A68EC20134AC868D2F8743123F4EE630343B1
S214021A78C2F87431D2F86C31096923F4EE630B4369
S214021A88C2F86C31002022890A4B9A6203F5A03309
S214021A98186406B010BD00BF004F00B0BC5300204B
S214021AA8008001B8006001B8FFFF0F00FFF8FF0FC3
S214021AB8000002B8004000B8064B9A6E920607D598
S214021AC85B6E002B4FF48043B4BF034A034AD364C9
S214021AD80020704700800050002002B8001002B8AC
S214021AE8064B1A6C9207FCD4022240EA0120586080
S214021AF8034B1A640122034B1A70704700C002B8DF
S214021B0800D002B80063002040B10368012B05D953
S214021B180069034B002808BF1846704700487047FC
S214021B28E8D6040010B590B10468012C0FD90269F2
S214021B386AB11168094B102C19605168596091688E
S214021B4888BFD268996094BFD960DA6010BD102247
S214021B5800210248FBF724FBF8E700BF9C5300204D
S214021B68084BC1171A68A2FB000302FB013310F1E7
S214021B78807043F10003400E40EAC310803820EA22
S214021B88E0707047AC5300200722194B70B5DA6331
S214021B98184B194A1D68194BEC08E005C0184FEA9D
S214021BA8153141F100010023FAF78EFF144B154E4A
S214021BB818601548FFF7D4FF4042C6F8DC0049F61D
S214021BC85800FFF7CDFFC6F8A8001048FFF732F80E
S214021BD8024660B1E301500818184FEA15714FF033
S214021BE8000341F10001FAF76FFFC6F8B40070BDB2
S214021BF8000002B84853002065CD1D00B2E60E006C
S214021C08AC530020003F00B07011010040420F00A4
S214021C1810B5044698B10B4BD3F8FC00FFF782FFC9
S214021C284FF47A7303FB04F0074BA0F57A60DA6880
S214021C389B681044C01ABDE81040FFF791BF49F6EA
S214021C484040F8E7004F00B09C5300202DE9F843C7
S214021C580546084614461E46FFF764FF05B306F017
S214021C68020716F004061DD1D7B14FF47A706B68D6
S214021C785843002B40F08C80FFF772FF20636B6995
S214021C88002B00F08C804A4AD0684FF47A7202FB26
S214021C980300A0F5FA50FFF763FFE062002E58D162
S214021CA8BDE8F8832869002869D04FF47A73584348
S214021CB83F4BA0F57A609B68C01AFFF751FFA062F7
S214021CC8A88B00285ED04FF47A735843384BA0F599
S214021CD87A609B68C01AFFF743FFE061354BE968F4
S214021CE8D3F80080002950D04FF47A735943304B0A
S214021CF8A1F57A619A685B68891AC91A2E4BC817C1
S214021D081A68DFF8BC90A2FB011302FB003311F13C
S214021D18807143F10003490E41EAC3118039274B0B
S214021D282162D3F8C4306362D9F8003053B1404612
S214021D381AF0BDF930B12246D9F800301C49D8F855
S214021D48D80098470021A869FFF762FF6063002F52
S214021D588BD1A86830BB47F23050FFF701FF6061AD
S214021D684FF47A702B6858432BB1114B1B6803F556
S214021D781C5310331844FFF7F3FEA06190E749F6A8
S214021D8840409AE749F64040A5E749F64041B5E79C
S214021D98074B1B6803F51C53103318446CE747F2CD
S214021DA8305078E74FF47A735843A0F5FA50D4E7E0
S214021DB89C530020BC530020AC530020003F00B0C8
S214021DC89853002038B5054608461C461AF051FABC
S214021DD80246D5F8E400FFF797FE4368A018002BE2
S214021DE8044AA8BF4FF4FA721A44034B92FBF3F262
S214021DF8104438BD0CFEFFFF18FCFFFF70B588B014
S214021E086D46124C0FCC0FC594E80F0085E80F00FC
S214021E18D82200210E48FBF7C3F9AC2200210D4850
S214021E28FBF7BEF9202200210B48FBF7B9F91AF096
S214021E3848FC0A4B1B783BB16D46044E0FCD0FC6C5
S214021E4895E80F0084E80F0008B070BDE03F00B0C8
S214021E587C3E00B0543F00B0E04F00B0F362002072
S214021E6808B51EF0E6FF0E4B1A78A2B90D4A12689C
S214021E7812F4843F0FD10C4A1021D1641B7863B93F
S214021E88084B1B68DB0508D4074B2022DA64BDE83A
S214021E9808401EF0C9BF054AEEE7044BF5E700BF47
S214021EA806630020A8140020002002B8001002B81A
S214021EB80A4B197801F0FF0229B100211970084966
S214021EC89202C1F80421597801F0FF0229B10021D3
S214021ED859709302024AC2F808317047016300201B
S214021EE8005000B8064BD3F8F00E064B5B6C1A018E
S214021EF803D4054B9B6E1B0401D500F58070704712
S214021F08003000B0000002B8004000B810B51EF05D
S214021F1890FF0E2104460320FFF7E0F840F2012264
S214021F28034B2046BDE81040DA621EF07DBF00BFB4
S214021F38004000B838B51EF07CFF4FF00043244C32
S214021F480546C4F88030BFF34F8FBFF36F8F012367
S214021F58C4F88430BFF34F8FBFF36F8F0223C4F8E1
S214021F688430BFF34F8FBFF36F8F0423C4F88430D7
S214021F78BFF34F8FBFF36F8F0823C4F88430BFF3C5
S214021F884F8FBFF36F8FFFF7DBFA1023C4F8843046
S214021F98BFF34F8FBFF36F8F2023C4F88430BFF38D
S214021FA84F8FBFF36F8F4023C4F88430BFF34F8F31
S214021FB8BFF36F8F4FF48063C4F88430BFF34F8F3C
S214021FC8BFF36F8F2846BDE838401EF02DBF00BF0E
S214021FD800E100E038B51EF02CFF05464FF000433E
S214021FE80A4C23600123636004236360082363604A
S214021FF8FFF79EFA10236360202363604023636022
S2140220082846BDE838401EF00FBF00BF00E100E0DA
S214022018012370B5074C2370074B1E68074B3240E6
S214022028D3E9005319402840FCF7ECFE002323703E
S21402203870BD00BF04630020B4530020A81400201B
S2140220480022044B1A70044B197811B11A70FFF764
S21402205807BF704705630020066300202DE9F04796
S214022068DDF820A003EA0108099B06460D4602EAA7
S214022078000703EA0A09BAF1000F40F05281031F6B
S2140220880B4300F01281052871F1000380F0E88006
S21402209850EA010300F07881431E0B4300F02881C2
S2140220A8FFF748FFB94AD2E9004323EA050324EAC0
S2140220B806043C4343EA0807B54BC2E900471E68D4
S2140220C826EA0A0646EA09061E60FFF7C9FE14F063
S2140220D82A4F14BF48F202034FF40043AD4AB00732
S2140220E8D26EAD4848BF43F4005383EA020122EA9F
S2140220F80302C266A94A0B408166D366C4F38042CD
S2140221081203210348BF42F48072E30648BF42F432
S2140221180052A34BA50648BF42F400726006D3F8E5
S2140221280C3248BF42F48062210648BF42F400627D
S2140221389C4882EA030123EA0203C0F80C329A4B4F
S2140221480A4017F4007FC0F80812C3F80C22974B0F
S21402215807F4007200F0048101224FF4802583F808
S2140221688820E30448BF45F48035A00348BF45F4F9
S2140221788015A10748BF45F4001514F4001FDFF8C0
S214022188688206D0D8F800001AF099FA08B945F419
S2140221980025E20248BF45F40035FB06844B48BFDB
S2140221A845F480051A6A834985EA020323F0010387
S2140221B81A400A621D40CB617F4B16F0010F1D6262
S2140221C87E4B7F4A18BF1A467E4B7D071B6F48BF59
S2140221D842F000627C4882EA030123EA02030367AC
S2140221E87A4B0A4041661A67794A04F00103926CF0
S2140221F8A0F5803083EA020122EA03028264754A65
S2140222080B4041649364D8F80020200248BF724B02
S21402221892F8F62058BF714B610748BF43F48063B3
S21402222822B114F4C06F18BF43F4807332074FF01C
S2140222383A42BDE8F047D2F8181148BF43F00043C7
S21402224883EA010222F4A02265481140C0F8181158
S2140222581340C0F81421634AC2F81831FFF7BABE11
S214022268A0F580630B4306D020F48063A3F50073C1
S2140222780B437FF415AF1EF0DCFD4449D1E900326A
S21402228823EA060322EA050242EA08023B43C1E9B8
S2140222980032554A126892F8F610514A09B313F4F6
S2140222A8C06F1ED04FF4807311E01EF0C2FD374A8D
S2140222B8D2E9003123F004033B4341EA080157EA16
S2140222C80807C2E900314FF48063454A0BD0C2F8CA
S2140222D81431A2F58052C2F81831BDE8F0471EF054
S2140222E8A3BD4FF48073C2F81831C2F81431F4E76C
S2140222F81EF09FFD254AD2E9003123F001033B4335
S21402230841EA0801C2E900310123384A57EA0807B8
S2140223181BBF5364A2F580529364936408BF536448
S214022328DBE750EA01037FF4BBAEBAF1010F7FF494
S214022338B7AE1EF07EFD164A136823F0010343EA81
S214022348090313604FF480631F4AB9F1000F04D0E3
S2140223585366A2F580521367BFE713675366BCE756
S21402236893F8881071B183F88820214BD3F8A4100B
S21402237803F50053C3F8A410C3F8A0104FF0502377
S214022388C3F8A4200025ECE6BDE8F087A8140020D0
S214022398B4530020004000B8006000B8005000B8EF
S2140223A8004001B8006001B8005001B8003F00B014
S2140223B8000002B8002002B8001002B8041C00038D
S2140223C80418000300C001B800E001B800D001B844
S2140223D800C000B800D000B80D0A0A09090A0A099E
S2140223E8002000BA001000BABC53002000E000B873
S2140223F800400050024B5868C0F3C000704700BF48
S214022408A8140020024B186800F00100704700BFAD
S214022418A8140020024B5868C0F3C030704700BFAB
S214022428A814002010B50446FEF75AFDFFF782FDF1
S2140224382046FDF789FAFEF7DDFCFEF7D3F8FEF72D
S21402244845F9FFF7A1FB13490723134AD1F8FC10F5
S21402245804F1F800FFF7FAFB4FF080710020FEF750
S21402246809FC4FF000720D4B4FF400110120C3F81F
S2140224780021FEF7FFFBFEF791FF20B940F29232E9
S214022488142101F085F919F075FFBDE81040012006
S214022498FDF782BF004F00B0A43F00B000D001B8DD
S2140224A88023074A1364082340B11364054AD2F806
S2140224B8C83E23F02003C2F8C83E7047024AF4E733
S2140224C8001002B8003000B0002002B810B51EF0A6
S2140224D8B0FC012104460020FFF7E2FF044B196115
S2140224E8044B5B6898472046BDE810401EF09CBC2B
S2140224F8000002B8BC690020F8B5194C05462078D9
S21402250840F2E442B0FA80F03E21400901F040F978
S21402251855B9607840F2E442BDE8F840B0FA80F077
S2140225283E21400901F034B94FF440660D4F0E4D76
S214022538D7F8043140F2E442C3F381232370C5F886
S214022548046160783E21B0FA80F0400901F020F973
S214022558D7F80831C3F381236370C5F80861F8BD5C
S21402256801630020004000B8006000B8F8B5084CC7
S214022578084D236C0423084F2B64236C5B0300D49A
S214022588F8BD042602203E6419F057FE2E64F4E7CE
S214022598000002B8001002B8002002B8A82238B517
S2140225A81A4B1D6C03F500531A6410229A60A3F5A1
S2140225B8804302F100521A675A66FFF779FC144BF9
S2140225C81B7813B90320FEF7B3F80024114B9C6757
S2140225D8FFF7CCFF104A114BD2F8F01E0B40C2F898
S2140225E8F03E04220E4B1A640E4BAA06C3F8D040DD
S2140225F808D503F580739B6FB3F5817F22BF8022CF
S214022608024B1A61BDE83840FCF7B8BD000002B8B4
S2140226180363002000C001B8003000B0DF0000FFEE
S214022628002002B8003E00B010B551B920B3154BD1
S214022638DB681B0E13F00E0F1ED1134B1B6CD9074B
S2140226481AD4FFF763FC0F4C0020FEF7EBFD0328B5
S21402265801D0092805D1A36ADA07F5D4636CDB032F
S214022668F2D4FFF783FF0122084B5A6102229A62CC
S214022678042203F580531A644FF4C062044BDA62EC
S21402268810BD00BF000002B800C002B8001002B8B1
S214022698006001B808B503210920FEF71FFD2022B5
S2140226A8014B1A6108BD00BF000002B80D4A10B5FA
S2140226B8D2F8A030D2F8A4100B40B3F1804F0CD356
S2140226C84FF040400849094CC1F8A400D467C1F845
S2140226D8A0004FF48021064AD161034AC2F8A0300E
S2140226E810BD00BF00400050006000500000FF010F
S2140226F8001002B838B505461EF09BFB0E4B044682
S2140227081868FDF74BFA35B1FFF79AFC2046BDE884
S21402271838401EF089BB094B1B78002BF6D0084BB5
S2140227281D78002DF2D1FFF78BFC2A464FF4804025
S2140227380021FFF76DFCE9E7BC5300200563002083
S214022748046300202DE9F84F5A4B06460D461446F8
S2140227581B6C002A40F0AB8013F0A00F14BF4FF09A
S21402276801094FF00009FCF709FDA0234FF0000A03
S214022778DFF85C810320C8F84030FDF7D9FF042053
S214022788FDF7D6FF4C4FFFF75BFC4C4B4FF0040BA4
S2140227987B67C7F878A0FFF7E9FE494B4FF48071CC
S2140227A8D3F8C82E42F02002C3F8C82EFF22C8F873
S2140227B80820404A1161D3F8F02E42491140C3F866
S2140227C8F01EC8F840B0C3F8D0AE7B6913F0060F07
S2140227D804D0FEF75BFA5846FDF7AAFFB9F1000FD8
S2140227E808D04FF40062384B1A644FF40042A3F53F
S2140227F8E0339A6666B1354BDB6C180701D4FFF7EF
S21402280885FBFFF747FF0420FDF792FFFFF750FB13
S214022818284B5A69D10748D5DA6812F0706FFBD18F
S2140228282B4B2C4A1A642C4A936E23F0F0039366B9
S21402283815B12046FFF75EFF284BD3F84C315A1CD9
S21402284801D05B0002D50122214B5A616CB31F4BA3
S214022858DA6E03F500539A6603F5D0331B6A1C4AF0
S21402286823F00103D3611E4BD3F80C1203F5005371
S214022878C3F8081203F50053D3F8841003F500537F
S21402288899674FF03A43D3F8181103F50053C3F883
S2140228981411144B996C03F500535964124903F545
S2140228A8803359664FF608431364BDE8F88F4FF035
S2140228B8000958E7000002B800C001B8000001018C
S2140228C8003000B0DF0000FF001002B8004000B879
S2140228D8002002B810003000003F00B00080E00F71
S2140228E8004001B800C000B85000002F9D4B2DE9EB
S2140228F8F04F9F6EDB6E85B01F409B4B9F664FF076
S2140229083A43D3F81451D3F818311D40974BC3F8FD
S2140229181451974BD3F80822D3F80C3202EA03096B
S214022928944BC3F8089203F52043DA691B6A02EA55
S2140229380308914B08F47702DA61904BD3F8042225
S214022948D20605D4D3F80431C3F30016DB0653D5F2
S2140229581EF06FFA8A4B5A695E6E1B6F12F0060FEC
S21402296806EA0306874A26F0007314BF4FF0010AE8
S2140229784FF0000A23F400637407536606D5824AAA
S21402298892F891300133DBB282F891301EF04CFA9D
S214022998002F00F0E48017F4004300F0D5801EF004
S2140229A848FA0146FFF79EFA0446784BD3F800B079
S2140229B8DBF80020DBF800309A42FBD0DBF8002078
S2140229C89A42FBD0FFF78EFAA04217D108461EF0AD
S2140229D82BFA6F4B1C606F4BD3F840B01BF4E052D7
S2140229E80ED124F07F4424F0DF040CB9FFF7D6FD9D
S2140229F84FF0807B002414E0B246C9E70446D7E7C6
S214022A080192FFF7CBFD5C4B019A1BF480541A64C3
S214022A1840F09C801BF4806F0CBF4FF0805B4FF039
S214022A28806BB80715D55B4A5348126C02F46041AE
S214022A380164002900F08D80110400F18D8012F4E3
S214022A48005F0CBF4FF000524FF0006200244BEAC2
S214022A58020BC7F340377F004F4A2A40002A4BD062
S214022A6815F4206F0AD040F6A3120621002000F0C3
S214022A788FFE0020FFF73EFE25F48025EB0506D5DF
S214022A88FF213D4A4BF4C06B9160FFF73FFA15F001
S214022A98090F0BD040F6B8120821002000F078FE85
S214022AA8FFF7F8FD4FF03A420121516315F0106F17
S214022AB80CD040F6C1120921002000F069FEFFF78B
S214022AC8E9FD002211461046FDF73CF815F4202FC2
S214022AD80AD040F6C9120721002000F059FE00204D
S214022AE8FFF708FE25F48025E80301D5FDF774F9FB
S214022AF8002DB8BF47F0080769070ED54FF03A42CF
S214022B08126B12F4005F4FF4005217BF174923499D
S214022B180A634BF4000B08BF0A636A0548BF4BF00A
S214022B28040B15F48023019300F0A480FDF70CF93A
S214022B380138062834D8DFE810F01A011D011A01F8
S214022B4820012301260126019B4653E74FF0804BBE
S214022B5850E74FF0007279E74FF0004276E7BB463F
S214022B683C4679E7004000B8006000B8002000BA8A
S214022B78004001B8006001B8002002B800E100E099
S214022B8800C001B800E001B8003E00B0A0D60400BC
S214022B98B0530020000002B8090B0B89001000BAD7
S214022BA840F6FA120321002000F0F2FD4FF03A40F8
S214022BB80121D0F88C20D0F8AC3002F00702063299
S214022BC801FA02F2C3F30C0CA2EB0C0292B2072A29
S214022BD812D9774A126C53020ED4764BC26CC06E68
S214022BE85B6D5BB102F0070206329140C0F30C003F
S214022BF8091A89B2072901D84BF4007B6E4A127863
S214022C08002A37D04FF03A42D2F8142112F4A02FF5
S214022C1830D16A4A6A4912789AB9F20411D40A7803
S214022C287AB14FEADB02674842EA447282F001024E
S214022C38D0F8F00E02F00102520020FA02F29307D0
S214022C4818D10420FDF774FD5F4A60485067FFF705
S214022C58F7F95B490A784AB95D4A127832B15D4A91
S214022C685D4912680BEA02020A4201D14BF4804B14
S214022C7826F48056B9F1000F1DD019F4805F18BFEC
S214022C884BF4802B19F4807F18BF4BF4002B19F4F1
S214022C98005F18BF4BF0100B19F4007F18BF4BF0FB
S214022CA8200B19F4806F18BF4BF0400B19F4006F15
S214022CB818BF4BF0800BB8F1000F3AD018F4802FEB
S214022CC818BF44F4007418F4803F18BF4BF4805BB6
S214022CD818F4801F18BF4BF4003B18F4001F18BFE7
S214022CE84BF0020B18F4003F18BF4BF4801B18F485
S214022CF8800F18BF44F0100418F4002F19D0314A78
S214022D08D2F8C82E12F0C00F13D02949CA68C2F3E7
S214022D180362032A01D0072A05D14A6CD00602D4D8
S214022D288A6C110732D54FF400212C4A28F4002861
S214022D38D161002E00F01881320540F18A802848B9
S214022D48DFF88490C2782749002A51D04FF40063EE
S214022D58013AD2B24B66C27032B9234A1278C2B16D
S214022D6840F60141214A5167002200216EE04BF4E9
S214022D78803B1BE74BF4006B18E74BF4806B15E7B8
S214022D884BF4807B12E74BF0080B0FE74BF4001B63
S214022D98CFE7D9F8782012F4A05F15BF4FF48072F7
S214022DA840F60142C9F85820C9F87820DCE700BF87
S214022DB8000002B8004000B8066300200563002041
S214022DC808630020003000B000C001B8000001010E
S214022DD807630020A8140020088D0100002002B80E
S214022DE8F762002000E001B80363002000D001B8B3
S214022DF80320FDF79DFCD9F81420A34B12F0060F0A
S214022E0804BF41F61F72A149A14808BF4A674FF49A
S214022E1800619E4A5166D9F8142012F0060208BFCD
S214022E28C9F87820B3F88E2012F400615DD022F437
S214022E380062A3F88E20027802F0FF09002A58D111
S214022E48FDF724FFFFF7AAFB4A4620214BEA020BAE
S214022E580C43B30009D52E20FDF7B8FB4FF00051FE
S214022E688A4A44F0080411675166F00606D52B20F4
S214022E78FDF7ACFB1021854A1167516616F0306FD4
S214022E8805D1F1045DD5BAF1000F00F0A780320132
S214022E9811D52920FDF79AFBFFF7ACFA48B17D4A0F
S214022EA87D487A494A66026700F54050C06843047E
S214022EB822D444F0040416F0007A28D00420FDF741
S214022EC837FC2720FDF782FBFFF768FB4FF00071FF
S214022ED86E4A5166714AD2F8F01E490678D4704A8C
S214022EE80221916044F0020428E002784FF400526E
S214022EF8ACE74FF4004238E70A6720204A66FDF737
S214022F0865FB2D2044F00C04FDF760FBD3E716F0B2
S214022F18807FDFF8909146D00420FDF709FC282030
S214022F28FDF754FBD9F87820002A39D1FFF736FB8B
S214022F38564A584944F00104116751660021594A15
S214022F489165320405D5584A126890474BEA000B39
S214022F580C43730508D555498A78002A00F08E80F6
S214022F68013A8A70002217433A4658462146FFF726
S214022F784FF8019B0BB1FCF71DFF01224C4B05F0E5
S214022F880435C3F814514B4B18F4002FC3F88421A8
S214022F981EBF4FF40022424BDA6105B0BDE8F08F3F
S214022FA8C9F878A0C4E7F004C8D50420FDF7C0FB2A
S214022FB8414AC9F87420FDF769FED9F8642012F070
S214022FC8407FBBD12A20FDF701FBFFF7E7FA81E72E
S214022FD8D2F8C82E930685D4384A81E733490A7947
S214022FE852B1013AD2B20A7112B92B4A3449516720
S214022FF800224BEA020BA4E70420FDF799FB032004
S214023008FDF796FB274A2C4951671DF012FF8146A9
S2140230180DF10F00FEF706F92A4A824612780AB11F
S214023028FEF774FFBAF1030F0ED1DFF8A0A0002056
S214023038FEF7F8F8032807D1DAF82820D007F6D4DE
S214023048DAF84420D103F2D49DF80F20032A06D1D9
S21402305801211D4A484611701DF0E6FEC8E74FF0EA
S2140230683A42D2F8142112F4A02FF1D1FEF7E8FF63
S21402307848461DF0D9FE4FF48042BAE70220FDF713
S21402308857FB01226FE700BF003E00B000E001B820
S214023098036300201000002000D001B8003000B002
S2140230A8002002B800C001B8D0690020F7620020EC
S2140230B8002000BA00E100E000000101001002B89A
S2140230C80000010D0963002005630020000002B815
S2140230D80122024B1A62DA61704700BF002002B86A
S2140230E8094A08B5D369116A0B40084923F47F00D8
S2140230F8DB07C86106D5D1684FF0FF30C1F303611C
S21402310819F042F908BD00BF000002B8002002B854
S2140231180C4A08B5536C926C13400B4A5364DB078F
S2140231280FD50A4B40F663421878122100F00100C8
S21402313800F02EFBBDE80840002201200021FEF721
S21402314867BF08BD00C000B800E000B8A814002099
S21402315870B5174D2C6C6B6C1C40164B24F0020293
S214023168E1071A6405D540F6CA420020296800F02D
S2140231780FFBA2071AD502220E4B1A646B68DBB243
S214023188A3B9FDF71DFD04460D460B4ED6F8F433DB
S214023198DB060BD5FDF714FD02460B4620462946EC
S2140231A8FDF7B4FA652871F10001EFD370BD00BFD0
S2140231B8008002B800A002B8000002B838B50B4C6E
S2140231C80B4DD4F88430DB0706D4A36FD4F88420DA
S2140231D81340084A936738BDD5F804311A06F0D565
S2140231E8FFF7B6FF8023C5F88431EAE7008001B806
S2140231F800E100E000A001B870B514460D461DF0C7
S21402320818FE064BD3F8C86E74402C407440C3F8B8
S214023218C84E1DF009FE06EA050070BD003000B073
S214023228034BD3F8C83E99430CBF012000207047D1
S214023238003000B02DE9F04117460A43012A1D4620
S2140232489DF818409DF81C60DDF8208029D8B44205
S21402325827D2082E25D8032B23D8B8F1000F20D062
S2140232680A460021FBF7DAFEFF21EB009940C94324
S214023278DFF834C008F1FF38FF00E2B2964202D8FF
S2140232880020BDE8F0813D190CEB8505D5F8F8203D
S21402329818F8010F0A4098401043C5F8F8000134A0
S2140232A8EBE72120EDE700BF003E00B01E4BD3F847
S2140232B8C83E13F001001ED01C4B93F84C001C4A63
S2140232C840F08073C2F8CC304FF480131949C1F825
S2140232D8B430A1F58051C1F8B830D2F80C31DBB25F
S2140232E8FF2B1FD0984294BF0020012040F61F6291
S2140232F83C2100F04DBA1A06E1D40F4A92F84B1157
S21402330821B1DB0602D592F84801D8E74FF48012BD
S2140233180020084B0649C3F8B820C1F8CC00C3F809
S214023328B42070470120E1E7003000B0003F00B04B
S214023338004000B8006000B8003E00B0034B1868B2
S214023348034B002808BF1846704700BFB853002032
S2140233587C0F05002DE9F843DFF860900646D9F899
S214023368008008461746B8F1000F03D00E24204600
S214023378BDE8F88306B3336801331DD1E1B100F026
S21402338873F805460028F1D0C9F8000000F092F854
S214023398284619F052F8044640B14046C9F800805B
S2140233A800F088F8284619F043F8E0E73560002F61
S2140233B8DDD02846B847DAE72124D8E7BC530020F0
S2140233C8024B1868003818BF01207047BC5300200B
S2140233D8002108B5024B08465B689847002008BDDE
S2140233E8BC690020431E033306D8044B984228BF04
S2140233F81846642838BF6420704700BF40420F0052
S21402340838B505460C4641B10B6833B11B68013323
S21402341803D0CB680BB18B684BB918F0F1FE0020CD
S2140234284FF4C172412100F0B3F9212038BD084695
S214023438FCF7A4FD00230A4A85F83031C5E937436C
S214023448C2E9003363694BB1064A422110684FF459
S214023458D272C31A5842584100F09AF90020E5E79A
S214023468E865002048530020F8B504461DF0E1FC44
S214023478002607460E4B1B6893B19E68AEB196F8B7
S2140234882420D20711D435460FCC0FC50FCC0FC552
S21402349823682B6096F8243043F0010386F824301C
S2140234A838461DF0C1FC3046F8BD1B68E4E700BF8D
S2140234B8F869002010B5044618B9054B054A13608A
S2140234C810BDFAF727FED4F8E830002BF6D1F4E759
S2140234D821C40300F4690020014B1868704700BF36
S2140234E8E865002008B502460868FFF77BFF086013
S2140234F84868FFF777FF48608868FFF773FF8860B9
S214023508C868FFF76FFF0B69C860581C03D00B48E2
S214023518834228BF03460B614B69581C03D00748F1
S214023528834228BF034688694B61FFF75BFFBDE805
S214023538084088611046FBF797BD00BF40420F005F
S214023548D0F8E0302DE9F04105460C4613B1838DDC
S2140235588B424CD0D5F8DC30002B4BD09E68002E20
S21402356848D0D868002845D0013800B200281ADBAF
S214023578002106E0128A591CA24217D209B28842D2
S21402358811DB0B1803EBD3735B1003EBC30206EBDA
S2140235988202B2F80EC003F1FF3EA445EAD90FFA3A
S2140235A88EF08842EDDA2120BDE8F0814FF6FF72F0
S2140235B899B29142F7D09BB203EBC30306EB83069C
S2140235C82846B6F9122095F82411D5F8F080E9F7BE
S2140235D82DFC0746B8F1000F04D0002332462846D1
S2140235E81946C047AC85C5F8E06085F82D710020FD
S2140235F8BDE8F0810E20BDE8F08100BF2DE9F04756
S21402360882B004460F461646FBF796FF00285ED1A0
S214023618454D2B68D4F8DCA0D4F8E0800BB15345AE
S21402362862D04FF00009AF60FBF7D0FF01280746CB
S21402363851D12B68DAF80010D8F8002013B11868B0
S21402364888425CD0204618F0E7FCC5E900A8D4F802
S214023658F0508DF80760002D58D0002220461146FB
S2140236680DF10703A8472046FBF728F90546B9F1E6
S214023678000F0FD076B9D4F888300BBB012F05D0CF
S21402368825B12A4B002103205B689847284602B0DA
S214023698BDE8F087B5FA85F040F2075233214009B3
S2140236A800F076F831462046FBF70EFB204B05461F
S2140236B81B68414620469847D4F88830002BDDD050
S2140236C800224FF400732046FAF734FDD6E70023AB
S2140236D8154D6B609DE700210120FAF763FDFBF7A5
S2140236E875FF0128FBD1A4E76B68002B99D04345E8
S2140236F897D1AB689F4215D04FF0010993E76968E6
S21402370811B109689142A0D059689BE794F828102D
S21402371894F82D313246994228BF19462046FBF7BF
S2140237281FF8A0E70025B1E7E8650020BC6900207D
S214023738F4690020F8B50E4605461DF07AFB3146B8
S21402374807462846FFF7FCFE044620B138461DF019
S2140237586BFB2046F8BDFBF7D1FE224631462846CB
S214023768FFF74CFF044638461DF05EFB2046F8BDC0
S21402377838B5044D044C054B286021601A601CF0CD
S214023788ADFF38BDC0530020FC690020C45300209A
S21402379810B550B90548064B01600648026018681D
S2140237A8054B18601868FFF7E3FF10BDFC69002098
S2140237B8BC530020C4530020C053002010B51DF08F
S2140237C838FB084B04461B683BB1984728B10022D1
S2140237D800204FF48061FEF71BFC2046BDE810402F
S2140237E81DF022BBC85300200023F0B585B0CDE9F2
S2140237F801330393124B134D1B78134E8DF8043086
S2140238081DF024FB2A78337804469A420F4F0CD0D0
S2140238183178386801AA297018F0EBFD50B140F6E5
S21402382808210B481DF099FB04E0386818F0C1FD22
S2140238380128EDD020461DF004FB05B0F0BD00BF00
S214023848FC6C0020306D0020316D0020E45300200F
S214023858D5AC0400F8B52B4B1B7823B140F6FC31E7
S21402386829481DF07AFB1DF0F1FA284B07461C88FA
S21402387814F0060409D001214FF480701CF09AFA5D
S2140238883846BDE8F8401DF0DCBA21464FF4807091
S2140238981CF090FA204600F0ABFF022808D18022DE
S2140238A81B4B8021186818F040F9FFF79DFFE7E7E1
S2140238B8204600F09DFF054638B1012807D040F69D
S2140238C8314111481DF049FBDAE70246E8E7FF22D4
S2140238D80F4E104B30681A70FFF77AFD306818F0F2
S2140238E868FD0128CCD02A462946306818F063FDC0
S2140238F821462C201CF08AFA21460A201CF086FA59
S214023908BEE700BF0F630020D5AC0400B25B002000
S214023918E4530020306D0020002101481DF090B8C5
S214023928506A00207F2837B5044610D14FF6FF7339
S214023938022217480DF10601ADF80630EBF798F9A2
S214023948BDF80640E2054CBF6FF04A0464B21DF0AB
S2140239587DFA104B05461C700F4B1B88DB0710D5EB
S2140239680E4B1B78002B0E4B0CBF21466FF07F01C7
S214023978186818F008F920B140F6786109481DF071
S214023988ECFA284603B0BDE830401DF05ABA00BF2C
S214023998641002C0286D0020B25B0020106300206D
S2140239A8E4530020D5AC040010B513F055FE60B100
S2140239B813F054FE0B4A80B141F20D03BDE81040E5
S2140239C841F20D0107481CF047BB074B1A781B79D2
S2140239D89A4204D100220023F0E70D23EEE7034AB9
S2140239E8F9E700BF400D0300FC6C0020488D01007B
S2140239F8F8B5164E0D46337802F0010423B140F2AC
S214023A08C53113481DF0A9FA124B134F1D60134D0A
S214023A18A4B1134B997801B1012120201CF0CAF9F0
S214023A282B783B700F4B1C780F4B00211C7004231D
S214023A3833700E48BDE8F8401DF002B82146202033
S214023A481CF0B8F92B783B70EEE700BF0F63002036
S214023A58D5AC0400D45300200C630020326D00203D
S214023A68D85300200D6300200E630020506A002001
S214023A782DE9F8431DF0EAF9DFF8A0810546B8F803
S214023A880030614C13F4807F03D0237873BBFFF7B2
S214023A98E1FE002108461CF0B9F95C4B1A78FF2AA9
S214023AA813D01A7802F0FF0632BBFF221A70237868
S214023AB8052B0AD10023284623701DF0C2F930468A
S214023AC818F000FE1DF0C2F905462378504E062B64
S214023AD809D13378FF2B06D03378022B15D1002173
S214023AE84C481CF0ADFFFF2333702BE000214FF447
S214023AF880701CF05FF9CCE71A78012A4FF0FF02B3
S214023B0814BF33264C261A70D4E7337813B13378A9
S214023B18012B22D11CF0EEF907463E4896F8009093
S214023B2801F0DCFBFF235FFA89F9337077B1B9F14C
S214023B38010F44D16421374884F800901CF080FFB6
S214023B48FFF752FE28461DF07CF906E02846277045
S214023B581DF077F9384618F0B5FDB8F800301B06A0
S214023B6805D5002180201CF025F916F082FF01F009
S214023B78F1FA294E308000B32778012F42D11CF083
S214023B8873FE054610B301301DF0C5FA00F4406016
S214023B98B0F5006F1AD10422394628461CF0A4FD57
S214023BA828441DF0B8FA4FF6FF7398420ED100204B
S214023BB8318800F0FFFC00233380BDE8F883002339
S214023BC8284623701DF03DF93F20C4E7114801F04E
S214023BD885FB002108462170012500F09DFC23780C
S214023BE80BB9FFF737FE0020318800F0E3FC00230C
S214023BF83380002DE1D020780028DED1BDE8F843D6
S214023C0818F0ABBE0025EAE70F6300202F6D0020F0
S214023C182E6D0020506A0020B05B0020B25B0020A8
S214023C2808B513460A461946064B186818F038F8B7
S214023C3830B1BDE8084040F2F44103481DF08DB9A2
S214023C4808BD00BFE4530020D5AC040008B51346EF
S214023C580A461946064B186818F01CF830B1BDE833
S214023C68084040F2FB4103481DF077B908BD00BF83
S214023C78E4530020D5AC0400024B1878431E584281
S214023C88584170470F63002008B5064B1B7823B1CE
S214023C9840F2255104481DF060F9FFF7DBFD0020CD
S214023CA808BD00BF0F630020D5AC040008B5054B5D
S214023CB801EB81011868490017F067FF002818BF52
S214023CC8212008BDE453002008B5044B1868F9F70C
S214023CD8B1FE0A2390FBF3F040B208BDE45300207D
S214023CE8014B1878704700BF316D002008B5044BA9
S214023CF8186818F0FEFBB0FA80F0400908BD00BF4D
S214023D08E453002038B5124D0C462B78012B04D903
S214023D1840F246510F481DF020F921460020FFF7D1
S214023D28E5FF90B10C4B1C702B785BB9FFF792FD40
S214023D380A4B93F900100A4BC901186818F042FC9E
S214023D48002038BDFFF750FDF2E72120F9E700BF53
S214023D580F630020D5AC0400316D002011630020EB
S214023D68E453002008B5074B186818F0C0FB30B1BA
S214023D78054BB3FBF0F083B20BB1184608BD012021
S214023D88FCE700BFE453002040420F002DE9F3474A
S214023D985C4E01201DF0DEF83388990704D440F6FD
S214023DA83F4159481DF0D9F8DFF8808198F800306D
S214023DB8053B012B04D940F6414153481DF0CDF886
S214023DC8524F3B6823B940F644414F481DF0C5F8A8
S214023DD8348814F0200478D0012122201CF016F82A
S214023DE84FF47A74FFF7BEFF3B681B7809334343E8
S214023DF804EBC30498F80030A5B2062B0BD11CF0CE
S214023E0841FC0446FFF7AEFF602358430C2303FB2E
S214023E180400284485B2D7F800903D4B99F80080F4
S214023E281C7808F1FF381FFA88F8002C52D133881C
S214023E385A0505D409F101001DF06DF9C0F34014C6
S214023E483449354A887812784B7812FB00F2334F99
S214023E5893423B70A4BF9B1A3B703B78CA78BD60FE
S214023E68934238BF13463B7013F0FEFB002833D04C
S214023E7813F0F8FB012814BF102508252543002354
S214023E88DFF8ACA00093802243464946DAF80000E1
S214023E9817F0ADFE20B14FF43B611B481DF05DF8EC
S214023EA81F4BDAF8000019781E4B197033889B06E8
S214023EB814D52A461C4B009718F099FAC0B9002068
S214023EC802B0BDE8F0471DF045B8214622201BF097
S214023ED89DFF87E70024B3E72546D0E72A460F4B1F
S214023EE818F083FA014618B925201BF08FFFE6E77B
S214023EF8214626201BF08AFF40F6F43102481DF0C0
S214023F082CF8DCE7B25B0020D5AC0400D4530020C2
S214023F1812630020FC6C00200C630020006A00205C
S214023F28316D0020306D0020D85300200F6300202A
S214023F38E4530020184B10B51B889B0704D440F6A0
S214023F48A66116481DF009F8154B1B78053B012B90
S214023F5804D940F6A76111481CF0FFFF114B1B68F5
S214023F6823B940F6A9610D481CF0F7FF00240E4B52
S214023F780E4921201C701BF049FF014618B9BDE8FE
S214023F881040FFF703BF022804D12046BDE81040C0
S214023F981BF0D2BF10BD00BFB25B0020D5AC040038
S214023FA80F630020D45300200A6300205541020004
S214023FB8F8B55A4C23889A0704D54FF43E715848E8
S214023FC81CF0CBFF574801F089F91CF03FFF238805
S214023FD805465B070DD54FF0FF3017F04FFE524BE4
S214023FE81B68C01AB0F5717F03D9002104201BF0A4
S214023FF8E1FE28464D4D1CF024FF2B78042B32D1C7
S2140240081CF024FF238806465F0708D5454800218A
S2140240181CF016FD3046BDE8F8401CF012BF1CF036
S21402402810FF1CF013FF424B06461B78414F13B98C
S214024038238859050FD50523012102202B701BF072
S214024048B9FEFFF777FF30461CF0FBFE3B68DA78CE
S214024058394B1A70F8BD386801301DF05CF88206D4
S214024068E9D50623E8E7062B4DD1344B1B78FF2B00
S214024078F0D1334E13F0FAFA3378002B3DD01CF009
S214024088E5FE238805465B0705D5264800211CF071
S214024098D7FC2846BFE71CF0D4FE3378013B3370C2
S2140240A81CF0D4FE0446012102201BF083FEFFF713
S2140240B841FF20461F4C1CF0C4FE206801301DF04C
S2140240C82AF800F44060B0F5006F13D12468012185
S2140240D8042220461CF008FB20441DF01CF801466A
S2140240E8184B04201A783378D21AD2B2BDE8F840B0
S2140240F81CF0DABF4FF6FF71F2E740202B70BDE8DE
S214024108F84018F0DFBA012BA4D100232B700E4B0F
S2140241181868FFF75DF93F20F1E700BFB25B0020A1
S214024128D5AC0400506A0020D05300200F6300204C
S21402413812630020D45300200B6300202E6D00204B
S2140241480C630020326D0020E453002008B50A4BA9
S2140241581A7882B9012210281A7004D040F69D6196
S21402416806481CF0FAFE002120201BF023FEBDE8BC
S2140241780840FFF70BBE08BD0A630020D5AC040052
S21402418808B5094B1B88DB0604D440F2C35107481E
S2140241981CF0E3FE102000211BF00CFE044B1868EE
S2140241A8BDE8084018F01AB9B25B0020D5AC040086
S2140241B8E4530020012208B5074B1146186818F088
S2140241C8FAF800212C201BF021FEBDE80840002149
S2140241D80A201BF01BBE00BFE4530020014B400818
S2140241E8185C70472A6D002008B513460A46194619
S2140241F8064B186817F05AFD30B1BDE8084040F67D
S214024208E94103481CF0A9BE08BD00BFE4530020DC
S214024218D5AC040008B5044B186818F0CAF801387B
S21402422818BF012008BD00BFE4530020054B10B597
S2140242384C0022460146186817F095FC031B5842A4
S214024248584110BDE453002070B505461CF0FEFD2B
S2140242580E4B0F4E1B880446DA07357008D50D4BF1
S2140242680D4D1B78012B08D90121286818F023FA6E
S2140242782046BDE870401CF0E4BD1BB113F0EAF915
S214024288C305F1D4317881F00101EEE7B25B002074
S214024298296D002010630020E45300200C4B10B553
S2140242A81B880446DB0711D5FFF77EFB094B84F013
S2140242B8010208211868D20017F037FC30B1BDE8B1
S2140242C8104040F6367104481CF047BE10BD00BFC9
S2140242D8B25B0020E4530020D5AC040008B5044BBA
S2140242E80146186817F0EDFC003818BF012008BD13
S2140242F8E453002010B50A4C23787BB1FFF75AFF27
S214024308002104201BF056FD002102201BF052FD5E
S21402431800232370BDE81040FFF79CBA10BD00BF0B
S2140243280F63002038B5094800F0E8FC0024084D61
S21402433895F84430E0B2834200D838BD05EBC00099
S214024348043000F0DBFC0134F2E700BF885400209A
S214024358E853002008B5104602494822F9F7B0F893
S214024368002008BD4054002008B505481CF069FF27
S214024378014620B9BDE8084001481CF061BB08BDEB
S214024388706A0020002238B51C4B15461C461A7067
S2140243980132082A5D609D8043F8085FF8D14822FA
S2140243A800211748F8F7FCFE4FF6FE73A4F86830AB
S2140243B86FF48033E365134B00211A88124B186892
S2140243C8F8F7EEFE114BC4E91255C4E9283584F80D
S2140243D8445084F85050656584F8A850E9F792FF6F
S2140243E8FF220B4B012118700A4B00201A70E2F7C5
S2140243F86BFB0020FFF7B8FF002038BDE85300200B
S214024408405400209C6C0020286900200000FFFF12
S214024418136300206863002010B5AC24084B04FB25
S2140244280030836C53B990F850403CB931B1C0E9BA
S21402443812122046FFF798FF204610BD2120FCE7FF
S214024448E8530020AC2370B503FB00F5094E731938
S21402445893F850405CB9204610F0AAFC735D2046DB
S21402446843F002037355FFF77FFF204670BD012015
S214024478FCE700BFE8530020AC235843024A135C0B
S21402448823F0030313547047E853002070B516460A
S2140244981F4A04461278C2BBAC211E4D01FB0051CE
S2140244A88A6C92BB91F850203AB1022B2DD191F822
S2140244B84410072907D91C2026E091F8441007293A
S2140244C8F9D8012B08D0AC2000FB0450CA00011D05
S2140244D80C30F8F7B7FE0021AC2303FB04F00024E7
S2140244E89DF8143000EBC1012944CB71049B8E80E1
S2140244F88B602B1893F84420204601328C7183F87F
S2140245084420FFF731FF204670BD0120FCE700BFBC
S21402451812630020E8530020F8B5234B04461B78A4
S2140245280F46002B3ED1AC23204D03FB0053B3F8B5
S214024538A03023B940F245311D481CF00EFDAC22CE
S21402454802FB0452D2F8A46036B192F8A330394678
S2140245580020B2F8A020B047AC2300216343EA1833
S214024568A2F8A010C2F8A410482192F8A82001FBCD
S21402457802322A44D2F89820964213D0EB5C9B0764
S2140245880CD5AC226243AB5C204623F0020343F010
S2140245980103AB54BDE8F840FFF7E6BE10F02AFC6C
S2140245A80028EED1F8BD00BF12630020E8530020B1
S2140245B82CAD04002DE9F04F89B0059008460D464B
S2140245C81CF052F9044618B9212009B0BDE8F08F4C
S2140245D828461CF065F9C0B20838215C221892F801
S2140245E802A00491D1785268277803920022B4F880
S2140245F80130ADF81E20434A029192F800B0BBF192
S214024608000F08D0404B1B681BB120464FFA8AF2AF
S21402461898470020D9E703F00703022B70D001342D
S2140246280922594620461CF05FF8023F3F1A3B060D
S21402463806465FFA87F8C7D4344FD7F89090B9F190
S214024648000F27D100210DF11E0B434622460846CD
S214024658CDF800B010F0E4FAC3B20546002B4BD1F1
S214024668BDF81E0018F072F8E0B9BDF81E0018F082
S21402467869F98146BDF81E0018F068F8F0B906EB2D
S214024688080201232146584692B200F07BFDD0B1BB
S21402469819209AE75B465A4601212846C847002849
S2140246A8D0D191E7D7F89430BDF81E00002BDCD0A5
S2140246B8A11998470028D8D1022086E742464846DC
S2140246C8A119F8F7FDFEBDF81E001CF0CDF8029BF6
S2140246D8059A0372049B80F809A08372039B1BBA8F
S2140246E8C360AC2303FB027393F85020BDF81E0088
S2140246F822B1DB6C03B19847E8B266E7BB6FF9E70D
S214024708012062E712630020CC530020E853002001
S2140247182DE9F84308460F46164602F1010918F035
S21402472816F98046384618F00AF8042856D138464C
S21402473818F029F848F661054FF6FF7248F6410365
S214024748294C904208BF1D46B4F85C10301D1CF078
S214024758E4FC384618F017F80146B01D1CF0DDFCDC
S214024768B4F85E1006F108001CF0D7FC06F10A043D
S21402477838460DF067FF10B145F01005ADB2294670
S21402478848461CF0CAFC384618F0DCF84246014691
S2140247982046F8F795FE384601211CF09DF8444459
S2140247A8074660B11CF07CF8054638461CF05CF8F3
S2140247B8EDB201462A462046F8F782FE2C440B4AFA
S2140247C8A41B13780134591C1170F37034703046E8
S2140247D8BDE8F843092201211BF086BF48461CF0B3
S2140247E89AFC4C460546C3E7E853002013630020AC
S2140247F8AC2210B548245043094B1A1892F8A81050
S21402480804FB0100034493F87700022806D092F8C6
S21402481850301BB9032818BF012010BD0020FCE742
S214024828E853002070B508B1012070BD234C94F8F7
S214024838A850002DF8D12946B4F85C20FFF706FAEE
S21402484829462846B4F85E20FFF7EAF9294628469C
S21402485804F16002FFF7C8FC94F87730002BE3D027
S214024868284694F85860FFF73BFA864215D100208E
S21402487894F95A50FFF728FA854216D10020FFF716
S214024888B7FF044600201BF0E5FE0028CDD02146DF
S214024898BDE870400020FFF7F7B9284694F858108C
S2140248A8FFF730FA0028E2D0BFE7002094F95A1042
S2140248B8FFF7FCF90028E1D0B7E700BFE85300206D
S2140248C80346AC2010B51446164A00FB032292F89B
S2140248D8770002280CD1E07F022809D141B112499B
S2140248E80978012913D992F85810227891420ED1E4
S2140248F818462178FFF7FAF990B1482221460B4864
S214024908F8F7DEFD00201BF0A5FE08B9002010BD52
S214024918044B93F8A8000028F8D1FFF783FFF5E7C1
S2140249282120F4E7E8530020026D002040540020BE
S21402493838B5AC230D4C054603FB004300205A6DE0
S214024948D86483F8500012B15865FFF719FCF5F7DA
S214024958C1FBFF281EBFAC2303FB054484F8A8004E
S2140249680020FFF75FFF002038BD00BFE853002095
S2140249787FB51D4C94F8A83023B1002084F8A8000F
S214024988FFF750FF94F85A30B4F8A0608DF80F304D
S21402499826B940F2FD2115481CF0DFFA144B3146C1
S2140249A81D6800202A46FFF7B3FEE46F02469CB154
S2140249B80DF10F0301930023294630460093A047C2
S2140249C802462C7854B920462146FFF7A5FD204614
S2140249D8FFF7CAFC04B070BD0122F2E729460020A0
S2140249E8FFF706F8F6E700BFE85300202CAD0400F0
S2140249F82869002038B5494B1C78002C58D14848FD
S214024A0800F06CFC20461BF025FE002850D0454CD2
S214024A182378D90733D594F850201AB123F0030324
S214024A28237045E023F00103237010F0CBF92378B6
S214024A3805469A0701D510F0BBF9294600200FF063
S214024A4853FF40B92378284643F001032370BDE894
S214024A58384010F0ADB90023482284F8A33094F801
S214024A68A83084F8A25002FB0343D3F89830A4F87F
S214024A78A000C4F8A430BDE83840FFF779BF94F820
S214024A884400B0B104F1A003251D95E8030083E8AD
S214024A980300FFF76DFF94F844202846D20004F17D
S214024AA80C01F8F7CFFB94F84430013B84F8443005
S214024AB838BDA26C62B99B0711D52378002023F073
S214024AC8020343F001032370BDE83840FFF74CBCED
S214024AD80123A06484F85030904723789EE710F0AC
S214024AE889F90028E9D194F8A83073B1F5F7F2FAF3
S214024AF894F85030002BDBD1FF2818BF84F8A800A2
S214024B08BDE838400020FFF78DBED4F88C30002B65
S214024B18ECD098470028CBD1E8E700BF1263002004
S214024B28706A0020E853002070B5044600201BF087
S214024B3891FDAC235C430B4E351995F850300BB1FA
S214024B48002070BD0028FBD007481CF07AFB00281E
S214024B58F6D1335D002BF3D195F84400B0FA80F015
S214024B684009EEE7E8530020706A002010B5084AAC
S214024B78034617F0FAFE14684FF6FF7203EB40037B
S214024B889C42184603D9018802339142F8D010BDD8
S214024B98A45400202DE9F047204F05463B88A3B3CE
S214024BA8B0F90230002B30DBDFF87C801C49D8F8DD
S214024BB80000F8F74BFD20B94FF4EA7119481CF0CB
S214024BC8CCF90026DFF85CA0DFF860903A88B3B22A
S214024BD89A4204D84FF4EB7150461CF0BEF9D9F845
S214024BE80030B2B253F83200D8F8001003EBC20411
S214024BF868B943F83210A38828460133A38017F011
S214024C08B4FEE38803EB4003E380BDE8F087F8F7D9
S214024C181DFD01360028D9D1EDE700BFB45B0020A0
S214024C28F9AC040003AD0400906A002098540020F2
S214024C3838B5094C094D22682B689A4204D94FF4B4
S214024C48877107481CF089F928682368C01A20F07B
S214024C58010080B238BD00BFA4540020AC54002026
S214024C6803AD040038B5124C124D21462846F5F716
S214024C78B7F823680BB12B681BB9DE210E481CF067
S214024C886CF92A680D4B0E491A60236823F0010353
S214024C9813440B600B4B1A602AB9BDE83840F8215A
S214024CA805481CF05AB9FFF7C3FF6428F5D938BD82
S214024CB89C540020A054002003AD0400A8540020F1
S214024CC8AC540020A454002038B5094C094D22687B
S214024CD82B689A4204D34FF48A7107481CF03DF9B0
S214024CE828682368C01A20F0010080B238BD00BFC9
S214024CF8A8540020AC54002003AD04002DE9F0416E
S214024D081D4B04461B78012B24D100881BF08EFD10
S214024D180546D8B10426DFF864802C461CF096F8BF
S214024D2807462046FFF736FF638843EA0803638090
S214024D38A05B1BF07BFD044638461CF082F81CB1CB
S214024D48B4F90230002BE9DA062E01D1BDE8F0816B
S214024D580626E2E7022BF9D11CF078F802462088EC
S214024D681BF064FD18B10388C3F30E0323801046B4
S214024D78BDE8F0411CF065B8146300200080FFFF10
S214024D882DE9F04F0024BA4B97B006461C801CF05B
S214024D985DF80123DFF8EC82B64F3B70B8F80030B6
S214024DA8A8F80040ADF81630B34B1B6801931CF008
S214024DB848F8B24B21461A88B14BD2001868F8F761
S214024DC8EFF90DF11600FFF799FF002E3CD1DFF838
S214024DD8B8924FF0000B0125D9F80040019B9C427F
S214024DE839D3BBF1000F39D1002DF2D0D9F80040E3
S214024DF8DFF898A225462246019B9A4273D30223DD
S214024E080DF116003B70FFF779FF002E40F08F80F9
S214024E18D9F800603246AA4280F0A28090881BF039
S214024E2805FD18B10388C3F30E039380D0881BF0E0
S214024E38FDFC18B10388C3F30E03D3801046FFF7B0
S214024E4895FE0246E7E79847E3B256F82330013460
S214024E58002BF8D1BBE7BBF1000F3ED00BF1FF33B6
S214024E685FFA83FB16AB03EB8B0252F8402CB2F9BF
S214024E78020051880028B1DA4B04AFD4924641F4B6
S214024E888040931D2AF8020F02933AF8020F1BF08D
S214024E98CDFCF0B1B0F902E0B0F802C0BEF1000FE6
S214024EA817DB6FEA4C4C6FEA5C4CA0F802C0039022
S214024EB8FFF770FEBBF10F0F8FBF002516AB039AE4
S214024EC803EB8B009EBF0BF1010340F8402C5FFA00
S214024ED883FB029B9A45D8D180E72046FFF746FE19
S214024EE822460446C3E7104617F03FFD8346B2F94A
S214024EF80200118800280AEA010108DA20461BF097
S214024F088BFC084381B204EB4B0402EB4B051046BC
S214024F181180FFF72BFE02466EE798475FFA8AF380
S214024F2856F823300AF1010A002BF6D170E74FF043
S214024F38000AF3E73046FFF719FE82467EB1B6F955
S214024F4802307188002B0ADA3088C0F30E001BF094
S214024F586DFC864203462DD1C1F30D01718056467B
S214024F68AE42E7D3DFF81CA11BF070FF002106460D
S214024F78504617F05DFD1BF059FC0546002800F068
S214024F88878030461BF05DFF284617F0EEFC064683
S214024F9820461BF041FC81467600324629462046CA
S214024FA8F8F750F9002249460DF116001CF021F9CF
S214024FB83444D9E71BD9304617F0D7FCC1F30D01A4
S214024FC8420071801846314692B2F8F73BF9C6E7B6
S214024FD85046FFF7CBFDD146854203D9B0F90230D9
S214024FE8002B01DA824603E0FFF7C0FDF4E7B1467C
S214024FF8554507D9BAF80000C0F30E001BF016FC98
S2140250088245E5D3B9F1000F30D0B9F80000C0F3F5
S2140250180E001BF00BFC034638B93346CB469945BF
S21402502813D8B1459BD0D946ECE7484617F09DFC05
S214025038B9F802204946C2F30D02A9F80220420036
S21402504892B21846F8F7FEF8E7E718460193FFF714
S2140250588DFD019B9B46854203D9B0F90230002B91
S21402506801DA0346DBE7FFF781FDF4E7CB46DAE72A
S214025078B65B002014630020A4540020B45B002012
S21402508898540020B85B0020A85400200080FFFF38
S214025098BDF816303870A8F80030044B30461C604D
S2140250A81BF0CFFE17B0BDE8F08F00BFA454002057
S2140250B82DE9F04105461BF0B9FB0F460446D8B168
S2140250C81CF081F820B940F2FB4120481BF045FF4E
S2140250D828461BF0E5FB05462046FFF747FDBD427E
S2140250E8064609D004D840F2035118481BF035FF8B
S2140250F82588ED0B02D02781BDE8F081678020461F
S21402510817F033FC074604EB40081BF09FFE104BD3
S2140251181A68B2420AD1C3F800801BF092FE2A46E9
S2140251284046BDE8F041FF21F8F73AB8A6EB080674
S214025138B5B21BF086FE072DF1D90023083D44F8C8
S2140251481730C8F80430A8F80250D5E703AD0400B3
S214025158A454002038B51BF079FE00210546044801
S21402516817F066FC044628461BF06BFE204638BD40
S214025178B85B0020024B1888B0FA80F040097047E6
S214025188B85B00202DE9F74F044600881F461BF03F
S2140251984DFB8846154606461CF015F820B940F21F
S2140251A8FE613F481BF0D9FE3388DB0B009306D01E
S2140251B833892B443381002003B0BDE8F08F208862
S2140251C81BF06EFB82463046FFF7D0FC01901BF0C0
S2140251D83DFEDFF8D0B0019BDBF8002081469A42FC
S2140251E81DD1FFF725FDA84204D248461BF029FE2A
S2140251F81A20E1E70AEB050373803FB120881BF00B
S21402520833FB2A4641465044F8F75AF93046FFF728
S214025218ADFCCBF8000048461BF013FECBE71BF0AC
S21402522810FE20881BF03CFB2844009980B21BF035
S2140252388FFB06460028DBD01BF016FB814620882B
S2140252481BF012FB824620881BF02AFB51460246B8
S2140252584846F8F735F93046AFB11BF005FB074666
S21402526820881BF01DFB2A4641463844F8F728F9E1
S214025278012120881BF030FB0121024630461BF034
S2140252883FFB268097E71BF0EFFA804620881BF044
S21402529807FB2A4639464044F7F782FFE8E700BF8D
S2140252A803AD0400A4540020342101481BF055BE67
S2140252B817AD0400036910B55BB18268064B9A42C3
S2140252C801D1002010BD44691BF040FE201AF9D512
S2140252D8F7E74FF0FF30F5E7B152020082681C4B41
S2140252E870B59A420446056819D11BF0AFFD2369CA
S2140252F823B1A34206D100222A601A61BDE8704093
S2140253081BF09FBD1A4611461269A242FBD12A68B3
S214025318A24208BF29600B6100232361EEE70369F6
S21402532893B198426E6803D19D210A481BF015FE78
S2140253382B46B44209D122699D4218BF1A614FF022
S214025348000308BF6A60236170BD33463669F0E71A
S214025358B152020017AD04002DE9F04707460025B2
S2140253684FF0010A154EDFF858808AB0347914B91E
S2140253780AB0BDE8F087D6F8009087B900972A46A3
S214025388B8F80010234603A81BF0CAFF2246484670
S21402539803A9E9F799FC2544EDB20836E6E7224662
S2140253A803A94846E9F764FCCDF800A023462A4636
S2140253B8B8F8001003A81BF0B3FFECE7B40F05001B
S2140253C8BA5B00200148FFF799BC00BFBA5B002011
S2140253D89C46174BF7B5054608461988164611B176
S2140253E8144B1C78CCB1014662463046BDB103B0B8
S2140253F8BDE8F040E9F73CBC1C44E4B208373B7908
S214025408002BF0D03A689642F6D185F0010522467E
S21402541800951BF085FF03B0F0BD074FEFE7E9F7ED
S21402542853FCB0B203B0BDE8F04015F026BB00BF8F
S214025438BA5B0020336D0020B40F050010B5074C88
S214025448238843B10020FFF787FF0020FF22044B82
S21402545820801A7010BD0220FCE700BFBA5B00204D
S214025468336D0020142810B518D8082805D115F071
S2140254787DFBC401E4B2204610BD0E2802D115F009
S21402548878FBF6E7064B53F82040002CF3D00A28A0
S2140254982478F0D107F0C2FB0443EBE7FF24EAE7DF
S2140254A804100500014BB3F868007047E853002063
S2140254B80048704752540020014B1878704700BFC6
S2140254C888620020014B1878704700BF8B62002064
S2140254D8014B1870704700BF8B620020204B0228D1
S2140254E810B5204C187002D00438012822D8237828
S2140254F8042B0BD000211C481BF0A2FA2378033B8E
S214025508012B03D9002119481BF09AFA184B1B687D
S2140255189A0022D513F0805F40F6114418BF4FF464
S2140255284164204615F0D7FEC8B92046BDE81040AB
S21402553815F0A1BA0C48FFF7D1FE0C48FFF7CEFECD
S21402554817F0EFFC2378033B012B03D815F0BDFEBA
S2140255581624E6E70DF0BAFFFAE71524E1E710BDD0
S2140255688F62002090620020B46A00209C460020C9
S21402557830470020024B187800F00F00704700BF33
S2140255888F620020034B187800F00F00831E5842E3
S214025598584170478F62002008B517F0ADFCC0B1BD
S2140255A817F0C3FCA8B10FF01BFD90B90A4817F014
S2140255B8F6F970B1094817F0F2F950B115F0DEFAAB
S2140255C838B115F08AFE20B9BDE80840044817F03D
S2140255D8A9BA002008BD00BFBC5B0020F05B002013
S2140255E8B054002030B505460C4693B081B910B9C0
S2140255F8002013B030BD1023214A69460120FFF768
S214025608E7FE9DF805305A1E052A28D91720F0E726
S214025618182200212046F7F7C3FD002DEBD1FFF72D
S214025628B1FF30B315F052F96A4601460020FEF77C
S21402563891FEBDF80430204623819DF80230A372FD
S2140256489DF80030E37217F035FE002304F11401CA
S214025658237304F1100004F0F7FDE081C8E7094A55
S2140256689DF8041012789142D0D12B70002CD6D116
S214025678BEE7054B1B78033B022BD3D9C6E700BF10
S21402568864EE0100096D00208F62002030B593B0E9
S21402569805460C46FFF776FF20B90C4B1B78033BF2
S2140256A8022B10D815F012F96A4601462846FEF76C
S2140256B851FE00209DF80230607023709DF800307D
S2140256C8A37013B030BD1720FBE700BF8F6200201F
S2140256D8054B1878012805D000F0FD00A0F131032B
S2140256E858425841704700BF8F6200202DE9F341A7
S2140256F80E46002105461BF076FD0023124FADF834
S21402570806002B800DF1060017F049F9044610B181
S21402571802B0BDE8F08121460DF1060017F088F9BF
S21402572880461BF0A1F8438AB34207D99B1B4382E3
S2140257382246414628461BF05CFDE3E743895B07A1
S214025748E0D53B88F3E700BF9E6C002008B50A4800
S214025758FFF7C4FD09484FF47A71FFF7C7FF0748F9
S21402576817F01DF930B9BDE808404FF47A710248BF
S2140257781BF066B908BD00BF946A0020AC6C002016
S2140257881FB50146002201A81BF02AFA064801A9FD
S2140257981BF08CFD20B11BF067F84089C0F340006F
S2140257A805B05DF804FB00BFAC6C002030B585B0D0
S2140257B80D460022014601A81BF012FA084801A964
S2140257C81BF074FD50B11BF04FF804460146082240
S2140257D82846F7F737FD6089C0F3400005B030BDAC
S2140257E8AC6C002010B5044C204617F00FF96388FD
S2140257F8181A80B210BD00BFAC6C0020F8B505467A
S214025808F8B100210F481BF0EEFC0446A8B10D4F74
S21402581820461BF029F806461BF0CEF9830705D466
S214025828082229463046F8F707F838B1214638469E
S2140258381BF0FDFC04460028EAD10024201E18BFEF
S2140258480120F8BDAC6C002010B50C46014606488F
S2140258581BF02CFD30B11BF007F843891C4214BF1D
S2140258680120002010BD00BFAC6C00201FB51446F6
S214025878024601A81BF0B4F9074801A91BF016FD59
S21402588840B134B11AF0F0FF142201462046F7F769
S214025898D9FC012004B010BDAC6C00201FB501462F
S2140258A8002201A81BF09CF9094801A91BF0FEFC7E
S2140258B858B11AF0D9FF4389024613F0020004D001
S2140258C8507B80F00800C0F3C00005B05DF804FB0A
S2140258D8AC6C00200146014817F0BEB9AC6C00203B
S2140258E8F8B504460E46142000211BF031F805468A
S2140258F8204617F08BF86388834225D925B33146AC
S214025908204617F0A9F908BB28461AF0ADFF074645
S2140259180A223146F7F796FC082206F10A0107F131
S2140259280A00F7F78FFC0A4B1B887B82238823B969
S2140259384FF47A7107481BF083F82046002229465E
S2140259481BF057FC0020F8BD1C20FCE72E20FAE7C7
S2140259589E6C0020946A002010B5044686B0B0B14A
S2140259681BF02AF910F0020011D1CDF80E0061687A
S214025978CDF81200ADF81600206801AB03C32289E1
S214025988044801A91A80FFF7ABFF06B010BD212014
S214025998FBE700BFAC6C0020F8B50D4616461F465E
S2140259A8044648B31BF008F930BB2046FFF792FFBF
S2140259B8E0B1214611481BF079FC1AF055FF4389DD
S2140259C805734673877343F0020321894381204691
S2140259D801F0F2F9FF28044606D001F0F3F818B1F0
S2140259E80022074B43F82420002004E02046FFF755
S2140259F8B3FF0028DDD0F8BD2120FCE7AC6C002000
S214025A086C440020F7B59DF824400D4601949DF895
S214025A182040064600941F460DF076FC4FF6FF71AE
S214025A288842044610D0BB0711D4284600F0CCFFA3
S214025A3820461BF039F9FF281FBF084A32F81030F3
S214025A4823F4804322F81030204603B0F0BD024605
S214025A582946304617F007F9EAE700BF805B0020C0
S214025A6873B50E46014614481BF020FC0546D8B10D
S214025A781AF0FAFE43890446334012D09B0736B220
S214025A880BD5002E09DAA17B437B0289007B0191A4
S214025A98012100912146FFF7B5FF638923EA060331
S214025AA86381628912B1012002B070BD294602489C
S214025AB816F0DDFFF7E700BFAC6C00200148FFF7E1
S214025AC81DB900BFAC6C00201FB50C460B4A014638
S214025AD801A81BF085F801A8FFF7FCFE60B101A932
S214025AE807481BF0E3FB1AF0BFFE0368236043680F
S214025AF80020636004B010BD2D20FBE7721005007D
S214025B08AC6C002013B53E4C12F0B5F9D4F8FC3153
S214025B181020C3F307430193FFF7A4FC000650D5F1
S214025B280020FFF79FFC01064BD5019B802B3ED138
S214025B38236A9A0704D440F61544204602B010BDDC
S214025B48E3699B07F7D52F4816F070FC012016F07C
S214025B58D4FD12F0A3F904460028EED100F086F927
S214025B68294816F0B9FF00F0F1F9E8F7CBF912F078
S214025B7881F90AF0F1FC0AF043FDF4F78DF9F4F71F
S214025B8841FAF4F75BFA04F003FD14F0F1FF14F09F
S214025B98F2FF15F0A5FB1D480CF00CFC07F092FE70
S214025BA815F05DFB0028C8D015F05BFBC5E7019B26
S214025BB8812BC0D1D4F80C315B00BCD5D4F80C319B
S214025BC8BFE71020FFF74EFC0006BCD40020FFF704
S214025BD849FC0106B7D5019B802B05D1084B1A6AEA
S214025BE8D207A8D5DB69ACE7019B812BA3D1044B6E
S214025BF8D3F80C21002A9EDAD3F80C31A1E700BFAD
S214025C080080E00F690345ECB05400208957020073
S214025C1810B517F083F970B301F0B8FB80F00104F1
S214025C28E4B20020FEF7F6FA44EA800424B217F03B
S214025C3863F910BB0220044316481BF002FB44EA31
S214025C48401415481BF0FDFA24B244EA001413481F
S214025C581BF0F7FA24B244EA801411481BF0F1FA52
S214025C6824B244EA40240F481BF0EBFA24B244EA72
S214025C78C02080B210BD0124D3E70B4816F08FFE71
S214025C880028D7D0094816F08AFE80F00100C0B274
S214025C984000D0E7F46A0020D86B00203447002082
S214025CA8586B0020B86B0020BC5B0020F05B00201D
S214025CB808B501F047F90EF0DFF8FDF7D9FE1548EA
S214025CC816F06DFE08B906F065F9134816F067FE79
S214025CD808B907F0E1FD03F059FC0CF01DFD0F486A
S214025CE816F02CFF0E4B1B78043B022B09D80D48E6
S214025CF81BF0A7FA28B1FFF78BFF102801D109F08D
S214025D087DF914F03DFF16F0BCFFBDE808400648D2
S214025D18FFF736B8BC5B0020F05B0020B0540020CA
S214025D2890620020D86B00207C100500014B186892
S214025D38704700BFE4530020F8B54FF6FF77104BC4
S214025D4806461B780C46033B012B0F8009D83046C3
S214025D580AF0BAFC4FF6FF73984220800ED0002055
S214025D680DE00CF023FEB84205462080F7D13046F7
S214025D7800F002FDA8422080F1D1E8E72D20F8BD08
S214025D88906200204FF6F77370B5984204460D46A7
S214025D9886B05AD816F076FFA04207D108222C49B8
S214025DA82846F7F74FFA002006B070BD294EB6F817
S214025DB86830A3420AD10022082106F16A0016F0CA
S214025DC8F3FE18B9082206F16A01E9E7ACB1224BDC
S214025DD81B78033B012B1AD80023012219462046BA
S214025DE800930AF01BFBFF2823D1294620460AF017
S214025DF8BFFC80F00100C0B2D6E7184B1B689B07B1
S214025E08E5D4284608F0DCF90028E0D0CBE720469F
S214025E1800F06AFFFF2806D129462046FFF754FEFF
S214025E280028D9D1BFE7294600F080FF0028F3D022
S214025E38B9E702A918F054F90028D6D1DDF80D30D2
S214025E482B60DDF811306B60ADE70120ACE700BFD0
S214025E5815630020E8530020906200203047002097
S214025E68014B1870704700BF096D002010B5054C2D
S214025E78082221460448E8F7FBFE204616F03CFFB7
S214025E8810BD00BF1563002034B608C0004870472E
S214025E9815630020082208B50349F7F7CDFCB0FAC7
S214025EA880F0400908BD00BF15630020014B18703A
S214025EB8704700BF83620020074B44F6FF701A78CB
S214025EC840F6FF73012A18BF1846044B1B780BB11D
S214025ED840F40040704700BF9062002083620020B2
S214025EE8F7B50D46044616461F460021284601F019
S214025EF8F1FF0B4B002183F859402A4633462046C9
S214025F0800970EF0AFFC014630B10222204603B0DD
S214025F18BDE8F04000F006B8012003B0F0BD00BFAF
S214025F28E853002013B513460C461AB1022A0CBFD2
S214025F38134601230021044A019100922246FEF7E5
S214025F48A5FA02B010BD00BF07D0030000B50020B6
S214025F5893B0FEF717FA1E4B18880CF031FA1D4B51
S214025F681D491A7800200EF0A1FD34220021684649
S214025F78F7F716F90B238DF800306FF48033019388
S214025F884FF6FE73ADF8103003238DF81D30134B11
S214025F98134A0893134B10680993134B51680D93D1
S214025FA8124B6A460E93124B0F93124B1093124BD8
S214025FB8119302AB03C300210846FEF781FC6A462A
S214025FC801210020FEF77CFC13B05DF804FB00BF3D
S214025FD8966C00201C6D0020F0BC0400FD630200D5
S214025FE815630020A3CD0300759C0200A565020078
S214025FF875B3020007D00300C5960200014B187855
S214026008704700BF1D630020014B1888704700BF09
S214026018B06C00202DE9F74F814610460E46904692
S2140260281BF079F8DFF840B105469BF8003033B923
S2140260384A4B1B681BB94A4B1B68002B7FD015F4CA
S214026048406A05F040071BD19FBBB5F5804F61D269
S2140260584FF48074B9F1400F73D0B9F1800F63D052
S214026068B9F1100F6BD100239BF800003D4AD9B254
S214026078884264D932F8021B0133A142F7D166E09E
S21402608808F103001BF047F84FF6FF73984214BF57
S2140260980124022487B1052705F44043B3F5004FCF
S2140260A844F0080425D0B5F5804F24D244F4807411
S2140260B821E054460327EFE7B5F5804F4FF0050772
S2140260C8F4D3BAF5406F14BF02200820384440447F
S2140260D81BF021F8019016F0F2FD019B05F44045ED
S2140260E898420CBF44F0080444F00404B5F5004F87
S2140260F801D144F08004BAF5006F0FD108EB07000F
S2140261081BF009F8054616F0BDFDA842A2D144F0D8
S21402611810049FE7544603270220D7E7BAF5406FD4
S21402612808BF44F0200495E70C4B1B683BB10022DD
S214026138D1B233F8110033F91110002903DA00201E
S21402614808E0074BF1E7A04202F10102F0D106B1DE
S2140261583480012003B0BDE8F08F00BFC054002091
S214026168C45400201A5C002065630020034B1A788A
S214026178022A04BF09221A70704700BF1E63002055
S2140261880C22034B1A211A700320002202F024B8AC
S2140261981E6300200C2208B5054B1A211A7000222D
S2140261A8104602F019F80022024B1A6008BD00BF1A
S2140261B81E630020CC5400200C2270B50D4B0546F9
S2140261C81E781A7030B93046BDE8704000221A218F
S2140261D802F002B8084B1C78E1B21A29F3D825FA5D
S2140261E804F3DB0703D54422304601F0F5FF0134F9
S2140261F8F2E700BF1E630020356D00200C22024B1A
S2140262081A7015F063B800BF1E630020F0B50C883C
S21402621805460E468BB0E4B94FF6FF77ADF8247004
S21402622815F067F810B902200BB0F0BDCDE90340AF
S214026238CDE90544134A0294B2F85C306032019301
S21402624800923B464CF60101FF2009AA18F091FA83
S2140262583080284616F0ACFE0B4C70B1237863B13A
S214026268013BDBB22846237016F0A2FE38B120782E
S214026278B0FA80F04009C0B2D6E70523F2E701205B
S214026288F9E700BFE8530020346D0020034B11469F
S2140262981B6803B1184714F0ACBB00BFCC540020EF
S2140262A80C22024B1A700AF0F1BC00BF1E630020D3
S2140262B80148FEF723BD00BFBE5B00207FB505463A
S2140262C80C4616461AF0A0FD00286BD1062D03D8F8
S2140262D85223EB40DB071AD4B4F1006F05D3E30E62
S2140262E81C3B032B18D94F202EE000222F4B1A6096
S2140262F82F4B1D7016F081FC03460A2D54D8DFE892
S21402630805F02D183E49182518535341360002F059
S2140263183BFCB4F1006FE2D20022244B042D1A6033
S214026328234B1D70E6D1022001F02EFC16F065FC08
S2140263380346012202921F4A01921F4A00921F4AEE
S214026348314620460EF088FE04B070BD314620461F
S2140263581B4A04B0BDE870400EF066BE31462046C1
S214026368184B194A04B0BDE870400EF041BE002230
S2140263780292164A0192104A0092154AE0E7022251
S2140263880B4B1A7000221046124904B0BDE8704042
S214026398FEF742B8002202920F4A0192064A00927B
S2140263A80E4ACDE74D20CFE70120CDE7CC5400209A
S2140263B81E630020C1610200FD630200F3CF0300E2
S2140263C8A96202009D61020095620200056202004F
S2140263D8156202007561020089610200B5CF0300EA
S2140263E808B50EF069FE0C22014B00201A7008BD93
S2140263F81E630020F0B585B0ADF8060018B9762100
S21402640864481AF0AAFDBDF8060016F098F9044684
S214026418BDF8060016F093F9082846D00C2CBDF8ED
S214026428060042D116F08EFA07461AF074FE0DF1EF
S2140264380F010646BDF8060014F083FB002879D043
S2140264480922002138461AF04FF99DF80F3010330A
S214026458C518BDF806001AF023FAEDB2854269D2CD
S2140264682946BDF806000EF035FF06F44C4416F42D
S2140264784066054614D0F81C1AF04DFE4FF6FF7318
S214026488984208BF44F04004B6F5006F08D1781D5C
S2140264981AF041FE4FF6FF73984208BF44F0100404
S2140264A89DF80F305BB3072D44D1BDF8060016F0F1
S2140264B83CF90446BDF8060016F041F9082817D03C
S2140264C8A30615D524F0200189B2BDF8060016F0F9
S2140264D817F9BDF8060016F035FA002109221AF057
S2140264E803F900F1100189B20DF1060018F06AFAF4
S2140264F80022BDF8061028481AF07BFE1AE0082D7E
S21402650816D8BDB1013D072D14D801A353F825F0BE
S21402651875650200816502003D650200416502005C
S2140265283D6502008D650200B364020093650200B1
S2140265387C2D24D005B0F0BD24F48844A4B2B4F56A
S214026548084FF7D1BDF8060016F0F4F8BDF80610A5
S2140265580BF0D0FF0028A8D0BDF8060016F055F9B3
S2140265680022014602201AF09FFDE3E724F4806425
S214026578A4B2B4F5484F97E7B4F54C4F94E7B4F590
S2140265884C4F92D04CF6500301E04CF640439C42E6
S2140265988AE700BF25AD0400BC5B00202DE9F7435F
S2140265A80F469046994606461AF05EF90446304665
S2140265B81AF076F9C5B2083D2C44E178094BA27860
S2140265C81970094B31461A70002043463A46CDF8F0
S2140265D8009012F005F9003818BF012003B0BDE894
S2140265E8F08300BF42630020416300202DE9F04F8C
S2140265F8DFF84081DFF8409198F8002099F80030DB
S21402660806469A4285B004D340F2191142481AF057
S214026618A4FC30460DF10F011AF0FAFA20B14FF435
S2140266288E713D481AF099FC98F800709DF80F4054
S2140266383D1B15F0FF0530D04FF0FF3C374B0121CC
S2140266481B78A140184699F800304FF6FF790CFAE5
S21402665803FC0023324A01F1FF3E0193C1F1000A0E
S2140266689DF80430984243D8122004FB00002D4BB4
S214026678A0F1120105EBC5025200194404F1010902
S2140266881844F6F7DFFD4FEA89092748A9F10401FD
S2140266980144AA004844F6F7D5FD224904EBC40291
S2140266A801EB420321F81260204A013712784FF6AE
S2140266B8FF71DA731A745A7412025A801C4A0D2031
S2140266C812781A7110225A7100229A73C3F8062099
S2140266D8C3F80A20144B43F8242088F800701AF0EE
S2140266E8E3FC0EB908F05CFF204605B0BDE8F08F63
S2140266F813884B450AD053680AEA030B03EA0E03CB
S2140267080B4403EB4B0343EA0C035360019B08322A
S21402671801330193A4E700BF38AD0400166D0020CC
S214026728C8440020705900206C44002042630020B0
S2140267381F63002089620020146D00202DE9F041B5
S214026748074600250A4B0B4E93F80080ECB2A0458C
S21402675803D8FF242046BDE8F08108223846B11D3A
S214026768F7F76AF801350028F4D01236EEE700BFCC
S214026778896200207059002008B5FFF7DFFFFF285E
S2140267881DBF00B2044B00EBC0004FF6FF7018BFE7
S21402679833F8100008BD00BF7059002007B50DF188
S2140267A807011AF035FA30B19DF80730034803EBB3
S2140267B8C30300EB430003B05DF804FB70590020E6
S2140267C82DE9F843294E044633785D1E2D1A834276
S2140267D8EDB204D84FF4A17125481AF0BEFB012386
S2140267E8A3404FF0FF305F1E3B4400214FF6FF7E6A
S2140267F86FEA03081F4A92F800C01F4A12789040B0
S2140268081E4ACBB29C4523D8BDB127B204EBC404BA
S2140268181B48640005EBC50204F11201014452004C
S2140268282044F6F70FFDBF001648AA00391D01449A
S21402683802F0FC023844F6F705FD33780022013BE5
S21402684833704FF6FF71BDE8F8430E201AF02CBCE1
S2140268581388734507D0536808EA03093B4003EBDD
S21402686859030343536008320131CAE7896200209C
S21402687838AD0400166D0020146D0020C8440020B0
S214026888705900206C44002010B50A4C207858B97C
S214026898094B1B781A2B03D9992108481AF05DFB75
S2140268A80322074B1A7010BD0138C0B2FFF788FFE3
S2140268B8ECE700BF89620020146D002038AD0400A2
S2140268C8856200202DE9F04705461AF005FDFF28E7
S2140268D8044624D1DFF884901E4B99F800201B78D2
S2140268E89A422BD22846BDE8F047FFF77FBE388883
S2140268F83B79504518D86F2B4FEA131214D85B070A
S21402690810D0123708F1010899F800105FFA88F6D5
S214026918B142ECD80023104ADEB28E4214D3204687
S214026928BDE8F087022AECD90DF0E2F90028E8D192
S21402693829463046BDE8F04716F07BBB4FF0000804
S2140269484FF6F77A044FDFE7107901338F28EFD82E
S2140269581232E1E7146D0020705900208962002087
S2140269684FF6F773984210B514D8FFF7ABFFFF2817
S21402697810D0134C00B200EBC00004EB400412F037
S21402698888F9104938B962880B7802EB0313A3EB2F
S2140269981213638010BD227C637C09789A42E273E4
S2140269A82374617407D98B4203D213468B4228BFDD
S2140269B80B461B02EDE78A42F8D31346F9E700BFF7
S2140269C870590020426300202DE9F04106460F4622
S2140269D800240E4DDFF8388098F80030A34201D81C
S2140269E8BDE8F081082229463046F6F725FF40B969
S2140269F835F8063CBB4204D02046FFF7E1FE013CD0
S214026A08E4B20134E4B21235E6E700BF7659002054
S214026A1889620020F8B5054608460E46FFF78EFE40
S214026A28FF2830D01D4B294653F820703046FFF712
S214026A38CBFF2846FFF746FFFF28044625D10CF071
S214026A4883F8FF280AD1164C207838B113F041FF94
S214026A582378B0FBF3F202FB1300C0B2294616F005
S214026A68E8FA044623B20F4D03EBC30305EB4305CE
S214026A7808223146A81DF6F7E5FB2B79204603F0D7
S214026A880F032B71F8BD0027D3E7074B1B78002BA3
S214026A9818BF0027014B43F82070E3E76C44002038
S214026AA8146D002070590020366D002038B50B4B47
S214026AB804461B780D46834204D840F25A210848F9
S214026AC81AF04BFA074804EBC40400EB44002946C4
S214026AD8BDE8384008220630F6F7B4BB146D00202D
S214026AE838AD04007059002070B5044608460E46B4
S214026AF81AF0F2FBFF28054610D02046FFF71EFEC6
S214026B08FF2807D0084B1B7823B9084B53F82020D8
S214026B1843F8252021462846FFF7C8FF3146204677
S214026B28BDE87040FFF750BF366D00206C44002069
S214026B382DE9F8430024804601272646114DDFF842
S214026B484C9099F80030A34210D83E430134E4B280
S214026B581A2C4FEA470705F11205F2D14FF0FF301B
S214026B68094B1B7898403043BDE8F8832B88434589
S214026B78EBD0284616F0B5FA0328E6D82B796F2B01
S214026B88E3D8E3E770590020146D002089620020DC
S214026B9810B5084C00EBC00004EB400423795B07F1
S214026BA807D1204616F09DFA237923F007031843E7
S214026BB8207110BD70590020014B1878704700BF2D
S214026BC8376D0020014B1878704700BF366D0020DD
S214026BD870B51A48FEF782FB194B1B78033B012B4C
S214026BE828D805F0A3FB03F057FBBDE870404FF426
S214026BF87A51124819F024BF23798F2B4FEA1311C2
S214026C0811D80131204616F09CFA062901D8032924
S214026C1809D12379002223F007034FF6FF710F20CC
S214026C2823711AF041FA123401353278EBB29A42DD
S214026C38E2D8D6E70025034C034EF6E7B46A0020EE
S214026C489062002070590020896200200022084BBA
S214026C581878084BD1B2884203F1120300D870475D
S214026C6813F80D1C013221F0100103F80D1CF1E790
S214026C7889620020705900202DE9F0470226122763
S214026C88DFF85C90DFF85C8099F8004000250CE09D
S214026C9807FB05F338F803A00021504616F036FA2B
S214026CA810B15CB1013CE4B2013599F80030EAB2A1
S214026CB89342EDD8A34204D14FF6FF7A5046BDE878
S214026CC8F08713F006FE99F80030012EA3EB0403B2
S214026CD890FBF3F202FB1300C4B2EDD00126D5E70F
S214026CE8896200207059002010B504461AF0F4FA9A
S214026CF8FF2808D1204619F0D7FFFF281FBF024BEE
S214026D081B78C018C0B210BD146D0020044B0021B9
S214026D181A78044B04481B781A449200F6F740BACD
S214026D28146D00201B6D00206C44002010B5134B18
S214026D380C461B7886B0834212D9114900EBC00074
S214026D4801EB4001082220460631F6F77BFA0022BC
S214026D580821204615F028FF80F00100C0B206E0A0
S214026D68C01A01A9C0B20CF02BFA10B1002006B066
S214026D7810BD01AB03CB20606160E8E7146D00200C
S214026D887059002008B5074B024653F820308B424C
S214026D9806D915204FF6FF711AF086F9002008BDAD
S214026DA80120FCE76C440020024B013143F8201016
S214026DB8704700BF6C4400202DE9F34781460C4615
S214026DC800272A4EDFF8ACA09AF80030FDB2AB4294
S214026DD810D86946204617F0B8FAC0B308226946A2
S214026DE84846F6F729FD90B34946204616F04FFC6A
S214026DF8FE2537E006F10608082241464846F6F719
S214026E081BFD90B94FF6FF739C422BD03388A342E2
S214026E1828D0204619F048FFFF2814D149462046B4
S214026E2802B0BDE8F047FFF7F5BD14B912360137D0
S214026E38CAE73388A342F9D100220821404615F052
S214026E48B3FE0028F2D12846FFF7BAFCCCE749463B
S214026E58002019F0F9FEFF28054603D0044B1B78DC
S214026E680344DDB2284602B0BDE8F0877059002018
S214026E78146D00208962002008B5FFF7E7FE054B6F
S214026E881B78013B012B03D8BDE808400CF084B9F7
S214026E9808BD00BF906200200F4B1B7883420CD8B7
S214026EA8C01A0E4AC0B232F81030D90411D443F4CC
S214026EB8805322F8103001207047094B00EBC000BF
S214026EC803EB40035A79D10603D442F010025A71F2
S214026ED8F1E70020704700BF146D0020805B002099
S214026EE870590020F0B5134B06461B78FBB10025F7
S214026EF81148DFF84CC090F800E0104807781F44A5
S214026F08E8B2864501D80020F0BD7C1B94FBF3F05E
S214026F1803FB10440CEBC4003CF83440B44204D1E2
S214026F28002AF1D184788C42EED00135E8E718467B
S214026F38EAE700BF166D00201C4700208762002083
S214026F48C844002070B510F087FF14250F49104E6C
S214026F580B78328830809B1A03449BB2B3FBF5F455
S214026F6805FB14330B700B49E2B20B78934292BFBF
S214026F7800239B1ADBB2032A0B7088BF002306493C
S214026F889EBFD2000B68D3400B6070BD2263002000
S214026F98C05B0020866200201C470020084B186849
S214026FA8084BC2B21B789A4208D2074BC0F3072096
S214026FB81B78984234BF0020012070470120704792
S214026FC81C470020166D002021630020F8B50546F0
S214026FD81746FFF7E3FF064610B9184B1A783AB970
S214026FE8212001224FF6FF711AF05EF80020F8BD44
S214026FF81348DFF854C003780133B3FBF2F402FBFC
S214027008143303700F48DCF8002000EBC30420F8A2
S214027018335002F10132A1703846CCF80020FFF74F
S21402702887FDE670606015F02DFEA84201D10120AA
S214027038DDE7E3780133E370F9E700BF166D002059
S21402704887620020C84400201C47002010B50B4C5D
S2140270580B4A2378063B137010F0FEFE0022094BFB
S214027068FF211880084B09481A602278D200F6F7E2
S21402707897F80422064B1A7010BD00BF166D002042
S21402708821630020C05B00201C470020C844002063
S2140270988662002048B139B1044B1B780B70044B4A
S2140270A81B7803700120704708467047206300204B
S2140270B8386D00202DE9F843074619F047FF0546C4
S2140270C81A481AF0BEF81A4B48B31C683C1B2C44E4
S2140270D8A4B20022174BDFF864901B78164D99F875
S2140270E8006005EB03155FFA82F8464509D9AB88B6
S2140270F805F11000A34215D9B21A29461201F6F76D
S214027108A1F8013689F80060AC80B8F1000F03D107
S2140271183946064819F094FC2846BDE8F8833C46EA
S2140271281D60D6E705460132DDE700BFD46A0020B7
S214027138D0540020246300206C43002025630020DE
S2140271482DE9F74F19F002FF4FF0000E284D294F90
S2140271582978294C97F800A004EB011303EB0A12CE
S2140271680092F3465246DFF898801FFA80FC0646DD
S214027178B8F80000ACEB0009A0EB0C001FFA89F97E
S21402718801900098984217D1BEF1000F00D02970DE
S214027198524503D200203A70FDF7E6F83B7823B34F
S2140271A82B78164804EB0314A188C8F8006003B0CD
S2140271B8BDE8F04F19F044BCB3F804C0CC450FD86C
S2140271C84FF0010E93F802C001310CF1FF3C013A70
S2140271D8A3F804B083F802C0C9B2D2B21033D0E71B
S2140271E801988444A3F804C0F8E703B0BDE8F08F1A
S2140271F824630020256300206C430020D46A002004
S214027208D05400207FB56C461E4B1F4D1E78013E9B
S214027218F6B21E7095E80F0084E80F001B4B28464E
S2140272281A7805F1100132441201F6F70BF89DF8A8
S214027238026016F00F0511D1BDF808000EF0C4F969
S214027248360918BF29464FF00002BDF8000008BFED
S214027258039904B0BDE8704003F0F4BCBDF804001E
S214027268FFF728FF0346828804ADADF804202246BD
S21402727803CAAA4218605960144603F10803F6D1F5
S21402728804B070BD246300206C43002025630020F0
S214027298F8B50024084D094F094E3B783178E2B21A
S2140272A80B449A4204F1010400DBF8BD2846FDF7B8
S2140272B825FD1035F1E700BF6C430020256300204A
S2140272C82463002070B5134B06460D461046124935
S2140272D81A78124B09781B780B44934206DB1F2058
S2140272E84FF6FF7119F0E0FE002070BDFFF7E2FED0
S2140272F8013506808570044619F023FEE0800EF0FC
S21402730869F940F602432081E3600020FDF72CF875
S2140273180120EAE7136D002025630020246300207D
S2140273282DE9F84386460023144FDFF85C803E7842
S21402733898F8005012497219DCB294421CDA4FEAE5
S214027348041C31F80C900133F14501EB0410F3D11B
S214027358631CD21A0CF1100C12016144F5F772FF85
S214027368A5428BBF05F1FF3506F1FF3688F80050B7
S2140273783E700CB9034B1C70BDE8F88325630020E9
S2140273886C4300202363002024630020044B054A34
S2140273981B781278D3420CBF01200020704700BF2A
S2140273A82463002025630020024B1878003818BF93
S2140273B80120704724630020002108B5084B0948BD
S2140273C81970094B1970094B1970094B1A78120172
S2140273D8F5F7E6FEBDE808400648FDF77FBF00BFA2
S2140273E8256300206C4300202463002023630020CA
S2140273F8136D0020D46A002010B50B4C23784BB1CD
S2140274080A4803F0ABFD58B1084B0121188815F05D
S2140274187BFD08B9002010BD0122054B1A70FAE759
S214027428FFF7F0FEEAE700BF246300206C43002063
S2140274382363002010B50E4B1B78BBB10D4C238876
S21402744883424FF0000311D10B4AE160137049B929
S214027458A3781033A37016F04DF818B9A37823F062
S2140274680F03A370FFF7CEFE012010BD1846FCE7F7
S214027478246300206C4300202363002070B592B07A
S2140274880C46064613F022FAE17A05460020FCF777
S2140274982DFC28B394F90A0015F094FB10BB134B85
S2140274A8E27A294683F85820A27A83F85A206A464E
S2140274B8FCF750FF4FF6FE739E420CBF4FF6FF7363
S2140274C823896A4629460020ADF80660ADF80430DE
S2140274D8FDF7F6F940B92289054B5A8012B070BDFD
S2140274E85520FBE75620F9E72120F7E7E853002066
S2140274F8D454002010B50446014608220948F5F778
S214027508A1FE237B022B0AD8002B14BF31220122AC
S21402751805490B7017234B61044B1A7010BD0023E4
S2140275280122F5E7D8540020D45400208F620020A8
S214027538014610230120014AFDF74ABF64EE010006
S214027548014B5861704700BFD4540020014B18788D
S214027558704700BFD454002010B5054C2378112B71
S21402756803D0E221034819F0F8FC4123237010BD2A
S2140275788F62002043AD0400064B01461B78042B9D
S21402758804D1054A137E053313767047034819F06B
S21402759857BA00BF90620020D4540020F46A002034
S2140275A808B50648FDF7AAFB0548FDF7A7FB13F042
S2140275B8D4FABDE8084001F003BB00BFBC5B00205C
S2140275C8F05B0020064B1878332806D000F0EF0050
S2140275D8A0F143035842584170470120704700BF44
S2140275E88F620020002208B5074B4FF6FE701A700D
S2140275F815F054FB4FF6FF7015F06DFB034B5869F8
S214027608BDE8084013F037BA8F620020D454002031
S21402761808B5064B187838B10548FDF74BFE4FF407
S2140276287A73B0FBF3F0C0B208BD00BF84620020D4
S214027638DC4600202DE9F0438BB0074615469846EF
S2140276480E469DF8489049B9104605AC19F02CFB31
S21402765821460BF0B5FD172818BF2646B9F1000FCC
S2140276680AD1124B1B781BB9284616F093FED0B9DE
S2140276782846FEF713F902E0284616F08BFE80F03D
S2140276880104E4B29DF850302A4602939DF84C3025
S2140276983146CDE9009338464346039415F092FDE9
S2140276A80BB0BDE8F0834C46ECE700BF8B620020C7
S2140276B82DE9F04F97B099469DF88830BDF880B00E
S2140276C8219D08939DF88C300E4658460FA90492C1
S2140276D8079317F0D9FA05B3002800F0208195F829
S2140276E801A00FACCAF3400A8E4B19F0800F1B7824
S2140276F814BF4F4649F08007022B17D04FF6FF7883
S214027708002D40F087810225584615F013F82B46BF
S2140277184246214615F02FFBBCE0584615F08BF87A
S2140277280446002800F0FB80AA46DDE71EB97E4B19
S2140277381B78002BE2D00DF13A012046FEF7FCFA40
S214027748584615F08BF8012838BF0120C3B20593B6
S21402775895B3281D19F0DFFC804609F0020320467F
S214027768069315F06AFA214609908146002019F018
S2140277786BFA069A099B12BBFF2820D1F2F75CFB2C
S2140277886A4A1278824200F032814FF6FF72099BEB
S214027798934214D1FEF726F8002800F028814FF607
S2140277A8F773984523D915F042FF11A98146FEF7CB
S2140277B8E9FA0028F7D02EE0BDF83A80CDE74FF672
S2140277C8F772904520D8934211D898450FD019469B
S2140277D822460AA819F004FA0A980B9913AB03C3AF
S2140277E8BDF83020022113A81A80FEF739F9404660
S2140277F811A9FEF7C7FA024628B9082111A815F0FA
S214027808D3F9002866D0C1464FF6F67209F1FF335F
S2140278189BB29342C7D8BAF1000F03D1444B1B78E8
S214027828002B60D1584614F085FF059B4A46019303
S2140278380123214600933B46FEF7E4F84FF6FF7312
S2140278489842804600F0D380014600220AA819F022
S214027858C7F90A980B9913AB03C3BDF83020022167
S21402786813A81A80FEF7FCF8002D3FF44DAF002E41
S21402787840F0D28045460123C7F3C0074246CDE909
S214027888016321462B4604980397CDF800A015F00D
S21402789899FCA846BAF1000F0FD04FF6FF73984529
S2140278A80BD0404619F000FAFF281FBF214A32F8CB
S2140278B8103023F4804322F81030089B7BB315F06F
S2140278C8E1F9249B014600934246234607980CF0AA
S2140278D8EDFC24E00822204611A9F5F7ADFF0028A2
S2140278E87FF461AF8FE7002D64D0134B1B689807AF
S2140278F827D5049B0F2B21D0281D19F00CFC022338
S2140279080121CDE901310023C7F3C00702460093DF
S21402791821464FF6FF730498039715F053FC17B0E9
S214027928BDE8F08F8F620020846200208862002003
S2140279388B620020805B002030470020079B012BCB
S214027948DAD1281D19F0E7FB804619F0ADF909903F
S214027958404619F0C1FC4FF6FF71BDF83A208A423C
S21402796856D04245099B53D1FF2B4AD0184616F0EB
S21402797827FD784010F0EF0F14BF01230023BDF84F
S2140279883A00099319F090F90690BDF83A0019F0F2
S214027998A3FC099B66B14FF6FF7CBDF83A10614519
S2140279A806D0414504D0069A0240D2B2FF2AA3D195
S2140279B8002BA1D1224649460AA819F011F90A98BD
S2140279C80B9913AB03C3BDF8302058461A8014F03F
S2140279D8B1FE3A460146059B13A8FDF7DDFF30B90E
S2140279E84FF6FF73BDF8548098457FF43DAF4FF6C7
S2140279F8FF789DB10126281D19F08DFB4546804665
S214027A0839E7FF2804D0069BB3FA83F35B09B6E787
S214027A180023B4E70226EEE70026ECE7012573E624
S214027A280022014B1A767047D454002008B50B4B37
S214027A381B78022B10D10A4B1B78033B012B0BD960
S214027A48084B187800F00100FEF730FA0023064AC1
S214027A58C2E90133538008BD0020F3E78F62002095
S214027A689062002084620020D454002038B5174D56
S214027A782B78033B012B1CD8154BB3F868204FF61E
S214027A88FF739A4215D10320FDF728FD02F0CEFBBC
S214027A98FFF7CCFF2B78033B012B01D909F0FCF842
S214027AA8002018F0D7FD78B1BDE83840002014F061
S214027AB857BFFDF7FDFC0446FDF7F4FC01462046D9
S214027AC808F05EFB0220DFE738BD00BF90620020A8
S214027AD8E853002008B5114A114B58611378032B56
S214027AE81BD0D3B1332B01D0432B10D10D4B1B78AF
S214027AF8033B012B05D803231370BDE8084012F098
S214027B08BABF12F0B8FFBDE80840FFF7AFBF21239F
S214027B181370BDE8084002F09DB908BD8F620020C8
S214027B28D45400209062002038B504461348FDF766
S214027B38D5FB134B1B78013B012B1DD8114D5CB9A5
S214027B482B7823B140F619402C7012F094FF0024CB
S214027B58FFF76CFF204638BDFF2C05D04FF47A712C
S214027B680648614318F06CFF2B78002BEFD10123EF
S214027B7840F618402B70E8E70224E9E7DC460020C6
S214027B88906200208462002038B5114D04462B7896
S214027B98834218BF287013F0A4FB80B124B920468C
S214027BA813F0A1FB02220DE0012013F09CFB2B78B8
S214027BB81A1F012A05D9062BF4D1032202E0002C4B
S214027BC8F5D10122BDE838400021084615F020BA52
S214027BD89062002030B5044685B068460D46FFF729
S214027BE8A7FC94B100212846144A02F043FB144B22
S214027BF820681B7861688DF80430124B1B788DF864
S214027C08053002AB03C306F0B1FA0F4B93F85820BF
S214027C1893F85A308DF803208DF8023015F04FF895
S214027C28ADF8000015F02EF81023ADF806006946E8
S214027C380020064AFDF7CCFB05B030BD00F8FF076A
S214027C48096D002090620020E853002064EE0100CF
S214027C5810B5144B04461A78134B002083F85820A4
S214027C6818F0F8FC10B1002014F07AFE002108463D
S214027C78FFF7B0FF0D4B1B78033B012B0ED813F012
S214027C8824FB2046FCF754FE40F6174012F0F3FE9B
S214027C980023074A1380074A138010BD0BF016FC10
S214027CA8EFE700BF26630020E8530020906200201A
S214027CB8965B0020945B00201FB504466846FFF7D3
S214027CC837FC54B100238DF805301023694600208E
S214027CD8064AFDF77DFB04B010BD14F0D3FFADF8DD
S214027CE8060014F0ECFFADF80000EEE764EE0100C3
S214027CF810B5014604460020FBF7F8FF90B10C4B7E
S214027D081B78023B032B0FD80A4B1C7019F07CF821
S214027D1860B9094A0949FCF77FFB003818BF0120F9
S214027D28800010BD5520FCE70220FAE74D20F8E750
S214027D388F620020266300201DB40200597C0200D0
S214027D48F8B5064619F060F8044668B918F082FCD9
S214027D5850B1064D204695F8587085F8586014F0CC
S214027D68FFFD10B185F858704D20F8BDE853002085
S214027D782DE9F04180461846033B012B0E4617466E
S214027D8802D918B121243CE0FFF7FEFE294B1B78E6
S214027D98012B4CD0284B1D78022D08D0032D46D136
S214027DA8B8F1000F03D1254B1B689B073FD433203D
S214027DB8FDF794FB01F0E8FCB6F1006F34BF204BE8
S214027DC8052231464FF0060038BF1A78FEF776FAD3
S214027DD8044628BB1B4D2873012000F029FF14F027
S214027DE86EFF68802846B8F1000F0DD0022300F80F
S214027DF8043B15F05FFA6C732F613946304612F071
S214027E0874FD2046BDE8F081012300F8043B15F016
S214027E1851FA6C732F613946304612F065FDF0E769
S214027E282846FDF75BFBB8F1000FF4D0E5E702241D
S214027E38E7E700BF906200208F62002030470020EC
S214027E48396D0020D4540020034B187818B9034B18
S214027E58034A1B78D05C70478E620020906200202E
S214027E686F11050038B5174B04461B78033B012BE8
S214027E7806D8437BDB0703D590F9090013F024FAEA
S214027E880025114B83F859502079FFF759FFFFF761
S214027E98DBFF61882488034622462846FEF720F838
S214027EA8044620B11720FFF715FE204638BD1723D3
S214027EB8064DC82106486B6118F0C2FD03232B76CF
S214027EC8F3E700BF90620020E8530020D454002055
S214027ED8F46A0020F0B51A4D06460C4693B0A5F88B
S214027EE8680005F16A0729BBC5F86A10796012F0BE
S214027EF8EDFC6A4601460020FCF72CFAD5F86A30F3
S214027F08ADF81060CDF812307B68CDF8163012F056
S214027F18DDFC6A4601460020FCF7D2FC4FF6FF73EA
S214027F28B5F86800984203D014B1064912F0E0FC8E
S214027F3813B0F0BD08223846F5F784F9D7E700BF34
S214027F48E8530020525400202DE9F041DFF8B880AB
S214027F581F4698F8003005460C4616461BB1022501
S214027F682846BDE8F081531E052BF8D818F04CFFBA
S214027F780028F4D13B7B032B14D14FF6FE739C42A8
S214027F8812D1012E09D0022EE9D114F07BFE4FF64B
S214027F98FB73984203D814F075FE044604E015F005
S214027FA846FBFAE7012EDAD0EDB939462046FFF746
S214027FB865FA05460028D3D198F80030332B03D04B
S214027FC8532B1CBF0E4B18613046FFF7DDFD002110
S214027FD84FF6FF70FFF77EFF0A4B1B78002BBFD0C9
S214027FE80BF048FABCE7397B721ECB1E5942594140
S214027FF85042504107F054F905460028D5D0AFE75D
S214028008D45400203A6D00208F6200202DE9F843F0
S21402801805468846914614F035FE3F4E04463378A8
S214028028033B012B06D86B7BDB0703D595F90900C2
S21402803813F04AF914F026FE384B394F188014F01C
S2140280483EFE384B1880FDF72DFA374B1880FDF7A1
S2140280582FFA082201463548F5F7F4F814F0DBFD46
S214028068334B18702879FFF76BFE00216888FFF7F4
S21402807831FFFDF72DFB60B14FF6F672631E9BB219
S214028088934206D915F0D3FAB7F868300446834205
S214028098F8D0204614F002FE288814F01CFE494642
S2140280A8B7F86800C047044628B91920FFF712FD3A
S2140280B81920BDE8F883B7F8681014F07AFB002395
S2140280C81C4D87F859302B7803F0FB03022B02D09D
S2140280D8204615F067F8002220461146FFF7F2F808
S2140280E80446A8B117236B613378042B09D1C8213B
S2140280F8114818F0A5FC03232B7684F00100C0B2C1
S214028108D7E74FF416710C4818F09AFC0023F3E7E9
S2140281181720FFF7DFFCF0E790620020C65B00201E
S214028128E8530020C45B0020C25B002027630020BF
S2140281382F630020D4540020F46A0020F0B50C46C1
S2140281481E460B462049074689B004F1140053F828
S214028158045B834241F8045BF9D11B8802AD0B80AD
S214028168D4F80E00D4F81210238803C5ADF81030E0
S21402817823798DF812208DF8133000233A468DF8AD
S21402818814304FF6FE71012002ABFFF7DDFEC8B9C8
S21402819802A8FFF7AFF9237B4BB10C4D0C4B01AA93
S2140281A829460120019313F06BF82A781AB920465B
S2140281B8FFF758FE03E020460199FFF727FF08B9A4
S2140281C8044B1E7009B0F0BDC85B0020D4540020D2
S2140281D8D3D203003063002001232DE9F341304E49
S2140281E805460F4600202F491446737300F0EEFC2E
S2140281F813F06CF8DFF8AC8038B9012D01D9042DDC
S2140282080FD12146384612F0FAFB102000210AF058
S2140282187FFC00283CD0002002B0BDE8F041FCF705
S214028228A3B8002CF1D1204B1B78212B03D0062BA8
S21402823801D0532B02D101F00DFEE6E7FDF748FA0E
S2140282480028E2D000F0EEFC28B9307BC0F1180016
S214028258FFF740FCD9E7154B41462046019300F04C
S214028268B5FC20B140F61901114818F076FE01AAAD
S2140282780B4998F80C0013F003F832781AB9094833
S214028288FFF7F0FDC1E701990648FFF7BFFEBCE716
S214028298FFF78AF80028BED102B0BDE8F08100BF19
S2140282A8D4540020C85B00208F620020D3D203007B
S2140282B843AD04001FB5144B04461B88DB0707D4DE
S2140282C84FF6FF700021FFF705FE002004B010BD30
S2140282D80A230E4A012001A9FDF77AF84FF6FF7322
S2140282E8BDF80C209A42EBD00822FF2101A814F010
S2140282F85BFC0028E4D10CB90120E7E7BDF80C00C6
S21402830801A9FFF7E7FDF7E7E05B002026E1010099
S21402831838B50C46154614F0C1FC03F0AFFE2946E4
S2140283282046FFF7D7FD00F07DFC48B1074BDB7906
S2140283380E2B28BF0E230133DBB2054A137038BD55
S214028348044B1B78013B18BF0123F6E7C85B0020E5
S214028358466300209062002038B5002208210446B1
S21402836814F022FC0546C8B914F08CFC2A464FF6CF
S214028378FF71FFF7CDFF2046217CFFF72BFC6269D1
S214028388E189207C01F076FF054B1B78012B01D191
S21402839807F0F6F8FFF76AFB002038BD0120FCE775
S2140283A89062002038B51D46FFF7CEFD0446C8B9D0
S2140283B82B7B2846032B03D1BDE83840FFF7CCBFFA
S2140283C8FFF798F8084B25469C8114F024FC0121F7
S2140283D8064B81401A780620FDF770FF044608B15E
S2140283E8034B1D70204638BDD4540020396D00203A
S2140283F88F62002030B5012087B0FFF75BFF6B461F
S2140284080446144A1068516803C384B905F0BCFED2
S21402841802A8FFF78DF84FF6FF752246BDF80E0044
S2140284282946FFF775FF12F069FA07B030BD6B46AA
S214028438094AD2F86A00D2F86E10B2F8685003C336
S21402844805F0A2FE02A8FFF773F86A46BDF80E000A
S214028458E6E700BFAB360400E853002073B53A4B94
S21402846804461B781BB10224204602B070BD18F0E1
S214028478CBFC0028F7D100F0E5FB14B12288334B79
S2140284881A8000210DF10700FDF7ACF8002856D136
S21402849814F001FF04460028E6D12D4D9DF807008A
S2140284A8FFF772FB2B785A1E012A1FD8FFF7A2FF86
S2140284B82B78033B012B01D801F014F9FFF7D6FA03
S2140284C8012014F06FFB034600283AD12A78033AB3
S2140284D8012AC9D81D4A108810F0020521D00522A3
S2140284E801201C49FFF744FC0446BDE7033B012B69
S2140284F804D82046FFF7DEFE0028D7D12B78053BA6
S214028508012BB1D8FFF776FFFFF7B0FA2B78052BC9
S2140285180CBF04200520FCF7E1FF012014F042FB03
S214028528E2E70D4E0223314601200C4AFCF750FFC3
S21402853833885B0798D5284601F0E8F894E71724AD
S21402854892E7044690E700BF8F620020E05B0020B7
S2140285589062002000F8FF07925B002027E10100E6
S2140285687FB50024184E194D3278E3B29A4201D8E4
S21402857804B070BD4FF6FF73B5F868209A421AD059
S214028588134B1B88DB0714D5124AB5F868301068F7
S2140285985168ADF80C3001AB03C30F4A0A2300201A
S2140285A801A9FCF715FF022300200C4A0C49FCF728
S2140285B80FFF0134D8E700220821064814F0F4FA1F
S2140285C80028F6D1DCE700BF156D0020E85300202E
S2140285D8E05B00205254002026E1010027E101005A
S2140285E8925B002010B501F0CFF802F013F8D8B16C
S2140285F80E48FCF773FE0E480E4C017A0E30FFF753
S214028608E9FA23781BB100F0BFFA00232370002290
S214028618094B1A73FFF72AFA08F056FD01F044F9D7
S214028628BDE81040FFF79CBF10BD00BFF46A0020EB
S214028638C85B002030630020D454002010B52548BB
S214028648FCF74CFE01F0E6FF30B1234B1B781BB952
S214028658BDE81040FFF7C6BF01F0DCFF78B11F4C3B
S214028668237E83B1C8211B4818F0EAF90021237E2D
S2140286780846013B2376BDE81040FBF7E3BEFDF74C
S21402868827F80028EBD1FDF723F8154B1B7858B9C5
S214028698112B03D003F0FD03412B19D1BDE810407E
S2140286A80E4B5869FFF716BA332BF7D10D4B1888BD
S2140286B814F0F4FA0C4B188814F00DFB0B4B0C490B
S2140286C81888FFF707FC0B4B1878FFF739FBE5E726
S2140286D810BD00BFF46A00208B620020D45400202C
S2140286E88F620020C65B0020C45B0020C25B0020AD
S2140286F8276300202F6300202DE9F04F0F4685B030
S21402870802AD044629463846914616F0BDFA4FF0A1
S214028718000B82463846CDF804B014F013F94678B2
S214028728022C804606F0020609D85CB1FCF7D0FF98
S2140287380446002848D1754B01241B7865E0043CA2
S214028748022C3AD9FCF7C4FF384614F074F8002411
S2140287580546A046DFF8D8A1384614F0F3F850F8D4
S21402876809300DF10500019318F0D5FC9DF807B005
S2140287780746B8F1000F4DD1BBF1000F5BD0DFF80A
S2140287888C9199F800300BB1002E63D0002C61D082
S2140287985F4B1B78022B5DD1BBF1000F53D13846D5
S2140287A814F07CFA58465946FFF714FA08F08CFC7F
S2140287B840F6074012F05FF934E014F03BFDFCF790
S2140287C887FF0446F8B15C464EB1524B1B78012B24
S2140287D802D0043B012B0BD805B0BDE8F08F4B4BFB
S2140287E81B782BB14B4B1B7803F0FB03022BF3D001
S2140287F8BAF1000F404608BF002516F038FA4FF0C7
S21402880801088246A8E7414B1B78002BF0D0002EC1
S214028818EED1E1E7BAF1000FAED05046FDF73AFBCB
S2140288280028A9D1002017F015FF0028D4D0002070
S21402883814F096F8D0E74FF6F7739F429FD91720A1
S214028848FFF748F9EEE7FCF743FF48B13248FCF772
S21402885845FDF4E7FCF73CFF10B1BBF1000FF5D17C
S214028868FCF736FF0028DDD02846FDF767FFFF280D
S214028878DFF89CA0294C03D09AF80030012B04D1CB
S2140288882946B4F86800FEF7C5F8FEF781F92A46C5
S2140288983846B4F86810FFF73BFD214B214A93F996
S2140288A806301B0213809AF80030012B19D0312BA0
S2140288B814BF432311238AF800301B4B1648196845
S2140288C818F0BEF800F00EFF0023124C99F80010BC
S2140288D8237641B9104818F0B3F840F61B43636193
S2140288E8A0E71123E7E7B8F1000F03D016B1FFF7A8
S2140288F879FEF2E70D4B1B78042BEED105210648CC
S21402890818F09EF809232376E7E700BF8B6200205B
S2140289188F620020D4540020F46A0020E853002016
S214028928C85B0020DE5B0020146B002090620020EB
S214028938156300202DE9F043084693B00E4614F05E
S21402894801F809220021804617F0CEFE044630467A
S21402895813F071FF052207460DF1090330460AA9EE
S21402896812F0E3F8022881461DD09DF809303146F8
S2140289781C440023E4B204F1100218F80450012043
S2140289880093D2B20FF02CFF68B1072D09D855B163
S214028998013D062D07D8DFE805F00918068A0625E0
S2140289A841007C2D45D013B0BDE8F0835B4B1B78A5
S2140289B8013B012BF7D8304613F0BCFE00233246A3
S2140289C81946009414F03AFCEDE7554B1B78012B38
S2140289D8E9D1544B18780028E5D122463146FFF7EC
S2140289E88BFEE0E74D4B1B78013B012BDBD8384664
S2140289F809F0DCFF4FF6FF739842044606D030466D
S214028A0813F098FE2246394614F0A4F9444B1B7814
S214028A18022BC8D1384611F0F0FFC4E73F4B1B784B
S214028A28013B012BBFD8494630460AAA00F01EF978
S214028A38B9E73A4B1B78013B012BB4D8A04498F807
S214028A48012098F80230652AADD16D2BABD130469D
S214028A5817F026FF1334E4B28442A4D20822394619
S214028A6803A8F4F7EFFB214630460DF10A0216F08A
S214028A784EF8002897D1BDF80A30002B93D005A8E7
S214028A8809F0B0FA0123284DBDF80A002B7017F03A
S214028A9807FF0446BDF80A0017F0E6FEE2B20346F0
S214028AA805A903A811F043FF00232B707BE71B4B95
S214028AB81B78013B012B3FF676AF06220021404683
S214028AC817F012FE404418F026FB0746FCF758FE3D
S214028AD8044600287FF467AF304613F026FEC30428
S214028AE87FF561AF46F204030121ADF8143038462B
S214028AF80223CDE9004405AA16F058F805460028D0
S214028B083FF451AF394613F054FE304613F012FEC6
S214028B1822462946FDF706FA45E700BF906200207E
S214028B288F620020D45400206163002008B5084BE9
S214028B38187050B1074B1B883BB14FF47A71064840
S214028B48594317F07DFF002008BD0120FCE700BF4F
S214028B5882620020B26C0020DC450020014B1878A7
S214028B68704700BF82620020014B188000207047C1
S214028B78B26C002008B5FCF7B1FB0022014B1A7054
S214028B8808BD00BF8262002010B50024044B0548C9
S214028B981C80054B1C70FCF7A1FB204610BD00BFCD
S214028BA8E25B0020186B00203A63002008B50348F1
S214028BB8FCF794FBBDE80840FFF7E6BF186B0020F9
S214028BC80148FCF79BB800BFE25B0020F7B5134BE1
S214028BD804461B780E46EBB183421DD90021104885
S214028BE818F001FB002501460D4F09B9012009E0DE
S214028BF8AC4209D10024162322463046009418F0C7
S214028C088FFB204603B0F0BD384618F010FB01353E
S214028C180146EAE71820F5E72720F3E73A6300203B
S214028C28E25B0020014B1878704700BF3A630020C9
S214028C3825289DBF024B187000202120704700BFD0
S214028C483C6D0020012307B51846064A0DF10701B8
S214028C58FCF7BEFB9DF80720034B1A7003B05DF8BD
S214028C6804FB00BF29E10100B46C0020F8B50746F2
S214028C780E46144613F0DFFD1A4B05461B78022BE8
S214028C882FD1194818F0DDFA58BB284611F06AFFAA
S214028C9838B322463146384611F060FF08B311F061
S214028CA818FE0446384613F045FD104B012E1A7876
S214028CB84FF00F0303FA02F39BB2B4FBF3F203FB83
S214028CC8124404F10104A1B206D1094B094A1E70E6
S214028CD82B6813606B6853600348BDE8F84017F0CA
S214028CE8AFBEF8BD8F620020FC4600203B6D002018
S214028CF8396300203163002084B010B502AC84E8E2
S214028D080F00082227480DF11601089CF4F794FD77
S214028D1808BB9DF815309A0705D4234B1B7803F039
S214028D28FD03312B1DD121496378097803F00F0220
S214028D388A4203D0012922D1022A12D1227882B984
S214028D481B09022B0DD11A4BA0781B78022B1AD1BD
S214028D58C0F3800006E000220821124813F024FF20
S214028D6820B90020BDE8104004B07047114BBDF88A
S214028D7808205B889A42CCD0002BCAD0F1E7022999
S214028D88EFD1012AD9E7030609D40B4BB3F86820BA
S214028D98BDF80A309A42E4D1FEF714FCE2E7012055
S214028DA8E0E700BFD85400208F620020096D00203B
S214028DB890620020D4540020E8530020284BF0B5D7
S214028DC85D88002387B08DF80830264B0DF10B001E
S214028DD81B7805F0010743F020038DF8093014F0DC
S214028DE869FA6FF07F43ADF813308DF8153014F03A
S214028DF8DFFA1D4B8DF816001B7805F01006DB000F
S214028E08DCB2F1F719F8194B1B7883422CBF44F0F1
S214028E18040344F084032FB1A9061ED426B143F0F6
S214028E28020301E0AA07F9D4002108468DF80A30A1
S214028E3817F08EFDADF8060058B101230F2202A9DD
S214028E480DF10600FCF79EF918B90DF1060012F0AE
S214028E5814FABDF8060007B0F0BD43F00103DDE7DB
S214028E68B46C0020096D002046630020886200204A
S214028E7810B5FCF733FA0A4B1B78022B0CD1094BB8
S214028E881B78033B012B07D9074C207828B1002012
S214028E9811F06BFE0023237010BD13F02EFFF9E7C6
S214028EA88F620020906200203963002084B02DE98A
S214028EB8F0478EB016AC84E80F00DFF878C1594B3D
S214028EC8BCF802009DF85DA010F001049DF962202E
S214028ED8BDF870E09DF875909DF976709DF878500B
S214028EE89DF97A109DF95E809DF860601B7835D0F2
S214028EF89DF87D00C0F34004C0F38000002B4AD0E2
S214028F08494B1B78022B09D18A4244DB24D1A81B81
S214028F18C0B280288CBF0020012016E0434B1B7885
S214028F28012B01D1002C7AD078B19CF800301E3380
S214028F385BB29F42D4BF002701279845D4BF0023BF
S214028F480123BB4206D18A42E0DA0EB0BDE8F047FA
S214028F5804B070473846F8E70020F6E710F0020F2C
S214028F6818D0C3B1490814BF01200020520814BF04
S214028F78012300238342E8D1AB1BDBB2802B0AD93C
S214028F88AE42E9D1B84506DB49D1CA452CBF002016
S214028F980120DAE70BB90120D7E7AE4216D002ACB9
S214028FA81CAF0FCF0FC497E8030044F8040B2180C8
S214028FB8DDE91A0116AB0090ADF804100FCB12F0DB
S214028FC856F90028E7D1AE42A1D1BEE7BDF858301F
S214028FD873451ED008AC0DF1700CBCE80F000FC428
S214028FE89CE8030044F8040B2180114C63887345FF
S214028FF80FD10822211D0DF12E00F4F71DFC0246A2
S21402900838B90821201D13F0CFFD10B96388002B4C
S214029018C1D1B845BFDBC2D1CA45BCD3BFE72046DB
S21402902893E700BF3A630020906200208F62002018
S214029038D4540020B46C002084B02DE9F04F8FB0D1
S2140290486A4E18AC08AD84E80F001622002128469E
S214029058F4F7A6F833783BB90024654B32781B78C8
S2140290689A4239D2002726E00021624818F0BBF857
S21402907800270446B846DFF87C91002C45D13FB15C
S214029088224639465B4813F0F2FC3378013B3370CC
S2140290983378002BE0D0002156484FF0000918F02C
S2140290A8A2F84F468046CA46DFF848B1B8F1000F24
S2140290B86CD1002FD1D01621002218A813F05DFC1F
S2140290C8014648B1002F00F08B802246494813F02B
S2140290D874FC337801333370454B32781B789A42E6
S2140290E807D944480022018813F0C1FC3378013BB3
S2140290F833703378012B03D13F49404817F0A0FC60
S2140291080FB0BDE8F04F04B0704700222146162380
S2140291182846CDF8008018F003F91622294618A822
S214029128F4F78AFB0028EBD09DF864209DF82430DB
S2140291389A4225D1BDF86020BDF820309A421FD148
S21402914808220DF12E010DF16E00F4F775FBB8B981
S21402915802AF0DF1600CBCE80F000FC79CE80300D5
S21402916847F8040B39800EAB13E903000090ADF8FC
S214029178041095E80F00FFF799FE0028C0D027468E
S2140291882146484618F053F8044676E71623002286
S21402919841462846CDF800A018F0C2F802AF0DF1F5
S2140291A8600CBCE80F000FC79CE8030047F8040BE6
S2140291B839800EAB13E903000090ADF8041095E869
S2140291C80F00FFF773FE074620B1B9F1000F04BF80
S2140291D8444681464146584618F029F8804665E7CF
S2140291E83A46044818F005F873E700BF3A630020C9
S2140291F83C6D0020E25B002020BF0200186B0020B6
S2140292082DE9F04F002104469FB00DF140081622C2
S21402921840460E91CDE90C11CDF83B10F3F7C0FF8E
S214029228052220460DF11F0316A911F07EFC02281E
S214029238074600F0F880204613F084FB064617F02F
S2140292486AFF8146F01C17F066FFADF84000701DF5
S21402925817F061FF012FADF84200204640F0E68085
S21402926813F070FB0546204617F0FEFA0D3502236A
S2140292782D1A0093214643460820EAB20FF0B0FAA8
S214029288002800F0D080204613F061FB012F8346A9
S2140292989DF84D3040F0E38000252F4643F0010349
S2140292A88DF84D3016AE3388022B4DD1F178204614
S2140292B802310CF00FF81B2846D1F178204603310C
S2140292C80CF008F819283FD1F178204604310CF042
S2140292D801F84A2838D14FF0050AF17820460131BC
S2140292E851440BF0F7FFF1780590514420460BF0F5
S2140292F8F1FF059B00EB032083B200F03F02932B9D
S214029308059240F09B800023F7782146023757449F
S214029318FFB23A4600930CA80F2318F001F807F19B
S2140293280F01204615F089FB07F111010546204674
S21402933815F083FBADF84200059B023353445FFAEF
S21402934883FA33795345C8D806360DF17603B34205
S214029358A9D19DF84D20C5F3C03363F341022046D8
S2140293688DF84D2013F085FA8DF84400204613F048
S21402937875FA8DF84500204613F075FA9DF83230D6
S214029388BBF1190FC3F3C3028DF84720DDF833206B
S2140293988DF84600CDF84E20DDF83720CDF852205D
S2140293A894BF00229DF83E208DF8482003F0030261
S2140293B88DF84A206E4A1278022A9DF84D200CBF74
S2140293C8C3F38003DB0963F382026A4B8DF84D20F0
S2140293D81B78022B57D1BDF8406013F070FC86420A
S2140293E851D108A813F066FFBBF1190F48D9082215
S2140293F80DF14E0108A8F4F71FFA00283DD1B9F579
S214029408004F02D0B9F5624F0DD140F6FF7325F42E
S21402941840459D4207D1002208210DF14E0013F067
S214029428C3FB00283FD01FB0BDE8F08F13F08AFABE
S2140294380546204617F018FA073518E7412B7FF439
S2140294487BAFF1782046023151440BF043FF4A4B7A
S2140294581B78C3F1B30318448DF849006CE76FF321
S2140294680003F01D8DF84D3017F055FE0CA9054681
S214029478204613F053FF0B276BE700F0B3FFBEE757
S21402948800F0B0FFCFE7B9F5004F02D0B9F5624F4A
S214029498C9D140F6FF7325F440459D42C3D1BBF1BE
S2140294A8190FC0D9B7E7BBF11A0F06D007F11F018B
S2140294B842462046C9B211F0E2FE304C304D637B7C
S2140294C8DBB12B78012B1DD1012323730CAB02933E
S2140294D814AC94E803000090ADF8041098E80F0066
S2140294E8FFF70AFC90B194E803000090ADF8041068
S2140294F898E80F00FFF7A0FD08E0FCF7E9F8002857
S214029508DFD0E1E703F0FD03042BDDD02B78012B37
S21402951801D0042B87D11B4BDDF84E001B78DDF8F3
S21402952852108DF82230BDF84030ADF820309DF844
S2140295384D30C3F340038DF823309DF8313003F0E5
S2140295480F038DF82C309DF848308DF82D3009AB76
S21402955803C30D4B1B681BB1414608A8984762E730
S2140295689DF946209DF8451008A811F044FA5AE7D6
S214029578906200208F62002041630020D4540020AD
S2140295881E63002040630020C85400202DE9F043E3
S214029598424B434C1B7885B0033B012B22D817F06D
S2140295A8D5FC2378022B31D13E4A1468A0422DD02E
S2140295B83D4910600A68121B10443C4A086012783B
S2140295C872B1013A93403C2253434FF47A725343A2
S2140295D898421BD9032005B0BDE8F043FBF77EBFCF
S2140295E80A23F2E717F0B2FC2378022B0ED12D4A93
S2140295F81568A8420AD00027DFF8BC802C4E1060F7
S214029608451B98F80030FCB2A34202D805B0BDE864
S214029618F08356F8243020462B4446F8243017F0B8
S2140296289BFBC3074FF0000910D5204609F0FEF948
S21402963870B156F82430242B08D91022002320466D
S214029648CDF8009009F00CFA46F824900137D8E7CE
S214029658184B1B5D13F00F031FBF03F1FF320223E3
S21402966893403C220CBF0A2353434FF47A72534367
S21402967856F824209A42E9D9204609F067F902A941
S21402968814F063FE28B1204609F060F902A911F029
S21402969830F9204614F0EFFED8E700BF90620020AB
S2140296A88F6200202847002024470020046D0020EF
S2140296B840450020346200201B6D0020064B1B88A4
S2140296C8DB0708D50022054B43F82020044A135C22
S2140296D863F00F0313547047E45B002040450020F4
S2140296E83462002008B517F031FC0022024B1860DD
S2140296F8024B1A6008BD00BF2847002024470020F6
S214029708014B1868704700BF2447002008B50C486C
S214029718FBF7E4FDFBF736FF80B10A4B0322B3F8EA
S2140297286810012011F0CDFD4FF47A71064B0448FB
S2140297381B885943BDE8084017F082B908BD00BF28
S214029748386B0020E8530020946C0020014B1880E8
S21402975800207047B86C0020044A054B187013881E
S21402976823F003031843108000207047E45B0020B0
S214029778056D0020034B1888C0F30E00003818BF8A
S21402978801207047925B002008B5FFF7F3FF30B15F
S214029798002004490223044A0880FBF719FE002029
S2140297A808BD00BF925B002027E10100024B188823
S2140297B8C0F30E00704700BF925B00200023084AE1
S2140297C801201370074A08491370084B084A1B7889
S2140297D843F0040313800223064AFBF7F9BD00BFD1
S2140297E83D6300203C630020925B0020056D00204C
S2140297F8E45B002027E1010013B514468DF8071034
S214029808DAB9CAB20E2A18D80E4B1B881341DB07E0
S21402981813D517F049FAFF2811D09DF807200A4BEE
S2140298280DF107011A5400F58330012200F5807005
S214029838E5F74AFA204602B010BD0124FAE70224E8
S214029848F8E700BFB86C00203462002030B501216A
S21402985800240B2385B0104D019400918DF80C302E
S2140298688DF80D000323B5F8680003AA8DF80E409C
S21402987815F09CF968B1B5F8681013F038FE40B1D7
S2140298880522064B64211A70054B06481C7017F011
S214029898D7F805B030BD00BFE85300203C6300206F
S2140298A83D630020586B0020064B1B78033B012BB8
S2140298B806D8054B1B781BB9044B1878FFF7C6BFAA
S2140298C8704700BF906200203B630020046D0020B2
S2140298D810B51548FBF702FD144B1978F9B9144A66
S2140298E813787BB1013B1370124B1B78042B02D101
S2140298F80846FAF7A7FDBDE810404FF496710A48E5
S21402990817F09EB80C4A128802F00302022A0AD1FD
S214029918BDE81040032201200849FEF729BABDE82F
S2140299281040FFF7C1BF10BD586B00203D630020F2
S2140299383C63002090620020925B002000F8FF073C
S2140299481FB50C238DF80C300B4B0C461B880121D7
S21402995823F004038DF80E3000238DF80D00CDE9B0
S21402996800132046032303AA15F020F910B1214656
S21402997813F0BDFD04B010BDE45B0020F8B5064642
S21402998812F043FF0546304615F034F9411C0446EA
S21402999889B230460BF09EFC02340746A1B2304626
S2140299A80BF098FC394602462846FFF725FF0228A0
S2140299B816D02946FFF7C4FF0A4B1B8803F0030399
S2140299C8022B0DD1284617F06FF9FF2808D000227F
S2140299D8054B43F82020054A135C63F00F03135423
S2140299E8F8BD00BFE45B002040450020346200203A
S2140299F8084B1A785AB10223013A93404EF660226F
S214029A08534303210448B3FBF1F117F019B842F2A5
S214029A181073F6E7046D0020586B002070B50546F3
S214029A281748FBF75BFC0122164B28461A7015F0FE
S214029A38E1F8411C044689B228460BF04BFCA11CEF
S214029A48064689B228460BF045FC0F4C02232080B6
S214029A58214600200D4AFBF7BBFC86B9238803F093
S214029A680303022B03D1FFF73DFEFFF7C1FF23884E
S214029A785B0704D5BDE870400548FFF747BE70BDD2
S214029A88586B00203D630020925B002027E101000E
S214029A98386B00202DE9F0431F4C0546238889B011
S214029AA8002B33D01D4E00214FF4807009F09CFA2B
S214029AB83378DB0728D50121208816F00DFF0746E4
S214029AC8208812F03FFF023017F025FB05A98046D2
S214029AD8208815F095F93378384613F0020F104BA4
S214029AE818BF0025B3F8009016F0DAFE0646384688
S214029AF816F0BAFEF6B20290424606212846CDE98C
S214029B08009605AB10F035FF00232380054809B000
S214029B18BDE8F043FBF7E2BBEC5B00203E630020A7
S214029B28E85B0020786B00202DE9F047304F80462E
S214029B383D880E4614469946ADB3104612F010FEFE
S214029B48B0F5006F2FD1204612F01DFE824617F0A0
S214029B58ABF8FF2827D02EB1264A32F810302B430E
S214029B6822F81030B5F5007F36D0B5F5806F33D0C1
S214029B78B5F5807F17D1204B1B88A3421CD14FF620
S214029B88FF718A450FD0204612F013FE284609F0C8
S214029B9859FA50B93046FFF77DFF0023174A13805B
S214029BA8174A3B801370BDE8F0870220002108F0B0
S214029BB8AFFF0028EED1F0E7104D2B88A342F2D172
S214029BC84FF6FF718A45EED024B1204612F0F1FD19
S214029BD800232B800023E3E70023094A3B80137007
S214029BE831464B4622464046BDE8F04713F007BAD0
S214029BF8E65B0020805B0020EC5B0020EA5B00202E
S214029C082363002010B5044640F62140FFF742FFC2
S214029C1801214FF4807009F0E7F978B10022084B69
S214029C281C80084B1A700BF0D5FCBDE81040064B9A
S214029C381880064B0648198816F002BF10BD00BFEA
S214029C48EC5B00203E630020E85B0020966C002058
S214029C58786B0020044A137818B943F0010313708E
S214029C68704743F00303FAE73E6300202DE9F04FFE
S214029C78DFF84C9187B099F80060002E40F08C808F
S214029C88DFF840B1DFF840A19BF80030F4B2A342F7
S214029C9807D80022424B1A8007B0BDE8F04FFDF7FE
S214029CA8ABBB20463AF8145008F0C0FE804600289F
S214029CB860D0204608F04AFE15F40071074645D0E3
S214029CC801464FF6FF720E2013F034FD05460028B3
S214029CD850D0394612F06DFD4FF400730027304E0F
S214029CE8204633803AF8142022EA03032AF814306E
S214029CF810220023009708F0B3FE2A4B1B88DB07C6
S214029D0807D5294B294A43F82470135D63F00F03DD
S214029D181355182000216043254B264C00930191C9
S214029D2801232A46205CFAF7B1FB002814BF012358
S214029D38002389F8003005D13388B3F5807F01D136
S214029D481D4B1880404607B0BDE8F08F680513D54E
S214029D58059113F06CFC0122059903460092072030
S214029D683A46CDE90111FDF765FC4FF480630546D6
S214029D78002DB3D1013687E7104B18880028F9D092
S214029D88EA05F7D5394612F014FD0C4B1D880A4B26
S214029D981D804FF48073EBE74FF00008D2E700BF50
S214029DA8E65B0020E45B0020404500203462002089
S214029DB8319B020080130020EA5B0020EC5B002047
S214029DC8236300201B6D0020805B0020042230B530
S214029DD801F0400387B0002B054614BF0124002477
S214029DE88DF80C208DF80D1004D004A914F0ADFAE5
S214029DF838B304ABCDE9004301210223284603AA5F
S214029E0814F0D4FE0446F0B1104B1B78033B012B2A
S214029E1804D80F4BB3F8681012F0CBFC4FF6F77362
S214029E289D4209D9322202212046FDF74BFA80F0DC
S214029E380100C0B207B030BD2946204613F057FBD2
S214029E48F5E70120F6E71920F4E700BF9062002044
S214029E58E853002010B5FFF797FC04F0DBFF13F079
S214029E689FF9002014F06CFA16F0CEFF08B1FCF742
S214029E78B7FA204C2378532B12D1032323700023DE
S214029E88FF2219460120FDF773FF002016F0E2FBB9
S214029E9810B1002012F064FDBDE8104011F015BAAA
S214029EA8062B01D0212BF0D10120FDF705FF4FF636
S214029EB8FE7012F0F3FE4FF6FF7012F00CFF002051
S214029EC8FDF732FE0020FDF75FFEFDF7AFFD00F05E
S214029ED887FB11F0FDF92378212B02D1FDF782FBCF
S214029EE8D3E70020FBF7FAFA00214FF4004014F0FB
S214029EF829F8CAE78F62002010B50A4C0A48FBF711
S214029F08EDF92378062B02D10120FDF7D5FE23783A
S214029F18062B01D0532B03D1BDE81040FFF79ABF9A
S214029F2810BD00BF8F620020986B00202DE9F84F05
S214029F38DFF8CC8004460E461746FFF725FC98F84D
S214029F48005015B90220BDE8F88F212DFAD0DFF8A7
S214029F58B49099F80030012B01D1A306F2D4274811
S214029F6817F06FF90028EDD114F020043946304670
S214029F78DFF894B0DFF894A005F00F051BD010F0B8
S214029F88B6FC012D8BF80070AAF8006033D12123A5
S214029F9888F80030FFF75EFF0020D4E7212388F810
S214029FA80030FFF757FF00214FF6FE70FDF792FFCD
S214029FB8FEF7D6FAF0E710F099FC012D8BF8007040
S214029FC8AAF80060EAD0062321464FF6FD7088F804
S214029FD80030FFF7FBFE40F6020240F2262199F80F
S214029FE800300648033B012B88BF114616F028FDB1
S214029FF8002CD1D1D7E75323E6E700BF986B0020A1
S21402A0088F620020906200203F630020BA6C002016
S21402A0182DE9FF410F460546511C38460BF05AF902
S21402A0280446384612F08EFC0646023017F073F8DD
S21402A038424B80461B7804F04002022B02D0043BB7
S21402A048012B06D83E4B1B68580205D5A10603D439
S21402A05852B304B0BDE8F08132B33A4A1278D11E40
S21402A068012917D8384BB3F86830AB42F1D1737868
S21402A078180714D5304614F0FAFDFBF70BFF002834
S21402A088E7D00122294604F0200004B0BDE8F041DA
S21402A098FFF74CBF022ADCD1DF01DAD4E7E712F079
S21402A0A8F1FD4045D5D1ECE7264B1B78013B012B49
S21402A0B8CFD87378D906CCD502A9384614F0E4FD71
S21402A0C8002002A916F0C0FDFF2806460BD0A206FD
S21402A0D801D413F052F9304608F038FC04F0BAFE00
S21402A0E8304614F0C8F9284617F0F6F8FF280DD0BF
S21402A0F8FCF766FB14F0200608D112F0C3FD28B15F
S21402A10833460222284602A905F0E0FF12F0BAFDFD
S21402A11800289ED1A3069CD402A94FF6FF730222FA
S21402A12828460EF01EFB4FF6FF720346009228469C
S21402A138022202A910F0CDFC8BE700BF8F62002036
S21402A1483047002090620020E853002038B50446C5
S21402A1580D4616F0A9FDFF28034615D00B4A1278BD
S21402A16842B10B4A32F81020520403D514F083F990
S21402A178002038BD184613F000F9204645F0400185
S21402A188BDE83840FFF722BE0120F2E78B620020C6
S21402A198805B002038B5054612F0D4FB04462846F4
S21402A1A814F028FD411C89B228460BF093F84206A3
S21402A1B80DD563781B070FD5204614F058FD0146C7
S21402A1C8002016F041FDBDE8384014F054B90348A3
S21402A1D8BDE83840FFF790BE38BD00BF986B002038
S21402A1E838B54FF6FF75A842044617D012F067FD39
S21402A1F8A04213D04FF6FD72094B198891420DD929
S21402A208084A1288AA4201D0A24207D11C804FF4FB
S21402A2187A71BDE83840044816F012BC38BD00BF53
S21402A228A06C0020BC6C0020BC46002008B5044880
S21402A238FBF754F84FF6FF72024B1A8008BD00BFB0
S21402A248BC460020A06C002037B505460C460823FD
S21402A25869460120064AFBF7BBF815B19DF8063099
S21402A2682B700CB1009B2360BDF8040003B030BD10
S21402A27825E1010007B508238DF80600ADF804109D
S21402A288009269460020034AFBF7A2F803B05DF87D
S21402A29804FB00BF25E10100024A13780BB1013B1B
S21402A2A8137070477E62002008B512F014FD002174
S21402A2B84FF6FF72054B08461A80FDF78BFCBDE881
S21402A2C8084040F6164010F0D6BB00BFA06C00202F
S21402A2D808B5FBF703F80A4B1B78023B032B08D892
S21402A2E84FF6FE73074A108898424FF6FF7301D15D
S21402A2F8138008BD9842FCD0BDE80840FFF7D4BFDB
S21402A3088F620020A06C002010B5084B1B78042B27
S21402A3180AD012F0B7FC002104460846FFF794FF5D
S21402A328231A5842584110BD0020FCE790620020CC
S21402A338F0B5002689B00546CDE90566ADF81C607D
S21402A34814F058FC0A23024604462946009605A835
S21402A35816F0E6FF9DF815309DF814701F2B27D8C7
S21402A36803A812F0A7FF08220DF1160103A8F3F7B7
S21402A37863FA0646E0B9092F1CD1FFF7C5FFB8B144
S21402A388144B1B78A3B1144B1A884FF6FD739A42E6
S21402A3980ED9124C124A23780433DBB22370127891
S21402A3A8013AB3EB820F03DD58B20EF02FFC26708B
S21402A3B809B0F0BD0A34E4B2214628460AF08AFFFC
S21402A3C813F001F8611C284614F037FBFFF708FF64
S21402A3D8EEE700BF1D6D0020A06C00207E62002004
S21402A3E8036D002038B5134B1B78033B012B20D98D
S21402A3F8114B4FF6FF711B78ABB1104D2B888B4271
S21402A40817D112F05CFC4EF6602104460C4816F092
S21402A41817FB4FF6FE7322462B800021BDE8384014
S21402A428092012F0DEBF074A13888B421CBF01338D
S21402A438138038BD906200201D6D0020A06C00209D
S21402A448BC4600208E5B002010B5044661B1FF2191
S21402A45812F019FA0021204612F01BFA12F049F9F6
S21402A4680146204612F01BFA2146BDE8104000229B
S21402A478014816F0BEBE00BFF05B00202DE9F04191
S21402A4880D461746044612F05DFA06782846FBF78C
S21402A49877F929468046204612F08BF912F0F2FB2D
S21402A4A8A84206D120460121FFF7CEFF0120BDE8CB
S21402A4B8F0812846B8F1000F0AD0FBF7EFF950B939
S21402A4C8144B3A462046BDE8F0411978FCF7FABE26
S21402A4D813F060FFF3E706F00306012E08D012F029
S21402A4E8D1FB00232246294602F030FF0028D9D1A4
S21402A4F8204612F01AF9430505D52046BDE8F04174
S21402A508002112F001BD204613F017FFB0FA80F0C2
S21402A5184009CCE7016D002010B586B0044614F059
S21402A52869FB104B0246186819790290D3F80500A1
S21402A5385B7A01328DF8143000238DF80C100490E3
S21402A5482146009392B2052304A816F0E9FE0522D6
S21402A55804A902A8F3F770F9B0FA80F0400906B029
S21402A56810BD00BFD810050008B50748FAF7B6FEB2
S21402A578064B1B78033B012B05D8BDE80840002193
S21402A5880846F9F75FBF08BDB86B00209062002046
S21402A59808B5114812F0A5FA104B1B78012B06D8FD
S21402A5A8FF2009F0FDFBFCF751FD08F09DFCFCF7C7
S21402A5B86BF902F06BF9FFF701F914F0B2FC0BF035
S21402A5C85BFBFCF7F9FE0BF085F810F094F9BDE892
S21402A5D8084003F0B1B900BFB0540020026D002055
S21402A5E808B5EFF777FDFF2803D0094B1B78012B38
S21402A5F806D9002009F0D4FBFCF728FD08F074FC05
S21402A608FCF742F902F042F9BDE8084003F094B9B3
S21402A618026D0020064B1878112806D000F0FD00BF
S21402A628A0F141035842584170470120704700BFC5
S21402A6388F6200202DE9F0410446FCF7AFFC18B102
S21402A64800263046BDE8F0811D4B1B78033B012BE4
S21402A65809D81C4BB3F868104FF6FF739942EFD02F
S21402A668204612F0A6F8184B022120461A88FCF754
S21402A67829FE06460028E3D0204612F063F990F831
S21402A68807800546043016F046FD074612F0FAFA29
S21402A698414602463846FCF799FCA81C16F03BFDD4
S21402A6A84FF6FF73984202D12046FFF7ABFA2B7893
S21402A6B89B07C6D101212046FFF7C6FEC1E700BFA9
S21402A6C890620020E8530020EE5B00202DE9F04F50
S21402A6D8002585B00746039512F034F9064604307D
S21402A6E816F019FD8046B01C16F015FD33780446A0
S21402A6F84046009316F0D8FA82464046FBF740F8E2
S21402A7083378BAF1FF0F0CBF83464FF0010B9A0756
S21402A7180AD112F0B7FA404514BFD9464FF00109DC
S21402A728B3791BB90320B9E0A946F9E712F0AAFAE9
S21402A738A04205D112F0A6FA0446994B1B7836E0D9
S21402A748984B1B78052BF8D0033B012B03D8964B66
S21402A758B3F86840F1E7204616F0DBFD737840B39D
S21402A76813F00402DFF838820BD198F800301A4446
S21402A77821463846D2B2FFF781FE0028D2D0002002
S21402A7888CE0384614F0F8F90146054638460AF0D1
S21402A798A1FD421C52002946384602F0FE0212F07B
S21402A7A866FE737823F00403737098F8003000226C
S21402A7B8DDE75B0726D5384614F0DEF9014606467D
S21402A7C838460AF087FD824606F101091FFA89F91A
S21402A7D8494638460AF07EFDDFF8C481BAF1000F12
S21402A7E801D0FF2805D10022494638460AF086FDE0
S21402A7F8DBE7B11C01EB4001C9B2384614F01DF97B
S21402A8080446D2E7204603AA02A913F013FF054618
S21402A818B9F1000F4AD0009B03F0C003802B0ED17B
S21402A828FF2320468DF809300BF03EFAFF281BD08E
S21402A8380DF109020DF10A010BF02AFC14E0402B77
S21402A84834D19DF808308BB3FF2320468DF80930A3
S21402A8580BF02AFAFF2807D00DF109020DF10A01BA
S21402A8680BF016FC2D281CD13378404603F03F0324
S21402A878337016F04EFD10B912F004FA8046002323
S21402A88842461946204608F04FFE00283FF44AAFD3
S21402A898C822072138460AF055FF012005B0BDE850
S21402A8A8F08F9DF80930FF2BDED12546039838B97C
S21402A8B89DF80820002A62D1394B2C461B7856E7A9
S21402A8C809F032FA039AFF280346127908D1CDE92D
S21402A8D800204FF4E171354816F03FFBDDE900230E
S21402A8E8B9F1000FE4D002F03002102A0AD0202A6A
S21402A8F8DED1BBF1000F24D05146184609F016FCEB
S21402A9080028D5D1DFF8A89099F80030012B45D059
S21402A918204610F0B6FC28B92A4621464046F37966
S21402A92813F00BFEA54212D1039A137923F00C03F7
S21402A93813719DF80830ABB92C46194B1B78302298
S21402A94815E7039B1B7913F00C0FDBD1B0E799F8D8
S21402A9580030022BE8D0039A137923F00C0343F055
S21402A9680403E5E70121204612F0D0FB20B9204671
S21402A9780BF09AF9FF280FD0094B1B78DFE7012165
S21402A988204612F0C3FB00287FF4D7AE20460BF011
S21402A9988BF9FF287FF4D1AE02207FE7A542D9E7DC
S21402A9A8EE5B002090620020E8530020B9AD040058
S21402A9B84363002038B50E4B04461B780D46033B0E
S21402A9C8012B10D900F108039BB2012B0DD812F007
S21402A9D859F9002302462946204608F0A5FD80F0CC
S21402A9E80100C0B238BD0120FCE70220FAE700BF2A
S21402A9F8906200202DE9F041064610460D4614F0F6
S21402AA08F9F8A0F11004E7B256FA84F42146EA1BD4
S21402AA1804F10E00F2F716FC2823DFF84480F355FB
S21402AA2898F80030637301F045FF611C0246012066
S21402AA3810F061FC08220949601DF2F703FC98F839
S21402AA48000013F0EDFA05F10E0130463B460022EF
S21402AA58C9B201F0E1FF1220BDE8F08115630020BB
S21402AA688A6200202DE9F04F89B0044611F06AFF89
S21402AA780546204611F0C9FE0746281D16F04BFB70
S21402AA888146A81C16F047FB0390384695F807A09F
S21402AA9816F03FFC2B780490990761D121460420D2
S21402AAA802F0C2F800285BD0204614F0A3F801464C
S21402AAB820460AF00FFC820752D1204614F09AF874
S21402AAC8014620460AF006FC10F00303059347D118
S21402AAD82046FFF721FD002842D0204614F07FF9D1
S21402AAE8461C204615F0DCFEF6B206F10A0B834534
S21402AAF880F29F80504A06AB1068516803C3711CE7
S21402AB0820460AF0E7FB3146804620460AF0E2FB7A
S21402AB18594600EB082820460AF0DCFB8346059BCC
S21402AB282146B21C009306A8082316F0F9FB1FFA62
S21402AB3888F8204611F069FE5A46414610F0CFFBC7
S21402AB480122404606A901F09BFB002871D102208B
S21402AB580BF036F8013003D1404606A9EFF788FB1A
S21402AB6812F090F848453A46514608D112F0FCFAD7
S21402AB7800285ED109B0BDE8F04F01F077BB484621
S21402AB8812F0F2FA002854D12C4B1B781BB939461E
S21402AB98484612F086FC3A4651464846FCF716FAEC
S21402ABA8002846D0297811F0030102D12046FFF783
S21402ABB84BFCAB79002B3CD0214B1B78DA1E012AC2
S21402ABC837D9062B35D06B78DB070DD503982E7A46
S21402ABD813F0C5FA10B3F30803F01C0326F01F0699
S21402ABE8334343F001032B724FF6FF71204611F0F0
S21402ABF8E0FD049BDBB90FF06CFE00F03F02022179
S21402AC082046FCF75FFB4FF6FF73039A9A4210D171
S21402AC18204609B0BDE8F04FFEF7F4BF06F01C0365
S21402AC281C2BE1D0042B04D9043E2E72DCE700224A
S21402AC38E5E709B0BDE8F08FAB360400866200206F
S21402AC48906200202DE9F04385B004460E4617466A
S21402AC5811F075FD0C2820467BD111F073FE0922EF
S21402AC68002115F041FD00F11005EDB229462046F7
S21402AC780AF030FB042853D006D8012815D002283B
S21402AC8822D005B0BDE8F0837C28FAD1204615F01C
S21402AC9807FE0546204615F0E7FD02463046E9B2AD
S21402ACA805B0BDE8F0430FF040BE46B91321204672
S21402ACB813F0C3FE05B0BDE8F04312F00CB805B0B9
S21402ACC8BDE8F043FCF7ACBE9D4B1B78013B012B5D
S21402ACD8D7D82046E91C0AF0FDFA074686B978B99D
S21402ACE8691C204613F0A9FE0546214613F086F98C
S21402ACF83A462946102005B0BDE8F04316F0D4B906
S21402AD08002508232146152200950DEB030016F0B0
S21402AD1807FB284602A915F097FF13F0ACFBB0E72D
S21402AD28884B1B78022BACD146B9FEF73FFDC2070B
S21402AD380AD5FEF7D7FC002F08BF3F26304605B0D7
S21402AD48BDE8F0430FF0FDBDFEF714FD0028F0D075
S21402AD58F1E711F0F7FD8046043016F0DCF90746F5
S21402AD6808F1020016F0D7F94FF6F773984205462F
S21402AD780CD8754A138801339BB213800BB9734AF1
S21402AD8813801EB1714A13880133138098F8009015
S21402AD9809F00309B9F1010F40F08380204613F049
S21402ADA829FF014620460AF095FA043809283FF694
S21402ADB868AF01A353F820F0E9AD02008BAC02009D
S21402ADC88BAC02000DAE02008BAC02008BAC02000C
S21402ADD88BAC0200F5AD02008BAC0200F5AD0200AA
S21402ADE8204605B0BDE8F043FFF7D4B9544B1B78AC
S21402ADF8042B7FF446AF0021084605B0BDE8F043B1
S21402AE08F9F720BB4E4B1B78013B012B3FF639AFB7
S21402AE18404613F02CFF00274D4B01465B898DF800
S21402AE280A70ADF8083000283FF42BAF384615F004
S21402AE380BFF0546204613F0DDFE421C032321467F
S21402AE48009792B202A816F06BFA9DF80A30E6B995
S21402AE583C4A1278022A18D1BBB9FF2DBDF8084021
S21402AE680AD03C4A214632F81530284623F4806335
S21402AE7822F8153013F0DEFA204613F0BCFB002247
S21402AE882146102016F010F9FBE6022B3FF4F9AE25
S21402AE982BB9304B33F815305B053FF5F2AE284632
S21402AEA83BE7B9F1000F7FF4ECAE3146204604F0DA
S21402AEB8BBF8002E3FF4E5AE4FF6F7739D423FF619
S21402AEC8E0AE98F80160284616F0040620D113F082
S21402AED8DFFB044628467CB113F05CFA0346F0B959
S21402AEE80C2200902946384612F039FC0C22002320
S21402AEF839462846009308E013F04CFA0346B8B9D8
S21402AF08154A009012782946384612F028FCB8E608
S21402AF1813F040FA034678B90B220090F3E70622AC
S21402AF28334629463846009612F019FC0622DEE712
S21402AF38234600940622E6E74B46CDF80090F9E74A
S21402AF48906200208F620020965B0020945B0020AF
S21402AF58D8100500805B00203E6D00202DE9F04FDA
S21402AF6805888BB00446284611F0ECFC804604306F
S21402AF7816F0D1F8074608F1020016F0CCF805A933
S21402AF880190284613F080FE284613F033FE014649
S21402AF98064628460AF09EF998F80030029003F012
S21402AFA80303012B0CBF82464FF0FF0A15F0C9FFB8
S21402AFB8B4F806B0814611F065FE98F8073000909E
S21402AFC83846039301F08AF8002838D1019801F030
S21402AFD885F8002849D1FCF7B9FAA9EB0B0B1FFA3A
S21402AFE88BFB8146FAF774FB002844D1FFF712FB65
S21402AFF8002840D1A14B1B78033B012B42D8BAF15B
S21402B008060F00F0BE80BAF1040F00F0BA80FFF710
S21402B01801FB20B1029B03F00303012B32D0FAF79F
S21402B028B1FA28B9964B1B7803F00F03062B6FD19B
S21402B038944B2846B3F8681011F0BBFB22E028466A
S21402B04811F080FC023016F066F84FF6F773984255
S21402B05806D9039B23B92846FFF75EFA0028B5D11E
S21402B068A37823F00F03A37054E0019816F051F961
S21402B0780028B0D1F4E7A9F104095FFA89F9B9F111
S21402B088020FB7D8BAF1010F40F0A280284611F095
S21402B0987AFB4FF6FF7398426AD100233146284658
S21402B0A807AA13F00BFA80460028D9D042799DF8F1
S21402B0B82530934209D9711D284689B20AF01EF92D
S21402B0C8A37823F00F030233A3700FF002FC7E234B
S21402B0D8B0FBF3F202FB130303F58073A3809DF81B
S21402B0E8263013F0180F0BD0A378190708D1009B47
S21402B0F8BB4205D0384698F8052005A90FF031FC62
S21402B1089DF82700003818BF01200BB0BDE8F08F65
S21402B1182823A3800020F8E7584B1B78033B012B13
S21402B1285FD940F6B8339B459AD80FF0D2FBFF2377
S21402B1388DF81330002300F03F00C0F5FA70A080A7
S21402B14807A90DF113008DF81C30FBF7A3FF05467F
S21402B15898F80710384611F0FBFF002D80D09DF8AE
S21402B1681C20013A032A7BD8DFE802F0807A697D40
S21402B1784FF6F773019A9A4224D898F80130DA07FC
S21402B18820D4284611F0FFFA16F060F8012808BF06
S21402B1983D4BA27809BF1B78FA2303EB830303EB24
S21402B1A8830302BF9B00FA339BB212097FF458AF9F
S21402B1B85B45FFF455AF0FF08CFB00F01F00103014
S21402B1C8A08053E02D4B1B78033B012BA9D8D8E768
S21402B1D84FF6F773019A9A429ED898F80130DB0721
S21402B1E89AD4BAF1020F53D10123314607AA284648
S21402B1F813F064F9074611F045FDBDF8223098426F
S21402B20836D1002F3FF42CAF01227B8831462846E0
S21402B21808F00EFB1D4A13780133DBB288F80730B4
S21402B22813707B88BDF81E209A421FBFA37823F0AE
S21402B2380F030233A3704FF4C873A38016E0009B73
S21402B248BB4213D000283FF40BAF426801323FF4EA
S21402B25807AFC2789DF813309A42BFF401AF05E0F3
S21402B268009BBB4202D0A2781209EBD101204CE720
S21402B278184616F04EF80028C3D182E790620020DE
S21402B2888F620020E8530020136D00208D62002094
S21402B298BAF1030F7FF475AF009BBB427FF471AF20
S21402B2A8711C284689B20AF015F80C287FF469AF93
S21402B2B8FBF7E2FC4FF6FF73984201463FF461AF94
S21402B2C8284611F076FA5CE72DE9F3410446008831
S21402B2D811F038FB0546043015F01DFF0646A81C7B
S21402B2E815F019FF074615F02CFE05463046B4F849
S21402B2F8068000F0F3FE064648B9384600F0EEFE31
S21402B30858B9194AA3781278033A012A0BD8A378AF
S21402B318002623F00F03A37021E0384615F0F9FF44
S21402B3280028EED1F3E71B09F1D1A5EB0805ADB26B
S21402B338B5F5C86FEBD80DF10301384601AA01939B
S21402B34813F078F99DF80350014645B94FF6FF7396
S21402B358984204D00126208811F02BFAA5803046A0
S21402B36802B0BDE8F08100BF906200202DE9F041EE
S21402B37805460C4611F0E3F9082802D10120BDE87B
S21402B388F081201D15F0C7FE0646284694F8078069
S21402B39811F03BFA0746284611F0C7F9010612D5FE
S21402B3A8184B1B78042B0ED1174B1B78022B0AD18D
S21402B3B8164BB3F868204FF6FF739A4203D0002163
S21402B3C80846F9F73FF8124B1B78002BD6D1A01C7B
S21402B3D815F0A1FE4FF6F773984202D86378DA079B
S21402B3E80DD523789B070AD13A464146304611F0D6
S21402B3F8BBFE80F00100C0B200F00100BFE70120EA
S21402B408FAE700BF906200208F620020E85300200F
S21402B418456300202DE9F04F9DB0044611F08FF9E0
S21402B4280546204611F08BF908285AD14FF40043F6
S21402B438102200212046ADF8503012F018F82046A7
S21402B44815F012FA0DF007FC002321461A460C20C6
S21402B45800930DF0C5F998B3204615F005FA14A91D
S21402B46802461020FAF7D6FD0501204615F0FCF92B
S21402B47814A902464020EDB2FAF7CCFD10B12046D8
S21402B4880FF03BFA204615F0EFF914A90246802081
S21402B498FAF7C0FDB8B99DB1102517A806F0A2FDA7
S21402B4A82046BDF8507015F0FBF90646204615F002
S21402B4B8DBF929460090F3B2384617AA0FF0BBFA12
S21402B4C81DB0BDE8F08FBDF8503017A8ADF85E4045
S21402B4D8ADF85C300FF0FDFE0028DCD145F08005A3
S21402B4E8DBE7204611F07EF9B0F5006F40F00581E3
S21402B4F8204611F08AF90646042D40F001812046BE
S21402B50811F013F980F40060C0F3C020002231461F
S21402B518400015F0C9FD954B1A78022A0DD0FFF7A0
S21402B52879F850B902F0FD03312B06D0043A012A05
S21402B53803D98F4B1B78002BC2D02146022001F07C
S21402B54873FB05900028BBD02046ADF8464011F0A4
S21402B558F9F90446BDF8460011F057F90546201DCC
S21402B56815F0D9FDA31C83461846039315F0D3FDA0
S21402B57812A90746BDF8460013F086FB63780690C4
S21402B588BDF8460094F80080099313F033FB6378FD
S21402B598064608F0030828460C93FAF7F1F8B8F1BD
S21402B5A8010F0CBF032302230E93724B08BF4FF002
S21402B5B80B091D80237818BF4FF00A0903F03C03D5
S21402B5C8082B0D907FF47CAFBDF8460015F068F99D
S21402B5D8B0427FF675AFB8F1010F03D0237898070B
S21402B5E87FF46EAF644BB3F86830AB420DD1634A52
S21402B5F8634BB2F9001093F90030002900F0A580D9
S21402B60801EB0313A3EB211313804FF0010AA6F1F3
S21402B6181003DBB207938DF8453010224846BDF872
S21402B6284610CDF800A00DF145030DF0D9F8002814
S21402B6383FF446AF099B13F002030A9300F00A810F
S21402B648504B1B78002B3FF43BAFBDF8469048465C
S21402B65813F0D0FA002308904846CDE91733199319
S21402B668ADF8683011F0D1F8089B039003F10E018B
S21402B678484689B213F091FA002870D0002349464A
S21402B688089A009317A80E2315F04AFE50460DF1A5
S21402B6985D010FF03EFE9DF869300B9004939DF80D
S21402B6A85C30282B5BD10DF16100FAF7F3FB0F90A3
S21402B6B8002854D1049812F0B3FC0F9B002867D1D7
S21402B6C8314B049A1B78D31A190648D404F04CFD59
S21402B6D850453CD115F03AFC2C4E0546346824B148
S21402B6E804F048FD2C1B844239D30023FF22194656
S21402B6F81846FCF73DFB356031E04FF6FD76FBE673
S21402B7084FF6FF70301A18BF01200022314640005B
S21402B71815F0CAFC0C2D0DD12146012001F084FA41
S21402B72800283FF4CDAE214600201DB0BDE8F04FFC
S21402B738FDF700B92DB920461DB0BDE8F04FFDF75C
S21402B7485FBD042D7FF4BCAEE5E61B025CE704F0A1
S21402B7580BFD022803D104F0E9FC0028BAD0002227
S21402B7681920039915F0A0FCAAE600BF8F620020F4
S21402B778456300200C5C0020E8530020DE5B0020B6
S21402B788416300208B6200208A620020F854002061
S21402B79810214846089ACDF800A012F07FFA002831
S21402B7A8DDD0A64B049A1B78934240F0AA800399F0
S21402B7B80DF1610214A815F013FA012114A8FAF77C
S21402B7C843F8824648F2030114A8FAF749F9BAF18F
S21402B7D8000F03D0082114A80FF036FD484613F0D0
S21402B7E827FA03990DF16100FBF7E6FAFE2882466E
S21402B7F8B5D0FF280AD1039815F06EFDFF288246B9
S21402B80800F087800DF16101FBF750F98B4B049A23
S21402B8181B78934200F0A38050460B99FBF7B2FAC6
S21402B82800283FF44DAE50460B99FBF7BDFA237835
S21402B8389A070FD1484613F0DDF90146484609F043
S21402B84849FD00F00300012804D103980DF16101B7
S21402B858EEF70EFDBDF8460010F067FF030440F150
S21402B8688580204615F057FC40F4007189B22046C0
S21402B87815F053FC00224FF40041BDF8460010F0C4
S21402B88845FFDDF81490012310220093BDF84610F8
S21402B8980E980DF145030CF0A3FF00283FF410AEF6
S21402B8A8032866D1204615F036FC40F4007189B2AA
S21402B8B8204615F032FC284615F02BFD002840F0ED
S21402B8C8B780DDF81490B8F1010F40F0C18003206C
S21402B8D8BDF8461001F0A8F9002840F0B9803146B4
S21402B8E8BDF8460009F0F6FC0F2801467FF6E8ADDB
S21402B8F84FF6F7739F423FF6E3AD284611F01BFE5C
S21402B908DEE55046049903F049FD00287FF44FAF60
S21402B91825E7237803F00303012B08D1484613F0E2
S21402B92869F90146484609F0D5FC082892D0444BE6
S21402B9381A78444B1B789A4209D20DF16101039892
S21402B948FBF768F8039815F0C7FC82465EE7A01C6A
S21402B95815F0E1FB4FF6F7739842EED9FFE650462C
S21402B968FBF79AFA00283FF457AF5CE74FF0000956
S21402B97889E7284615F0CDFC0028A4D00A9B002BA0
S21402B98858D1B9F1000F53D1B8F1010FBDF84600EE
S21402B9989DD0314609F09EFC8246DFF8B09099F8B1
S21402B9A80030002B5FD011F06DF987427FF488AD26
S21402B9B8B8F1010F40F08280BAF1070F78D8BAF1D1
S21402B9C8050F7FF67DAD204B1B78022B02D0043B79
S21402B9D8012B03D899F80030002B4BD00C9B980605
S21402B9E840F1BB800D9B002B40F0B380284615F033
S21402B9F85BF9FF2840F0AD805D457FF461AD069B9C
S21402BA08002B00F0A48012AB46F204020124ADF823
S21402BA185C200193214602232846009417AA13F0B5
S21402BA28C5F800283FF44CAD214611F06DFA47E5FB
S21402BA38DDF81490284607F053FD44E78A62002092
S21402BA4889620020146D00208F6200208B6200201D
S21402BA583146BDF8460009F03DFC0A9B824613B9FA
S21402BA68B9F1000F99D0A84B1B78022B02D0043BE1
S21402BA78012BB3D8284600F031FB814600287FF414
S21402BA881FAD11F0FFF8854222D1A04B1B78033B6D
S21402BA98012B19D89E4BB3F8684011F0F3F84B46C1
S21402BAA801460D222046CDF8009011F058FE07E513
S21402BAB8AAF10E03DBB2012B85D901E50AF00303CE
S21402BAC8012B7FF4FDAC7EE7012000F0A5FBF7E42E
S21402BAD8284615F01EFC58B911F0F1F84FF6FF7318
S21402BAE8984205D015F090F910B92846FAF738FFAB
S21402BAF8284615F00EFC88B111F0E1F84FF6FF73F0
S21402BB0898420BD015F080F940B9B8F1010F02D16E
S21402BB18BAF1060F02D0284607F04CFA069BA3B9DC
S21402BB2819460122584600F0ABFB814600287FF4EE
S21402BB38C7AC204613F09BF84A460146384600F042
S21402BB489FFB00283FF44AAFBAE412A9E9E7069B2E
S21402BB585AE7637823F0200363704FF6FC739F421C
S21402BB6875D16A4B1B78033B012B7FF6A9ACA379E8
S21402BB780BB1013BA3716378590727D500235846B2
S21402BB8817AA14A9179312F055FD1798F0B108F0E2
S21402BB98CBF88146384615F087F8179A0146137986
S21402BBA803F03000102806D003F00C0008281CBF4B
S21402BBB823F00C031371137903F03303202B05D1FA
S21402BBC8FF2903D00122484608F078FA284615F0DD
S21402BBD86BF8FF281EBF00224E4B43F82020099B15
S21402BBE803F001094FF6F7739F4200F21381B9F189
S21402BBF8000F40F01C812946584611F052FC11F0FD
S21402BC0841F8874200F0DF80384615F082FB0028AC
S21402BC184AD0B8F1010F30D1BAF1010F20D14A4605
S21402BC283146BDF8460007F05FFE384615F071FB50
S21402BC38394B1B78002B78D1584615F06AFB00283A
S21402BC4870D1384615F065FB00286BD138E44FF6FC
S21402BC58FD739F428BD12D4B1B78042B87D12FE483
S21402BC68384615F056FB50B3BAF1030F27D13146C2
S21402BC78BDF8460011F0ABFD22E4384615F049FB44
S21402BC88384612F087FB002848D000233946584623
S21402BC98BDF8462001F05AFB00283FD00021BDF827
S21402BCA84600FEF7D1FB0BE4384615F032FB18B116
S21402BCB8B8F1010FD8D0E3E7B8F1010FE0D1164B7F
S21402BCC81B78002BB8D0BAF1050F2ED110F0DAFF88
S21402BCD88DF85C0010F0D6FF000A8DF85D0001238F
S21402BCE8022217A90DF14600F9F74CFA00287FF44C
S21402BCF8E7AB711CBDF8460089B209F0D9FA037899
S21402BD080133037011E000BF8F62002090620020AA
S21402BD18E8530020404500201A6D00209A4B1B78F5
S21402BD28002B89D0B8F1010FCDD063785A070CD50D
S21402BD38BDF84640204612F01FFF411C89B2204635
S21402BD4809F0B6FA0378013B0370904B1B78033B65
S21402BD58012B30D8B8F1010F06D1BAF1050F1FD161
S21402BD6810F090FF834522D1BDF84600FEF7AEFCE0
S21402BD7802281CD10021584617AA08F021F930B12A
S21402BD880379458003F03C0343F040030371002324
S21402BD987F4A009339465846127811F0E0FC06E0CE
S21402BDA8BDF84600FEF792FCBAF1030FE0D1002276
S21402BDB839461C20D6E4BDF84600FEF787FCB8F1E3
S21402BDC8010FD5D1F0E7B8F1010F7FF467AF0AF19A
S21402BDD8FF330C2B00F2AA8001A252F823F000BF10
S21402BDE84BBE02004BBE020077BC020061BE0200D8
S21402BDF871BE020095BE0200B7BE0200E3BE020094
S21402BE08F9BE0200F9BE020005BF02001DBF02000D
S21402BE1829BF0200B8F1010F00F09480B9F1000FB3
S21402BE2808D1BDF84600FEF71DFEFFF749BBB8F17C
S21402BE38010FCCD0237A03F00303012B7FF440AB27
S21402BE48EFE7AAF102035A423146BDF846005A41C4
S21402BE5807F04AFDFFF734BB32465846BDF846108F
S21402BE68FEF7D6F8FFF72CBB711CBDF8460089B260
S21402BE7809F030FA0236F6B20246BDF8463058469F
S21402BE88009612A90AF054F8FFF71ABB3F4B1B7824
S21402BE98013B012B3FF614AB079B012100930020C0
S21402BEA82346BDF8462011F0C9F9FFF709BB374B00
S21402BEB81B785A1E012A07D90120079ABDF8461090
S21402BEC8FCF71AFCFFF7FCBA022B7FF4F9AAF9F77B
S21402BED8FFFB0028F0D1FFF7F3BABDF8460006F0DC
S21402BEE869FEFFF7EDBABDF84600FEF721FA98E7B5
S21402BEF8BDF84600FEF71CFAFFF7E2BA234B1B789A
S21402BF08013B012B3FF6DCAABDF84600FDF736FDDD
S21402BF18FFF7D6BABDF84600FDF780FDFFF7D0BAA0
S21402BF28BDF846000FF0CFF9FFF7CABA33462246E5
S21402BF385046BDF846100FF098F900287FF4C0AABC
S21402BF485146DAE40AF1FF330C2B3FF6B9AA01A2EE
S21402BF5852F823F04BBE02004BBE020077BC02002A
S21402BF6861BE020071BE020095BE0200B7BE0200A4
S21402BF78E3BE0200EFBE0200EFBE020005BF0200EB
S21402BF881DBF020029BF02001A6D00209062002021
S21402BF983E6D002010B50021114810F049FD0446F8
S21402BFA8E8B110F05BFC0F4B1870204610F05BFCF3
S21402BFB80D4B1870204610F05CFC0C4B187020468F
S21402BFC810F05CFC0A4B1860012014F0C3FF2046F0
S21402BFD8FFF720FABDE81040002014F0BBBF10BDE2
S21402BFE8BC5B0020426300204163002040630020BF
S21402BFF8F054002070B5164E044633680D46E3B179
S21402C00810F09DFB0C2818D1204610F09BFC092244
S21402C0180021044614F068FB235C042B0DD10D4B5B
S21402C0281B78033B012B08D80B4C25B10B4B227807
S21402C0381B789A4203D300232370002070BD084859
S21402C048316814F0FDFC2378012001332370F5E7EC
S21402C058F454002090620020446300203D6D0020C6
S21402C068B86B0020014B93F901007047DE5B002095
S21402C078014BB3F868007047E853002070B50024F7
S21402C088124D2C70EDF7D8FEE6B2B04212D8104B1D
S21402C0981B78013B012B04D800214FF6FF70FBF7F3
S21402C0A819FF00220B4B1A700B4B198801B11A8024
S21402C0B8012070BD304614F04FFEC30748BF2B78E8
S21402C0C804F1010444BF01332B70DBE788620020C9
S21402C0D8906200207F620020905B002038B50B4BF0
S21402C0E805461B7873B101335C08094B188814F0AF
S21402C0F8BBFB002330F81320AA4205D00133DAB27C
S21402C108A242F7D3002038BD0120FCE77F62002058
S21402C118905B002030B5054685B008460C4615F0FB
S21402C128F4F8FF280CD011F082FA01220021034607
S21402C138CDE90112009221462A460720FBF77AFA31
S21402C148284614F0B1FDFF2804460FD014F004FE6A
S21402C158C2070DD5204614F0FFFD830708D40B4A04
S21402C16832F8143043F4806322F8143005B030BD38
S21402C17811F05DFA012200210346CDE90112009270
S21402C18807202A46FBF756FAF0E700BF805B002036
S21402C1984FF6FA72431E9BB2934270B504462AD8EB
S21402C1A8FFF79CFF38BB194B1B78042B23D020467D
S21402C1B815F092F8FF2801D0FAF702FB204612F093
S21402C1C812FA08B107F0C6FD2046114E04F046FAE8
S21402C1D820460EF0C4FB31780E4D69B1288814F05B
S21402C1E843FB054601461E220230F1F72BF82C8047
S21402C1F833781E2B07D970BD202014F0A9FB28809F
S21402C2080028EBD1F7E702333370F4E79062002098
S21402C2187F620020905B002037B5134B05461B78DB
S21402C228022B1FD110F02EFD044610F02BFDFFF74F
S21402C238AFFF11F0FCF910F031FD0020FBF73CFDD2
S21402C24840F607400EF017FC3DB100230D222146AA
S21402C2584FF6FD70009311F082FA03B0BDE8304045
S21402C26804F032BF03B030BD90620020034B1B7847
S21402C27813B90120FFF7D0BF704700BF86620020BF
S21402C288F7B504460D46174610F0FCFC0646002D88
S21402C29847D04FF6FB739C4243D82046FFF71EFF53
S21402C2A830B1A64204D1204B1B78033B012B38D968
S21402C2B82046FFF713FF10B1012003B0F0BD204659
S21402C2C80EF01DFBC0B1A642F6D00CB36946204656
S21402C2D8F9F758FD0246D8B90821684610F064FCFA
S21402C2E8B0B9082269462846F1F7A6FA80B1294667
S21402C2F8204611F0CCF9DFE7A642E6D12846F9F740
S21402C308C9FD28B90120FFF787FF06F0DFFDD3E74E
S21402C3183FB121462846FAF7E7FB2146284604F0AD
S21402C328B9F90020C9E700BF90620020044A1378D2
S21402C3382BB1013BDBB213700BB9024A138070476C
S21402C3487F620020905B00200148F8F7D7BC00BF48
S21402C358905B00202DE9F047804617460D468CB0C4
S21402C36861B903AE00211B4814F03DFF4FF00009E7
S21402C3780446DFF860A01CB920461DE00E46F1E729
S21402C3880022214624233046CDF8009014F0C8FF38
S21402C398082241463046F1F74FFAA8B9337C9BB9D2
S21402C3A86FB945B92A4621460A4810F060FB0A4A80
S21402C3B81388013B138001200CB0BDE8F0873B8848
S21402C3C8B28953405B06ECD52146504614F02FFF3F
S21402C3D80446D0E7F45B0020F25B0020024B188884
S21402C3E8003818BF01207047F25B002040232DE971
S21402C3F8F04397B0074611A88946ADF80E300EF0FE
S21402C408C4FB02238DF84430002304AE3146384676
S21402C41804937360F9F7B6FC0546002840F0958049
S21402C42838460EF02EFF804610F02CFC04460028F4
S21402C43840F0BB8099F80130042B40F0B980EDF744
S21402C44807FD022840F08480EDF702FD022840F03E
S21402C4588B8096E8030003238DF8443012AB83E8FA
S21402C46803009DF85130002143F00603102209A864
S21402C4788DF85130F0F794FE09A911A80EF01AFDAE
S21402C48840B111A80EF081FB30460DAB09AA11A9DE
S21402C4980EF015FEBDF846300DA943F0040311A8A8
S21402C4A8ADF846300EF05FFD102209F10A010DA81C
S21402C4B8F1F7C2F90546002872D1EDF7C9FC022841
S21402C4C806D13146FF2009AA0EF01BFD00286AD1C4
S21402C4D834240025EDF7BCFC022808D19DF851301B
S21402C4E81B0704D430460DF10E0111F0F0FA21466E
S21402C4F8304611F015FB10238DF8183004238DF8FA
S21402C5081A303346002203CBCDF81B00CDF81F1095
S21402C51806A80B218DF8195010F02FFA024638B1EA
S21402C528002D14BF012303233146384603F078F85A
S21402C538B8F1000F09D0342C07D106A8324639467E
S21402C54814F04EFB06A80EF082FE17B0BDE8F08384
S21402C558234621463046009411AA01F05FFE0028C1
S21402C5683FF472AFAD25C6E7EDF772FC012891D10C
S21402C578104B1B6803F08403842B8BD196E80300C8
S21402C58802238DF844301023ADF8463012AB83E808
S21402C59803009DF8513043F002038DF8513079E7D5
S21402C5A83324AD2596E7052494E72C46A325A2E76F
S21402C5B8AA25A0E7304700202DE9F04336488DB07B
S21402C5C8F8F78CFE14F0C2FC344D2B68C41A4FF4EC
S21402C5D87A73B4FBF3F4A4B214B114F0B7FC28606F
S21402C5E82F4F4FF6FF763B88DFF8B880ADF80A3053
S21402C5F800233B8000210DF10A0010F019FA0546C7
S21402C60858B9284B1B882BB14FF47A7122487143CC
S21402C61814F016FA0DB0BDE8F0834FF00009242393
S21402C6284A462946CDF8009003A814F079FEBDF8CC
S21402C6381A30A34294BFDB1A1B1B9BB2ADF81A3002
S21402C648CBB910F01FFBBDF8183003F040031843AF
S21402C65880B218B9322103A80EF0F3F9BDF81830E3
S21402C6681B0602D508980EF0F9FBB8F80030013B15
S21402C678A8F80030BEE79E4228BF1E4601234A4657
S21402C6882946009303A8242314F04AFE4A4629465C
S21402C698384614F0AEFDADE73C460020FC540020B8
S21402C6A8F45B0020F25B0020F0B50446304A8DB0F9
S21402C6B81068516801AB03C3A378012B54D1162224
S21402C6C800210DF11A00F0F76BFDD4F82110D4F80A
S21402C6D81D0003AB03C32388190644BF6268089289
S21402C6E8DA050BD5221D08AE04F114073546106884
S21402C6F85168083203C5BA422E46F7D1ADF818304B
S21402C70813F0040318BFA3690593EDF7BFFB0023D4
S21402C718ADF81A008DF81C3010F0B4FAE0B906A984
S21402C72803A811F0D4F90022242103A810F025F951
S21402C7380446D8B10020FFF73FFF002221460D48E5
S21402C74814F057FD0C4A0020138801331380FFF7B4
S21402C75833FF00200DB0F0BD082201A903A8F1F7A7
S21402C7686BF80028DFD0DAE70220F3E71920F1E7B2
S21402C778AB360400F45B0020F25B0020F7B50446F3
S21402C78800200E46FFF718FF104B1B88A34202D85C
S21402C798212003B0F0BD00210D4814F024FD002529
S21402C7A801460B4F0029F3D0A54208D100242423C2
S21402C7B822463046009414F0B3FD2046E9E7384690
S21402C7C814F035FD01350146ECE700BFF25B0020A8
S21402C7D8F45B00200148F8F791BA00BFF45B00202A
S21402C7E8014B1888704700BFF25B002030B5154A27
S21402C7F88DB051680546106801AB03C307A80EF052
S21402C808C4F9DDE90101032308AC84E803008DF8C6
S21402C8181C309DF8293003A943F0020307A88DF8B7
S21402C82829300EF047FB10B12D200DB030BD23463F
S21402C8382868696803C303A907A80EF020FB002826
S21402C848F3D0F1E7AB36040070B50C4611460E4A33
S21402C85823781278064613F0200542EA030222706D
S21402C86818BF611D0822F0F7EDFC002D0CBF05204D
S21402C8780D20D4F80130B3602378337303F018031D
S21402C888082B08BF013070BD8B620020042307B551
S21402C89801200DEB0301054AF8F79AFD019B044AAD
S21402C8A81B03136003B05DF804FB00BF63E51100C9
S21402C8B82047002010B5064C2368C3F30B0313B9B0
S21402C8C80448E2F7C5F92068431C236010BD00BF80
S21402C8D82047002063E51100014B1868704700BF27
S21402C8E82047002007B50020054B064A1860042397
S21402C8F80DEB03010190F8F76BFD03B05DF804FB3E
S21402C9082047002063E511007FB511230A4A01205B
S21402C91801A9F8F75DFD094B9DF814201A70084B1B
S21402C9281B780BB1052B05D10DF0D2FF012007B0FD
S21402C9385DF804FB0020FAE779EB01008A62002022
S21402C9488B6200202DE9F04F0646CBB08846008859
S21402C9580121174613F0C0FF2E4B3A463188ADF830
S21402C968160006A811F06FF90DF1280B5A46414633
S21402C978C419308811F0F1F8E4B208EB0003A342B8
S21402C98808BF044605464FF004091CBFA4EB08047A
S21402C998E4B223465A460121CDE900090BEB050A03
S21402C9A8CDF808B02D1B06A8EDF7BCFEEDB20BEBD2
S21402C9B804030093019523465A464146308811F0EF
S21402C9C8FAF834883946204608F084FC394600F0DE
S21402C9D8F802204608F092FC0121308813F07CFF0A
S21402C9E801234A46514680B10DF11600F8F7CAFBF4
S21402C9F801210446BDF81620308813F081FFB4FAE8
S21402CA0884F040094BB0BDE8F08F3046F8F7BAFB21
S21402CA180446F4E7156300202DE9F04FC9B0044632
S21402CA2888469246C118224A04A81F46FFF70CFFFA
S21402CA384FF00409C519EDB208AB0293A5EB0A0B31
S21402CA48A8EB0A035FFA8BFBA8EB0506DBB2F6B285
S21402CA5804EB0A02009301215B46CDF8049004A871
S21402CA68EDF760FE06F590730DEB03025A44A2F545
S21402CA788072136808A844F80830E35D324623F04B
S21402CA880703E3552C442146F0F71AFD08ABCDE917
S21402CA98019308AA00230121009604A8EDF742FE96
S21402CAA83246204608A9F0F70BFD49B0BDE8F08FDC
S21402CAB815630020F8B5064612F091F9811C054662
S21402CAC889B2304612F069F8F0B1EDB1294630461F
S21402CAD808F000FC1228074616D80C4B691C1C5C8A
S21402CAE889B2304608F0F6FB2C44052FE4B205D18D
S21402CAF8052809D8064B1B5C1C44E4B2214630467E
S21402CB08BDE8F84012F049B80020F8BD1E1105002D
S21402CB1818110500F8B5054612F06CF804462846C2
S21402CB280FF010FFA11C074689B2284612F035F806
S21402CB3800283ED0002C3CD02146284608F0CAFBE6
S21402CB480646611C284689B208F0C4FB0F2E30D868
S21402CB58194B9B5DE118731E89B2092B0ED8DFE8C4
S21402CB6803F009050D0D120D0D181E1EC40644BF4E
S21402CB78083189B2820601D5083189B22846BDE84D
S21402CB88F84012F00AB87B78DB0612D501EB4001B2
S21402CB98F3E700F01F0000EB40000144EDE71F2812
S21402CBA805D8092E0ABF4000022080B2F5E7C82839
S21402CBB8E4D00020F8BD00BF31110500F8B50646DE
S21402CBC80FF0C0FE09220021054613F08DFD00F184
S21402CBD81004284614F09FFAE4B207462146304667
S21402CBE808F078FB0546304613F05AFEBA05A0EB65
S21402CBF80403DBB20AD47C2D0AD0082D0AD8064ACA
S21402CC08505D98428CBF00200120F8BD1220F8E73C
S21402CC180320F6E7FF20F4E742110500014B1878D7
S21402CC28704700BF3F6D002038B5114B04461B788D
S21402CC3808469BB9012038BDA24205F101050FD16D
S21402CC4803EBC1035B6898470028F3D11E202246EF
S21402CC584FF6FF7114F028FA0020ECE70025054B82
S21402CC68E9B213F83120002AE6D11446EEE700BFEF
S21402CC783F6D0020E81005004FF6FF7307B5022245
S21402CC880DF106010348ADF80630E2F71DF803B0C9
S21402CC985DF804FB603202E0002307B5ADF8043005
S21402CCA8134B984221D10B88DA0703D5232003B009
S21402CCB85DF804FB9B0748BF4FF47F434FF0020220
S21402CCC80C480DF1060148BFADF80430E1F7D0FF75
S21402CCD84FF6FF73BDF806209A42E7D102220548AE
S21402CCE801A9E1F7F1FF0020E1E72120DFE700BF15
S21402CCF81FD1BACA603202E0002313B502220380AB
S21402CD0804460DF106010F48E1F7B2FF2D2801D0BF
S21402CD18112805D14FF6FF73ADF80630FFF7ACFFC2
S21402CD289DF80630BDF806201BB1238843F00103A0
S21402CD3823800020FF2A82BF238843F00203238031
S21402CD4802B010BD603202E0034B1B78002B14BF02
S21402CD58442056200E3070478B6200202DE9F04F93
S21402CD688DB0179C06468946CDE90223BDF8587051
S21402CD78D588ADF816103CB9EC0605D500970DF027
S21402CD88FBFE0DB0BDE8F08FC5F380242B054FEAF5
S21402CD98043448BF44F40064A80511D544F080045E
S21402CDA80A2E00F26981DFE816F09A002F001700B3
S21402CDB8370067016701370010009A0037009E00A7
S21402CDC8E90548BF44F04004EAE74FF001084FF08F
S21402CDD8020B4FF0000A14E008A95FFA89F011F076
S21402CDE87FF9DDF82500DDF8291006AB03C3A44B4E
S21402CDF833F81930ADF816304FF00008C3460DF177
S21402CE08180A002F5DD125E006AA0DF116015FFA71
S21402CE1889F003F003FCEFE74FF6F773994540F203
S21402CE282B8115F4026F40F02781964B1B78022B54
S21402CE3803D0043B012B00F2218147BB032E4FF09F
S21402CE4801080CBF4FF00C0B4FF0080BBA4624F43F
S21402CE58C074A4B28C4B18884FF6FF73984206D05B
S21402CE688A49F8F78FFF10B124F48054A4B2039BC2
S21402CE7838460093BDF81620534644F4027108F06B
S21402CE8851FAADF82000002838D1192079E738463B
S21402CE9813F006FD0246FFF757FF032E08BF0138B8
S21402CEA8824201DD38206CE7032E4FF001080CBFE2
S21402CEB84FF00C0B4FF0080B4FF0000A24F4C07426
S21402CEC8A4B2029B1B889BB91A46394606200093D1
S21402CED80BF0A9FC0028BDD140F6014051E74FF0FF
S21402CEE80008C34675E74FF001084FF0030B70E7DA
S21402CEF8002339461A4607200093E9E74FF6FF73E0
S21402CF08614A118899421CD00FF01CFD03465E4AFE
S21402CF1804301188039314F000F95D49039B0978DD
S21402CF2814F4805FD9715949574A1FBF0868986038
S21402CF384868D8604FF6FF7313804FF0FF330B60D4
S21402CF484B605946029A08A808F0A8FA00289CD00E
S21402CF58504C2378002B3CD1A7B1384613F0A0FCDE
S21402CF680746BDF8200013F09BFC23780744002BE5
S21402CF7814BF12220022EB1003F0040317443B44AA
S21402CF88842B8FDC15F400570AD0BDF820402046C3
S21402CF980FF0CBFB40F4806189B220460FF0B0FB5D
S21402CFA8A6F10803012B05D801221021BDF820009E
S21402CFB80FF0ACFB179BBDF8204043B32046BDF8E4
S21402CFC816100FF0F6FBBDF82030179A00201380D3
S21402CFD8D7E6AA06C0D56B0103F020030A2E14BFB3
S21402CFE843F0010363F07E03DBB2B8F1000F08D00A
S21402CFF800215246009108A800F086FE0028ABD011
S21402D008BFE61A46514608A810F048FFF6E720463B
S21402D01811F0F0FD179B02462146042000930BF000
S21402D02802FC00283FF458AF0A2E18D84FF4D963EA
S21402D038F340DB0713D5072E0AD00A2E08D0BDF810
S21402D048200010F03EFA80F00100C0B2800098E698
S21402D05808A80EF019F90028F1D0042091E617B1B5
S21402D06825F04005ADB22B463146BDF820005FFAE2
S21402D07889F201F01BFF84E6012082E6162080E68C
S21402D088D85800208F620020BE6C0020406D002019
S21402D098506300208B620020F7B50F469DF82810D3
S21402D0A80446DDE90B061D46F1B94FF6FF739C42AE
S21402D0B81CBF174B1C804FF000041CBF154B1A7080
S21402D0C8BDF8240008F080FA00232A46CDE900437A
S21402D0D8394606209DF82030FFF740FE10B90EB1FB
S21402D0E8AB7A337003B0F0BD78B14FF6FF739C424B
S21402D0F81FBF074B1C80074B1A7000220FF03DFC1F
S21402D10804460028DCD11920ECE72120EAE700BF14
S21402D118BE6C0020506300202DE9F04788469DF833
S21402D1282810074616461D469DF820A0BDF82490EE
S21402D1380B9839B158B300220FF01FFC044610B9F9
S21402D148192025E00C464FF6FF739D421FBF114B70
S21402D1581D80114B83F800A04FF6F7739E4208D83D
S21402D1680E4B4FF6FD761A784FF6FF73002A18BF55
S21402D1781E46484608F028FA00233A46CDE90843F0
S21402D18831464346BDE8F0470320FFF7E7BD2120B6
S21402D198BDE8F087BE6C0020506300202E62002097
S21402D1A82DE9F04786B09DF838600546DDE90FA8F8
S21402D1B80C4617469946B6BB374B1B78022B1DD131
S21402D1C825BB4FF6F7739C4214D80026484608F04B
S21402D1D8FBF900233A46CDE900632146FF23284699
S21402D1E8FFF7BCFD38B9B8F1000F04D0BB7A88F84F
S21402D1F8003000E0012006B0BDE8F087043B012BB2
S21402D208DED908460EF03DF810B31DB3022D31D113
S21402D218ECF70CFEA042EDD9204B33F814204FF65B
S21402D228FD739A4219E0BAF1000F32D01A4B1B78F6
S21402D238022B05D1FFF788FDB042E6D23820DAE79E
S21402D248043B012BF6D908460EF01BF80028F1D14C
S21402D2581620D0E74FF6F7739C42CBD8002EB4D0F0
S21402D2683146002250460FF088FB06460028ADD10C
S21402D2781920C0E7012DBDD104AA0DF10E01E0B2B6
S21402D28803F0CCF9064B1B78A342B3D9BDF80E209F
S21402D298C5E72120AFE700BF8F620020D8580020DC
S21402D2A80E6D002030B5104B87B005460C46186840
S21402D2B8596803AA03C298680C4910609A88DB88E2
S21402D2C852BA23F04003ADF812300023CDE90043EA
S21402D2D8ADF81020FF23098803AA0720ADF80E50E0
S21402D2E8FFF73CFD07B030BD005C00200C5C002058
S21402D2F838B50C461146124A124D108022682A602A
S21402D30862686A60A268AA60E288500616D5EA8849
S21402D318520613D561B1002218460FF02EFB0146BD
S21402D32850B16088FFF7BEFF0522074B1A7038BD5A
S21402D338084611F0A0FBF2E71920F5E70220F6E707
S21402D3480C5C0020005C0020616300202DE9F04F91
S21402D358074689B0104615461C468A4611F04AFC0E
S21402D3680146284607F0B6FF064628460FF0EAFAB0
S21402D378043013F0D0FE80460FF084FC804550D06F
S21402D388B2074ED1DFF8AC80284605A9B8F800B037
S21402D39811F036FD9DF81930A8F8007003BBBDF8E9
S21402D3A81430EBB928460FF0CDFA023013F0B3FE6C
S21402D3B84FF6F773984294BF4FF000094FF00109F1
S21402D3C801230134E4B22A463846CDF8009005A96E
S21402D3D8039303F0C5FE039B40B901339C421ED259
S21402D3E80020A8F800B009B0BDE8F08F022CF8D1EA
S21402D3F8012BF6D10C4A0D4BA3F800A01378591C42
S21402D40811700B4A7F3B16F00C01137007D1BDF85A
S21402D4181A305B0603D5BDF81600FFF743FF022352
S21402D428D1E70020DFE700BF8D620020BE6C002037
S21402D438506300200C5C00202DE9F04FABB00F467D
S21402D448ADF81E000FF07EFA00F1020A06465046B4
S21402D45813F061FEBDF81E400546204611F0CAFBD1
S21402D4680146204607F036FF814600F00308301DC5
S21402D47813F051FE434C20800FF004FCA8422DD036
S21402D4884FF6F7739D4229D87378DA0726D42846CA
S21402D49810F080FF30B101232946BDF81E202088EF
S21402D4A8FFF754FF0FF0EEFB364B1B8883420FD173
S21402D4B8BDF81E40204611F09DFB0146204607F0A7
S21402D4C809FF10F00C0103D1BDF81E0001F0ACFDF7
S21402D4D800222D4B1A602BB0BDE8F08F2B49BDF801
S21402D4E81E0011F08DFC2A49BDF81E0011F0CCFB77
S21402D4F80028274B08BF0023234ABDF81E001360E6
S21402D5080FF0ACF9234B1870BDF81E000FF0ABF9FC
S21402D518214B1870BDF81E000FF0B0F91F4B1860AB
S21402D52800238DF82230002F3ED0184BDB889B064E
S21402D5383AD50FF0A7FB10B3194B1B689D071ED4EC
S21402D548B8F1010F14BF082318230DF12202009226
S21402D55800220DF11E00114600F0D6FB20B3B8F1EA
S21402D568010F9FD10F4B1B78112B9BD110F035FD65
S21402D578002897D140F61D40F9F7E2FF92E7082304
S21402D588E3E700BF0C5C002004550020005C002086
S21402D598486300204263002041630020F0540020C4
S21402D5A8304700208F620020504613F0B4FD8246B2
S21402D5B8BDF81E0013F074F9A0F11005EDB22A4664
S21402D5C831460AA8EFF77CFFFF238DF82F304FF677
S21402D5D8F7739A4540F2DF80B8F1010F00F0E78052
S21402D5E8B8F1020F00F04681B8F1000F7FF45AAF87
S21402D5F8A44DBDF81E00EB88ADF8240004930FF086
S21402D608A1F9BDF824600746304611F0F3FA014640
S21402D618304607F05FFE8DF82300B81C7E7813F0BC
S21402D6287AFD07460FF02EFB06F00106B4F80090C6
S21402D63803906C88002E7FF435AF4FF6F77A424691
S21402D648494657458CBF0620082013F02DFDBDF825
S21402D65824B0584611F0CEFA5946024643460420EC
S21402D668CDF800800BF0BCF8574583460AD8B5F9C2
S21402D6780620EB88002A05DB580603D541462046D5
S21402D688FFF710FEBBF1000F3FF40CAF2B88002B00
S21402D6985AD16B79002B57D14FF6F7730DF1260145
S21402D6A89F42BDF8240094BF4FF0000B4FF0010BC9
S21402D6B810F075FDDFF8D8A100F1FF38BAF800308F
S21402D6C81FFA88F10593EB88BDF82600069307F043
S21402D6D801FE069B04990190009322465B46059834
S21402D6E8C1F340110DF0DAFD00283FF4DBAE042347
S21402D6F806200093BDF82610624B5FFA88F20BF0FC
S21402D7086FF800283FF4CEAE48F202036A889A42BF
S21402D71805D1BDF82410BAF8000000F08DFF594D67
S21402D72809AA29460DF123000DF0B6FD0346002886
S21402D7387FF4B8AE2104BAF80000BDF8242060D5FC
S21402D7482346294610F040FD9DF823304D4D03F040
S21402D7580C030C2B75D1288910F001FD00283FF424
S21402D768A1AE039B002029894B4514BF0226032637
S21402D77802F02CFE444B18704FF6F7739F42BDF822
S21402D788240075D8A4F138025342534132463D4923
S21402D79804F066FC86E6B8F1020F6BD0394BB3F993
S21402D7A80630002B26DAB8F1010F7FF41DAF0FF012
S21402D7B869FA238883423FF475AE0520BDF81E1029
S21402D7C8FFF732FA00283FF46DAE2E4AD3885B067E
S21402D7D807D50023CDE900330A20FF232188FFF767
S21402D7E8BDFA3A469DF822302188BDF81E0002F09E
S21402D7F823F957E629460AA800F070F80028D2D07E
S21402D80850E60221DFF88C8088F800102946CDF809
S21402D81800B003F0A5FC132C96D0EB885D0493D4D5
S21402D8281A4B1B78D80703D598F80020022A8BD003
S21402D83899077FF537AE98F80030012B7FF432AEA1
S21402D84882E700222B79124800936B7911460088EA
S21402D85802F0E4FD0C4B18709DF8233003F00C031D
S21402D868082B89D1039B4B4514BF0426052683E75C
S21402D87801238BE74846BDF81E20024901F048FB03
S21402D88810E600BF005C00206063002030620020C3
S21402D8980C5C00205163002010B5002108480FF0E8
S21402D8A8C7F8044650B101460420FFF7BDF928B16F
S21402D8B82046BDE810400121FFF7BEBD10BD00BFDF
S21402D8C8F05B0020034BFF211A7803489200EFF71B
S21402D8D867BC00BF0F6D00205843002070B545187E
S21402D8E804464FF0FF31AC4212D1104B10481A785A
S21402D8F805460023934211DB0E4C2078431CB3FBEB
S21402D908F2F602FB163345F82010237000200CE0CE
S21402D91814F8010BE0F70CFB0146E4E750F8044B59
S21402D928A14201D00133E5E7012070BD0F6D00204A
S21402D9385843002052630020042307B501200DEB4C
S21402D9480301054AF7F744FD019B044A1B031360CB
S21402D95803B05DF804FB00BF23E111000055002068
S21402D968014B1868704700BF00550020014B186825
S21402D978704700BF0055002010B5064C2368C3F355
S21402D9880B0313B90448E1F763F92068431C2360C4
S21402D99810BD00BF0055002023E111002DE9F04F0D
S21402D9A893B003930023DDE91C79069399F80030B7
S21402D9B883460DA804930E4615460DF0E6F899F828
S21402D9C8003013F003043ED0039B0DF1250A8DF8B0
S21402D9D824300022082138460FF0E6F8002870D0D6
S21402D9E828880EF0AFFF99F800301C074CBF0430A9
S21402D9F8023013F090FB07A98046F7F7D7FE9DF88A
S21402DA0824300446980633D5288806F10D0111F00D
S21402DA18C4F8A8B100230093384608232988721D43
S21402DA2813F07EFC99F8003003F01803182B4AD13D
S21402DA38B8F1000F47D0A94BB3F86830434542D037
S21402DA4840F60A4327E02888711D11F0A6F8002838
S21402DA58F6D0009405233246298809A813F060FCFC
S21402DA689DF824300DF1240A03F018030393B0E757
S21402DA7814BB39464046F8F785F90028D2D099F8FB
S21402DA8800309907DCD0402322462146404610F053
S21402DA9849FC40F6094399F8002012F0030440F0C6
S21402DAA8F780288803930EF0B0FE224601461A2015
S21402DAB813F0FAFA039BEBE007AB03CB3860796006
S21402DAC8B0E74FF6FF780DF0CAFB044620B10421F2
S21402DAD83846F7F793FE04461E9B002B5AD00923B6
S21402DAE81E990DA88DF834300DF0C9F9209B0BB19C
S21402DAF8209B0693039B002B40F08E800DA8ECF724
S21402DB0873FE99F800309A0700F09880FFF734FF02
S21402DB185146024601200DF0EEFB99F800309B07AD
S21402DB2810D55946288811F031F90BF1090350FA35
S21402DB3883F35FFA83FB5946288811F0FEF800EB58
S21402DB480B06F6B299F8003013F0C20F0AF1040376
S21402DB580DD09DF82420624942F020028DF8242038
S21402DB680A68CAF804204A685A600AF10C030122B5
S21402DB7809A800921B1A324629889BB213F0D0FBDA
S21402DB88324659462846FEF7DDFE002800F0A480F5
S21402DB9800237DE01F9B5BB19E460DF1340CBEE868
S21402DBA80F00ACE80F00DEF80030CCF800309DE736
S21402DBB8049B594603F020032888049307F08AFB3F
S21402DBC810F0030F0CBF012300230593049B059A4C
S21402DBD8003B18BF012342EA430300930DAA06AB93
S21402DBE838461F9900F01AFB049A034682B10028A9
S21402DBF880D0059B0DAA0093384606AB1F9900F005
S21402DC080DFB034699F8002022F0200289F800202E
S21402DC18002B3FF46FAF3EE7039B102B06D1BDF8EF
S21402DC28363043F00103ADF8363067E7039B182B0E
S21402DC384FD1BDF8363043F00203F4E701200DF168
S21402DC4825010DF066FB99F80030824613F0040FA2
S21402DC58288821D1069B1BB3002C35D00EF0D5FDA3
S21402DC6800220146162013F01FFA84B17FB14FF640
S21402DC78FF7398450BD000230DA91A4638460DF0B7
S21402DC881EFA394640469DF835200DF000FB012362
S21402DC98184613B0BDE8F08F002CDFD1104F01E014
S21402DCA8002CDBD100233246009359463B460FF040
S21402DCB8F5FF00283FF4C4AE002C3FF469AF069A7D
S21402DCC80AF10103136063E71B685345C6D80124AB
S21402DCD8E8E740F60A43DBE71923D9E7E8530020CA
S21402DCE815630020002307B5054A06481360042278
S21402DCF80DEB02010193E0F7E7FF03B05DF804FBC2
S21402DD080055002023E111002DE9F04F0446B1B07A
S21402DD1800888DF82F3016468A4610F06BFF0146AB
S21402DD288146208811F009F800EB0908208811F0CE
S21402DD3856F800239DF82F505FFA88F815F0010769
S21402DD480790ADF8363008D101460DF13602208824
S21402DD5810F0DDFE08B1ADF8367016B9CDE90E66DC
S21402DD680EAEFEF73BFB18B145F020058DF82F5096
S21402DD780023CDE9033302930DF12F03CDE90063A7
S21402DD882246534641464846FFF708FE05460028FF
S21402DD9800F0CA809DF82F3013F0010747D123F010
S21402DDA820038DF82F300EF06DFF68B17C4A10AB59
S21402DDB81068516803C3184600F002FA0546FEF7D3
S21402DDC80FFDBBB298423BD83A9B13B100233A9A4E
S21402DDD81370BDF83630CBB10121208812F07CFDD5
S21402DDE827880546002800F0CA800121384612F026
S21402DDF873FDBDF836700546384612F051FD00230D
S21402DE0800903A461946284610F004FE0023CDE94B
S21402DE18033302930DF12F03CDE9006322465346DE
S21402DE2841464846FFF7BAFD054600287CD00EF064
S21402DE3829FF002840F0BA80284631B0BDE8F08FA6
S21402DE4818AB14AA26A9F8B20DF08EF9002840F0ED
S21402DE589480082210A927A8EFF7EEFC8346ADB1F6
S21402DE689DF8A53013F0020F08930FD0082212A9C6
S21402DE7827A8EFF7E1FC48B9089B590706D53A9B4D
S21402DE8813B101233A9A1370089507E03A9B002BC0
S21402DE9861D1BBF1000F70D1002308930DF1740C09
S21402DEA814AB0FCB8CE80F00BDF83630CBB101218E
S21402DEB8208812F011FDB4F800B000284FD00121D6
S21402DEC8584612F009FDBDF83620834610460992D8
S21402DED812F0E6FC00231946099A0090584610F0FC
S21402DEE899FD304B0DF1740B0493002303930DF147
S21402DEF82F03CDE900632246534641464846CDF8ED
S21402DF0808B0FFF74BFD002837D1002D33D012AAF0
S21402DF185B464FF482714FF4005000F0D9F8089B24
S21402DF2813B126A80CF02CFF0EF0ACFE88B11E4BDF
S21402DF381B689A070DD4FEF751FA50B1184A18AB67
S21402DF481068516803C3002226A918A80FF083FD9B
S21402DF5800BB002570E700233A9A137099E7BDF8CC
S21402DF6836200A901046099212F09AFCDDE9092337
S21402DF7807990090B2E72A46CAE701371FE7BDF8B5
S21402DF8836B0584612F08CFC2B4600905A46384655
S21402DF98079939E726A918A80FF099FDD3E700BF15
S21402DFA8AB3604002C470020304700209DF82F305F
S21402DFB803F01103102B7FF43FAF3E4B1B78432B25
S21402DFC87FF43AAF3C4B1B685B067FF535AF20887B
S21402DFD808F1050110F0E1FD834600283FF42CAF56
S21402DFE84146208807F076F9344B10F0200F08BF18
S21402DFF81E4612A800F0E4F80822314612A8EFF7E7
S21402E0081BFC002852D0314612A80DF001F9012354
S21402E01826AE00933246002314A912A800F0FEF892
S21402E02800287FF409AF12AB0DF12F07CDE9036084
S21402E0380290009322465346414648460197FFF708
S21402E048ADFCA8B3BDF89A30102043F0080318AA0E
S21402E05814A9ADF89A300FF0DBFC00287FF4ECAE7A
S21402E06812ABCDE90360CDE9017000932246534610
S21402E07841464846FFF792FC054600287FF4DCAE88
S21402E08818AB4FF49071002012AA00F021F84FF056
S21402E098005100200FF056FFBBF1000F3FF459AFB6
S21402E0A84FF0805100200FF04DFF52E78346AEE74F
S21402E0B814ABE6E78F620020304700205254002057
S21402E0C801461A230120014AF7F782B924E1010022
S21402E0D8F0B5164691B0074609A80D461C46FFF746
S21402E0E8EFFF3EB1336845F04005CDF82630736839
S21402E0F8CDF82A301B4B1A6822EA070242EA0501C3
S21402E10819604B040DD5BDF824200B0A03F4E2432C
S21402E118C9B222F4E3420B4322F07F021343ADF85E
S21402E12824301A230020104A09A9F7F751F9B4B186
S21402E13804A80CF02AFD02236A468DF8103015460C
S21402E148234604F11006144618685968083303C4AF
S21402E158B3422246F7D1294604A80CF090FE11B025
S21402E168F0BD00BF3047002024E1010047F2FF104F
S21402E178044B196841F48042014041F480411A6018
S21402E1880FF0E0BE3047002000B589B0FEF7BCFBB2
S21402E19801A8FFF795FF0948BDF804200168130295
S21402E1A821F0FF0103F4E2030B43D2B2134343F414
S21402E1B88043036009B05DF804FB00BF30470020C7
S21402E1C810B50C4B0446186888B0830706D54FF07E
S21402E1D8FF3323600120636008B010BD10F04000D2
S21402E1E8FAD001A8FFF76CFFDDF806302360DDF8E9
S21402E1F80A30EFE73047002008B5074B02461B688F
S21402E20813F0400305D118461946FFF761FF0120AF
S21402E21808BD0020FCE700BF304700202DE9F04784
S21402E2289EB080460C461D4691469DF898A0A2B11F
S21402E238164630460CF0A9FC1AF0020F0FD004B9A5
S21402E24817AC22463146404601AB0CF06BFF0DB1C7
S21402E25800232B601EB0BDE8F0870DAEE9E701ABE0
S21402E2683146404605AA0CF02AFF73780AF0010ADE
S21402E278FF2B26D0002840F0B68054B105AA09AF75
S21402E288134603CBBB42206061601A4604F10804B9
S21402E298F6D125B17278554B03EB82032B60BAF19F
S21402E2A8000F01D10020D5E7BDF80430D906F9D40D
S21402E2B818204FF6FF71727812F0F6FE40F60E40FE
S21402E2C8C8E74B4F3DB10EF0DDFC10B13B689A072C
S21402E2D82BD500232B603B6803F03003102B01D0AC
S21402E2E8202B24D117A8FFF7EBFE082240460DF193
S21402E2F85E01EFF7A1FA20B13B6803F04403402B16
S21402E30815D0BAF1000F15D109A80FF01FFE022387
S21402E3183370002C4CD1B9F1000FC3D00EF0B2FC0A
S21402E32860B3301DFFF74CFFBCE7324BD2E740F62E
S21402E3380A408FE73B68DB03E6D509A80FF006FE1E
S21402E3480223337074BBB9F1000FB1D00EF09AFCF9
S21402E358F0B1301DFFF734FFAAE73B6803F08403E9
S21402E368842B2CD009AB0DAF1A4603CABA422060DA
S21402E3786160134604F10804F6D105E025463B68B9
S21402E38803F08403842B28D0301DFFF719FF26E0FC
S21402E3983B68012503F08403F4E73B68012503F094
S21402E3A88403DDE70EF06EFC0028F6D00125D9E7D7
S21402E3B80EF068FC05460028CFD00025D2E712A842
S21402E3C80CF0E3FB022312A88DF84830ECF70CFA9F
S21402E3D8224608214046ECF75FF910237380002D89
S21402E3E83FF460AF64E72D2034E700BFB442002054
S21402E3F8304700202C47002049B9084B197849B104
S21402E4084EF66023594328B1054812F019BB41F26B
S21402E4188831F8E70248F6F761BF00BF2F6200208E
S21402E4287C46002070B586B005460EF02BFC10B967
S21402E438022006B070BDF7F745F80028F8D001A804
S21402E448FFF7BEFE06460028F2D08DB92E4B1C6892
S21402E45814F0020406D02D4B1B78112BE8D12C4B56
S21402E468B3F868404FF481630221ADF80C3023E01C
S21402E4782846F7F70FFD0028DAD1234B1C6814F05C
S21402E488020406D0214B1B78112BD1D1204BB3F8AE
S21402E49868400822294601A8EFF7CEF90028E1D0FD
S21402E4A84FF4027300260A21ADF80C302B68CDF81B
S21402E4B80E306B68CDF81230002203A80EF05DFA13
S21402E4C8024608B91920B4E70F4B196801F0300361
S21402E4D8102B17D0202B14BF01230323490001F069
S21402E4E804010B432046002101F09AF80028E9D0DF
S21402E4F800210120FFF780FF16B10122054B1A7092
S21402E508002096E70323E9E7304700208F620020C1
S21402E518E85300204763002030B5002585B0CDE9D2
S21402E5280055F6F7DBFE0EF0ADFB1E4C60B905F0A3
S21402E538AFFF0D25002108462170FFF75DFF29462B
S21402E54868460CF07EFA18E023784BB3164917484B
S21402E5580A780078904223D90132012B0A700ED12C
S21402E5682A464FF4A071284602F012FDC0B2B8B986
S21402E57841F288310E4812F063FA05B030BD022B1C
S21402E58809D1284602A9F7F7FDFB0028EED102A812
S21402E598FFF748FFEAE7032B02D101F0FBF9E5E7AC
S21402E5A80425C7E75363002054630020486D002003
S21402E5B87C46002070B51B4A1B4D044651681068FD
S21402E5C886B02E7801AB03C31EB10224204606B0DD
S21402E5D870BDF6F7CFFF0228F7D10EF053FB0028DE
S21402E5E8F3D003A800F03AFE082201A90DF10E00A6
S21402E5F8EFF722F9A0B10D4B32464FF4A071304620
S21402E6081C7002F0C5FC04460028DFD10123084A24
S21402E61841F2883107482B70137012F011FAD5E7C9
S21402E6282324D3E74B11050053630020486D0020CE
S21402E638546300207C460020F0B50C4600219BB0AF
S21402E6482B4F0646492207A80691EEF7A9FD3B7806
S21402E658012B34D19EBB0DF10E0120460FF09FFD13
S21402E6680546BDF80E0012F01BF9441BE4B2BDF8CD
S21402E6780E1023462A46009606A812F051FE304689
S21402E68804A9F7F77FFBD0B9CCB19DF81920B2B927
S21402E698BDF8233003F47E43B3F5285F1ED3B3F5E3
S21402E6A8385F0ED31349BDF80E000B6843F4000317
S21402E6B80B6029460CF0C6FD18B104233B701BB04C
S21402E6C8F0BD01220C4B04A81A70FFF7ABFE41F20C
S21402E6D888310A4812F0B4F90223EFE711463A7075
S21402E6E8FFF78AFE1E2104A80CF0ABF9E7E700BF85
S21402E6F85363002030470020546300207C460020E5
S21402E708014B1870704700BF54630020014B1878FD
S21402E718704700BF53630020014B1870704700BF54
S21402E728536300202DE9F04F0446408891B00E2925
S21402E7388846ADF81A0079D094F80890A7790EF0B2
S21402E74801F909A90546BDF81A00E67910F058FB42
S21402E758BDF81A000DF0E9FF420542BFBDF82A309F
S21402E76843F40053ADF82A30E379DB0642BFBDF81E
S21402E7782A3043F48053ADF82A30BDF82A3098067A
S21402E78813D5022F57D10CA9207A0FF0A9FCDDF871
S21402E7983500DDF8391007AB03C307AA00210423A6
S21402E7A800910DF11A00FFF7AFFA0121BDF81A0021
S21402E7B812F092F8022F824649D1474B33F8195085
S21402E7C8B8F1000F7ED0BDF82A2051067AD54FF64A
S21402E7D8FB739D4276D8414B1B78033B012B04D82A
S21402E7E83F4BB3F86830AB426CD0D30502D5284607
S21402E7F80FF058FEBDF82A30D80463D5002F33D15F
S21402E808BDF81A000DF091FFC10663D548F234032D
S21402E818BDF826209A4209D1324E3078FF2805D014
S21402E82803222946FBF782FBFF233370002323606B
S21402E83811B0BDE8F08F012F01BF237A2A4A03EBF5
S21402E848430302EB830314BF00229A1CA6E7012F98
S21402E85805D10C2303FB09F3234AD55AB0E7A81CB3
S21402E86812F059FC0546ABE7284601F0F7FEBDF85C
S21402E8781A000DF05AFFC206C8D46389504605939B
S21402E88812F00EF88346504611F0EEFF059B0290F2
S21402E8985FFA8BF04A46394601900093404609AB28
S21402E8A80CF067F8B8F1000F14BF0B20092016F019
S21402E8B8030218BF02F1FF32294618BFD2B212F07D
S21402E8C8F3FBA3E7BDF81A000DF02FFFC3069DD48D
S21402E8D8002FD2D1A946D0E7D8580020906200204F
S21402E8E8E85300204C6D00201858002038B5002444
S21402E8F80F4B104D2A78A24205D8C2B9BDE8384057
S21402E9080D48F6F7EBBC598869B9013AD2B2A24269
S21402E9182A70EFD0121B184603F110011201EEF707
S21402E92891FC0346E6E701341033E4B2E2E738BD69
S21402E938B842002057630020D86B002070B51A4BE7
S21402E9481A4A1D780023DCB2A54200D870BD1446C8
S21402E95866880133864202F11002F4D1E379A5886B
S21402E968E16003F040028DB9CAB123F00403E371F3
S21402E9780DF0E8FF037803F07F030370218800296F
S21402E988E4D1BDE870400A4812F05AB80021658002
S21402E998A180002AE9D1BDE87040FFF7A7BF20464C
S21402E9A8FFF7C0FEF7E700BF57630020B842002013
S21402E9B8D86B00202DE9F047044686B040880F46FB
S21402E9C815460DF0BFFFA3798046082B52D8DFE81C
S21402E9D803F0052E1851515151510500023012F01C
S21402E9E89AFB002D4ED06946F7F7CCF9002841D19C
S21402E9F8684601F0DDFEB0FA80F0400906B0BDE8D0
S21402EA08F08702A9207A0FF06BFB6B466E46DDF89C
S21402EA180D00DDF81110334A03C3237A32F8139037
S21402EA28314AD05C75B131460FF07EFBE6E7237AB1
S21402EA382E4903EB430301EB830231F82390907AC5
S21402EA48961CEFE74FF6FB7AD14515D9304603F008
S21402EA58ADFF4FF6FF739842054615D0014630467D
S21402EA6801F018FE554508D9E379DA060ED440F6C1
S21402EA782243E3600020C1E74D46294608F102001A
S21402EA8812F04BFB0120B9E74D46EDE74FF6FC784E
S21402EA98454512D103F00C030C2B1CD1DFB13046CE
S21402EAA84FF6FD7101F0F6FD40F61F412046E16083
S21402EAB8FFF738FEFFF71AFFDCE74FF6FD739D42B5
S21402EAC809D10023304619461A4602F02DFB414664
S21402EAD8304601F0DFFDE37943F00C03E37140F6BC
S21402EAE82343C6E7D85800203B6200201858002067
S21402EAF873B5044640880E460DF024FF023012F025
S21402EB080AFB0CF0BEFB18B1A11C201D0CF0BEFBC4
S21402EB18E6B1E5790135EDB2E57115F0400514D098
S21402EB28EBF77EF90122054600212046FFF742FF51
S21402EB3818B1394B1B882B449DB2384B1B78042BD3
S21402EB4801BF354B1B885B199DB2258000223146D2
S21402EB582046FFF72FFF20B360880DF0F3FEE27918
S21402EB682F4922F00C03E3710B7805460133DBB21A
S21402EB780B70C3712B4BA61C1B780BB3E379980654
S21402EB881ED52949097871B159060CD592070AD5B6
S21402EB9800220423114630460092FFF7B5F810B15A
S21402EBA8E06002B070BD0022012311463046009292
S21402EBB8FFF7AAF820B1E37943F00303E371EFE71E
S21402EBC830460CF061FB0028EAD16088FBF77EFD30
S21402EBD80328E6D8DFE800F0020D1D19E37943F0B2
S21402EBE80403E3711B06DCD5104B1A78104B1A7017
S21402EBF8D7E740F62443E360E37943F00803E3717A
S21402EC082B7803F07F032B70CBE740F62543E360AF
S21402EC18C7E740F62643FAE7966C00209062002083
S21402EC288D6200208B620020496D0020336200202E
S21402EC38566300202DE9F74F064612F082F95F4B1D
S21402EC480546B3F8009018805D4BA0EB09041B78C4
S21402EC58A4B2A34298BF00234FF000084FF6FF77EE
S21402EC6888BF1B1B564A88BFDBB21370DFF864B135
S21402EC78A9EB00030093534B5FFA88F21978914286
S21402EC880ED80EB1FFF732FE4FF6FF739F4200F022
S21402EC988E8039464C4803B0BDE8F04F11F0D0BE1E
S21402ECA8BBF80220002A3CD0484B9BF8072018786D
S21402ECB8BBF800A0042818D00020BAF1000F08BF3D
S21402ECC8A2462044504523D2BBF80010009B1944A4
S21402ECD8ABF80010002E4ED002F04802482A4AD15D
S21402ECE800215846FFF704FF45E00192F6F790FF29
S21402ECF830F01003019ADFD1FAF702FD344B019A7D
S21402ED08B3F800C08445D7D9ACEB000080B2D4E78C
S21402ED1802F00C00042807D10022ABF800200BF101
S21402ED28100B08F10108A6E7510602F0030C02F0E0
S21402ED3808000ED528B3BCF1030F25D1DEB1DBF8E7
S21402ED480C105846002908BF4FF44261FFF7EAFC48
S21402ED5811E040B3BCF1010F25D11206EED44FF4F0
S21402ED68C862ABF800209BF8072022F0030242F0A4
S21402ED7802028BF80720BBF80020974228BF1746E6
S21402ED88CDE703208445D9D213060ED50C4B1A7844
S21402ED980AEB0200844208DA4A44521B0AEB0201D2
S21402EDA8ABF80010E7E70120ECE7012199E70648EF
S21402EDB803B0BDE8F04FF6F791BA00BFF65B002045
S21402EDC85663002057630020D86B0020906200200C
S21402EDD8966C0020B8420020F8B500250A4E0B4F64
S21402EDE83378ECB2A34204D8BDE8F8400848F5F7F1
S21402EDF885BF07EB0414A01CF5F780FF201DF5F766
S21402EE087DFF0135ECE700BF57630020B8420020BB
S21402EE18EC5B002070B500240B4D0C4E2B78A342F9
S21402EE2808D81B1BDBB22B706BB9BDE870400848CC
S21402EE38F6F754BA06EB041040F621410134FFF700
S21402EE4871FCE4B2EAE770BD57630020B8420020BE
S21402EE58D86B00202DE9F041002506462F46114CB6
S21402EE68DFF8448098F80020EBB29A4203D8BDE84F
S21402EE78F041FFF73BBD60880DF064FD023012F0EA
S21402EE884AF9B0420AD16088F8F74AFA00230E21F6
S21402EE981846628803F086F92780678010340135A1
S21402EEA8E0E700BFB842002057630020F8B5154EC9
S21402EEB8DFF858E035789EF800E0134FAE454FEA83
S21402EEC8051C07EB051419D0002503F4835343EAFF
S21402EED81323A1712272E371608027F80C50A58073
S21402EEE806F078FB40F60243E3603378608101332C
S21402EEF828463370FFF79EFE2846F8BD40F60340C4
S21402EF08FBE700BF57630020B84200200D6D0020C3
S21402EF182DE9F04F344B0D461C78174685B05CB980
S21402EF28B1F90680DFF8C890DFF8C8A0DFF8C8B0E5
S21402EF3899F80030A34202D805B0BDE8F08F0AEB74
S21402EF480416B08800B9708801A90FF059FFAA7A8A
S21402EF589DF80E309A4244D1B8F1000F0FDA297A9A
S21402EF689DF80C202B89914209D82048007808443D
S21402EF78824236DA521A1B0A1341D90731D5384665
S21402EF880FF02DFFBDF80A3004469A0602D5EB8824
S21402EF989B06D1D5F37903F00C03042B08D17088AD
S21402EFA8F8F7BEF9002372881946184603F0FAF8ED
S21402EFB800213046FFF7B6FBFFF798FC384611F0FB
S21402EFC86FFC844208D2337A01228BF80030294635
S21402EFD80023384603F044F8B8F1000FACDA0024F0
S21402EFE8A6E70134E4B2A3E7556300200C6D0020BF
S21402EFF857630020B84200206063002008B511F06D
S21402F008A0FF074B1B88C01A80B2B0F5807F05D9CF
S21402F018BDE808400021034811F012BD08BD00BF34
S21402F028F65B0020D86B00202DE9F04788B004462E
S21402F0380D460FF0DFFD0146204606F04BF910F0AC
S21402F048030340F0848010F00C0F06D129462046B0
S21402F05808B0BDE8F047FFF771BC20460DF065FB27
S21402F068C10659D420460FF0C5FD0146204606F0D3
S21402F07831F9074620460DF065FC0646023012F0C6
S21402F0884AF805A98046204607F00C0796F806A017
S21402F0980FF0B6FE73780C2F0CBF03270627012144
S21402F0A813F0010F204618BF032711F015FC2B4B4F
S21402F0B881461B78033B012B1DD9BAF1010F1AD9D9
S21402F0C84FF6F773984502D8337A1F2B13D9301D9B
S21402F0D812F021F8F17982460EF03AF806465046C2
S21402F0E8F7F726FDDEB173685A1C04D0834340F650
S21402F0F8284308BF1D461A4B1B88A34212D1B5FAED
S21402F10885F04009FAF7A6FD20460DF03CFB0022E2
S21402F1180146072011F0C8FF08B0BDE8F08740F6A0
S21402F1282845E8E706F056FA8246484611F0B8FB44
S21402F1380646484611F098FBF6B202904246394611
S21402F1482846CDE900A605AB0BF013FCDCE7012B3D
S21402F158E2D110F00C0FDFD178E700BF90620020F2
S21402F168EC5B0020002210B5094B1C78094BD1B283
S21402F1788C4201D8002010BD197A814202D19979B1
S21402F188022902D010330132F1E70120F3E700BF6B
S21402F19857630020B84200200146002210B5084BEB
S21402F1A81C78084BD0B2844201D8002010BD187AC9
S21402F1B8884202D198790128F8D010330132F1E753
S21402F1C857630020B8420020002210B40A4B1C786D
S21402F1D80A4BD1B28C4203D85DF8044BFFF786BBC4
S21402F1E8197A814205D19979012902BF002119802D
S21402F1F8598010330132ECE757630020B8420020EA
S21402F208044B1B6813F0300F03D0202130200EF079
S21402F21899BE704730470020002310B504460849B7
S21402F2281A4601EA00414FF07F60FEF751FFE307F6
S21402F23803D5002130200EF085FE002010BD00BF49
S21402F24800007207044B5B8823F4784323F08D038F
S21402F25803800020704700BF3047002008B5002210
S21402F2680346C3F80220C3F806200B4A0230126887
S21402F278D1B212F0200F18BF41F01001198093077F
S21402F28801D4FEF79DFF054B1B78023B032B8CBF70
S21402F2981720002008BD00BF304700208F620020DC
S21402F2A838B505460C46FDF72FFB98B10E4B187875
S21402F2B878B10E4B1B681A040FD58CB113F0420FA7
S21402F2C800D17DB103F44073B3F5407F0CBF002034
S21402F2D8232038BD40F60840FBE740F60B40F8E727
S21402F2E82046F6E72320F4E78B620020304700200A
S21402F2F8F0B504468DB007A80D4616460BF045FC39
S21402F3081022002103A8EDF74BFF5CB1234603AC9D
S21402F31803F11007224618685968083303C2BB422D
S21402F3281446F7D1012703A986EA070307A88DF82A
S21402F3381C708DF81D300BF093FD80EA070401A8B7
S21402F348E4B2EBF7AFFAB6B101A88DF80650EBF7C0
S21402F358D5FA64B1002303A907A88DF81D300BF06F
S21402F3688EFD0C4B1B78432B01D1F7F7CFFC0A4BCB
S21402F3781D700DB0F0BD01A88DF80750EBF7BEFA68
S21402F388002CF6D003A907A88DF81D700BF077FDA0
S21402F398EFE700BF8F6200208A620020F0B50125E1
S21402F3A893B007460DA80C460BF0EFFB05A90DA86F
S21402F3B8ADF834500BF07EFD01A8EBF773FA09A9F5
S21402F3C80DA88DF835509DF806600BF073FD0DA854
S21402F3D89DF807500BF004FD70BB731BDBB2802B45
S21402F3E828D91FB1A64225D0A54223D105A90DA822
S21402F3F80BF045FD03A8EBF755FA03A88DF80F6046
S21402F408EBF77CFA0122294609A8FFF771FFF7F7FE
S21402F41833FD01214FF4007003F0E6FDFDF75CFAB8
S21402F428B0F1004F01D9FDF75DFA044B18780BF0DE
S21402F43806FB012013B0F0BD0020FBE78A6200201D
S21402F44870B50E46144605460320FFF765F946F0E2
S21402F4580402294620460BF06CFD0022014B1A6076
S21402F46870BD00BF2C470020F0B587B00788054658
S21402F4781022002102A8EDF793FE3E4B1B78002BC4
S21402F48876D1BC055ED407F08403842B63D00022B1
S21402F498394C11461046FFF72BFF17F4045F276016
S21402F4A805F102061CD0B9040AD5304605F0A4F9BF
S21402F4B800284ED1236823F4005343F48073236054
S21402F4C830460EF0CDFD002842D10BF05AFB18B993
S21402F4D8236843F480332360236843F020032360C1
S21402F4E822680DF1060042F400432360FFF7AAFEE5
S21402F4F812F4805FBDF8063031D043F02003ADF831
S21402F50806302168334611F0400218BF05F123027F
S21402F5184FF07F60FEF7DCFDBDF80630DA0703D54C
S21402F528002130200EF00EFD23689B0506D5012229
S21402F53895F8221005F11200FFF7DAFE00200F4BAD
S21402F548186006E005F112000EF08AFD00289AD02F
S21402F558292007B0F0BDB80799D52320F9E723F08C
S21402F5682003ADF80630FDF7BDF9FEF7BBFBC8E78A
S21402F5780220EEE78F620020304700202C4700204A
S21402F58808B5054B1B7833B1FFF73AFEBDE80840CD
S21402F5980248FEF731BE08BD8B62002015630020C4
S21402F5A810B5154B1B78D3B1144B1B78033B012BB4
S21402F5B815D900200FF017F8044698B1EAF760FC50
S21402F5C8237913F0300F0AD148B1012803F0CF028D
S21402F5D806D0811E4B424B415B011343237110BD7B
S21402F5E81023FAE7F7F7DAF80028F8D0214620467B
S21402F5F8BDE8104004F096B88B62002090620020A6
S21402F60808B50DF03FFB054B18B91868C0F3800023
S21402F61808BD1868C0F30050FAE700BF304700205C
S21402F6282DE9F04F064689461046002189B0154650
S21402F638984605F04FFE102807460AD86A4B03413B
S21402F648DB0706D4C8F340049DB9002009B0BDE81C
S21402F658F08F664B1C78002CF6D0FFF7D1FF0028F7
S21402F6680CBF4FF4F0744FF4D074FC4004F001045D
S21402F678EAE74FF0000A18F0010F534652462946A9
S21402F6884FF00500CDF800A00CBF4FF0080B4FF462
S21402F698027B09F0C8F80028D7D0C8233246009360
S21402F6A859465346284605F03DFEADF80E0000289A
S21402F6B8CBD018F0080A4AD14FF6F773A7F10F0213
S21402F6C8D2B29E428CBF09230123012A01D843F0F5
S21402F6D84003474A8DF810301378591C11708DF87C
S21402F6E81130002C4FD09DF81030052F43F0200320
S21402F6F88DF8103033D03F4B1D78002D5AD04FF678
S21402F708F77300259E424FF00F0248D9012304A939
S21402F7180DF10E00F5F736FD002896D1002C4DD1D6
S21402F728BAF1000133463A4618BF0121BDF80E0069
S21402F738CDF800900BF0AFFDADF80E00002884D08F
S21402F74818F0040F4DD031460DF0D1FE7EE749463B
S21402F7580DF10E0005F02AF80028ADD175E7012153
S21402F768BDF80E0011F0B8F8012105F0B3FD01232B
S21402F778834013F0620F1CD11E4B1B78E3B14FF681
S21402F788F7731825BEE71B4B25461B780222002B6B
S21402F798BCD04FF6F7739E42B8D8052FB6D0BAF14A
S21402F7A8000FB3D19DF8103043F040038DF81030A7
S21402F7B8ACE710250F22A9E71825FBE7BAF1000FD8
S21402F7C80AD002234A46009029460DF10E00FEF79B
S21402F7D89BFA0028A4D038E741235246CDF800A069
S21402F7E8F2E70DF06EFE31E79FFEFEFF8B62002009
S21402F7F88C6200207D6200202DE9DF431E46144BF2
S21402F80880461B680F469B0791460A9C1BD42046D7
S21402F81814B10BF028FDC0B20622CDE902403B46E1
S21402F8280020CDE900890B490FF064F9024650B171
S21402F8380021002E0CBF01230323084604B0BDE8AE
S21402F848D043FFF7EDBE002004B0BDE8D08300BF6A
S21402F8583047002051AD04002DE9F04F8DB08146A7
S21402F8688A461F4693469DF85C803AB903A8FEF777
S21402F878A7FCB0BB00200DB0BDE8F08F15460022ED
S21402F888232110460DF079F8ADF80A000028F1D0C9
S21402F89810F0EAFF0523044618F0100F00F8023BA2
S21402F8A8677020D011220021EDF77AFC04F11306C6
S21402F8B8032F4FF0080237D159463046EDF7C2FCFF
S21402F8C8C8F3801306F1090533720BF0C8FC00284A
S21402F8D83ED000232B706B700123033505F8013CDC
S21402F8E836E003ADCBE7012610221699EDF7AAFCFF
S21402F8F806FA07F313F0620F02D104F11206D7E7ED
S21402F90807A80BF042F905A88DF81C60EAF7CAFFAB
S21402F9189DF8162018F0200F9DF8173008BF1346DA
S21402F92804F11306A374C3E751463046EDF78AFC82
S21402F938012306F10802121B28460093BDF80A1096
S21402F948082392B211F0ECFC042F06F11005BCD085
S21402F9582D1BA9B20DF10A000FF034F8002889D140
S21402F96818F0040F0BD0484611F09EF9FF281FBF67
S21402F978074A32F8103023F4804322F81030434600
S21402F98851464846BDF80A20FFF74AFE73E700BF0D
S21402F998805B002070B5032690B08DF807600DF0E6
S21402F9A871F918B90224204610B070BDF5F78AFD21
S21402F9B80028F7D002AD2846FEF702FC0028F1D050
S21402F9C81B4B1C6814F00204ECD140F20F43194A90
S21402F9D8ADF82430136804A8CDF826305368CDF85D
S21402F9E82A300BF0D2F895E8030005AB83E803004B
S21402F9F8062304A88DF81D308DF81060EAF7F4FE89
S21402FA0801210DF12E020DF10700EAF745FE224606
S21402FA181A2109A80CF0B1FF024608B91924C2E750
S21402FA28012329462046FFF7FBFD0028BBD1F5E750
S21402FA3830470020156300202DE9F04F06460F4692
S21402FA48002199B01F2210A803930F91EDF7A8FB87
S21402FA5830460FF0CFF80146304605F03BFC8DF8ED
S21402FA681B0030460CF06EFF9DF81B304578814629
S21402FA78C5F340059806304648BF45F002050FF024
S21402FA88AEF90446304610F00BFF0023001B5FFA5F
S21402FA9880FA00935346232B28BF23232246314657
S21402FAA80FA811F03DFC002840D19E4B9DF83C80E3
S21402FAB81B789DF83DB0002B3BD0FFF7A1FD002830
S21402FAC80CBF4FF4F0734FF4D07323FA08F3D90738
S21402FAD82FD5AA072DD4B8F1080F24D1BBF1040FED
S21402FAE824D1FAF797FD08BB012322460093314634
S21402FAF805200DF11B0308F073FEB8B1A8F105083E
S21402FB08B8F10D0F12D8DFE818F02800A001C701D7
S21402FB18EC01F5011100110011001100FB019D0214
S21402FB28A902D702D702B8F1050F08D019B0BDE866
S21402FB38F08FB8F1100F05D1039B002BF6D0FAF719
S21402FB4869FDD1E7FAF766FD0028CDD0B8F1050FB2
S21402FB58CAD0B8F1110FC7D0E8E7BBF1050FE5D850
S21402FB6830460CF052FE059009F1020011F0D3FA65
S21402FB7881460DF11E00FFF765FB01239DF83D70D7
S21402FB88BB4013F06203039305D0BDF81E309B07F3
S21402FB9801D5AE07CAD50DF075F80028C6D0FAF713
S21402FBA839FD08B9002DC1D00DF13E0A50460EF0B7
S21402FBB857FA039B0490BBB1032F9DF84EB01AD197
S21402FBC80DF14F040DF05EF8814540F01781032DC4
S21402FBD8ACD19DF856105246003918BF01210DF1D6
S21402FBE84E000BF065FBA1E7032FDDF80CB07BD1C6
S21402FBF80DF14E04E6E74C4B1B689C0729D5FF22FD
S21402FC0808210DF157000CF0CFFF804608BB0346CB
S21402FC1801460DF157020220FEF75AFA0DF032F8A5
S21402FC2881450DF157060DF14F0422D04FF6F773B2
S21402FC38994540F2E8800022082120460CF0B4FFDD
S21402FC48002800F0E080002259465046FFF750FB95
S21402FC586CE70DF157060DF14F0430460EF09AF98F
S21402FC68002846D00DF00EF8814540F0C8804FF0C7
S21402FC7800082046F6F70EF9002800F0C080012F8B
S21402FC8858D0042F7FF452AF0EF0A7F910B1032D07
S21402FC987FF44CAF049B002B7FF448AF3246022118
S21402FCA85046FFF7CDFB214B1B7863B1FFF772FE78
S21402FCB8FEF72CFD022806D10120FEF721FD0121C0
S21402FCC80846FEF799FB1A4B1B78022B1FD1032115
S21402FCD830460AF0B6FEFEF719FD014600287FF404
S21402FCE825AFFEF789FB21E70DF156060DF14E0406
S21402FCF8B3E70F4B1B78432B7FF418AF012F7FF423
S21402FD0815AF0CF0BFFF814579D1B846B1E7412B54
S21402FD187FF40CAF044B1B6858057FF507AFF8F75E
S21402FD2861FC03E78B62002030470020476300200F
S21402FD388F620020B64C2378022B22D02378412BE0
S21402FD483FF4F4AE049B33B9FAF764FC594602460C
S21402FD585046FFF7CDFAFAF75DFC00283FF4E6AE08
S21402FD680EF03BF9AB4F98B13B681A0502D42378DC
S21402FD78432B0DD1AB070BD440F61A40F7F7E0FB3E
S21402FD88D4E60EF02AF90028D8D0A907D6D4CDE6AC
S21402FD98386810F0020002D1059903F0C3FC2378F4
S21402FDA8112B16D13B685F0513D50020FEF73AFBE8
S21402FDB8044600287FF4BAAE0DF03CFA40F61C4022
S21402FDC8F7F7BEFB21462046FEF716FBF7F7C4FBFD
S21402FDD8ACE6AC0701D5FFF713FAB8F1000F9ED0D0
S21402FDE80AF0CFFE18B94FF480310EF0ABF80022B5
S21402FDF8894B30461A600EF0C4F890E70026039B3B
S21402FE08002B7FF413AF4FF6FF73204608A9ADF810
S21402FE182030F5F791FF20B120460CF00EFFADF822
S21402FE2820004FF6FF73BDF8200098423FF47EAEDE
S21402FE38049B3246002B0CBF042315232146CDE92A
S21402FE4800A33B46FFF708FD70E60CF01BFF0028F0
S21402FE587FF46CAE714B1B78002B3FF467AEA80795
S21402FE6804D46C4B1B6899013FF560AEBAF10C0FCF
S21402FE780DF1450094BF002412AC11F04CF902466D
S21402FE889DF8470003283FF651AE394600940DF117
S21402FE983D0304F00BFA49E60DF13D00F5F7FAFFCB
S21402FEA828B1022239460020FAF740F83EE65C4BB3
S21402FEB81B78013B012B3FF639AE0DF13D0002F0EF
S21402FEC875FD4FF6FF739842044606D10DF13D00C4
S21402FED80CF0B3FEA0423FF429AE0021FAF736F939
S21402FEE824E6EA077FF522AE2A4638460FA904F02A
S21402FEF8DBFA1BE69DF83D100120FFF74FFA15E6E0
S21402FF08474B1B78013B012B3FF610AEEB077FF5FC
S21402FF180DAE0DF13D0002F049FD4FF6FF73984213
S21402FF280546804640F080800DF13D000CF085FEC7
S21402FF3840450546074677D10DF13D00F6F71CFC0D
S21402FF48B84205463FF4F2AD304610F0A9FC00224E
S21402FF580934E4B2071BFFB2394610460CF00DFD11
S21402FF68ADF81C0000283FF4E1AD4FF0010900236C
S21402FF782A460821CDF8009005F0D4F9ADF81E00FF
S21402FF8800283FF4D3AD214630460EF0FFFE4FF070
S21402FF98000A80461622514609A8CDF820A0EDF799
S21402FFA8FFF8434622463146CDF800A008A811F0CD
S21402FFB8B7F94B46424608A90DF11E00F5F7E2F8D6
S21402FFC800287FF4B3ADA7EB0807FFB2394607A8A7
S21402FFD80EF0F8FC284610F067FEFF2818BF114AF4
S21402FFE8444418BF32F81030E4B21CBF23F48043EE
S21402FFF822F81030BDF81C0023463246002100972E
S2140300080EF008FD2946BDF81E000DF070FA8DE5C2
S2140300188F620020304700202C4700208B62002088
S21403002890620020805B0020284610F03DFEFF28E3
S214030038074689D0F6F7C6FD002885D0384603F06C
S21403004899F881E71E4B1B78013B012B3FF66EADF3
S2140300582A4638460FA9FCF7C9F967E5194B1B78F2
S214030068022B20D1002F7FF461AD08A8FEF7A8F86D
S21403007800283FF45BAD144B1F709DF83D30002BF2
S21403008814BF64246524FEF741FB032806D13846CB
S2140300983946FEF7B1F93846FEF73EFB214608A86F
S2140300A80AF0CFFC42E5043B012BDBD938460BF0BC
S2140300B8E8F80028D6D139E530460BF0E4F835E5FC
S2140300C8906200208F620020476300202DE9F341E9
S2140300D805460E46174698460DF07FFF044640B180
S2140300E801233A4631462846CDF80080FFF784FBBD
S2140300F804460DF072FF30B1FFF782FA78B10A4B67
S2140301081B689B010BD400233A4631462846CDF894
S2140301180080FFF771FB002C0CBF0446012404F093
S214030128010002B0BDE8F0813047002070B58AB000
S21403013805A80AF02AFD022301AA15468DF81430ED
S214030148084B03F11006144618685968083303C4A5
S214030158B3422246F7D1294605A80AF081FE0AB01B
S21403016870BD00BF53110500014B1878704700BFD8
S2140301784A6D0020014B1888704700BFC06C0020EA
S2140301884FF6FF732DE9F043994280460D4685B036
S2140301980BD000274FF6FD791C4EE9F747FEFCB255
S2140301A8A0420BD84FF6FF701DE0F5F773FE002844
S2140301B8EFD005B0BDE8F0430CF064BD36F8143054
S2140301C84B4517D8694620460DF04EFF0822414690
S2140301D80DF10500EDF730FB4FF6FF7360B99D424E
S2140301E804D136F8140005B0BDE8F08326F8145099
S2140301F80DF003FF0137D0E79D42FBD036F81430E5
S214030208AB4208BF26F81490F4E700BFD85800207E
S2140302182DE9FF4706460F4600254FF6FD79DFF81A
S2140302283C80DFF83CA0E9F701FEECB2A04202D816
S21403023804B0BDE8F08738F814304B450CD8694647
S21403024820460DF011FF082231460DF10500EDF7A3
S214030258F3FA08B90AF804700135E4E7D858002019
S2140302683B620020014B33F810007047D858002033
S214030278F0B5064600250D4F85B0E9F7D7FDECB275
S214030288A04201D805B0F0BD37F81430B3420BD1FD
S214030298694620460DF024FF9DF80030022B1CBF4C
S2140302A84FF6FD7327F814300135E6E7D8580020D3
S2140302B830B585B004460D46E9F7B8FDA0420FD918
S2140302C8084B33F814204FF6FD739A4208D869464C
S2140302D820460DF005FF29460DF10500FFF750FFF0
S2140302E805B030BDD858002030B585B00446E9F7C8
S2140302F89DFDA04219D92046FEF734FF0546B0B93E
S214030308694620460DF0B0FE9DF800302BB16946CD
S21403031820468DF800500DF0C5FE4FF6FF720020FC
S214030328044B23F8142005B030BD2820FBE740F61D
S2140303380440F8E7D85800202DE9F0410B78054625
S2140303480E461BB9BDE8F041FFF7CEBFE9F76EFDD1
S214030358A84231D92846FEF705FF78BB374617F873
S214030368058B4FF6FF713846FFF70AFF04463846F3
S21403037800F01EFAB0FA80F04009B8F1000F15D065
S214030388B8F1030F15D04FF6FF724FF6FD7394427C
S21403039808BF1C460B4B314623F815400A4B5855E5
S2140303A828460DF07FFE0020BDE8F0814FF6FF7467
S2140303B8F0E74FF6FE74EDE72820F5E740F604402D
S2140303C8F2E700BFD85800203B6200202DE9FF4122
S2140303D80D4604464FF6FE780F4F0E0AE9F726FD3C
S2140303E8A04204D8FF24204604B0BDE8F08137F8BD
S2140303F8143043450CD1694620460DF035FE9DF86A
S2140304080520EBB29A4203D19DF80630B342EAD0F0
S2140304180134E4B2E2E700BFD85800202DE9F04FD4
S2140304280C461746984600254FF6FD7B87B09DF881
S21403043840A0DFF85C900190E9F7F8FCEEB2B04212
S21403044801D8FF2616E039F816205A451ED8304636
S21403045802A90DF009FE3FB99DF80920424515D1BA
S2140304689DF80C20524511D144B939F81620019B42
S2140304789A420BD1304607B0BDE8F08F08222046D3
S2140304880DF10D01EDF7D8F90028F3D00135D3E7C0
S214030498D858002010B514460DF0E6FD2046BDE8F2
S2140304A8104008220149ECF7CDBE00BF15630020B3
S2140304B82DE9FF47074615460846082224491E46DF
S2140304C8EDF7BAF9044600283FD14FF6FF7ADFF86E
S2140304D88490E9F7ABFC5FFA84F880450BD385B3C1
S2140304E8384608F05EFA01250C9B18700120357013
S2140304F804B0BDE8F08739F8183053451FD069466D
S21403050840460DF0B1FD7A789DF801309A4216D12F
S2140305187A88BDF802309A4211D13A799DF80430A8
S2140305289A420CD108220DF10501781DEDF784F9DE
S21403053828B9002DD7D1404608F04EFAD3E7013440
S214030548C7E7FF2008F048FACEE70020D0E700BF49
S21403055815630020D8580020F0B50025154E164F11
S21403056885B0E9F763FCECB2A04201D805B0F0BD4C
S214030578694620460DF078FD9DF80030032B06D912
S2140305880023694620468DF800300DF08BFD9DF854
S214030598002062B14FF6FD734FF6FE71032A08BFBB
S2140305A80B4626F81430002301353B55D9E74FF69A
S2140305B8FF73F6E7D85800203B620020F8B50E46CE
S2140305C804464FF6FF770C4B0C4D1B7803EB43039F
S2140305D805EB8305A54202D800242046F8BD2388E8
S2140305E8BB4206D008223146A01CEDF725F90028A1
S2140305F8F3D00C34EEE700BF0E6D00201858002029
S214030608044BFF211A78044802EB42029200ECF7E7
S214030618C7BD00BF0E6D002018580020F8B5044665
S2140306280C4B0D461B781046A3420DD90C27022106
S21403063817FB04117C43084E08223144ECF702FEEC
S214030648335B00202B80F8BD0023136053604FF6FE
S214030658FF73F6E70E6D00201858002038B50446D9
S2140306684FF6FD75FFF704FE0022084B1878084B73
S214030678D1B2884200D838BD33F80C1C0132A142E7
S21403068808BF23F80C5C0C33F2E700BF0E6D00209E
S2140306982458002070B505460E460846FFF7DEFFC9
S2140306A831462846FFF76CFD29460648FFF786FFBE
S2140306B800B970BD044624F80C6B0DF09EFC294661
S2140306C82046F3E71858002010B5082286B02349B9
S2140306D80446EDF7B1F820B906B0BDE810400CF0B3
S2140306E8D1BA082220461E49EDF7A6F820B91D4BB5
S2140306F8B3F8680006B010BD0023012221464FF662
S214030708FF700093FFF78AFEFF2806D0164B33F8D0
S21403071810004FF6FB739842ECD903A8FEF79EFD2C
S21403072858B9BDF80C305B0607D5082221460DF1EB
S2140307380E00EDF781F80028DCD021460B48FFF7BA
S2140307483DFF40B14FF6FB724FF6FF7300889042A9
S21403075888BF1846CEE74FF6FF70CBE71563002031
S21403076852540020E8530020D85800201858002078
S21403077870B5002204464FF6FB7608460A4B1D78EA
S2140307880A4BD1B28D4201D8002009E01988B1423C
S21403079807D8A14205D10822991CECF753FD01207E
S2140307A870BD0C330132ECE70E6D0020185800209C
S2140307B837B5014605460E48FFF700FF044640B125
S2140307C8807A29460DF0B0FC80F00100C0B203B071
S2140307D830BD03460090012229464FF6FF70FFF707
S2140307E81DFEFF2816BF034B2046185CE9E700BF2B
S2140307F8185800203B6200202DE9F341224B04469B
S2140308081B780F468342154638D9FEF7C5FCB8BB96
S2140308184FF6FD739D421D4E0ED004EB440326F897
S21403082823504FF6FF739D421FD12046FEF7CCFC9C
S214030838002002B0BDE8F0810DF106013846F5F751
S2140308487BFA4FF6FF72BDF806303846934218BF58
S2140308581D460C236343F55206EB0308FFF7A8FF70
S214030868B0FA80F0400988F80A000C2303FB0460FA
S214030878082239460230ECF7E5FCD9E72820D8E702
S21403088840F60540D5E700BF0E6D00201858002037
S21403089838B504460D46FFF7BBFC21460448FFF768
S2140308A88DFE00B938BD857221460C30F7E700BFC8
S2140308B8185800200023074A1370074A1370074A7C
S2140308C8118801B11380064B1A880AB100221A80D0
S2140308D8704700BF5963002058630020FC5B002064
S2140308E8FA5B00202DE9F04F4C4C9846238889B0D4
S2140308F805900F4610469DF848A05BB952B10EF016
S2140309087AF820804FF4FA61454809B0BDE8F04FFD
S21403091810F096B8DFF81C91B9F80050002D69D08E
S21403092828460FF0BDFFC0F3470428460FF09CFF88
S214030938DFF804A10294BAF80030DFF800B1019397
S214030948BBF800300546009300224346012035498C
S2140309580EF0D0F8ADF81E0010B305EB44080124DA
S214030968454512D1E4B9BDF81E50CDB12E4B1B78C0
S2140309782BBB2B4600223946059800F043FA002382
S214030988ABF80030AAF800300AE0012329461A46D5
S2140309980DF11E00F4F7F6FB023504460028DFD0F7
S2140309A80023224AA9F800301378013BDBB2137000
S2140309B8002BA7D109B0BDE8F04FFFF77BBF0CF0BB
S2140309C82AF90146284604F085FC0A21804628466B
S2140309D804F080FC0646A64202D8FF2CCFD1C8E70F
S2140309E8284604F10B0104F075FC8045C1D8013490
S2140309F8E4B2F0E70E4C237823B910F005FA08B9E9
S214030A0801232370524641460520F5F757FC002874
S214030A18D0D1207009B0BDE8F08F00BFFC5B002082
S214030A28F86B002057AD04005A6300205963002072
S214030A3858630020FA5B0020945B0020965B002036
S214030A4830B5154D87B02C889CB923464FF4A07251
S214030A5848F2380103A80DF04AFC21462046F9F768
S214030A68F3FB22460D4B009403A9FFF73BFF07B0A1
S214030A7830BD20460BF066FF043010F04CFB03A98C
S214030A88044628880EF0BCF90023009320462A88DB
S214030A9803A900F065FBEAE7FC5B002000F8FF0704
S214030AA837B5002001A9F9F7CFFB0D4C014623788B
S214030AB80C4D7BB10C4B019A1878F9F7DBFB2078C1
S214030AC8F7F716F9002323702B700848F4F706FC8B
S214030AD803B030BD2B78002BF7D0FFF7B1FFF4E750
S214030AE85C630020596300205B630020F86B0020DA
S214030AF808B50548F4F702F90448F4F7FFF8BDE823
S214030B0808400348F4F7FAB8FC5B0020FA5B0020B9
S214030B18F85B00202DE9F04F89B089460446CDE9F5
S214030B2805239DF84870139E30B316F801ABBAF147
S214030B38000F23D00AF1FF34A400E4B231460120A3
S214030B480AF0E7FBC00E1BD1DFF838B131460120A7
S214030B580AF0DFFB9BF8005034442279BDB1002F1E
S214030B6847D180234846CDE90277CDE900773E4A48
S214030B78059900F047F93CE08246DFE75446DDE78F
S214030B881B28ECD9314601200AF0C3FBE7E7DFF858
S214030B98F880FF2A00EA08080BD14246E379A179D0
S214030BA8607901EB032189B209B0BDE8F04FF9F784
S214030BB861BB2E4909688B070AD5FE2A35D101235E
S214030BC80135EDB2202D4FEA43030AD1FF250AE08B
S214030BD8294628460792F9F737FB4845BFD1079AAF
S214030BE8EBE79845ECD1224B1B78FF2B04D0AB429E
S214030BF804D009B0BDE8F08FFF2DFAD029460020AF
S214030C08F3F774F80028F4D09BF800306479002BC7
S214030C18EFD1FFF74FFE17484FF410510FF010FFB0
S214030C28154B8BF800501C70E3E7052A97D8BAF1E2
S214030C38010F94D8B8F1000F91D0002FD9D173794A
S214030C48002BD6D00D49098821B9082B28BF0823BD
S214030C580B490B70434648461292DDE9051209B064
S214030C68BDE8F04FFFF73EBE57AD040030470020FF
S214030C784B6D0020F86B00205B630020FC5B0020B4
S214030C88596300205C63002000F8FF07014B1880B7
S214030C98FFF7D6BEFA5B002037B5184B1B78022B36
S214030CA803D01725284603B030BD00210DF10700F1
S214030CB8F4F798FC05460028F3D1114B1B78013B43
S214030CC8012B01D90225EDE7F4F7F6FB0028F9D046
S214030CD809F0FFFD0446F4F7EFFB0A4B4FF47A716D
S214030CE818700B23B4FBF3F203FB12440A34A4B2C2
S214030CF8614305480FF0A4FED4E700BF8F620020C7
S214030D0890620020806200205C4600202DE9F043B4
S214030D18384B00241E784FF4F813374FA5B00393C7
S214030D283D78ADF81040F7F78FF8BDF90E30ADF8FB
S214030D381200A342ADF8144006DB304B1C7801348E
S214030D48E4B21C7044F080048DF82C40A9460224B3
S214030D584FF000088DF82D60B14529D300222146AF
S214030D680BA83D708DF82D800BF007FEE8B1B8F19F
S214030D78000F09D000234FF6FC71CDE9000303AA40
S214030D88FF230620FBF7EAFFB5422FD209F0A1FDA1
S214030D980B23B0FBF3F24FF47A7102FB13000A300D
S214030DA880B2414316480FF04BFE25B0BDE8F083EA
S214030DB8484606A902F004FA98B9512C11D804F14A
S214030DC890030DEB0302083406AB013508F101085E
S214030DD803CBE4B242F8640C42F8601CEDB25FFA47
S214030DE888F809F101095FFA89F9B5E70448F4F7C1
S214030DF875FADAE780620020816200205E630020CD
S214030E085C4600200CB42DE9F04F8BB014AA0E46AE
S214030E1852F8041B07460992002940F08F80BDF854
S214030E285400ADF82200002800F0A18033794FF66D
S214030E38F778002B40F0868047458CBF4FF00908AB
S214030E484FF008084C4B1C78FF2C40F08380B6F90B
S214030E580230002BA9BF494B347A1C780134A2BF51
S214030E68E4B21C7044F08004DFF81CB1224600216B
S214030E7804F044FA9BF80030BDF82200002B6CD02F
S214030E88DFF808A14FF00009BAF8003007930FF00F
S214030E9807FD0546BDF822000FF0E6FCEBB2CDE9E8
S214030EA80193FF23CDE903090093224633463946C7
S214030EB80798FCF7F1F84FF6FF7305468BF8009092
S214030EC8AAF80030382D33D13246394640460DF15C
S214030ED822030AF0DEF900284BD04FF6F7739F4239
S214030EE826D8B6F902307088002B21DA48F20402B5
S214030EF82349244B4FF00008904214BF894699466D
S214030F080BF0C0FE494603468A220120CDF800802E
S214030F180DF0F0FD814658B12246414604F0EEF93D
S214030F28FF23324639464046CDE90098FBF716FFBD
S214030F3828460BB0BDE8F04F02B0704701200DF00D
S214030F48B6FD6EE7002347458CBF4FF00608984664
S214030F58337177E7FF221A7086E7CDE90003324636
S214030F68FF2339464046FBF7F9FE0546AAE7192547
S214030F78DEE70546DCE700BF4D6D00205E63002014
S214030F8868AD04005DAD04005D630020FE5B0020D1
S214030F9870B54FF4003300240546164688B0ADF8FE
S214030FA81A100DF10F0204A90593ADF81840ADF811
S214030FB81C4004948DF80F400AF042F99DF80F3050
S214030FC828460193049B044A009305A93346FFF772
S214030FD819FF08B070BD00BF61AD040030B54FF40B
S214030FE88035002487B00395BDF82850CDE9001254
S214030FF88DF81030074A034603A9BDF82C008DF870
S2140310081140ADF81250ADF81440FFF7FBFE07B0D9
S21403101830BD00BF6DAD0400B1F1006F2DE9F0439C
S21403102814462CBF392238228BB01D464FF00003D6
S214031038ADF81E204FF480022CBF4FF001099946E5
S214031048FF2C0646ADF81C300892ADF824304FEA5C
S21403105811471FFA81F80FD10CF0AAF9B9F1000F5E
S21403106819D1154ACDE9020543463046CDE9007441
S21403107807A9FFF7C7FE1AE0FE2C0AD10CF098F969
S2140310880130C0B20CF09FF9B9F1000F12D00B4A29
S21403109802E0E8B2F8E70A4ACDE903050123304639
S2140310A8CDE90174CDF8008007A9FFF7ABFE0BB0B6
S2140310B8BDE8F083034AD5E765AD04006BAD0400CD
S2140310C864AD04006CAD04004FF498124FF08063CF
S2140310D810B586B0CDE903230023ADF814300BF022
S2140310E8D1FD0446F6F7B0FE054B01900093054A7A
S2140310F8234603A94FF6FD70FFF784FE06B010BD1E
S2140311081563002071AD040008B5064B1B78022B47
S21403111802D0043B012B03D8FFF7D6FF002008BDF7
S2140311280220FCE78F62002030B500244FF4806568
S21403113887B0CDE900128DF81030084A034603A994
S2140311484FF6FD708DF811400394ADF81250ADF8C4
S2140311581440FFF757FE07B030BD00BF75AD040057
S2140311682DE9F04F9BB00E4605460EA91046CDE96D
S2140311780A329DF890700DF012F8BDF838A0804634
S21403118850460FF08DFBB6F902300446002BB6F82E
S2140311980690B6F802B004DA0022B24B1A700020A2
S2140311A849E050460FF07CFB4045F5D3A4EB080412
S2140311B8E3B2002F18BF4FF4A079152B099328BF65
S2140311C815230024013308F1FF325146DBB292B2ED
S2140311D8009414A810F0A4F86FEA4B436FEA53433D
S2140311E8A1499DF8502008684968ADF846300FAB0A
S2140311F803C3ADF84840ADF84440ADF84A90ADF89F
S2140312084C20BBF1000F24D10DF15100F4F742FE38
S214031218A0B10BF037FD5C4606460DF1590A0DF1F1
S21403122851030A9A9AF80080012A2DD157B384F0FD
S214031238010404F001001BB0BDE8F08F0DF1510066
S21403124801F0B4FB4FF6FF74011B4C4206464C41B3
S214031258E3E7BBF1010F40F09480BDF851600BF053
S21403126811FD86420AD030460FA90DF06EF880F0BD
S2140312780104E4B20DF1530A0FABD2E77B4B0DF131
S214031288530ACEE70A9CD4E797B3002C75D1B8F176
S214031298010F72D837D10BF0F5FC0BF0F3FC22469E
S2140312A806469AF80170714B00210120CDE90061CA
S2140312B802976F490DF01EFCADF83A0000285CD083
S2140312C8002C53D1B8F1010F50D12646DFF8B8A148
S2140312D89AF800305FFA84F8434538D940460FF049
S2140312E83BFDC20702D5BFB1013FFFB20134EFE7AA
S2140312F8B8F1010F05D1002CCDD081229AF80170E0
S214031308D2E7002CF9D1B8F1010F94BF00220122CD
S2140313189AF80170D201C7E7404601F017FB01238C
S214031328ADF8340002220DA90DF13A00F3F72AFFAF
S21403133818BBBDF83A000FF0B3FA804648460CF0DF
S214031348A0FD08F1010801368045F6B2CEDBB6B13A
S21403135832460C21BDF83A0003F0D0FF0022284697
S214031368BDF83A3011A9FFF74DFD06E00C210DF143
S2140313783A000DF027FB0028F0D001205BE70D218B
S214031388F5E70A9B002B7FF40AAF7388342B57D1F3
S214031398099B092B7FF403AF002F7FF400AF9DF959
S2140313A859603A46B41008210DF1510004F02004A0
S2140313B80BF0FAFBD0B12F4B1B78012B3FF4EFAEA3
S2140313C8022B27D12C4B1B6813F0807F25D12A4B81
S2140313D81B685B0201D5002E30DA00232846274A0D
S2140313E811A9FFF70FFD264B1C70D8E60DF1510027
S2140313F8F4F750FD0028DED10DF1510001F0D6FABE
S2140314084FF6FF73984208D02146F8F79FFE034627
S21403141818B903E0033B012B06D9C8232846174A05
S21403142811A9FFF7EFFCBAE6164BB3F86830AB42E0
S214031438CDD0114B1B6813F0805FC7E78D23EDE70C
S214031448099BCDE9059204930DF15103CDE9028377
S21403145831462846CDE9007A0B9B11AA00F058F8C6
S2140314689DE600BF51630020AB36040015630020D9
S21403147879AD040090620020304700205B640400C6
S2140314884C6D0020E85300201B6D0020024B187893
S21403149840F08000704700BF5E63002038B50A4BF3
S2140314A805461C7824B10BF0EDFBB0FA80F464090A
S2140314B8F8F72AFF08B144F04004E8F7C3FC44EA07
S2140314C84020284038BD00BF8B620020014B18809F
S2140314D800207047C86C00204FF6FF710346028849
S2140314E81B798A4217BF074901200A8041881EBF15
S2140314F8054A00201180FF2B1EBF044A00201370E4
S214031508704700BFC46C0020C26C00205F630020D5
S2140315182DE9F04FB7B09946BDF80431439C0D93B7
S2140315289DF8083183460E93BDF8143120460F9371
S2140315389DF81831B1F802A00F4690469DF8005161
S21403154810930FF0E8FDBAF1110F064600F28A80F1
S2140315580BF098FBB04200F08F80BAF1060F19D152
S2140315684FF6FD739E423ED0DDB9BC4B1B78033B5A
S214031578012B36D930460FF097FBFF2814BF892373
S214031588812300224146CDE900625846B44AFFF754
S21403159839FC06E02DB9BAF1030F08D8BAF1010FE2
S2140315A80AD80022AF4B1A7037B0BDE8F08FAAF1FD
S2140315B80403022BF5D8D8E7A84B1B78033B012B6B
S2140315C80DD930460FF070FBFF2814BF89238123FB
S2140315D841465846A44A0096FFF714FCE1E78023E1
S2140315E8F6E78023CDE7A14B1B7859074CD40BF0BD
S2140315F849FB0026034632460120994900960DF01A
S21403160879FA2379ADF86C000F930028CCD0DDE97E
S2140316180E320D9803EB42090FF042F95FFA89F987
S21403162809F10507FFB28742BED239460D9803F083
S21403163851FE109007EB40070D980FF031F98742DB
S214031648B2DADDE90F321343DBB2002B40F0328205
S214031658002DA9D12F463A460421BDF86C0003F0A5
S2140316684DFE76E1814BBAF13A0F1B7811D948F251
S2140316783B039A4508D014E07C4B1B785A070BD5D6
S214031688AAF10403022B07D8FB8843F48043FB80A4
S2140316988AE7BAF11B0F1ED8AAF102039AB2132AD5
S2140316A85ED9109B494602930F9B5046CDE90053DB
S2140316B80E9A5B4609F0D1FD0F287FF475AF012219
S2140316C8684B1A70694B1B789B0740F1D982002D2B
S2140316D87FF46AAFD8E7AAF11C021E2AE1D801A153
S2140316E851F822F0111F0300AB160300AB160300D4
S2140316F8311B0300AB160300111C0300111C030067
S214031708AB160300AB160300AB160300AB160300B9
S214031718AB160300AB160300AB160300AB160300A9
S214031728AB160300AB160300AB160300AB16030099
S214031738AB160300AB160300411C0300411C030051
S214031748AD1E0300AB160300AB160300C71E03004B
S214031758AB160300611F0300771F0300851F0300F2
S214031768132B9ED801A252F823F000BFC517030017
S2140317788D180300AB18030089190300F715030037
S214031788AB160300AB160300AB160300AB16030039
S214031798AB160300AB160300AB160300AB16030029
S2140317A8AB160300AB160300AB160300AB16030019
S2140317B8CB1A0300AB1603003D1F030000241BAB24
S2140317C85A4648460E9900931DAB1D948DF86C40F7
S2140317D809F037FD0BF056FA204B05461B78012B0C
S2140317E803D0022B14BF02240124E8F72BFB162888
S2140317F894BF0020012044EA4014F6F725FB1C4B4F
S2140318080646B3F800A0FBF79FFA1A4B07464FF6AF
S214031818FF70B3F80090FFF741FE174B9DF86C2056
S2140318281988124B1B7813F002031CBF134B1B7843
S2140318380B921D9ACDE90701CDE9093240234146AB
S214031848CDE9014358460023CDE90579CDE9036A76
S2140318580B4A0095FFF7D6FAA6E600BF906200206B
S2140318685DAD04005163002068AD040030620020BB
S214031878C86C0020C46C0020C26C00205F63002084
S2140318887FAD04000BF0FEF9A34BA44A1B88CDE9F1
S214031898400300234146584637B0BDE8F04FFFF7EC
S2140318A8B1BAA4781DA9631EDBB2EF2B204610D964
S2140318B8F22C0ED007F0C1FF82240BF0E3F90023C5
S2140318C84146CDE90003964A23465846FFF79AFA57
S2140318D86AE607F0B2FF002850D00BF0D3F99DF85C
S2140318E878209DF87A100492BDF876204900039272
S2140318F8BDF87420C9B2CDE901429DF879200346A4
S2140319085200D2B208320A440092012000228549C6
S2140319180DF0F0F89DF87930ADF86C008DF8673067
S21403192800283FF441AE002601230DF167011A464D
S2140319381BA8F3F727FC054600287FF435AE9DF869
S2140319486730EAB2934209D89DF87A308DF8673043
S21403195816B1BDF86C3033E00126E5E7314620467C
S21403196807F06DFF0123ADF8680002221AA91BA829
S214031978F3F708FC01350028E1D015E683249CE735
S2140319880BF080F9044607F079FF234600900022FF
S214031998012063490DF0AEF800283FF405AE002594
S2140319A82C46ADF8740007F069FFEEB2B0420DD8C6
S2140319B822460421BDF8740003F0A0FCBDF8743079
S2140319C8002241465846FFF71DFAEDE5304607F074
S2140319D832FFFF288DF86C000AD0012301341A461B
S2140319E81BA91DA8E4B2F3F7CDFB00287FF4DCADF2
S2140319F80135D8E75046B4F8029007F01CFFFF28D5
S214031A088DF8680000F0CF821DA907F016FFBDF811
S214031A1874304B4507D04FF6FF72914540F0C382AA
S214031A281B0400F1C0829DF8793012930E9B053390
S214031A38DBB213930F9B1493002311934FF0000903
S214031A484B4613E017934900139BC9B219440D98E4
S214031A5889B20CF0F2FF4FF0000A179B1590129903
S214031A685FFA8AF28A4217D309F10109149A5FFAD0
S214031A7889F19142E6D39DF87A201292169A139228
S214031A88002B40F08582119B002B40F08C820123AB
S214031A981193109B1493D1E711999DF86800179337
S214031AA807F0CDFE159A179B0AF1010A824208BF72
S214031AB80123D4E709F106095FFA89F33746169333
S214031AC872E2A71C39463046A57A08F01AFF0122A7
S214031AD839463046FAF7D4FB30460CF08CFD3846C8
S214031AE800F064FF2288824207D04FF6FF729042C6
S214031AF803D00FF0D9F80CF0BEFC85F00804C4F345
S214031B08C00421463846FEF7C3FE2146384637B09A
S214031B18BDE8F04F09F0CEBBC66C00208CAD0400C0
S214031B285DAD040090AD0400AD4B1B78033B012B61
S214031B387FF63AAD0BF0A6F858453FF435AD08F0F6
S214031B48C8FE0B23B0FBF3F24FF47A7102FB1300C3
S214031B580A3080B24143A3480EF072FFF3F7ACFC99
S214031B6800283FF421AD0123002218469E4994F825
S214031B7800A00CF0BFFFADF8680000283FF414ADD2
S214031B880026354634460E9B1BAF01330E93F2B23E
S214031B98524514D3002C3FF407AD01232A461DA94A
S214031BA81AA8F3F7EFFA00287FF4FEAC22460221C0
S214031BB8BDF8680003F0A2FBBDF8683000E74FF0F5
S214031BC800090E99D200D2B20A4408230D99384662
S214031BD8CDF800900FF0A4FB394648460FF034F8CA
S214031BE8FF280FD0814B1B5C0F2B0BD997E80300FC
S214031BF805F1D8036B44643B83E8030008350134D6
S214031C08EDB2E4B20136C2E7002D7FF4CDAC180777
S214031C183FF53AAD534622464146584603F066FE1C
S214031C2800287FF4C1AC842341465846704A37B02F
S214031C38BDE8F04FFFF7E6B823780F9810930CF03B
S214031C4820F900210646584604F0BAF9644BBAF15F
S214031C58310F1B780746A3F103030BD1012B13D9C6
S214031C68644B654A1B7812781344DBB20D9316232C
S214031C780E930DE0012B03D9604B1B780D9353BBD2
S214031C88002D7FF491ACCEE701231621CDE90D3163
S214031C980024109B224600930120234658490194AA
S214031CA80CF028FF00283FF47FACF61BF3B2264659
S214031CB8544FDFF85C911193ADF86C000F940D9BAD
S214031CC8E5B2AB4209D832460221BDF86C0003F0F0
S214031CD815FB0F9AC0E40523CAE7162200211DA8A0
S214031CE8EBF75EFABAF1320F3DD13B7903F0030204
S214031CF8032A21D18DF87620109B0136F6B2B3421B
S214031D0815D2BDF86C000EF0CBFD0E9B1844119B44
S214031D1898420CDC01230E9A1DA91BA8F3F732FA86
S214031D2800287FF441AC0F9B0133DBB20F930134D9
S214031D38083709F11209C2E7B9790029DCD1324913
S214031D48C3F3C203CB5C1DA8012A08BF43F00103F3
S214031D5839888DF876300FF0E0F979880DF1770039
S214031D680FF0DBF9C8E71DA80BF0A4FA4FF0FF3312
S214031D78CDE91F331F4B1B78AB4261D999F8043062
S214031D886F2BD4D828461FA9F4F7D0FF0028CED047
S214031D981E4BB9F80020B3F8683092B9003B18BF59
S214031DA801235B0143F004038DF8863002238DF884
S214031DB88730B9F802301B0A11468DF8893021A8F6
S214031DC8CEE79B1A18BF01235B0143F005038DF882
S214031DD8863002238DF887300F238DF88830E8E79E
S214031DE8906200205C4600209AAD0400346200200E
S214031DF85B6404008962002088620020196D002055
S214031E0898AD0400EA5A002064110500E853002040
S214031E18705900200132D2B2551EEDB228461393EC
S214031E2812920EF099FFDDE9122310F0010FF1D09C
S214031E3863490978611A994205D00133DBB2E9E7A9
S214031E4801220023E8E75F4B1FA918782844C0B28D
S214031E58F4F76CFF00283FF46AAF284600F076FDD7
S214031E68129028460EF078FF10F0010F129A0FD141
S214031E7816238DF88630544B1B780133DBB20F2BB1
S214031E8828BF0F238DF88830504B33F8153092E768
S214031E98284612920EF060FF10F0020F129AE7D14E
S214031EA81223E6E71A073FF5EFAB23465A464146A1
S214031EB80F9803F073FD00287FF476ABE0E695B140
S214031EC8434B1B78033B012B7FF66EAB0AF0DAFE17
S214031ED818B9BBF1000F7FF467AB207837B0BDE8BD
S214031EE8F04FF5F721BE0AF0CDFE20B1384B1B782C
S214031EF8033B012B01D8802396E62B4641465846DA
S214031F08344AFEF77FFFE8E70AF0BCFEB0427FF4E8
S214031F184BABA01CF3F7BEFF00283FF445AB0AF013
S214031F28B1FE04460AF0AEFE2B4B2C4ACDE940031D
S214031F382346AFE420460FF0EEF8FFF7AFFA002883
S214031F483FF432AB4090002341465846244A37B004
S214031F58BDE8F04FFEF756BF4B46424659460020AB
S214031F68CDE9405437B0BDE8F04FFEF7D3BD4B4636
S214031F78424659460120CDE94054F3E72B464A46E4
S214031F8841465846409437B0BDE8F04F09F097B934
S214031F9801231AA91A461BA8F3F7F4F800287FF4B6
S214031FA803AB0137FFB2013607F068FC5FFA86FA1F
S214031FB850453FF61FAD002F3FF44AABFFF74BBB28
S214031FC889620020146D002046630020725B00209F
S214031FD8906200205B640400156300209DAD040036
S214031FE868AD0400F8B5164B04461D88154B20F853
S214031FF8025B196879B10822EBF724F9124B0C2017
S2140320081B78124EA372124B19780023DAB2914248
S21403201805D8FF2209E0C4F802104160EEE7013351
S21403202800FB03F7F75BAF42F0D10A4BE2721B786B
S2140320382373094B1B786373084B1B682361F8BD2E
S2140320480C5C002004550020606300200C58002018
S2140320580E6D00204263002041630020F0540020E8
S214032068F0B589B006460C4615460CF0B8FE0DF1D9
S2140320780A02014630460CF04AFD144F0346F0B9EF
S21403208801223A702288BDF80A102AB10246009047
S214032098072006F0A5FB90B103A8FFF7A3FFBDF83A
S2140320A80A000EF0FDFB0646BDF80A000EF0DCFB40
S2140320B821460090F3B2284603AA08F054FC0023EE
S2140320C8034A3B70136009B0F0BD00BF616300208C
S2140320D80455002073B5ADF806000DF106000AF0A6
S2140320E85EFC014608B102B070BD0DF106000AF0A9
S2140320F89FFC04460EF0B8FBC67A002EEDD12046A8
S2140321080CF034F9FF28E8D00EF00EFE054BD3F892
S2140321188850002DE1D03346224641213046A84751
S214032128DBE700BFE853002073B5002200210C202C
S21403213800F0C2FC002119480FF055F801250446A3
S214032148164E84B120460CF011F9FF2805D1214616
S21403215830460FF06CF80446F3E704220023009594
S21403216800F07EFCF3E721460D480FF03CF8012506
S21403217804460B4E0CB902B070BD20460CF0F6F8B8
S214032188FF2804D008220023009500F069FC2146A6
S21403219830460FF04CF80446ECE700BF105C00200E
S2140321A8125C00202DE9F84F10460E46174699464E
S2140321B80AF0D6FA254A264B0021B0F5006F14BF5D
S2140321C89046984640460FF00EF84FF0000A04462D
S2140321D8DFF880B00CB9BDE8F88FBC4228D120469A
S2140321E80EF042FB857A80F80BA0013DEDB28572AE
S2140321F816B13F2E00D02DBB0EF028FE054620460E
S2140322080AF0AEFAB0F5006F4FF00002214615D17A
S2140322180F480AF02CFCFFF787FF28460EF011FE3E
S214032228DBF8885025B14B463A4631460020A84786
S214032238214640460EF0FBFF0446CBE703480AF068
S21403224816FCEAE7FFF770FFF2E700BF125C002010
S214032258105C0020E853002000232DE9F3470646C8
S2140322680F464FF6FF78284CDFF8A090ADF80630F7
S21403227820460AF094FB054648B9294620460EF040
S214032288B2FF82460EF0F0FA0389B34217D94C45DB
S21403229801D1FFF749FF002120460EF0A4FF0546AB
S2140322A807F1FF3A5FFA8AFAD5B94C4516D1BDF855
S2140322B80600FFF70FFF404602B0BDE8F0877B1E17
S2140322C8DBB2FD2BD4D9294620460AF0B1FB2A46B1
S2140322D851460DF106000EF08CFFC9E74C46C7E7DA
S2140322E8BAF1FD0F09D928460EF0BEFA03899B1BDF
S2140322F89BB2984528BF98460381294620460EF088
S21403230896FF0546D0E700BF125C0020105C00204D
S21403231808B50EF016FE0B4AFF2113881080C31A61
S21403232898B2FFF799FF4FF6FF730146994206489E
S21403233803D1BDE80840F2F7D1BFBDE808400EF068
S2140323487FBB00BF145C0020186C0020174B0028C6
S2140323582DE9F041164D18BF1D460F4628464FF087
S21403236800010CBF4FF008084FF002080EF03BFFC1
S214032378044610B92046BDE8F08120460EF074FAEC
S214032388C37A064623B1214628460EF050FFEFE7E8
S21403239820460AF014FA424601463846EBF74CFA4A
S2140323A80028F0D1B378002BEDD1E3E7105C0020CA
S2140323B8125C0020014B1860704700BF08550020C8
S2140323C810B504460548F2F789FF0023044A13802C
S2140323D8044A1380044B1C8010BD00BF186C0020F1
S2140323E8125C0020105C00200E5C002008B5044830
S2140323F8F2F784FCBDE808400248F2F77FBC00BF4A
S214032408125C0020105C00202DE9F3410446884640
S2140324180EF097FD324B074620461E880BF0A6FFA4
S214032428054620460AF09CF9B0F5006F32D1FF2D19
S21403243806D00123042200932846002300F010FB4D
S214032448B8F1000F1DD10EF001FD214605462548BB
S2140324580AF0AAFA28460EF0F4FC23480EF0F1FE1A
S214032468224BA8B31988711A17FA81F086B2204648
S2140324780EF0FAF9032306818372002002B0BDE842
S214032488F0810EF0E3FC00222146054615480EF0BF
S214032498B0FEDFE716480AF0B9FA04281ED8FF2D5F
S2140324A806D00123082200932846002300F0D8FA12
S2140324B8B8F1000F05D10EF0C9FC214605460C48B5
S2140324C8C6E70EF0C3FC0022054621460848DEE7A9
S2140324D8314605481F800EF0B3FAC8E71C20CDE73F
S2140324E80E5C0020105C0020186C0020145C002092
S2140324F8125C00202DE9FF4708460C460AF015F93A
S21403250800F4805820460AF096F9054620460AF055
S21403251869F9B0F5404F1BD1B8F1000F14D029461E
S2140325280020FFF713FF054670B10EF09DF9002350
S214032538404A81780446009218462A460193F1F7E2
S214032548A5FF08B90123E372012004B0BDE8F087AC
S21403255828460EF0E0FD81460EF0A6FBFF28074648
S21403256837D00125A0F12006C0F12003324925FA09
S21403257803F305FA06F61E438540D1E900232A43EA
S2140325883343C1E900230EF0A9FB044638B13846A5
S2140325980EF0E2FB10F00C0F14BF01240024B8F170
S2140325A8000FD1D04FF0000A03A90120ADF80C9014
S2140325B8FFF7CCFE81460EF057F98046B9F1000FB7
S2140325C81ED1BAF1000F14D1FF2FBDD0002CBBD1FA
S2140325D828E01A4B1B684BB148469847044628B16F
S2140325E8B8F1000FB0D000252E46DBE7B8F1000F90
S2140325F801D10020A9E7002501242E46A246D3E7E9
S21403260874B100230B4A8178009218464A46019310
S214032618F1F73CFF002897D1012388F80B3093E79E
S214032628FF2F91D0064BD3E9001229433243C3E95F
S214032638001289E7AD21030068160020085500201C
S2140326486016002038B504460AF08AF80546204680
S2140326580AF0B5F8A5F50063044601465842584102
S214032668FFF774FEB0B9B5F5006F01D0002038BD8A
S21403267820460EF050FD0EF017FBFF28F6D0064B4B
S21403268800B21B6833F8100000F4E260003818BF85
S2140326980120ECE70120EAE70C5500202DE9F74373
S2140326A84FF000090746ADF804900EF055FB10F0FE
S2140326B80C0F29D04FF00208154D2B88A5F800906B
S2140326C8ADF806300DF106000AF069F9044630B194
S2140326D8B8F1010F14D04FF001080E4DEDE721466F
S2140326E80DF106000AF0A4F906460BF03FFEB842C1
S2140326F82246314614BF284601A80EF07AFDE1E7C4
S214032708BDF80400FFF7E6FC03B0BDE8F08300BF9E
S214032718125C0020105C00202DE9F04FDFF82081C2
S21403272885B0D8E9003213437CD105B0BDE8F08FF5
S21403273802EA040103EA0700014327D022EA040257
S21403274823EA0703C8E90023DAE9002304EA0205B3
S21403275807EA030C55EA0C056FEA04006FEA07015B
S21403276824D130460EF0F8FAC2070FD530460EF0DD
S214032778DBFADBF89C30002B45D11D46304600F0CB
S214032788E5F8DBF884300BB12946984724197F41CE
S21403279809F10109284B5FFA89F61B78B342C4D9B5
S2140327A8D8E9002352EA0301C2D1BEE702400B4030
S2140327B83046CAE900230EF0CFFAC307E6D51F4B07
S2140327C830461B6833F8163003F48873102B10D082
S2140327D80EF0AAFADBF89C3013BB1D460123102221
S2140327E800933046002300F03BF90020F1F7BCFDC8
S2140327F8C4E70EF099FADBF89C300125002BBDD010
S2140328080122039502E000252A4603950392002138
S21403281830469847039A002AB0D0002DAED1DDE79C
S2140328280025EDE74FF0000901244F46DFF814A012
S214032838DFF814B0AEE700BF4E6D00200C5500203D
S2140328486816002060160020E8530020F8B50346F3
S214032858084613B309B3402A1FD8114900260B604C
S21403286810490027086010494FF0FF350A70002109
S2140328780C460433914205DB00215200EAF790FC2C
S2140328880020F8BDC3E9036703F8044C23F8024C99
S2140328981D605D6001311833ECE72120F1E700BFC6
S2140328A8105500200C5500204E6D0020F0B5144C32
S2140328B8DDE905672568EDB1F0B912480078884266
S2140328C81AD901EB41014FEAC10C05EBC10415F80F
S2140328D8311011B92169C90710D4002005F80C0076
S2140328E862801A6846F0010662605A68C4E904679B
S2140328F8A260F0BD0220FCE72120FAE72E20F8E7C5
S214032908105500204E6D00200E4B30B51A68A2B144
S2140329180D4B1B78834212D900EB400002EBC00331
S214032928C100002400200025C3E9044550544FF095
S214032938FF3258805A609A6030BD0220FCE7212097
S214032948FAE700BF105500204E6D0020094B1B68A0
S21403295863B1094A1278824208D900EB400003EBB8
S214032968C0031A69D20701D5588870474FF6FF7017
S214032978704700BF105500204E6D0020094A0346D5
S214032988106870B1084A12789A4209D903EB4303D0
S21403299800EBC303186910F0010002D0181D704736
S2140329A800207047105500204E6D0020F8B50E4BDA
S2140329B805461C6834B128B100260C4B1F78F3B2C1
S2140329C89F4202D84FF6FF7009E008222946201DC9
S2140329D8EAF732FF20B92369DB0701D56088F8BD1B
S2140329E801361834EBE700BF105500204E6D002063
S2140329F80C4B1B689BB14FF6F77291420DD80A4AE7
S214032A081278824209D900EB400003EBC0031A6927
S214032A18D20704D50020598070472120704702202A
S214032A28704700BF105500204E6D00200A4A034623
S214032A38106878B1094A12789A420AD903EB430315
S214032A4800EBC300036913F0010003D0C3F30010BF
S214032A5870470020704700BF105500204E6D0020B9
S214032A6870B51C46124B9DF810601968D1B1114B0E
S214032A781B78834218D900EB4000551E01EBC001B2
S214032A882543D1E9040301D0C5070FD52EB110435A
S214032A982343C1E90403002070BD20EA020023EAA9
S214032AA80403F6E70220F7E72120F5E72D20F3E7EE
S214032AB8105500204E6D0020134BF0B51B6803B36A
S214032AC800266FEA000C6FEA010E104C2778F4B262
S214032AD8A74201D80020F0BDD3E9044514F0010F3E
S214032AE807D014F0020F04D132B104430D43C3E9EF
S214032AF8044501361833EAE70CEA04040EEA05052A
S214032B08F5E70220E7E700BF105500204E6D0020CA
S214032B180B4B70B51B682BB100240A4A1678E2B231
S214032B28964201D8002070BDD3E9042502400D4023
S214032B382A4304F1010403F11803F0D00120F2E755
S214032B48105500204E6D00202DE9F0470026FF277C
S214032B58B246164DDFF8588098F800305FFA86F9C3
S214032B684B4502D83846BDE8F0872B792F2B0FD96B
S214032B7828460AF0B6FA2B796C7903F0070304F0B3
S214032B88030483422CBFE4182418E4B2A24506D9EA
S214032B985446B946A2464F4612350136DCE728881E
S214032BA801F0A6F80028F3D1F4E700BF7059002017
S214032BB8896200202DE9F04F89B0814609F025FE89
S214032BC8029048460CF016F80024411C054689B2C4
S214032BD8484602F07FFBA246A346A046274600F0D7
S214032BE81F00023500EB4000EAB27D4E50FA85F529
S214032BF8EDB2AA4274D9DFF8FCA19AF8003033B1D3
S214032C08A400E4B2B4FBF3F4042C08BF032402982C
S214032C18F3F7C4FD054600283CD1FFF795FFFF28C8
S214032C285BD0704B05B2049018780AF041FA8742D5
S214032C382CBFE1192118002F14BF01230223684E65
S214032C4805EBC50506EB450553FA81F328460393BA
S214032C580AF047FA95F804C06B790CF0070103F0FD
S214032C68030388422CBF1B185B18039ADBB29A42ED
S214032C7833DA049A2FB921B19AF80030033B5B453F
S214032C882BDC104602990AF0D4F905B205EBC50504
S214032C9806EB45052B791E09002F00F0818039467F
S214032CA828460AF048FA032128460AF04AFAB8F1F1
S214032CB8000F09D1002E40F0868007F00AFEC0F305
S214032CC80B0149480DF0BCFE6B79484623F0030315
S214032CD81C446C7109F02EFDA87309B0BDE8F08F8B
S214032CE850D0424B49461B8807A8ADF81C304FF016
S214032CF800038DF81E3000230093032303920EF07F
S214032D080FFB9DF81E30BDF81C101B09039A18BF4D
S214032D1808F10108CDE9041318BF5FFA88F803928F
S214032D2809F0B0FF0499039A8842059B03D19DF8DE
S214032D381E7007F00F072E4890F800C016E016F826
S214032D480E0C10F0070003D00BF1010B5FFA8BFB98
S214032D58AA4207D036F812EC8E4503D113B108B150
S214032D680134E4B20AF1010A5FFA8AFAAA4206F1C2
S214032D7812060BD1D4450FD916F80E0C10F007001F
S214032D88E2D1EFE700234FF6FF71D4E736F8120CCB
S214032D98884201D8D445D2D80332123ED2B228E7A5
S214032DA8022E14D95B0707D0394628460AF0C9F914
S214032DB8B8F1000F81D087E7032128460AF0C1F946
S214032DC8B8F1000F80D1062E3FF677AF7CE7314681
S214032DD828460AF0B6F958EA06063FF46EAF73E7D4
S214032DE870590020426300209C4600206C110500A1
S214032DF889620020146D00202DE9F043082300247F
S214032E0885B08DF808300646022301214FF6FC707C
S214032E18CDE9004402AA0BF0C9FEADF80A00D8B102
S214032E282746DFF8A080DFF8A09099F80020E3B2E1
S214032E389A4224D8BDF80A4020460BF0DBFE411C14
S214032E4847F06002204689B202F058FA0022BDF81D
S214032E580A001146F4F736FA07F03BFD184AC0F3A2
S214032E680B01137801F55A51013113B1013B890857
S214032E781370304605B0BDE8F0430DF0E1BD18F811
S214032E880E5C6F2D17D8404630F8123D2D01ADF86D
S214032E980C300AF026F905F0700528448DF80E0064
S214032EA80123032203A90DF10A00F2F76BF90028A0
S214032EB8D2D10137FFB2013408F11208B5E700BFD3
S214032EC885620020825900208962002010B5054CCF
S214032ED82046F2F703FA2046BDE8104000210DF01D
S214032EE8AFBD00BF9C4600202DE9F0432A4D87B0AE
S214032EF8F6F7F8FB2A7829492948FFF7A7FC09219A
S214032F082A782848EAF74CF90026244FDFF89C80ED
S214032F18DFF89C902B78F4B2A34202D807B0BDE83A
S214032F28F08304F582300B2203A900F5C070DBF7A3
S214032F389FFE4FF6F670BDF814209DF81630511E06
S214032F4889B2814215D80020C3F3C003DB1840EBCF
S214032F580001CDE90031214603ABFFF7A7FC0028A3
S214032F68DCD14FF4805327F8143048F8240029F8A6
S214032F78140004F5833001220DF10A0100F5807070
S214032F88DBF776FEBDF80A20064B01361A55802273
S214032F98054B1A55BEE700BF1B6D0020805B00205B
S214032FA8801300203462002076620020404500200B
S214032FB8725B002010B50A4B1C780DF075FEFF28CF
S214032FC80DD0012C38BF0124064A230232F810100C
S214032FD819B101EB1313A3EB111322F8103010BD2C
S214032FE842630020725B00202DE9F0470025064661
S214032FF80F46AA46DFF84490DFF8448099F8003075
S214033008ECB2A34202D85046BDE8F08720460DF03E
S214033018A3FEC2070CD520460DF09EFE830707D4F1
S21403302838F8143037B133434FF0010A28F8143010
S2140330380135E3E723EA0603F6E700BF1B6D002026
S214033048805B002010B5084B084A1C780023D9B2C9
S2140330588C4201D8002010BD32F8021B013330EA37
S2140330680101F4D10120F6E71B6D0020805B0020E8
S214033078F0B50C464FF6F77187B08A4286461D466A
S2140330889DF8306002D9002007B0F0BD596818686B
S2140330980DF10C0CACE803002C49ADF814200978A4
S2140330A8A142F0D900218DF81660B61006F0020684
S2140330B80191704621460096FFF7F8FB0028E2D1F7
S2140330C8234B244A43F824009DF83830224E1B022B
S2140330D822F814304FF4A04304F582300B2226F866
S2140330E8143003A900F5C070DBF7EEFD9DF8343005
S2140330F81A4913F0040F17BF0123194B0B5536F85B
S21403310814300CBF1B7843F0080304F583300CBF58
S2140331180B5526F814300122214400F58070DBF79E
S214033128D3FD00210F4B104A1B782846234442F848
S2140331382310E7F789F80D4B1855284607F014FDB2
S2140331480B4A01201378013313709DE71B6D00208B
S21403315840450020725B0020805B0020346200201C
S214033168046D0020146D00206C4400207662002055
S21403317888620020054B1B78834206D90021044B3E
S214033188044A1B78034442F8231070471B6D00203B
S214033198146D00206C440020074B084A1878002357
S2140331A8D9B2884200D870471188013321F4805178
S2140331B822F8021BF4E700BF1B6D0020805B00208B
S2140331C830B585B004460D46E6F736FEA04202D86B
S2140331D8172005B030BD20460DF0BEFDC007F7D555
S2140331E804F582300B2201A900F5C070DBF740FD19
S2140331F89DF80E2001AB03CB69609107286030D495
S21403320812F0080F0CBF042303232B722046FFF784
S2140332189DFB154B68811B5D20466B730DF084FD83
S214033228124A2873135D4FF47A7103F00F03AB73D6
S214033238135D002013F00F031FBF03F1FF320223B1
S21403324893403C2218BF5343094A08BF0A2352F83F
S2140332582420B2FBF1F29A422CBF00239B1A2B615F
S214033268B7E70223D1E700BF766200203462002066
S21403327840450020F8B51F4E04463378834237D0BE
S214033288FFF764FB4FF6FF77B84231D02046347019
S214033298FFF704FA2046FFF759FB054609F0F2FC48
S2140332A8012301461A4628460BF03DFE2046FFF743
S2140332B82BFB0546E0B9104A1378013B1370F4F765
S2140332C8B5FB294620460BF0B5F880220B4B204663
S2140332D823F814500A4B1A550A4B23F8145009F0CE
S2140332E85CFC2A46394611200DF0DEFEFF233370B8
S2140332F8F8BD00BF4F6D002088620020805B002069
S21403330876620020725B00202DE9F04F0E461546C4
S2140333184FF000098BB01F469DF854309DF850A017
S214033328DFF84CB1049005939BF800205FFA89F404
S214033338A24207D84FF6F7739D421CD817F0020B24
S2140333483FD01AE02046FFF701FB804604F582309B
S2140333580B2207A900F5C070DBF78AFC4FF6FF724D
S2140333687EB9904516D14FF6F7729DF826309542EA
S21403337803F0EF0311D94FF6FF7528460BB0BDE8E7
S214033388F08F904506D00822304607A9EAF754FA84
S2140333980028E8D009F10109C6E79F4207F00208AA
S2140333A82CD0F3F70FFC002857D12D4B2D4A1B784A
S2140333B8234412F823B020460BF05DF8B8F1000F4B
S2140333C8DBD1E6F739FD284B1B788342D3D000219F
S2140333D808460DF039FCFF280446CCD0059B014669
S2140333E8CDE901A32A46334604980097FFF740FE23
S2140333F80028C0D0F4F71AFBD8460FE02046FFF79C
S214033408A5FAA842CDD1B8F1000FB6D13046E6F7F3
S2140334181BFF164B1855304607F0A6FB51462046A9
S2140334280AF0DCFF2046FFF791FA054609F02AFC66
S21403343800230146012228460BF075FDF3F7C2FB6D
S21403344828B9074B074A1B78234442F823802046AB
S2140334580BB0BDE8F04FFFF779BA4FF0000BAAE7B9
S214033468146D00206C4400208862002076620020D9
S2140334781B6D0020F8B50026104F3C78F5B2AC4219
S2140334880FD800250E4B6400224629460D481D70AA
S214033498E9F786FE22462946BDE8F8400A48E9F7D2
S2140334A87FBE2846FFF7FAF8002128460AF0C2FF2F
S2140334B82846FFF729FA0136DFE700BF1B6D002011
S2140334C888620020805B0020725B0020024B80210C
S2140334D81A780248E9F764BE1B6D0020766200205E
S2140334E838B50DF0E1FBFF28044616D00B4D35F82A
S2140334F810301B0711D50A4B0A491B7801220B54B7
S214033508014400F5833000F58070DBF7DDFB35F802
S214033518143023F0080325F8143038BD805B0020E8
S214033528046D0020346200202DE9F04F794B0546E0
S2140335381B788946022B17468BB004D000263046E4
S2140335480BB0BDE8F08F0DF0E4FE06460028F5D173
S2140335584FF6F9739D4262D04FF6F8739D4276D0C4
S2140335682B0A28460DF11E018DF81C308DF81B50CA
S214033578F2F708FC002814BFB0464FF02008B346FD
S21403358814BF06230E23022229463846039300F067
S214033598EBFC01220446039B002840F0B880DFF8C2
S2140335A880A18DF818209AF800204946CDE9000036
S2140335B88DF81A208DF81D0006AA4FF6FC708DF8B4
S2140335C819800BF0F3FA81460028B7D009F05AFBA6
S2140335D8B8420FD0484609F0B5F9394604300DF01D
S2140335E89CFD384604A90AF0B0FE70B1484604A903
S2140335F80BF06AFB484B1B78033B012B2BD84FF683
S214033608FF71484609F073FF06469AF80030FF2B09
S2140336180EBF01230133DBB28AF800308FE74FF081
S21403362808084FF0200B3C4B1B78033B012B85D92E
S21403363809F028FBB84281D109F024FBFC238DF856
S2140336481B30FF2305468DF81C3006239BE74FF0F7
S2140336581008C346E7E70AF0D7FF80460028D4D009
S21403366809F010FBA8422DD12C4B1A7852BB032124
S2140336784846F3F727FE0028C7D09AF80030A8F87C
S214033688007088F80430002388F8053088F8083076
S21403369809F0F8FAA84202D1204B1B7853B109F077
S2140336A8F1FAB84206D12CB1237923F0030343F089
S2140336B80103237100224FF6FF710C200DF0F4FC72
S2140336C80126A2E75946284608F1070200F078FCC7
S2140336D80446002899D0002203214846F3F7F2FD52
S2140336E80028CAD1237903F00303012B8DD109F0EF
S2140336F8C9FAA84203D1094B1B78002B85D0237936
S21403370843F0030323714FF6FF7323807DE71646C2
S21403371815E700BF8F62002090620020506D0020DE
S2140337286263002037B50E4B05461B780C46033BF1
S214033738012B11D9E6F7A4FB01280FD0821E5342AA
S2140337485341590128460DF1070200F039FC18B118
S214033758002144800AF03FFF03B030BD1021F1E793
S214033768906200202DE9F0438BB0857AB0F8069076
S21403377804460E46174609F085FA8145804605F045
S214033788400541D10021608809F0C0FC0246002E9E
S21403379844D1082304A9C14501EB03060CBF2349FA
S2140337A802A90868496803C6A2B3022100268DF851
S2140337B8172001228DF81010217A45F020058DF880
S2140337C81210A18808338DF81310090A8DF81410FF
S2140337D8E188CDE900268DF81510090A8DF816102C
S2140337E86088314604AA8DF811500BF0DFF90546B8
S2140337F880B1618808F0DDFF79003246284601F07B
S214033808FE01F3F75FFD06E0E08802A90AF09DFDD6
S2140338180028B7D100200BB0BDE8F0833068716884
S21403382806AB03C345F010051023B3E71563002062
S2140338382DE9F74389461E460746904609F082F85F
S21403384800210446304609F061FC054609F10701E4
S214033858384601F02DFD7DB1B8F1000F02D103788B
S2140338681D44EDB2057063781A0716D569463046C7
S214033878F2F788FA024618B1002003B0BDE8F083D1
S2140338880821684609F090F90028F5D120460BF080
S214033898EEF908226946E9F7D5FC09F0F3F901467B
S2140338A8201D0DF03AFC6378DB0603D538460C4931
S2140338B80BF00AFA3146A01C0DF02FFC31463846A9
S2140338C808F077FF074A13780133DBB21370E37106
S2140338D8A3790BB10120D0E70123A371FAE700BF50
S2140338E8156300208D620020FF232DE9F04F8FB06B
S2140338F88146164605918DF822301AB301230BAA82
S2140339080AF0DCFD9DF836500446EF0625D5002759
S214033918059BBDF8308003F108024946D2B2082356
S214033928009709A8CDE909770DF0FAFC3A46404610
S21403393809A9F8F7A5FC002840F08C80A90627D526
S21403394810220DE013460BAA0AF0B8FD9DF8365070
S2140339580446A80663D5062202E0AA0618D5082256
S21403396800230599BDF832700A44CDE90933494660
S2140339780093D2B2082309A80DF0D2FC384686F085
S214033988010209A9F8F77CFC002863D1002E46D06B
S214033998BDF8307009F076F9874249D038460DF0FD
S2140339A8B8FC8046002E45D1BDF82EB000215846F7
S2140339B809F0ACFBBDF82C300390184606930DF0BF
S2140339C8A8FC064609F05EF9069B834242D0B64B2E
S2140339D81B78033B012B3DD915F04003049339D1DB
S2140339E8039B0BB9002E35D09DF83570039B05F065
S2140339F818051F44FFB2082D8DF835706CD12023A7
S214033A080493002C40F041810AF0FEFD054608B3F6
S214033A18002E40F0B28033460126B24674E0BDF865
S214033A28327009F02FF98742B8D14FF00108BBE787
S214033A384FF00108002C43D09C4BE279678803EBD0
S214033A48C20633F83220BDF832309A4205D04FF614
S214033A58FF7323800FB0BDE8F08FBDF82EA0B8F132
S214033A68000F08D0002130460AF0B5FDA6F802A0DC
S214033A780AF0C3FAEEE7BDF830000AF0B4FD0546CF
S214033A88414630460AF0A7FDA6F802A0884E2DB197
S214033A98414628460AF09FFD63886B800AF0ADFA14
S214033AA83378002BD6D03B46002248460599FFF7C5
S214033AB8BFFE0028CED03946484609F018FDC9E7A8
S214033AC80AF09BFA7A4B1B78002BC3D0B8F1000F89
S214033AD8C0D14FF6FF77E6E7102D01D1049590E79E
S214033AE8B8F1000F8DD1002C3AD0C2460021BDF89C
S214033AF832000DF1220200F063FA03460028A9D02B
S214033B08002E40F0CA8025460499BDF830000DF112
S214033B182302079300F054FA044600289AD0644A0E
S214033B28079B1278002A78D0BAF1000F26D10246EE
S214033B382C466179B9427ED92546A4F802B0677146
S214033B481446002B00F09E809DF82230EA799A42AC
S214033B5800F09880002E40F08E80EB7100253FE041
S214033B680AF052FD044600283FF474AF4FF0010AEA
S214033B78BCE7002201261346DBE70126B8F1000F4F
S214033B881ED106F0A6FE7E23B0FBF3F202FB13005B
S214033B9805993A4605315FFA80FA484601F0AEFBC6
S214033BA84FF6FF71484608F004FE039B032B2CD9F7
S214033BB8AAF17E0A022148465FFA8AF2F3F782FBE5
S214033BC8069BA5F802B02B809DF834306F712B71D5
S214033BD800232B72002E42D19DF82230EB7101256B
S214033BE8B8F1000F3FF436AF484609A90BF04CF876
S214033BF800283FF42FAF2A4609A90BA8FFF7B2FD02
S214033C0828E7002625463446BBE7039B012B94BFCB
S214033C180AF1020A0AF1420ACCE7BAF1000FCFD139
S214033C286979B94209D9A5F802B06F71002B8BD10F
S214033C38002E93D024E025461446049A002A3FF41F
S214033C4809AF8F427FF406AF039306F042FE83075D
S214033C587FF400AF039BA5F802B06F7171E7FF23EB
S214033C68EB71002CBBD001252379A4F802B023F00E
S214033C7803032371B4E7FF23EB71002C3FF46EAF05
S214033C880025F1E7002CD3D168E7002E7FF471AF47
S214033C98B24625460126534636E7BAF1000FB0D199
S214033CA85646524645E700BF90620020EA5A00206F
S214033CB81A6D002070B50C4B4FF6FF751C78002361
S214033CC802460A489C4201D1002005E0068896422F
S214033CD806D1AA4201D10B7070BD8679002EFAD0A0
S214033CE801330830DBB2EDE7196D0020EA5A0020ED
S214033CF8002210B50A4B1C780A4BD1B28C4201D865
S214033D08002010BD5988814204D11979890701D149
S214033D18997911B108330132EFE70120F1E700BFC3
S214033D28196D0020EA5A002010B5084B01461C7886
S214033D380023074AD8B2844201D8FF2010BD914217
S214033D4803F10103FAD00832F4E700BF196D002027
S214033D58EA5A002038B50446FFF7E6FFFF2805466B
S214033D6803D13F210B480DF0F8F84FF6FF732046B2
S214033D782380A37103210AF02EFC074B07481A7801
S214033D8800210732D21002FB0500BDE83840E9F7E8
S214033D9807BA00BFA1AD04001B6D002065620020B2
S214033DA8F8B504460026124D124F3A78F3B29A42F3
S214033DB809D800224FF6FF710F4B1D780F4BD0B270
S214033DC885420BD8F8BDFF2C02D0AB79A34202D1AB
S214033DD82846FFF7BFFF08350136E6E7FF2C02D073
S214033DE8187AA04201D1198019720A330132E6E71C
S214033DF8EA5A0020196D0020186D0020C25A0020C8
S214033E08FF28F8B504462CD0164B1B78834203D8F4
S214033E18802115480DF0A1F84FF6FF75134A32F8BE
S214033E28341002EBC4000379A94203F0030318D045
S214033E38012B16D100220E4B1F780E4BD6B2B74273
S214033E4803D8BDE8F840FFF785BF1E88AE4205D005
S214033E5893F807C0A44504D0B14202D00A3301320E
S214033E68ECE7F8BD196D0020A1AD0400EA5A00205E
S214033E78186D0020C25A00202DE9F74303F0ECFF23
S214033E88324B1B78033B012B21D9314B1D88451B2D
S214033E98ADB2E5B118804FF6FF7700202D4A1378A8
S214033EA82B44C3F3C81403F07F0313702A4B2B4A1F
S214033EB81E78C3B29E420DD800264FF6FF77284CCD
S214033EC8DFF8A09099F80020F3B29A4216D803B008
S214033ED8BDE8F0831388BB420DD0137999070AD13E
S214033EE804EB9311022928BF022103F03F0389B28A
S214033EF843EA8113137108320130DAE734F80A8C7F
S214033F08B84506D014F8043CAB4205D95B1B04F845
S214033F18043C01360A34D5E708F0B4FE804534F885
S214033F280A3C04F8027C24F80A7C09D018460DF1EA
S214033F380701FFF7BFFE18B19DF80700FFF760FFFC
S214033F4814F8030CFFF75CFFE3E700BF906200205A
S214033F58165C002063630020196D0020EA5A0020CF
S214033F68CC5A0020186D0020F0B500244FF6FF77D2
S214033F7803461048DFF844C006780F48E5B2AE4259
S214033F8801D800200FE005889D4210D13AB1012AD6
S214033F9816BFC57905793CF83550A94207D1BB4207
S214033FA802D114238371F0BD057A002DFBD00A30A5
S214033FB80134E3E7186D0020C25A0020EA5A0020AD
S214033FC8F8B50D46114607461646FFF773FE002852
S214033FD836D102464FF6FF7C1E4B1F4C1978D3B2D8
S214033FE8994206D800231C4C8B4221D1F8BD0834CD
S214033FF8F5E7B4F800E00132E645F8D1337001235B
S214034008278023710021A17165B1144B45F008057B
S2140340181A782571D31DDA103078114B02FB00305D
S214034028E9F7BEF82379204603F03F032371DDE75B
S21403403822799209022AE1D001330834DBB2D3E7A6
S214034048037904469A071EBF23F0030343F00103CC
S2140340580371D7E7196D0020EA5A00201B6D00206C
S2140340686562002073B50DF107010546FFF722FECA
S21403407840B103799A0705D113F0300404D043F00E
S2140340880303037102B070BD28460AF0B4FA094B5D
S2140340984FF6FF711D7823469DF80760064AD8B287
S2140340A88542EFD9D0790133B04204BF118011722B
S2140340B80A32F4E7186D0020C25A002030B50A4BBE
S2140340C8CC081B78094D0733DB1000FB034001239C
S2140340D801F007018B402C5CDBB212B11C432C5455
S2140340E830BD24EA0304FAE71B6D0020656200204E
S2140340F870B50B4B04461B78834204D840F24B2119
S21403410808480CF02AFF0025074E3378E8B28342A6
S21403411800D870BD00222146FFF7D0FF0135F4E72B
S2140341281B6D0020A1AD0400196D0020FF2810D0D8
S214034138FF290ED0084BCA081B7801F0070107337E
S214034148DB1000FB0323054AD05CC84000F00100DF
S21403415870470020704700BF1B6D00206562002073
S2140341680148F0F7CBBD00BF185C00202DE9F047E7
S2140341781E464D4B8CB01B681546074688469DF869
S214034188509003F0080A08F07DFDA8423FD1B9F124
S214034198000F14D06EB9ADF806603D4604242246D7
S2140341A8414628460AF0C3FA00F001000CB0BDE801
S2140341B8F0870023ADF806303D4606243AE0384635
S2140341C80CF072FDFF28044605D0F2F7FBFC10B18D
S2140341D82046FEF7CFFF96B10023ADF80630F8F772
S2140341E8FDF80028E8D0062440460DF1060202A989
S2140341F809F031FCD8B94046F8F7F8FA17E0ADF8F5
S2140342080660F8F7EBF80028C7D00424ECE73EB3BB
S214034218BAF1000F2ED000230B24ADF80630B9F1FF
S214034228000F0AD1F8F7DAF82F460028DCD13D4606
S214034238002EB4D0BAF1000FB1D004F00402414600
S21403424842F0110228460AF072FA2246064641460A
S21403425828460AF06CFA002814BF30460020A3E765
S214034268BAF1000F14D00124ADF80660B9F1000FB7
S21403427895D1D7E70B24284602A9F1F783FD07460D
S21403428868B902A806F094FF20B9ADF80600EDE772
S2140342980124F0E744F00204ADF80670E6E70023CD
S2140342A8ADF80630E2E700BF304700202DE9F047B7
S2140342B81E46744B8CB01B7807460D461446DDF82D
S2140342C85080002B3ED008F0DDFC30B36E4B1B68E5
S2140342D8980722D44FF6F7739C4233D843463A4698
S2140342E831462046FBF7F2FE08F0CCFC854200F088
S2140342F8C5803046FEF75AFBA04203D10CF0D4FC27
S2140343080AF0B9F8BA1E53425341294600222046FA
S2140343180CB0BDE8F0470AF006BEE7B1F91ED1F1C6
S214034328000949EB01094FF6F7739C4216D9032196
S214034338204606F0DFFA03233A4631462046009520
S21403434806F0C7FB08F09EFCA84200F097804FF6DD
S214034358FF739C42CBE74FF00109E4E72B463A4646
S2140343683146204604F0FDF92146CDE900082B46E0
S2140343783246384606F06CFF80460146204606F06D
S214034388B9FAB8F1000F61D1B9F1000F12D10023C1
S2140343983A4631462046009506F09BFB88F0010313
S2140343A82A4631462046CDF8009003F00103FFF76E
S2140343B8DDFE99E7002FEAD003AA9246334B03F1B2
S2140343C8100E9446186859680833ACE8030073451A
S2140343D86246F6D107A806F0D8FB0323306871684F
S2140343E88DF81C3008AB03C39DF8293007A843F0A3
S2140343F802038DF8293006F0F3FC90B13068716833
S21403440808AB03C3042307A88DF81C3006F0E8FCA2
S21403441838B1022307A88DF81C3006F0E1FC002803
S214034428B5D1514607A806F01BFD0028AFD0F4F710
S21403443895FB0028ABD103233A4631462046009520
S21403444806F047FB08F01EFCA84250E743463A46E8
S21403445831462046009506F03CFBB8F1010F9DD087
S214034468B8F1020F7FF440AF284607A9F1F78AFC94
S21403447820B93246284607A90AF020F90CB0BDE849
S214034488F08700BF8B6200203047002076110500B6
S214034498044B1A880AB100221A8000210846F9F745
S2140344A8ABBF00BF185C002000232DE9F0478EB091
S2140344B804460D46CDE903334F7808F0E3FB50B1C5
S2140344C8B64B1B689A0706D4092103A806F0B9FA5F
S2140344D80EB0BDE8F087204603A9F1F753FC06465D
S2140344E8002840F05781022F3DD0042FECD1E5F782
S2140344F8AFFC002846D0E5F7ABFC022840F0228143
S2140345080DF12408334632464146304606F0D7FDB9
S214034518012103A89DF8255006F0C4FE2840FF286D
S21403452800F0348105AD284608F049FB002840F022
S2140345382F8195E80F0088E80F003A46414603A8FE
S21403454806F0F7FC0246002840F02081032303A95F
S214034558CDE9005320463B46FBF77EF900280CBFFF
S21403456813210621B1E78D4B1B689B07ACD4023594
S214034578082229468A48E9F75FF90028A4D0E5F710
S21403458873FC08B91121A0E7864B874E1B78FBB945
S214034598FFF77EFF3088002860D103AF29463846E8
S2140345A806F0F1FA002800F0CA8028460DF10A0141
S2140345B8F1F7C2FB40B90DF1240A504608F0FFFA9A
S2140345C88046002800F08780FFF762FF0F217CE70C
S2140345D83088002842D101460CF0BAF9308000280A
S2140345E83AD001230822304603A9F0F7CBFD98BB3F
S2140345F80123082229463046F0F7C4FD60BB012391
S2140346080222694809A9ADF82440F0F7BBFD034622
S214034618308823B1002848D04FF0100920E00CF06A
S2140346283FF961490746204601F0CAFC30880CF07A
S21403463837F9FFB2874209D1FF238DF824300123C7
S21403464859481A4609A9F0F79DFD28B90021012003
S214034658F9F7D2FE0C2138E73088DBE74FF0070975
S2140346680CF002F9074630880CF0FEF8348811215E
S21403467800F10808204600F02DFE10218246204649
S21403468800F028FE0822044603A94046E9F7D4F8B2
S214034698002840F08180082229463846E9F7CCF8F6
S2140346A8002879D1B9F1070F01D010210DE704EBE3
S2140346B80A244546A4B271E730884FF0010828B1AA
S2140346C8122100F007FEFF2881461ED12A46B94666
S2140346D82046402304E03A46A9464346BDF80A0066
S2140346E843F00303CDE900A349460323FBF7B4F8D5
S2140346F800283FF469AF0721484606F0A2F9B8F147
S214034708000FD9D0FFF7C4FEE2E6002108460CF0F6
S2140347181FF9ADF8140048B1204605A901F050FC6E
S214034728BDF814000CF0BCF80028CFD1142300936E
S2140347384A4639462046338801F0FAFBC6E7FFF7B0
S214034748A7FE1FE7E5F784FB012801D00621BCE690
S21403475805AD324633462946009603A8F9F75EFDAB
S214034768024608B10A21B0E60C4B20461B6803A98B
S2140347785B0003F0040343F00303CDE900533B4611
S214034788FBF76AF80028E1D113219EE605219CE68B
S21403479812219AE60B2198E60E2196E6304700206A
S2140347A8156300202F620020185C0020012330B513
S2140347B80D4C85B022788DF80430D5188DF8052071
S2140347C80E228DF806200A682570CDF807204A6859
S2140347D801A9CDF80B200B22F0F7D4FCB0FA80F031
S2140347E8400905B030BD00BF8C620020014B187825
S2140347F8704700BF64630020142230B58BB00546AB
S2140348080DEB02011548DAF733FA10BBBDF814307E
S214034818DA0720D413F0060FC3F3410208BFC3F325
S21403482841220F4B0DF116019C5C68462246E8F7B9
S21403483847FEBDF8263004F128026A4402F8283CED
S21403484802341B0A02F8273C69462A46E0B209F0F6
S214034858DFF80BB030BD2320FBE700BF703214E04F
S2140348688611050010B58AB0ADF826200022CDE9DA
S214034878052204920CAA02924FF6FF720446AC2154
S21403488801200192064A039004FB0122603200923B
S2140348984CF620010DF1260209F06BFF0AB010BD95
S2140348A8E853002000B58BB0ADF824309DF83030BF
S2140348B803208DF82630002303900A4909A8CDE97A
S2140348C80130CDE90533049301F160030093B1F891
S2140348D85C3002204CF6604109F04BFF0BB05DF8E4
S2140348E804FB00BFE853002010B54FF6FF741E4ABA
S2140348F88AB0B2F86800B2F85E10A042ADF8260097
S214034908B2F85C304FF6FD70ADF8241018D081422B
S2140349184FF0000094BF48F660014CF66001CDE9FD
S2140349280500CDE90300CDE9010094BF09AA60326A
S21403493800920DF12602042009F01BFF0AB010BDF1
S21403494881424FF000008CBF603209AA00928CBFE8
S2140349584CF6604148F66041CDE90500CDE9030011
S214034968CDE90100014AE6E7E85300205254002047
S21403497800B50E4B0022B3F85E308BB0ADF824308A
S2140349884FF6FF73CDE90522CDE90322CDE90122CF
S21403499809AA00924FF400610DF126020720ADF82C
S2140349A8263009F0E6FE0BB05DF804FBE85300205A
S2140349B830B58BB08DF825301B0A8DF826300023CA
S2140349C80D4991F85840CD6DB1F85C00CDE9053333
S2140349D8049307236031039308ABCDE901030091E1
S2140349E84FF6FF734CF62041082008958DF82440AF
S2140349F809F0BFFE0BB030BDE853002070B54FF684
S214034A08FE76294C1D46B4F85E10B4F85C30B14205
S214034A1894F85C00A2B04FEA132321D14FF4404127
S214034A286034ADF808108DF80B008DF80C3003CC05
S214034A380DF11504CDF80D00CDF811102270120AE9
S214034A486270002211461046A270E270ADF8062086
S214034A5807F056FFADF8060090B9002022B070BDE7
S214034A684FF400448DF80D10090AADF808408DF888
S214034A780B008DF80C308DF80E100DF10F04DDE7E2
S214034A88043402A9621A012392B20DF10600F0F764
S214034A9879FB0028E1D1BDF806002A4601210BF070
S214034AA82FFFBDF80600D9E7E8530020202A10B5E3
S214034AB8144614D8012A04D10C88B4F5004418BF48
S214034AC80124620030B10748E8F7BCFB064B002018
S214034AD81C7010BD0548E8F7B5FB054BF7E7212022
S214034AE8F7E700BF1A5C0020656300205A5C0020C5
S214034AF8666300202DE9F047104617460CF00BFBBB
S214034B08DFF814A1DFF814919AF8003099F800201A
S214034B180546134302D10020BDE8F08710F4406829
S214034B2800F0400619D186BBB0F5804F5CD24FF42F
S214034B38807400239AF80000344AD9B288425DD8B4
S214034B48002399F80000324AD9B28842E3D932F8EA
S214034B58021B0133A142F7D155E0F81C0CF0DBFA2F
S214034B684FF6FF73984214BF0124022486B1052624
S214034B7805F44043B3F5004F44F0080424D0B5F5D4
S214034B88804F23D244F4807420E044460326EFE79C
S214034B98B5F5804F4FF00506F4D3B8F5406F14BF4C
S214034BA802200820304438440CF0B5FA194B05F4B3
S214034BB84045B3F85C3083420CBF44F0080444F025
S214034BC80404B5F5004F01D144F08004B8F5006F2E
S214034BD80ED1B8190CF09FFA0E4BB3F85E30834229
S214034BE8A7D144F01004A4E7444603260220D9E7D5
S214034BF8B8F5406F08BF44F020049AE732F8021B62
S214034C080133A14299D1012086E700BF5A5C0020F0
S214034C181A5C0020E85300206663002065630020C2
S214034C282DE9F04F104685B0164698460CF073FAF1
S214034C385D4F00F00803B7F85C10044600F0070958
S214034C48F01C02930391B7F85EB00CF064FA06F111
S214034C58050A054650460CF05EFA03464FF6FF7003
S214034C68854218D00399A1EB050CDCF1000545EB4A
S214034C780C056D004FF6FF718B420ED145F0040507
S214034C880CF0C2F8029B6BB1B9F1000F11D04220A9
S214034C9805B0BDE8F08F0125ECE79B4508BF45F056
S214034CA80805EDE7B9F1030FF1D8DFE809F0021BB1
S214034CB8795D0CF0A9F808B9A807E8D524F0080424
S214034CC8A4B2B4F5004F05D0B4F5624F02D0B4F5DC
S214034CD8404FDCD10025294697F8A820002007F086
S214034CE80FFE3CE0D7F88030E3B900213246084689
S214034CF8FFF700FFD8B948F6410224F038039BB201
S214034D089342C4D10A2D49D0062DC0D197F87730DF
S214034D18023B012BBBD8EEF7AFFF0028B7D140F60E
S214034D28040505E04146304698470028DDD00825A7
S214034D38E20648BF45F08005A30648BF45F48055FC
S214034D4805F00C03042BC6D1F01D0CF0E4F997F814
S214034D58A8303246009341462B4607F0A6FD08B313
S214034D680E9B1880002093E7A90705D14FF6FF731B
S214034D78B7F85C209A428AD104F44063B3F5006F0F
S214034D880AD0B3F5406F82D1082250460749E8F7A0
S214034D9853FD00287FF47BAF0C25C9E70425C7E736
S214034DA8432075E7192073E7E8530020485400208A
S214034DB8034B1A781AB1FF2A04BF00221A707047E9
S214034DC86863002070B5084C084E2378F55C1DB15F
S214034DD83E2107480CF0C1F8FF2223782846F254F0
S214034DE80023237070BD00BF67630020686300203C
S214034DF8AFAD0400034B044A1B78D05CFF3818BFDA
S214034E080120704767630020686300200023074A71
S214034E1807491360074A1360074A1360074A116075
S214034E280121074A1170074A13607047205500206E
S214034E3805E903001C55002018550020386C00208F
S214034E48516D0020285500200E2A70B50C460646DC
S214034E581546194603D9FFF7D9FF502070BD012818
S214034E6807D10020EEF722FFB0B1FFF7CFFF2120CE
S214034E78F4E780220021224B1A70224B1960224B3A
S214034E881B684BB134200BF063FD204B188018B910
S214034E98FFF7BCFF0120E1E724F0FF6323F4FF23B9
S214034EA81BB1FFF7B3FF4F20D8E774B92046EEF7D8
S214034EB817FF0124032510F0800F43B21BBF00F031
S214034EC81F039C409C4044F078440020104B24F079
S214034ED878441E700F4B10491D70104B1C60104B06
S214034EE81870104B1A68EFF797FA18B1FFF78EFF8A
S214034EF80420B3E79DF810200B4B1A70AEE700BFEB
S214034F086963002024550020185500209A5C002069
S214034F186E6300206C63002015520300285500209A
S214034F286D630020205500206A6300207FB5244B5C
S214034F3800251A7801232348234903FA02F2007846
S214034F481A440A60ADF80E5020B3984236D11F4C67
S214034F581F4B20781B680DF10E0198471D4EBDF8B0
S214034F680E20307092B11C4B294600932846022324
S214034F780195EFF78BFA3278237822B1012A12BF0C
S214034F881B230133DBB2237004B070BD013818BF8E
S214034F980120F0E778235A43013A0A6008220F49AA
S214034FA80BF01CFC0B49094A0978137821B101292F
S214034FB812BF1B230133DBB21370E5E71846E3E79A
S214034FC86C6300206E6300202C5500206D63002060
S214034FD8386C0020516D0020515203009D0D0400CB
S214034FE8024B1868003818BF012070471855002070
S214034FF837B505461C460BF007FF68B974B1084B6E
S2140350081A60084B0A461C600123294600930323AB
S214035018FFF71AFF03B030BD4D20FBE72520F9E75D
S214035028145500201C55002013B504460BF0ECFE5F
S21403503858B962B1074B1A6001230A460093214602
S2140350480323FFF701FF02B010BD4D20FBE7252021
S214035058F9E700BF185500202DE9F0410446DDE9BD
S21403506806861D469DF820700BF0CEFE88B99EB1C5
S214035078A2B10B4B01201A600A4B0A46C3F80080FC
S214035088094B21461E602B460697BDE8F041FFF7FD
S214035098DBBE4D20BDE8F0812520FBE72120F9E79C
S2140350A8386C0020205500201C5500200148EFF7D7
S2140350B825BE00BF9A5C00202DE9F0410020EFF7DB
S2140350C819F9114B114C1E68114B20881D68114B9A
S2140350D8114FD3F8008010B13978EFF7E9FF0020B5
S2140350E83870FFF793FEEFF723FC0EB14046B04740
S2140350F83DB12088A84700232380BDE8F0410BF084
S214035108A7BFBDE8F08100BF1C5500209A5C0020AD
S21403511818550020285500206F630020F8B52F483F
S214035128F0F7DCF82E4B187830BBEEF7D9FD2D4F89
S21403513806463B6803B32C4B2C4D1C6824B195F9E3
S21403514800301A461946A047294B1B6883B1294CD9
S2140351582378312B0CD8284B18880BF085FB23783B
S2140351685A1C22702A78C25423785A1C2270C654B2
S21403517880232B7000233B60204C23781A2B22D8DD
S2140351881F4A1278012A09D100211E4A156825FAF2
S21403519803F0C007DAB20ED501B122700020EEF78D
S2140351A89FFD2178884212D10022174B1A70FFF709
S2140351B8BDFE40B9F8BD0133D8B21A284FF0010135
S2140351C8E5D90A442270BDE8F840FFF775BF00200A
S2140351D8EEF798FD0028E7D0F5E700BF3C6C002003
S2140351E86E630020245500201455002069630020B0
S2140351F8185500206F6300209A5C00206D6300201A
S214035208516D0020285500206B63002008B50B4B12
S214035218187880B90221EEF737FD094B1B782BB1B6
S21403522800214FF6FF720846EEF710FDBDE808406A
S2140352380448FFF773BF00210846ECE76E630020B7
S2140352486A6300203C6C002038B5144B0C461D7866
S214035258012D21D181B90846EEF742FD104A05FA19
S21403526800F013680F4923EA0003136020462A4612
S214035278BDE838400BF0B2BA0B4A13780133DBB2F9
S214035288022B137004D9BDE838400848FFF746BF19
S214035298FFF74CFE0028F6D138BD00BF6E6300202A
S2140352A8285500209D0D04006B6300203C6C0020ED
S2140352B838B50C4605460BF0F3FAA04203D82D2161
S2140352C803480BF04AFE28460BF0CEFA204438BDB6
S2140352D8C3AD040070B506460D460BF0C5FA044682
S2140352E848B130460BF0DCFAA84203D83521024809
S2140352F80BF033FE605D70BDC3AD040070B50C469D
S214035308064615460BF0CCFAA04203D83E210448BD
S2140353180BF023FE30460BF0A7FA00B1055570BD17
S214035328C3AD04002DE9F0431E46574B8FB01B78D8
S2140353380746033B012B0C4615469DF8588007D8AD
S214035348F4F718FA20B1F0F71DF908B144F400543D
S2140353584E4B1B7813B924F40074A4B2200509D560
S21403536846B9284604A9F0F70DFD002846D024F4CC
S2140353780064A4B2ADF81840ADF81A5007F082FCE2
S214035388434BADF81C00B8F1000F02D01A7842451B
S21403539801D293F800803F4AE105137848BF0DF120
S2140353A8210103F10103DBB2137058BF08A92205D4
S2140353B88DF81E808DF81F3006D53368083141F8FE
S2140353C8083C736841F8043CE30407D5324A0831BD
S2140353D8136841F8083C536841F8043C0DF1180873
S2140353E8A1EB08005FFA80F9002148460BF0B0FAF3
S2140353F8064628B900200FB0BDE8F08304AEB9E727
S2140354080BF032FA41464A46E8F75AF830460BF0AC
S21403541847FA804630460BF027FA002302460093E5
S2140354284FF6FF7004235FFA88F107F03EFAADF8EB
S2140354380E000028DED040F201131C421AD14FF6A4
S214035448F7739D4216D80BF02BFA0DF10E0104469E
S214035458284600F0B5FDBDF80E000BF021FAE4B2BD
S214035468A04207D9BDF80E0007F06CFA437843F05C
S21403547804034370BDF80E003A4601210BF040FAC8
S214035488BDF80E00B7E700BF906200208B620020CD
S214035498066D00208D62002015630020F0B50829EC
S2140354A8D58889B028D00C2926D0AE0424D405F094
S2140354B840030B43424C267816B105F020042343D9
S2140354C82FB2002FB8BF43F08003032920D112233D
S2140354D8AC068DF80430937A10D48DF805300DF1A8
S2140354E8060401A9621A012392B2EFF74BFEB0FA3B
S2140354F880F0400909B0F0BD0B46DBE732228DF891
S21403550805308DF80420002EE9D00DF11304E8E7E2
S2140355180C298DF804300ABF138953798DF80530A2
S214035528548805BF1B0A8DF806308DF805300DF133
S214035538070318BF0DF106031C70240A5C70148851
S21403554802399C70240ADC70147901291C7111D85D
S214035558917A002F597131DA022112899971DA7119
S214035568120A03F109041A72002EBAD0AB06B8D58C
S2140355780534B6E7A9071AD4002F0CDA117A51B105
S214035588917A59711189127A03F1080492B10222A9
S2140355989A71D971E8E70B4C217801F1010C84F86C
S2140355A800C091729C1D002F5971DDDAEAE7917AE3
S2140355B89C1DF8E70122090A9A71EAE79C1DD3E7BE
S2140355C88B6200208C620020014B1880704700BF56
S2140355D89C5C0020014B1888704700BF9C5C002029
S2140355E82DE9F84307460BF0B1FC05461B480BF0BC
S2140355F828FE1B4B60B31C683C1B2C44A4B2002239
S214035608184BDFF868901B78174D03EB830399F85C
S214035618006005EB43055FFA82F846450AD9AB886E
S21403562805F10A00A34216D90A23B21A29465A4391
S214035638E7F708FE013689F80060AC80B8F1000F7A
S21403564803D1394605480BF0FBF92846BDE8F8832D
S2140356583C461D60D3E705460132DCE75C6C002058
S21403566830550020706300203E59002071630020E7
S2140356781FB5154A154C1378013BDBB213706168E6
S214035688206801AA03C221891180114A1278D21808
S21403569805D00A2320465A43E118E7F7D3FD9DF8B9
S2140356A806301B070DD0BDF80C00FFF799FF03461D
S2140356B88288ADF8082001AA03CA128818605960C0
S2140356C81A8104B010BD00BF706300203E59002045
S2140356D871630020002108B5084B09481970094B67
S2140356E81970094B1A7802EB82025200E7F758FD45
S2140356F8BDE808400548EFF7F1BD00BF7163002019
S2140357083E59002070630020126D00205C6C002058
S214035718F8B50024084D094F094E3B783178E2B2B4
S2140357280B449A4204F1010400DBF8BD2846EFF760
S214035738E5FA0A35F1E700BF3E59002071630020F9
S21403574870630020F8B516460C4B0D4A1B78127882
S214035758074613440B4A0D46127893420CD030463C
S214035768FFF73EFF013506810780857004460BF078
S214035778E8FBE0800120F8BD0020FCE7706300200A
S21403578871630020126D002010B5064C207828B1EE
S2140357980548F5F799FD10B1034B188810BDFFF7B8
S2140357A867FFF3E7706300203E59002008B50A4AEE
S2140357B80346107860B1094A1088984209D121B97E
S2140357C89378103323F00F039370FFF751FF0120EC
S2140357D808BD0020FCE700BF706300203E59002088
S2140357E82DE9F74F00260BF0B1FBDFF8F890B24629
S2140357F899F80070B3463A46DFF8EC801FFA80FE45
S214035808B8F800C0344CAEEB0C039BB20193237874
S214035818324D009303EB830305EB4303ACEB0E0C0B
S2140358285FFA86FEBE4515D3BAF1000F01D0009B7A
S2140358382370BA422AD3002F37D00A222378C8F80F
S214035848000002FB03532648998803B0BDE8F04FCF
S2140358580BF0F6B8B3F804E001998E4512D84FF06A
S214035868010A009993F802E001310EF1FF3EC9B22E
S214035878013AA3F804B083F802E00091D2B20A33DF
S2140358880136CDE7E644A3F804E0F8E789F80020F4
S2140358984AB10A222378C8F8000002FB03531048CB
S2140358A899880BF0CDF8237813B903B0BDE8F08FC9
S2140358B8FFF76AFF06460028F5D006F064FF0146A0
S2140358C8304607F014FE20B100212888FFF76EFF44
S2140358D8E9E740F60241F8E7706300203E590020E6
S2140358E85C6C002071630020305500202DE9F041E0
S2140358F892F808801F4608F1FF33DBB2EF2B054604
S2140359080E46144688B00BD982238DF80E303146DE
S21403591828469DF80E30204AFBF774FA012037E034
S2140359280E22002104A8E7F73BFCB4F809308DF8EB
S2140359381180ADF81230E37A03F07F02032A08D009
S214035948012B24D103238DF81030A389ADF8153025
S2140359580EE0032B14BF022301238DF81030E368EF
S214035968CDF815302369CDF81930237D8DF814301A
S214035978A7F121014A420DF10E034A41009321463D
S2140359880DF10F0304A8FAF793FD0028BFD10020F2
S21403599808B0BDE8F08100BF5B6404002DE9F04F52
S2140359A800241D7895B0CDE90201049223462246C9
S2140359B80120CDE90054404909F09CF8ADF81E00D3
S2140359C8F8B1A346264627460DF120090DF1380AF5
S2140359D8E4F72CFA5FFA84F8404516D83A460221CB
S2140359E8BDF81E00FFF78AFC32460421BDF81E00E8
S2140359F8FFF784FCDDE903100022BDF81E30FBF731
S214035A0801FA012015B0BDE8F08F4A4640460AA9B8
S214035A18FAF740FD9DF8282022B12DB1013DEDB2DD
S214035A280137FFB20134D3E7BBF1000FF8D199E889
S214035A3803009DF829308AE803008DF84030BDF846
S214035A482A30032A8DF841304FEA13238DF8423063
S214035A5817BF032301238DF843309DF82C30DDF858
S214035A683110DDF82D0014BF8DF84C308DF8433017
S214035A7811AB03C302980CBF4FF00E084FF015087E
S214035A8808F0FFF90590BDF81E000AF009FF05990E
S214035A9800EB080399420BDB0123424651460DF1FE
S214035AA81E00EFF76FFB0028ABD10136F6B2B7E757
S214035AB84FF0010BB4E700BF98AD040038B50546B0
S214035AC80D4B0E481C88EFF7F5FB012D0CD10C4B3C
S214035AD81C88FA21614358B1884209D28408012CEC
S214035AE8204638BF012038BD022D08BF0224F0E740
S214035AF802480AF0A5FFF2E73A590020FC450020C1
S214035B0838590020012208B5054B06481A700021AB
S214035B180AF096FFBDE808400020FFF7CFBF00BF96
S214035B285C620020FC4500201E4B73B51A8802F100
S214035B3808039BB2012B02D81B4B1B7823B902B070
S214035B48BDE87040EFF7CABB0024184B184D1C700D
S214035B58184B1C702B787BB14FF6FC73164E0093CC
S214035B68224623462146308808F0C9FB4FF6FD73C4
S214035B782C70338001200FE0104B10461978F4F789
S214035B8819FF0028F6D10C4B1A884FF6FD739A4274
S214035B98F0D0012302202B7002B0BDE87040FFF757
S214035BA88DBF00BF3C5900205C6200205F62002066
S214035BB85D6200205E620020365900206062002085
S214035BC8012808B50AD002280CD020B9084B18704B
S214035BD80848EFF783FB4FF0FF3008BDBDE80840E1
S214035BE8FFF790BF0020BDE80840FFF767BF00BF78
S214035BF85C620020FC45002002280CD859B1064AEE
S214035C0813780133DBB21370044A12789A4202D827
S214035C180220FFF7D5BF70475E620020616200204E
S214035C2838B5A0F61343012B04460D4615D80E4A7D
S214035C3813780133DBB213700C4A12789A420CD8E5
S214035C484FF6FD720A4B00201988914201BF0022C5
S214035C581D80084B1A70FFF731FF29462046BDE81A
S214035C68384004F084BE00BF5F62002062620020F2
S214035C78365900205D62002000234FF6FD71054A61
S214035C881370054A1370054A1180054A1370054AAE
S214035C98137070475F6200205E620020365900204A
S214035CA85D6200205C62002030B5094B02461B7813
S214035CB833B1084B084C19780023D8B2884201D36D
S214035CC8FF2004E0013334F823509542F5D130BD64
S214035CD8116D002064620020165900200022FF215F
S214035CE8044B05481A70054B1970054B1A78920031
S214035CF8E7F756BA646200201A5900206362002048
S214035D08116D0020F7B58DF807100DF1070104464D
S214035D1802F0D2FD234B1D78002D41D02046FFF715
S214035D28C3FF214EFF283178204B05D1204A10782F
S214035D3885422DD9451C1570884219D01C4A1B4D1F
S214035D4892F800C00022D7B2BC450CD92F4697F864
S214035D5803E00132864505F10405F4D102B203EBEC
S214035D688202D278FA7002B203EB8202D1703070E4
S214035D7802B203EB820123F82240FF228A709DF8C1
S214035D880720FF2A02D003EB8203987003B0F0BD06
S214035D980A46104603EB8202D278FF2AF9D1CBE7EC
S214035DA8FF20F3E7116D0020636200201A590020D4
S214035DB8646200202DE9F843FFF776FFFF280446C0
S214035DC869D04FF6FF72354F03B2DFF8DC80344EE6
S214035DD827F8232098F80050A54202D10020BDE8F2
S214035DE8F883337820B28100A34207EB800090F84B
S214035DF803E010D00023294A5FFA83F94D459446F9
S214035E0806D99CF803900133A14502F10402F3D1A5
S214035E188CF803E001E086F800E0013DEDB22A1BAA
S214035E28D2B2043192003944E7F70CFA88F80050E6
S214035E383378FF2B04D0A34224BF03F1FF33337018
S214035E4800214FF6FF70154BCAB2AA420CD30023A3
S214035E584FF6FF71134ADCB2AC42BBD2013332F8B9
S214035E6823008842F7D1B5E79A78A2420BD1188067
S214035E78DA78FF2A04D0A24224BF02F1FF32DA708E
S214035E8801310433E0E7FF2AF2D0A24224BF02F12D
S214035E98FF329A70ECE72D20A1E700BF1A590020BD
S214035EA8636200201659002064620020F8B51C4B74
S214035EB805461B78084673B3FFF7F6FEFF28044625
S214035EC829D02846FFF7F0FEFF2806D0154B164EB6
S214035ED81A780023D9B2914218D3FF212846FFF730
S214035EE811FFFF28014616D00546104F23B207EBCD
S214035EF8830237F823009678FFF704FFA84208BF03
S214035F08FF25FF2E214608D12846F8BD013316F88B
S214035F1823108142DED1FF25F6E73446E6E700BFC5
S214035F28116D002064620020185900201A590020B9
S214035F382DE9F04180460E461F46002386B001A889
S214035F4814469DF830508DF80330FCF74BF8ADF83F
S214035F5804802EB13368CDF806307368CDF80A305E
S214035F6838460AF081FC0DF103034219214601A8BD
S214035F7804F009FD9DF8033093B931464046E4F72B
S214035F8877F90E4B1B785BB10B2C09D8FF214046DB
S214035F98FFF7B8FE064605EB4404E4B2A54202D171
S214035FA806B0BDE8F0812946384608F046FD314676
S214035FB8FFF7A8FE02350646EDB2EFE7116D00209F
S214035FC800232DE9F3470DF107028DF80730044641
S214035FD80E4602F05CFC9DF80730054663B920467A
S214035FE8FFF762FE04465EB130880AF059FC5FFA92
S214035FF880F8FF2C45D10025284602B0BDE8F08777
S214036008B046F6E701320C2AF5D02DB207EB850524
S214036018AD78FF2DF6D112F0FF0AECD04FEA4A0509
S2140360280235EDB2002EE7D0304605EB080108F03E
S214036038C9FC0028DFD1524641463088FFF75EF98F
S2140360480AF1FF3208F1010108F102093088D2B2D9
S214036058C9B25FFA89F9FFF751F924B207EB84044A
S214036068A478FF2CC8D023B2494637F823203088B3
S21403607808F0F3FC0028BED109F102095FFA89F992
S214036088EBE725460022014FBFE700BF1A59002059
S214036098FF2818BF064B10B51BBF03EB800433F865
S2140360A820302D200B801EBFA3780020137010BD50
S2140360B81A59002008B5D1F7BDFCD1F7B3F800F09C
S2140360C822FAD2F7AFFCBDE80840D0F75FBE10B59A
S2140360D8044601880120D1F76DFDE3880BB9C82370
S2140360E8E38010BD37B50446D1F772FD658885424F
S2140360F80ED8A188E288814205D3431B5343491B24
S214036108B3FBF1F39AB280B240EA024003B030BD63
S2140361180022F8E770B50C46088800F04BF994F8A7
S2140361284430054683420FD004F11C06304600F07F
S2140361387CF984F8445000F07CF9618BA0643046FF
S214036148BDE8704000F06CB970BD38B5044690F8E9
S21403615844108378826CCB1A59425941D0F77CFE97
S214036168E37893B1257985B900F063F90346A26805
S214036178218A04F11C009C1A8C4236BF5218294601
S214036188D11ABDE8384000F04BB938BD09B100F064
S214036198FDB800F005B938B58388044603B3E37839
S2140361A80088A17804F10C05A3B10023B1FA81F1A4
S2140361B8E3704909FFF7EAFF4FF6FF72A3882189C0
S2140361C893421CBF03F1FF33A3802846BDE838403B
S2140361D800F026B90123E370FFF7D8FFE188F4E758
S2140361E838BD10B5044681780088FFF7CFFF012332
S2140361F8E3700023A38010BD10B581780446B1FA76
S21403620881F100884909FFF7C1FF0023E370A380E3
S21403621810BDFFF7F1BF70B50446054600262B46AA
S21403622855F8040B10B11B1B0C2B00DD70BD237C2B
S2140362388680002BF3D0637C13B1FFF7D2FFEEE71B
S214036248FFF7DAFFEBE7FFF7E6BF70B50446054648
S2140362584FF6FF762B4655F8040B10B11B1B0C2B79
S21403626800DD70BD8388B342F4D04FF4FA724FF65C
S214036278FF731146D0F744FEECE709B100F086B881
S21403628800F08EB810B50446C0600830D1F704FE97
S21403629821792088B1FA81F14909FFF7EEFFA3793E
S2140362A843B121796088B1FA81F1BDE81040490904
S2140362B8FFF7E3BF10BD00F0A9B80346184613F866
S2140362C8012B8A4201D0002AF8D1704710B53B212A
S2140362D804460068FFF7F1FF0022034603F8012B84
S2140362E82068236010BD10B540B1421E0A24002062
S2140362F812F8013F303BD9B2092900D910BD04FB77
S2140363080030F5E708B500F07EF808B540F2BA4263
S21403631800211020D1F7CAFB41F2E823584340F680
S214036328FF7300F2FF70B0FBF3F080B208BD50F8BD
S2140363380C3C23B150F8041C30F80E0C1847704771
S214036348084619B1FF21103002F09EB9704773B59D
S21403635805460E466DBA1446D1F7D4FCADF804507C
S2140363687EB1012C04D0032C09D00022012101E0C0
S2140363782246022101A8D3F715FC02B070BD0022FD
S214036388F7E7042132460DEB0100F4E707B540BAF8
S214036398ADF8040001A8D3F739FC03B05DF804FB95
S2140363A807B540BAADF8040001A8D3F75BFC03B001
S2140363B85DF804FB002307B540BAADF804000DF1F9
S2140363C8030101A88DF80330D3F778FC9DF8030082
S2140363D803B05DF804FB007800F0DF03552B07D005
S2140363E8642807D0663818BF4FF0FF30C0B270472E
S2140363F8012070470320704718B12D280CBF0120D1
S21403640802207047704708B501F030FD08B500F064
S2140364186FF8BDE8084004F07CBA50E90230184724
S2140364280A460830FF2102F026B9FF21083002F099
S21403643833B908B50AF0E9FDBDE8084009F0C8BA5B
S2140364482DE9F041044600274FF00C0E8F4202DB7D
S2140364580020BDE8F0812078904204D1002594F806
S2140364680780454502DB01370C34EFE70EFB05F6DC
S214036478D4F808C00CEB06003CF806609E42E8D049
S2140364880135EEE7F0B585B005460E461746D1F753
S21403649859FD0446A0B131462846D1F70BFD83784B
S2140364A83A46002BA36831460293A37828460193FD
S2140364B84FF0000300930CBF80234023E0F7ECF86B
S2140364C805B0F0BD08B51288D1F73CFD50B1027986
S2140364D8BDF80C309A4207D881680298E6F7B2FEF0
S2140364E8002008BD8620FCE78920FAE7D1F728BEF6
S2140364F8002004F092BA08B504F0FFFA002814BF87
S2140365080320002008BD704708B501F099FFFFF780
S214036518D1FDD1F781FE642003F048FE642003F022
S21403652844FE01F08FFFD0F75DFC08F07BFEF8E72A
S214036538F8B5D0E90176437B04460D4613B13346D6
S2140365483E461F46FFF775FF012D206438460ED1D9
S214036558D0F73CFD3046D0F75DFD257360784FF4E1
S2140365687F42BDE8F8404FF48171FFF78BBF022DD9
S21403657805D1D0F74FFD3046D0F728FDEDE7D0F725
S21403658849FD3046D0F746FD0025E6E738B5037BD8
S21403659804468B420D4607D190F844305BB3BDE8FA
S2140365A838404830FFF741BFFFF743FF216C431AD3
S2140365B8C72B0CD80123C83184F8455084F84430D7
S2140365C8091A04F14800BDE83840FFF729BF0DB1A2
S2140365D8237B2BB929462046BDE83840FFF7A8BFDA
S2140365E800212046FFF7A4FF0123C82184F845505D
S2140365F884F84430E5E738BD90F84510FFF7C6BF82
S2140366080121FFF7C3BF0221FFF7C0BF0021FFF731
S214036618BDBF4FF60173994210B5044602D1002157
S214036628FFF7B4FF2046BDE81040D1F795BF03290E
S21403663810B504462BD0007B30B9012903D00229B4
S2140366480CBF0120FF2010BD032A07D8DFE802F09D
S2140366580208101401291CD002291FD0FF20F2E7D4
S2140366680029FBD1B4F85C20012A12D0022AF4E7E9
S21403667804290ED00529F0E7042914D0052914D0D7
S2140366880029EBD1B4F85C20111F0129ECD80220AD
S214036698D9E75A1E534253415800D4E7022B0CBF7E
S2140366A802200120CFE70020CDE70120CBE730B555
S2140366B887B005460C46D1F731FD012820D11CB119
S2140366C8611E4B424B4158006B784FF480728DF82D
S2140366D804304FF48273ADF806304FF48173ADF887
S2140366E8083001238DF80B30002385F8900001A8A5
S2140366F8CDE903238DF80A408DF81430D1F746FD0B
S21403670807B030BD41680346C978027B99B98168EA
S214036718C97899B9002A08BF0321D1F7E1BF9B7B43
S214036728002B0CBF01210221F7E79B7B002B0CBF34
S21403673802210121F1E7012AF1D17047012AF4D198
S2140367487047042910B5044604D831B1BDE8104093
S214036758D2F74AB805290DD010BD037B5522002B66
S21403676808BF0321A0F85C1040781221FFF78AFEC1
S2140367782046EBE743681A8A83681A82E6E701230A
S21403678803730378013343734FF44073C3810323BE
S21403679803740023A0F85C3080F89030704710B577
S2140367A80446806BD8B1E278022A04D0636B5B791F
S2140367B872B984F83C3094F83C306BB1FFF711FD9E
S2140367C860784FF60272BDE810400621FFF75ABEFE
S2140367D8B3FA83F35B09ECE7FFF70EFDF0E710BDAA
S2140367E810B50446406BD0F7F1FB2046BDE81040D1
S2140367F8FFF7D5BF10B50446406BD0F70BFC204611
S214036808BDE81040FFF7CBBF10B50446406BD0F782
S21403681827FC2046BDE81040FFF7C1BF10B5044665
S214036828002206214078FFF72DFEA378022B01D01D
S214036838FF2B04D12046BDE81040D2F773B910BD2C
S2140368484FF60273994210B5044601D1FFF7A7FF26
S214036858E378022B02D02046FFF7A1FF2046BDE8C7
S2140368681040D2F75FB910B5D0F8A4407CB10379CD
S2140368781BB14079D2F716FA48B9A3883BB9322236
S2140368882046BDE8104001231146D0F739BB10BD9A
S21403689810B50446FFF7E7FFA278237982B913B148
S2140368A82046D2F725FA2046D2F762FA0323607801
S2140368B8A4F86C305522BDE810401221FFF7E2BD5C
S2140368C8012B02D12046D2F713FAA379012B02D162
S2140368D82046D2F74DFA0123E9E710B58378044634
S2140368E8ABB9FFF7C0FFA3788BB9237913B120465A
S2140368F8D2F71EFA2046D2F77FFA04236078A4F864
S2140369086C305522BDE810401221FFF7BBBDB4F822
S2140369186C30022B0DD02379032B02D12046D2F7F5
S214036928E7F9A379032B02D12046D2F721FA0023ED
S214036938E4E72046D2F7A2FAF9E7827883685AB9D9
S214036948DB78002B14BF03230423A0F86C305522EE
S21403695812214078FFF796BD1A7922B9DB78003BF7
S21403696818BF0123F1E70223EFE77FB500239E6AEA
S2140369780446B6F5C04F0D460CD201A8D2F72AFC3A
S214036988039B5B0506D529462046336C04B0BDE851
S2140369987040184704B070BD00239B6AB3F5C04F18
S2140369A805D21B6BB3F5C04F01D29B6818474FF44B
S2140369B8817070471FB500239A6AB2F5C04F04D397
S2140369C840F2011005B05DF804FB126BB2F5C04F38
S2140369D8F6D2012201A8CDE902338DF80420D2F7B6
S2140369E8F9FB039BDB03EBD5029B1A0EE8D0012ABF
S2140369F803D1C3F307430A2BE2D900239B6A1B6B15
S214036A081B6C9847DEE700230360704703680B6038
S214036A180160704710B538B132B129B10023013986
S214036A28D45C14B90023037010BD8B42FAD200F865
S214036A38014B0133F4E7034638B10020814204D002
S214036A481A5C02B970470130F8E770474FF0FF3118
S214036A58FFF7F1BF70B50C461646054660B15AB146
S214036A6851B1FFF7F3FF844206D9211A3246284468
S214036A78BDE87040FFF7CEBF70BDFEE7FEE7002314
S214036A889A4200D1704710B550F8234041F8234086
S214036A9801339A42F8D110BDD3F768B84369426CFC
S214036AA8D91C143AB1FBF2F103EBC1000330B0FB77
S214036AB8F2F00230704738B505460C46FFF7EEFF8E
S214036AC86A6CE31D143AB3FBF2F3013304EBC30415
S214036AD802FB004038BD38B5054644692146FFF732
S214036AE8EAFF6A6CE31D143AB3FBF2F3013304EBD3
S214036AF8C304204438BDF7B507460E4600257C6C0C
S214036B08A819644280EA06031C4003D02C46204694
S214036B1803B0F0BDFB6B01225B6901A99847019B93
S214036B280133F4D10435EAE770B505460C46D4F7C5
S214036B38F7FDEB6B2046BDE87040DB68184770B579
S214036B480025044686B00562E369AB4202D8206A8C
S214036B5806B070BD666C2068E36B05225B6901A905
S214036B6806FB0500984701A800F023FC00F046FC46
S214036B7810B1236A013323620135E5E738B50446C5
S214036B88456C006804F1400305FB0101E06B00F067
S214036B9842FC05462046FFF7D2FF284638BDF0B527
S214036BA80546002687B0EC69013CB44203D80C4678
S214036BB8204607B0F0BD01B14C1E6F6C2868EB6B1E
S214036BC805225B6901A907FB0400984701A800F0A2
S214036BD8F0FB00F013FC0028EAD121460136E2E771
S214036BE8F0B504460D46466CE36B006887B005228D
S214036BF85B6901A906FB0500984701A800F0D9FBC5
S214036C0800F0FCFB20B101A800F0AAFB07B0F0BD1A
S214036C1829462046FFF7C3FF0646676C2068E36BE2
S214036C2805225B6901A907FB0600984701A800F03F
S214036C3897FB431CEAD0B54238BF0130E6E72DE997
S214036C48F0434FF6FF79D0F8248004460E46C8452D
S214036C5814BF45460025002787B0E369BB4202D820
S214036C6807B0BDE8F083E26B2368606CD2F814C003
S214036C7800FB0530052201A9E04701A800F099FBAF
S214036C88022806D0C8450CD1721C29462046FFF7B1
S214036C9875FFE3690135B5FBF3F2013703FB1255BC
S214036CA8DBE729462046FFF79BFFB0F1FF3F14BFFB
S214036CB8024632460132E8E70368F0B5CC1A436C5D
S214036CC80646B4FBF3F4002587B0F36937685A1E03
S214036CD89542706C08D3706C336800FB043007B0B9
S214036CE8BDE8F04000F095BB0134B4FBF3F203FBB8
S214036CF81244F36B05225B6901A900FB04709847ED
S214036D0801A800F056FB00F079FB0028E3D1013513
S214036D18DBE710B423F0030422449B070A44436CBE
S214036D2818BF04325B4281EA0204234203D05DF8AB
S214036D38044BFFF7C1BF10465DF8044B70472DE9B7
S214036D48F041D0E90A369E42044686B028D114227A
S214036D58C369456802FB1355284606B0BDE8F081AB
S214036D682068676C331AB3FBF7F3E26B07FB030081
S214036D78D2F8148001A90522C04701A800F019FB20
S214036D88012804D0636C1D44013B3340ED1A314699
S214036D982046FFF791FF0646A36AB342E0D1DBE736
S214036DA80025F9E708B508301346D1E90012D4F7E9
S214036DB83DFC012008BD13B50C460021217600933F
S214036DC8616813462246D3F72BF818B1E37D03B15F
S214036DD8A07EA075A07D02B010BD73B5164600F15F
S214036DE808050C46284609680DF1070200F098F9CD
S214036DF8032E06D16368834203D12846216800F030
S214036E0876F9012002B070BDD01E009B4242424173
S214036E18187E824211D11A688A420ED85A688A4264
S214036E280BD35A6901325A61D3E9030282423FBF40
S214036E38986840F8221001321A610120704710B58D
S214036E48032A029C07D1A26A5340626C5242134239
S214036E5801D100F04CF9012010BD08B5C368002025
S214036E689847BDE80840D4F763BC012814BF04203C
S214036E78022070B5002442431C70CC7D101D02F01E
S214036E8802024CB91AB1012220F003001A7000F16D
S214036E9808034868184470BD1AB1012220F003009D
S214036EA81A7000230C7E01F12005DAB2A24201D340
S214036EB80020F0E735F833205E1C824206D901EB42
S214036EC8C30300F10802D8691044E4E73346801A7E
S214036ED8EBE773B5054690F842601C4630460DF15D
S214036EE80303FFF7C2FFEB6B012E5B690DD1324636
S214036EF801A998479DF8033013B1BDF806300193EE
S214036F08BDF80430236002B070BD0122214602B0EA
S214036F18BDE870401847F0B5054600244868EB6B93
S214036F2887B00E4601225B69029402A90830984787
S214036F38274695F84230012B40F0AC80632C00F2CC
S214036F48AB80612C08D805AB224631462846FFF7A6
S214036F58C0FF9DF814305BB305AB2246314628467E
S214036F688DF81070FFF7B5FF95F84230012B059B97
S214036F787FD14FF6FF72934256D0082205A904A87C
S214036F8800F063FA059B9DF81010C3F3072291429D
S214036F984AD1DBB2029A1A44029245E0DCD005AB2A
S214036FA8224631462846FFF794FFBDF81430D2E749
S214036FB895F84230012B39D1612C2ED8224631461A
S214036FC8284603ABFFF785FF3146284604AB621C09
S214036FD8FFF77FFF3146284605ABA21CFFF779FF6C
S214036FE8102208230DEB02010DF107008DF8073078
S214036FF800F02BFA102205A90DF1070000F025FA78
S214037008039BDAB24AB99DF80720B2EB132F04D1D3
S214037018DDE9043203EB0243029395F84230012B71
S21403702814BF012302231C44013482E7302CF4D80E
S21403703822463146284603ABFFF74BFF3146284620
S21403704804AB621CFFF745FF102320220DEB030158
S2140370580DF107008DF8073000F0F7F9039B9AB295
S214037068002ADAD19DF80720B2EB134FD5D1049B3B
S214037078D2E70133D8D0102205A90DEB020000F0A1
S214037088E4F9059B9DF81010C3F307429142CBD150
S2140370989BB27FE7312C81D9029807B0F0BD13B5B0
S2140370A800240194049C0094D3F796FB02B010BD09
S2140370B813B501240194049C0094D3F78DFB02B006
S2140370C810BD00234FF0FF3230B544689C4202D10E
S2140370D80023037230BD016801EBC30541F8332072
S2140370E86A600133F2E7C0E90012FFF7EABF00233C
S2140370F8F0B545689D4210D00468DF0054F8332085
S21403710804EBC306B2F1FF3F08D0C2F31302914261
S21403711804D14FF0FF33E3517360F0BD0133E9E761
S2140371280023F0B545689D4202D14FF0FF300EE0CC
S2140371380468DE0054F83340671C09D0C4F3130709
S214037148B94205D1240D1470036833445868F0BD5A
S2140371580133E8E7704770B59400224605460E46A5
S2140371680AF01AF9431C0AD058B92246314628466B
S214037178E6F762FB002814BF3D20002070BD6E2092
S214037188FCE77120FAE713B5044601A8D5F760FDB6
S2140371989DF8063023804FF480736380D5F772FD1D
S2140371A86060002002B010BDD5F7D2BC08B5D5F78D
S2140371B8BFFC002008BD10B5044644EA010313F0DB
S2140371C80303084609D1934201D1002010BD54F8A1
S2140371D8231040F823100133F5E721469200E6F71B
S2140371E86FF9F2E710B504460AF0DAF8431C10D034
S2140371F888B9D5F747FD234620F003002044984274
S21403720801D1002010BD53F8042B0132F7D03E20DD
S214037218F8E76E20F6E77120F4E7704713B5002306
S214037228044601461B220DF107008DF8073000F0CF
S2140372380CF922689DF80730B3EBD26F0CBF012018
S214037248002002B010BD13B50023044601462022D1
S2140372580DF107008DF8073000F0F7F80DF1070079
S2140372681A22211D00F0F1F862689DF80730B3EB87
S214037278926F0CBF0120002002B010BD0068431CAB
S214037288584258417047006810F07E0F0CBFC0F391
S214037298C160002070470068C0F3D31070470068C9
S2140372A800F07F0001288CBF002001207047036888
S2140372B813F07E0F14BF042008207047036813F0EA
S2140372C87E0F03D1406820F07C40704713F07800A7
S2140372D81CBF03F07F03D81F7047006800F07F00C9
S2140372E87047032809D0022803D1C1F10201C8B2A6
S2140372F8704700290CBF07200020704737B505469E
S21403730801F10C0443696946012220469847BDF8F3
S2140373180030012201932046AB6901A9984703B0C0
S21403732830BD37B501F10C044369012269460546A9
S214037338204698474FF6FF72009B99B291420DD1AB
S2140373486FF30F0343F4254343F0A5030193012288
S2140373582046AB6901A9984703B030BD0020FBE778
S21403736837B5044600251B22011D0DF107008DF8CD
S214037378075000F06AF860689DF80720B2EBD06FF4
S21403738803D120F0784003B030BD0DF107001B226F
S21403739804F108018DF8075000F057F8A0689DF827
S2140373A80730B3EBD06F01D1C043EAE74FF0FF30A5
S2140373B8E9E74BF29A22036810B5B2EB134F04467B
S2140373C813D19BB2012B13D1FFF7CAFF01300CD0A0
S2140373D84FF6FF72E068B2EB104F4FEA104309D13D
S2140373E880B2C01A18BF012010BD2368013303D02A
S2140373F80420F9E70220F7E70320F5E701288CBF06
S214037408002001207047033801288CBF0020012084
S2140374187047143070472DE9F041054698460369CE
S21403742808460E4617469847044638B943463A462A
S21403743831462846D4F7ECF9044618B131462846AF
S214037448FFF75CFF2046BDE8F0811F2A0B689EBF46
S2140374584FF0FF3191408B43590801F055315B1AC1
S21403746803F033319B0803F033330B44017803EB03
S21403747813130A444FF0013103F00F334B43A2EBC7
S21403748813620270704708B507F098FDBDE8084018
S2140374980021D4F7BBBB0029CCBF01210021D4F7B8
S2140374A8B5BB02214FF42070D4F786BE70477047E9
S2140374B80020D4F721BF0120D4F71EBF704770B54C
S2140374C8054614460E4609F0B4FC2B685C40344067
S2140374D85C402C60BDE8704009F0A6BC4369DB013C
S2140374E8FCD4012300F5005043607047022A10B508
S2140374F84FF0000405D9033A022A0CD90360047135
S21403750810BD11F4000218BF4FF07F4221F07F43ED
S21403751813430C0EF2E721F0FF03CCB2EEE730B4C8
S214037528012500F5805344685D60CB784D785B048D
S21403753843EA05230D7889782B43090401F480313F
S2140375480B43C0F89830E30702D430BCFFF7C6BF36
S21403755830BC704738B50C460546FFF7BFFF23789F
S2140375681146627803F0070343EAC203E278284623
S21403757843EA0223A278120102F0300213432B6770
S214037588EB6AA27923F48B3323F4807343EA02432A
S2140375982279120202F4E06213436279120302F4B8
S2140375A880521343EB62FFF7BAFF012305F58052B7
S2140375B85360E27902B1EB6038BD08B50A6FC96F4C
S2140375C802F00702FFF792FF08BD4FF050234FF46F
S2140375D800321A6770474FF0B0435A6812B19A6A76
S2140375E8002AFAD1704770B5054614460E4609F0C8
S2140375F820FC2B685C4034405C402C60BDE870403F
S21403760809F012BC0122417803788A4030214B43A3
S21403761842F2100103F1A04303F570335A50704742
S21403762821FA00F2D20730B5034600F0FC040FD562
S21403763800220132D2B2042A02D14FF0FF3008E00A
S214037648831803F00303234421FA03F5ED07F0D464
S214037658184630BD0020704700207047002070474A
S2140376680020704701207047012070470F2070479D
S214037678E6F704BC00207047FFF7FCBF00207047FE
S21403768870470020704700207047C3681944836812
S21403769853F8210030F8023B13607047012310B5F6
S2140376A880F888300378044653B100F061FA21461F
S2140376B82046D5F74BFE2046BDE8104000F04DBAED
S2140376C810BD38B50D460446D5F728FE6B68204628
S2140376D8C4F8B032A96800F096F94FF0FF33204695
S2140376E8C4F8B432FFF7CDFF38BDD0F8B43210B5BE
S2140376F80133044601D0002010BD00F0BCFAC4F8DC
S214037708B4020130F7D194F8B80280F00100F3E729
S21403771808B5D5F73FFE08BD0A7801382D2A0ABFF3
S214037728012200228918D5F791BE07281BD8DFE85F
S21403773800F0060A0D1013150417012070470022DF
S2140377480820D5F783BE00221020FAE7002220205F
S214037758F7E70820FFF7E0BF1020FBE72020F9E74C
S2140377680846D5F7D5BE002070472DE9F743072806
S2140377780C46DDE90A7690461D4608D801380628E1
S2140377880AD8DFE800F01D27303A44574A00212874
S21403779850D003B0BDE8F083002220461146E5F733
S2140377A8CBFC3368C0B205EB83013A6845F823007F
S2140377B8013348F8221033603B6801333B60E8E73F
S2140377C8002220461146E5F7B7FC336880B205EB7E
S2140377D88301EAE7002220461146E5F7ADFC336845
S2140377E805EB8301E1E7002220461146E5F752FE42
S2140377F8336840B205EB8301D7E7002220461146DB
S214037808E5F748FE336800B205EB8301CDE70022AF
S21403781820461146E5F73EFEE1E7002389461E4665
S2140378281D468DF8063019F8013F7D2B06D12570C5
S2140378382D0A65703B6848F82340BDE7202BF2D035
S21403784806F00102013612B98DF80430EBE7102270
S214037858002101A88DF80530E5F71CFE63190135EC
S2140378689870ADB2DFE72DE9F04F9B46002385B04D
S2140378788B45814688469246CDE902336BDC1A4629
S2140378881E4619F80340212C09D81F2C04D8103C8F
S214037898072C98BF012200E001260133F1E7FF2CED
S2140378A8FBD15B4436B1013B43450ADD2B2005B0CB
S2140378B8BDE8F08F62B1013B4345F7DC35463746F2
S2140378C802E000252F462E46454504DB0020EEE75A
S2140378D89845F3D0EAE75D453BDB19F80730202BDC
S2140378E818D109EB07035B78FF2BDFD1CEB9204607
S2140378F85AF82510FFF719FF78B303AB019302ABC9
S21403790800932046DDE90E235AF82510FFF72DFFCE
S2140379180135D9E7212B0ED109EB07035B78FF2B3B
S214037928C4D1029B5AF825200E99012641F8232034
S21403793801330293ECE7A3F11004072C02D91C4683
S2140379480137D3E709EB07035B78FF2BAED1E4B225
S214037958CCE70624CAE72120A9E72620A7E72DE9CE
S214037968F04F07460E4615469846044685B0DDF89A
S2140379784490DDE90FAB206808B3DAF80020D8F89E
S21403798800108A421BDA0E9B53F82210D2F722F80D
S21403799848BBDAF800200132CAF800206268117B77
S2140379A8FE291BD10E9B1068012100932A464346E5
S2140379B8CDE902B9CDF804A0FFF7D1FF04462B782A
S2140379C843B999F800302BB97EB101233C4689F8B0
S2140379D800302B70204605B0BDE8F08F01238BF8E6
S2140379E800302B70EBE70C34C5E73446F2E710B5E6
S2140379F80446236803B910BD237A13B92046D5F77E
S214037A08BDFD0C34F5E710B541B10A7932B9012446
S214037A189C300C71FEF7FAFF204610BD0020FCE7E9
S214037A282DE9F041BAB005460AAA084603A900F0AC
S214037A385FF90446B0B90DF10A0301930DF10B0380
S214037A488DF80A0000930AAA284604AB03A9D5F7BB
S214037A5845FF9DF80A20B2B19DF80B2048B12AB11C
S214037A68D5F78CFD20463AB0BDE8F081FFF7BFFF97
S214037A78F8E7D5F89C50002DF4D0A86808B1FFF7AE
S214037A88B6FF2D68F7E700B346681AAB06F10C088D
S214037A982AAF01934046049B039900970AAAFFF767
S214037AA8E2FE04460028DDD1039B05A8CDE9063788
S214037AB8049B0595CDE90838D7F700FA05A8336877
S214037AC8984705A800F03FFDCCE72D24CAE710B574
S214037AD80446AC30E5F760FA04F1AB031A18002045
S214037AE8934200D110BD13F8011F0029FAD00A29C2
S214037AF808BF0130F4E70023F0B50B6013600646B1
S214037B08D0F8AC0278B196F8AC0060B1012406F15F
S214037B18AC07D6F8AC02844210D306F1AC00B3F532
S214037B28007F10D30120F0BD0D6801350D60156880
S214037B3801351560F85C01330A2802D0B3F5007FD7
S214037B48F2D30134E5E7C15C0A29EBD00029E9D072
S214037B581168013301311160E1E710B50021D0F84F
S214037B688C200446E5F71CFB0023C4E9243310BD28
S214037B7873B5044600F1AC0580212046FEF75BFF8B
S214037B884FF4007106462846FEF755FF0136C0F542
S214037B980070864220461FD8E5F7FEF906462846B3
S214037BA8E5F7FAF901362946421CA819E5F74AFB10
S214037BB82046E5F7F1F9214602462846E5F780FC14
S214037BC82046E5F7E9F90A23204480F8AC30002379
S214037BD8C4F8AC3202B070BDFFF779FF01AAC4F847
S214037BE8AC0269462046FFF786FF0022009B234423
S214037BF883F8AC20C0E773B50D460446FFF767FF66
S214037C086B1C19D1D4F8AC3213B1013BC4F8AC32AF
S214037C1800252046E5F7C0F9A84215D82046FFF701
S214037C289CFFD4F8AC322BB16946204601AAFFF76D
S214037C3862FFA0B902B070BD012DFBD1D4F8AC32F7
S214037C488342F7D20133E1E7082000F023F8202027
S214037C5800F020F8082000F01DF80135D9E7009D4C
S214037C6804F1AC06019BAB42E4D9715D2046D5F717
S214037C7863FF0135F6E707B500200DF1070100F0AD
S214037C88E7F820B99DF8070003B05DF804FB4FF04A
S214037C98FF30F9E710B5C1B20446002000F0C8F873
S214037CA800280CBF20464FF0FF3010BD0FB407B5B1
S214037CB804AA52F8041B00200192D6F7E1F8002024
S214037CC803B05DF804EB04B0704710B54C1C0B46C4
S214037CD80119045D222C03D07B2C01D05C2C05D122
S214037CE8D21A1844E5F7AEFA012010BD0020FCE7C7
S214037CF82DE9F047054691468846E5F74DF92A46A5
S214037D0806461346197801322029FAD0C9F80030F6
S214037D185C1B01236FF0404AC8F80030A64201D81E
S214037D28002014E02F5D29197B2F12D0222F2ED185
S214037D38D8F80030621C53442A4449F82320012CFF
S214037D4809D911F8013C13F0DF0F04D02120BDE850
S214037D58F0877D27F3E701342B5DBB4209D12B1946
S214037D685B7813F0DF03F1D1222F00D12B550134B2
S214037D78D4E75C2B07D1324621462846FFF7A5FFF2
S214037D880028E3D0013E0134A642E5D8DEE75C2F9F
S214037D9808D1324621462846FFF797FF0028D5D054
S214037DA8013EE4E7202FE2D10022631CB3420A70A7
S214037DB8DDD2EA18EB5C202BD9D0D8F800300F2B8D
S214037DC805DC49F823200133C8F80030CFE71E2026
S214037DD8BDE700F000B800207047D1F7E9BD70B5DD
S214037DE80C46154610B9D6F73FF838B143682BB199
S214037DF82A462146BDE8704000681847232070BD10
S214037E08F7B50D4616461C4638B9D6F72DF804B905
S214037E1801AC20B9232003B0F0BD03B901ACC76891
S214037E28002FF7D02346324629460068B847F2E7BC
S214037E3807B501228DF807100DF10701FFF7CFFFED
S214037E4803B05DF804FB0B4601461846FFF7F0BF80
S214037E5800230122FFF7D4BF08B509F077F8FA2301
S214037E68B0FBF3F080B208BD0420704740F201600F
S214037E78D6F7F0B87047012070470020704749BA14
S214037E8889B280EA0103C3F303125340180380B28E
S214037E9858405B0103F4FF535840704708B5D6F7BC
S214037EA8DBFC58B1A0F15903042B06D8042B04D8DD
S214037EB8DFE803F00404040304005C2008BDD6F7D7
S214037EC80DBE7047F8B50C468D1807355242154057
S214037ED8A5F108070646384600F0DFF9A188381BDF
S214037EE8628801EBE00189B2A2EBE00225F8041CE4
S214037EF825F8062CA288C310AAB1A4EBC202B2F8CE
S214037F0802C0D18003EB0C015180E28892B1D31AE8
S214037F189BB204EBC20425F8023CA380B36803446F
S214037F28B3603846F8BD15F8082C42F0020205F887
S214037F38082CEAE725F8022CF0E72DE9F04F4FF076
S214037F48000887B09946531C109B0546174614BF6E
S214037F5814460824CDF81480002B00F0C580C3F817
S214037F680080002900F0C28042688A4240F2BE8040
S214037F78073121F0070608F069FF05AACDE9008254
S214037F8882463A464B463146284600F08AF9059F0C
S214037F98834607B130B9504608F053FF192007B097
S214037FA8BDE8F08FB7F8028029694FEAC802C0EB2C
S214037FB8C8080139B8F1270F29617AD9B9F1000F32
S214037FC851D1864206F1080848D022463946284643
S214037FD8FFF778FF04460590059B9844404600F053
S214037FE85CF9059906F10F004A88C308A2EBD0028C
S214037FF8A8F80220CA88A8F80430002A30D0D31A72
S2140380089BB201EBC202A8F8063093808B88F60869
S214038018A380B8F804303A46E3804146002328464E
S214038028668000F0A6F9AB680833AB60237843F0A4
S214038038010323702B6901332B616288AB685046B2
S21403804803EBC203EA68AB60934288BFEB6008F0B1
S214038058F8FE109B083400201C60A0E73C46BBE7EC
S214038068A8F80620D2E707EB08042046039200F098
S21403807814F90BF10703DB080599638008F1070376
S214038088DB08A380CB8893B1DB00039AD81D821A3A
S2140380985A44C2F3CF020B44E2809A80A38808F1BD
S2140380A8FF384FEAD808A1F80280CB80BBE7E38005
S2140380B8F4E7B9F1010F1BD107F10803B3FBF4F298
S2140380C804FB1233B3B1224639462846FFF7FAFEB5
S2140380D8044623783A4643F00103237021460123D6
S2140380E8284600F046F9A8E7222058E7212056E755
S2140380F88642E8D13C46ECE707B500224FF0FF314D
S21403810801AB0192D6F72AF9019803B05DF804FB90
S2140381182DE9F74F04460D46002900F0AB80D0E959
S214038128056808F093FE15F8087C35F8061CFB0767
S214038138009000D531B9009808F083FE012003B0FB
S214038148BDE8F08FA368D4F8109035F804ECA3EBD9
S214038158C10B09F10103A5F1080C4A1CC4F808B0C1
S2140381682361BEF1000F7BD0ACEBCE03D888B3F8FF
S21403817802A00190187807F00207C00765D4002FFD
S21403818864D10198A0EB0A07012F69D18A1CABF1C9
S21403819808075244C4F81090A76035F802ECBEF1FD
S2140381A8000F61D0D4E900700CEBCE0A07EB000988
S2140381B8CA4559D21CF83EC057461CF0010C15D1C7
S2140381C8AEEB0101012911D1BAF80210AAF802C0D0
S2140381D801310A44BAF80610002943D00AEBC1074E
S2140381E8216901392161A1680839A16015F8081CBD
S2140381F8013A21F0010105F8081C002125F8061CA0
S2140382085A801A7861F300021A707FB3C3F1070223
S2140382183A44C2F3CF02DA80BA804EB3B34227D3C6
S2140382287288002A08BF1E46B8F1000F06D04345D9
S21403823804D8B8F80220002A18BF43460098C4E9B1
S214038248056308F0FEFD002079E74FB115F8087CB2
S214038258724427F0020705F8087C00279F809CE7EE
S21403826863469AE70F46BBE70027BFE7DF80D4E7F6
S2140382781E46D9E7222062E710B50446D6F786F8E5
S2140382882146BDE81040FFF743BFFFF7F5BF084692
S214038298FFF732BF0846FFF7F8BF002303604360C3
S2140382A87047F0B5D0E90554561C08BF0822002BC2
S2140382B84FF0000008BF2C46DDF818C0CCF80000C5
S2140382C8002C37D09DF814706588FF0007EBC505AA
S2140382D8C2F1000E2078C00708D51BBBE088A0B102
S2140382E804EBC004658807EBC505F3E78D42F4D3B2
S2140382F863B904F10806B6FBF2F002FB10667018C1
S2140383080EB1A842EAD8CCF80040F0BD082A0FD030
S2140383186088013004EBC000461A06EA0E06801B86
S2140383288542F0D2A0880028EFD0A4EBC004D9E792
S2140383380846E8E72046E8E703460069C0B10AB9F5
S21403834851B91A6810460378DB0711D531B9C388C3
S2140383585BB100EBC300F6E79A69F3E7012904D19A
S214038368838823B1A0EBC300EDE7002070471846C7
S21403837870472DE9F041D0E9055407468846164666
S214038388ABB1954200D00ABB424600213846FFF7F8
S214038398D3FFB442054600D02EB9424601213846DB
S2140383A8FFF7CAFF0446C7E90554BDE8F0819542BE
S2140383B808D08D4228BF0D46B44205D0444538BF81
S2140383C84446F0E70D46F7E74446ECE79442EAD11D
S2140383D8E3E770B500261C46C3E90001C3E9026655
S2140383E8C3E905001E611A775E62FFF756FF236925
S2140383F80139C908013341802361A368304608332D
S214038408A360E3680833E36070BD002307B56846D6
S21403841800938DF80430D4F701F803B05DF804FB35
S21403842810B508F006FD044606F036FE2046BDE8FD
S214038438104008F0F9BC70474FF4C870D6F72EB84A
S214038448D6F716B900F01CB87047704708B503F09E
S2140384588FFA03F097FA03F09EFA03F0ADFABDE835
S214038468084003F0BABA704708B503F07CFA03F07D
S2140384787BFA03F07AFA03F07AFAFFF7F4FF08BDFB
S21403848808B503F0ABFA03F0AAFA03F0AAFABDE8B4
S214038498084003F0ADBA7047012070472DE9F34151
S2140384A812F001050446884622D110F0030525D1AB
S2140384B82F465208BA4209D1D4F73AFB0026B742E8
S2140384C804EB860008D1D4F743FB11E054F82730B1
S2140384D801330CD10137EDE7042258F826300DEBAB
S2140384E80201019308F058FF30B1D4F731FB3D255C
S2140384F8284602B0BDE8F0810136E0E70125F7E734
S2140385087047B0F1006F0FD300F07843B3F1006FF4
S2140385180CD000F06040B0F1404F09D0B0F1604F86
S21403852814BF0420032070470020704701207047BB
S21403853802207047002070471AB111B180B2D6F7EF
S214038548CDBA2120704701F094BEDFF77DB9FFF757
S2140385588DBCD0E9023253F8223000211878DEF7B2
S214038568C5BD704702F0D5B901F015BEC368826869
S214038578013BDBB252F823305B78652B02D100202F
S214038588E1F704B96E2B01D10120F9E7662B01D177
S2140385980220F5E7704710B5D0E90232044653F8CF
S2140385A82230187802F09FFAE368A268013352F87B
S2140385B82330BDE81040187802F093BA10B5044685
S2140385C8C0B2D7F759FC200ABDE81040D7F754BC09
S2140385D8D0E9023253F822301878D7F755BD02F09F
S2140385E832BADFF7D1BD08B501F0F6FEBDE808409C
S2140385F8E0F7BABFD0E9023253F82230186801F020
S214038608E9BE0020E1F7B6B80120E1F7B3B80221C6
S214038618D7F7D0BC0321D7F7CDBC0521D7F7CABCFB
S21403862808B501460C20D7F7A1FCBDE80840D7F7E4
S2140386382FBC08B501460020D7F798FCBDE80840CC
S214038648D7F726BC07B5C2688368043253F82230C6
S21403865801211B880DF10602ADF806300023D8F772
S2140386682DFA03B05DF804FB08B508F083FCBDE8F3
S2140386780840EDF71DBB10B51446D8F73BFD214659
S214038688BDE8104008F0DCB908B5D8F733FDBDE8F7
S2140386980840002108F0D4B908B5D8F72BFDBDE883
S2140386A80840ECF71BBE08B5D8F724FDBDE808401C
S2140386B8ECF700BE7047704708B508F05BFCFFF799
S2140386C8FAFF03F0EFF9BDE80840D8F75FBD704737
S2140386D8012070470120704708B5D8F7F3FD002836
S2140386E80CBF0420012008BD70472DE9F34104465A
S2140386F80D4616461F46DDF8208008F0D3FC3B4699
S214038708324629462046CDF8008003F0CCF93B468E
S214038718324629462046CDF80080FFF7E5FF02B02B
S214038728BDE8F04101F0A5BD2DE9FF4704460D4617
S21403873816461F46BDF830809DF83490DDF838A0FD
S21403874808F0B0FC3B46324629462046CDE9019A56
S214038758CDF8008001F040F804B0BDE8F04701F01A
S21403876888BDF8B504460D4616461F4608F09AFC1B
S2140387783B46324629462046DEF7F2F9044601F020
S21403878878FD2046F8BD70472DE9F34104460D46AB
S21403879816461F46BDF8208008F084FC3B46324642
S2140387A829462046CDF8008003F080F93346424632
S2140387B8294620460097FFF7E6FF02B0BDE8F041DA
S2140387C801F057BD704708B508F06CFC03F06FF965
S2140387D8FFF7F8FFBDE8084001F04BBD01207047DE
S2140387E82DE9F74304460D4616461F469DF828907E
S2140387F808F058FC3B46324629462046CDF80090FA
S214038808FFF7ECFF80463B46324629462046CDF81E
S214038818009003F04DF901F02CFD404603B0BDE887
S214038828F083012070472DE9F74304460D461646A4
S2140388381F469DF8289008F035FC3B4632462946E5
S2140388482046CDF80090FFF7ECFF80463B463246BD
S21403885829462046CDF8009003F02BF901F009FDD0
S214038868404603B0BDE8F083F8B504460D46164601
S2140388781F4608F017FC3B4632462946204603F0B7
S21403888819F9BDE8F84001F0F4BC00207047F8B5C4
S21403889804460D46164608F005FC32462946204689
S2140388A8FFF7F3FF074632462946204603F003F947
S2140388B801F0DFFC3846F8BD38B504460D4608F027
S2140388C8F1FB2946204603F0F7F8BDE8384001F0E7
S2140388D8D0BC10B5044608F0E5FB204603F0EDF8D7
S2140388E82046FDF703FEBDE8104001F0C2BC704702
S2140388F838B504460D4608F0D5FB2946204603F04E
S214038908EBF829462046FFF7F2FFBDE8384001F0AA
S214038918B0BC704770B504460D46164608F0C2FB51
S21403892832462946204603F0D9F8324629462046D9
S214038938FFF7EFFFBDE8704001F09BBC704738B502
S21403894804460D4608F0AEFB2946204603F0C8F851
S21403895829462046FFF7F2FFBDE8384001F089BCF8
S21403896870472DE9F34104460D4616461F469DF803
S214038978208008F097FB3B46324629462046CDF82A
S214038988008003F0AFF83B46324629462046CDF82A
S2140389980080FFF7E5FF02B0BDE8F04101F069BCCF
S2140389A8704738B5054608F07DFB284600F0E1FE1B
S2140389B804460146284601F0AAFF01F05AFC204661
S2140389C838BD38B504460D4603F08DF829462046CB
S2140389D8FFF7E6FF38BD704738B5054608F062FB73
S2140389E82846DEF7DDFE04460146284601F08DFFDD
S2140389F801F03FFC204638BD38B504460D4603F063
S214038A0873F829462046FFF7E6FF38BD704710B5CA
S214038A18044608F047FB204603F067F82046FFF7AE
S214038A28F5FFBDE8104001F024BC704738B504468E
S214038A380D4608F037FB2946204603F057F8294623
S214038A482046FFF7F2FFBDE8384001F012BC704736
S214038A5870B504460D46164608F024FB32462946EA
S214038A68204603F044F8324629462046FFF7EFFF30
S214038A78BDE8704001F0FDBB704738B504460D46A7
S214038A8808F010FB2946204603F032F8294620460C
S214038A98FFF7F2FFBDE8384001F0EBBB704738B587
S214038AA804460D4608F0FEFA2946204603F021F848
S214038AB829462046FFF7F2FFBDE8384001F0D9BB48
S214038AC8704710B5044608F0EDFA204603F012F88E
S214038AD82046FFF7F5FFBDE8104001F0CABB704714
S214038AE810B5044608F0DEFA204603F004F82046DC
S214038AF8FFF7F5FFBDE8104001F0BBBB70477047B2
S214038B0870B504460D46164608F0CCFA3246294692
S214038B18204602F0F3FF324629462046FFF7EFFFCA
S214038B28BDE8704001F0A5BB704710B5044608F0D1
S214038B38B9FA204602F0E3FF2046FFF7F5FFBDE843
S214038B48104001F096BB704738B504460D4608F04A
S214038B58A9FA2946204602F0D3FF29462046FFF7FE
S214038B68F2FFBDE8384001F084BB7047F8B5044609
S214038B780D4616461F4608F095FA3B4632462946E2
S214038B88204602F0BFFF3B46324629462046FFF7FB
S214038B98ECFFBDE8F84001F06CBB704770B50446BF
S214038BA80D46164608F07EFA32462946204602F057
S214038BB8AAFF324629462046FFF7EFFFBDE8704076
S214038BC801F057BB70472DE9F34104460D46164698
S214038BD81F46DDF8208008F065FA3B4632462946EC
S214038BE82046CDF8008002F08FFF3B4632462946E2
S214038BF82046CDF80080FFF7E5FF02B0BDE8F04158
S214038C0801F037BB0E2070470E20704738B5044670
S214038C1808F048FA2046FFF7F7FF0546204602F015
S214038C2874FF2046FFF7EEFF01F023FB284638BD06
S214038C38704710B5044608F035FA204602F066FF7A
S214038C482046FFF7F5FFBDE8104001F012BB0020F1
S214038C5870470020704738B5044608F023FA2046C4
S214038C68FFF7F7FF0546204602F051FF2046FFF7B9
S214038C78EEFF01F0FEFA284638BD704708B508F03F
S214038C8811FA02F045FFFFF7F8FFBDE8084001F0C8
S214038C98F0BA002070477047704708B5D8F7E4FB6A
S214038CA800280CBF0420012008BD70470B68DA7B38
S214038CB81AB9DB7C0BB9D8F7FBBB8120704708B51C
S214038CC8D8F70EFCBDE80840D8F718BC7047D8F7A5
S214038CD807BCD8F713BC082808D84FF48B73C340CF
S214038CE813F0010F0CBF2120002070472120704786
S214038CF80121D8F7F5BC0221D8F7F2BC0421D8F72E
S214038D08EFBC0821D8F7ECBC1021D8F7E9BC012042
S214038D187047D0E9023253F822301878D8F78CBE59
S214038D280868C37B1BB9C37C0BB9D8F7B5BE8120CB
S214038D387047D0E9023253F822301878D8F7EEBED7
S214038D48704730B50546044615F8100B85B00295EE
S214038D5865691D44CDE900250B46A21D618801F00F
S214038D6836FE05B030BD704710B492F80A4192F843
S214038D78053103EB04230B8100235DF8044B1A46E5
S214038D8801F023BE1FB50446084671B12178FF29B2
S214038D980BD0238B029363690193237C0093628829
S214038DA8A31DDEF719FDFF23237004B010BD086862
S214038DB8C37B73B9C37C032B0BD8DFE803F0020825
S214038DC80406D9F7ABB9D9F7DBB9D9F70BBAD9F78C
S214038DD8B9B98120704770477047002070471378E9
S214038DE810B5032B0CD15479CBB29C4208D1937996
S214038DF8B3EB112F04D153781B1A5842584110BDB0
S214038E080020FCE77FB505460E4600246946E0B217
S214038E1801F083FD28B96A4631462846FFF7DFFF87
S214038E2818B90134202CF1D1002004B070BDFFF727
S214038E38E9BF0868C37B9BB9C37C052B10D8DFE85A
S214038E4803F0030D070B0905D9F770BAD9F7ACBCBD
S214038E58D9F706BBD9F758BCD9F7D6BBD9F7A8BAFA
S214038E68812070470020704730B5102587B001AAC7
S214038E7800210195FEF709FC04462A46002102A8AC
S214038E88E4F78EF92A46214602A8E4F7DBF901211E
S214038E9802A8D9F767FE07B030BDD9F7F5BD704706
S214038EA8FFF7FDBF0B68DA7B5AB9DB7C012B04D0CE
S214038EB8022B04D02BB9DAF779BADAF783BADAF7DA
S214038EC88DBA81207047002307B5012101A80193B5
S214038ED8D0F7A2FB08B9D0F793F9012003B05DF8E1
S214038EE804FB08B502F06EFA052803D0003818BF4D
S214038EF8012008BD0220FCE77047D0E9023253F888
S214038F0822301878003818BF0120DBF7E7BDDBF7F7
S214038F18EBBD00207047002070477047FF2070475E
S214038F28FF207047002070470020704700207047D6
S214038F38704706207047DBF78FB80868DBF768BD0D
S214038F4870B50D46044600212846164601F076F904
S214038F58324620800221284601F070F932466080A6
S214038F680421284601F067F90023A360E3606060E4
S214038F78082070BD034641B181424FF0640005D90D
S214038F884343B3FBF1F0C0B2704708467047DBF7BC
S214038F98B9BDDCF7AFBBDCF7B7BCB0F5807F05D04F
S214038FA8A0F500735842584140017047082070479F
S214038FB830B599B00D4669461446DCF709FC30B956
S214038FC815B1BDF802302B600CB10D9B236019B0A8
S214038FD830BD2DE9F04788B00E46904604A905AA89
S214038FE807461D46FFF7E4FF044638BB28800DF105
S214038FF80C09DDE904A39A4520D2062251463846D1
S214039008CDF8009006ABDCF7FFFBD8B9039B062B1D
S21403901818D12A88DDF81A3042450ED2BDF8181042
S21403902826F832102A8806EBC20253602A8853446D
S214039038013206332A800493DBE7F7D9204608B0C3
S214039048BDE8F0870124F9E72DE9F0438FB00F4612
S214039058904601A9002204469946FFF7A9FF18B1CE
S21403906801200FB0BDE8F083062220460DF1020367
S21403907802A9FFF7AEFF0028F2D105460246BDF85F
S2140390880210019CEEB28E42EAD20EAB03EBC60682
S21403909856F82C3C36F8306C0634BE4217BFE41834
S2140390A8012213460022013522B1C8F80040C9F848
S2140390B80030D6E71A46E5E770B50024012602F025
S2140390C85BF9E5B2C26806FA05F59542234604F14C
S2140390D80104F4D3D8B270BD70B586B0DCF7C6F910
S2140390E800F11006E1F7BAFD00240546142201A98B
S2140390F8301902F048F91CB99DF80430FF2B16D036
S214039108002303F118026A4412F8142CFF2A06D126
S2140391181C44601E90FBF5F080B206B070BD2B446D
S214039128DBB2132BEDD91434B4F5826FDED14FF0CE
S214039138FF30F2E7DBF7D0BF07B504220DEB0201D9
S21403914802F021F9019803B05DF804FB37B505462C
S21403915808460C46FFF7F0FFA84206D0042220462E
S2140391680DEB02010195E1F7CBFD03B030BD07B562
S2140391780B460092002102460120DCF73FF803B0B5
S2140391885DF804FB08B50121DBF770FFBDE808406E
S214039198E1F762BFDCF7AEBA08B5FFF7F3FF0020C6
S2140391A808BD08B513460A4601461846DCF7BAF85A
S2140391B880F00100C0B208BD00207047704708B1B0
S2140391C8DCF7B8BB704730B4DDE902451DB102943D
S2140391D830BC00F0C6B930BC70471F2804D8142228
S2140391E800F5A030D5F744BD70471F2804D81422CD
S2140391F800F5A030D5F768BD7047152808B505D122
S214039208FFF7DCFFBDE80840DCF7DABC08BD10B59D
S214039218142486B02246002101A8E3F7C1FF2023C1
S214039228224601A94FF4A03001F095FC06B010BD04
S2140392380020704713B500230C461A460146CDE9AD
S2140392480033E0B2DDF780FA02B010BD13B5002391
S2140392581446019001220093E0B2DDF775FA02B0D6
S21403926810BDD0E9023253F822301868DDF7E4BBA4
S214039278194491420ADC4218002003B9704712F8D1
S214039288011D013B01EB0020DBB2F6E70020704727
S2140392982DE9F04F4FF0000A85B0019381460F463B
S2140392A815465346019A11785FFA8AF2914203D813
S2140392B8002005B0BDE8F08F019909EB050801EB1E
S2140392C84202517892F802B011F04004009101F07E
S2140392D83F061BD0AC19BC42D4BF00240124334636
S2140392E86400A20740F18880009B1B0640F1928029
S2140392F80E9B324603EB0B000021E3F751FF3D4676
S21403930800231D44ADB20AF1010ACBE7042E07D8A1
S21403931866B1B31E022B0BD8DFE803F01221300028
S2140393283E2E37D03F2E5BD03D2E4BD00320C0E7D2
S214039338BD4234BF00240124012664003346D0E727
S214039348AB1CBB4250DC02233A4629464846FFF785
S2140393588FFFADF80A0002230DF10A08C1E7EB1CDC
S214039368BB4243DC03233A4629464846FFF780FFB9
S2140393780390042603230DF10C08B2E72B1DBB420A
S21403938836DC04233A4629464846FFF771FF03901E
S2140393980423F0E77A1E95422CDA02233A46294636
S2140393A84846FFF765FF4FF6FF7380B298420EBF35
S2140393B80223023083B25C19A742B4BF03240124F4
S2140393C804268EE7BD4215D298F80030FF2B0CBF53
S2140393D801230133EC18BC42CCBF03240124EFE776
S2140393E80124042600237CE73446B4E70224C0E7B6
S2140393F80224CDE70324E3E70E9A02EB0B0014B12D
S21403940842F80B807DE7324641460093E4F758F866
S214039418009B76E702204CE710B5144686B0188101
S2140394281A460A9B0291CDE9034301230193099B3C
S214039438014600930320BDF82030DDF71BFC06B079
S21403944810BD1FB500240294079C0194BDF818406C
S2140394580094FFF7E1FF04B010BD2DE9F0410E4676
S2140394681746054686B098B391B38AB34FF00008FB
S21403947802A95FFA88F001F050FA044640B99DF84D
S2140394880830032B08D008F10108B8F1200FEFD1F4
S214039498204606B0BDE8F0819DF809202B799A424C
S2140394A8F1D1BDF80A206B889A42ECD19DF80C30AE
S2140394B8BDF80D006B7128812B4622464FF6FF71C7
S2140394C8CDE90067FFF7BDFF0028DCD00446DFE7D9
S2140394D82124DDE710B586B00A9C04949DF8244041
S2140394E80394BDF8204002940124CDE900341346C2
S2140394F80A4601460620DDF7BDFB06B010BD1FB5BC
S21403950804460846194600230094CDE90123079B21
S214039518BDF81820FFF7DEFF04B010BDF0B502282B
S21403952805460E4614461F468BB00AD106A9F0B266
S21403953801F0F3F998B99DF8193023719DF81C309A
S2140395486371119B224604930023CDE902330193EA
S214039558109B3146009328463B46DDF78BFB0BB042
S214039568F0BD13B500240194049C0094FFF7D6FFBE
S21403957802B010BD2DE9F0450646884614469A46BD
S214039588002701258BB006A9F8B201F0C6F920BB5F
S2140395989DF81830012B19D19DF8192033799A4272
S2140395A814D1BDF81A2073889A420FD19DF81C303F
S2140395B832467371B9B2CDE9030ACDE901004346D1
S2140395C802200094DDF756FB054610B90137202F15
S2140395D8D9D128460BB0BDE8F0850546F9E7002340
S2140395E8FFF7C8BF10B50446DEF722F90021631E4D
S2140395F804F10F0213F8010FFF2808BF19709342EE
S214039608F8D10023237410BD0020704770B50646B2
S2140396181D46DDF781FF044608B9212070BD304694
S214039628DEF748FA0028F8D0A0682A46FF21FFF795
S21403963822F89DF81030002063719DF81430A3714A
S214039648ECE713B59DF81040CDE900341346012224
S214039658FFF7DCFF02B010BD08B5DDF75DFF28B1E4
S2140396688068FF21FFF718F8002008BD2120FCE7D3
S2140396780122FFF7F1BF1FB50B466A460146184697
S21403968801F041F96A460823002032F8021B013B21
S21403969813F0FF0380EA0100F7D1012838BF012041
S2140396A880B205B05DF804FB2DE9F04F87B0DDE91D
S2140396B8109B05468846484619461F461446BDF875
S2140396C848609DF84CA0FFF7D6FF042D0346ABF879
S2140396D800001AD8022D1DD9042D07D04FF2F22206
S2140396E8A188914222D1E28891071FD5E17A002208
S2140396F8CDE9013720463346CDE90392CDF800A0DD
S21403970801F056F907B0BDE8F08F6A1F012A11D990
S2140397182120F7E700224146CDE911922846224642
S214039728109707B0BDE8F04F01F051B94FF6FF7632
S2140397380C21DCE7052D0ED10023E17A0022CDE9C2
S2140397480137CDE9039200912346524641463046F7
S21403975801F021F9D6E74FF2F222A188914204D10B
S214039768E288920701D5E17AE8E74FF6FF760C21FF
S214039778E4E7F0B585B00546DDF78EFB48B16B88A0
S214039788B3F5006F05D1681D05B0BDE8F04000F0DD
S214039798EFBC284600F003FD0446C8B9E7B269469D
S2140397A8384601F0BAF878B99DF8006066B92946D4
S2140397B8384601F0B6F820B140F60443984207D07D
S2140397C88C26304605B0F0BD0134202CE6D1F7E7E9
S2140397D88D26F6E7DDF746BD2DE9FF4704460D4619
S2140397E80146184617461E46BDF830809DF8349045
S2140397F8DDF838A0D8F7D2FAD0B92146284601F0C2
S21403980836F933463A4629462046CDE9019ACDF835
S2140398180080DDF7CBFD33463A4629462046CDE998
S2140398280D9ACDF8308004B0BDE8F04702F03DB994
S21403983804B0BDE8F087DDF763BFDDF71BBFDDF7D0
S2140398483FBF10B5044601F01EF90822014620461C
S214039858BDE81040E3F7F6BC01F017B9002101F0A4
S21403986814B901F026B90020704720207047EBF79B
S214039878DFB9EBF729BAEDF7CBBE7047DEF78CB83E
S21403988870B506460C46154600F04CF850B13CB188
S21403989835B1204600F0D8FC013080B2A84200D982
S2140398A8002070BD304600F043F840B1002CF7D0D6
S2140398B8012DF5D9204600F0CCFC0230EDE7304602
S2140398C8DDF7CAFFEAE7F8B5BDF8185010B396787F
S2140398D855B9D478A6F14107012F07D8621ED2B22C
S2140398E800F0D1FD0020F8BD2C46F3E7433E012ED9
S2140398F804D8A21E92B200F0DEFDF3E7D27813B9BD
S2140399080DB1AA4206D811B9E3F74AFCEAE7E3F72A
S21403991899FCE7E78920E6E7413803288CBF00204F
S21403992801207047413801288CBF0020012070476A
S214039938433801288CBF0020012070470020704759
S214039948002070470388B3F57C4F01D3FFF7F8BFB1
S2140399580846FFF7F3BF10B54A880488A2420DD11C
S214039968037B0C79234009D0B2F57C4F08D3FFF765
S214039978E7FF0B891B1A5842584110BD0020FCE725
S2140399880120FAE738B50D88D488A5420AD103889A
S214039998B3F57C4F08D2FFF7D5FF13891B1A584235
S2140399A8584138BD0020FCE70120FAE72DE9F047C7
S2140399B815460446B8B149B1EAB100264FF0140A71
S2140399C8B04690F80490F3B2994501D800240AE00B
S2140399D827680AFB06773846FFF7BDFF013628B126
S2140399E83C46A5F800802046BDE8F0877B894344BB
S2140399F81FFA83F8E7E71446F5E72DE9F0470E461E
S214039A0815460446B8B149B112B300274FF00C0AFD
S214039A18B846B0F80890BBB2994501D800240AE0C6
S214039A286368324620460AFB0731FFF7ABFF28B1C7
S214039A380C46A5F800802046BDE8F0870B79013769
S214039A4813F0300F02BFCB7843441FFA83F8E2E7DC
S214039A581446F0E72DE9F04186B00D4614469846BD
S214039A6804AA05AB03A90646DDF7CCFF40B30DB140
S214039A78049B2B6034B3049D03982946FFF762FFC3
S214039A882B88074602467188307800F050FBD8B119
S214039A98297911F010030BD0EB782A46CDE9004359
S214039AA83B4671883078FCF70DFD06B0BDE8F081BB
S214039AB82A4620460599CDF80080FFF704FFF4E709
S214039AC88620F2E72046F0E77E20EEE71FB51C4621
S214039AD80023ADF80A20BDF818208DF80400ADF869
S214039AE80610ADF80C2069461A4601A800938DF8AF
S214039AF80840FFF7AFFF009804B010BDF0B587B075
S214039B080E4605AB04AA03A90446DDF77BFF08B394
S214039B18049D03982946FFF715FF2B880746024638
S214039B286188207800F005FBB0B1297911F010019F
S214039B3808D000963B462A4661882078CEF7D2FAA4
S214039B4807B0F0BD009101232A4631460598FFF772
S214039B58BAFEF5E78620F3E77E20F1E72DE9F04124
S214039B68064600254FF014080779E8B2874201D85D
S214039B7800241AE008FB05F0D6F800C00CEB000436
S214039B883CF8000081421AD132B1802A10D194F9E8
S214039B980CC0BCF1000F12DAB0F57C4F05D3204693
S214039BA8FFF7CEFE834200D04BB92046BDE8F081CE
S214039BB8402A04D194F80CC01CF0400FECD10135B0
S214039BC8D3E70121DDF75ABE08B513460022DDF7B1
S214039BD883FF003818BF012008BD08B51346402286
S214039BE8DDF77AFF003818BF012008BD08B513460D
S214039BF88022DDF771FF003818BF012008BD08B5BD
S214039C0840220023DDF768FF003818BF012008BD8F
S214039C1808B580220023DDF75FFF003818BF012050
S214039C2808BD0023DDF758BF0021DDF7C5BF10B513
S214039C3804460121DDF7C0FF2046BDE8104001F0C9
S214039C4868BF7047F8B516461F469DF81820BDF836
S214039C581C300546DDF740FF78B10421DEF72AF805
S214039C68044650B1284600F010FB3A4631462846CB
S214039C78A047BDE8F84000F0FCBAF8BD2DE9F74F59
S214039C881E46DDE90C9B074688461446BDF8383061
S214039C982AB3B9F1000F22D00EB392F804A099F8AC
S214039CA80020504612F0080F0CBF8022402261881D
S214039CB8DDF712FF98B10821DDF7FCFF054670B102
S214039CC8504600F0E2FA3346224641463846CDE986
S214039CD8009BA84703B0BDE8F04F00F0CABA03B02C
S214039CE8BDE8F08FF8B5BDF8187016461A463B4619
S214039CF80446DDF7F1FEE0B177B90221DDF7DAFFB6
S214039D080546B0B1204600F0C0FA31462046A847BB
S214039D18BDE8F84000F0ADBA1021DDF7CBFF0546E5
S214039D2838B1204600F0B1FA3A4631462046A847ED
S214039D38EEE7F8BD73B5BDF8184016461A4623462F
S214039D480546DDF7C9FEB8B1C4B92021DDF7B2FF71
S214039D58044670B1284600F098FA099B31460093EA
S214039D6828469DF820309DF81C20A047044600F09E
S214039D7880FA204602B070BD8624FAE70024F8E786
S214039D882DE9F04186680446007800F07EFA00253F
S214039D9814273279EBB29A4203D8BDE8F04100F0B3
S214039DA868BA7B4332682078D15A02EB030800F07E
S214039DB8C2F901214046DDF77DFF034608B1207846
S214039DC898470135E5E72DE9F04F1C4689B09DF81D
S214039DD84C30BDF8488001939DF850309246029364
S214039DE82246434607460D46DDF776FE8DF8147081
S214039DF80646ADF816508DF81840ADF81AA0ADF81B
S214039E081C8018B9012009B0BDE8F08F05A9FFF733
S214039E18A2FD0028F6D000252F46A8462C4634E097
S214039E280C231FFA85F903FB09F931887368B1F522
S214039E387C4F33F8092003EB090B1AD333F80900D0
S214039E4850452CD3019BA3422DD900F0BAF99BF8B1
S214039E580200DEF7DBFB029B43B19BF8043013F0EA
S214039E68010F0CBF05200720DEF7D0FB0134A4B290
S214039E7819E0ADF81A205946304605AA0393FFF7AA
S214039E8881FD039B0028D9D101353289ABB29A42AA
S214039E98C6D804EB0800C31B58425841B3E708F179
S214039EA801081FFA88F80137BFB2EDE710B5012499
S214039EB888B006949DF83C4005949DF83840049471
S214039EC89DF8344003949DF8304002940B9C01940B
S214039ED8BDF828400094DEF731F808B010BD2DE928
S214039EE8F04786B0BDF83880DDF83C909DF840A072
S214039EF8CDF80080CDE9019A04460D4616461F465E
S214039F0800F013F9B8B1431EDBB2012B10D80023B7
S214039F180122811E48424841CDE90432CDE902A018
S214039F283B46324629462046CDE90089FFF7BEFF61
S214039F3806B0BDE8F0870120FAE730B5002401250E
S214039F4887B0CDE9044503959DF82C5002950A9DE4
S214039F58CDE90045FFF7AAFF07B030BD30B50024AA
S214039F68012587B0CDE9044503959DF8285000944C
S214039F78CDE901354023FFF799FF07B030BD10B58B
S214039F88012486B0CDE90444002403949DF82840B0
S214039F980294099C0194BDF820400094FFF786FFBD
S214039FA806B010BD1FB5089C03949DF81C40029488
S214039FB8069C019400240094DEF7BCF804B010BD98
S214039FC870472DE9F84F0229074688460C9D04D8A2
S214039FD84FF0000A5046BDE8F88F1BB10429F7D99D
S214039FE842F004023A702BB303247B701B0ABB703F
S214039FF8DFF7B6FB4FF000099DF82830385504F113
S21403A008020A01343B550B9A5FFA89F3D45C002C99
S21403A018E0D0732C10D82E464C2C56F804BB3DD0F3
S21403A028532C15D0622C45D1AC8805F108060023BD
S21403A0381A4616E00124DBE7A4F17503032BC7D8F9
S21403A048763C2E1D022C52D8DFE804F0565A5800E8
S21403A0586A6805F1080694B2D2B2B2F1FF0318BFD4
S21403A06801230AEB040119448845B1DB5046194617
S21403A078002947D153441FFA83FA5CB1BBF1000F9A
S21403A088A6D0224607EB0A005946E3F719FA5444C2
S21403A0981FFA84FA354609F10109B4E74FF6FF7348
S21403A0A86A6805F1080694B222469C4214BF022346
S21403A0B80023D6E76C2C05D1584600F0CAF8841C52
S21403A0C8A4B2B4E7732C04D1584600F0BDF8441C78
S21403A0D8F6E7A4F13003DAB2092A01D89CB2A6E758
S21403A0E8A4F14103062B3FF673AF373CE8E7012399
S21403A0F800242A68A346B4E70223F9E70323F7E70D
S21403A1080423F5E700F1010C01393A54C9B2120ADF
S21403A1181FFA8CF0ACE70020DEF700BA0022DEF761
S21403A1281DBA0023DEF730BA7047012070470120B6
S21403A138704701207047704700207047002070471B
S21403A14800207047002070470020704700207047A3
S21403A15870470E2070470020704700207047002085
S21403A1687047002070477047FF2070470E207047DF
S21403A1788420704770477047002070470020704758
S21403A1880020704700207047002070470020704763
S21403A1980020704770470E20704700207047002045
S21403A1A8704770470020704770477047704770477E
S21403A1B80E2070477047002070478120704770470D
S21403A1C8704738B50546C0B2DEF720FA0446280AB3
S21403A1D8DEF71CFA14B1002808BF0024204638BD51
S21403A1E8F8B50546C0B2DEF711FA0446C5F30720EC
S21403A1F8DEF70CFA0746C5F30740DEF707FA064606
S21403A208280EDEF703FA24B12FB136B1002808BFAB
S21403A21800242046F8BD3C46FBE73446F9E710B46D
S21403A228CC18944203DC5DF8044BFFF721B80020F2
S21403A2385DF8044B70470423FFF7F1BF08B5022304
S21403A248FFF7EDFF80B208BD0078FF2808BF00209F
S21403A258704708B502220021FFF7F0FF4FF6FF7399
S21403A268984208BF002008BD003818BF01204000E8
S21403A27870470020704708B5FFF7A3FCFF284FF088
S21403A288FF3018BF0020C0B208BD08B5FFF7F3FFBC
S21403A298FF280CBF2120002008BDF8B506460C464B
S21403A2A815461F4600F011F810B12544AC4200D1FC
S21403A2B8F8BD3946304614F8012BDEF799FAF5E768
S21403A2C8014600220220DEF723BA0120704737B57D
S21403A2D80546DCF7ADFC044601950CB981201CE065
S21403A2E8237823B12046DCF7ABFC0446F5E72B6856
S21403A2F862685B889A42F5D1A368EA7B99B272B121
S21403A3082A8A9142EED16A7DB2EB134FEAD1002036
S21403A318E36801A998478128E4D003B030BD4FF617
S21403A328FF72EEE72DE9F84304460F469046994632
S21403A3380BB3012A1FD80C20E3F738F9064610B9E1
S21403A3481920BDE8F8831020E3F730F918B930462A
S21403A358E3F734F9F4E70123002547EA0847706072
S21403A3680570C0F80C904460876033803046DCF78D
S21403A37857FC2846E5E72120E3E738B50446436853
S21403A38808460D469847B4F90830002B02DB2B78AD
S21403A398042B06D1002320466360BDE83840DEF769
S21403A3A8B9BD38BD30B54FF48A5587B0ADF8162019
S21403A3B80DF116041A46029543B100230122CDE98E
S21403A3C80033234600F01EFA07B030BD019401247B
S21403A3D80094F7E7FFF7EBBEFFF7BDBE0020704714
S21403A3E808B500F014FB20B900F05BFB08B9DBF7EF
S21403A3F8B5FDFFF7CFFEBDE80840FFF7DBBE00203C
S21403A408DFF7F0B90021DFF78DBA0022DFF74CBA81
S21403A4181FB5D2880B4612F0200F4FF6FD7114BFF6
S21403A42849245224ADF80610510544BF083CE4B24B
S21403A438110544BF083CE4B2120444BF023CE4B22C
S21403A448032805D8DFE800F0020F161CADF806301F
S21403A458BDF80600FFF788FEFF281CBF241AE4B2DF
S21403A468204604B010BD02AA0DF10601D8B200F0CA
S21403A4788CFAEDE7D8B200F052FAADF80600E7E733
S21403A488013CE4B2E4E7F8B5064617460D4681B143
S21403A4980C78FF2C0BD00846FFF7D6FEB84228BF29
S21403A4A83846C4B22246691C701CE2F7CBFE3470E9
S21403A4B8F8BD0C46FBE770B5044615460E4611B9BB
S21403A4C84170017070BD0B78FF2B05D14B78FF2BBD
S21403A4D802D103704370F5E73046FFF7BAFEA84289
S21403A4E828BF284685B22A46B11CA01CE2F7AAFE56
S21403A4F825702D0A6570E5E7F0B523B9013A531CB4
S21403A5082FD1002020E0042AFBD800231C46551E22
S21403A5186E1C1AD1042A10D00121D200501E01FA4B
S21403A52800F020421EBF914049420C4318421EBF0A
S21403A5384FF0FF3101FA02F213439C421EDCB4BF0C
S21403A5484FF0FF30002040B2F0BD40B1465DEF004B
S21403A558BE4034434E5D013DBE403343D8E706460E
S21403A568F5E78C5C38B90346A34202F1FF32C6D23C
S21403A5784FF0FF30E8E7835CA342F5D90120E3E711
S21403A588283807288CBF0020012070471D2810D0C4
S21403A59804D840B11C2804D0552070471E3801281B
S21403A5A8FAD81A2901E00B390F298CBF5520002049
S21403A5B870470829F9E7002000217047F7B59DF88A
S21403A5C820400546082C104619469DF8246036D8C0
S21403A5D8002213462C44AC4208D106F0FD04382C5E
S21403A5E80ED10096FFF7E7FF03B0F0BD14F8017D20
S21403A5F81B0243EA12631202BA1843F10003EAE79E
S21403A608392E10D107EE100A07EE902AB4EEE77A31
S21403A618F1EE10FACCBF77EE677A77EEC77A0021A9
S21403A62817EE900AE0E7824273EB010403D2801A1E
S21403A63861EB0301D8E7101A63EB0101D4E70020A6
S21403A6480146D1E738B5C36814461944836853F8F6
S21403A65821501AB12846E2F79FFC2070284638BDD9
S21403A6682DE9F3411C4616460DF107029DF82050C6
S21403A678FFF7E8FF9DF807308046A34288BF8DF8AA
S21403A68807409DF807700DB1E41BE5B22A46002182
S21403A6983046E2F785FD3A4641467019E2F7D2FDA1
S21403A6A8384602B0BDE8F0812DE9F3411D4616464B
S21403A6B801AA9DF82040FCF7E8FF019B80469D42CF
S21403A6C838BF0195019F04B1EC1B22460021304692
S21403A6D8E2F766FD3A4641463019E2F7B3FDF8B2AB
S21403A6E802B0BDE8F08173B50024154601AA1E46DC
S21403A6F80194FCF7CAFF019B072B0AD92146CCB263
S21403A70816B1C4F10704E4B2425C013108292A559C
S21403A718F5D1D8B202B070BD1FB5030A8DF80E3056
S21403A7280323009303AB8DF80D0000F0BBF805B0C8
S21403A7385DF804FB1FB58DF80F100421030A8DF886
S21403A7480E30009103AB8DF80D0000F0ABF805B0A2
S21403A7585DF804FBF0B589B016689DF83C50CDF853
S21403A76809608DF811305668BDF83830012D109FF2
S21403A778BDF84440CDF80D60ADF812308DF814508E
S21403A78814D0032D19D13B68CDF815307B68CDF866
S21403A79819309DF848308DF81D3016230093BDF800
S21403A7A84C2002AB00F07EF809B0F0BD8DF81540DA
S21403A7B8240A0F238DF81640F0E70120F4E71FB5A7
S21403A7C80446084611461A4602238DF80D100093D0
S21403A7D8214603AB00F066F804B010BD10B5144666
S21403A7E81A460B6886B0CDF80D304B683421CDF881
S21403A7F811300A23009303AB8DF8154000F052F886
S21403A80806B010BD2DE9F041B6B014461D460646FF
S21403A8180F469DF8F080DFF7A9FA03AA8DF80C0017
S21403A8281046330A8DF80F703F0A8DF80E308DF8F0
S21403A8380D602B468DF810708DF8114005EB440516
S21403A848AB4202F102021FD16200D2B2931DDBB201
S21403A8583D99D8336B44073203F8CC8C01EB480593
S21403A868D3B250FA82F2A94202F1020212D103EBE2
S21403A8784803009006213046BDF8F820DBB2DFF720
S21403A8887FFA36B0BDE8F08133F8021B1171090A66
S21403A8985171D5E731F8024B02F8024C240A02F844
S21403A8A8014CE0E72DE9F0411C4605460E461746DF
S21403A8B89DF81880DFF75AFA207043463A46314621
S21403A8C828460694BDE8F041DFF75ABA00207047D9
S21403A8D87047D3F717BD08B5E9F7A8FC002840F674
S21403A8E8124018BF002008BD70477047704770476E
S21403A8F870477047704700207047704770470020BE
S21403A90870477047704703F083B8FEF775B8FEF7CD
S21403A91858B803F0F4BBF5F7E7BC03F0E1BBF5F76B
S21403A928A1BCF5F709BDF5F7C3BCFEF737B9FEF7C3
S21403A9381DB910B49DF8044001945DF8044BFEF766
S21403A94810B8FEF764B8FEF771B8F1F78BBBF1F7EA
S21403A9588FBBEEF7FBBEEEF7FFBEEAF783BDFEF747
S21403A968B0B8FEF775B8FDF7C0BEFEF798B8FEF7A1
S21403A97884B830B4BDF808409DF80C50CDE90245BC
S21403A98830BCFDF7D1BEFDF76FBFF5F747BEDFF75F
S21403A99847BAF5F70DBF70B49DF80C40BDF81050D4
S21403A9A89DF814600394CDE9045670BCF2F774BBA3
S21403A9B870B49DF80C40BDF810509DF814600394CD
S21403A9C8CDE9045670BCF2F7A7BBF2F791BC10B4F6
S21403A9D89DF8044001945DF8044BF2F7E1BB10B40C
S21403A9E89DF8044001945DF8044B02F0D7B802F0D2
S21403A9F8D7B8FDF77DBFFDF78DBFFEF71AB9FDF78C
S21403AA089EBFEDF7B5B9EEF70DB9EEF7DFB8ECF77D
S21403AA18D9BD02F06EBCEDF791BB02F0C4BCEDF7EE
S21403AA281DBDEDF781B8EEF703B9EEF77FB8EEF77D
S21403AA389BB8EBF743BCFEF7C6B8FEF761B8FEF75C
S21403AA4874B8FEF781B800F036BC00F02FBCF4F7F4
S21403AA5805BCF2F751B9F4F7DFBBF4F705BDF2F717
S21403AA681BB9EAF7EBBCF3F7A5BDFFF732BFFBF755
S21403AA78C3B8FEF703B9FDF72CBFFEF731B801F0EC
S21403AA883DBEDFF72BB9EBF701BAEAF7ABBD02F029
S21403AA98F9B802F0D0B8EAF7F9BDEBF747B9EBF720
S21403AAA871B9EAF767BDDFF735B9DFF747B9DFF7F7
S21403AAB81FB9EAF707BDDFF725B9F6F70DBD02F0AC
S21403AAC8B8B802F07FB8EAF703BDEBF7C9B9EAF7F7
S21403AAD859BD10B4BDF8044001945DF8044BFDF766
S21403AAE853BEDFF7C7B9DFF7B9B9F6F795BAF6F77E
S21403AAF8CDBC03F017BC03F01DBCF6F705BBF6F791
S21403AB08E5BC00F06DB900F0ABB900F0D3B900F0BE
S21403AB18B9BA00F029BB00F092BADFF7C3BE00F05B
S21403AB28F0B900F01DBA00F030B810B51C4601F0B5
S21403AB3809FF06F0F0FA0023C0F340202370400014
S21403AB4810BD002208B50B461146FFF7EEFF023884
S21403AB5818BF012008BD002070477047B1FA81F07E
S21403AB6840097047012070477047704700207047B8
S21403AB7870470020704770470E20704701207047C3
S21403AB887047012070470120704714220021E2F71E
S21403AB9807BB704770B505460C468AB025220021C8
S21403ABA80DF10300E2F7FCFA6B68CDF81D30AB68CD
S21403ABB8CDF82130234601AC03F110062246186867
S21403ABC85968083303C2B3421446F7D101236A7B94
S21403ABD88DF8023012F0040F0CBF4FF480734FF455
S21403ABE8A073110748BF43F48063ADF8003093079A
S21403ABF848BFBDF80030684644BF43F00803ADF8C5
S21403AC080030F1F751FD0AB070BD30B5427B0D46F2
S21403AC18D10704468BB007D5407801A9F1F7AEFDF6
S21403AC28D8B12D200BB030BD9307FAD5C2F38003F5
S21403AC3810074FEA8313ADF8023044BF43F480632A
S21403AC48ADF80230BDF80220201D0AB10DF102024C
S21403AC5801A902F0FAFE0028E3D001AB03CB9DF866
S21403AC681430A1602373BDF810306060590642BFE4
S21403AC78627B42F0040262735A0542BF627B42F06B
S21403AC88080262731B0742BF637B43F002036373C6
S21403AC982B4606AC0AAD224603CAAA421860596078
S21403ACA8144603F10803F6D10020BBE7F0B50446C3
S21403ACB80D4693B0252200210DF12300E2F770FA22
S21403ACC8636804F1040CCDF83D30A36809AECDF8EB
S21403ACD841302B4605F11007324618685968083381
S21403ACE803C2BB421646F7D105238DF82230637B91
S21403ACF85B0103F40073ADF820306378FF2B1AD199
S21403AD08002360461A4601A900F0D9F99DF80530D4
S21403AD18FF2B0DD1002301A91A46184600F0CFF9D8
S21403AD289DF80530FF2B03D11C26304613B0F0BD23
S21403AD389DF8053063700020617808AA00F0B4FA1D
S21403AD4806460028F1D1607801A900F03EFA2B46A2
S21403AD5803AD2A4618685968083303C2BB4215462A
S21403AD68F7D1637B6078DB0648BF9DF81C3001A9E2
S21403AD7844BF63F07F038DF81C3000F03DFAD4E738
S21403AD8810B504468AB02422002101A8E2F708FA7F
S21403AD98637B590744BF4022ADF810201A0742BF09
S21403ADA8BDF8102042F48062ADF81020DB070FD5FB
S21403ADB8607801A9F1F7E2FC10B12D200AB010BDA6
S21403ADC801AB03CB637B606043F00203A16063734C
S21403ADD804A9201D02F03BFE0028EED00020EDE774
S21403ADE81FB5694600F066F8002818BF2D2005B081
S21403ADF85DF804FB73B50D4614460646DFF77AF985
S21403AE086B881A071AD522463146102002F000FE30
S21403AE182046DFF76FF96B88D90717D50023224634
S21403AE2801210DF107008DF80730DFF735FC6B8835
S21403AE38002B0CBF2120002002B070BDDE06EAD529
S21403AE4822460821281DDFF727FCE1E79A0701D5E4
S21403AE580223E4E75B07EAD50323E0E70F207047FE
S21403AE681FB50C46694600F025F8102221466846A9
S21403AE78E2F7E2FCB0FA80F0400904B010BDB8B1BE
S21403AE88B1B14388A3B90378013B082B10D8DFE890
S21403AE9803F00507090B0F0F0F0F0D00DFF7FEBAB8
S21403AEA8DFF758BBFFF776BEFFF700BFDFF7E6BC52
S21403AEB82120704738B50D4609B300B30378013B24
S21403AEC8082B1AD8DFE803F0050D101319191919FA
S21403AED81600DFF71BFB0446284602F0B6FF20469B
S21403AEE838BDDFF757FBF6E7FFF78FFEF3E7DFF725
S21403AEF887FBF0E7DFF7CCFCEDE72124ECE721241A
S21403AF08EDE770B586B0064601A80C461546FFF76A
S21403AF183CFE04238DF804301CB12068616802AB3C
S21403AF2803C3294601A88DF80560FFF7A8FF06B0F6
S21403AF3870BD70B586B0044601A80D461646FFF7E1
S21403AF4824FE0323206861688DF8043002AB8DF86D
S21403AF58116003C3294601A8FFF791FF06B070BD29
S21403AF680022FFF7E6BF30B585B00D4669460446AE
S21403AF78FFF7A0FF20B92A4621466846FFF73AFF9F
S21403AF8805B030BD30B5437B044613F001020D46C9
S21403AF988BB007D0407801A9F1F7F0FB70B12D20EC
S21403AFA80BB030BD9B07FAD5ADF8022001A90DF109
S21403AFB80202043002F049FD0028F0D000210E22D8
S21403AFC8A81CE2F7EDF8BDF810302B80039BAB60A6
S21403AFD8BDF81230AB819DF81430237301AB03CB55
S21403AFE86060A1600020DBE770B5437B0446DB079F
S21403AFF80E468AB003D42D2528460AB070BD694686
S21403B008407800F04DF905460028F4D1DDF81D30E8
S21403B0180E226360DDF821300146A360637BB01C13
S21403B02843F002036373E2F7BBF8BDF80030069AF1
S21403B03843F004033380059BB2607360DCE70B467A
S21403B04810B50446102200211846E2F7A9F822781C
S21403B058032A09D0042A0DD0022A11D10146204614
S21403B068BDE81040DFF77ABC01462046BDE810402D
S21403B078FFF788BF01462046BDE81040FFF7B4BF78
S21403B088262010BDF8B5074608460C4616461D4644
S21403B098FFF77BFD04232370637B314643F00103EC
S21403B0A8204667706373FFF705FF08B12D20F8BDC8
S21403B0B829462046FFF7C3FF0028F8D0F6E7F8B579
S21403B0C8054608460C461F461646FFF75EFD04234C
S21403B0D8237025B108222946E018E2F7B3F8637B04
S21403B0E843F0020363734EB932460121284600F043
S21403B0F8E4F8FF28607007D12D20F8BD31462046B6
S21403B108FFF7D8FE0028F7D1637B43F00103637388
S21403B1180DB90020F1E7002FFBD039462046FFF78C
S21403B1288EFFF6E7F8B50C460746084616461D464C
S21403B138FFF72BFD03232046394600F8043B082275
S21403B148E2F780F8637B314643F0020320466373D5
S21403B158FFF7B0FE08B12D20F8BD29462046FFF7B5
S21403B1686EFF0028F8D0F6E7F8B5074608460C46FB
S21403B17816461D46FFF709FD03232370637B3146F6
S21403B18843F00103204667706373FFF793FE08B125
S21403B1982D20F8BD29462046FFF751FF0028F8D092
S21403B1A8F6E718B18022012100F087B8FF20704720
S21403B1B8002307B51A4619460093F3F72FF8B0FA93
S21403B1C880F0400903B05DF804FB0B4610B519225E
S21403B1D80446FF211846E1F7E3FF7E2C01468CBFA1
S21403B1E804F5C43004F583304FF01902BDE8104067
S21403B1F888BFAD30D3F73CBD7E2888BF00F5C43082
S21403B2084FF0190294BF00F58330AD30D3F75CBD19
S21403B21830B589B00D46FFF7C4FFFF2804460DD0A6
S21403B22801A9FFF7D2FF2868696801AB03C3204664
S21403B23801A9FFF7E1FF002009B030BD2D20FBE789
S21403B248704770470020704770470F207047704755
S21403B2589DF8000070470F2070470F2070470020A6
S21403B26870470F207047002070470020704784B04F
S21403B2788DE80F00002004B0704700207047704721
S21403B28870470020704770470020704770470020BB
S21403B29870470120704770470020704701207047A9
S21403B2A80E207047FF2070470E2070470E20704709
S21403B2B80020704770470E207047FF20704770477E
S21403B2C870470020704770477047704700207047E4
S21403B2D8704700207047002070470020704770476B
S21403B2E8704700207047704700207047002070475B
S21403B2F870470020704710B50024E3B210B9C3F1B5
S21403B3080303DBB20134042CCA544FEA1222F4D1E5
S21403B31810BD10B50B784C788A78C97828B91046CA
S21403B3282246044608461946034642EA012043EAEB
S21403B338042343EA004010BD7047DFF7C3BB08B5D4
S21403B348CEF7A8F8002814BF8620002008BD08B545
S21403B358CEF770FA003818BF012008BD08B5CEF737
S21403B36829FA003818BF012008BD08B5CEF7AEFA8B
S21403B378003818BF012008BD08B5DFF783FCBDE811
S21403B3880840DFF731BC70B504460D461646DFF7AE
S21403B39879FC0420DFF71AFC324629462046FFF7D5
S21403B3A8DDFF04460220DFF711FC204670BD08B512
S21403B3B8DFF768FCBDE80840CEF7E0B9DFF79ABFC9
S21403B3C8DFF77ABF08B5DFF777FF20B1BDE8084097
S21403B3D80020E0F7AFB8112008BD08B5E0F78CF9F0
S21403B3E8E0F792F9E0F79AF9BDE80840E0F7AAB95A
S21403B3F810B5044622F07042103060602160A260E7
S21403B40839B1A26803F070431343A360029BE36059
S21403B41810BDA36843F08043F7E701234360C3687E
S21403B42843F02003C360836843F000538360704788
S21403B43837B515464A6804463AB18C6800930968D6
S21403B44845EA0403FFF7D4FF0446204603B030BD9D
S21403B4582DE9F04FD3B0CDE90123DDE9608500235C
S21403B4680390042003ACCDE9050307C907AB83E8BB
S21403B4780700214618465D9E0494E0F77BF90746C5
S21403B488002840F0BA805C9A0AAB07CA83E807002C
S21403B498494201F00F0900215E9B5F9A5B68526878
S21403B4A80D9113445B4203F00F0AD8F80430129147
S21403B4B85B420093B368DA0048BF73684FF0100224
S21403B4C842BF033323F003037360AB68DB0041BF5B
S21403B4D86B68033323F003036B605E9BD3F804B0F7
S21403B4E85F9B5C680BEB04035344CDE90E3173682A
S21403B4F85B4203F00F03CDE910136B685B4203F05E
S21403B5080F03CDE9131316AB18461591E1F748FE5A
S21403B5185C9A516851B9D8F804100C4354EA0B04E2
S21403B52801BF10229146CDE90B240A9011234FF050
S21403B538005204A932A8FFF77BFF40F611034FF029
S21403B548005207A9FFF774FF42F611034FF00052A3
S21403B5580299FFF76DFF44F611034FF00052019965
S21403B568FFF766FF412300225E99FFF761FF4FEA64
S21403B5780A234FF000525F9943F04103FFF758FF41
S21403B5884FEA09234FF0005243F001030AA9FFF7D5
S21403B5984FFF009B4FF000521B0203F470634146B3
S21403B5A843F00103FFF744FF1038FFF736FF002385
S21403B5B80DA91A461AA8FFF73BFF002331461A4679
S21403B5C8FFF736FF002310A91A46FFF731FF0023BB
S21403B5D829461A46FFF72CFF002313A91A46FFF736
S21403B5E827FF002362991A46FFF722FF1038FFF752
S21403B5F814FF1AA932A8FFF7F0FE384653B0BDE881
S21403B608F08F10B5044608B1E0F796F92046BDE872
S21403B6181040FCF73ABE10B50446006A10B1616ADA
S21403B628FFF7EFFF0020C4E9080010BD38B505464C
S21403B638FFF7F1FF2B7E0446012B0ED0023B012BAE
S21403B6480ED8EB69012B18BF6FF096042822002149
S21403B6582846E1F7A5FD204638BDEB69002BF2E73F
S21403B6686FF09604F2E718220021E1F799BD7047B8
S21403B6782DE9F84F9846DDE90B490D9B15469A07C1
S21403B68806460F4623D02A460A9B03EB040A1444AD
S21403B698A24220D10D9B9B0705D5A2EB050AD145EF
S21403B6A805EB0A0420D82046BDE8F88F43463946FA
S21403B6B82020B0470AF1010ACA450AEB0B02F5D364
S21403B6C8A9EB04024C4588BF00222A44DCE7A246BD
S21403B6D8A5EB040BF0E702F1010B434639461AF8CB
S21403B6E8010DB0475A46D3E743462246394620203B
S21403B6F8B0470AF1010AD2E72DE9F047DDE90D76EE
S21403B70816F0020F9DF82880DDE90854DDE90BCE14
S21403B7181FD106F001094FB1B9F1000F06D0B8F1F1
S21403B728000F02D116F00C0F00D0013F4FF0300A7D
S21403B73804E0202C04D005F804A001347445F8D39B
S21403B748B9F1000F05D04FF03009A74201D9202CD4
S21403B7582DD116F0100F1FD016F4806F2CD15CB3C2
S21403B768744501D0BC4227D1B4F1010E23D0BCF1F5
S21403B778100F46D1023C16F0200F28D1202C28D0D3
S21403B7884FF0780C05F804C00134202C21D04FF074
S21403B798300C05F804C00134202C1AD0B8F1000F79
S21403B7A823D04FF02D0C05F804C0013412E005F839
S21403B7B804900134C9E77446BCF1100FDBD0BCF122
S21403B7C8020FE2D1202C04D04FF0620CDAE7202CCB
S21403B7D808D12024CDE90A76CDE90854BDE8F04718
S21403B7E8FFF746BF4FF0580CCCE716F0040F02D00D
S21403B7F84FF02B0CD7E716F0080FEBD04FF0200CC2
S21403B808D1E7BCF1020F7446C1D1DDE72DE9F04359
S21403B81891B0189D1A9E1D9F0DB927F010077C0539
S21403B82800D515B317F0200F14BF4FF0410E4FF095
S21403B838610EAC4600250DF12008AEF10A0EBCFBDE
S21403B848F6F906FB19C95FFA89F4B9F1090F94BF2B
S21403B85830347444E4B2B44508F8014B05F10105E5
S21403B868BCFBF6F401D3202D10D11C9C0697059437
S21403B8781B9CCDE903649DF86440CDE9015408ACEC
S21403B8880094FFF739FF11B0BDE8F083A446D6E766
S21403B8982DE9F04F95B0269ECDE90A23DDE91E74FF
S21403B8A8DDE9229B57EA040308BF26F01006720553
S21403B8B8CDE9080102D557EA040337D016F0200F5E
S21403B8C814BF4123612300250DF1300AA3F10A08AA
S21403B8D821464A465B463846E1F7F6F8D2B2092AC5
S21403B8E894BF303242444F45D2B274EB0B0405F191
S21403B8F801050AF8012B01D3202D14D1259B0696A2
S21403B9080593249BDDE90801CDE903939DF8803070
S21403B918CDE901530CAB0093DDE90A23FFF7ECFEF0
S21403B92815B0BDE8F08F07460C46D1E70025E5E7D6
S21403B93808B100F014B8704710B1D1E900311847C0
S21403B948704738B5441E14F8015F25B90A2000F07D
S21403B95806F8284638BD284600F001F8F3E70146FE
S21403B9680020FCF765BA70477047E9F77BB970475C
S21403B97808B5FCF72EFACDF78DFDBDE80840CFF7DE
S21403B988C5BE704708B5CEF7F1F8FBF785F8BDE8EE
S21403B9980840DFF777B908B5FBF76EFEE0F700F85F
S21403B9A8FBF768FEE0F7AAFBE0F796FBE0F70CFB6D
S21403B9B8BDE80840D3F736B908B5D1F711FBFBF74E
S21403B9C857FED1F719FBD5F73FFBD5F7E5FBD5F7B8
S21403B9D8EDFCBDE80840D5F70BBC70477047E0F7A9
S21403B9E819BB08B5FCF740FEBDE80840FCF764BE83
S21403B9F8704707B500220346114601200092D4F784
S21403BA089DFC03B05DF804FB07B500920B46027D68
S21403BA1881898068FDF73CFC003818BF0120C00107
S21403BA2803B05DF804FB08B50020DBF795FD00209E
S21403BA38DDF726FB0020D6F761F80020D6F74EFB85
S21403BA480020D7F777F80020D9F7A6FB0020DAF707
S21403BA5811F90020DAF706FFBDE808400020DAF7F8
S21403BA68F1BF08B50120FDF72AF9BDE80840012013
S21403BA78D6F734BB08B50220DBF762FE0220DAF7F6
S21403BA88FBFF0220DDF70AFE0220FFF799FC0220DF
S21403BA98FDF780FB0220DAF7EDF8BDE80840022040
S21403BAA8DBF7EEBA7047FDF795BE704770477047E9
S21403BAB87047704770477047704710B50446DBF702
S21403BAC8F9F92046D7F748FB2046D8F79BFA2046CD
S21403BAD8BDE81040FDF791BBFDF7ACBBFDF7B6BB61
S21403BAE8DAF7CABE704770477047704770477047A3
S21403BAF8704770477047704705F0D3BA704770476A
S21403BB08DAF754BF704770477047704770477047F7
S21403BB1870477047CCF738BAFEF736BB7047002035
S21403BB287047FEF733BBFEF73DBBE2F751BC38B5AB
S21403BB3804460D4600F097F850B129462046E7F725
S21403BB48F9FD30B929462046BDE83840E2F708BC77
S21403BB580E2038BD08B5E7F733FC18B1BDE8084032
S21403BB68E5F7AABF08BD70B516460C4605F061F999
S21403BB78314605462046E5F77BFB0446284605F08E
S21403BB8853F9204670BD00F032B970B5044600205C
S21403BB980E4600F039FBD4F8F0503DB10023314689
S21403BBA82046AC46BDE870401A4660472B4601223D
S21403BBB831462046E2F754FE284670BD38B504469B
S21403BBC848880D4600F020FBD4F8F0302BB92946F8
S21403BBD82046BDE83840E2F755BD022038BD00F0E0
S21403BBE815BB00F03CB9E2F789BA00F01BBB70B589
S21403BBF8BDF81060054606B16BB1334428469BB2C0
S21403BC0800F073F9044620B91EB13146284600F001
S21403BC18ADF9204670BD2124FBE7E4F7FDB8C0F86C
S21403BC28EC1000207047E2F73BBFE3F72BB810B4DD
S21403BC38BDF8044001945DF8044B00F09FB80B462A
S21403BC4810B514461846A1689288E1F739FCE168EE
S21403BC58034631B1A0886288121A92B21844E1F7F3
S21403BC682FFC002010BD0346408A18B1188A0038F6
S21403BC7818BF012070470846E4F74ABC00F0D6BA56
S21403BC8800F0D4BAE4F75CBE084708B5E2F77EFAD4
S21403BC98C0B208BD022A01D800F00CBA21207047AA
S21403BCA8022A01D800F017BA21207047022A01D8C1
S21403BCB800F023BA21207047E3F764BD0846E3F78C
S21403BCC87FBD00F033BA00207047002070477047E6
S21403BCD8D0F8903003F06003402B0DD0602B03D0D0
S21403BCE8203B58425841704749B10B68012B06D987
S21403BCF8486940F00100704740F201107047002081
S21403BD087047F7B504461046D4E952C7DDE9082656
S21403BD188CEA020587EA06010540194085EA0C0500
S21403BD287940C4E95251002523F4004106EA010389
S21403BD3820F0010043F40073024043F00203CDE908
S21403BD480055E6F78BF994F824309A0713D5D4F8F8
S21403BD584C319B050FD54FF48811204600F034FC70
S21403BD6894F82430024665F3410384F824302046C9
S21403BD780B46E2F7DFF9002003B0F0BDF0B587B055
S21403BD881C461746BDF830601AB90024204607B08B
S21403BD98F0BD002BF9D00029F7D001AAE4F73CF848
S21403BDA80028F2D0BDF80630A2199A42BDF808500A
S21403BDB8C4BF9B1B9CB2B54212D90399AD1BADB247
S21403BDC83144A5420391ADF808500DD22A463846A9
S21403BDD8E1F776FB0499621B7819E1F771FBD5E75F
S21403BDE80499761B3144049122463846F5E70846FB
S21403BDF8E5F7E6B90220E4F799BD08B5D0F8E430CC
S21403BE084BB11A68022A06D993F825204AB1186A4C
S21403BE18B0FBF2F008BD4FF446624C210020E7F76A
S21403BE28B7FC0020F6E7D0F8E42008B57AB1136823
S21403BE38022B0CD9536A13F47F4FC3F3072106D09A
S21403BE48126ADBB253438B42B3FBF1F006D20020EF
S21403BE5840F67F424C21E7F79BFC002008BD0346CB
S21403BE68D0F824010860B3F8283100208B80704787
S21403BE7890F824310C2B14BF90F82900FF20704744
S21403BE8838B50C464FF400610546E7F7C9F970B1B3
S21403BE987CB195F81E3173B94FF480724FF48071F4
S21403BEA82846E7F7A9F9003818BF012038BD22024B
S21403BEB8F4E72246F2E70020F8E74FF48071E7F745
S21403BEC8AFB908B54A024FF40071E7F795F90020B1
S21403BED808BD08B58A024FF48061E7F78DF900209C
S21403BEE808BD4FF40071E7F79BB92DE9F041884682
S21403BEF818F0030706461546194633D1B2F5805F90
S21403BF0830D89A422ED33F2A28D9B2FA82F401228D
S21403BF180120C4F11F03DBB29A4092B2AA422CBF97
S21403BF28C4F11904C4F11A04E2B2931DDBB29840B3
S21403BF3880B2A84214D096F8F530ABB9012096F82B
S21403BF48243060F3C71386F824304046E3F716FD1B
S21403BF58C6F82080B5823846BDE8F0813A46EAE757
S21403BF680020ECE72127F6E70E27F4E7084600F05B
S21403BF782EB9F8B511F0030607460D46144621D127
S21403BF8802B313883F2B1DD9B3FA83F3C3F1190100
S21403BF98C9B2062901D8192B12D0062928BF0621AB
S21403BFA801238A1DD2B293402846238000F015F950
S21403BFB823883846FD617B82E3F7F0FD3046F8BDFB
S21403BFC83146EDE72126F9E738B5148811F003055D
S21403BFD84FEAC4041ED13F2C1CD9B4FA84F4C4F126
S21403BFE81903DBB2052B01D8192C11D0052B28BF52
S21403BFF8052301240633DBB204FA03F3C3F3CF04A1
S21403C0081480816104820387E3F7C8FD284638BD98
S21403C0182B46EEE72125F9E710B514460846012115
S21403C028E4F7A0FF2046BDE810400121E4F79ABFD5
S21403C038F8B504460E46174604F0FBFE3A46054690
S21403C04831462046E5F74CFA0446284604F0ECFE4B
S21403C0582046F8BD0220704703207047E4F75EBC0D
S21403C06810B50023E3F7AAF8044608B9E6F72EFA4C
S21403C078204610BD70B505460E46144600F0C9F8AE
S21403C0883146284600F04CFA00F0C3F8230744BFAD
S21403C09824F00804A4B221462846E2F77DF80022D5
S21403C0A84FF400312846E7F7A7F8002070BD802133
S21403C0B8E7F7B6B87FB5531C05AAADF81410029275
S21403C0C802210022DBB2CDE900211146E7F7B2F8D8
S21403C0D807B05DF804FB7FB5531C05AAADF814102A
S21403C0E8029204210222DBB2CDE9002100220121BB
S21403C0F8E7F7A0F807B05DF804FB1FB5531C0291D9
S21403C10800220821CDE900210122DBB21146E7F718
S21403C11891F805B05DF804FB10B50446E2F736F867
S21403C12801462046BDE81040E2F736B8002914BF9A
S21403C13821200020704738B5054610460C46E3F71D
S21403C1486BFB65B1D5F8E0304BB15B693BB1226850
S21403C158013204BF6FF00102226022681A600020D1
S21403C16838BD002070472DE9F74F01251C469DF87A
S21403C1783030064601930368174603F00703063371
S21403C1889D4005F1FF380B46A1B1416804EA080B48
S21403C198A5EB0B0A41F00059524509EB0B0114D9DC
S21403C1A852461846E1F78CF949467A1B5A445044D6
S21403C1B8E1F786F9019B2BB13C4448EA050804EAF3
S21403C1C80804F46003B0BDE8F08F1846F0E74FF0B4
S21403C1D83A43022298615A6370474FF03A43012262
S21403C1E85A6740F6FF72D96418651A67704737B5F9
S21403C1F8002514460095FFF7B6FF204603B030BD6A
S21403C208E3F77CB90020704700207047002070478A
S21403C2187047704710F0FD0F14BF4FF0FF30002033
S21403C228C0B27047704700200021704708B5E4F78E
S21403C238C7FCBDE80840E4F7EBBC38B50446FFF78F
S21403C248F5FF0546FFF7F2FF431BA342FAD338BDB3
S21403C25838B50D460446E4F7B3FC35B1844200D935
S21403C2680139204601F0030138BD844238BF013145
S21403C278F7E708B50121FFF7EBFFBDE80840E4F749
S21403C288C7BC08B521B19200E1F71AF9002008BD2A
S21403C2982120FCE700F06F43B3F1804F02D0B3F1DF
S21403C2A8204F02D120F07040704700F06043B3F18E
S21403C2B8204F08BF20F0805070470B0C23F48053A0
S21403C2C8B3F5284FF7B50D468FB2064699B216D082
S21403C2D84AF60103994214D04AF60203994212D049
S21403C2E8B1F5204F14BF04240324D6F8E0300BB16D
S21403C2F8196851B9D6F8DC3093B928680EE00024DB
S21403C308F3E70124F1E70224EFE7234668463A46B3
S21403C318E4F7F2FCDDE90003002BEBD103B0F0BD34
S21403C32819680029E9D0234668463A46E4F7E4FC48
S21403C338DDE90003002BE0D1F0E70204C0F389131C
S21403C34807D56FEA83536FEA935313F5007F18B242
S21403C35806D0A3F1C8006FF4FF739842B8BF184617
S21403C36870474FF0384359699A6903F500530A40F2
S21403C3785A6170470E207047E6F7B8BAE6F7B6BABA
S21403C388E6F7B4BAE6F7B2BA08B50846E6F7A0FE83
S21403C39808BDE6F7ABBA02207047022070470020B4
S21403C3A8704701207047002070470E207047002012
S21403C3B87047E3F70BB908461146012200F086B822
S21403C3C870B505460C4611461A46E6F7B7FF0668E3
S21403C3D82B462046B446BDE87040604710B5E6F7DE
S21403C3E8ADFFBDE8104083681847FFF739BEE2F78C
S21403C3F8F7BFFFF79CBBE2F7F5BC70B504460D46DE
S21403C40816464FF4881100F0F4F8324629462046BB
S21403C418BDE87040E3F710BA7047431E012B03D9F3
S21403C428031F58425841704701207047FFF7EABE7A
S21403C4384FF4D4720021E0F7B3BE70B50446E2F7B2
S21403C44869FD0546A8B9A169F1B1238AD3B1204687
S21403C45804F11002FFF7B8FD38BBE16919B3638A24
S21403C468A3B1204604F11202FFF783FD78B105460F
S21403C47803E00023A3612361E36100232846636185
S21403C488236270BDA061E8E72082E6E7E361216ADC
S21403C4980029F2D0A28A002AEFD02046E38ABDE814
S21403C4A87040FFF722BD6182F1E76582E561DEE74A
S21403C4B811B9D0F8DC1021B1CB6813B18B68D889D1
S21403C4C870474FF6FF707047E1F746BE10B50C4647
S21403C4D81146E1F767FEE3F779F8012801D1002052
S21403C4E810BD002CF7D10520FAE7FFF786BCFFF747
S21403C4F89ABC70B500232425D0F8DC00C4689C4297
S21403C50801D1212070BD826805FB0322D6898E429D
S21403C51802D8128A8A4201D20133F0E70020F1E7F3
S21403C528F8B506460D46E6F76BFFD8B94FF6FF7320
S21403C5384FF0240CEF68C1B28F4208D81C46214638
S21403C5483046E7F7F7F8FFF763FE2046F8BDAA6814
S21403C5580CFB0122D4899C4202D2002CEFD023463E
S21403C5680130E8E70024F0E7808D70470A7838B58D
S21403C57805461046FFF751FF60B14C782046FFF793
S21403C5884CFF38B12243530704D42846BDE8384045
S21403C598E2F740B8212038BD10B504460878FFF7FF
S21403C5A83CFF58B14A781046FFF737FF30B1042AE4
S21403C5B804D02046BDE81040E2F74AB8212010BD53
S21403C5C8FFF79FBBE2F770BB38B505460C4604F089
S21403C5D830FCD5F88C301C40D5F888302343C5F892
S21403C5E8883004F021FC211E18BF012100204902CF
S21403C5F838BD38B504460D4604F01BFCD4F88C3019
S21403C6081D40D4F8883023EA0505C4F8885004F09A
S21403C6180BFC284638BD38B504460D464FF488113A
S21403C628FFF7E7FF29462046BDE83840E3F724B975
S21403C63873B50D7806460C4635B304238DF80430D7
S21403C6482379304601A98DF80530FFF7A5FF05467F
S21403C658B8B92278A37952BB8DF80430E37930460B
S21403C66801A98DF80530FFF781FF054648B92378F9
S21403C6783BB161883046E2F7D9F901213046FFF726
S21403C688FFFB284602B070BD2946FFF7F9FB29468B
S21403C6983046FFF716FC29463046FFF71AFC237880
S21403C6A8002BCAD123798DF804306379C9E70222AF
S21403C6B88DF80420D3E7FFF704BCFFF712BC00206D
S21403C6C87047704710B50446E7F7C4F821460020BC
S21403C6D8E7F722FFBDE81040002000F03EB9704798
S21403C6E80120704708B5E8F745FD80F00100C0B2A1
S21403C6F808BD4FF0FF30FFF7C1BA704700207047F8
S21403C70810B50C4604F0B0F8048010BD38B50C46D6
S21403C718154604F0A9F803881DB11C43A1B201808D
S21403C72838BD23EA040189B2F9E708B504F09CF892
S21403C738008808BD08B504F097F8C07808BD08B5A2
S21403C74804F092F8008800F00C0008BD08B504F061
S21403C7588BF8008800F00C00031F5842584108BDA8
S21403C76838B5054604F080F804462846FFF7EEFF7A
S21403C77830B904F1100004F0CEFC00F4406038BD74
S21403C7884FF40060FBE738B5054604F06DF8044639
S21403C7982846FFF7DBFF014648B910342046042233
S21403C7A803F0A2FF2044BDE8384004F0B4BCA088D8
S21403C7B838BD10B50C4604F057F8848010BD38B55C
S21403C7C8054604F051F804462846FFF7BFFF01461E
S21403C7D808B1201D38BD10340422204603F084FF18
S21403C7E82044F7E738B5054604F03EF804462846DD
S21403C7F8FFF7ACFF30B904F1100004F08CFC00F42A
S21403C808404038BD4FF40060FBE738B5054604F0F2
S21403C8182BF804462846FFF799FF014648B9103413
S21403C8282046062203F060FF2044BDE8384004F0A3
S21403C83872BCA08838BD38B5054604F015F804461A
S21403C8482846FFF783FF014608B1201D38BD10347C
S21403C8580622204603F048FF2044F7E708B504F00D
S21403C86803F8007A08BD08B503F0FEFF90F909003F
S21403C87808BD08B503F0F8FF807A08BD08B503F0CD
S21403C888F3FFC06808BD10B50C4603F0EDFF04724D
S21403C89810BD10B50C4603F0E7FF447210BD10B583
S21403C8A80C4603F0E1FFC46010BD2DE9F8430F46BC
S21403C8B88046002107F110001646994604F048F80A
S21403C8C80446D0B103F0D0FF0546204603F0E8FF40
S21403C8D8002102462846E0F763FC00232046AB7097
S21403C8E849F00401FFF70CFFA5F804802EB13A4679
S21403C8F8314605F11000E0F7E3FD2046BDE8F8836E
S21403C908F8B505460F461020002104F021F8044622
S21403C918B0B103F0A9FF0646204603F0C1FF002185
S21403C92802463046E0F73CFC002339462046B370FF
S21403C938FFF7E6FE25B12A460121204603F0E0FF6D
S21403C9482046F8BD08B503F08FFF103008BD08B5BC
S21403C95803F0A6FF1038C0B208BD0020E7F704BDF1
S21403C96808B5E7F75FFF002008BD4088C0F30C0052
S21403C9780330800840000430704770B50E460546FD
S21403C9881146304603F0E4FF044635B128B103F0F8
S21403C9986BFF32462946E0F755FC204670BD0088F3
S21403C9A8B0FA80F04009704738B505880022044677
S21403C9B804F01FFC05B1258038BDF8B507460D46BB
S21403C9C800880021164603F087FFB042044605D1C7
S21403C9D829463846BDE8F840FFF7E6BF002120465B
S21403C9E803F07AFFB04205D02046002103F074FF17
S21403C9F80446F3E72A462046002103F081FF324621
S21403CA082846BDE8F840002103F07ABF38B5044647
S21403CA1838B1002104F0E7FB002301465D1C09B981
S21403CA2898B238BD204604F002FC2B460146F5E7CB
S21403CA38F8B5058807467DB1CCB22146284603F0EB
S21403CA484BFF8542064609D100233B800022214638
S21403CA58304603F055FF35462846F8BD214603F011
S21403CA683BFF21460246284603F04AFFEEE72DE938
S21403CA78F04707888246884614465FB3384603F06D
S21403CA880FFF3D460646E4B22146284603F024FF38
S21403CA984045814616D1214603F01EFF214602462D
S21403CAA8284603F02DFF474504D1454508BF002512
S21403CAB8AAF8005000222146404603F021FF3046DC
S21403CAC8BDE8F0878742FAD003F0EAFE30444D46C5
S21403CAD886B2D9E73E46F2E700220123C0E90023DF
S21403CAE87047F8B504460127002604F0AFF9236813
S21403CAF83BB904F0A6F900226368012B0ED16360E4
S21403CB08F8BD1D691F61266004F09BF9012DF2D05C
S21403CB182B462D691E61012DFAD1E6E719691A61BC
S21403CB280B46EAE7036823B94068012803D0E8F709
S21403CB38C1BB002070474FF0FF307047F8B5054675
S21403CB4804F004FA012306460027A8602B7304F0B2
S21403CB587DF92B6802467BB11C692169A1420CBF8B
S21403CB682F6019612761104604F06BF9012C08D071
S21403CB78204663689847EAE76C68012C04D104F0FA
S21403CB8860F900232B73F8BD6169711AB1F1004F80
S21403CB98F5D8216969602361E5E770470220704785
S21403CBA802207047002070470144884201D10120C3
S21403CBB8704710F8013B9342F7D0002070470821CE
S21403CBC8FDF789BE70B50146064692B00020E7F722
S21403CBD86DF8044670B9FDF779FE054601466A46C0
S21403CBE82046E7F7B7FB6A46294620468DF80260D3
S21403CBF8E7F766FE204612B070BD00B593B0FDF7A2
S21403CC0865FE6A4601460020E7F7A4FB9DF9020085
S21403CC1813B05DF804FB00B593B0FDF757FE6A46FC
S21403CC2801460020E7F796FB9DF8000013B05DF871
S21403CC3804FBE7F753BB012070477FB54FF6FF7138
S21403CC4801AAE8F713FE20B1BDF80C0007B05DF89B
S21403CC5804FB4FF6FF70F9E708B504F027FB003826
S21403CC6818BF012008BD08B51046E9F7D3FEBDE88E
S21403CC780840E9F78DBF704770477047704770479D
S21403CC8870477047002100B593B06A460846E7F731
S21403CC9861FBBDF8060013B05DF804FB002110B570
S21403CCA892B004466A460846E7F754FB00216A46EC
S21403CCB80846ADF80640E7F703FE12B010BD00219C
S21403CCC800B593B06A460846E7F744FBBDF8040088
S21403CCD813B05DF804FB002110B592B004466A460B
S21403CCE80846E7F737FB00216A460846ADF80440CE
S21403CCF8E7F7E6FD12B010BD704773B50646E9F7C9
S21403CD08DBF804463046ECF759F82246034600217A
S21403CD183046F7F773FE0546D0B1FFF713FE044611
S21403CD28284603F0A1FD0023E21D121A294608200F
S21403CD380093D2B2FBF777FD0138C0B2012807D8B3
S21403CD4801222946304602B0BDE87040E9F7EAB842
S21403CD5802B070BD134610B50A4600210446F7F71D
S21403CD6827FE014628B12046BDE810400222E9F70F
S21403CD78D9B8012010BD07B5009313460A4600210B
S21403CD88F7F790FD28B1002103B05DF804EBF5F73B
S21403CD983BBB012003B05DF804FB2DE9F04F87B0D9
S21403CDA80C4691460746FFF7CAFC0546661C3046FE
S21403CDB804F0B1F9042D40F090803846FFF7C2FD21
S21403CDC80378092203F00303012B14BF022303236A
S21403CDD801212046039303F087FC09220021054618
S21403CDE8204603F081FC21788DF8170001390022CC
S21403CDF8204689B2FFF7C1FD04EB09088346F0B164
S21403CE084FF0010A2A460146CDF800A003980DF113
S21403CE181703FBF708FD0228054626D1584603F0F4
S21403CE283FFD00222070C0B2431E00929BB25246BA
S21403CE385946304604F074FA237853442370384628
S21403CE48FFF773FC020424D498F8013021789B0773
S21403CE581FD50139A1EB09013A464046C9B2EDF799
S21403CE68C9FD23781844207013E020B9207028469B
S21403CE7807B0BDE8F08F032809D1404604F04BF904
S21403CE8820F4007189B2404604F047F9D7E704282E
S21403CE98D5D10125002220462178FFF76EFD0746E7
S21403CEA80028E4D04FF000080146434601224046D6
S21403CEB8CDF80080FBF7B7FC022819D1384603F0F3
S21403CEC8EFFCC2B2013A207093B2394601223046CB
S21403CED8CDF8008004F024FAC9E780F0800520F036
S21403CEE8800081B23046C5F3C01504F016F9D1E7C1
S21403CEF80028BCD12070BAE708B50020FFF7F2FB7C
S21403CF0880F00100C0B208BD0A4608B501460020F5
S21403CF18E9F708F8B0FA80F0400908BD0020E7F7FB
S21403CF2803BE00210846E7F7A7BA0020FFF7D8BBD9
S21403CF3870B5044604F0EFF804220021064620469E
S21403CF4803F0D2FB204404F0E6F80322054600214A
S21403CF58204603F0C9FB204404F0DDF84FF6FF73C0
S21403CF680540ADB29D4214D1F30712D5062200211F
S21403CF78204603F0B9FB204404F0CDF80446E9F74D
S21403CF8843F8844214BF02240624E9F737F82040FE
S21403CF9870BD2046FBF75FFEC400E4B2F5E708B5AC
S21403CFA8FFF7C6FF003818BF012008BD01207047E9
S21403CFB810B50446FEF798F908B9FEF797F903057E
S21403CFC80FD40C231B2B01D1002009E020FA03F110
S21403CFD8C90703F1010206D5DBB2E31A58425841E2
S21403CFE810BD0B23F9E71346ECE710B50C46098882
S21403CFF819B90846F7F7BCFC2080012010BD08B510
S21403D00810461A4600F0B8FABDE8084004F021B8FE
S21403D01870B504460D46164692B06A46E7F79AF97F
S21403D0286A46294620468DF81F60E7F749FC12B082
S21403D03870BD10B50C46E9F7C3FB2046BDE81040A3
S21403D048E9F7D4BA0129F8B505460C461DD00329D5
S21403D0581ED0052920D0072922D000260024002721
S21403D0680120E7F7BBF8304485421DDA0320E7F7CB
S21403D078B5F82044854219DA0520E7F7AFF83844AF
S21403D0888542B4BF07200520F8BD6FF00406E5E720
S21403D0986FF004040526E2E700266FF00407DFE7CF
S21403D0A8002405272646DBE70120EDE70320EBE708
S21403D0B838B5054600242046E7F790F80134A84219
S21403D0C8E4B202D9062CF6D10724204638BD38B177
S21403D0D84379490023F00C0301F00C010B43437119
S21403D0E8704710B5044678B141794088490801F07D
S21403D0F806010131000AFFF7A5FF0246014620464E
S21403D108FFF7E5FF104610BD0722FBE738B50D46C7
S21403D118E9F744FB044608B9002038BDFFF7E1FFEA
S21403D128002DFAD1237913F00703F5D0984238BFB8
S21403D1381846C0B2F1E7037923F0070319430171D0
S21403D1487047037903F00F0343EA0113037170472B
S21403D1580022E9F7C7BE0021012208B5E9F7C2FE97
S21403D168401A18BF012008BD38B51546FFF7F0FF6B
S21403D1780446284604F0B0F884B1FF2804D0626851
S21403D18822FA00F3DB0701D5012038BD01238340CB
S21403D19813436360E3780133E370F5E72046F4E767
S21403D1A8EAF70AB910B503F05FFB00F1100420464E
S21403D1B803F0B1FF20F4007189B22046BDE81040A1
S21403D1C803F0ABBF2DE9FF411546019101218DF808
S21403D1D80D301B0A8DF80E309DF82C308DF80C0098
S21403D1E88DF80F3028460423009103AA9DF828805B
S21403D1F89DF830709DF8346001F0D8FC044670B191
S21403D2082946FFF7D6FAB8F1000F02D12046FFF7F2
S21403D218C9FF2FB146B931462046F5F7F5F800247D
S21403D228204604B0BDE8F081002220461146EAF7FE
S21403D23849F8F4E74FF47A70EAF79EB9F0B506466C
S21403D24887B010461C460F461546FFF77BFB9DF82E
S21403D2583030184443789CB16178012211F0020FEC
S21403D2680CBF032100210020CDE90142CDE90310BC
S21403D2780722394630460095EAF71AFA07B0F0BD92
S21403D28822462146EFE708B5E8F728F8BDE8084040
S21403D2980020EAF749BC00B58BB06846EAF748F9B8
S21403D2A8009BBDF8060004A90693EAF7E7F80BB057
S21403D2B85DF804FB1FB504466846EAF739F902AB7E
S21403D2C803CB2060616004B010BD1FB50623044677
S21403D2D88DF80C30EAF7B8FD00238DF80D00CDE97C
S21403D2E8003301210223204603AA01F05FFC04B0A1
S21403D2F810BD70B50C4605460120EBF799FC237B59
S21403D3084BB1FFF7BFFC014623462A46BDE87040EB
S21403D3180120EBF747B84FF6FE71F5E7F8B50E466A
S21403D3280746FFF70FFB054603F0F5FE00F44040FB
S21403D338B0F5404F14BF0022062202F10A03EB5C45
S21403D3480B325C0004F00E045B08144403F0380345
S21403D35838461C44FFF7FBFA844208D2001BC2B2C5
S21403D3680F2A28BF0F2230462919E0F7A9F82046C6
S21403D378F8BD40F62740ECF78DBB13B5F5F7E6FA8C
S21403D3886946044600F0E1FF58B1FFF77BFC40B15D
S21403D398E8F798F828B10023022269462046F2F7F0
S21403D3A895FE02B010BDFF224FF6FF71ECF7BEBD27
S21403D3B807B500210DF10700ECF746FF9DF80700B7
S21403D3C803B05DF804FB13B5044601A90020ECF787
S21403D3D83BFF019A01462046ECF74CFF204602B075
S21403D3E810BDF0B50F46002187B00446084616461A
S21403D3F8ECF72AFF012305460DF10A008DF80840CD
S21403D4088DF80930FFF756FF092C1DD131460DF16B
S21403D418120003F082FE05AB002102AA9B1A2846D7
S21403D428CDE90011DBB2642101F0C0FB0546E0B18B
S21403D438092C15D1ECF768FF044688B12846ECF7A3
S21403D44877FF204607B0F0BD31460DF113008DF87F
S21403D45812704FF6FF7503F060FE0DF11503DBE758
S21403D468284600F02EF80446EBE70446E9E77FB5BE
S21403D4780D461646ADF80E0003F012FA841BE4B206
S21403D488BDF80E20631B9BB21046294600937319FA
S21403D49801F0C0FA21460DF10E0001F093FA04B02C
S21403D4A870BD38B504460D4603F033FF40B1AC42B1
S21403D4B806D0204603F0F8FBBDE8384000F0DBBF93
S21403D4C838BD10B50446FFF73DFA023003F023FED5
S21403D4D84FF6F7739842204603D9BDE81040EDF798
S21403D4E8A9B8EDF7F3F8B0FA80F0400910BD0022AA
S21403D4F8ECF7C4BF70B50546FFF724FA0646284678
S21403D50801F078FB01462846F7F7E4FE044628466A
S21403D518FFF739F94FF6F773984208D8337803F0CC
S21403D5280303012B05D1A31E5842584170BD0120A1
S21403D538FCE70020FAE741F2033330B585B00D4621
S21403D548ADF808300446FFF79DFB8DF80A00FFF791
S21403D55899FB0021000A8DF80B0005232046CDE928
S21403D568001102AA8DF80C5001F020FB10B12146D9
S21403D578FFF7BDFF05B030BD2DE9F0410446174659
S21403D5880D46E1B13F294FF0000600D13546204647
S21403D598FFF7D5F8082814D10121204603F09CF993
S21403D5A8064603F07DF90446304603F05DF93B462C
S21403D5B801462A46E0B2BDE8F041FDF73EBA012629
S21403D5C8E5E72046FFF7BBF8024630B9BDE8F04169
S21403D5D84FF6FF71012003F067BD2046FFF7C0F83A
S21403D5E8B0F5006F0ED12046FFF7CDF84FF6FF7360
S21403D5F89842014617D0002D0CBF032005200022B1
S21403D60803F052FD29462046E9F714FF68B9294670
S21403D6182046EEF7EFFC40B9324629462046BDE8D9
S21403D628F041EDF70FBB0120E9E7BDE8F08137B518
S21403D6384FF6F675FDF74DF9431E9BB2AB4204460B
S21403D648F8D8E9F7ABF80028F4D169462046E8F796
S21403D65899FB0028EED0204600F0DCFF0028E9D12D
S21403D6682046FFF778FD0028E4D12046EEF736FD7E
S21403D6780028DFD1204603F04CFE0028DAD12046E6
S21403D688FDF73DF90028D5D1204603B030BD73B564
S21403D69804460E46EEF722FD054688B92046EEF701
S21403D6A877FD21462B460D224FF6FD70009500F0B8
S21403D6B856F83146204602B0BDE87040EEF72ABD5C
S21403D6C802B070BD37B5054614460C2914D8DFE8F2
S21403D6D801F02C132C13131307131313132424000A
S21403D6E86946E8F74FFB18B901216846F3F7D0F8FF
S21403D6F841202946F8F794FAD4B12046FFF722F9D1
S21403D708023003F008FD4FF6F773984210D9204607
S21403D71803B0BDE83040EDF7A5B940F6144040F62F
S21403D72813430B2908BF1846E3E7F6F79BFCE3E722
S21403D73803B030BD1FB50346084603218DF80D30E8
S21403D7488DF80C1001230021ADF80E20CDE9003129
S21403D75803AA042301F02AFA05B05DF804FB2DE9B1
S21403D768F34106460F4614461D469DF82080FFF7EC
S21403D77889FAB04207D100222146384602B0BDE8EE
S21403D788F041FFF79FBF3A4631462046FFF7D2FFE0
S21403D798ADF8060060B10D2C05D100224FF6FF71D7
S21403D7A8282003F081FC35B9BDF80600FFF789FE8B
S21403D7B802B0BDE8F0810123424629460DF1060072
S21403D7C8E7F7E0FCBDF80630002BEDD1F0E7F7B538
S21403D7D80C460546FFF7B6F8611C06462846F7F7D3
S21403D7E879FDA11C0746284601F027F90146044699
S21403D7F83846FDF7BAF80D2F34D12046EEF76EFCFF
S21403D80878B1301D03F087FC04462846F679FEF700
S21403D818FCFF31460246204603B0BDE8F040FFF75A
S21403D828A3BCB01C03F077FC4FF6F773984202D9F3
S21403D8382846EDF717F92046EEF7AAFCFFF722FA73
S21403D848A04205D1002003B0BDE8F040EEF7E4BCE3
S21403D8586B46B068F16803C369462046EEF75AFC80
S21403D86803B0F0BD2A463946204603B0BDE8F0406B
S21403D878FFF728BF14220021DFF792BC2DE9F04FEB
S21403D88811F00F0704460E4615468FB05CD10120EB
S21403D898DCF7D8FF09A8FDF778F9092309A88DF856
S21403D8A82430FDF776F909A8DCF79EFF01A909A835
S21403D8B8FDF700FB26F00F08A84404F1100904F14D
S21403D8C80F0A454511D1236901A93344236109A8E1
S21403D8D8FDF7D5FA0020DCF7B5FFB6F1005F28BFE1
S21403D8E8272738460FB0BDE8F08F05AA2346964685
S21403D8F89446186859680833ACE803004B456246F3
S21403D908F6D12B46224605F1100B53F8041B5B454C
S21403D91842F8041BF9D1714609A8FDF7B0FA09A81D
S21403D928DCF762FF224621460120DCF747FF013D6C
S21403D938631E13F8012F15F8011F534582EA0102E7
S21403D9481A70F6D15D46BCE70227CAE7F0B5174654
S21403D95885B005460C46102200216846DFF720FCF2
S21403D968BFB3C4B30F2C04F00F0608D924F00F0472
S21403D9783A4621462846FFF781FF40BB27443246EE
S21403D98839466846DFF79CFD80222F6906F11003A7
S21403D99837446B44B7F5005F03F8102C2F61C6F1C4
S21403D9A810061AD3062E1FDDFB001A0E8DF80A2062
S21403D9B81A0C5BBA8DF80B20ADF80C306A461021AA
S21403D9C82846FFF75BFF00202B69103B2B6105B049
S21403D9D8F0BD3E46D8E72646D6E7022E04DDFB0012
S21403D9E85BBAADF80E30E9E76A4610212846FFF71A
S21403D9F845FF2B691022A3F11004002168462C6109
S21403DA08DFF7CEFBB7F5005F4FEAC403CDD2E7E7EF
S21403DA1870B50E46054686B001A81446FFF72AFFDA
S21403DA283246294601A8FFF791FF2246054601AB71
S21403DA3805AE1C4603CCB44210605160234602F17F
S21403DA480802F6D1284606B070BDEEF783BC0A4630
S21403DA580021EEF77FBCF0B58BB00C4601A9EEF7B4
S21403DA6879FC054680B325220021E01CDFF798FBE6
S21403DA780123A3700E23BDF810702380FA0510D572
S21403DA8823464FF4877206AE23F8042B0DF1280CB1
S21403DA98324603CA624518605960164603F10803FE
S21403DAA8F6D13B0605D5238843F080032380069BDF
S21403DAB8636001AB03CB039BC4F81D00C4F82110B5
S21403DAC8A361EFF753FF606128460BB0F0BD30B58E
S21403DAD805460C4687B001A8FDF757F82868696815
S21403DAE802AB03C39DF8113043F002028DF81120F0
S21403DAF874B12288510644BF43F006038DF81130EB
S21403DB08530542BF9DF8113043F008038DF81130D2
S21403DB1801A8FDF735F9B0FA80F0400907B030BD23
S21403DB2870B58AB00D46002201A90446EEF712FC2A
S21403DB3888B1204604A9FFF7CAFF60B1BDF8106094
S21403DB48FFF7A0F838B9720601D5730503D5294639
S21403DB582046FCF776FF0AB070BD2DE9F3410F4661
S21403DB680546164602F09CFE4FF00008C41BE4B2B6
S21403DB78294623463A463046CDF8008003F0D0FBC4
S21403DB880121284602F0A8FE88B10121284602F0A2
S21403DB98A3FE074602F084FE0546C3B24246301982
S21403DBA83946CDF8008003F0BBFB2544ECB220468B
S21403DBB802B0BDE8F0812DE9F04F85B00C46054666
S21403DBC891461F464FF0010ADDF838809DF83CB0B1
S21403DBD802F066FE22463B4629460646CDF800A0D6
S21403DBE8484603F09DFB5146284602F075FE3C4422
S21403DBF818B35146284602F06FFEF6B2B442814681
S21403DC0810DAE7B2F31BDBB2404622462946CDF8C4
S21403DC1800A003935F4403F083FB039BBF1B984456
S21403DC2807F0FF0B012300220E9349465B46404646
S21403DC3805B0BDE8F04F03F073BB5B4622462946A2
S21403DC48CDF838A0F3E72DE9F041002686B007465D
S21403DC5808460C4615469846CDE9026604968DF89E
S21403DC68146002F01DFE411BCBB20D2B28BF0D23FB
S21403DC782A462146009602A803F052FB424602A90A
S21403DC883846EEF7E1FD0646294620469DF8082065
S21403DC98F7F734FB304606B0BDE8F0812DE9F04FC0
S21403DCA80E46CBB00121054617461C4602F014FE65
S21403DCB823463A462946814606A8FFF7C4FF0DF1D0
S21403DCC8280A00EB070B5246314628465FFA8BFBB9
S21403DCD8FFF743FFB34503D200204BB0BDE8F08FF0
S21403DCE8ABEB06085FFA88F808F104039842F3DBFF
S21403DCF8331F18440423C4B20193A31BDBB2009357
S21403DD08524643460021CDF808A006A8DCF70AFDCC
S21403DD180028E1D1A4EB0B040AEB0803E4B252464D
S21403DD2828463146009301944346FFF744FF394695
S21403DD382846F7F7CFFA394600F0F8022846F7F7E9
S21403DD48DDFA0121284602F0C7FD002818BF4D4614
S21403DD582846ADF8165002F0A3FD011FC9B20DF10F
S21403DD68160000F02FFE0120B7E72DE9D841064636
S21403DD7800F040FF411C044689B2304600F00DFF10
S21403DD8898B394B321463046F7F7A4FA00F00C0389
S21403DD98042B074629D000F00308B8F1020F00D178
S21403DDA81BBB384600F0AFFF3B060444A4B216D5A7
S21403DDB8611C304689B200F0F0FEB0B12146304609
S21403DDC8F7F788FAB8F1010F014600F003030CD001
S21403DDD8032B0AD0384600F0A5FF03199CB2214648
S21403DDE83046BDE8D84100F0D8BE0020BDE8D8814B
S21403DDF8F8B5064600F0C0FE054604463046FEF76C
S21403DE08A1FD43785B0718D5AC1CA4B2214630465F
S21403DE1800F0C3FEB8B129463046F7F75BFA074663
S21403DE28691C304689B2F7F755FA1FB1874201D8FD
S21403DE38FF2808D104EB4704A4B221463046BDE8C0
S21403DE48F84000F0AABE0020F8BD13B5044601A8A2
S21403DE58EEF752FFBDF80430DA0710D49B0707D451
S21403DE6810220021204602B0BDE81040DFF798B91B
S21403DE78224621461020FFF7CBFD0028F0D102B03A
S21403DE8810BD024608B5EEF75FFF510544BF0838D4
S21403DE98C0B2130544BF0838C0B208BDF0B5D307EF
S21403DEA805460C468BB04AD5008800F0A3FE00232F
S21403DEB80646029314B9CDE9034403AC00220821AD
S21403DEC82046FEF771FEA8B12888FEF73BFD023010
S21403DED803F021F921460746E7F754FF50B100221D
S21403DEE840231146384600F01DFA40F609452846F1
S21403DEF80BB0F0BD31462888F7F7ECF910F0030F9E
S21403DF080CBF01260026EEF769FA46EA4000C0B2BF
S21403DF1800900021204602AB05AAF0F77FF90546D4
S21403DF28EEF75CFA0028E2D0002DE0D00021204668
S21403DF38009602AB05AAF0F771F90546D7E740F64F
S21403DF480A45D4E700231A46F0F7C2B830B58BB0B3
S21403DF5805AD04462846FCF718FE0223284601A901
S21403DF688DF81430FCF7A6FF234601AA144603CC03
S21403DF78AC4218605960224603F10803F6D10BB089
S21403DF8830BD08B50023024619461846F0F7A0F830
S21403DF98012008BD37B504466846F0F711F905466B
S21403DFA848B1082221466846DFF746FCB0FA80F0F7
S21403DFB8400903B030BDFF2208212046FEF7F4FDD2
S21403DFC8034628B106212846FFF7BCFF0120F0E7E1
S21403DFD822460146F0F77CF8F8E707B56846F0F7F7
S21403DFE8EFF810B16846FDF7E3F800F0010003B058
S21403DFF85DF804FB0120F0F71DBE704737B50446ED
S21403E0080846FEF7DCFB0546FEF73CFE0023014602
S21403E018009322462B460120F6F748F903B030BD95
S21403E02830B50124054689B003A8FCF7AEFD01A860
S21403E0388DF80C40DCF736FC9DF806209DF8073073
S21403E048AA4209D0AB4209D103A88DF80D40DCF7E4
S21403E058CBFB012009B030BD0024F5E70020F9E723
S21403E06800221021FEF7A0BD7FB50D4600F58230CD
S21403E0780D22694600F58070D0F7FAFD6B462A46EE
S21403E08802AE1C4603CCB44210605160234602F12C
S21403E0980802F6D1206810602379137100236B7386
S21403E0A804B070BDF0B585B06A4605460B461646FD
S21403E0B801F10807144618685968083303C4BB42B5
S21403E0C82246F7D118680D2220601B7905F58230A1
S21403E0D83146237100F58070D0F7F6FD05B0F0BD24
S21403E0E838B504460D46DBF7A1FEA04205D92046FF
S21403E0F82946FFF7B9FF002038BD2820FCE730B5CE
S21403E108002485B08DF80040DBF790FEE5B2A84200
S21403E11804D8F2F721FA002005B030BD6946284630
S21403E128FFF7C0FF0134EFE738B50446002002F0D6
S21403E1388BFDFF2805460FD002F00EFE10F00100F7
S21403E14809D0284602F008FE400840EAC17080F06D
S21403E158010000F0010038BD04F00100FBE70146AA
S21403E168F8B506460020F2F731F9FF2801D001205A
S21403E178F8BDDBF74BFE00240546871CDBF74AFE93
S21403E188E3B2984201D80020F2E735F82430B342C8
S21403E19803D117F82430002BE9D10134EEE738B55C
S21403E1A80D460121044602F097FB30B101212046B3
S21403E1B802F092FB2880012038BD20462C8000F010
S21403E1C80EFE0130C0B2F7E72DE9F04788B00746E0
S21403E1D8894610460DF10A011D469046FFF7DFFFF4
S21403E1E84FF0000ABDF80A6004463046CDE905AA92
S21403E1F8CDF81BA002F054FB031BDBB20B2B28BF86
S21403E2080B2322463146CDF800A005A803F088F86C
S21403E21848F21F039D4243D00BD885F40043012BD5
S21403E22815D923464246494628460097FDF713F86C
S21403E23833E048F23A039D42F3D1FEF723FDB84292
S21403E2482BD02246414605A8FDF73AF825E09DF867
S21403E258143013BBBDF81D40DDF81500DDF81910A2
S21403E26803AB03C3204603A9DCF702F801222046C2
S21403E27803A9EEF705F8A74206460ED0012103A820
S21403E288F2F706FB48F201039D4206D12EB9334640
S21403E29832463946204600F046FE08B0BDE8F08709
S21403E2A89DF81450002DF8D12F469DF8158002349A
S21403E2B8EAB24245F1D2D200D2B22244082331460A
S21403E2C892B2009703A8CDE9037703F029F803A8C9
S21403E2D8F4F76CFB02F0E8FC00F0CDF80135E7E74D
S21403E2E808B5E6F7FBFFBDE80840F2F70FBD10B523
S21403E2F80024418084800480C280038110BD13B546
S21403E308BDF81040CDE900340023F2F767FE02B0EB
S21403E31810BD13B5BDF8104001900094F2F75EFEE9
S21403E32802B010BD07B500930123FFF7F2FF03B051
S21403E3385DF804FB0123F2F7F7BE0121F4F764B88E
S21403E34801464FF6FF70F3F787BF10B50C4602F089
S21403E358ABFCFF2808D0F4F711FB20B10368236051
S21403E36843680120636010BD0020FCE710B504462F
S21403E378FEF7F6F9B0F5006F204605D1FEF703FA67
S21403E388BDE8104002F090BCFEF719FABDE810404D
S21403E39802F0BBBF08B502F087FCFF280CD002F0DA
S21403E3A8DBFC10F0010309D0400840EAC17080F096
S21403E3B8010000F0010008BD0020FCE71846FAE754
S21403E3C81FB500F582300B2201A900F5C070D0F7FF
S21403E3D84FFC9DF80E0005B05DF804FB30B589B018
S21403E3E801F0010503A90446F4F7EAFE9DB190B9C6
S21403E3F8204602F0B1FC10F0010109D0204602F0D5
S21403E408ABFC430843EAC17383F0010303F001013D
S21403E41803A8F2F73DFA2046F5F76AFE9DF814308E
S21403E428294600932046BDF8162003ABFCF781FA6D
S21403E43809B030BD7FB50C460546F4F787FAA04207
S21403E44817D04FF6F7739C4213D805F5823606F5B0
S21403E458C0760B2201A93046D0F70AFC01A90B2285
S21403E4683046ADF80C40D0F72FFC21462846F4F783
S21403E478BFFA04B070BD10B50446DBF7DDFCA04256
S21403E4880FD92046F4F762FA4FF6FF73984208D07E
S21403E49820460021FFF7A2FF2046BDE81040F4F708
S21403E4A8E9BE10BD10B50446FEF7ECFB0023024692
S21403E4B819462046BDE81040F5F736B82DE9F04171
S21403E4C814460F4605469846FEF73CFA06460430B9
S21403E4D802F021FE20802846FEF797F96080B3797C
S21403E4E8791CE372C9B22846F6F7F4FEB91CA07283
S21403E4F8C9B22846F6F7EEFEFE1C2072F6B2B8F14D
S21403E508000F18D03146284600F097FA0537FEB2B2
S21403E5183146A080284600F090FAB11CE080C9B2C4
S21403E5282846F6F7D7FE6072217AA0880122BDE84E
S21403E538F041F5F719BD2088EAE72DE9F04186B0E2
S21403E54890461E4604460D46FEF79CFB4FF6F773A9
S21403E5589845074632D80523A0428DF80C304FF06D
S21403E568010214BF012300234FF0000118BF8DF8E2
S21403E5780D30CDE9002114BFADF80E008DF80D302F
S21403E588284614BF0423022303AA00F00FFB0546FC
S21403E598A0B1A7421AD0FEF7D5F90746214604309C
S21403E5A8803E02F0BAFD2046FE7104A9FFF7CDFEB1
S21403E5B840B9204604A9E7F7F9F818B9002006B0C9
S21403E5C8BDE8F081284604A900F07EFB41462846AC
S21403E5D8FEF78DFFF3E7037923F00303194301F0EE
S21403E5E83F010171704707B50DF10701F5F762FBA7
S21403E5F803B05DF804FB08B5FFF7F5FF18B1BDE8EF
S21403E6080840F5F7A7BB08BD00224FF6FF70114672
S21403E618F5F7AABC10B50446FFF7E5FF024638B976
S21403E62801462046F5F7A0FC003818BF012010BDA8
S21403E6380120FCE7F8B5174604460E46FFF7D3FF56
S21403E6480546386068B1037903F00303337023B9CA
S21403E6583A68137903F03F0313713B685C882046D6
S21403E668F8BD01462046FEF751FD074628B1E8F7F0
S21403E678A3FA874201D83570F1E731462046FCF7FE
S21403E688E4FD0028EBD003234FF6FF743370E6E768
S21403E69807B501AA0DF10301FFF7CCFF9DF8033078
S21403E6A853B9019828B1037913F0300F14BF01202A
S21403E6B8002003B05DF804FB0020FAE72DE9FF41CC
S21403E6C80646104688461546F4F770F90746FEF7D9
S21403E6D8D9FA044648BB4FF6FF739E4225D09F429D
S21403E6E806D00146384604B0BDE8F041EBF72EBD28
S21403E6F807238DF804302B680246CDF805306B687F
S21403E708092101A8CDF80930FEF737F9024618B9EA
S21403E718192004B0BDE8F081012341463046F0F7DE
S21403E7287FFF0028F4D02046F3E70220F1E72DE91F
S21403E738F04390460F4606464FF0010991B00BA8E2
S21403E74803ADFCF722FA07AC29460BA8ADF82C90C4
S21403E758FCF7B0FB95E80F0084E80F004B46002251
S21403E76839463046CDE90048F1F776F811B0BDE8EA
S21403E778F0832DE9F04F002785B081460C467E20AE
S21403E78839469846BDF83CB09DF844A0BDF84C50B1
S21403E7980192ADF80E7002F0DBF80646002800F08A
S21403E7A8AA8002F061F839467E22DEF7F9FC304685
S21403E7B802F05AF80090304602F056F8B9F1FF0F07
S21403E7C80CBF274644F003073B0A14F4406207705D
S21403E7D843705FD14FF00808C31C18464246019998
S21403E7E8DEF730FD034604F44044434484B1790617
S21403E7F806D419464FEA1B2201F802BB5A700B4689
S21403E808B4F5004F56D0A4F5404254425441E400B0
S21403E818224618460E99DEF715FD009A034620444D
S21403E828A0EB02085FFA88F89DB14FF47C521A539E
S21403E838841C284602F018F88346284602F030F867
S21403E848C5B22A4659462046DEF73AFE601902350F
S21403E858EDB2B9F1FF0F2FD05246109900F8019B7D
S21403E868DEF72EFE08F101015AFA81F129443046F3
S21403E878E6F71EFC0C210022FF0007F0800710466F
S21403E8883943FEF73DF8ADF80E00E8B9002005B0A9
S21403E898BDE8F08FB2F5006F80F803804FEA1828BA
S21403E8A880F8048000F1050314BF4FF008084FF002
S21403E8B8020892E70224ABE708EB0A01294430462C
S21403E8C8E6F7F6FB0821D6E7304601F0CDFF044607
S21403E8D8304601F0E5FF0123024621460DF10E00FE
S21403E8E8E6F750FC0028D1D10121BDF84820BDF831
S21403E8F80E0002F005F8BDF80E00C8E710B50C4682
S21403E908098821B90846F6F733F8208008B10120AC
S21403E91810BD0220FCE72DE9F04780460F46064661
S21403E928002402F1FF39BC4202D219F8015F25B967
S21403E938A6EB080080B2BDE8F0879A46A5F1310237
S21403E948012A5AF8041B10D83246322D02F8011B46
S21403E95806D10134A4B2A74232D30912B21C71708D
S21403E968013453461646A4B2DDE7342D0CD10334DE
S21403E978BC42DDDA0B0A317073700B0C090EB370E8
S21403E988321DF170A4B2EBE7A5F13302062A0DD8BF
S21403E998303DADB22B19BB42CADA2A463046013C93
S21403E9A8DEF750FC15FA84F47219EBE7A5F1410279
S21403E9B8062A01D8373DECE79D8803F1080AE9E7FC
S21403E9C81646B5E770B5054600880C4601F068FF9D
S21403E9D8A04228880AD201F063FF0023221A1946A8
S21403E9E82846BDE8704092B2E6F7CCBB2146E6F768
S21403E9F85FFB002070BD38B5054601F035FF0446B9
S21403EA08284601F04DFF002201462046BDE838405F
S21403EA18FDF7B3BFF8B516460C461D46BDF8187085
S21403EA2801F022FF0444304601F01EFF3A4641191E
S21403EA382046BDE8F840DEF705BC70B50C46013144
S21403EA4889B20646F6F746FC214605463046F6F7EB
S21403EA5841FC00EB052080B270BD1FB50123ADF85D
S21403EA680C2000930A460223014603A802F058FC2A
S21403EA7805B05DF804FB0FB437B5069D0021A8B2B0
S21403EA8801F066FF044601F0EFFE2CB1002207AB47
S21403EA980193D1B28D4205D8204603B0BDE8304075
S21403EAA804B0704753F8041B81540132F1E773B579
S21403EAB804460D4640200021164601F049FFADF8EE
S21403EAC8060001F0D1FEBDF8063013B9002002B0E7
S21403EAD870BD402133462A462044FFF71CFF211801
S21403EAE889B20DF10600FFF76DFF0028EED1BDF8D9
S21403EAF80600ECE70EB403B503AA52F8041B01920A
S21403EB08FFF7D5FF02B05DF804EB03B070472DE9B5
S21403EB18F7430F4601218146164601F0DDFE0546FA
S21403EB2858B1FFF768FF308088B9284601F0B8FE69
S21403EB3868B1192003B0BDE8F083484601F0B0FE7B
S21403EB48FF2FA0EB0704E4B214D014B934800020D6
S21403EB58F0E72A4621462846FDF70FFF8046002899
S21403EB68E7D03B464A4629460094FFF753FFA6F8E4
S21403EB780080ECE70120DDE708B5FDF7E3FE437800
S21403EB8803F001001A074CBF10300830DB0644BFF9
S21403EB980830C0B21030C0B208BD10B50C4601F03C
S21403EBA87FFEA04234BF0020012010BD7FB5144667
S21403EBB80091024641F2092141F609209DF820609A
S21403EBC81D46002E18BF0146099B0020F6F7AAFB30
S21403EBD8ADF80E0010B9002004B070BD01232A4614
S21403EBE821460DF10E00E6F7CDFA0028F3D1BDF85D
S21403EBF80E00F1E738B50546FFF7BEFF044628467C
S21403EC0801F04EFE631C9BB283420FD82846FDF7DD
S21403EC1899FE43785B0707D521462846F6F75AFB3D
S21403EC28013004EB4004E4B2204638BD0024FBE779
S21403EC381FB5ADF80E0001F033FE0446BDF80E000E
S21403EC48FFF7D8FF00F10E03DBB2BDF80E2001462E
S21403EC58E01A80B200901046FFF7DCFEA4F10E011E
S21403EC6889B20DF10E00FFF7ADFE04B010BD427871
S21403EC78034612F0080006D0D20702D403F10800B0
S21403EC88704703F10900704737B505460C46FDF78C
S21403EC9859FE437813F0100212D09CB103F0010218
S21403ECA81B074FF000032946009320464FF008033E
S21403ECB854BF1832203202F033FB012003B030BDB4
S21403ECC81046FBE72046F9E773B505460C46FDF7FD
S21403ECD839FE437813F0100211D094B1012603F0DD
S21403ECE801021B0729464FF00803204654BF183273
S21403ECF82032009602F014FB304602B070BD104670
S21403ED08FBE72046F9E700F00303012B08D0C30608
S21403ED1806D400F00C000C2814BF082009207047FE
S21403ED2802207047034611F0030005D003F00303DF
S21403ED38022B14BF022003207047F8B50C4606467C
S21403ED4801F0AEFD631C834202D900252846F8BDB0
S21403ED5821463046F6F7BEFA0746FFF7D4FF3B06CA
S21403ED680546F3D50444304601F09AFDA4B2631C65
S21403ED789BB28342E9D821463046F6F7ABFA0146FA
S21403ED883846FFF7CFFF2844C5B2DFE770B5064617
S21403ED980D46FFF7D2FF044610B90024204670BD7F
S21403EDA829463046F6F796FA8206F7D5304601F036
S21403EDB877FD2544ADB26B1C9BB28342EDD829463A
S21403EDC83046F6F787FA00F01803082B14BF053405
S21403EDD80634E4B2830644BF0834E4B2DEE738B543
S21403EDE80546FFF707FF044608B9002038BD014665
S21403EDF82846FFF7CBFF0028F7D02044C0B2F5E734
S21403EE082DE9F04387B005460C46FDF79BFD804683
S21403EE1802F081F907462846FFF7ECFE0646014648
S21403EE282846FFF78AFF0022034600922946324601
S21403EE3802A802F075FA9DF8086006F00C030C2B7E
S21403EE4806F003090BD0B9F1010F59D0F10657D4D0
S21403EE589DF809300DF10A050020637107E0FF23CA
S21403EE680DF10900637102F056F90DF10B052081C7
S21403EE7898F80130DA0704D508F1020002F04BF9D6
S21403EE882081B9F1010F5FFA89F83DD0F3063BD428
S21403EE98284602F040F96080A81C02F03CF90535C4
S21403EEA815F8013C208023712B78B006A37206F070
S21403EEB8400348BF43F02003390627D543F40073BD
S21403EEC8F80448BF43F48063390548BF43F4006336
S21403EED83206E38011D56A7812F003020DD06FEA82
S21403EEE843436FEA5343A978B8F1020FE3800B460E
S21403EEF811D1EB7841EA0321218107B0BDE8F083FD
S21403EF08FF230DF10905A7E7FF23CCE77A0648BFD9
S21403EF1843F48073D4E7012A04BF0B029BB2238110
S21403EF28EBE7F6F7DBBE0BB1F6F744BF0AB9F6F71D
S21403EF38BDBFFF21F6F7E6BE431C08BF0020DFF778
S21403EF4805BA0000034B5868C0F30800003818BF1A
S21403EF580120704700ED00E0014B1868704700BFBA
S21403EF6820670020084B1B6F03F00703022B04D00F
S21403EF78032B05D0012B05D0FEE7044B1868704712
S21403EF88034BFBE7034870470080005020670020C8
S21403EF9828670020002D310108B5FFF7E3FF054B6E
S21403EFA81B6FC3F303330133B0FBF3F0024B186054
S21403EFB808BD00BF008000501C670020004870474B
S21403EFC800B4C40400487047002D3101014B18688B
S21403EFD8704700BF28670020014B1868704700BFBA
S21403EFE824670020B8B1036813F4E07F03F03F00FA
S21403EFF8C3F382120AD0012A0DD1084B41B103F597
S21403F0088053012282401A6000207047044BF5E7BC
S21403F01803F50053F5E70E20704700BF68800050DD
S21403F0286480005007B500F095FC6A4600F0F2FCD1
S21403F03818B14721034801F090FFDDE9000103B04A
S21403F0485DF804FBC71A04000229F8B596BF104BEF
S21403F05800245C5C012805460E4608D0022809D021
S21403F06808B944F002040B4B1F6837B9F8BD44F0DF
S21403F0780804F8E744F02004F5E77B681A681442A6
S21403F08803D0314628465B6898473F68EDE700BFDC
S21403F098E6B10400A43C002038B5104D2B78ABB17C
S21403F0A80F4C23781BB100F04FFA0023237000207F
S21403F0B801F066FF0B4C50B100F098FA00230121CB
S21403F0C820782B70FFF7C0FF0123237038BD012279
S21403F0D8054B1A702278054B1A70F7E7D05C0020A8
S21403F0E8CE5C0020D65C0020D15C0020D25C0020D9
S21403F0F80E490B78FF2B01D198B170470BB990B91D
S21403F1087047002814BF0122FF2213440B7060B116
S21403F118074B1B78012B08D9064B1B782BB9FFF72F
S21403F128BBBF1A46F1E70122EFE77047D55C00201C
S21403F138D65C0020D15C002010B501F07AFE064BA1
S21403F14804461B781BB1BDE8104001F06DBEFFF7FF
S21403F158A3FF2046F7E700BFCD5C002002282DE971
S21403F168F04147D029480378FF2B41D1002941D1E4
S21403F1781A461344DBB2037000293BD0244E327878
S21403F188012A37D9002B3ED001F053FE214F0446FF
S21403F1983B780BB3204D2B781BB901222A701F4AE4
S21403F1A81370DFF87C8098F8003023B100F0CCF9B0
S21403F1B8002388F80030204601F036FE012001F0CF
S21403F1C8DFFE01F036FE2B7804461BB100F00EFA7C
S21403F1D800232B7000233B70204601F025FE0124F4
S21403F1E83078A04206D02146FFF72EFF347001E0A0
S21403F1F813B931B9BDE8F081002914BF0122FF22F3
S21403F208B7E70122B5E70224EAE700BFD55C00208A
S21403F218D65C0020D05C0020CD5C0020D15C0020AA
S21403F228CE5C00202DE9FF47EFF3108572B6AFF3E7
S21403F238008001F07AFF002800F0A4806B4E6C4F24
S21403F248337823B10020FFF753FF00233370387851
S21403F25878B903A900F04EFB044650B9654B039AE8
S21403F2681B689A4200F296800120FFF741FF0123AC
S21403F27833703B78002B40F0AB805F4B1B78002B3A
S21403F28800F0A3804FF002085C4CDFF890912078DA
S21403F298DFF88CA140450AD0002389F800309AF895
S21403F2A8003013B94146FFF7CFFE84F8008099F87B
S21403F2B800303BB12378022B04D1002389F80030B1
S21403F2C801F07DFFB8F1020F0FD1DFF82C8198F813
S21403F2D8003053B94A4B1B7823B900F02FF90122A3
S21403F2E8484B1A70012388F80030207800F0FEF89F
S21403F2F89AF8003013B1444B1B782370AFF30080A1
S21403F308284601F038FEEFF3108572B63F4B1A789D
S21403F31852B100221A703C4B20781B78984203D1CE
S21403F32801212170FFF790FE394800F0A3FA01F097
S21403F33810FF8046002883D12F4F89F800003B78BA
S21403F3489BB1DFF8C0908AF8000099F800301BB12B
S21403F35800F0FAF889F80080002001F011FE002872
S21403F36839D000F043F900233B70337823B10020EB
S21403F378FFF7BEFE0023337000212078FFF764FEF4
S21403F38800232370AFF30080284604B0BDE8F04797
S21403F39801F0F1BD1F4BD3F8008000F061F9039B21
S21403F3A880449845BFF460AF00F054F9820003998F
S21403F3B842F0020292B2CDE900422346164AA1EB76
S21403F3C80801134801F0DEFD53E700F0A1F859E7FA
S21403F3D84FF0010858E7012000F088F8284601F0A6
S21403F3E8CAFDEFF3108572B6B6E700BFCF5C002000
S21403F3F8D55C0020AC3C0020D05C0020D65C002006
S21403F408D45C0020CE5C0020D25C0020CB5C0020BD
S21403F418B03C0020A83C002041F10300D35C002048
S21403F428D15C002010B501F004FD0022054B1C78C2
S21403F4381A7001F0F9FC00F021FBE4B22043C0B2D5
S21403F44810BD00BFCC5C002038B501F0F2FC094BB8
S21403F45805461B78012B04D801F0E6FC0024204659
S21403F46838BD054B1C6800F0FBF80444284601F039
S21403F478DBFCF4E7D65C0020A83C00201649174AB4
S21403F4880B6F10B503F007031360154A154C926902
S21403F498032B02F00200C2F3400222701AD0D1F8FE
S21403F4A8203103F00303022B14D0D1F8243103F0E0
S21403F4B807039C1E634263410B4A137048B143B962
S21403F4C8054BD3F8003103F00303591E4B424B4157
S21403F4D8137010BD0123EFE7008000500C3D002099
S21403F4E800C00150DB5C0020DC5C0020012805D04E
S21403F4F80238012808D80020CCF75CBF034A1369F2
S21403F50823F00403136130BF704700BF00ED00E02B
S21403F518074A0849D2F8203103F003030B60D2F8F0
S21403F5282431054A03F007031360F7F7C1BF00BF8A
S21403F53800800050183D0020143D00200122014B96
S21403F5481A707047DA5C0020F8B51F4B1B78002B3F
S21403F55839D01E4C2378B3B91D4B9A6DD10302D507
S21403F568DA6D92072FD49B6DDB072CD401F04DFD83
S21403F578184B194A1860136F23F0070343F0030365
S21403F5881367FFF709FD01F040FD124B134D1B6887
S21403F598134EC01A2B78134F56F8232046F8230029
S21403F5A8111A3A681048521A0A213A600932B2FB0D
S21403F5B8F1F20133DBB20260B3FBF1F201FB123363
S21403F5C82B7000232370F8BDDC5C0020D95C002078
S21403F5D800C00050043D002000800050D85C002086
S21403F5E8DC3C0020D83C0020D43C002008B5F7F7C4
S21403F5F862FF124B12491A6F096822F007020A4380
S21403F6081A671049D3F82021096822F003020A432F
S21403F618C3F820210C49D3F82421096822F00702ED
S21403F6280A43C3F82421094B1B7813B10122084B5C
S21403F6389A62BDE80840FFF7AFBC00BF00800050E1
S21403F6480C3D0020183D0020143D0020DC5C002003
S21403F65800E00050014B1878704700BFDC5C0020C0
S21403F668054B187818B1054B186800EBD000044B07
S21403F6781B681844704700BFDC5C0020D43C00209D
S21403F688083D002008B5104B1A78C2B100221A703C
S21403F6980E4B1A6F22F0070242F001021A67D3F8DC
S21403F6A8202142F00302C3F82021D3F8242122F0B4
S21403F6B8070242F00302C3F82421FFF76DFC012278
S21403F6C8034B5A6708BD00BFDA5C00200080005071
S21403F6D800E000500D490B68A0B10022A3B1834295
S21403F6E803D1836822B90B6003E01A469B68F5E7E3
S21403F6F8936083680BB9002070475A6941690A44C6
S21403F7085A61F8E72220704702207047243D0020FC
S21403F71810B501F096FC0A4C0A4B19682368C31AFD
S21403F72809B9206010BD002BFBD04A699A423ABF3C
S21403F7389B1A0022D21A4A6128BF00238968EFE77A
S21403F748203D0020243D002038B5154D2B682BB3EB
S21403F7585B69B3B1134A022014681C4400F088FAA4
S21403F768204600F047FA00220F492B680A70012A40
S21403F77805D823B1D88880070AD501230B70002043
S21403F78838BD022000F074FA022000F093FAEAE784
S21403F7989B68002BF3D058690244E8E72220EFE77A
S21403F7A8243D0020203D0020DE5C0020C38870B581
S21403F7B804460D463BB9FFF747FE8542064602D286
S21403F7C8F8F72EFE35460E4A656113689BB9146032
S21403F7D8A3600FE02D1A986819466561034618B1A9
S21403F7E85869A842F6D941B18C60A36013B15A6927
S21403F7F8521B5A6170BD0021F2E71460F5E700BF9B
S21403F808243D002070B516469DF81420C0E903363B
S21403F8180271049ABDF818300260002204460D46A9
S21403F8288260C38006BB01F00CFC2844A0613DB986
S21403F838E368656113B120462168984796B1354653
S21403F84801F0F7FA0646FFF763FF29462046FFF757
S21403F858ADFF074B1B68A34201D1FFF775FF304680
S21403F86801F0E2FA002070BD01F0EBFB3044DDE75F
S21403F878243D0020F8B50546D0B101F0DAFA06466D
S21403F888FFF746FF0B4B28461F68FFF723FF044680
S21403F89820B1304601F0C8FA2046F8BDAF42F8D189
S21403F8A8FFF752FF2228F4D1022000F0EDF9F0E723
S21403F8B82224F1E7243D002038B50C460546A8B1B6
S21403F8C8A1B100230B7001F0C1FA0121084B1B6894
S21403F8D833B901F0B6FA002038BD9D4204D1217031
S21403F8E82278002AF9D0F4E79B68F1E72220F3E7A9
S21403F8F8243D0020F8B506460F4601F0A7FA002572
S21403F9080446124B1B6823B9204601F09AFA1B20BB
S21403F91811E05A691544DA88B2420DD101F091FB19
S21403F9280B4E3368C01AA8420AD3002320463B600E
S21403F93801F087FA0020F8BDFF2EEFD09B68E2E7B8
S21403F94801F07FFB33682B441B1AEFE7243D0020A6
S21403F958203D002070B501F079FA064601F071FBE8
S21403F968084B044601201D6801F05BFB18B101F043
S21403F97868FB04460135304601F063FA20462946FB
S21403F98870BD00BF2C3D0020014B1868704700BFB0
S21403F998283D0020F8B50C4B05461B680E468342E7
S21403F9A80FD3002440F2E7302146084B4FF47A720F
S21403F9B81F680023E5FB0701DDF786F8306020465D
S21403F9C8F8BD2120FCE700BF1C3D0020283D002091
S21403F9D80F4B10B51A689AB14FF47A71531E134237
S21403F9E8A0FB01010ED1B2FA82F2C2F11F04531C26
S21403F9F8D243E04001FA03F3184321FA02F2024322
S21403FA08104610BD0023DDF75FF80246F8E700BF8F
S21403FA18283D002038B5164B14468342154B8B41B8
S21403FA2823D3154B1A6802B34FF47A75A0FB050364
S21403FA3805FB0131531E134211D1B2FA82F3C3F107
S21403FA481F055A1CDB4301FA02F2E84021FA03F3C6
S21403FA5810431843E940C4E90001002038BD0023D9
S21403FA68DDF732F8C4E90001F7E72120F6E700BF1F
S21403FA78EFA7C64B37894100283D002010B501F093
S21403FA88E5F9034B1C7801F0DCF9E4B2204610BD17
S21403FA98DD5C002008B5084B1B7803F0FF004BB16C
S21403FAA801F0B3FA054B1B689B69C01A02288CBF82
S21403FAB80020012008BD00BFDE5C0020243D002096
S21403FAC8C2072DE9F843044607D5474A13680133A6
S21403FAD81360FFF71DFEFFF737FEA30740F181808B
S21403FAE801F0B4F94FF0000805464646FFF710FE46
S21403FAF83E4F3C680CB16369A3B100223C4B012E10
S21403FB081A7003D118F0020F18BF1E70FFF71CFEF9
S21403FB18222802D1022000F0B7F82846BDE8F843A9
S21403FB2801F08FB923465A693AB91A79217991426D
S21403FB3888BF1C469B68002BF5D1284601F081F93F
S21403FB48D4F81080B8F1000F3FD001F07AFAA26912
S21403FB58851AEB17454573F1000337DB236913440E
S21403FB68A36101232269CAB1C3B9A38BB8EB0508FD
S21403FB7833B1E28B13449BB2B3F57A7F1CD2E3838B
S21403FB8801F064F9054641462046FFF70FFEA369D0
S21403FB98226928461344A36101F053F9E36813B1B5
S21403FBA8204621689847B4F8068001F04FF90136D5
S21403FBB80546FFF7ADFD9CE7A3F57A73E383A369D0
S21403FBC818F1FF38013BA361DAE7454601F03EF931
S21403FBD881462046FFF77EFD484601F032F90023AA
S21403FBE8C0E7BDE8F88300BF2C3D0020243D002075
S21403FBF8DD5C002010B5044601F01BF94FF0B04257
S21403FC08936A1907FCD4136A116C5269520604D412
S21403FC18CA1A032A01D899420ED1E21A022A98BFB1
S21403FC28DC1CB4F1FF3F38BF013C4FF0B043402221
S21403FC381C6403F580539A6101F0F6F8054A1378B5
S21403FC483BB14FF0B041CB6B43F00203CB630023C9
S21403FC58137010BDCE6C002007B5044B01A91879A4
S21403FC6801F010F9019803B05DF804FB30B0040006
S21403FC7800F001038207034A48BF43F04003936139
S21403FC88704700BF00100058820700F001030AD52A
S21403FC980121064A43F0400311704FF0B041CA6B86
S21403FCA822F00302CA63024A93617047CE6C0020AF
S21403FCB800200058830742BF4022014B5A61704711
S21403FCC80010005873B502AB164603E9060004464F
S21403FCD800F052FF0546204600F05EFF9DF8002020
S21403FCE88DB1202C33780ED8012B2ED84FF6FF75FE
S21403FCF82D4803EB4313234430F81310A94202D0CC
S21403FD08013120F81310294B294E33F8141036F80E
S21403FD181400814232D34FF6FF75A9424FF001050E
S21403FD2802D0013123F8141004F0FD01092927D164
S21403FD38998AB68A0A44B242B4BF9A829E8233F834
S21403FD481430834227D202B070BD022BDBD14FF6A4
S21403FD58FF704FF6FF75144B33F81410814218BF23
S21403FD68013104F1210018BF23F8141033F81010DA
S21403FD78A9421CBF013123F81010C4E70025D0E7B9
S21403FD881D2CDCD1598F8E18864203DA01390A44B2
S21403FD985A87D4E75887002DD5D1204602B0BDE848
S21403FDA8704001F069B900BFEC560020C457002024
S21403FDB87057002038B50D46044601F047F8064A42
S21403FDC813889BB22DB123431380BDE8384001F056
S21403FDD838B823EA0403F7E7B25B00200022034B94
S21403FDE801214FF480701A70FFF7E4BF0F630020F9
S21403FDF808B5054B1868FCF7DCFA00F00300C31EC9
S21403FE085842584108BD00BFE453002038B504469D
S21403FE1801F0D0F90C4B05461978187981420FD0B2
S21403FE28631E082B0CD8DFE803F0050D0B0D0B0D2E
S21403FE380D0D0D0000220146044B1868FCF7B7FAAF
S21403FE48284638BD0022F7E7FC6C0020E453002060
S21403FE5838B54FF0FF300C46FFF76EF80A4B0546E9
S21403FE681868FFF769F8641B241A20B210F1630FA9
S21403FE7806DB10F1240F05DA64308000C0B238BD03
S21403FE880020FCE7FF20FAE7E453002008B5134BED
S21403FE981B78062B04D040F62101114801F05DF8C3
S21403FEA8104B1B881B0704D440F622010C4801F0AC
S21403FEB854F80D4B2A201978FFF7A8FF00210820CD
S21403FEC8FFF778FF0222094B1A70094B1868E3F705
S21403FED87FFABDE8084001F0BCB800BF0F630020F6
S21403FEE8D5AC0400B25B00200C6300202E6D002006
S21403FEF8E453002010B50E4C236823B940F6A341FB
S21403FF080C4801F02AF82068013001F004F900F0E3
S21403FF18070003280AD1246809220121204600F095
S21403FF28E3FB205C031F5842584110BD0020FCE742
S21403FF38D4530020D5AC040038B50C4640B1002194
S21403FF480420FFF737FF01F084F8012C1DD038BDD5
S21403FF58244B1B889B07F6D50129234A2FD11178F2
S21403FF6869B30139C9B2117011B92020FFF722FF0E
S21403FF7800210220FFF71EFF04221C4B00211C4809
S21403FF881A7000F05DFD01F064F81A4C2068013021
S21403FF9801F0C1F800F44060B0F5006F1FD1246883
S21403FFA801210422204600F09FFB204401F0B3F809
S21403FFB80146BDE838400022202001F075B800212C
S21403FFC80D4D02201170FFF7F5FE2B78FF2B04D09A
S21403FFD840F29961094800F0C0FF2C70B3E74FF66A
S21403FFE8FF71E6E7B25B00200E6300200F63002074
S21403FFF8306A0020D45300202F6D0020D5AC0400AF
S21404000838B5134C05462388580709D5FFF7F0FE7C
S21404001801460720FFF7FAFEFF210120FFF78CFFB1
S214040028238899070BD50B4B284619788A1F514203
S2140400385141FFF7EBFE01210020FFF77DFF2388DF
S2140400481B0703D5BDE83840FFF720BF38BD00BFFF
S214040058B25B00200F630020F7B5124CD4E90065A4
S21404006886EA020C85EA03070CEA000C0F405CEAF1
S214040078070E15D086EA0C067D40C4E90065CDE96E
S21404008800230B46084902460868FCF799FA38B173
S2140400984FF4FD71054803B0BDE8F04000F05DBFBD
S2140400A803B0F0BD58160020E4530020D5AC040075
S2140400B808B50A4B1B88DB0604D440F647010848F3
S2140400C800F04BFF00211020FFF774FE002000F01C
S2140400D86BFBBDE8084000F0BCBF00BFB25B002065
S2140400E8D5AC04002DE9F04F5706804614461D4645
S2140400F891B005D5FFF77CFE01460120FFF786FE82
S214040108EE0403D500212D20FFF780FEA00224D597
S2140401184046FCF7D2FA0146F8B94020FFF74AFEF3
S21404012840460AA9FBF7CAFDB8B99DF83030022B39
S21404013840F0D980BDF8280000F0B6FDFF2808D1A5
S2140401484046FBF7B9FD40B901214020FFF732FECF
S21404015803E000F0C3FD0028F2D1A10305D5FFF79C
S21404016847FE01460320FFF751FEE20104F08076BD
S21404017840F1C080854B1B889B072DD5844E30687C
S214040188FBF731FD40BB834B834F18703B78FF2B3E
S21404019804D040F25761814800F0DFFE4FF00009B2
S2140401A800210220FFF706FE87F800907C4F3B7874
S2140401B8062B07D101210820FFF7FCFD4946282015
S2140401C8FFF724FE3B78052B06D100212B20FFF7EA
S2140401D81DFE3068E3F7FCF800F03BFF220717D54E
S2140401E86B4F0321386805AAFBF717FD064620B9A6
S2140401F840F2C961694800F0B0FE9DF81430072B38
S21404020800F0D080FFF7F4FD01460420FFF7FEFD5A
S214040218E10505D5FFF7ECFD01460420FFF7F6FDDA
S21404022814F4863F05D0FFF7E3FD01460220FFF7E6
S214040238EDFDA20113D5FFF7DBFD01460820FFF705
S214040248E5FD00210420FFF7B5FD554B1B78012B6F
S21404025803D14F4B1868E3F7BBF800F0FAFE14F026
S214040268084F09D0FFF7C4FD01460720FFF7CEFD67
S214040278FF210120FFF760FEA30009D5FFF7B8FDAC
S21404028801460620FFF7C2FDFF210120FFF754FEB2
S214040298A70705D53D4B1B881E0701D5FFF7F6FDB6
S2140402A86C0603D500210A20FFF7B0FD280602D500
S2140402B80120FCF714FAE90540F1858140460AAAAC
S2140402C805A9FCF772F89DF81430222B00F06D810E
S2140402D800F28281152B40F26A8140F60A112F48F3
S2140402E800F03BFE6FE1032B7FF437AF0AA801F05A
S2140402F800F830E705F0020756EA07030DD0284B46
S21404030826201978A1F1060EDEF1000141EB0E0154
S214040318FFF77CFD0121304611E004F0805656EACA
S21404032807030FD01E4B26201978A1F1060CDCF122
S214040338000141EB0C01FFF769FD02213846FFF77F
S214040348FBFD4BE704F0884151EA060309D0144B39
S214040358272019788F1F79427941FFF757FD022124
S214040368D9E705F008030B4302D02320FFF74EFD18
S214040378680703D500212420FFF748FDE9077FF521
S2140403882DAF00212520FFF741FD27E7B25B0020AB
S214040398E45300200E6300202F6D0020D5AC040023
S2140403A80F630020314638680AAAFBF73CFC20B1E4
S2140403B84FF4DA619E4800F0D0FDBDF81630386870
S2140403C802330AA9ADF82C30FBF72FFC20B140F213
S2140403D8DF61974800F0C1FD0023009331460423EB
S2140403E8386804AAFBF723FC042804D040F2E46126
S2140403F88F4800F0B2FDDFF8589299F80030C3BB76
S2140404080DF1110000F087FE00F00700022830D135
S214040418FFF7EEFC01460920FFF7F8FC854B1B782E
S214040428062B23D1844B9DF813201B789A421DD1A2
S2140404389DF8353023B940F2FA617D4800F08DFD09
S2140404480DF1110000F067FEC0F3001631462920AE
S214040458FFF7DCFC00210820FFF7ACFC774B1E7086
S214040468FFF748FD10B93868E2F7B2FF00F0F1FD6F
S214040478CEE6BDF816000121083080B200F068FA0E
S214040488039030B9FFF7B4FC01460420FFF7BEFC1E
S214040498ECE700F0E9F905AA014606463868FBF7D2
S2140404A8CEFB99F800A0BAF1000F22D106F1010B91
S2140404B8584600F030FE83065AD53868FCF7FDF82F
S2140404C80746FFF795FC05370146F8B2FFF79EFC8A
S2140404D8584600F020FE00F007000328584F2DD099
S2140404E801210420FFF766FC4FF0FF30FBF7C6FB3C
S2140404F8386000225349BDF816300978F718F154C5
S2140405089DF83630BB709DF83730FB700A9B190E81
S2140405183971190C7971FB71190A99F80030B97197
S21404052823B9737892B343F020037370002000F065
S21404053869F97870039800F071FA97E7012109229F
S214040548304600F0D1F8305C01210428C9D1FFF701
S21404055831FC4FF0FF30FBF791FB3B4B38601B88B0
S2140405685806C6D551464020FFF724FC0122C1E7A9
S214040578FFF73EFC01460920FFF748FC2D4B1B7885
S214040588012BB6D13868E2F723FFB2E723F020033D
S214040598CBE701227E33DBB202FA03F313F00A1F19
S2140405A831D113F0011F3FF498AE27202CE0012226
S2140405B802FA03F3254A1A402ABB13F0041FF4D19F
S2140405C8DA077FF58AAEAB052FD50121802011B056
S2140405D8BDE8F04FFFF7EEBB652B1AD8622B12D88E
S2140405E8452B0CD8422B0ED8352B06D8322B0AD8D6
S2140405F8252B08D9322BD8D06FE6422BFBE7552B90
S21404060805D8522BF7D92620FFF7FAFCDBE7622B2E
S214040618F1E7952B3FF661AE812BBAD8722BC4D07E
S214040628733B022B3FF659AEEDE711B0BDE8F08FE9
S214040638D5AC04000F6300200B6300202E6D002049
S214040648D0530020306D0020B25B00203A003800FA
S21404065812630020024B1878B0FA80F040097047FD
S2140406680F63002008B5064B4FF0FF311868FBF7F8
S214040678C2FE0028B8BF033040F3870008BD00BF99
S214040688E453002008B5074B1868FBF72EFF30B173
S214040698054BB3FBF0F083B20BB1184608BD012036
S2140406A8FCE700BFE453002040420F0038B5102092
S2140406B80C460121FFF77EFB064B1D68FFF7E2FF99
S2140406C8012200FB04F1044B2846FBF779FE0020C0
S2140406D838BD00BFE4530020B9000400014800F008
S2140406E83CBC00BFEFAC0400032A70B5144602D81D
S2140406F82C4B985C70BD81F0010519B90D2A07D1F9
S214040708FF20F7E70D2A03D100780538C0B2F1E7D1
S214040718084400F000FDC5F1040110F440660246E2
S214040728C9B209D1042C0846E4D0052C16D112F017
S214040738400F18BF0846DDE7C5F10603042CD8B2F7
S214040748D8D0B6F5006F03D1C5F10805E8B2ECE7D2
S214040758B6F5406FE9D1C5F10E05F7E712F4404146
S21404076807D1062CC6D0072CC4D0082C13D10130C8
S214040778CCE755065CBF831CD8B2062CBAD0B1F5B4
S214040788004F02D1831CD8B2EDE7B1F5404FEAD149
S21404079800F10803F7E7130744BF0530C0B20C2C72
S2140407A8A8D9ADE7B00F0500AC2370B5094C0546CB
S2140407B803FB00435E6D26B940F2FD31064800F09F
S2140407C8CCFBAC2303FB0544002363653346BDE832
S2140407D870401847E85300202CAD040010B40C46AB
S2140407E81146AC22064B02FB0033586D20B95C65F3
S2140407F85DF8044BFFF75ABF02205DF8044B7047B8
S214040808E8530020AC22034B02FB003393F8A800FD
S214040818704700BFE853002028B1034B1B68C01A72
S2140408284010013080B27047A854002030B1044B01
S21404083800F100401B68013803EB4000704700BF16
S214040848A8540020064B1B68834206D8054B1B6831
S214040858834294BF0020012070470020704700BFE1
S214040868A8540020A454002010B5044608B9002053
S21404087810BD00F0B1FC20B940F2CD41074800F0A5
S2140408886CFB2046FFF7D2FF0028F0D00388DB0B6A
S21404089814BFD0F80A000830EAE700BF03AD040026
S2140408A810B508B9002010BDFFF7C0FF044600F0D5
S2140408B88AFC20B94FF49D61064800F04EFB002CD4
S2140408C8F0D02388DB0B0ABF60882089C0F30C00AD
S2140408D8E9E700BF03AD040038B5FFF7A7FF0D46E8
S2140408E8044650B100F06FFC20B940F24151034869
S2140408F800F033FB023534F8150038BD03AD0400A8
S21404090870B5FFF793FF0C4616460546B0B100F0DF
S2140409185AFC20B940F24D510C4800F01EFB3046F4
S214040928FFF784FF00F04FFC20B940F24E51074809
S21404093800F013FB023425F8146070BD40F25251DF
S214040948BDE87040014800F008BB00BF03AD0400D2
S2140409582DE9F8430746884600F0A1FB20B940F283
S2140409688E512A4800F0F9FAFC1CA408284B6400A7
S2140409780434B7F5005F1E68A4B204D340F2955158
S214040988224800F0EAFA00F061FA224981460B6828
S2140409987BB9214B1D68761BC6F34F06B44227D98C
S2140409A80025484600F04DFA2846BDE8F843FFF708
S2140409B833BFB8F1000F11D0174A15685A1BC2F393
S2140409C84F029442ECD81448620005EB44040460D1
S2140409D8B8F1000F0FD113440B600CE0F61AC6F3F7
S2140409E84F0676B940F2A651084800F0B6FAD7E79B
S2140409F805EB44041C6000236F80AB80EB802B80DF
S214040A08CFE7B442CCD8044A1568DCE703AD040043
S214040A18AC54002094540020A454002038B505464D
S214040A2800F014FA044629460448002200F0E1FBC4
S214040A382046BDE8384000F004BA00BFB85B002082
S214040A4882684B4B2DE9F0419A4204460E460568E7
S214040A5815D121B140F21311464800F07EFA00F091
S214040A68F5F923691BB92B682BB924612C60BDE8FA
S214040A78F04100F0E6B91A6922611C61F6E700F055
S214040A8865FA8046FEF75EFA20B14FF49571394848
S214040A9800F063FA6FF000439E4221694BD22B7B29
S214040AA808EB0602002B4DD0AB6893424AD1531C80
S214040AB8002949D06169994242D01EB9521AB2F146
S214040AC8004F3DD9636123696E689C4203D19D211A
S214040AD8284800F042FA2F460023B4420BD0002BD5
S214040AE841D172696169891AB1F1004F32D8326905
S214040AF8374694422CD12269BD420CBF6A603A61DB
S214040B087BB92669B44203D1B8211A4800F025FAFD
S214040B183B46012E05D062697169521AB2F1004F3C
S214040B2823D99D420BBF6B681A69236122610CBFE7
S214040B386C601C6104E0434431B162699342C1D1DC
S214040B48BDE8F0811346B3E76A6822616C60B9E7CA
S214040B581646C6E7A8EB0202B2F1004FC7D93B46D1
S214040B6837463669B9E71F46F9E733463669D0E7A4
S214040B78B152020017AD04000823064A12F8011BF6
S214040B88814205D0013B13F0FF03F7D1184670479E
S214040B9801207047611005000823064A12F8011B55
S214040BA8814205D0013B13F0FF03F7D1184670477E
S214040BB8012070475910050010B508220749044655
S214040BC8DCF73AFEB0FA80F04FF6FF732289400944
S214040BD840009A4208BF40F0010010BD721005009C
S214040BE830B504460D4685B002B9084A10685168FF
S214040BF801AB03C301AB03CB20602046ADF80C5011
S214040C081B886160238105B030BD00BFAB36040085
S214040C18002270B50A4B1C780A4BD5B2AC4202D8EF
S214040C2800200C7008E01E880132864205D30D7039
S214040C381B881B1A5842584170BD1233EDE700BF93
S214040C488962002070590020F8B5154B04461D68C3
S214040C580E46E5B1134B1F78874218D900EB4003BC
S214040C6805EBC30526B92B69DA0712D42046F8BD66
S214040C7808223146281DDCF7DFFD50B92B69DB074F
S214040C88F4D40134E4B2A74205F11805F0D1FF24E0
S214040C98ECE70134E4B2A74205F11805E2D1F6E719
S214040CA8105500204E6D00200A4B01461B6830B5CF
S214040CB82BB1094A14780022D0B2844201D8FF2006
S214040CC830BD5D888D4202D11D69ED07F8D4013226
S214040CD81833F1E7105500204E6D00200F4A0346DE
S214040CE81068D0B10E4A12789A4215D919B203EB95
S214040CF8430300EBC300036913F001000DD0094A4F
S214040D08126832F8112002F4E2622AB913F00C0FC2
S214040D1814BF01200020704701207047105500209A
S214040D284E6D00200C550020094B1B686BB1094A10
S214040D381278824209D900EB4000C20003EBC000D7
S214040D480169C90701D5985C7047FF20704700BF42
S214040D58105500204E6D00200C4A0346106890B1CA
S214040D680B4A12789A420DD903EB430300EBC300EF
S214040D78D0E9043213F001004FF0000104D01846FD
S214040D881146704700200146704700BF10550020E2
S214040D984E6D002010B5164B187860B1154C2368B4
S214040DA8CBB14FF4707200201349FFF717FD236880
S214040DB8013B236010BDFFF755FC1049104A91F912
S214040DC80040136884420B4C03F101031360236844
S214040DD8B8BF087053B90B4800F033FA0028E9D1B5
S214040DE8BDE8104001460748FFF72ABE0822DAE79E
S214040DF86E6300202C5500209D0D040069630020B6
S214040E08245500203C6C0020054B1B682BB9054B69
S214040E181868003818BF012070470120704700BFC3
S214040E281C5500201855002010B962B6BFF36F8F02
S214040E387047EFF3108072B67047302383F3118837
S214040E48704780F31188BFF36F8F7047EFF31180F4
S214040E58302383F311887047002070474FF400400E
S214040E6870474FF47A7070470122417803788A40B5
S214040E7830214B4341F2100103F1A04303F57033CC
S214040E885A50704709B100F008B82220704701216B
S214040E98FEF7A8B80021FEF7A5B870B506460D46B5
S214040EA8FFF7D4FF04461D2E48D8DFE806F00F18CF
S214040EB8471D20234726292C47472F3247353847CE
S214040EC83B473E474744474747474741FEF74AF8A4
S214040ED8002628602046FFF7B4FF304670BD4FF45E
S214040EE8C070CAF7D3FEF3E74FF42070F9E74FF45F
S214040EF84070F6E74FF46070F3E74FF40070F0E7DD
S214040F084FF48060EDE74FF49060EAE74FF4C06072
S214040F18E7E74FF4F060E4E74FF4B060E1E74FF436
S214040F28D060DEE74FF4E060DBE74FF4A060D8E774
S214040F384FF48070D5E74FF40860D2E700202126E6
S214040F48C7E708B5FEF76EF880B208BD08B5FEF721
S214040F5869F808BD704742DE704738B504460D4642
S214040F6800F008F8FFF769FF29462046BDE8384030
S214040F78FFF7F1BF704710B962B6BFF36F8F7047BB
S214040F88012070472DE9FF410D4616461F460446C4
S214040F98A8B14FF00008C0F81C80FEF76BFCBDF83B
S214040FA82C30424602939DF828302946CDE9007332
S214040FB820463346FEF726FC04B0BDE8F08122201E
S214040FC8FAE7F0B51F46002387B00D4616460446D2
S214040FD88DF81730A8B1C3610DF11701FEF76CFC44
S214040FE89DF817207AB9BDF83430294602939DF83F
S214040FF830302046CDE900733346FEF703FC07B0CD
S214041008F0BD2220FBE70320F9E738B5FFF71EFFFB
S214041018054600F016F804462846FFF712FF204651
S21404102838BD4FF0B04301285B6904D0022805D1C7
S214041038C3F38010704703F0010070470020704720
S21404104870474FF0B0439A6A1207FCD4186A704780
S214041058704708B5FFF7FCFF00F01DF808BD10B58B
S214041068FFF7E7FE012104460846FEF777F8204610
S214041078BDE81040FFF7D8BE10B5044600F012F8D5
S2140410882046FAF739FD2046F7F738FDBDE8104044
S214041098F9F7EFB8704708B5FFF7FCFF08BD01205D
S2140410A8704770470020704730B589B00446ADF8DD
S2140410B806108DF81020FFF75FFD05462046FFF75B
S2140410C86BFD03469DB1BDF80600ABB900F0BEF84B
S2140410D8FF2808BF00200DF10F038DF80F001A46ED
S2140410E8204604990593FEF7EDFD09B030BD0028A7
S2140410F8F5D00DF10603F2E700F0A8F8FF2808BFBC
S2140411080020BDF806308DF80F00ADF81A308DF8BB
S214041118180006ABE3E7008870470170090A4170B7
S2140411287047012070470120704738B5DAF76CFF1E
S2140411380446D0F7C7F8051E18BF2546D0F794F915
S214041148041E18BF2C46FFF7ECFF002818BF2046DD
S21404115838BD38B5FEF766F90446F6F785FE042862
S2140411681ED002284FF0000508BF0124F7F795FDA6
S214041178042817D0022808BF0124F7F7ADFA042874
S21404118812D0022808BF0124FFF7CDFF04280DD08B
S214041198022808BF0124002D18BF0024204638BDA5
S2140411A80125E3E70125E8E70125EDE70024F5E74F
S2140411B8FF20704708B5FFF7FBFF002008BD022193
S2140411C80120DCF763BD08B520B1FFF73BFB00F050
S2140411D8010008BD0120FAE708B5FFF727FBBDE8BC
S2140411E80840FFF7F0BF008810B1C9B2FFF774BB18
S2140411F870472DE9F041B0F8008006460C46D5B293
S214041208B8F1000F11D029464046FFF765FB224681
S214041218074629464046FFF773FB3A4629462046C2
S214041228FFF76EFB3480BDE8F0810F46F5E703460A
S2140412381B8808468B4202D00021FFF74DBB0020CE
S21404124870470069003818BF0120704700207047AF
S214041258F8B506460D46FFF7AFFC0328044621D02A
S2140412682846FFF7A9FC032807461BD010F00203FC
S21404127818D1A0070DD5F90716D401233C43E20775
S21404128804D431892A89914218BF002303F0010047
S214041298F8BD082229463046DCF7CEFAB0FA80F3C1
S2140412A85B09EBE70020F3E71846F1E770B50D464F
S2140412B800210646FFF797FF044630B1FFF7D4FA35
S2140412C801462846FFF7C4FF08B1204670BD2146EC
S2140412D83046FFF7ACFFEFE707B50DF10701FFF758
S2140412E897FC20B19DF8070003B05DF804FBFF20C7
S2140412F8FAE708B500F009F8FF2804D0FFF72CFD34
S214041308C0F3C00008BD0120FCE701460020FFF733
S2140413189BBC08B5FFF7C8FCFF3818BF012008BDFA
S2140413282DE9F84307460846154688461C469DF8A0
S2140413382090FFF799FA4619A4B19EB14046FFF7E4
S214041348AFFA254485420FDC2246B9F1000F06D1D0
S21404135831463846DBF776FF0020BDE8F883394681
S2140413683046F7E72120F8E71D20F6E700000000DE
S2140413780000000000000000F8B500BFF8BC08BC78
S2140413889E467047F8B500BFF8BC08BC9E46704732
S2140413985FF800F0116400205FF800F07165002023
S2140413A85FF800F0C96400204465766963652074B4
S2140413B8797065206368616E676520646574656323
S2140413C87465643A202564202D3E2025640D0A00A1
S2140413D850726573732064657465637465640D0A76
S2140413E8004D756C74692070726573732064657437
S2140413F865637465643A2025640D0A0052656C6555
S2140414086173652064657465637465640D0A004CCD
S2140414186F6E672070726573732064657465637491
S21404142865640D0A0072656C61795F737461727421
S2140414385F6C61746368696E675F70756C73653A30
S21404144820616E6F746865722070756C73652069A8
S21404145873206163746976650D0A0072656C617938
S2140414685F6F6E0D0A0072656C61795F6F66660D54
S2140414780A0072656C61795F746F67676C650D0A3C
S2140414880057726974696E6720636F6E66696720B1
S214041498746F206E763A2025730D0A0053697A65B0
S2140414A83A2025640D0A004661696C656420746FE9
S2140414B8207772697465204445564943455F434F0F
S2140414C84E4649475F4441544120746F204E562C7B
S2140414D8207374617475733A2025642E2028627903
S2140414E87465733A202564290D0A00737563636569
S2140414F87373210D0A004661696C656420746F2055
S21404150872656164204E565F4954454D5F4445569E
S2140415184943455F434F4E4649472C207573696EC9
S214041528672064656661756C7420636F6E666967A8
S21404153820696E73746561642C20737461747573A2
S2140415483A2025642E202862797465733A20256427
S214041558290D0A005573696E6720636F6E6669679E
S2140415683A2025642063686172732066726F6D0D75
S2140415780A25730D0A00736F6E6F66663B5A424DF2
S214041588494E494C322D637573746F6D3B42413036
S214041598753B4C4335693B534136753B524135419F
S2140415A8343B004E6574776F726B20737461747580
S2140415B873206368616E67656420746F2025640D04
S2140415C80A004D616E75666163747572657220747F
S2140415D86F6F206269670D0A004D6F64656C20742E
S2140415E86F6F206269670D0A00496E697469616CD9
S2140415F8697A696E67205A696762656520776974CF
S214041608682025642073776974636865732C2025BD
S214041618642072656C6179732C20256420636F7668
S21404162865722073776974636865732C2025642053
S214041638636F766572730D0A00436F6E666967207A
S2140416487061727365642073756363657373667516
S2140416586C6C790D0A00726561642076657273692C
S2140416686F6E20666F726D206E6577206C6F63618F
S21404167874696F6E0D0A004661696C656420746F40
S214041688207772697465206C6173745365656E5649
S214041698657273696F6E20746F204E562C207374AF
S2140416A83A2025640D0A004F6C64207665727369C7
S2140416B86F6E3A2025640D0A0043757272656E745F
S2140416C82076657273696F6E3A2025640D0A005297
S2140416D84553455420414C4C210D0A0068616C5F03
S2140416E86770696F5F63616C6C6261636B3A2065EF
S2140416F8787469206C696E6520256C64207374613F
S21404170874757320256C750D0A0068616C5F6770C4
S214041718696F5F63616C6C6261636B3A206E6F20FD
S214041728667265652045585449206C696E65730D64
S2140417380A002F686F6D652F72756E6E65722F7747
S2140417486F726B2F747579612D7A69676265652D7A
S2140417587377697463682F747579612D7A6967621B
S21404176865652D7377697463682F73696C61627332
S2140417785F746F6F6C732F73696D706C69636974CB
S214041788795F73646B2F2E2E2F2E2E2F7372632F72
S21404179873696C6162732F68616C2F7A6967626516
S2140417A8652E630044726F7070696E67206F6C6490
S2140417B8204F544120696D6167652C2063757272E9
S2140417C8656E74206F66667365743A20256C750AB0
S2140417D800556E6B6E6F776E20636F766572206346
S2140417E86F6D6D616E643A2025640D0A00556E6B44
S2140417F86E6F776E20636D642025640D0A0042754B
S21404180874746F6E20707265737320646574656390
S2140418187465642C20627574206E6F206275747407
S2140418286F6E20697320707265737365640D0A00A1
S214041838427574746F6E206C6F6E67207072657371
S214041848732064657465637465642C2062757420FB
S2140418586E6F20627574746F6E206973206C6F6E79
S2140418686720707265737365640D0A004E6F206393
S2140418786F7665722073776974636820636F6E6623
S214041888696720696E204E562C207573696E67202A
S21404189864656661756C74730D0A004174747269C4
S2140418A862757465206368616E6765642C2065706C
S2140418B83A2025642C20636C75737465723A202567
S2140418C8642C20617474723A2025640D0A00556EDF
S2140418D86B6E6F776E204C6576656C4374726C20FD
S2140418E8636F6D6D616E643A2025640D0A00556E4B
S2140418F86B6E6F776E204F6E4F666620636F6D6DE6
S214041908616E643A2025640D0A00496E6465782081
S214041918617420777269746520617474723A20253C
S214041928640D0A004E6F2073776974636820636FCA
S2140419386E66696720696E204E562C207573696E2C
S214041948672064656661756C74730D0A00496E7663
S214041958616C69642072656C61795F696E64657828
S21404196820256420696E204E562C20726573657493
S21404197874696E6720746F2064656661756C740D8F
S2140419880A003E2000556E6B6E6F776E2065727285
S2140419986F7200496E70757420627566666572208B
S2140419A869732046554C4C004D6178696D756D20F9
S2140419B86E756D626572206F6620617267756D65F7
S2140419C86E74732065786365656465640054686539
S2140419D820617267756D656E74206973206E6F7406
S2140419E820666F726D617474656420636F727265C5
S2140419F863746C7900496E636F72726563742061F0
S214041A087267756D656E74207479706500496E63C7
S214041A186F7272656374206E756D626572206F6688
S214041A2820617267756D656E7473004E6F20636F00
S214041A386D6D616E6420666F756E640075696E748C
S214041A4838006164646974696F6E616C002A007595
S214041A586E6B6E6F776E0077696C64636172640090
S214041A686865786F707400737472696E676F7074E3
S214041A780075696E7433326F70740075696E7431EC
S214041A88366F70740075696E74386F7074006865A4
S214041A987800737472696E670075696E74313600FF
S214041AA875696E743332002E2E2E200068656C70AD
S214041AB8000A25730A257325730025732008002F4A
S214041AC8686F6D652F72756E6E65722F776F726BA1
S214041AD82F747579612D7A69676265652D737769E0
S214041AE87463682F747579612D7A69676265652DE4
S214041AF87377697463682F73696C6162735F746F54
S214041B086F6C732F73696D706C69636974795F732E
S214041B18646B2F706C6174666F726D2F7365727662
S214041B286963652F6C65676163795F68616C2F7399
S214041B3872632F626173652D7265706C6163656D7F
S214041B48656E742E63002F686F6D652F72756E6EE2
S214041B5865722F776F726B2F747579612D7A696742
S214041B686265652D7377697463682F747579612D5A
S214041B787A69676265652D7377697463682F736914
S214041B886C6162735F746F6F6C732F73696D706CBE
S214041B9869636974795F73646B2F706C6174666FBC
S214041BA8726D2F736572766963652F746F6B656ED5
S214041BB85F6D616E616765722F6C65676163792F07
S214041BC87372632F736C5F746F6B656E5F6D616E93
S214041BD8616765722E63002F686F6D652F72756E68
S214041BE86E65722F776F726B2F747579612D7A69AB
S214041BF8676265652D7377697463682F7475796190
S214041C082D7A69676265652D7377697463682F73BF
S214041C18696C6162735F746F6F6C732F73696D7030
S214041C286C69636974795F73646B2F706C6174662E
S214041C386F726D2F736572766963652F746F6B6543
S214041C486E5F6D616E616765722F6C656761637937
S214041C582F7372632F736C5F746F6B656E5F6D6141
S214041C686E75666163747572696E672E6300437574
S214041C787272656E7420436F6E6669673A20253003
S214041C88780053657420434341206D6F646520745F
S214041C986F2025643A2025307800656E61626C658D
S214041CA8640064697361626C6564006F75742863A4
S214041CB86C69656E742900696E202873657276658A
S214041CC87229004D464720537472696E673A202578
S214041CD873004170704275696C646572204D46479E
S214041CE820436F64653A20307825303458006E6F88
S214041CF86465205B004164646974696F6E616C2076
S214041D08696E746572666163657300202025643A9B
S214041D18200070616765205B25645D206368616EDA
S214041D28205B25645D20707772205B25645D006EF9
S214041D386F7420616374697665006572726F7220C9
S214041D483078253038580070616E4944205B307806
S214041D58253034585D206E6F64654944205B3078BE
S214041D68253034585D20007870616E205B3078002A
S214041D78706172656E744944205B30782530345837
S214041D885D20706172656E7452737369205B256496
S214041D985D006E6F646554797065205B00536563F7
S214041DA87572697479206C6576656C205B253032AB
S214041DB8585D006E6574776F726B20737461746512
S214041DC8205B253032585D200042756666657220B1
S214041DD862797465733A202564202F2025640045AB
S214041DE87020636E743A202564006570202564208C
S214041DF85B656E64706F696E742025732C20646549
S214041E08766963652025735D20006E776B205B25F5
S214041E18645D2070726F66696C65205B3078253067
S214041E2834585D206465764964205B307825303400
S214041E38585D20766572205B3078253032585D0010
S214041E4820202020257320636C75737465723A20ED
S214041E5830782530345820004E776B20636E743AF9
S214041E68202564006E776B202564205B25735D004F
S214041E785072696D617279202870726F290020206B
S214041E886E6F646554797065205B307825303258F7
S214041E985D002020736563757269747950726F6685
S214041EA8696C65205B3078253032585D00455020D3
S214041EB825643A20257320004572726F723A2020F2
S214041EC8556E6B6E6F776E20656E64706F696E7490
S214041ED82E00456E61626C65206576656E742064B6
S214041EE86562756720696E666F20696E20436F7237
S214041EF86520434C4920636F6D706F6E656E740081
S214041F086F6E6C7920636F6F7264696E61746F723A
S214041F18732063616E20666F726D0A006A6F696E5D
S214041F28203078253038580A006C656176650025B7
S214041F3873203078253032580A0072656A6F696EE5
S214041F4844696666446576696365547970650065B0
S214041F5878742E2050414E2049443A20004E574B60
S214041F68206F70656E3A20257520736563004E579A
S214041F784B20636C6F7365640066696E64206A6FD1
S214041F88696E61626C653A2030782530325800668E
S214041F98696E6420756E757365643A2030782530EA
S214041FA83258004368616E67696E6720746F2063F1
S214041FB868616E6E656C2025643A20307825303268
S214041FC85800696E76616C6964206E6574776F7202
S214041FD86B20696E6465780053686F727420494490
S214041FE83A203078253034582C2045554936343A2A
S214041FF820002C2050616E2049443A203078253041
S21404200834580053746172746564206D756C746911
S2140420182D70687920696E7465726661636500461A
S21404202861696C656420746F2025732025732030DD
S2140420387825303258005465726D696E617465642B
S21404204820257320307825303258004B656570207B
S214042058616C69766520737570706F727420656E2E
S21404206861626C65642E006661696C656420746FD1
S21404207820736574206B65657020616C69766520CD
S2140420886D6F64652E007375636365737366756C2C
S2140420986C792073657420746865206368696C6459
S2140420A82074696D656F7574206F7074696F6E201F
S2140420B86D61736B2E006661696C656420746F20AD
S2140420C873657420746865206368696C6420746931
S2140420D86D656F7574206F7074696F6E206D6173AB
S2140420E86B2E00646973636F766572004D61746362
S2140420F868202573792066726F6D20307825303411
S214042108582C206570202564004E574B2041646483
S2140421187265737320726573706F6E73653A2030D8
S214042128782530345800494545452041646472652D
S214042138737320726573706F6E73653A2000536507
S21404214872766963652025737920646F6E652E0040
S214042158232020747970652020206E776B20206CED
S2140421686F6320202072656D202020636C757320B1
S21404217820206E6F64652020206575690020202560
S21404218864202020203078253034582020307825C4
S214042198303458202030782530345820307825308C
S2140421A834582000736C5F7A69676265655F676593
S2140421B8745F62696E64696E67204572726F723AFC
S2140421C8203078253038580A002564206F66202584
S2140421D8642062696E64696E67732075736564004B
S2140421E8656E61626C6564207072696E74006469F9
S2140421F87361626C6564207072696E7400616464ED
S214042208206C696E6B206B6579004552523A204300
S214042218616C63756C617465642043524320646F13
S2140422286573206E6F74206D61746368004552523E
S2140422383A20496E7374616C6C20436F6465206D34
S21404224875737420626520382C2031302C20313484
S2140422582C206F7220313820627974657320696E79
S214042268206C656E677468004552523A204145539F
S2140422782D4D4D4F2068617368206661696C6564EE
S2140422883A2030782530325800536574206A6F69CE
S2140422986E696E67206C696E6B206B657900736572
S2140422A8742062696E642025643A203078253032BA
S2140422B87800454D50545900554E494341004D3217
S2140422C84F4E45004D554C5449003F2020202000D1
S2140422D8496E6465782049454545204164647265BD
S2140422E873732020202020202020204E574B496E30
S2140422F86465782020496E204643202020202054F8
S214042308544C28732920466C6167202020204B658E
S214042318792020202000256420202020200020204A
S214042328256420202020202020002020253038580E
S21404233820200020307825303458202000496E6448
S2140423486578204945454520416464726573732061
S2140423582020202020202020496E204643202020AC
S21404236820205479706520204175746820204B65B8
S21404237879002D20202020200025632020202020DE
S2140423882563202020202000696573005741524E9B
S214042398494E473A202052454144494E47204F4625
S2140423A8204B45592056414C5545532044495341E2
S2140423B8424C4544204259204D464720544F4B45ED
S2140423C84E004E574B204B6579002573206F757465
S2140423D82046433A20253038580025732073657103
S2140423E8206E756D3A2030782530325800257320D3
S2140423F86F75742046433A202530387800544320B5
S214042408257320002573205461626C650025642FAB
S214042418256420656E747269657320757365642E09
S214042428005472616E7369656E74204B6579002575
S2140424386420656E7472257320636F6E73756D6998
S2140424486E67202564207061636B65742062756608
S21404245866657225732E0057494C4C0057494C4CF8
S214042468204E4F540054727573742043656E746519
S2140424787220257320616C6C6F7720747275737480
S2140424882063656E7465722072656A6F696E732060
S2140424987573696E672077656C6C2D6B6E6F776ED7
S2140424A8206B65792E005365742074696D656F75A5
S2140424B87420666F722054727573742043656E7444
S2140424C865722072656A6F696E73207573696E67C4
S2140424D82077656C6C2D6B6E6F776E206C696E6BEF
S2140424E8206B657920746F202564207365636F6E8E
S2140424F864732E004552524F523A20002573737463
S21404250861636B206D75737420626520646F776EE3
S2140425182E0052656164696E6720416C6C6F77653E
S214042528640048617368696E67206F6E6C7900731F
S2140425386C5F7A69676265655F6B65795F736574F6
S21404254874696E67735F743A20307825303458009F
S21404255820205065726D697373696F6E733A20250F
S21404256873004572726F723A204661696C6564201E
S214042578746F2067657420636F6E6669672C2073B2
S21404258874617475733A203078253038580046617B
S214042598696C65643A20307825303858004D73677E
S2140425A83A20636C7573203078253034582C2063B1
S2140425B86D64203078253032582C206C656E2025C2
S2140425C864006275666665723A2000454D42455257
S2140425D85F00257353454355524954595F4C455635
S2140425E8454C3A2025303258002573657261736568
S2140425F8206B65792025643A2030782530385800D1
S214042608636D64206E6F74206275696C74007372EF
S2140426186320657020253032782C20636C7573200F
S214042628253034780073656E64696E6720746F208D
S2140426386D756C7469636173742062696E640025D1
S214042648733A2065703A2025642C20636C3A20304F
S21404265878253034582C20617474723A20307825E2
S214042668303458002C207376723A2025630025737C
S2140426783A20726561643A20307825303278002C26
S214042688207376723A2025632C2064747970653A30
S2140426982030782530325800417267756D656E743F
S2140426A820617420696E6465783A2025642069730D
S2140426B8206F7574206F662072616E676500436FBD
S2140426C86D6D616E6420616C7265616479206275F3
S2140426D8696C742E202043616E6E6F742073657463
S2140426E8204D464720737065636966696320636F87
S2140426F8646520666F7220636F6D6D616E642E006C
S2140427084D464720436F64652053657420666F7290
S214042718206E65787420636F6D6D616E643A203040
S214042728782530345800557365204E6578742053E0
S214042738657175656E63652053657420666F7220CF
S2140427486E65787420636F6D6D616E643A203078B8
S214042758253032580044697361626C6520446566A6
S21404276861756C7420526573706F6E73652053655B
S2140427787420666F72206E65787420636F6D6D6161
S2140427886E643A20307825303258004552523A2042
S21404279872656164696E67206174747269627574BF
S2140427A8652025303278004552523A206174747296
S2140427B869627574652073697A6520256420746F68
S2140427C86F206C6172676520666F72206275666634
S2140427D86572004572726F723A2061747472696227
S2140427E8757465204944203078253034582072653D
S2140427F8706F727461626C65206368616E676520C9
S21404280869732073697A65202564422C206275747E
S2140428182025644220656E74657265640A006E6FCE
S21404282820636D64004572726F723A20434C4920E7
S21404283853656E64206661696C65642C20737461E4
S2140428487475733A20307825303858004572726F9C
S214042858723A2020455549363420617267756D658D
S2140428686E7420697320656D70747920616E6420B7
S2140428786C6F6F6B7570206279206E6F6465204983
S21404288844206661696C65642E0047726F75700033
S214042898556E696361737400556E62696E642025AB
S2140428A87320257330782530325800526571756563
S2140428B873743A20005A444F2073696D706C65200F
S2140428C864657363207265712025303278005A4433
S2140428D84F206E6F6465206465736320726571208B
S2140428E825303278005A444F206D6174636820643A
S2140428F865736320726571202530325800557369F4
S2140429086E67206D79206C6F63616C204555493677
S2140429183420666F722064657374204555493634CE
S21404292820696E2062696E64696E67005A444F2097
S21404293862696E6420726571202530327800636C93
S2140429487573746572206C696D6974207265616349
S21404295868656400696E76616C6964207061676591
S2140429683A202564206F72206368616E6E656C3A3F
S214042978202564004368616E6765206368616E6E2F
S214042988656C207374617475733A20307825303218
S21404299878006475726174696F6E206D757374203F
S2140429A8626520696E2072616E67652030202D206E
S2140429B83500636F756E74206D75737420626520B8
S2140429C8696E2072616E67652031202D2038007389
S2140429D863616E20737461747573203078253032A1
S2140429E858006E6574776F726B20757064617465D1
S2140429F82073657420737461747573203078253079
S214042A0832580041637469766520455020726571B2
S214042A1875657374207374617475733A20307825F9
S214042A28303258004C5149205461626C65207265F6
S214042A3871756573743A20307825303258004269C7
S214042A486E64696E67205461626C65207265717580
S214042A586573743A20307825303258004C656176B0
S214042A686520257330782530325800506F776572A4
S214042A782044657363726970746F722025733078A6
S214042A8825303258005573696E67206D79206C6F4F
S214042A9863616C20455549363420666F7220646538
S214042AA8737420455549363420696E20756E6269FC
S214042AB86E64696E6700526F757465205461626C43
S214042AC865202573307825303258002F686F6D6579
S214042AD82F72756E6E65722F776F726B2F74757999
S214042AE8612D7A69676265652D7377697463682FE3
S214042AF8747579612D7A69676265652D737769746B
S214042B0863682F73696C6162735F746F6F6C732F7D
S214042B1873696D706C69636974795F73646B2F701D
S214042B28726F746F636F6C2F7A69676265652F615D
S214042B3870702F6672616D65776F726B2F636F6D39
S214042B486D6F6E2F736C5F7A69676265655F7379FC
S214042B587374656D5F636F6D6D6F6E2E6300457875
S214042B6874656E64656420526573657420696E6660
S214042B786F3A203078253034582028257329002FBA
S214042B88686F6D652F72756E6E65722F776F726BD0
S214042B982F747579612D7A69676265652D7377690F
S214042BA87463682F747579612D7A69676265652D13
S214042BB87377697463682F73696C6162735F746F83
S214042BC86F6C732F73696D706C69636974795F735E
S214042BD8646B2F70726F746F636F6C2F7A69676299
S214042BE865652F6170702F6672616D65776F726B9D
S214042BF82F636F6D6D6F6E2F7A69676265655F61A7
S214042C0870705F6672616D65776F726B5F736C6503
S214042C1865702E630053746179206177616B652053
S214042C287768656E206E6F74206A6F696E65643A9D
S214042C3820257300466F7263656420737461792077
S214042C486177616B653A20202020202020202020F0
S214042C58257300466F7263696E67206465766963D8
S214042C686520746F2073746179206177616B6500E1
S214042C78416C6C6F77696E67206465766963652056
S214042C88746F20676F20746F20736C656570002FEF
S214042C98686F6D652F72756E6E65722F776F726BBF
S214042CA82F747579612D7A69676265652D737769FE
S214042CB87463682F747579612D7A69676265652D02
S214042CC87377697463682F73696C6162735F746F72
S214042CD86F6C732F73696D706C69636974795F734D
S214042CE8646B2F70726F746F636F6C2F7A69676288
S214042CF865652F6170702F6672616D65776F726B8C
S214042D082F636F6D6D6F6E2F7A69676265655F7383
S214042D187461636B5F736C6565702E630052583A12
S214042D28205265736574546F466163746F72794490
S214042D38656661756C747343616C6C6261636B0081
S214042D48657A737020636F756E7465727320666136
S214042D58696C656420257500657A737020526573FE
S214042D686574205468726573686F6C642065727243
S214042D786F7220257500657A737020536574205425
S214042D8868726573686F6C64206572726F7220254A
S214042D9875002575292025733A2025750053657412
S214042DA874696E67205468726573686F6C64206310
S214042DB86F6D6D616E64003F3F3F004D6163205246
S214042DC878204263617374004D616320547820420E
S214042DD863617374004D6163205278205563617390
S214042DE874004D6163205478205563617374004DF4
S214042DF86163205478205563617374205265747235
S214042E0879004D61632054782055636173742046B5
S214042E1861696C0041505320527820426361737490
S214042E280041505320547820426361737400415023
S214042E3853205278205563617374004150532054CC
S214042E4878205563617374205375636365737300E0
S214042E584150532054782055636173742052657426
S214042E687279004150532054782055636173742056
S214042E784661696C00526F757465204469736320F3
S214042E88496E69746961746564004E656967686249
S214042E986F72204164646564004E65696768626F92
S214042EA8722052656D6F766564004E656967686260
S214042EB86F72205374616C65004A6F696E20496EA0
S214042EC86469636174696F6E004368696C64204D55
S214042ED86F76656400415348204F766572666C6F5A
S214042EE87700415348204672616D65204572726FBB
S214042EF87200415348204F76657272756E2045728B
S214042F08726F72004E574B204643204661696C75B3
S214042F18726500415053204643204661696C7572B9
S214042F28650041534820584F666600415053205563
S214042F386E617574686F72697A6564204B6579008A
S214042F484E574B2044656372797074204661696CE9
S214042F5875726573004150532044656372797074C2
S214042F68204661696C75726573005061636B65749D
S214042F782042756666657220416C6C6F6361746581
S214042F88204661696C757265730052656C61796573
S214042F98642055636173740050687920746F204DFB
S214042FA84143207175657565206C696D6974207276
S214042FB8656163686564005061636B657420566177
S214042FC86C69646174652064726F7020636F756ED3
S214042FD874004E574B207265747279206F7665724A
S214042FE8666C6F7700434341204661696C75726569
S214042FF8730042726F616463617374207461626CF7
S214043008652066756C6C00505441204C6F205072D5
S21404301869205265710050544120486920507269ED
S2140430282052657100505441204C6F20507269201C
S21404303844656E696564005054412048692050729E
S214043048692044656E69656400505441204C6F20BD
S214043058507269205478204162727400505441209A
S214043068486920507269205478204162727400417D
S21404307864647265737320436F6E666C6963742048
S21404308853656E740043534C205278207363686506
S21404309864756C65206661696C6564000D0044653A
S2140430A8627567207072696E742067726F75702017
S2140430B825730A0057726F6E6720706172616D65BA
S2140430C87465720A0046696E6420616E64204269FB
S2140430D86E6420496E69746961746F723A20436F2E
S2140430E86D706C6574653A20307825303258005314
S2140430F874617274207461726765740046696E64DC
S21404310820616E642042696E642054617267657437
S2140431180025733A2025733A203078253032580033
S214043128467261676D656E746174696F6E20525875
S2140431382077696E646F772073697A65207365747F
S21404314820746F202564002F686F6D652F72756E66
S2140431586E65722F776F726B2F747579612D7A6925
S214043168676265652D7377697463682F747579610A
S2140431782D7A69676265652D7377697463682F733A
S214043188696C6162735F746F6F6C732F73696D70AB
S2140431986C69636974795F73646B2F70726F746F8C
S2140431A8636F6C2F7A69676265652F6170702F6626
S2140431B872616D65776F726B2F706C7567696E2FA9
S2140431C8667261676D656E746174696F6E2F667278
S2140431D861676D656E746174696F6E2E630052580C
S2140431E83A2041646447726F7570526573706F6EE7
S2140431F87365203078253032582C203078253034C2
S214043208580052583A205669657747726F75705257
S2140432186573706F6E7365203078253032582C20AD
S2140432283078253034582C20220052583A204765E6
S2140432387447726F75704D656D62657273686970F0
S214043248526573706F6E7365203078253032582C4B
S214043258203078253032582C00205B3078253034DE
S214043268585D0052583A2052656D6F766547726FFE
S2140432787570526573706F6E7365203078253032BA
S214043288582C203078253034580065705B25303249
S214043298585D2069645B253034585D00436C65616D
S2140432A872696E6720616C6C2067726F7570732E16
S2140432B8004552523A204661696C656420746F2052
S2140432C86372656174652062696E64696E67202836
S2140432D830782530325829004552523A2042696ED1
S2140432E864696E67207461626C652069732066750C
S2140432F86C6C004552523A2077726974696E67207E
S2140433086E616D6520737570706F72742025303227
S214043318580052583A2041646447726F75702030DA
S21404332878253034582C20220075760052583A20D6
S2140433385669657747726F7570203078253034582B
S2140433480075767300766965775F67726F757000C7
S21404335847726F7570733A206661696C6564207489
S2140433686F2073656E6420257320726573706F6EA4
S21404337873653A20307825303258006765745F677D
S214043388726F75705F6D656D6265727368697020BB
S214043398726573706F6E73650064656661756C74C8
S2140433A85F726573706F6E73650052583A2047658E
S2140433B87447726F75704D656D626572736869706F
S2140433C8203078253032582C007575620047726FA5
S2140433D87570733A206661696C656420746F20732F
S2140433E8656E642025733A203078253032580052AA
S2140433F8583A2052656D6F766547726F757020303F
S2140434087825303458004552523A204661696C652E
S2140434186420746F2064656C6574652062696E64E4
S214043428696E672028307825303258290072656D11
S2140434386F76655F67726F75700052583A205265EA
S2140434486D6F7665416C6C47726F75707300525871
S2140434583A2041646447726F757049664964656EBC
S21404346874696679696E67203078253034582C205C
S2140434782200616464004368616E6E656C206E6F3A
S214043488742076616C69643A202564005072696D0C
S214043498617279002573206D61736B206E6F7720D7
S2140434A8307825303858005365636F6E64617279D6
S2140434B8004D61736B206E6F742076616C69643A94
S2140434C8202564007072696D617279007365636F94
S2140434D86E646172790025733A20536574202573E7
S2140434E8206D61736B20746F20307825303858004F
S2140434F85374617475730025733A2025733A004330
S21404350868616E6E656C206D61736B3A00202020CE
S2140435182028312920307825303858205B00202090
S214043528202028322920307825303858205B00534C
S214043538746174653A20307825303258202825730B
S214043548290043757272656E74206368616E6E65D1
S2140435586C3A20256400546F74616C20626561635C
S2140435686F6E733A202564004A6F696E206174741E
S214043578656D7074733A202564004E6574776F72AF
S2140435886B2073746174653A20307825303258009D
S21404359853746F700025732053746F702E20204365
S2140435A86C65616E696E672075702E0042726F6175
S2140435B86463617374696E67207065726D697420DC
S2140435C86A6F696E0054727573742063656E7465E9
S2140435D872206C696E6B206B6579207570646174F3
S2140435E865207374617475730025733A20574152C5
S2140435F84E494E473A20736C5F7A69676265655F21
S2140436087365745F696E697469616C5F7365637505
S214043618726974795F7374617465206661696C6530
S214043628642E20436F6E74696E75696E67207769B9
S21404363874686F757420696E7374616C6C20636F3C
S21404364864652E004572726F723A20696E737461EF
S2140436586C6C20636F64652073657475702066618E
S214043668696C65642E20497320616E20696E7374D4
S214043678616C6C20636F646520666C61736865644E
S214043688206F6E746F207468652064657669636558
S2140436983F00D0D1D2D3D4D5D6D7D8D9DADBDCDD1F
S2140436A8DEDF00FFFFFFFFFFFFFFFF005A696742E8
S2140436B86565416C6C69616E636530390025733ADB
S2140436C82069737375696E67207363616E206F6E05
S2140436D8202573206368616E6E656C7320286D619F
S2140436E8736B203078253038582900257320697381
S2140436F820616C726561647920696E2070726F67E8
S21404370872657373005374617274004578616D69E9
S2140437186E696E6720626561636F6E206F6E2063E4
S21404372868616E6E656C20256420776974682070FD
S214043738616E4964203078253034580054686973BB
S21404374820626561636F6E206973206E6F742070E3
S214043758617274206F66207468652063757272657A
S2140437686E74206368616E6E656C206D61736B2081
S21404377828307825303858292E2047657474696EA1
S21404378867206E65787420626561636F6E2077685B
S2140437986F7365206368616E6E656C206269746D0C
S2140437A861736B206973207365742E004572726F9B
S2140437B8723A20257320636F756C64206E6F7420CC
S2140437C8617474656D7074206A6F696E3A20307817
S2140437D825303258004E6F20626561636F6E732021
S2140437E86C656674206F6E2063757272656E7420DD
S2140437F86D61736B2E204D6F76696E6720746F202B
S2140438086E657874207374617465002573206A6F16
S214043818696E696E6720307825303458206F6E20BC
S2140438286368616E6E656C20256400257320537486
S2140438386174653A202573004572726F723A2025C2
S2140438487320636F756C64206E6F7420736574756B
S214043858702073656375726974793A2030782530F8
S2140438683258004572726F723A205363616E206351
S2140438786F6D706C6574652068616E646C65722023
S21404388872657475726E6564203078253032580017
S2140438982573207363616E20636F6D706C65746541
S2140438A82E20426561636F6E732068656172643AA0
S2140438B820256400257320737461636B2073746118
S2140438C874757320307825303258002573206E6559
S2140438D874776F726B206A6F696E65642E00257341
S2140438E820747279696E67206E657874206E6574C4
S2140438F8776F726B2E004E6F6E65005363616E2091
S2140439085072696D617279204368616E6E656C7376
S21404391820616E642075736520436F6E66696775EB
S214043928726564204B6579005363616E2050726932
S2140439386D617279204368616E6E656C7320616E82
S214043948642075736520496E7374616C6C20436FCC
S2140439586465005363616E205072696D61727920E4
S2140439684368616E6E656C7320616E64205573657A
S2140439782043656E7472616C697A6564204B657958
S214043988005363616E205072696D617279204368D2
S214043998616E6E656C7320616E6420557365204491
S2140439A869737472696275746564204B657900532B
S2140439B863616E205365636F6E6461727920436831
S2140439C8616E6E656C7320616E6420757365204342
S2140439D86F6E66696775726564204B657900536314
S2140439E8616E205365636F6E646172792043686103
S2140439F86E6E656C7320616E642075736520496EFF
S214043A087374616C6C20436F6465005363616E2045
S214043A185365636F6E64617279204368616E6E6580
S214043A286C7320616E64205573652043656E7472EA
S214043A38616C697A6564204B6579005363616E200E
S214043A485365636F6E64617279204368616E6E6550
S214043A586C7320616E6420557365204469737472B0
S214043A68696275746564204B6579005363616E20DA
S214043A785072696D617279204368616E6E656C7305
S214043A8820616E642055736520416C6C204B657903
S214043A98732028696E7374616C6C20636F64652C7C
S214043AA82063656E7472616C697A65642C20646937
S214043AB873747269627574656429005363616E2051
S214043AC85365636F6E64617279204368616E6E65D0
S214043AD86C7320616E642055736520416C6C204BB2
S214043AE86579732028696E7374616C6C20636F64DF
S214043AF8652C2063656E7472616C697A65642C2023
S214043B08646973747269627574656429004F6E2FEC
S214043B184F6666207365742076616C75653A202551
S214043B283032582025303258004552523A207265B1
S214043B386164696E67206F6E2F6F66662025303263
S214043B4858004F6E2F6F666620616C7265616479E3
S214043B582073657420746F206E65772076616C75A3
S214043B686500546F67676C65206F6E2F6F666620F6
S214043B7866726F6D202530325820746F20253032D7
S214043B8858004552523A2077726974696E67206FF6
S214043B986E2F6F6666202530325800496E7374613E
S214043BA86C6C6564205479706520284261736529B5
S214043BB83A202030782530325800436170616269B3
S214043BC86C69746965733A20202020202020202000
S214043BD8202030782530345800426F6F746C6F613B
S214043BE86465722056657273696F6E3A20202020C9
S214043BF82030782530345800536563757265204242
S214043C086F6F746C6F61646572204B65793A202017
S214043C182020202000426F6F746C6F6164696E67A1
S214043C28206661696C65642100446F776E6C6F6109
S214043C3864206661696C65642E0044656C65746905
S214043C486E67206661696C656420646F776E6C6F56
S214043C5861642C207374617475733A203078253047
S214043C68325800496D61676520646F6573206E6F0E
S214043C787420636F6E7461696E20616E2055706778
S214043C887261646520496D61676520546167202800
S214043C98307825303458292E20536B697070696E35
S214043CA86720757067726164652E0045786563756C
S214043CB874696E6720626F6F746C6F6164206361E9
S214043CC86C6C6261636B2E005374617274696E6700
S214043CD82045424C20766572696669636174696F2B
S214043CE86E0045424C206661696C65642076657290
S214043CF8696669636174696F6E2E0045424C20706C
S214043D08617373656420766572696669636174694C
S214043D186F6E2E002573696E67204F544120636CBE
S214043D2869656E74207374617465206D616368696F
S214043D386E650073746F7070004572726F723A2005
S214043D484E6F20696D61676520617420696E6465CD
S214043D5878202564004E6F7420737570706F7274C3
S214043D6865642E00436C69656E7420696D616765C9
S214043D7820717565727920696E666F004D616E757F
S214043D88662049443A20202020202020202030780D
S214043D982530345800496D6167652054797065206C
S214043DA849443A202020203078253034580043757A
S214043DB87272656E742056657273696F6E3A202047
S214043DC83078253038580048617264776172652007
S214043DD856657273696F6E3A20004E4100517565D8
S214043DE872792044656C6179206D733A202020200E
S214043DF82020202020202020256C6400536572761D
S214043E08657220446973636F766572792044656CBD
S214043E186179206D733A20256C6400446F776E6C64
S214043E286F61642044656C6179206D733A202020A4
S214043E38202020202020256C640052756E205570A2
S214043E4867726164652044656C6179206D733A20F5
S214043E582020202020256C64005665726966792027
S214043E6844656C6179206D733A2020202020202038
S214043E7820202020256C6400446F776E6C6F616484
S214043E88204572726F72205468726573686F6C642A
S214043E983A2020256400557067726164652057616E
S214043EA86974205468726573686F6C643A202020BD
S214043EB8202564004F544120446F776E677261640E
S214043EC865733A2044697361626C6564004F5441B3
S214043ED820446F776E6772616465733A20456E6135
S214043EE8626C656400426F6F746C6F6164207374EF
S214043EF86174653A20257300496E76616C6964209E
S214043F084550202564207768656E20747279696E3A
S214043F186720746F2073656E64204F5441206D6566
S214043F2873736167652E0053656E64696E67205502
S214043F3870677261646520456E6420726571756584
S214043F4873742E0025733A20696E76616C69642052
S214043F58636D64496420307825303258004572729F
S214043F686F723A20204661696C656420746F20730A
S214043F78656E64204F544120636F6D6D616E6420D6
S214043F883078253032582C207374617475733A204F
S214043F983078253032580053657276657220756E0F
S214043FA86B6E6F776E2C2066616C6C696E67206228
S214043FB861636B20746F20646973636F76657279C6
S214043FC82E004D6178696D756D207175657279205E
S214043FD86572726F72732068697420282564292CA8
S214043FE8207374617274696E67207365617263689E
S214043FF820666F72206E6577204F54412073657271
S2140440087665722E0A004170706C79696E67207541
S2140440187067726164650025733A20696E76616C10
S2140440286964206F66667365742063757272656E5C
S2140440387454696D652830782530385829203E2010
S2140440487570677261646554696D652830782530C3
S214044058385829004F544120436C75737465723A76
S214044068207761697420666F722025642073005275
S2140440785865642074696D654F75742030782530EA
S214044088385820732C204D41582074696D654F7537
S21404409874203078253038582073004D6178696D5F
S2140440A8756D2075706772616465207265717565D3
S2140440B8737473206D6164652028256429207769E4
S2140440C874686F757420726573706F6E7365206696
S2140440D8726F6D207365727665722E0055706772FE
S2140440E86164696E6720616E79776179004F54411F
S2140440F8205365727669636520646973636F7665B1
S21404410872792070726576656E746564202D2061F8
S2140441186E6F7468657220697320616C7265616479
S2140441287920696E2070726F6772657373004661D2
S214044138696C656420746F20696E69746961746556
S214044148207365727669636520646973636F766540
S21404415872792E004F544120536572766963652040
S214044168446973636F7665727920696E2070726F1E
S214044178677265737300436C69656E74207665723E
S214044188696669636174696F6E206661696C6564E3
S2140441982E005369676E617475726500437573748F
S2140441A86F6D00706173736564004641494C4544FD
S2140441B8004E6F207369676E617475726520766544
S2140441C872696669636174696F6E20737570706F5F
S2140441D872742C20617373756D696E6720696D61DE
S2140441E86765206973206F6B61792E0025732076C6
S2140441F86572696669636174696F6E2025733A200F
S214044208307825303258004D6178696D756D206EAA
S214044218756D626572206F6620646F776E6C6F6169
S21404422864206572726F72732072656163682028F1
S2140442382564292C2061626F7274696E672E004F9C
S214044248544120436C75737465723A2073657474AC
S214044258696E6720494545452061646472657373D1
S214044268206F66204F544120636C75737465720022
S2140442785061727469616C2066696C6520646F7736
S2140442886E6C6F616420666F756E642C20636F6E47
S21404429874696E75696E672066726F6D206F6666E0
S2140442A87365742030782530385800466F756E6408
S2140442B82066756C6C7920646F776E6C6F616465C4
S2140442C8642066696C6520696E2073746F72616712
S2140442D865202876657273696F6E203078253038C5
S2140442E858292E00466F756E642066696C652069C9
S2140442F86E2073746F7261676520776974682064CA
S2140443086966666572656E742076657273696F6E23
S214044318202830782530385829207468616E206340
S214044328757272656E742076657273696F6E20286E
S214044338307825303858290046696C6520696E201F
S21404434873746F726167652069732073616D652085
S21404435861732063757272656E742072756E6E6909
S2140443686E672076657273696F6E202830782530FC
S214044378385829004E6F20696D61676520666F7529
S2140443886E6420696E2073746F726167652E004FC1
S2140443985441205365727669636520446973636F74
S2140443A87665727920756E626C6F636B6564004916
S2140443B8676E6F72696E67207365727665722066BB
S2140443C8726F6D206C6F6F706261636B20616464DA
S2140443D8726573730049676E6F72696E672030780A
S2140443E825303458204F5441207365727665722000
S2140443F8696E20736561726368206F662054430093
S21404440853657474696E67204F54412053657276F9
S214044418657220746F203078253034580044656CF3
S2140444286179696E67202564207365636F6E6473AB
S214044438206265666F7265207374617274696E674C
S214044448204F544120636C69656E740054696D6529
S2140444586F75742077616974696E6720666F722059
S2140444686D6573736167652E00426164204F54411D
S21404447820636F6D6D616E643A203078253032584B
S214044488004F544120636F6D6D616E64203078254B
S21404449830325820746F6F2073686F727420286CDB
S2140444A8656E202564203C206D696E2025642900ED
S2140444B84F544120636F6D6D616E642066726F6D34
S2140444C820756E7265636F676E697A6564207365B6
S2140444D872766572203078253034582E20204D792F
S2140444E8204F5441207365727665723A20307825D9
S2140444F830345800496D616765204E6F7469667973
S21404450800476F7420756E657870656374656420FB
S21404451825732E2020537461727420646973636F44
S214044528766572792E0064656661756C74004F54FE
S214044538413A206661696C656420746F2073656E01
S2140445486420257320726573706F6E73653A203025
S214044558782530325800496D616765206E6F746936
S214044568667900476F7420756E6578706563746540
S214044578642025732E202049676E6F7265642E00AA
S2140445884F54413A2044656661756C7420726573AD
S214044598706F6E736520666F7220496D616765205B
S2140445A86E6F746966792C20737461747573203021
S2140445B8782530325800496D616765206E6F7469D6
S2140445C8667920636F6D6D616E6400257320756E61
S2140445D869636173742C207175657279696E6700F6
S2140445E8496E76616C6964002573202573207061B2
S2140445F8796C6F6164207479706520307825303260
S214044608580025732025733A206F7574206F66202A
S21404461872616E6765206A69747465722025640021
S21404462825732025733A207061796C6F6164206C59
S214044638656E67746820646F65736E2774206D6191
S2140446487463682074797065203078253032582071
S214044658282564203C2025642900257320257320FA
S21404466864756520746F206E6F6E2D6D6174636853
S214044678696E67206D616E756661637475726572BE
S2140446882049440025732025732064756520746FBB
S214044698206E6F6E2D6D61746368696E6720696D30
S2140446A86167652074797065204944002573202560
S2140446B8732064756520746F206D61746368696E11
S2140446C867206669726D77617265207665727369AC
S2140446D86F6E0025732025732C2052782764204A91
S2140446E869747465722028307825303258292C204D
S2140446F85069636B6564204A69747465722028304F
S214044708782530325829005175657279206E657897
S2140447187420696D61676520726573706F6E736562
S2140447280025732072657475726E6564203078256A
S2140447383032582E20204E6F206E657720696D61C2
S214044748676520746F20646F776E6C6F61642E00E3
S214044758257320746F6F2073686F7274202825641D
S214044768203C202564290025733A204E6577206965
S2140447786D61676520697320617661696C61626C36
S2140447886520666F7220646F776E6C6F61642E00A6
S2140447982573206973206E6F74207573696E67209D
S2140447A86D7920696D61676520696E666F2E0045B0
S2140447B852524F523A204E65787420496D616765A7
S2140447C820697320746F6F2062696720746F207382
S2140447D8746F72652028307825303858203E20308B
S2140447E87825303858290025732072657475726EDA
S2140447F865642073616D652046696C6556657273D9
S214044808696F6E2061732063757272656E746C7955
S21404481820696E7374616C6C65642E004F54412075
S214044828446F776E67726164657320446973616266
S2140448386C65643A2046696C6556657273696F6E72
S21404484820626568696E642063757272656E74208A
S214044858696E7374616C6C6174696F6E005374610D
S2140448687274696E6720646F776E6C6F61642C204F
S21404487856657273696F6E2030782530385800454F
S21404488872726F723A204661696C656420746F2090
S21404489864656C65746520696D6167652E0045728C
S2140448A8726F723A204661696C656420746F20657D
S2140448B872617365206F6C642074656D7020646122
S2140448C874612E00496D61676520626C6F636B20A6
S2140448D8726573706F6E7365004F54413A20496D64
S2140448E8616765426C6F636B5265706F6E736520A3
S2140448F8636F6E7461696E7320696E76616C696441
S214044908206F7220696E636F6D706C6574652064C1
S214044918617461005570646174696E67204D696ED0
S21404492820426C6F636B20526571756573742050F2
S2140449386572696F6420746F202564206D73004463
S2140449486F776E6C6F61642064656C617920627938
S21404495820736572766572202564206D7300446F33
S214044968776E6C6F61642061626F7274656420622E
S21404497879207365727665722E0053657276657251
S21404498820646F65736E277420737570706F727405
S214044998207061676520726571756573742C206F65
S2140449A86E6C79207573696E6720626C6F636B2012
S2140449B8726571756573742E005365727665722018
S2140449C872657475726E65642027756E737570707B
S2140449D86F7274656420636C757374657220636F94
S2140449E86D6D616E64272E00556E6B6E6F776E2044
S2140449F825732073746174757320636F646520303F
S214044A0878253032580025732068617320646174F1
S214044A18612073697A65202825642920736D616C82
S214044A286C6572207468616E2061637475616C20AD
S214044A387061636B65742073697A65202825642918
S214044A482E002573206572726F723A204578706559
S214044A5863746564206F66667365742030782530E1
S214044A6838582C2062757420676F74203078253087
S214044A7838582E202049676E6F72696E6700257352
S214044A8820696E666F20646964206E6F74206D6199
S214044A98746368206D79206578706563746564202E
S214044AA8696E666F2E202044726F7070696E672E6A
S214044AB8004661696C656420746F20777269746552
S214044AC820746F2073746F726167652064657669F5
S214044AD863652100446F776E6C6F61640055706778
S214044AE87261646520656E6420726573706F6E7398
S214044AF865005365727665722061626F72746564C8
S214044B0820757067726164652C207374617475739C
S214044B183A20307825303258004572726F723A203F
S214044B2825732068616420696E76616C6964202543
S214044B38733A200066696C652076657273696F6ED1
S214044B4800416464696E67202564206D732E2064B2
S214044B58656C617920666F7220696D6D656469613C
S214044B68746520757067726164652E00436F756E90
S214044B7874646F776E20746F2075706772616465ED
S214044B883A202564206D73002053746174653A20B6
S214044B9820202573002057616974696E6720666F44
S214044BA87220726573706F6E73653A2025730020E1
S214044BB84E657874204576656E742054696D657202
S214044BC83A202564206D73002043757272656E74EE
S214044BD820446F776E6C6F6164204F6666736574E5
S214044BE83A20307825303858202825642525290089
S214044BF825733A206661696C65642070617273690E
S214044C086E67204F544120636D6420307825303217
S214044C1858004F54412044656661756C742072656B
S214044C2873706F6E736520746F20636F6D6D616E3D
S214044C3864204944203078253032582C2073746117
S214044C487475732030782530325800496D6167656D
S214044C5820626C6F636B207265717565737420745B
S214044C68657374206F6E6C7920776F726B73207718
S214044C7868656E20737461746520697320424F4FAB
S214044C88544C4F41445F53544154455F4E4F4E4530
S214044C980052616E646F6D2044656C6179206265AC
S214044CA8666F726520737461727400446973636F07
S214044CB8766572696E67204F54412053657276652F
S214044CC87200476574204F544120536572766572A6
S214044CD820455549004F627461696E206C696E6B95
S214044CE8206B6579005175657279696E67204E6523
S214044CF8787420496D61676500446F776E6C6F61E0
S214044D0864696E6720496D616765005665726966F1
S214044D1879696E6720496D616765005761697469CA
S214044D286E6720666F722055706772616465206DC1
S214044D3865737361676500436F756E74646F776E29
S214044D4820746F20557067726164650057616974D2
S214044D58696E6720746F2075706772616465207663
S214044D686961206F75742D6F662D62616E64206D9F
S214044D78656368616E69736D0025733A202564253A
S214044D882520636F6D706C65746500496D61676591
S214044D982025640020204552524F523A20436F750E
S214044DA86C64206E6F74206765742066756C6C205E
S214044DB868656164657221002020486561646572CF
S214044DC82056657273696F6E3A20307825303458E9
S214044DD8002020486561646572204C656E677468B7
S214044DE83A20202564206279746573002020466979
S214044DF8656C6420436F6E74726F6C3A202030784A
S214044E08253034580020204D616E75662049443A92
S214044E1820202020202020307825303458002020D8
S214044E28496D61676520547970653A2020202020F2
S214044E3830782530345800202056657273696F6EB2
S214044E483A2020202020202020307825303858008A
S214044E5820205A69676265652056657273696F6EA5
S214044E683A20307825303458002020486561646537
S214044E787220537472696E673A20202573002020C6
S214044E88496D6167652053697A653A202020202099
S214044E98256C6420627974657300202053656375F5
S214044EA87269747920437265643A20203078253014
S214044EB83258002020557067726164652044657313
S214044EC8743A2020200020204D696E2E2048572052
S214044ED85665723A20202020307825303458002031
S214044EE8204D61782E204857205665723A20202097
S214044EF820307825303458002020546F74616C2094
S214044F08546167733A202564002020202054616782
S214044F183A20307825303458002020202020204C91
S214044F28656E6774683A20256C64004572726F7201
S214044F383A20436F756C64206E6F74206F627461D8
S214044F48696E2074616720696E666F2066726F6D7D
S214044F5820696D6167652E000A256420696D61679E
S214044F68657320696E204F54412073746F726167AD
S214044F78652E00496D6167652064656C65746525F2
S214044F88732E004572726F723A2020436F756C64F4
S214044F98206E6F74207265616420626C6F636B3A6E
S214044FA8203078253032582E0A005374617274699A
S214044FB86E672065726173652066726F6D206F6612
S214044FC8667365742030782530385820746F20301E
S214044FD8782530385800436F756C64206E6F7420DB
S214044FE873746172742045524153452120283078E1
S214044FF8253032582900454550524F4D2045726198
S214045008736520636F6D706C657465002F686F6DCB
S214045018652F72756E6E65722F776F726B2F747547
S21404502879612D7A69676265652D73776974636833
S2140450382F747579612D7A69676265652D7377694A
S2140450487463682F73696C6162735F746F6F6C73D3
S2140450582F73696D706C69636974795F73646B2FF9
S21404506870726F746F636F6C2F7A69676265652FE9
S2140450786170702F6672616D65776F726B2F706CD6
S2140450887567696E2F6F74612D73746F72616765C7
S2140450982D73696D706C652D656570726F6D2F6FF5
S2140450A874612D73746F726167652D656570726FB0
S2140450B86D2D706167652D65726173652E63002FAB
S2140450C8686F6D652F72756E6E65722F776F726B6B
S2140450D82F747579612D7A69676265652D737769AA
S2140450E87463682F747579612D7A69676265652DAE
S2140450F87377697463682F73696C6162735F746F1E
S2140451086F6C732F73696D706C69636974795F73F8
S214045118646B2F70726F746F636F6C2F7A69676233
S21404512865652F6170702F6672616D65776F726B37
S2140451382F706C7567696E2F6F74612D73746F7238
S2140451486167652D73696D706C652D656570726F22
S2140451586D2F6F74612D73746F726167652D656545
S21404516870726F6D2E63004F54412053696D706CD6
S214045178652053746F7261676520454550524F4DDC
S214045188207761726E696E673A20636F756C642067
S2140451986E6F742067657420736C6F7420696E660E
S2140451A86F20666F7220736C6F74202564202865E0
S2140451B872726F7220307825303258292E20446552
S2140451C86661756C74696E6720746F2073706563A6
S2140451D869666965642061646472657373206F66C2
S2140451E866736574730053746F72616765204472DE
S2140451F8697665723A20202020202020202020204E
S21404520820204F54412053696D706C652053746F89
S2140452187261676520454550524F4D20506C75673E
S214045228696E0052656164204D6F6469667920571B
S2140452387269746520537570706F72743A20206EA4
S2140452486F00534F4320426F6F746C6F6164696ECE
S2140452586720537570706F72743A20202020796521
S2140452687300426F6F746C6F616465722053746F59
S2140452787261676520537570706F72743A2055733F
S2140452886520666972737420736C6F7400536C6F50
S2140452987420746F207573653A20202020202020FF
S2140452A820202020202020202025640043757272A8
S2140452B8656E7420446F776E6C6F6164204F666603
S2140452C87365743A202020203078253038580045F5
S2140452D8424C205374617274204F66667365743A40
S2140452E82020202020202020202020307825303818
S2140452F85800454550524F4D2053746172743A20F5
S2140453082020202020202020202020202020307824
S2140453182530385800454550524F4D20456E643A5E
S214045328202020202020202020202020202020206C
S2140453382030782530385800496D61676520496EF5
S214045348666F2053746172743A202020202020202F
S2140453582020202030782530385800536176652080
S2140453685261746520286279746573292020202088
S21404537820202020202020307825303858004F66FA
S21404538866736574206F6620646F776E6C6F6164ED
S214045398206F666673657420202030782530385868
S2140453A8004F6666736574206F662045424C206F0E
S2140453B866667365743A20202020202020307825DD
S2140453C8303858004F6666736574206F6620696DBA
S2140453D86167652073746172743A20202020202047
S2140453E830782530385800736C5F7A69676265656B
S2140453F85F61665F6F74615F73746F726167655F20
S2140454086472697665725F726561645F636228298F
S214045418206661696C65642100426164206D616779
S2140454286963206E756D62657220696E2066696CA4
S214045438653A20307825303258203078253032586E
S21404544820307825303258203078253032580042BB
S21404545861642076657273696F6E20696E2066696A
S2140454686C6520307825303458004572726F723A6D
S2140454782072656164416E6456616C696461746522
S21404548853746F726564496D616765282920747260
S21404549869656420746F2072656164206D6F726537
S2140454A82064617461207468616E20697420636F77
S2140454B8756C6420686F6C642E00736C5F7A696719
S2140454C86265655F61665F6F74615F73746F72614E
S2140454D867655F6472697665725F726561645F6347
S2140454E8622829204641494C454421004C6173747E
S2140454F8206F666673657420646F776E6C6F61647C
S21404550865643A203078253038580053746F7261D1
S2140455186765204D6F64756C653A204F5441205377
S214045528696D706C652053746F7261676520506C82
S2140455387567696E00496D616765732053746F7289
S21404554865643A20202564206F6620310A002530D9
S21404555832583A006570202530325820636C7573CB
S214045568202530345820617474722025303458202D
S21404557873767220256300206D66672025303258BE
S21404558800207265706F7274206D696E2025303441
S21404559858206D61782025303458207270742D6335
S2140455A86867202530385800207265636569766513
S2140455B82066726F6D20253034582065702025309B
S2140455C832582074696D656F757420253034580018
S2140455D872656D6F766500636C656172696E6720C7
S2140455E86C617374207265706F72742074696D656B
S2140455F8206F6620616C6C206174747269627574BD
S21404560865730074657374696E672074696D696E72
S21404561867206F6620766172696F7573207265708D
S2140456286F7274696E67206F7065726174696F6EE5
S21404563873002D2D2D2D2D2D2D2D2D2D2D2D2D2D70
S2140456482D2D2D2D2D2D2D2D2D2D2D2D2D2D2D2D79
S2140456582D2D2D2D2D2D2D2D2D2D2D2D2D2D2D2D69
S2140456682D002D2D7461626C65207265616473204B
S2140456782D2066756C6C207461626C652D2D007225
S2140456886573756C74203D202564206D73002D2D7C
S214045698696E6974202F207363686564756C652069
S2140456A87469636B2D2D2D002D2D6C6F616420633A
S2140456B86F6E66696775726174696F6E2064656675
S2140456C861756C74732D2D002F686F6D652F727558
S2140456D86E6E65722F776F726B2F747579612D7A7B
S2140456E869676265652D7377697463682F7475795D
S2140456F8612D7A69676265652D7377697463682FA7
S21404570873696C6162735F746F6F6C732F73696D02
S214045718706C69636974795F73646B2F70726F74E5
S2140457286F636F6C2F7A69676265652F6170702F77
S2140457386672616D65776F726B2F706C7567696ECC
S2140457482F7265706F7274696E672F7265706F72E8
S21404575874696E672E6300524541445F5250545F25
S21404576843464700726561645F7265706F72746958
S2140457786E675F636F6E66696775726174696F6E6C
S214045788005265706F7274696E673A206661696C58
S214045798656420746F2073656E64202573207265B3
S2140457A873706F6E73653A2030782530325800452A
S2140457B852523A2072656164696E6720636C757329
S2140457C87465722030782530345820617474726990
S2140457D862757465203078253034583A2030782538
S2140457E8303258004552523A207265706F727469A6
S2140457F86E67206F66204C4F4E4720737472696E2E
S214045808672061747472696275746520747970654A
S214045818206E6F7420737570706F727465643A20A6
S214045828636C75737465722030782530345820613B
S214045838747472696275746520307825303458003B
S2140458485265706F7274696E6720456E747279203B
S21404585846756C6C202D206372656174696E6720CA
S2140458686E6577207265706F7274004346475F52A0
S214045878505400202D20646972656374696F6E3A0B
S214045888253032582C20617474723A253034580006
S214045898202020747970653A253032582C206D699A
S2140458A86E3A253034582C206D61783A25303458B1
S2140458B8002020206368616E67653A002020207403
S2140458C8696D656F75743A2530345800636F6E6673
S2140458D869677572655F7265706F7274696E670062
S2140458E82054434C4B2075706461746520616C7257
S2140458F86561647920696E2070726F677265737368
S214045908004D616E75616C2054434C4B2075706471
S214045918617465206661696C65642E25730053742A
S214045928617274696E672075706461746520747238
S2140459387573742063656E746572206C696E6B206B
S2140459486B65792070726F63657373005570646154
S2140459587465205443204C696E6B204B657900208F
S2140459684E6577206B65792065737461626C69731C
S2140459786865643A00204572726F723A0050617224
S214045988746E65723A20005A434C20676C6F6261E5
S2140459986C20636C757374657220636F6D6D616ECD
S2140459A8647300646972656374696F6E006469730E
S2140459B8632D636F6D2D67656E00646973632D636D
S2140459C86F6D2D726563006578706563742D7265F6
S2140459D8706F72742D66726F6D2D6D6500757772B3
S2140459E8697465006E7772697465007265706F72A3
S2140459F8742D726561640073656E642D6D652D6122
S214045A082D7265706F7274004372656174657320D5
S214045A186120676C6F62616C20646973636F766576
S214045A287220636F6D6D616E6420666F7220746891
S214045A3865206173736F6369617465642076616C4D
S214045A487565732E00636C757374657249641F619B
S214045A58747472696275746549641F6D61784E75ED
S214045A686D626572546F5265706F72741F0043726C
S214045A786561746573206120676C6F62616C20735E
S214045A88656E64206D652061207265706F7274207F
S214045A98636F6D6D616E6420666F7220746865202E
S214045AA86173736F6369617465642076616C756588
S214045AB8732E00636C757374657249641F6174741D
S214045AC872696275746549641F6461746154797097
S214045AD8651F6D696E5265706F727454696D651FC3
S214045AE86D61785265706F727454696D651F72655E
S214045AF8706F727461626C654368616E67651F00D7
S214045B0843726561746573206120676C6F62616CAB
S214045B182072656164207265706F7274696E67209E
S214045B28636F6D6D616E6420666F7220746865209D
S214045B386173736F63696174656420636C757374E9
S214045B4865722C2061747472696275746520616E5E
S214045B5864207365727665722F636C69656E74204B
S214045B68646972656374696F6E2E00636C7573740A
S214045B78657249641F6174747269627574654964F0
S214045B881F646972656374696F6E1F00476C6F6281
S214045B98616C207265706F7274696E6720636F6DCE
S214045BA86D616E6400656E64706F696E741F636CF5
S214045BB8757374657249641F617474726962757466
S214045BC86549641F6D61736B1F0043726561746574
S214045BD873206120676C6F62616C20726561642053
S214045BE8636F6D6D616E64206D65737361676520A0
S214045BF8746F20726561642066726F6D20746865C0
S214045C0820636C757374657220616E6420617474A5
S214045C18726962757465207370656369666965641C
S214045C282E00636C757374657249641F61747472AC
S214045C38696275746549641F0043726561746573A7
S214045C48206120676C6F62616C20777269746520C6
S214045C58636F6D6D616E64206D657373616765202F
S214045C68746F20777269746520746F207468652071
S214045C78636C757374657220616E642061747472E3
S214045C88696275746520737065636966696564001E
S214045C98636C757374657249641F6174747269629F
S214045CA875746549641F747970651F646174611F2F
S214045CB80043726561746520612065787065637455
S214045CC82D7265706F72742D66726F6D2D6D6520FA
S214045CD86D6573736167652077697468206173738B
S214045CE86F6369617465642076616C7565732E00EC
S214045CF8636C757374657249641F6174747269623F
S214045D0875746549641F74696D656F75741F0043FF
S214045D187265617465206120446973636F76657281
S214045D2820436F6D6D616E64732047656E6572619E
S214045D3874656420636F6D6D616E6420776974683A
S214045D48206173736F6369617465642076616C752A
S214045D5865732E00636C757374657249641F737477
S214045D68617274436F6D6D616E6449641F6D61780A
S214045D78436F6D6D616E6449641F005365747320C8
S214045D8874686520646972656374696F6E20666FEB
S214045D987220676C6F62616C20636F6D6D616E64F0
S214045DA8732C2065697468657220636C69656E7403
S214045DB820746F20736572766572206F722073651F
S214045DC87276657220746F20636C69656E742E0033
S214045DD853657473206120666C616720736F207442
S214045DE868617420746865206170706C6963617496
S214045DF8696F6E206672616D65776F726B2057499E
S214045E084C4C204E4F5420726573706F6E64207429
S214045E186F20746865206E657874205A434C206D2C
S214045E28657373616765207468617420636F6D6554
S214045E387320696E206F76657220746865206169C0
S214045E48722E0053657473206120666C6167207334
S214045E586F207468617420746865206170706C695A
S214045E68636174696F6E206672616D65776F726BB5
S214045E782057494C4C20726573706F6E6420746F9B
S214045E8820746865206E657874205A434C206D65C6
S214045E987373616765207468617420636F6D6573D6
S214045EA820696E206F766572207468652061697251
S214045EB82E005365747320746865204469736162A0
S214045EC86C652044656661756C7420526573706FE2
S214045ED86E7365204672616D6520436F6E74726FCB
S214045EE86C2062697420746F2075736520666F72FF
S214045EF820746865206E65787420636F6D6D616EB6
S214045F08642069662074686520636F6D6D616E64CD
S214045F18206973206E6F7420616C726561647920E1
S214045F286275696C742E0064697361626C65446595
S214045F386661756C74526573706F6E73651F005373
S214045F486574732074686520666C616720746F20B6
S214045F587573652074686520696E6372656D656E11
S214045F687465642073657175656E6365206E756DFA
S214045F786265722066726F6D207468652066726149
S214045F886D65776F726B20666F7220746865206E15
S214045F986578742072617720636F6D6D616E642E08
S214045FA8007573654E65787453657175656E6365BB
S214045FB81F00436C6920636F6D6D616E6420746F97
S214045FC82063616C6C20736C5F7A69676265655FD1
S214045FD861665F7365745F74696D652066756E6364
S214045FE874696F6E20646F63756D656E746564207E
S214045FF8696E2061662E680075746354696D651F42
S2140460080053657473207468652074776F2062790A
S2140460187465206D616E7566616374757265722049
S2140460287370656369666963206964656E74696616
S21404603869657220746F2075736520666F722074A4
S2140460486865206E65787420636F6D6D616E642074
S21404605869662074686520636F6D6D616E64206977
S21404606873206E6F7420616C726561647920627542
S214046078696C742E006D6667537065636966696338
S21404608849641F0054727573742043656E74657290
S214046098204A6F696E2048616E646C65723A207394
S2140460A87461747573203D2025732C2064656369B8
S2140460B873696F6E203D20257320282530325829B1
S2140460C82C2073686F7274696420307825303458CD
S2140460D800554E73656375726564206A6F696E0051
S2140460E8646576696365206C65667400554E7365E9
S2140460F863757265642072656A6F696E0075736588
S21404610820707265636F6E66696775726564206B66
S21404611865790073656E64206B657920696E2074F2
S214046128686520636C6561720064656E79206A6FC1
S214046138696E006E6F20616374696F6E00616C6CC3
S2140461486F772072656A6F696E73206F6E6C79005C
S2140461586E6F742000534C5F5354415455535F4E2E
S2140461684554574F524B5F55502030782530345895
S2140461780054727573742043656E746572204555B1
S21404618849206861732025736368616E6765642EA9
S21404619800534C5F5354415455535F4E4554574F20
S2140461A8524B5F444F574E00534C5F53544154551B
S2140461B8535F4E4F545F4A4F494E454400534C5F15
S2140461C85354415455535F5A49474245455F4E45D3
S2140461D854574F524B5F4F50454E45443A2025641A
S2140461E82073656300534C5F5354415455535F5AA8
S2140461F849474245455F4E4554574F524B5F434CBB
S2140462084F5345440025733A202573006469737414
S214046218726962757465640063656E7472616C692C
S2140462287A656400466F726D002573696E67206F21
S2140462386E2063682025642C2070616E49642030C3
S2140462487825303458004572726F723A2044657661
S21404625869636520646F6573206E6F742073757048
S214046268706F7274202573206E6574776F726B2056
S214046278666F726D6174696F6E004A6F696E004965
S2140462886E76616C696420536563757269747920E7
S21404629850726F66696C653A20307825303258003B
S2140462A8704A6F696E20666F722025642073656372
S2140462B83A20307825303258004C696D6974696E16
S2140462C867206475726174696F6E206F66207065E6
S2140462D8726D6974206A6F696E2066726F6D2066C7
S2140462E86F726576657220283235352920746F20DA
S2140462F83235340052583A205A444F2C20636F6D76
S2140463086D616E64203078253034582C207374619F
S2140463187475733A203078253032580053696D7096
S2140463286C650052583A20257320446573632052DE
S214046338657370004D61746368002C204D61746346
S2140463486865733A20256400446576696365204168
S2140463586E6E6F756E63653A203078253034580053
S21404636852583A204945454520416464726573731A
S21404637820526573706F6E73650052583A204163F5
S2140463887469766520455020526573706F6E736520
S2140463982C20436F756E743A202564004E6F64652E
S2140463A8002C204D6174636865733A203078253074
S2140463B8345800737461636B207665722E205B25EF
S2140463C8642E25642E256400202573206275696C66
S2140463D8642025645D005A444F0053450048410034
S2140463E8436C757374657200476C6F62616C002544
S2140463F8737478203078253038582C200050726F03
S21404640866696C653A202573202830782530345818
S214046418292C20436C75737465723A2030782530BD
S21404642834582C2025642062797465732C00205A0D
S214046438434C20257320436D642049443A20256440
S214046448005072652D52656C6561736500416C7009
S2140464586861203100416C706861203200416C70BC
S21404646868612033004265746120310042657461B6
S2140464782032004265746120330047410052657338
S214046488657420696E666F3A203078253032582055
S214046498282573290064656C6574652062696E64D2
S2140464A8696E673A20253032582025303258000164
S2140464B802030405060708090A0B0C00010101017A
S2140464C801010101010101010057524954452045C3
S2140464D852523A20002573657020253032582063BE
S2140464E86C757320253034582061747472202530F6
S2140464F83458206E6F7420737570706F7274656488
S214046508002573696E76616C696420646174612021
S2140465187479706500257361747472206E6F7420C4
S2140465287772697461626C650057524954453A201B
S2140465386E6F2077726974652C206A75737420618F
S214046548207465737400524541443A206174747229
S21404655869627574652073697A6520746F6F206C38
S2140465686172676520666F722063616C6C65720081
S214046578636C6E74007372767200525700524F0042
S214046588202052414D20200020746F6B656E200039
S21404659865787465726E2000454E44504F494E54D3
S2140465A8202530325800636C7573202F2073696475
S2140465B865202F2061747472202F206D6667202052
S2140465C82F74797065286C656E292F207277202FB2
S2140465D82073746F72616765202F2064617461206C
S2140465E828726177290025303458202F20257320F7
S2140465F82F2025303458202F2000202F20253032F5
S2140466085820282530325829202F202573202F205B
S2140466182573202F2000556E737570706F7274651D
S21404662864004F544120524541443A2065703A2547
S214046638303258206369643A2530345820617474BB
S21404664869643A25303458206D736B3A25303258CD
S214046658206D66636F64653A2530345800524541A8
S214046668443A20636C757320253034582C206174A2
S21404667874722025303458206661696C6564202558
S21404668830325800524541443A20636C75732025CD
S2140466983034582C206174747220253034582C20D9
S2140466A8646174614C656E3A20253032582C204F4C
S2140466B84B00282563292530325825303258253092
S2140466C8325825303258253032582530325825303D
S2140466D83258253032580064697361626C65002547
S2140466E873642C2064726F7070696E6720657020FE
S2140466F830782530325820636C757320307825300E
S214046708345820636D642030782530325800476545
S2140467186E6572617465640052656365697665645E
S21404672800446973636F76657220436F6D6D616E9E
S214046738647320726573706F6E73652028636F6D5B
S214046748706C6574653A202563292C2025732049C6
S21404675844733A200030782530325820005F455874
S2140467685400524541445F415454520057524954C8
S214046778453A20636C757320253034582061747448
S21404678872202530345820004641494C20253032A2
S214046798580057524954453A20746F6F2073686FEF
S2140467A8727400444953435F415454520025732578
S2140467B8733A20636C757320253034580053766317
S2140467C820446973633A2000257357616974696EB7
S2140467D8672025642073656320666F722064697376
S2140467E8636F7665727920746F20636F6D706C655D
S2140467F8746500537461746520636F727265737090
S2140468086F6E64696E6720746F2074686520746898
S214046818652072657175657374206E6F7420666F73
S214046828756E640A002573636F6D706C6574652EE7
S2140468380A00257353657276696365204469736331
S2140468486F76657279205374617465206C696D6916
S214046858747320726561636865640A002573496CFD
S2140468686C6567616C2062726F616463617374201F
S214046878616464726573732C2072656D61707069E7
S2140468886E6720746F2076616C6964206F6E652E5F
S2140468980025734661696C656420746F2073656EA1
S2140468A864206D6174636820646973636F766572C7
S2140468B8793A20307825303258002573537461723B
S2140468C874696E6720646973636F76657279206687
S2140468D86F7220636C757374657220307825303453
S2140468E8580025734661696C656420746F20736567
S2140468F86E642073696D706C652064657363726971
S21404690870746F7220726571756573743A20307886
S214046918253032580025734661696C656420746FA7
S2140469282073656E64204945454520616464726534
S214046938737320726571756573743A2030782530E0
S21404694832580025734661696C656420746F207339
S214046958656E64204E574B206164647265737320B9
S214046968726571756573743A20307825303258002C
S2140469784572726F723A20257320626164207369C7
S2140469886D706C652064657363726970746F7220C9
S2140469986C656E6774682E0025734D65737361673E
S2140469A86520746F6F2073686F72740025734D6565
S2140469B8737361676520746F6F2073686F727420D1
S2140469C8666F72206E756D2E20656E64706F696EC4
S2140469D874730025734D61746368257320666F7538
S2140469E86E642066726F6D203078253034582E0019
S2140469F84572726F723A20257320696E76616C69E7
S214046A0864206C656E6774682028256420213D2000
S214046A1825642920666F722041637469766520456B
S214046A286E64706F696E7420726573706F6E7365CA
S214046A38002573676F742061637469766520455012
S214046A4820726573706F6E736500555443207469BD
S214046A586D653A2025642F25642F25642025643A1D
S214046A6825643A2564202825303858290028556E88
S214046A786B6E6F776E20636C75732E205B3078258B
S214046A883034585D29000D0A54253038583A0052D7
S214046A9858206C656E2025642C20657020253032BD
S214046AA8582C20636C7573203078253034582000B1
S214046AB8206D6667496420253034580020464320F4
S214046AC82530325820736571202530325820636D7E
S214046AD8642025303258207061796C6F61645B00DD
S214046AE84261736963004F76657220746865204155
S214046AF8697220426F6F746C6F6164696E670025F3
S214046B0873525820706B7420746F6F2073686F729A
S214046B18743A202564203C202564002573525820A6
S214046B28706B74206D616C666F726D65643A2025AF
S214046B3864203C2025640020204861766520526F36
S214046B487574657220537570706F727400202045D2
S214046B586E6420446576696365204F6E6C79002000
S214046B6820456E61626C6564002020446973616226
S214046B786C6564004572726F72207265747269651A
S214046B8876696E6720696E666F20666F72206C6918
S214046B986272617279204944202564002573206C4A
S214046BA869627261727925732070726573656E7492
S214046BB8005A69676265652050726F0042696E64A0
S214046BC8696E6700536563757269747920436F72DA
S214046BD865005365637572697479204C696E6B2019
S214046BE84B6579730043424B45203136334B3100AD
S214046BF843424B4520445341205369676E0045433E
S214046C08430043424B452044534120566572696607
S214046C1879005061636B65742056616C69646174AD
S214046C2865005A4C4C0043424B45203238334B31AE
S214046C3800454343203238334B310043424B45200A
S214046C48636F7265004E4350004D756C7469206E10
S214046C586574776F726B00456E68616E6365642051
S214046C68426561636F6E205265710043424B45204E
S214046C783238334B3120445341205665726966795D
S214046C88004D756C74692D50414E002F686F6D6504
S214046C982F72756E6E65722F776F726B2F74757997
S214046CA8612D7A69676265652D7377697463682FE1
S214046CB8747579612D7A69676265652D7377697469
S214046CC863682F73696C6162735F746F6F6C732F7C
S214046CD873696D706C69636974795F73646B2F701C
S214046CE8726F746F636F6C2F7A69676265652F734A
S214046CF87461636B2F636F6E6669672F736C5F7A54
S214046D0869676265655F636F6E66696775726174E5
S214046D18696F6E2E63002F686F6D652F72756E6EC1
S214046D2865722F776F726B2F747579612D7A696720
S214046D386265652D7377697463682F747579612D38
S214046D487A69676265652D7377697463682F7369F2
S214046D586C6162735F746F6F6C732F73696D706C9C
S214046D6869636974795F73646B2F70726F746F6389
S214046D786F6C2F7A69676265652F737461636B2F0E
S214046D886672616D65776F726B2F6165732D6563C7
S214046D98622E63002F686F6D652F72756E6E65724E
S214046DA82F776F726B2F747579612D7A69676265B0
S214046DB8652D7377697463682F747579612D7A699C
S214046DC8676265652D7377697463682F73696C6188
S214046DD862735F746F6F6C732F73696D706C69631D
S214046DE86974795F73646B2F70726F746F636F6CFA
S214046DF82F7A69676265652F737461636B2F736591
S214046E086375726974792F7A69676265652D736527
S214046E186375726974792D6D616E616765722D6E1E
S214046E286F2D7661756C742E63004572726F723AB4
S214046E3820204661696C656420746F2072656164FD
S214046E482066726F6D20454550524F4D2061742060
S214046E5830782534582C207374617475733A202559
S214046E686400454550524F4D20496E697469616CFB
S214046E78697A65643A20256300454550524F4D208B
S214046E88427573793A202563005061727469616C9F
S214046E9820576F72642053746F7261676520436F5E
S214046EA8756E743A20256400416464726573733A97
S214046EB82030782534582C205061727469616C200F
S214046EC8576F72643A203078255800636F6E666987
S214046ED8726D656400617373756D6564000A454573
S214046EE850524F4D20496E666F004E6F742061767F
S214046EF861696C61626C6520286F6C6465722062D7
S214046F086F6F746C6F6164657229005061727420C7
S214046F184465736372697074696F6E3A2020202022
S214046F282020202020202573004361706162696C4C
S214046F3869746965733A20202020202020202020A8
S214046F482020202030782532580050616765204577
S214046F58726173652074696D65202873293A202048
S214046F6820202020256400506172742045726173C5
S214046F78652074696D65202873293A20202020200E
S214046F88202564005061727420457261736520740C
S214046F98696D6520286D73293A2020202020202535
S214046FA86400506167652073697A6520286279747D
S214046FB86573293A202020202020202020256C00D4
S214046FC8506172742073697A6520286279746573CF
S214046FD8293A202020202020202020256C00576FC6
S214046FE872642073697A6520286279746573293A0D
S214046FF820202020202020202025642028257029D1
S21404700800454550524F4D20696E69743A203078D1
S2140470182558002F686F6D652F72756E6E65722F12
S214047028776F726B2F747579612D7A6967626565F7
S2140470382D7377697463682F747579612D7A696717
S2140470486265652D7377697463682F73696C61620A
S214047058735F746F6F6C732F73696D706C69636993
S21404706874795F73646B2F7574696C2F706C7567AD
S214047078696E2F706C7567696E2D636F6D6D6F6EB4
S2140470882F656570726F6D2F656570726F6D2E63F0
S21404709800556E61626C6520746F20626F6F742091
S2140470A8696D61676520617420736C6F7420256C44
S2140470B8640A00536C6F74204D616E6167657220B4
S2140470C86661696C656420746F20657261736520F7
S2140470D8736C6F740A004D61782072656164206C65
S2140470E8696D69742073657420746F202564206242
S2140470F8797465730A00416464726573732020208A
S21404710820202020202020446174610A003078253D
S214047118346C7820202020202020307825780A0017
S2140471284661696C656420746F20726561642066C4
S214047138726F6D20666C6173680A00536C6F7420F6
S214047148256C640A202041646472657373202020C9
S21404715820203A20307825346C580A20204C656E56
S2140471686774682020202020203A20307825346C44
S214047178582028256C64206279746573290A0020CF
S214047188205479706520202020202020203A2000D2
S2140471984E6F2047424C2070726573656E740A0001
S2140471A85A69674265650A005468726561640A002C
S2140471B8436F6E6E6563740A00426C7565746F6F10
S2140471C874680A00426C7565746F6F746820617021
S2140471D8706C69636174696F6E0A004D43550A00E2
S2140471E84F7468657220283078256C58290A002060
S2140471F82056657273696F6E20202020203A20304E
S21404720878256C580A0020204361706162696C69AD
S214047218746965733A20307825346C580A0020203F
S21404722850726F6475637420494420203A200030F5
S2140472387825582000536C6F74204D616E6167651D
S214047248723A206661696C656420746F20696E6999
S2140472587469616C697A6520626F6F746C6F6164B7
S214047268657220286572726F722030782534782902
S2140472780A0056657273696F6E20202020203A2013
S21404728825640A00506172742020202020202020C3
S2140472983A2025730A004361706162696C697469EF
S2140472A865733A20307825780A0050617274207322
S2140472B8697A652020203A20256420420A00506115
S2140472C867652073697A652020203A202564204261
S2140472D80A00576F72642073697A652020203A2062
S2140472E8256420420A00536C6F74732020202020E3
S2140472F820203A2025640A004661696C6564207477
S2140473086F20726561642066726F6D2073746F7285
S21404731861676520666C61736820286572726F728F
S214047328202564290A00496E76616C696420736CAA
S2140473386F7420256420286D617820736C6F742020
S2140473482564290A004661696C656420746F2067A1
S214047358657420696E666F20666F7220736C6F742E
S2140473682025640A00536C6F74204D616E6167654E
S214047378723A20736C6F742077726974652066613C
S214047388696C7572652E2041646472657373206F28
S21404739866667365742028256429202B207772690D
S2140473A87465206C656E67746820282564292067D0
S2140473B8726561746572207468616E20746F746196
S2140473C86C20736C6F74206C656E6774682028254F
S2140473D864290A00536C6F74204D616E6167657288
S2140473E8207761726E696E673A20736C6F74202515
S2140473F864206C656E6774682028256429206E6F7F
S2140474087420616C69676E656420746F20706167A8
S214047418652073697A6520282564292E20546865B2
S21404742820656E7469726520736C6F742077696C56
S2140474386C206E6F74206265206572617365642EB5
S2140474480A00536C6F74204D616E616765723A204A
S2140474586661696C656420746F2065726173652063
S214047468256420627974657320696E20736C6F7462
S2140474782025642061742061646472657373203007
S2140474887825347820286572726F722030782578CB
S214047498290A00457261736564202564206279743C
S2140474A8657320696E20736C6F742025640A004621
S2140474B861696C656420746F2073657420736C6FDF
S2140474C87420746F20626F6F7420286572726F72EE
S2140474D8203078253478290A004661696C6564206A
S2140474E8746F20736574206C697374206F662073D8
S2140474F86C6F747320746F20626F6F7420286572C3
S214047508726F72203078253478290A004661696CCF
S214047518656420746F20676574206E6577206C69CF
S2140475287374206F6620736C6F747320746F206294
S2140475386F6F7420286572726F72203078253478DD
S214047548290A00426567696E6E696E6720696D610F
S214047558676520766572696669636174696F6E2EFD
S2140475682E2E002E6661696C656421202845727289
S2140475786F72203078253478290A002E7061737368
S21404758865642120426F6F74696E6720736C6F742C
S2140475982025640A00666E692B00666E69006E61B3
S2140475A86E00666E692D006C696273006273656EA0
S2140475B864007265736574007261770073656E643F
S2140475C85F6D756C7469636173740073656E642D9E
S2140475D87573696E672D6D756C7469636173742D44
S2140475E862696E64696E670074696D6573796E6343
S2140475F8006765742D7074692D726164696F2D63F4
S2140476086F6E66696700636F6E6669672D6363618C
S2140476182D6D6F6465006576656E747300736563B7
S2140476287572697479007A69676265655F707269EC
S2140476386E7400706C7567696E006E6574006B65B1
S2140476487973006F7074696F6E00706C7567006389
S21404765868616E67656B6579006368616E67656BFC
S214047668007A646F007072696E742072656C617457
S214047678656420636F6D6D616E64732E0061747447
S21404768872005A646F2072656C6174656420636F57
S2140476986D6D616E64732E00726F75746500706F1D
S2140476A8776572006D676D742D6C7169006D676D12
S2140476B8742D62696E64006E6F64650073696D701C
S2140476C86C650069656565006E776B00756E626942
S2140476D86E64006E776B2D757064006F75742D6319
S2140476E86C2D6C69737400696E2D636C2D6C6973EC
S2140476F874005A646F20696E2D636C2D6C697374FC
S2140477082072656C6174656420636F6D6D616E6468
S214047718732E005A646F206F75742D636C2D6C6914
S21404772873742072656C6174656420636F6D6D6133
S2140477386E64732E005A646F206E776B2D757064B2
S2140477482072656C6174656420636F6D6D616E6428
S214047758732E007363616E2D6368616E2D6D61739D
S2140477686B007363616E006368616E5067006368DC
S214047778616E005A646F20756E62696E6420726565
S2140477886C6174656420636F6D6D616E64732E003E
S214047798756E6963617374006368616E67656B65AB
S2140477A8792072656C6174656420636F6D6D616EB3
S2140477B864732E006C696E6B004F7074696F6E206C
S2140477C872656C6174656420636F6D6D616E647355
S2140477D82E00726567697374657200646973630062
S2140477E8696E7374616C6C2D636F64650062696E90
S2140477F864696E672D7461626C65007072696E7474
S2140478082D72782D6D736773006170737265747268
S214047818790041505320726574727920666C6167EA
S21404782820666F72636520636F6D6D616E647300A6
S214047838456E61626C65732F44697361626C657327
S214047848207072696E74696E67206F66205278209D
S2140478586D657373616765732E00656E61626C652A
S2140478680042696E64696E67207461626C65207292
S214047878656C6174656420636F6D6D616E64732EE8
S214047888005365637572697479206B657973207221
S214047898656C6174656420636F6D6D616E64732EC8
S2140478A80064656C657465004E6574776F726B204A
S2140478B872656C6174656420636F6D6D616E647364
S2140478C82E00666F726D0072656A6F696E2D646944
S2140478D866662D6465766963652D747970650065DA
S2140478E8787470616E69640069736F70656E00629F
S2140478F8726F61642D706A6F696E006368616E6783
S214047908652D6368616E6E656C00696E69740063E4
S21404791868616E67652D6B6565702D616C69766543
S2140479282D6D6F64650074696D656F75742D6F7061
S21404793874696F6E2D6D61736B006D756C74692D4B
S2140479487068792D7374617274006D756C74692D22
S2140479587068792D73746F700066696E64006E655E
S21404796874776F726B2066696E6420636F6D6D61E1
S2140479786E64732E006A6F696E61626C6500756E5C
S2140479887573656400736C6F742D6D616E616765DD
S2140479987200636F756E746572730066696E642D23
S2140479A8616E642D62696E6400667261676D656EE9
S2140479B8746174696F6E0067726F7570732D736582
S2140479C872766572006E6574776F726B2D73746564
S2140479D86572696E67006F74612D626F6F746C6F81
S2140479E86164006F74612D636C69656E74006F74EE
S2140479F8612D73746F726167652D636F6D6D6F6E3D
S214047A08006F74612D73746F726167652D65657098
S214047A18726F6D0069646C652D736C6565700075AE
S214047A2870646174652D74632D6C696E6B2D6B655B
S214047A3879007570646174652D74632D6C696E6B5A
S214047A482D6B65792072656C6174656420636F6D4F
S214047A586D616E64730074696D6572006E6F77008D
S214047A68436F6D6D616E647320746F20636F6E74FC
S214047A78726F6C2069646C696E672F736C656570C9
S214047A88696E67206F662074686520646576696326
S214047A986500666F7263652D6177616B6500617753
S214047AA8616B652D7768656E2D6E6F742D6A6F69C8
S214047AB86E6564007265706F7274696E67207265AD
S214047AC86C6174656420636F6D6D616E64732E00FB
S214047AD8636C6561722D6C6173742D7265706F7258
S214047AE8742D74696D6500746573742D74696D6995
S214047AF86E67006F74612D73746F726167652D65A8
S214047B086570726F6D2072656C6174656420636F4E
S214047B186D6D616E64732E0077697065006F7461AD
S214047B282D73746F726167652D636F6D6D6F6E204C
S214047B3872656C6174656420636F6D6D616E6473E1
S214047B48007072696E74496D616765730072656C5E
S214047B586F61640073746F726167652D696E666F12
S214047B6800646174612D7072696E74006F74612D9F
S214047B78636C69656E742072656C617465642063F1
S214047B886F6D6D616E64732E007665726966790032
S214047B98626C6F636B2D7465737400706167652D12
S214047BA87265717565737400757067726164652DA6
S214047BB8726571756573740064697361626C652DAA
S214047BC8646F776E67726164657300656E61626C74
S214047BD8652D646F776E677261646573006F746190
S214047BE82D626F6F746C6F61642072656C61746566
S214047BF86420636F6D6D616E6473006E6574776F71
S214047C08726B2D7374656572696E672072656C6134
S214047C1874656420636F6D6D616E64732E00707294
S214047C28652D636F6E666967757265642D6B657915
S214047C382D736574006D61736B2072656C61746571
S214047C486420636F6D6D616E642E00737562747262
S214047C586163740067726F7570732D7365727665E9
S214047C68722072656C6174656420636F6D6D616EF5
S214047C7864732E00667261676D656E746174696FED
S214047C886E2072656C6174656420636F6D6D616ED9
S214047C9864732E007365742D72782D77696E646F1D
S214047CA8772D73697A6500617274696669636961B8
S214047CB86C2D626C6F636B2D64726F700046696E10
S214047CC86420616E642062696E642072656C6174F7
S214047CD8656420636F6D6D616E64732E00696E69EA
S214047CE8746961746F7200656E61626C655F74793D
S214047CF8706500737461636B00617070007A636CFE
S214047D08006C65676163795F61665F646562756761
S214047D1800636F756E746572732072656C61746542
S214047D286420636F6D6D616E64732E007072696E85
S214047D38742D636F756E7465722D7479706500732F
S214047D48696D706C652D7072696E74007072696EF8
S214047D58742D7468726573686F6C647300736574E5
S214047D682D7468726573686F6C64007265736574E5
S214047D782D7468726573686F6C64730073656E64DB
S214047D882D726571756573740073656375726974AD
S214047D98792072656C6174656420636F6D6D616EBD
S214047DA86473007365742D616C6C6F772D747275CB
S214047DB873742D63656E7465722D72656A6F696E69
S214047DC82D7573696E672D77656C6C2D6B6E6F7782
S214047DD86E2D6B6579007365742D616C6C6F772DE9
S214047DE874727573742D63656E7465722D72656A24
S214047DF86F696E2D7573696E672D77656C6C2D6B60
S214047E086E6F776E2D6B65792D74696D656F7574F5
S214047E18007365742D6B65792D7265717565737459
S214047E282D706F6C696379006D66672D746F6B656A
S214047E386E006170730053656375726974792061A6
S214047E4870732072656C6174656420636F6D6D6110
S214047E586E64732E004765742F736574204D464709
S214047E6820746F6B656E2E00656E64706F696E7431
S214047E782072656C6174656420636F6D6D616E64F1
S214047E88732E00656570726F6D207574696C6974FD
S214047E98792072656C6174656420636F6D6D616EBC
S214047EA8647300536C6F74204D616E61676572204D
S214047EB872656C6174656420636F6D6D616E64735E
S214047EC800626F6F742D736C6F74006572617365EE
S214047ED82D736C6F74006578742D666C6173682DE9
S214047EE8696E666F00736C6F74732D696E666F00C7
S214047EF85072696E74732074696D652E00507269C9
S214047F086E7473206174747269627574652E0043A6
S214047F186C6561727320746865205A444F206C69D6
S214047F287374206F6620636C69656E742028696EA6
S214047F382920636C7573746572732E0041646473C8
S214047F4820636C75737465727320746F2074686527
S214047F58206B6E6F776E20636C69656E7420286973
S214047F686E2920636C757374657273206F6E207443
S214047F78686973206465766963652E00436C656179
S214047F88727320746865205A444F206C6973742091
S214047F986F6620636C69656E7420286F7574292073
S214047FA8636C7573746572732E004164647320631E
S214047FB86C75737465727320746F20746865206BAF
S214047FC86E6F776E20636C69656E7420286F75749F
S214047FD82920636C757374657273206F6E207468D9
S214047FE86973206465766963652E0053656E6473E9
S214047FF820616E20757064617465206368616E6EB6
S214048008656C20726571756573742E006368616E9D
S2140480186E656C1F0053656E647320616E20757000
S21404802864617465206368616E6E656C2070616750
S21404803865207265712E2054686520737461636BBD
S2140480482073656E6473206E776B20656E68616E48
S2140480586365642075706461746520726571206652
S2140480686F72206E6F6E2D7A65726F207061676509
S2140480782E006368616E6E656C1F706167651F000D
S214048088506572666F726D7320616E20656E6572D8
S2140480986779207363616E2E007461726765744E27
S2140480A86F646549641F7363616E447572617469AD
S2140480B86F6E1F7363616E436F756E741F00427232
S2140480C86F6164636173747320746865204944201F
S2140480D86F6620746865206E6577206E6574776FA2
S2140480E8726B206D616E6167657220616E642061D3
S2140480F86374697665206368616E6E656C732E00BA
S2140481086E776B4D676549641F6368616E6E656C50
S2140481184D61736B1F00506572666F726D732061D4
S2140481286E20656E65726779207363616E206F6E64
S21404813820676976656E206368616E6E656C206D6F
S21404814861736B2E007461726765744E6F6465495B
S214048158641F7363616E4475726174696F6E1F730E
S21404816863616E436F756E741F6368616E6E656CCB
S2140481784D61736B1F0053656E64732061206E65D2
S21404818874776F726B2061646472657373207265AA
S214048198717565737420666F7220746865206769E4
S2140481A876656E2049454545206164647265737337
S2140481B82E00696565651F0052657175657374736D
S2140481C820616E2049454545206164647265737371
S2140481D8206261736564206F6E2061206769766526
S2140481E86E206E6F64652049442E006E6F64654980
S2140481F8641F0053656E647320612073696D706C28
S214048208652064657363726970746F722072657131
S2140482187565737420666F72207468652073686F5A
S2140482287274206164647265737320616E64206579
S2140482386E64706F696E74207370656369666965C9
S214048248642E00646573741F746172676574456E82
S21404825864706F696E741F0053656E6473206120C2
S2140482686D6174636844657363726970746F72735E
S2140482785265717565737420746F20746865206719
S2140482886976656E2064657374696E6174696F6E69
S21404829820776974682074686520676976656E2037
S2140482A870726F66696C652E006E6F646549641F2C
S2140482B870726F66696C651F0053656E647320611F
S2140482C8206E6F64652064657363726970746F7278
S2140482D8207265717565737420746F2061206769F0
S2140482E876656E2074617267657420646576696362
S2140482F8652E007461726765741F0053656E647337
S2140483082061205A444F2042696E6420636F6D6D65
S214048318616E6420746F20612064657669636520E5
S21404832873706563696669656420696E2074686538
S21404833820636F6D6D616E6420617267756D656E1E
S21404834874732E0044657374696E6174696F6E1F66
S214048358536F7572636520656E64706F696E741FFB
S21404836844657374696E6174696F6E20656E6470B3
S2140483786F696E741F636C757374657249441F72F3
S214048388656D6F746545554936341F646573744561
S214048398554936341F0053656E647320616E206138
S2140483A8637469766520656E64706F696E7420728E
S2140483B865717565737420746F20746865206465C8
S2140483C876696365207769746820746865206769C8
S2140483D876656E2073686F72742049442E00536560
S2140483E86E647320616E20756E62696E64207265B1
S2140483F8717565737420666F72206120756E696383
S2140484086173742062696E64696E6720746F207481
S2140484186865207461726765742064657669636547
S2140484282E007461726765741F736F7572636520B6
S21404843865756936341F736F7572636520656E6477
S214048448706F696E741F636C757374657249441F24
S21404845864657374696E6174696F6E45554936341C
S2140484681F64657374696E6174696F6E20656E64E3
S214048478706F696E741F0053656E647320616E2096
S214048488756E62696E6420726571756573742066AC
S2140484986F722061206D756C7469636173742062F1
S2140484A8696E64696E6720746F20746865207461E9
S2140484B872676574206465766963652E00746172F4
S2140484C86765741F736F75726365206575693634DE
S2140484D81F736F7572636520656E64706F696E745A
S2140484E81F636C757374657249441F67726F757081
S2140484F8416464726573731F0053656E6473206108
S214048508205A444F204D616E6167656D656E742010
S2140485184C6561766520636F6D6D616E6420746F5B
S214048528207468652074617267657420646576696A
S21404853863652E007461726765741F72656D6F7665
S214048548654368696C6472656E1F72656A6F696EE6
S2140485581F0053656E64732061205A444F204D47AC
S2140485684D542D42696E64202842696E64696E67AC
S214048578205461626C652920526571756573742090
S214048588746F207468652074617267657420646506
S214048598766963652E007461726765741F73746107
S2140485A87274496E6465781F0053656E647320613F
S2140485B8205A444F204D474D542D4C514920284CA1
S2140485C85149205461626C6529205265717565733A
S2140485D87420746F207468652074617267657420EB
S2140485E86465766963652E0053656E64732061203E
S2140485F85A444F20506F77657220446573637269D6
S21404860870746F72205265717565737420746F2068
S2140486187468652074617267657420646576696336
S214048628652E0053656E64732061205A444F207289
S2140486386F757465207265717565737420636F6DE4
S2140486486D616E6420746F20746865207461726747
S21404865865742E007461726765741F696E64657844
S2140486681F00696E6465781F65756936341F696E00
S2140486787374616C6C436F64651F00696E64657817
S2140486881F65756936341F6B65791F005443206C63
S214048698696E6B206B6579207265717565737420D5
S2140486A8706F6C6963791F417070206C696E6B20FB
S2140486B86B6579207265717565737420706F6C6963
S2140486C863791F00426F6F6C3A20616C6C6F772079
S2140486D874727573742063656E7465722072656A45
S2140486E86F696E207573696E672077656C6C2D6B81
S2140486F86E6F776E206B65791F0070726F66696C93
S2140487086549641F636C757374657249641F0074E5
S214048718617267657449641F00456E61626C6573AF
S214048728207072696E74696E67206F6620527820AE
S2140487386D657373616765732E005365747320746F
S21404874868652062696E64696E67207461626C6528
S21404875800696E6465781F636C75737465721F6C44
S2140487686F63616C45701F72656D6F746545701F25
S21404877865756936341F00436C65617273207468C6
S214048788652062696E64696E67207461626C652E22
S214048798005072696E7473207468652062696E642A
S2140487A8696E67207461626C6520746F20746865EE
S2140487B820636F6D6D616E64206C696E652E004370
S2140487C86C6561727320616C6C207365637572697D
S2140487D87479206B6579732E0044656C657465201E
S2140487E874686520737065636966696564206C6976
S2140487F86E6B206B657920696E6465782E005072FE
S214048808696E747320616C6C207365637572697421
S21404881879206B6579732E005465726D696E617480
S214048828657320746865206D756C74692D50485995
S21404883820696E74657266616365005573656420A5
S214048848746F207374617274206D756C74692D501E
S214048858485920696E74657266616365206F74682A
S2140488686572207468616E206E617469766520612D
S2140488786E6420666F726D20746865206E65747702
S2140488886F726B2E2054686520737461636B207551
S2140488987365732073616D652050616E4964206149
S2140488A873206E617469766520726164696F206EE0
S2140488B86574776F726B2E00706167651F636861F5
S2140488C86E6E656C1F706F7765721F6F7074696F54
S2140488D86E734D61736B20284269742030203D20E6
S2140488E8526F757465727320616C6C6F7765642C4F
S2140488F8204269742031203D2042726F61646361AE
S214048908737420616C6C6F776564291F00417474F6
S214048918656D70747320746F206368616E67652074
S214048928746865206368696C642074696D656F751E
S21404893874206F7074696F6E206D61736B20746F2A
S2140489482066696C746572206F757420756E64652C
S21404895873697261626C652076616C75657320282C
S214048968652E672E206E6F206D6F726520746861A1
S2140489786E20332064617973292E0074696D656FDF
S2140489887574206F7074696F6E206D61736B1F0049
S2140489985377697463686573206265747765656E72
S2140489A820646966666572656E74206B65657020FA
S2140489B8616C697665206D6F646573207375707075
S2140489C86F72746564206279206120726F757465AD
S2140489D8722E004B65657020616C697665206D6F34
S2140489E864651F005072696E74732074686520632A
S2140489F8757272656E74204E6F64652049442C2027
S214048A0845554936342C20616E642050616E2049E1
S214048A18442E00496E697469616C697A65732061CD
S214048A28206E6574776F726B3B207468697320696F
S214048A38732061207465737420636F6D6D616E6452
S214048A48207573656420666F722074632D7377616E
S214048A58702D6F75742074657374696E672E005371
S214048A6865747320746865206E6574776F726B20FE
S214048A78696E646578207573656420627920616C14
S214048A886C2066757475726520434C4920636F6D57
S214048A986D616E64732E20204265666F726520656C
S214048AA87865637574696E67206120434C49206352
S214048AB86F6D6D616E642C20746865206672616DD6
S214048AC865776F726B20737769746368657320744F
S214048AD86F2074686973206E6574776F726B2E20C6
S214048AE82041667465722074686520636F6D6D61D5
S214048AF86E642066696E6973686573206578656355
S214048B087574696E672C20746865206672616D6575
S214048B18776F726B20737769746368657320626114
S214048B28636B20746F207468652070726576696F4D
S214048B387573206E6574776F726B2E202054686583
S214048B4820434C49207573657320746865207361E7
S214048B586D65206E6574776F726B20696E646578D0
S214048B6820756E74696C207468652064657669631C
S214048B786520726573657473206F72206974206942
S214048B8873206368616E676564207468726F7567BE
S214048B9868207468697320636F6D6D616E642E0057
S214048BA8417474656D70747320746F206368616EA5
S214048BB8676520646576696365206F7665722074D8
S214048BC86F206120646966666572656E74206368E2
S214048BD8616E6E656C20676976656E20696E2074B2
S214048BE86865206368616E6E656C20617267756D72
S214048BF8656E742E00546865206368616E6E656CD5
S214048C0820746F206368616E676520746F1F006642
S214048C18696E64556E7573656450616E4964006662
S214048C28696E644A6F696E61626C654E6574776FC7
S214048C38726B005065726D697473206A6F696E6929
S214048C486E67206F6E20746865206E6574776F7221
S214048C586B20666F72206120676976656E206E7574
S214048C686D626572206F66207365636F6E64732029
S214048C78414E442062726F61646361737473206149
S214048C88205A444F204D676D74205065726D697480
S214048C98204A6F696E696E672072657175657374AC
S214048CA820746F20616C6C20726F75746572732EF5
S214048CB800412073696E676C652062797465206963
S214048CC86E6469636174696E6720686F77206C6F79
S214048CD86E672074686520646576696365207368C2
S214048CE86F756C642068617665207065726D69744A
S214048CF8206A6F696E696E67207475726E65642083
S214048D086F6E20666F722E20412076616C75652022
S214048D186F662030786666207475726E73206F6E80
S214048D28207065726D6974206A6F696E20696E6456
S214048D386566696E6974656C792E1F004368656399
S214048D486B73206E6574776F726B20706A6F696ECA
S214048D58207374617475732E005772697465732072
S214048D6874686520657874656E6465642070616EE1
S214048D7820494420666F72207468652064657669A5
S214048D8863652E0065787470616E69641F005265A9
S214048D986A6F696E7320616E206578697374696E8C
S214048DA867206E6574776F726B20696E2061207316
S214048DB86563757265206F7220696E736563757274
S214048DC865206D616E6E657220776974682061200F
S214048DD8646966666572656E74206465766963653B
S214048DE820747970652E00426F6F6C65616E206E14
S214048DF86574776F726B206B657920617661696C30
S214048E086162696C6974791F4368616E6E656C206B
S214048E186D61736B1F416E20656E756D6572617446
S214048E28696F6E20696E6469636174696E6720741D
S214048E38686520646576696365207479706520744E
S214048E486F2072656A6F696E2061732E5468652098
S214048E58737461636B206F6E6C79206163636570ED
S214048E68747320534C5F5A49474245455F454E4400
S214048E785F44455649434520616E6420534C5F5A07
S214048E8849474245455F534C454550595F454E440E
S214048E985F4445564943452E1F0052654A6F696E1E
S214048EA8732061206E6574776F726B2E00426F6F45
S214048EB86C65616E206E6574776F726B206B65796E
S214048EC820617661696C6162696C6974791F4368AC
S214048ED8616E6E656C206D61736B1F004C65617600
S214048EE865732061206E6574776F726B2E005475F7
S214048EF8726E73207065726D6974206A6F696E6924
S214048F086E67206F6E20666F722074686520616DC8
S214048F186F756E74206F662074696D6520696E645B
S214048F286963617465642E00412073696E676C65B5
S214048F38206279746520696E6469636174696E6712
S214048F4820686F77206C6F6E672074686520646588
S214048F58766963652073686F756C642068617665E6
S214048F68207065726D6974206A6F696E696E672011
S214048F787475726E206F6E20666F722E204120768E
S214048F88616C7565206F6620307866662074757225
S214048F986E73207065726D6974206A6F696E2069D5
S214048FA86E646566696E6974656C792E1F004A6F0F
S214048FB8696E732061206E6574776F726B206F6EAE
S214048FC8206120676976656E206368616E6E656CDD
S214048FD82C2077697468206120676976656E20544A
S214048FE85820506F77657220616E642050414E2079
S214048FF849442E00546865206368616E6E656C206B
S2140490086F6E20776869636820746F206A6F696E6C
S21404901820746865206E6574776F726B1F4F6E6573
S2140490282D62797465207369676E65642076616C51
S214049038756520696E6469636174696E672074680F
S2140490486520545820506F776572207468617420C0
S21404905874686520726164696F2073686F756C64E0
S2140490682062652073657420746F1F5468652050E9
S214049078414E204944206F6E2077686963682074DF
S2140490886F206A6F696E20746865206E6574776FE2
S214049098726B1F00466F726D732061206E6574775D
S2140490A86F726B206F6E206120676976656E206329
S2140490B868616E6E656C2C20776974682061206719
S2140490C86976656E20545820506F77657220616EF5
S2140490D8642050414E2049442E0054686520636835
S2140490E8616E6E656C206F6E20776869636820749D
S2140490F86F20666F726D20746865206E6574776F6E
S214049108726B1F4F6E652D62797465207369676E7E
S21404911865642076616C756520696E64696361743C
S214049128696E672074686520545820506F77657296
S21404913820746861742074686520726164696F209D
S21404914873686F756C642062652073657420746F29
S2140491581F5468652050414E204944206F6E20777E
S2140491686869636820746F20666F726D207468651A
S214049178206E6574776F726B1F0054686973206974
S2140491886E6974696174657320612054434C4B207E
S2140491987570646174652070726F63656475726552
S2140491A82E00537065636966792074686520616D5E
S2140491B86F756E74206F662074696D6520746F20F1
S2140491C877616974206166746572206F6E652054D1
S2140491D8434C4B20757064617465206F70657261CA
S2140491E874696F6E20636F6D706C65746573206246
S2140491F865666F726520626567696E6E696E67205C
S21404920861206E65772054434C4B207570646174F6
S21404921865206F7065726174696F6E2E0054686598
S21404922820616D6F756E74206F662074696D652095
S2140492386265747765656E207375627365717565A6
S2140492486E742074727573742063656E7465722008
S2140492586C696E6B206B65792075706461746573D0
S21404926820696E206D696C6C697365636F6E6473D0
S2140492781F00536574206F7220636C6561722073D7
S214049288746179206177616B65207768656E206EF6
S2140492986F74206A6F696E656400536574206F7214
S2140492A820636C65617220666F72636520617761FE
S2140492B86B6500446973706C617920746865207303
S2140492C86C6565702073746174757300464F52201C
S2140492D854455354494E4720505552504F534553BE
S2140492E8202D206761746865722074696D696E67DD
S2140492F8206D65747269637320666F722072657078
S2140493086F7274696E67207461626C65206F70652D
S214049318726174696F6E732E00436C656172732094
S214049328746865206C617374207265706F7274203B
S21404933874696D65206F66206174747269627574E9
S21404934865732E00416464732061206E657720651A
S2140493586E74727920746F20746865207265706FF5
S2140493687274207461626C652E00546865206C6F94
S21404937863616C20656E64706F696E742066726FC4
S2140493886D207768696368207468652061747472F0
S2140493986962757465206973207265706F72746586
S2140493A8641F54686520636C7573746572207768E7
S2140493B86572652074686520617474726962757470
S2140493C865206973206C6F63617465641F546865EF
S2140493D8204944206F662074686520617474726935
S2140493E862757465206265696E67207265706F724F
S2140493F87465641F3020666F7220636C69656E74CA
S2140494082D73696465206174747269627574657312
S214049418206F72203120666F7220736572766572CB
S2140494282D736964652061747472696275746573F2
S2140494381F546865206D696E696D756D2072657058
S2140494486F7274696E6720696E74657276616C2CC7
S214049458206D6561737572656420696E2073656333
S2140494686F6E64732E1F546865206D6178696D7518
S2140494786D207265706F7274696E6720696E7465A4
S2140494887276616C2C206D656173757265642069EB
S2140494986E207365636F6E64732E1F546865206D43
S2140494A8696E696D756D206368616E676520746F93
S2140494B820746865206174747269627574652074B2
S2140494C86861742077696C6C20726573756C742097
S2140494D8696E2061207265706F7274206265696EA9
S2140494E8672073656E742E1F0052656D6F766573FC
S2140494F820616E20656E7472792066726F6D2074B2
S2140495086865207265706F7274207461626C652E6B
S2140495180054686520696E646578206F66207468F0
S21404952865207265706F727420746F20626520728D
S214049538656D6F7665641F00436C656172732061A0
S2140495486C6C20656E74726965732066726F6D2024
S214049558746865207265706F7274207461626C65D5
S2140495682E005072696E7473207468652072657074
S2140495786F7274207461626C652E00576970657327
S21404958820616C6C206461746120696E207468655F
S2140495982073746F72616765206465766963652EE7
S2140495A8005072696E7473206172626974726172B3
S2140495B879206279746573206F6620746865204F15
S2140495C8544120696D616765206F6E206469736B0A
S2140495D82E0054686520696E646578206F6620746A
S2140495E8686520696D61676520746F207072696E9E
S2140495F8742069747320646174611F546865206FED
S214049608666673657420696E746F20746865204F87
S214049618544120696D6167652074686174207769B0
S2140496286C6C206265207072696E7465641F0050E5
S21404963872696E747320696E666F726D6174696F91
S2140496486E2061626F7574207468652073746F7217
S214049658616765206465766963652E0052656C6F7C
S2140496686164207468652073746F7261676520642A
S21404967865766963652E0044656C65746573207445
S214049688686520696D616765206174207468652063
S21404969873706563696669656420696E6465782EA7
S2140496A80054686520696E6465782061742077685C
S2140496B869636820746F20626567696E2064656CE8
S2140496C86574696E672074686520696D6167651FCF
S2140496D8005072696E74732074686520696D6167DA
S2140496E865732E00456E61626C6573204F54412085
S2140496F8646F776E6772616465732E00446973617C
S214049708626C6573204F544120646F776E6772618C
S2140497186465732E0053656E647320616E205570FD
S2140497286772616465456E64526571756573742005
S214049738746F20616E204F5441207365727665728B
S2140497482E0043616E206265207573656420746F0D
S2140497582064796E616D6963616C6C7920747572C6
S2140497686E206F66662073656E64696E6720706126
S2140497786765207265717565737473206F6E2074DF
S214049788686520636C69656E7420736964652C204B
S2140497986966207468652073657276657220646FDE
S2140497A865736E277420737570706F72742074688E
S2140497B8697320666561747572652E00426F6F6CF6
S2140497C865616E2076616C7565207475726E696E57
S2140497D867206F6E20283129206F72206F666620F6
S2140497E82830292074686520706167652072657161
S2140497F87565737420666C61671F0053656E6473C1
S21404980820616E20696D61676520626C6F636B20EA
S2140498187265717565737420666F72206120666957
S2140498286C65207468652073657276657220736843
S2140498386F756C64206E6F7420686176652E2020C0
S21404984854657374206861726E657373206F6E6CEA
S21404985879202874657374206361736520392E35FE
S2140498682E36202D204D697373696E672046696C01
S2140498786529005072696E747320696E666F726D1E
S2140498886174696F6E206F6E2074686520637572E4
S21404989872656E74207374617465206F66207468CC
S2140498A865204F544120636C69656E7420646F7735
S2140498B86E6C6F61642E0053746F707320746865E1
S2140498C8204F5441207374617465206D6163686920
S2140498D86E652E0053746172747320746865204F25
S2140498E8544120636C69656E7420737461746520D2
S2140498F86D616368696E652E2054686520737461AB
S2140499087465206D616368696E6520646973636F46
S2140499187665727320746865204F544120736572A7
S2140499287665722C207175657269657320666F7228
S214049938206E657720696D616765732C20646F7780
S2140499486E6C6F6164732074686520696D61676501
S2140499587320616E6420776169747320666F722061
S2140499687468652073657276657220636F6D6D61C1
S2140499786E6420746F20757067726164652E00507B
S21404998872696E747320746865206D616E7566619D
S2140499986374757265722049442C20496D61676545
S2140499A820547970652049442C20616E64205665DD
S2140499B87273696F6E20696E666F726D6174696F13
S2140499C86E207468617420617265207573656420FE
S2140499D87768656E2061207175657279206E657882
S2140499E87420696D6167652069732073656E7420D9
S2140499F8746F207468652073657276657220627960
S214049A082074686520636C69656E742E00506572F0
S214049A18666F726D73207369676E617475726520FC
S214049A28766572696669636174696F6E206F6E2005
S214049A3874686520696D616765206174207468655B
S214049A482073706563696669656420696E64657801
S214049A582E0054686520696E6465782061742077E2
S214049A686869636820746F20626567696E20766526
S214049A7872696669636174696F6E206F66207468BC
S214049A886520696D6167651F00426F6F746C6F614E
S214049A9864732074686520696D6167652061742045
S214049AA87468652073706563696669656420696EA1
S214049AB86465782062792063616C6C696E672074CB
S214049AC86865204F544120626F6F746C6F61642020
S214049AD863616C6C6261636B2E0054686520696E02
S214049AE864657820617420776869636820746F20D9
S214049AF8626567696E20626F6F746C6F6164696E05
S214049B08672074686520696D6167651F005072690F
S214049B186E747320696E666F2061626F7574207444
S214049B28686520696E7374616C6C656420626F6F17
S214049B38746C6F616465722E005375627472616327
S214049B4874732061206368616E6E656C2066726F3C
S214049B586D2065697468657220746865207072691A
S214049B686D617279206F72207365636F6E646172BB
S214049B7879206368616E6E656C206D61736B206F07
S214049B886620746865206E6574776F726B2D7374BF
S214049B98656572696E6720636F6D706F6E656E7447
S214049BA82E00546865206368616E6E656C206D616E
S214049BB8736B20746F207375627472616374207497
S214049BC86865206368616E6E656C2066726F6D1FCB
S214049BD8546865206368616E6E656C20746F2073C4
S214049BE87562747261637420746865206D61736B42
S214049BF82066726F6D1F0041646473206120636879
S214049C08616E6E656C20746F206569746865722071
S214049C18746865207072696D617279206F7220733A
S214049C2865636F6E64617279206368616E6E656CD5
S214049C38206D61736B206F6620746865206E65748A
S214049C48776F726B2D7374656572696E6720636FC0
S214049C586D706F6E656E742E005468652063686157
S214049C686E6E656C206D61736B20746F206164641E
S214049C782061206368616E6E656C20746F1F54687B
S214049C8865206368616E6E656C20746F2061646419
S214049C9820746F20746865206D61736B1F005365AC
S214049CA874732065697468657220746865207072B8
S214049CB8696D617279206F72207365636F6E646173
S214049CC87279206368616E6E656C206D61736B2EA5
S214049CD800546865206368616E6E656C206D6173F8
S214049CE86B20746F20737562747261637420746871
S214049CF865206368616E6E656C2066726F6D1F54AE
S214049D0868652076616C756520746F2073657420A9
S214049D18746865206368616E6E656C206D61736B2C
S214049D2820746F2E1F005365747320746865207042
S214049D3872652D636F6E66696775726564206B65F8
S214049D487920736F207468617420746865206A6F5C
S214049D58696E696E67206465766963652063616EFB
S214049D6820656E74657220746865206E6574776FF6
S214049D78726B2E0053657473207468652070726560
S214049D88636F6E66696775726564206B65791F0014
S214049D9853746F707320746865206E6574776F7279
S214049DA86B207374656572696E672070726F63657D
S214049DB873732E0053746172747320746865206E0E
S214049DC86574776F726B207374656572696E672045
S214049DD870726F636573732E0041206D61736B2018
S214049DE86F66206F7074696F6E7320666F72206971
S214049DF86E6469636174696E672073706563696607
S214049E086963206265686176696F72207769746829
S214049E18696E20746865206E6574776F726B2D732F
S214049E2874656572696E672070726F636573732EE6
S214049E381F00446973706C617973207468652063C5
S214049E48757272656E7420737461747573206F66A8
S214049E5820746865206E6574776F726B20737465FA
S214049E686572696E672070726F636573732E00433C
S214049E786C65617273207468652067726F75707399
S214049E88207461626C65206F6E2065766572792031
S214049E98656E64706F696E74005072696E747320B0
S214049EA8696E666F726D6174696F6E2061626F7534
S214049EB8742074686520636F6E74656E7473206F9F
S214049EC866207468652067726F75707320746162A3
S214049ED86C652E004172746966696369616C6C7995
S214049EE82064726F70732074686520626C6F636B8D
S214049EF8206E756D62657220646566696E65642099
S214049F086279207468652070617373656420617271
S214049F1867756D656E74206F6E6C79206F6E6365F9
S214049F282C20616E64207468656E20616C6C6F7793
S214049F38732069742075706F6E2061207265747260
S214049F48792E0054686520626C6F636B206E756D9D
S214049F5862657220746F20617274696669636961E8
S214049F686C6C792064726F7020746F20666F7263ED
S214049F78652061207265747279202D2073657420BB
S214049F88746F203078464620746F20646973616263
S214049F986C651F0053657473207468652072656366
S214049FA8656976652077696E646F772073697A6564
S214049FB82E2020427920646566696E6974696F6E1E
S214049FC820696E2074686520536D61727420456E2E
S214049FD8657267792070726F66696C65206974208B
S214049FE86D7573742062652073657420746F2031F0
S214049FF820627574207468697320616C6C6F77735B
S21404A00820697420746F206265206368616E6765D2
S21404A018642E00546865206D6178206E756D6265DF
S21404A02872206F662074686520626C6F636B732099
S21404A0387265636569766564206265666F72652015
S21404A048616E204150532061636B206973206765F5
S21404A0586E6572617465641F004D616B6573207468
S21404A068686973206E6F64652073746172742069FE
S21404A07864656E74696679696E6720617320612009
S21404A08874617267657420666F722062696E6469AB
S21404A0986E67207769746820616E20696E697469D2
S21404A0A861746F72206E6F64652E0054686520654F
S21404A0B86E64706F696E74206F6E20776869636863
S21404A0C820746F20626567696E2074686520466927
S21404A0D86E64696E6720616E642042696E64696E98
S21404A0E867207461726765742070726F6365737332
S21404A0F81F004D616B65732074686973206E6F6406
S21404A108652073746172742074686520696E697456
S21404A1186961746F722070617274206F6620746847
S21404A128652066696E64696E6720616E642062697C
S21404A1386E64696E672070726F636573732E00545D
S21404A148686520656E64706F696E74206F6E20771C
S21404A1586869636820746F20626567696E2074682E
S21404A168652046696E64696E6720616E642042697C
S21404A1786E64696E6720696E69746961746F7220AB
S21404A18870726F636573731F00456E61626C652F2A
S21404A19864697361626C6520646562756720606CC7
S21404A1A8656761637920617070206672616D657792
S21404A1B86F726B20646562756760207072696E746E
S21404A1C820747970652E00456E61626C652F64692B
S21404A1D87361626C651F00456E61626C652F646905
S21404A1E87361626C6520646562756720607A636C67
S21404A1F860207072696E7420747970652E00456EDE
S21404A20861626C652F64697361626C65206465625B
S21404A2187567206061707060207072696E7420744F
S21404A2287970652E00456E61626C652F646973618A
S21404A238626C652064656275672060636F7265602A
S21404A248207072696E7420747970652E00456E618C
S21404A258626C652F64697361626C652064656275F7
S21404A268672060737461636B60207072696E742013
S21404A278747970652E0053656E6473206120726568
S21404A288717565737420666F72204F544120636F2E
S21404A298756E746572732E005265736574732061E7
S21404A2A86C6C207468726573686F6C64732076616E
S21404A2B86C75657320746F203078464646462E00C3
S21404A2C8536574732061207468726573686F6C6470
S21404A2D82076616C756520666F72206120706172E5
S21404A2E8746963756C61722074797065206F662072
S21404A2F8636F756E7465722E0054797065206F6688
S21404A30820636F756E7465721F5468726573686F20
S21404A3186C642056616C75651F005072696E7473A0
S21404A32820746865207468726573686F6C6473203B
S21404A3386F6620616C6C2074686520636F756E7434
S21404A3486572732E00436C6561727320616C6C20B1
S21404A358636F756E7465722076616C7565732E000E
S21404A3685072696E747320616C6C20636F756E74BA
S21404A37865722076616C7565732E005072696E740A
S21404A38873207468652076616C7565206F66207422
S21404A39868697320706172746963756C617220638E
S21404A3A86F756E7465722E0054686520636F756EDB
S21404A3B8746572207479706520746F207072696E83
S21404A3C8741F005072696E747320616C6C20636F1E
S21404A3D8756E7465722076616C75657320616E643B
S21404A3E820636C65617273207468656D2E0053650E
S21404A3F874204D464720746F6B656E2C2043414E7F
S21404A4084E4F5420424520554E5345542042592019
S21404A418434C492E005072696E74204D464720748A
S21404A4286F6B656E2E005072696E74206163746972
S21404A4387665206576656E74732E0044697361626A
S21404A4486C652074686520656E64706F696E742028
S21404A458666F72205A434C206D6573736167657323
S21404A4682E00456E64706F696E7420696E64657834
S21404A4781F00456E61626C65732074686520656E9E
S21404A48864706F696E7420666F72205A434C206D30
S21404A498657373616765732E005072696E742073F2
S21404A4A87461747573206F6620656E64706F696E68
S21404A4B874732E0053686F77732074686520766506
S21404A4C87273696F6E206F662074686520736F6692
S21404A4D874776172652E005365742074686520630A
S21404A4E86F6E66696775726564203830322E31354A
S21404A4F82E3420434341206D6F646520696E2074B2
S21404A508686520726164696F2E2053656520646FE0
S21404A51863756D656E746174696F6E2072656761C4
S21404A5287264696E67205241494C5F49454545380F
S21404A53830323135345F4363614D6F64655F742E22
S21404A5480041205241494C5F49454545383032312F
S21404A55835345F4363614D6F64655F742076616C60
S21404A56875651F0052657475726E732050544920C1
S21404A578726164696F20636F6E66696720696E66C8
S21404A5886F726D6174696F6E20746F20646574658C
S21404A598726D696E65207468652050485920747910
S21404A5A87065206265696E672075736564206279D4
S21404A5B8205241494C2E2072657475726E2076615D
S21404A5C86C756520697320656E756D205241494C1B
S21404A5D85F494545453830323135345F50746952E1
S21404A5E86164696F436F6E6669675F7420652E677A
S21404A5F820205241494C5F4945454538303231356B
S21404A608345F5054495F524144494F5F434F4E4666
S21404A61849475F32503447485A203D203078303016
S21404A62855205241494C5F49454545383032313505
S21404A638345F5054495F524144494F5F434F4E4636
S21404A64849475F32503447485A5F414E5444495646
S21404A658203D203078303155205241494C5F4945D9
S21404A66845453830323135345F5054495F52414499
S21404A678494F5F434F4E4649475F32503447485A1E
S21404A6885F434F4558203D2030783032552052419C
S21404A698494C5F494545453830323135345F505466
S21404A6A8495F524144494F5F434F4E4649475F32DC
S21404A6B8503447485A5F414E544449565F434F45C1
S21404A6C858203D2030783033550053656E64732027
S21404A6D8612072656164206174747220666F7220EA
S21404A6E87468652074696D65206F662074686520D3
S21404A6F8646576696365207370656369666965640D
S21404A7082E2049742073657473206120666C616713
S21404A71820736F207768656E206974206765747384
S21404A7282074686520726573706F6E73652069742B
S21404A73820777269746573207468652074696D651A
S21404A74820746F20697473206F776E2074696D6542
S21404A75820617474722E0049641F737263456E64B4
S21404A768706F696E741F64657374456E64706F6980
S21404A7786E741F005768656E2073656E64696E672D
S21404A788207573696E6720612062696E64696E67F6
S21404A7982C207370656369666965732077686574C9
S21404A7A86865722061206D756C74696361737420C2
S21404A7B862696E64696E672073686F756C6420627C
S21404A7C86520757365642E007573654D756C7469BC
S21404A7D86361737442696E64696E671F0053656EBD
S21404A7E864732061207072652D627566666572658D
S21404A7F864206D756C746963617374206D65737316
S21404A80861676520746F206120676976656E2067C6
S21404A818726F75702049442066726F6D20612067D8
S21404A8286976656E20656E64706F696E742E00674F
S21404A838726F757049641F7372632D656E64706FEA
S21404A848696E741F00437265617465732061206DB8
S21404A85865737361676520627920737065636966DA
S21404A86879696E67207468652072617720627974E6
S21404A87865732E20557365207468652073656E6449
S21404A88820636F6D6D616E6420746F2073656E64EB
S21404A89820746865206D657373616765206F6E63E1
S21404A8A86520697420686173206265656E2063722A
S21404A8B865617465642E2045783A20726177203085
S21404A8C87830303046207B303020304120303020FD
S21404A8D831312032322033332034342035357D204C
S21404A8E873656E64732061206D6573736167652094
S21404A8F8746F20636C757374657220313520283044
S21404A908783030304629206F66206C656E67746828
S21404A918203820776869636820696E636C75646597
S21404A9287320746865205A434C20686561646572B0
S21404A9382E00436C757374657249641F44617461B0
S21404A9481F0052657365747320746865206E6F649F
S21404A958652E005772697465732061206D6573737C
S21404A9686167652E00456E64706F696E741F436C6C
S21404A97875737465722049441F41747472696275EC
S21404A98874652049441F4D61736B1F4461746120CC
S21404A998747970651F4461746120627974651F0058
S21404A9A852656164732061206D6573736167652EF3
S21404A9B800456E64706F696E741F436C75737465B6
S21404A9C8722049441F41747472696275746520491B
S21404A9D8441F31206966207365727665722064693F
S21404A9E872656374696F6E2C203020696620636C08
S21404A9F869656E7420646972656374696F6E1F0096
S21404AA0853656E64732061206D6573736167652E84
S21404AA180044657374696E6174696F6E1F536F754D
S21404AA2872636520656E64706F696E741F4465731F
S21404AA3874696E6174696F6E20656E64706F696E92
S21404AA48741F00536F7572636520656E64706F6952
S21404AA586E741F004C697374732077686963682082
S21404AA686F7074696F6E616C206C6962726172696A
S21404AA786573206F662074686520737461636B2041
S21404AA8861726520696D706C656D656E74656420A9
S21404AA986F6E2074686973206465766963652E0032
S21404AAA85072696E747320696E666F726D6174692C
S21404AAB86F6E2061626F757420746865206E6574A5
S21404AAC8776F726B2073746174652C20636C75736E
S21404AAD8746572732C20616E6420656E64706F6989
S21404AAE86E74732E006F66667365741F0050726901
S21404AAF86E747320696E666F726D6174696F6E200A
S21404AB08666F7220616C6C20617661696C61626C38
S21404AB186520736C6F74732E0052656164732072BB
S21404AB28617720646174612066726F6D20666C615B
S21404AB3873682073746F726167652E00416464726B
S21404AB4865737320746F20726561641F4E756D6239
S21404AB586572206F6620627974657320746F20723C
S21404AB686561641F005072696E747320666C617345
S21404AB78682073746F7261676520696E666F726D9C
S21404AB886174696F6E2E004572617365732074680C
S21404AB98652073706563696669656420736C6F7491
S21404ABA82049442E0053746F7261676520736C6F76
S21404ABB874206E756D6265721F00426F6F74732021
S21404ABC874686520696D61676520696E20746865B8
S21404ABD82073706563696669656420736C6F742096
S21404ABE849442E00434C4920696E7374616E63654C
S21404ABF8206578616D706C650064756D6D795F6944
S21404AC086E7374005A434C20636F6D6D616E647383
S21404AC1800626173696300676C6F62616C006D66DD
S21404AC28672D636F6465007573652D6E6578742D7E
S21404AC3873657175656E636500782D646566617500
S21404AC486C742D7265737000746573742D726573F5
S21404AC58706F6E73652D6F6E00746573742D7265F0
S21404AC6873706F6E73652D6F6666005A434C206268
S21404AC786173696320636C757374657220636F6DA2
S21404AC886D616E6473007274666400436F6D6D6103
S21404AC986E642074686174207265736574732061C9
S21404ACA86C6C206174747269627574652076616C64
S21404ACB875657320746F20666163746F7279206497
S21404ACC8656661756C742E005241494C006C6F774A
S21404ACD865722D6D61632D7261696C2D3830322E64
S21404ACE831352E342E63006C69627261696C2E618C
S21404ACF800756E636C61696D656400627566666589
S21404AD08722D6D616E6167656D656E742E63006580
S21404AD1876656E742D71756575652E63007A696738
S21404AD286265652D75707065722D6D61632E63009E
S21404AD386E65696768626F722E63006173736F630A
S21404AD48696174696F6E2E6300313832317300316D
S21404AD58343232310031323100327300313232311A
S21404AD683132003132323131003238310038313143
S21404AD780031383231310031323131313231323208
S21404AD8832317300313232003132313132323100ED
S21404AD98313131310032323800726F7574652D7472
S21404ADA861626C652E63006D61632D6D756C7469E4
S21404ADB82D6E6574776F726B2E63006C65676163BE
S21404ADC8792D7061636B65742D6275666665722E7F
S21404ADD863000000000002000000000000000000FD
S21404ADE8BA04000000000000000002000000000092
S21404ADF800000000BA04000000000000000102037E
S21404AE080E312E312E322D653634396163323800D0
S21404AE18010000020303010006000000000003000E
S21404AE280000000013B779FAC925DDB7ADF3CFE003
S21404AE38F1B614B80102000000000000FFFFFFFF8F
S21404AE4801000000010000000000000000000000EF
S21404AE5800000000000000000000000000000000E1
S21404AE6800000000000000000000000000000000D1
S21404AE7800000000073F0300B5710300B17103002A
S21404AE888F7103005D710300ED710300BF71030049
S21404AE985F7103002C000000020202030000000099
S21404AEA80000000064800050688000500002010022
S21404AEB80009007FF0AE04000100000FD0AE0400C5
S21404AEC80000000000000000E1FE59FF8FFFADFF00
S21404AED8C1FFD0FFDCFFE4FFEBFFF2FFF6FFFAFF4B
S21404AEE8FDFF0000030005005500EDFEFF006400AA
S21404AEF81E0000007F001B0DD063FDFF3600B7035D
S21404AF084DDAFFFF1C005901EC3600001100BD00A5
S21404AF18C83B00000B007100143500000700490008
S21404AF28352C000005003700052600000300140031
S21404AF38FF140000D06404008D1904008D19040061
S21404AF488D1904008D1904008D1904008D19040048
S21404AF588D1904008D1904008D1904008D19040038
S21404AF688D1904008D1904008D1904008D19040028
S21404AF788D1904008D1904008D1904008D19040018
S21404AF888D1904008D1904008D1904008D19040008
S21404AF988D1904008D1904008D1904008D190400F8
S21404AFA88D1904009B1904008D190400B0190400B7
S21404AFB88D1904008D190400D51904008D19040090
S21404AFC88D1904008D1904008D190400FD19040058
S21404AFD88D1904008D1904008D1904008D190400B8
S21404AFE8151A04008D190400331A04000103040119
S21404AFF8010109030B0000000B000000020000001A
S21404B0080000202000000000030000008C8C3C0098
S21404B0180000000000000000000000001E00000001
S21404B0280A0000001A000000000000581200000081
S21404B03824B00400554E4B00474F200042544C00A1
S21404B048474F3200474F3300474F3400474F3500C9
S21404B058474F3600474F3700474F3800474F3900A9
S21404B068474F4100474F4200474F4300474F44006D
S21404B078474F4500474F46004A4D50004244520049
S21404B0885550520042544D004D534D0046544C0002
S21404B098554E4B00474F200042544C004241440052
S21404B0A846544C00465243004F54410044534C0007
S21404B0B84241500055504700544D450046415500FE
S21404B0C8545A4600554E4B0050494E00454D3400E0
S21404B0D8554E4B0048562000554E4B0045585000D8
S21404B0E84C574D00554E4B005242540044534C00A6
S21404B0F8454D3400554E4B0041535400554E4B00B5
S21404B10856465900494E4800554E4B004C434B0092
S21404B11858544C004F424600554E4B004852440083
S21404B1284D454D0042555300555347004442470089
S21404B138444D410056435400554E4B00555020008C
S21404B14852502000415030004150310041502000F8
S21404B15844502000444543003CB0040040B004007A
S21404B16898B00400CCB00400D8B00400E0B00400E2
S21404B178ECB00400FCB0040004B1040010B10400F0
S21404B18820B1040040B10400554E4B004649420025
S21404B19842544C00455854005057520057444700F0
S21404B1A82053570043525300465348004241440034
S21404B1B8464C540042524F0001040103030601059D
S21404B1C8010501090600060B0000070B050B000025
S21404B1D800000000000000000400E40C0200010463
S21404B1E81001000000050002000003007CB40400FF
S21404B1F878B4040064B4040060B404005CB40400C6
S21404B20858B4040046B4040036B404001CB404005D
S21404B21814B404000AB4040008B40400F0B3040028
S21404B228EDB30400E5B30400D4B30400C4B30400C7
S21404B238B2B3040098B3040090B3040084B30400C3
S21404B24880B304007CB304006EB3040063B3040044
S21404B2584AB3040031B30400D5B20400D4B20400DF
S21404B268C4B204009CB2040091B2040090B2040074
S21404B2787CB204000000000000000000000000008B
S21404B28800000000000000000F000000000000009E
S21404B298000000000000000000000000000000009D
S21404B2A8000000000000000000000000000000008D
S21404B2B8000000000000000000000000010000007C
S21404B2C80000000000000000000000000F0000005E
S21404B2D8000000000000000000000000000000005D
S21404B2E8000000000000000000000000000000004D
S21404B2F8000000000000000000000000000000003D
S21404B308000000000000000000000000000000002C
S21404B318000000000000000000000000000000001C
S21404B328000000000000000000000000000000000C
S21404B33800000000000000000000000000000000FC
S21404B34800000000000000000000000000000000EC
S21404B35800000000000000000000000000000000DC
S21404B36800000000000000000000000000000000CC
S21404B378000000000000000000000000FFFFFFFFC0
S21404B388FFFFFFFFFFFF00000000000000000000B2
S21404B398000000000000000000000000000000009C
S21404B3A8000000000000000000000000000000008C
S21404B3B8000000000000000000000000000000007C
S21404B3C8000000000000000000000000000000006C
S21404B3D800000000000000000000000000FFFFFF5F
S21404B3E8FFFFFFFFFF9C0000FF00000000000000B6
S21404B3F800000000000000000000000080000000BC
S21404B4080000FFFFFFFFFFFFFFFFFFFF0000000035
S21404B418FFFF00000000000000000000000000001D
S21404B4280000000000000000000000000000FFFF0D
S21404B438FF000000000000000000000000000000FC
S21404B44800000000000000000000000000000000EB
S21404B45800000000000000000000000000000000DB
S21404B46800000000000000000000000000000000CB
S21404B47800000000FC0301010101010101010101B2
S21404B488010101010100000000000001002006007F
S21404B4980000060101000020020411040402111031
S21404B4A81A080A021801081110111A080A04020DCB
S21404B4B80B19195C0110280B011400000000000089
S21404B4C80000000000000000000101010101010065
S21404B4D8010101010101010000010101000100014F
S21404B4E8010000000000000000000000000000004A
S21404B4F8000100000000000000000000000000003A
S21404B50801FF010023E1010075E4010063E2010084
S21404B51863E5010062E1010079EB010064EE0100D5
S21404B52824E1010025E1010026E1010027E10100EC
S21404B53828E1010029E101002AE1010000000100D8
S21404B54880000100000101008001010000020100E2
S21404B5588002010020E2010000030100000501004A
S21404B56880050100000601002C8901008006010000
S21404B5780007010001E5010002E5010000080100DA
S21404B588800801000040010086321010FFFFFFFF0C
S21404B598FFFFFFFFBA220400C0220400C6220400EC
S21404B5A8CC220400D22204005A6967426565416CBD
S21404B5B86C69616E636530394E574B205374656504
S21404B5C872696E67000095969595950507090D00AE
S21404B5D8000000000001020304060000FE38040010
S21404B5E8994C0400B34C0400CA4C0400DD4C040017
S21404B5F8ED4C0400014D0400134D0400234D0400D3
S21404B6083F4D0400544D04000208010D0D010101CC
S21404B61812010000FFFFFFFFFFFFFFFF000000000E
S21404B62800000000010905010002000000000003F4
S21404B6381EF1EE0B4CB604008F590400D0640400C7
S21404B648FE000000AB590400ACB70400000000007C
S21404B658B55904009CB7040000000000C259040051
S21404B6688CB7040000000000CF5904007CB704001F
S21404B67800000000ED59040068B70400000000004C
S21404B688E559040054B7040000000000EC5904000F
S21404B69840B7040000000000FA59040030B704005C
S21404B6A8000000006C5804001CB7040000000000EA
S21404B6B8F35904000CB7040000000000FF59040006
S21404B6C8F8B6040000000000EB200400E8B6040006
S21404B6D80000000000000000000000000000000059
S21404B6E829860300105A04004D5A0400010100FF7D
S21404B6F82D080100765A0400BB5A04000101000113
S21404B7080107FF00E9070100085B0400735B0400F7
S21404B718010100FF29070100945B0400AD5B0400E7
S21404B72800010100FF0000003B860300D25B040012
S21404B7382A5C04000101FF0023860300415C040020
S21404B748985C040001010207FF0000001D86030040
S21404B758415C0400985C040001010207FF00000035
S21404B76817860300415C0400985C04000101020784
S21404B778FF000000DD060100B95C0400F85C040064
S21404B788010101FF7D060100175D04005C5D0400ED
S21404B798010000FF39060100175D04005C5D040023
S21404B7A8010000FFC1060100835D0400895B0400F4
S21404B7B800FF000011860300D85D04001389040006
S21404B7C8FF0000000B8603004B5E04001389040088
S21404B7D8FF00000019060100BA5E04002F5F04008B
S21404B7E800FF0000F1050100475F0400A95F04009C
S21404B7F800FF0000FD850300BA5F04000060040033
S21404B80802FF0000B9050100096004007D60040019
S21404B81801FF0000F6600400D9600400E860040034
S21404B828F4600400056104001B610400316104002F
S21404B8383B610400456104000000000049640400FC
S21404B8481100000055640400120000005D64040042
S21404B8581300000065640400210000006D64040001
S21404B8682200000074640400230000007B640400C3
S21404B878AA00000082640400FF0000000000000024
S21404B888FFFFFFFFFFFFFFFF0000000000000000AF
S21404B898000001080109020A030B040C050D060E34
S21404B8A8070F081001180119021A031B041C051DAA
S21404B8B8061E071F08200121022203230424052547
S21404B8C80626072708280129022A032B042C052DF7
S21404B8D8062E072F08300131023203380239043A9B
S21404B8E808E004E104E204E802E902EA04F008F1E4
S21404B8F810000000000000000205000064B90400FF
S21404B90802000F008CB9040002000F00B4B904004A
S21404B91802000F00DCB9040002000F0004BA040099
S21404B92802000F002CBA040002000F0054BA0400E8
S21404B93802000F007CBA040002000F00A4BA040038
S21404B94802000F00CCBA040002000F00F4BA040088
S21404B95802000F001CBB040002000F0000000000D9
S21404B96844BB040003000000400000000000000080
S21404B9781900000068BB040004000F0080000000E3
S21404B988000000000000000044BB040003000000A0
S21404B99840000000000000001900000068BB040016
S21404B9A804000F00800000000000000000000000F3
S21404B9B844BB040003000000400000000000000030
S21404B9C81900000068BB040004000F008000000093
S21404B9D8000000000000000044BB04000300000050
S21404B9E840000000000000001900000068BB0400C6
S21404B9F804000F00800000000000000000000000A3
S21404BA0844BB0400030000004000000000000000DF
S21404BA181900000068BB040004000F008000000042
S21404BA28000000000000000044BB040003000000FF
S21404BA3840000000000000001900000068BB040075
S21404BA4804000F0080000000000000000000000052
S21404BA5844BB04000300000040000000000000008F
S21404BA681900000068BB040004000F0080000000F2
S21404BA78000000000000000044BB040003000000AF
S21404BA8840000000000000001900000068BB040025
S21404BA9804000F0080000000000000000000000002
S21404BAA844BB04000300000040000000000000003F
S21404BAB81900000068BB040004000F0080000000A2
S21404BAC8000000000000000044BB0400030000005F
S21404BAD840000000000000001900000068BB0400D5
S21404BAE804000F00800000000000000000000000B2
S21404BAF844BB0400030000004000000000000000EF
S21404BB081900000068BB040004000F008000000051
S21404BB18000000000000000044BB0400030000000E
S21404BB2840000000000000001900000068BB040084
S21404BB3804000F0080000000000000000000200140
S21404BB482000000008000000040042213000000025
S21404BB58DCBB040000FF42003000000000000000C8
S21404BB680000F00840000000FDBB040001002304A8
S21404BB784000000005BC0400060030014000000038
S21404BB8800000000FDFF2102400000000100000044
S21404BB981900000419000101190002041900030120
S21404BBA819000504190006011900070404004100D9
S21404BBB8ED22010006004100A98E03001900810049
S21404BBC8DD3F010019008400694A01000080000076
S21404BBD80000000006435553544F4D000000000073
S21404BBE80000000000000000000000000000000044
S21404BBF80000000000FFFFFFFFFFFFFFFFFFFFFF3F
S21404BC08FF00040104010401040104010401040101
S21404BC1804010401040104010401FFFFFFFFFFFF00
S21404BC28FFFFFFFFFFFFFFFFFFFFFFFFFFFFFFFF13
S21404BC38FFFF000102030405060708090A0B1F1C78
S21404BC481F1E1F1E1F1F1E1F1E1F07021F012F0059
S21404BC5837013F005701DF02E700FF02000000003B
S21404BC6800000000000000000000000000000000C3
S21404BC7800000000000000000000000000000000B3
S21404BC88E86A040019000000EE6A0400FFFF0000DA
S21404BC9800000000B96B0400C46B0400D064040000
S21404BCA8CC6B0400DA6B0400D0640400ED6B04006B
S21404BCB8F86B0400066C04000A6C04001A6C040092
S21404BCC8063A04002A6C04002E6C0400396C04003E
S21404BCD8436C04004D6C0400516C04005F6C040053
S21404BCE8736C0400896C04000080000000000000E7
S21404BCF80000000000000000FFFFFFFFFF00000038
S21404BD0800000000000000000000000000000040E2
S21404BD180000000001000000A9D101000000000096
S21404BD28000000000000F03F00000000000024406F
S21404BD3800000000000059400000000000408F404A
S21404BD48000000000088C34000000000006AF840B5
S21404BD580000000080842E4100000000D0126341D9
S21404BD680000000084D797410000000065CDCD414F
S21404BD787F3D040068D3040000000000AF7504008B
S21404BD8858D3040000000000B475040048D3040027
S21404BD9800000000B575040038D304000000000055
S21404BDA8FA59040024D3040000000000ED590400E6
S21404BDB810D3040000000000BA75040000D3040081
S21404BDC800000000C0750400F0D204000000000063
S21404BDD8C4750400E0D2040000000000D375040013
S21404BDE8D0D2040000000000F0750400C0D204009D
S21404BDF800000000F9750400B0D20400000000003A
S21404BE080E760400A0D2040000000000414B040093
S21404BE1890D20400000000001E76040050D20400ED
S21404BE2800000000157A0400DCC9040000000000C5
S21404BE38D16904009CC904000000000025760400AB
S21404BE48DCC80400000000002E760400E0C70400E6
S21404BE58000000003B760400D4C304000000000081
S21404BE68576C0400ACC204000000000042760400CC
S21404BE78ACC2040001000000467604006CC204004C
S21404BE88000000004B76040030C1040000000000E7
S21404BE987F1A040030C10400010000003B76040049
S21404BEA8D4C304000000000052760400D4C304007F
S21404BEB80100000057760400FCC0040000000000DF
S21404BEC861760400FCC004000100000069760400E2
S21404BED82CBF040000000000F0210400F8BE040093
S21404BEE80000000000000000000000000000000041
S21404BEF808BF04006D760400D0640400FE00000049
S21404BF088576040084CA040000000000EA7A040067
S21404BF1874CA0400000000000000000000000000CE
S21404BF28000000003CBF04008A760400D0640400C5
S21404BF38FE000000A076040004CC04000000000004
S21404BF48A6760400F4CB040000000000AC760400D7
S21404BF58E4CB040000000000B5760400D4CB04004B
S21404BF6800000000311F0400C4CB040000000000D9
S21404BF783B1D04008CCB040000000000422604008D
S21404BF8878CB040000000000BF76040068CB0400E9
S21404BF98000000002F22040058CB04000000000014
S21404BFA8C476040048CB040000000000CB760400E6
S21404BFB838CB040000000000D076040028CB040028
S21404BFC800000000D4760400C8C004000000000086
S21404BFD8DB76040070C0040000000000E37604006A
S21404BFE83CC0040000000000EF76040008C004000B
S21404BFF80000000000000000000000000000000030
S21404C00818C00400FA760400D0640400FE00000099
S21404C0187A340400A4CA0400000000002B6104005B
S21404C02894CA04000000000000000000000000009D
S21404C038000000004CC004001B770400D064040011
S21404C048FE0000007A340400C4CA0400000000009D
S21404C0582B610400B4CA04000000000000000000BD
S21404C068000000000000000080C004003D770400C3
S21404C078D0640400FE0000005B77040014CB0400C0
S21404C08800000000397C040004CB04000000000013
S21404C0986A770400F4CA0400000000006F770400FE
S21404C0A8E4CA04000000000076770400D4CA04003A
S21404C0B8000000000000000000000000000000006F
S21404C0C8D8C004007B770400D0640400FE00000097
S21404C0D83C340400B0CB0400000000009877040049
S21404C0E89CCB0400000000000000000000000000D4
S21404C0F8000000000CC10400A0770400D06404000B
S21404C108FE000000BC77040044CC040000000000D5
S21404C118576C040034CC0400000000000000000043
S21404C128000000000000000040C10400C1770400BD
S21404C138D0640400FE000000DA770400F4CC04009F
S21404C14800000000FD300400E4CC040000000000F9
S21404C158E3770400D4CC040000000000BC77040095
S21404C16824CC040000000000E877040014CC040083
S21404C17800000000F57704002CC20400000000004C
S21404C18803780400F8C104000000000011780400D5
S21404C198B8C104000000000025760400DCC80400CA
S21404C1A8000000000000000000000000000000007E
S21404C1B8C8C104001A780400D0640400FE00000015
S21404C1C85EAC0400C4CC0400000000006FAC04009D
S21404C1D8B4CC0400000000002E450400A4CC0400DF
S21404C1E8000000000000000000000000000000003E
S21404C1F808C2040038780400D0640400FE00000076
S21404C2086278040014CD040000000000DF66040011
S21404C21804CD040000000000000000000000000038
S21404C228000000003CC2040069780400D0640400DE
S21404C238FE000000F021040048CD040000000000C1
S21404C2482B61040038CD040000000000397C04008B
S21404C25824CD0400000000000000000000000000D8
S21404C268000000007CC2040089780400D06404003E
S21404C278FE000000F021040078CD04000000000051
S21404C288A978040068CD0400000000002B610400AF
S21404C29858CD040000000000000000000000000064
S21404C2A800000000BCC20400B0780400D064040097
S21404C2B8FE000000CA780400ACCE040000000000AB
S21404C2C8E36004009CCE040000000000FD7804002F
S21404C2D88CCE040000000000311F04007CCE04004D
S21404C2E800000000FE6004006CCE0400000000009D
S21404C2F8CF7804005CCE040000000000E778040051
S21404C3084CCE040000000000F07804003CCE040084
S21404C31800000000F77804002CCE0400000000009B
S21404C32803790400FCCD040000000000397C0400F6
S21404C338ECCD04000000000012790400DCCD0400F3
S21404C34800000000ED450400CCCD04000000000009
S21404C35817790400BCCD0400000000002E79040000
S21404C368ACCD0400000000004279040098CD040017
S21404C378000000005279040088CD04000000000084
S21404C38861790400A0C30400000000000000000057
S21404C3980000000000000000B0C304006679040032
S21404C3A8D0640400FE0000007D7904001CCE04005E
S21404C3B800000000867904000CCE0400000000008B
S21404C3C8000000000000000000000000E4C30400B1
S21404C3D8D0640400D0640400FE0000008D790400D4
S21404C3E81CCA0400000000009A79040060C804000F
S21404C3F800000000A3790400ACC704000000000095
S21404C408B179040078C7040000000000BF7904006E
S21404C41844C7040000000000CD790400ACC604003C
S21404C42800000000DE79040084C604000000000052
S21404C438EB790400E4C5040000000000F679040063
S21404C4488CC5040000000000097A040064C50400D2
S21404C45800000000DE58040000C5040000000000C8
S21404C4681C7A0400C0C4040000000000277A0400F4
S21404C4788CC4040000000000000000000000000057
S21404C488000000009CC404003A7A0400D064040047
S21404C498FE0000005E7A0400CCCE04000000000013
S21404C4A8647A0400BCCE040000000000000000000B
S21404C4B80000000000000000D0C40400687A0400ED
S21404C4C8D0640400FE000000EA350400FCCE040034
S21404C4D8000000009A7A0400ECCE04000000000075
S21404C4E8A67A0400DCCE0400000000000000000069
S21404C4F8000000000000000010C50400BC7A040018
S21404C508D0640400FE000000F021040060CF04009C
S21404C518000000002B61040050CF04000000000057
S21404C528D855040040CF0400000000007A34040004
S21404C5382CCF040000000000D87A04001CCF0400A6
S21404C54800000000EF7A04000CCF0400000000008E
S21404C55800000000000000000000000074C504008D
S21404C568FB7A0400D0640400FE000000207B04006C
S21404C57870CF040000000000000000000000000067
S21404C588000000009CC50400257B0400D064040059
S21404C598FE000000497B0400C0CF04000000000031
S21404C5A8A9780400B0CF040000000000557B0400FE
S21404C5B8A0CF0400000000005C7B040090CF0400B9
S21404C5C800000000697B040080CF0400000000001F
S21404C5D8000000000000000000000000F4C504008D
S21404C5E8747B0400D0640400FE000000E2790400B2
S21404C5F870D0040000000000917B040060D00400A2
S21404C608000000007F3D040050D004000000000035
S21404C618AD4C040040D00400000000005C7904001F
S21404C62830D0040000000000EA35040020D00400DE
S21404C63800000000987B040010D0040000000000EE
S21404C648A37B040000D0040000000000B07B0400B4
S21404C658F0CF040000000000C07B0400E0CF040014
S21404C66800000000D37B0400D0CF040000000000C4
S21404C67800000000000000000000000094C604004B
S21404C688E57B0400D0640400FE0000007F3D04003F
S21404C69880D0040000000000000000000000000035
S21404C6A800000000BCC60400037C0400D064040038
S21404C6B8FE000000EA350400F0D004000000000084
S21404C6C8AD4C0400E0D00400000000005C790400CF
S21404C6D8D0D0040000000000267C0400C0D004006B
S21404C6E8000000006577040004C70400000000008A
S21404C6F800000000000000000000000014C704004A
S21404C7083D7C0400D0640400FE000000397C04006C
S21404C718B0D00400000000007A340400A0D004005E
S21404C72800000000537C040090D0040000000000C1
S21404C73800000000000000000000000054C70400C9
S21404C7485C7C0400D0640400FE000000F0210400B1
S21404C75810D10400000000002B61040000D104007E
S21404C76800000000000000000000000000000000B8
S21404C77888C704007C7C0400D0640400FE00000023
S21404C7889C7C040030D1040000000000AF7C040048
S21404C79820D1040000000000000000000000000093
S21404C7A800000000BCC70400C57C0400D064040074
S21404C7B8FE000000E57C040050D1040000000000E0
S21404C7C8FD30040040D10400000000000000000012
S21404C7D80000000000000000F0C70400D064040055
S21404C7E8D0640400FE000000EF7C040008C80400BF
S21404C7F80000000000000000000000000000000028
S21404C80818C80400D0640400D0640400FE000000C5
S21404C818FB7C0400A0D1040000000000486C04005F
S21404C82890D1040000000000017D040080D10400BB
S21404C83800000000057D040070D10400000000001C
S21404C848097D040060D10400000000000000000018
S21404C858000000000000000070C80400197D0400F1
S21404C868D0640400FE000000F021040020D2040076
S21404C87800000000347D040010D20400000000000C
S21404C888477D040000D20400000000002B61040069
S21404C898F0D1040000000000547D0400E0D1040038
S21404C8A800000000657D0400D0D1040000000000EC
S21404C8B8737D0400C0D1040000000000847D0400D9
S21404C8C8B0D10400000000000000000000000000D2
S21404C8D800000000ECC80400917D0400D064040045
S21404C8E8FE000000AB7D040074CC040000000000C9
S21404C8F8DE7D040064CC040000000000197E0400F9
S21404C90854CC040000000000307E040068C904000B
S21404C918000000003A7E040034C904000000000049
S21404C92800000000000000000000000044C90400E5
S21404C9383E7E0400D0640400FE0000005EAC0400E2
S21404C94894CC0400000000006FAC040084CC0400FF
S21404C95800000000000000000000000000000000C6
S21404C96878C904005D7E0400D0640400FE0000005C
S21404C9781531040040D2040000000000397C04008D
S21404C98830D2040000000000000000000000000090
S21404C99800000000ACC90400707E0400D0640400E3
S21404C9A8FE000000F021040080D20400000000000D
S21404C9B86278040070D2040000000000DF660400F9
S21404C9C860D2040000000000000000000000000020
S21404C9D800000000ECC904008B7E0400D064040048
S21404C9E8FE000000697B040098D3040000000000E1
S21404C9F8EA35040088D30400000000007F3D0400E4
S21404CA0878D30400000000000000000000000000C6
S21404CA18000000002CCA0400AB7E0400D0640400A6
S21404CA28FE000000C97E0400E8D3040000000000ED
S21404CA38D37E0400D8D3040000000000DE7E040081
S21404CA48C8D3040000000000FA590400B8D3040050
S21404CA5800000000ED7E0400A8D3040000000000D7
S21404CA68000000000000000000000000EF8503003E
S21404CA78F87E0400D0640400FF000000EB85030081
S21404CA88057F0400D0640400FF0000002D0D01009B
S21404CA98177F0400D0640400FF000000C90C0100DE
S21404CAA8447F04000C87040001FF00002D0D0100DC
S21404CAB8847F0400D0640400FF000000C90C010051
S21404CAC8B27F04000C87040001FF0000610D01001A
S21404CAD8F37F04001480040000FF0000610D0100C9
S21404CAE81D8004007A8004000000FF00DD0D0100AC
S21404CAF888800400A1800400010001FF490E01009B
S21404CB08C6800400088104000102FF00DD0D010050
S21404CB181E8104004D81040001000102FF0000008C
S21404CB28590B01007E810400BA81040007FF000047
S21404CB38790B0100C0810400F381040001FF0000A2
S21404CB488D0B0100FB8104004B8204000100FF00EA
S21404CB58E90B010060820400B18204000101FF00B1
S21404CB68BD0B0100C1820400FB82040001FF000023
S21404CB783D0C0100038304004C83040001000001FB
S21404CB880707FF00790E01009E830400F381040062
S21404CB9801FF0000790F0100E68304002A840400DC
S21404CBA8010700010700FF004D8603007F84040088
S21404CBB8C58404000107000101FF0000010F0100FD
S21404CBC8018504003C850400010000FFD10E010025
S21404CBD85A8504009E8504000100FF00A10E01008A
S21404CBE8B18504009E8504000100FF00490F01007A
S21404CBF8F0850400FB82040001FF0000B90F010061
S21404CC082B8604005C8604000100FF00E9F8000097
S21404CC18D06404006A860400000707FF8DF8000045
S21404CC28D064040083860400000707FF99FD00000B
S21404CC38D06404008F86040007FF000099FD0000F6
S21404CC48D06404008F86040007FF00009F85030055
S21404CC58D0640400948604000000FF0075FD0000FC
S21404CC68D06404000E5D040001FF00003DFD0000D2
S21404CC78D0640400CC86040000FF00006DF80000B1
S21404CC88D0640400D0640400FF0000006DF80000BF
S21404CC98D0640400D0640400FF0000007585030017
S21404CCA8D0640400D0640400FF0000007585030007
S21404CCB8D0640400D0640400FF00000075850300F7
S21404CCC8D0640400D0640400FF0000003DF80000AF
S21404CCD8D0640400028704000101FF0029F800005C
S21404CCE8D06404001787040001FF00007185030060
S21404CCF8D0640400D0640400FF000000F1F70000CC
S21404CD0840780400D0640400FF000000F1F7000037
S21404CD1821870400D0640400FF00000071F90000B5
S21404CD2842870400598704000001000007FF00003A
S21404CD386D8503007F870400D0640400FF000000AC
S21404CD48EDF6000099870400D0640400FF00000094
S21404CD58E7850300C7870400D0640400FF000000CA
S21404CD68D9850300E18704006386040000FF0000F9
S21404CD786D00010006880400D0640400FF0000006B
S21404CD88C1F5000020880400D0640400FF000000F9
S21404CD9855F5000043880400C0880400000003100A
S21404CDA8FF00000031F6000015890400838904009A
S21404CDB801FF000005F6000098890400DB890400DA
S21404CDC800FF000019F50000EC890400D064040094
S21404CDD8FF0000006B8503001B8A0400D06404006F
S21404CDE8FF000000F5F40000678A04006386040068
S21404CDF800FF0000C1F40000A88B0400FD8B0400AB
S21404CE0800FF0000A5F40000178C0400D06404009A
S21404CE18FF00000089F40000278C0400D064040096
S21404CE28FF0000005B8503003B8C0400B98C0400FB
S21404CE3800FF000059F40000448D0400D064040088
S21404CE48FF00000015F40000618D04008C8D0400BA
S21404CE5807FF0000D5F30000968D0400EF8D04004C
S21404CE68000500FF8DF30000A28E0400B58E0400B2
S21404CE780002FF0069F30000E48E0400D064040096
S21404CE88FF0000005B850300F68E0400308F040064
S21404CE9800FF0000FDF20000B68F0400FC8F0400BB
S21404CEA8000301FFEDF200009C900400E2900400E9
S21404CEB8000301FFE168010082910400D0640400C5
S21404CEC8FF0000006B920300AA9104002592040058
S21404CED802FF0000991301007A92040013890400E3
S21404CEE800FF000065130100A292040013890400E1
S21404CEF800FF000015130100BB920400D064040070
S21404CF08FF000000ED5A0100D4920400D064040027
S21404CF18FF000000C55A010021930400D0640400F1
S21404CF28FF000000515A01004C9304007293040059
S21404CF3800010100010102FF295A0100F1940400CE
S21404CF481995040000FF0000095A010040950400E2
S21404CF58D0640400FF000000515901006A950400DB
S21404CF68D0640400FF0000003D910300839504008C
S21404CF78D0640400FF000000214E0100A9950400B7
S21404CF88DA9504000002FF009F8F0300379604001A
S21404CF98D0640400FF0000009B8F0300649604001E
S21404CFA8D0640400FF000000D54D01007F960400FD
S21404CFB8A996040000FF0000954B0100D9960400CA
S21404CFC8D0640400FF00000011370100EC9604004A
S21404CFD8D0640400FF000000F9360100049704003A
S21404CFE8D0640400FF000000178F03001D97040098
S21404CFF8D0640400FF000000038F03004A9704006F
S21404D008C497040000FF0000A14A01000398040026
S21404D018D0640400FF000000914901007B980400D6
S21404D028D0640400FF000000B5350100BF98040072
S21404D038D0640400FF00000099350100DC98040061
S21404D048D0640400FF00000011360100879904002C
S21404D058D0640400FF00000005360100159A040099
S21404D0685A9A040000FF0000D1350100919A040082
S21404D078E29A040000FF0000FD330100159B04003B
S21404D088D0640400FF00000095280100419B0400BA
S21404D098AA9B04000000FF0095280100FF9B0400DB
S21404D0A8619C04000000FF0035290100A69C0400CA
S21404D0B8D99C04000002FF00718E03002E9D040014
S21404D0C87C9D040007FF0000692A0100989D04005F
S21404D0D8D0640400FF0000007D280100BC9D040005
S21404D0E8E19D040000FF0000892901003A9E04001F
S21404D0F8D0640400FF0000004D220100779E04005F
S21404D108D0640400FF00000015220100A19E04005C
S21404D118D0640400FF000000498D0300DC9E040070
S21404D1284B9F040000FF0000711B01009C9F040035
S21404D1381BA0040000FF00003B8D030061A0040050
S21404D148B3A0040000FF00001B8D0300FAA004002F
S21404D15847A1040000FF0000118D030091A10400FC
S21404D168CFA1040000FF00000B8D0300DFA104001C
S21404D178CFA1040000FF0000058D030006A20400EA
S21404D188CFA1040000FF0000FF8C03002DA20400BA
S21404D198CFA1040000FF0000F98C030055A2040088
S21404D1A8CFA1040000FF0000D58C03007EA2040073
S21404D1B8D0640400FF000000DB8C0300A0A2040077
S21404D1C8D0640400FF00000019160100C8A2040079
S21404D1D801A304000001FF004516010022A3040071
S21404D1E8D0640400FF000000D78C03004DA304009D
S21404D1F8D0640400FF0000000116010068A30400C0
S21404D208D0640400FF000000BD15010083A30400D9
S21404D218B0A3040000FF0000A5150100CBA304007A
S21404D228D0640400FF000000EDFD0000F6A304002F
S21404D238D0640400FF000000EDFD00001DA40400F7
S21404D248D0640400FF000000DDF200002EA40400F1
S21404D258D0640400FF000000A9F2000043A4040000
S21404D2686AA4040000FF0000A9F200007AA40400DF
S21404D2786AA4040000FF000041F20000A1A4040010
S21404D288D0640400FF00000053850300BCA4040017
S21404D298D0640400FF0000009DEE0000DFA4040034
S21404D2A849A5040000FF00007DEE00006CA50400FC
S21404D2B8D0640400FF000000650A0100D2A604003A
S21404D2C85FA70400010000FF490901007CA70400C9
S21404D2D8D0A7040000FF00007D090100E5A70400AC
S21404D2E837A804000100FF00E90801004DA804005F
S21404D2F83AA904000107FF00578503004AA9040059
S21404D308D0640400FF000000490201005BA9040081
S21404D3186DA90400000101000007FF004101010097
S21404D328A8A90400B9A9040000010100FF00000030
S21404D3387D09010008AA040019AA0400010000FFD8
S21404D348B900010008AA04004BAA040000FF000064
S21404D358359C01005CAA0400D0640400FF000000A9
S21404D368D1EE0000A8AA0400D0640400FF00000060
S21404D37843B30300D0640400D0640400FF00000034
S21404D38859AA0100D0640400D0640400FF00000019
S21404D3981DAA0100D0640400EDAA040002FF0000E0
S21404D3A8C9B10100F5AA0400D0640400FF00000017
S21404D3B855B1010021AB040044AB04000200FF0091
S21404D3C8C5B303006DAB0400D0640400FF0000007E
S21404D3D831B101008FAB0400ADAB040002FF0000BE
S21404D3E809B10100C2AB0400ADAB040002FF0000A3
S21404D3F801000000284C0020000000000000000087
S21404D408FFFF0000B58C03000000000003000000C6
S21404D418FFFF0100298D030000000000040000003F
S21404D428FFFF0100B78D03000000000004000000A1
S21404D438FFFF00003B8E030000000000060000000B
S21404D448FFFF0000AD8E0300000000001900000076
S21404D458FFFF0100438F0300057D04005C6900207C
S21404D46800000000000000000000000000000000AB
S21404D47819AC0400E4D40400000000001FAC040047
S21404D4883CB604000000000026AC04000CB80400F7
S21404D49800000000EA7A0400FCB70400000000005C
S21404D4A82FAC0400ECB704000000000041AC0400F4
S21404D4B8DCB704000000000050AC0400CCB704003D
S21404D4C80000000061AC0400BCB7040000000000C3
S21404D4D8000000000000000000000000F4D404006F
S21404D4E873AC0400D0640400FE0000008EAC040094
S21404D4F80CD5040000000000000000000000000036
S21404D50800000000FBB9030093AC0400D0640400D8
S21404D518FF03010001013F040201003F0402020068
S21404D5283D040202003D040102000102000301005A
S21404D53802023D0402010002020201000202000087
S21404D54800202020202020202020282828282820C2
S21404D55820202020202020202020202020202020BA
S21404D5682088101010101010101010101010101022
S21404D5781004040404040404040404101010101012
S21404D58810104141414141410101010101010101DC
S21404D598010101010101010101010101101010102E
S21404D5A810104242424242420202020202020202AE
S21404D5B80202020202020202020202021010101002
S21404D5C8200000000000000000000000000000002A
S21404D5D8000000000000000000000000000000003A
S21404D5E8000000000000000000000000000000002A
S21404D5F8000000000000000000000000000000001A
S21404D6080000000000000000000000000000000009
S21404D61800000000000000000000000000000000F9
S21404D62800000000000000000000000000000000E9
S21404D63800000000000000000000000000000000D9
S21404D6480000000210000000C45000202814002027
S21404D6580000020800000000FFFFFFFFFFFFFFFFB7
S21404D668FFFFFFFF000000000000000000000000AD
S21404D6780000000000000000000000002000000079
S21404D6881DDD01001000000095DC0100000000010B
S21404D698000001010001010120C001B800000000DB
S21404D6A800000000FFFFFFFFFFFFFFFFFFFFFFFF75
S21404D6B8FFFFFFFFFFFFFFFFFFFFFFFFFFFFFFFF69
S21404D6C8FFFFFFFF030404080808080800B801B8A9
S21404D6D802B800B0400B050003040408080500005F
S21404D6E80000000000000000000000000000000029
S21404D6F8F8330000E0030000D837000014000000E8
S21404D708383E000008000000002F0000F80400005F
S21404D718EC37000004000000343E0000030000005C
S21404D72800000000002F0000F03700000100000091
S21404D738403E000039000000012F000001000000F0
S21404D74870B50822804B1A60804B1B68DC0302D530
S21404D7580020088070BD0C880019401E00787C4D97
S21404D768A870641C0C8045076D0F052D05D8794EE6
S21404D7783668F60603D5022D0DD0032070BD960430
S21404D788AE401E4001D1082070BD052D03D11042BD
S21404D79801D1641E0C80AA484860002070BDF3B509
S21404D7A882B008886C490978491CC9B2814204D2F7
S21404D7B802990918491E097800E00021644A517044
S21404D7C893785B075B0F01933023019C052C28D1C3
S21404D7D8194232D19478E5081E242C40CD0702D588
S21404D7E8250001242C430125A14EE6402E4072D084
S21404D7F8019FA04EE641402426403E434C0602D5EF
S21404D808340020262643947889080D40A7080C215E
S21404D81839402943C02525400D43202129439670C5
S21404D82851704A490C685578022123262E4008D0A0
S21404D838660302D52B40202B01D0052082E0424BFC
S21404D848196093789B0601D4202203E09278120785
S21404D85802D540223C4B1A603D4A92786B461A70B1
S21404D868C022854B1E680E4001D1154212D06E4662
S21404D878377827263E40232E03D1E60207D401260E
S21404D88806E0252E03D0212E04D1260302D504262D
S21404D8982D4F3E601B6819402026019F002F1CD17F
S21404D8A81E4027D02A4B5B781A40402A13D00C22F5
S21404D8B81A40042A0FD02A073BD40122002902D092
S21404D8C8E100CB0F5A4069460978CB07DB0F1A42AA
S21404D8D82FD021012AD4072034E0022FE2D11E409B
S21404D8E808D00029DED1CC232B4003D16B461B7805
S21404D8F85B0601D5032025E0A30311D59C4E736966
S21404D9081B051B0D5B1C3668F60205D5994E366852
S21404D9183607B60F9B1B5B1E9BB2052B04D1C1E7CB
S21404D928029B1B78052BBDD006200BE08021064AF7
S21404D9381160E90702D4401C03990880AB48039990
S21404D9484860002004B0F0BD481002A8C83E000095
S21404D958343E0000440002A8543E0000F2B586494E
S21404D9684978CA0705D4009A12888018401E037896
S21404D97800E000239E4A106802249E4D2E68F60690
S21404D98811D512695340DBB2002B03D16E68D30954
S21404D99873402340002B03D0020204D40A20F2BDAD
S21404D9A8E206954E3260744A1E02C0230B40334387
S21404D9B8914E336093785E07760F022E06D16D6813
S21404D9C82C4003D1002000990880F2BDA0250D4004
S21404D9D89E08102737402F433D090E0702D42E0011
S21404D9E810253543CC240C401A262E400A2E04D182
S21404D9F8CC2C02D02E00FD253540804EEE40F6078E
S21404DA0805D4000416D5412B10D1082912D17C4818
S21404DA18E8401121014021432020084310700D21BD
S21404DA280140009808D000F0A9F8F2BD0B2B01D1EC
S21404DA380029ECD00720F2BD00F020F8F2BD000063
S21404DA485F2F000038B50C006E490B781A09533955
S21404DA589500491925881B071B0FEB1A9A1A801874
S21404DA68FEF756FE010002D1200000F007F832BD8A
S21404DA78F300A3E398144068480002A8F8B5040025
S21404DA88614805683C4F3878D026304202D00D21CC
S21404DA98014005D008205D490860EF20FEF7F6FD32
S21404DAA839782000314204D00909397000F066F844
S21404DAB8F2BD052129401FD002884D49CA60544B3F
S21404DAC8EC0705D5521C0280690607D4514B05E0BD
S21404DAD843242C40422C03D1521C028043600DE0A0
S21404DAE810224A4B1A604C4A09688B00DB0F19014E
S21404DAF8D162802109031160002101800020F2BD53
S21404DB080A888018401E0078830601D4121D0A80ED
S21404DB181822024004D0088852088018C01E0880BC
S21404DB2839480068C00702D50888401C0880394868
S21404DB38486000207047344A1368DB0708D5126823
S21404DB48920705D40A888018401E007804280CD149
S21404DB5810202E4A10603048254A12689300DB0FBE
S21404DB681A01C262802212030260002008807047ED
S21404DB780C4000A8080001A8343E000031B581B066
S21404DB882649002000900822254B1D7802230C24E1
S21404DB98254202D10022234903E02C40082C00D158
S21404DBA80222EC0703D50C001E21614000931D4297
S21404DBB807D015490968090601D51B4901E0002163
S21404DBC8C943019B194C21601949FF248C70009C99
S21404DBD815012543CD7008701888009940188018D8
S21404DBE8188014485860002036BD00001D31000017
S21404DBF8C83E0000440002A8441002A80D0F0C0DED
S21404DC08071708504B3F0000480002A8482002A8FF
S21404DC18C1320000F73200001C1002A8DE1B2501E2
S21404DC28343E00002084100000FCFF01F43E00008F
S21404DC38483F000005320000343E0000C1290000B9
S21404DC48D9290000D9290000D9290000D9290000BB
S21404DC58D9290000000000000000000000000000B1
S21404DC6800000000D9290000D9290000D92900009D
S21404DC78192E0000D929000055230000652300004A
S21404DC88F123000039240000B32400001D260000F8
S21404DC98D3240000BD2600001F2500005D250000D3
S21404DCA8D52500003128000001290000272300009C
S21404DCB8632B00004D200000812B0000F52B00008C
S21404DCC8D9290000D52C00009D2C0000D929000075
S21404DCD8D9290000212D0000D9290000D9290000DF
S21404DCE8D92900005D1000005310000067100000DA
S21404DCF8711000007B1000008C488068000200D475
S21404DD08704780B580208002A8490860CF2000F0BC
S21404DD1845FA01BDF8B586480068864C8022920309
S21404DD282260854E316809051DD5110BA0230340D2
S21404DD3801D0216017E002403FD180277F4A176050
S21404DD487F4A1760084038D0784D287A400705D5AA
S21404DD5801207C49086000027B490860287800286E
S21404DD6801D0062801DB0020F2BD00F051FB7168E3
S21404DD7889684E682978052907D1B905A1606E60B7
S21404DD88B668CC218901704A116000F04AFB012E5E
S21404DD9800DA0226BC2080058549086094208005A0
S21404DDA88449086065480021C94301647142416496
S21404DDB881490F6040210160D5E7AE480160FFF74E
S21404DDC89BFF0120F2BD5A480168890504D5C06E38
S21404DDD80004000F022801D0002070470120704775
S21404DDE838B580245548046000F012FB05007348D3
S21404DDF8006800F05FF9280000F013FBFFF77CFFCB
S21404DE084A48007A000705D5A0004A49086000F089
S21404DE18FEFB31BD600397490860AD48046031BD18
S21404DE28FEB50500CC208001934948600126934836
S21404DE380660FFF7C8FF002877D03C4C20780028F7
S21404DE4873D031020195052802D02A460A406CD1BF
S21404DE58CC27BF01884A17609E4A126853075B0F8F
S21404DE68022805D1022B5ED3080137490860F7BD9E
S21404DE784D01032804D1022B55D933480560F7BD54
S21404DE88042802D111404ED0F7BD05284BD101987D
S21404DE98002848D0C005C10F684641700198C004E0
S21404DEA8C10F6846017000F0B3FA029060686946CC
S21404DEB84978002903D006688021214A11602C0479
S21404DEC8A7496A461278002A0CD0C2680B68D21A88
S21404DED8A44B1B68234001D0066800E046689642B7
S21404DEE800DD1600684640786A461278024308D071
S21404DEF808684242B01E824202DA7042886000E035
S21404DF080026029800F08DFA0198800501D59648F7
S21404DF1804600198054001D094480460002E02D09D
S21404DF2809480760F7BDFFF75BFFF7BD403E0000F2
S21404DF38400002A8402002A8C83E00000CC001A861
S21404DF4890E001A894D000A8505201A838B58024BF
S21404DF5887480460012049490860864D28780528C2
S21404DF6802D0600084490860FFF72DFF002812D00D
S21404DF7812480068000A80214140A868000EC9B209
S21404DF88814208D2534800684007400F022802D24C
S21404DF98FFF726FF31BD79480168C0220A4002D13E
S21404DFA8C06F204001D00448046031BD1C1002A88C
S21404DFB808E001A808D001A894D001A818C000A8B1
S21404DFC8F1B582B00F008026B600A020384002D0F3
S21404DFD86B4806604CE000F01BFA00906948046839
S21404DFE8F80202D5A0680069029000F05FFBB1024F
S21404DFF8606800F069F9217820000022491C4378FB
S21404E0088B4200D2002118234B43C5180C352B78B5
S21404E018082BF3DA0C0001708560564829780170DD
S21404E0283E4007D0574909688968CA68F90201D486
S21404E03803218A43826001261046304003D100F04B
S21404E048F6FB00F0B4FFF104686900F03DF93C20E3
S21404E05800F0A4F8E0B200F0A1F8009800F0E1F9A6
S21404E0683005474908604848066030020249086097
S21404E0780298FEBD401002A84C6201A894E000A8CD
S21404E08810B542480068800501D4FE2010BDC020A3
S21404E09880033F49086000F0BBF93A4909688A7862
S21404E0A8D20702D589688C7800E00C7800F0B9F9B4
S21404E0B8200010BD334909688A688B78DB0704D5C5
S21404E0C8927818235A438A180C32906070470000D6
S21404E0D8100002A8084001A8F1B582B02D4F3C688C
S21404E0E80026200F000702D1E00102902AE000F083
S21404E0F85EFF00F08DF9019080210903606800F046
S21404E108E3F825786D1C6078A84200D20025E8005C
S21404E11820180C30009000680290802109030098AB
S21404E128406800F0D1F83D2000F038F8E8B200F076
S21404E13835F825700098A060019800F072F902A8D6
S21404E14800F09AFF14480068800407D5786901F03F
S21404E15850FC02990818029000D502960298FEBD53
S21404E16848C001A8480002A8481002A8482002A8E7
S21404E17894E001A8403E0000506201A814C001A81B
S21404E188402002A8CC3E000090E000A8400002A868
S21404E198401002A8D03E0000FC0302A841490968C2
S21404E1A8002901D5404908607047F3B581B03F4F50
S21404E1B8B9683F4C4A004CD50125090100D52125EC
S21404E1C801003C4A1068566822689206920E9446E5
S21404E1D83A68930080221340624613438022520012
S21404E1E81A4300920A0023D0890601D5012008E0C4
S21404E1F8F021014007D16946097A0C220A4002D068
S21404E208022000F03FF82C49096809040AD5396841
S21404E218090701D5022605E03968490301D5002611
S21404E22800E003264835009A24490968890003E073
S21404E238009A2249C96909094023194011439A00DA
S21404E248002E02D016432666083521660243226647
S21404E2582566E06D4407640F00F0C4F8A0070BD0E9
S21404E268052C09D0B868000406D400F0D1F80221B9
S21404E278134A116000F0D5F800F0BDF8002000F04D
S21404E28801F8F7BD0B490A68F0239A4300011043C6
S21404E2980860C0B270478020C0020A490860704708
S21404E2A8000000004C0002A8884000A8440002A809
S21404E2B8284000A8683F0000384101A8084001A883
S21404E2C87CD40350485000A880B5664A116001F013
S21404E2D8BBFBFFF7E0FF01BDFEB500F099F802901E
S21404E2E810206149086000236048036002206049E2
S21404E2F808606048C0684005C20DD52A01D2D522F8
S21404E30804E0D1204000824200D902001000010037
S21404E318594C0194843C246864011DD5574C0094D8
S21404E328251D574E367806277E43AA530024019D9A
S21404E3382D7CE540ED070CD5009D06266643AD19F1
S21404E348AD888FB2BD4200D2290086B2AE4200D252
S21404E3582800641C022CEAD389B246310904494CC5
S21404E3680C404638C005C00D204342490860C0200A
S21404E3780006454908604048017D00290CD04349F9
S21404E388D52A02D98024E4050C60D1246400A2426C
S21404E39802D2802424060C6010213D4C21603D499D
S21404E3A80B604188002900D10280029800F039F8F1
S21404E3B8F7BD80B53848394908603948C168090244
S21404E3C8090A19225143416005210160FFF784FFB9
S21404E3D801BD33480068C00300D4704780B5FFF712
S21404E3E87BFF01BD8020C0021E4908602D480068D6
S21404E3F84007FBD470478020C0022B49086070474A
S21404E40801E02A4908602A4909680140F9D1704799
S21404E418284800682021284A11601021274A1160DC
S21404E42870473021014002D1102023490860704704
S21404E4382048006830210140102901D10120704786
S21404E448002070471E4800780621014007D01D4862
S21404E4580068022803D0032801D001207047002052
S21404E46870470000401002A8F41302A8048002A80B
S21404E478409002A87C400050743F0000643E0000B0
S21404E488603E00000000FF01A0600050A450005049
S21404E498F42302A818E000E07F1A0601500002A838
S21404E4A810E000E0400002A8402002A8282002A8A5
S21404E4B8280002A85C0002A85C2002A85C1002A837
S21404E4C8BC3E00006C3F0000F8B553488021490262
S21404E4D881610221514A51600021514A1160514A12
S21404E4E8118003214D4A11600221016020204E4903
S21404E4F8086080204D490860CC2080014C4908609B
S21404E50801204C4908604648806F00900F24070B8A
S21404E518274049480068C505ED0D103DC02028432E
S21404E528C0B2FFF73BFE3E48006980030AD5092FB0
S21404E53808D0FFF787FF002802D0404800688047C5
S21404E54801F0D8F80098044000943D480468009800
S21404E558032803D0022806D1032F3AD000F002FA83
S21404E5680098032803D0062F33D1062D31D035481A
S21404E57800680104C90F01D001F084FB3248006822
S21404E588000109D5052D07D1012501202F4908606A
S21404E5984005FFF735FF00E000252100380000F0AD
S21404E5A8E3F904002A4E002D06D000F089FB01206A
S21404E5B8306002202749086080208003706580093F
S21404E5C825490860FFF73EFF002802D02348006864
S21404E5D88047124880214902C161002F08D10221D0
S21404E5E8416000200E490861C020C0001C4908602C
S21404E5F82000F2BD80B5FFF7F5FE1A4800788006BD
S21404E60802D4022018490860FFF7F5FE01BD02206F
S21404E61816490860704700002C1002A8282002A893
S21404E628340002A8743E000094E001A80CC001A8B7
S21404E638506201A894E000A804ED00E0E837000062
S21404E648B44000A800E200E0F03E0000645000A8D1
S21404E658646000A82C4000A880E200E0E4370000CC
S21404E6682C6001A8C83E0000081002A8082002A8CA
S21404E6787B480068800700D4704730B58148042179
S21404E688904A0123E024E4008568254002D01360FC
S21404E698D160D3600068044002D0136051605360B0
S21404E6A830BD8948012181600160704710B501209A
S21404E6B875498A680240FCD1844A0423D3600C68EE
S21404E6C80440FCD15360106010BD814908680122DB
S21404E6D8104200D1704710B5E023DB000340FF2446
S21404E6E8A41CA34204D37B4B1B689B0600D548682E
S21404E6F8024001D000F0B6F810BDFEB50700C820E9
S21404E70875490860062075490860802040037449E6
S21404E718086074480168744A0A4080210901114354
S21404E7280160724CC020C00020600225A561680301
S21404E7386F4908606F4E7048F0664C206F49C8668B
S21404E74838686F498968814201D2009100E00090D8
S21404E7580099401A38600121380000F055FB0190F2
S21404E7683868009940183860FFF782FF63480068E5
S21404E7786349086063480168490601D5624900E0B0
S21404E788624931670199002908D10321E1610068CB
S21404E7983068054002D08020800220610198FEBDC2
S21404E7A8F1B55B4C8020C00120605A4D0126AE624C
S21404E7B8594F3E601D20286056206866072001F0E1
S21404E7C809FB02202860062129665449096800299D
S21404E7D802D408212966696651492965C021C900F9
S21404E7E8504A1268F823DB01134001D1A96700E0F8
S21404E7F87961E16B314008D0216BC90705D44A49D1
S21404E8080968084001D101F0EDFA4848484908600B
S21404E818206B064001D1FFF72BFF009801F0C8FAD9
S21404E828206B8001FCD4206A42490860F1BD30B5EB
S21404E8383748414B0121026B0A4001D15961D9601E
S21404E8483E4A3F4C54663F4C146503241C60002320
S21404E858CE4D2B6014609162C903016030BD000080
S21404E8684C0002A8F0210901374A116001403748D4
S21404E8780160202036490860364909680840C849B6
S21404E888086070476C0102A8700102A880B5324877
S21404E8980821324A13680B4001D00161416111789E
S21404E8A8C90602D5862109010160FFF70EFF142068
S21404E8B82B490860BB480168490701D0FF2141611C
S21404E8C801BD0000681102A86C2102A8682102A8EC
S21404E8D8783F0000400002A8548001A80C9001A8C4
S21404E8E8942002A8680102A8FFF1FFFF441102A8B9
S21404E8F8A01002A8E40002A8294E0600300002A8C8
S21404E908A03F0000FC0302A8CC3F0000C43F000060
S21404E918100002A8E01002A8442102A828C000A8F3
S21404E9280C1E0000A88001A8483E0000FFFF7F7F59
S21404E938B46000A89C3F0000602102A8E02002A85A
S21404E9485E060000041E00002C6001A82C5001A8D6
S21404E958442002A8084001A8301102A8F84F000075
S21404E968703F000070470000F8B586B005000C003C
S21404E9788D48866AFFF74CFD0590B00503D58B488D
S21404E9880068FFF797FB0020019001227306DB0F4F
S21404E99887498F688860B8204000864E30606608CD
S21404E9A8B82030400978F0260E40402E02D10100E7
S21404E9B8402008430D2D02D1390004270F43790758
S21404E9C804D501001420084310218C437A490968A9
S21404E9D86D462A7004930500784EC80506D580202F
S21404E9E84000774908602800012505430498002854
S21404E9F811D10C20284008280DD028006A49496BF4
S21404EA08CA0601D410229043890601D420218843DB
S21404EA18B121014067D068460078002865D0B26BFB
S21404EA28B06D012101235207520F921D9340C00472
S21404EA38C00C181A80B2082809D2802506205A4A1B
S21404EA48106008049D4A106000206A4610708120F1
S21404EA5828404DD00820049A002A00D130623A0093
S21404EA680827174310208443042003900005984A77
S21404EA7810604008974A1060974801606846007816
S21404EA88002832D00398062838D39448806BC006EA
S21404EA9834D593480068000E01909048006880B208
S21404EAA802908F48006A000604D002988021490123
S21404EAB801430291FFF7C6FC002809D0894800786C
S21404EAC8C00605D002988021C901014389B2029183
S21404EAD80298306102980012306137480168C80508
S21404EAE800D57AE70AE0082030620094049732E0FA
S21404EAF890A06906C90E405C0390BFE7009404978B
S21404EB0803982949CB6A764A126834686F463C816A
S21404EB1828241C400443980CC00120431C001B0EE8
S21404EB2823401024234003439000402210401843F7
S21404EB3802AA9070086B000A02A9C870FFF7A0FA28
S21404EB4802A908710198487167480068C880029845
S21404EB58F0660398F0660598FFF763FC08240098A7
S21404EB68400601D55A488460FFF76CFC002805D097
S21404EB785E480078002801D05D4804600498C1B255
S21404EB88E8B2FFF712FB009807B0F0BD400102A8F0
S21404EB98081A03D2574909684018401C70470000F1
S21404EBA8441002A80C4000A8180002A81CC000A81C
S21404EBB8683F0000B46000A81C0100AA540000AA1C
S21404EBC81C2100AAF8B54C4E0F2401254B491027E2
S21404EBD8706B38401BD001200870494800684949C2
S21404EBE80968FFF7D5FF48490968401801284BDB30
S21404EBF801F0A4F945490968090B0C40022C41D1D7
S21404EC086905434A11604349CF6335603AE0F06BBF
S21404EC18C0001ED540480068E0218905014033D06D
S21404EC283A4D286821030140780281422CD1FFF727
S21404EC38EFFB3A4A3A490968C90502D539490968C9
S21404EC4811602968090B21400229F3D0FFF7E9FB74
S21404EC58F1BD354E3068002816D00D7001F0A8F8BE
S21404EC68002811D101F06AF928490968090B0C40F3
S21404EC78022C07D12904264A11600221254A11606C
S21404EC880021316001F05EF9F1BD80208004274937
S21404EC980860704780204004244908607047802034
S21404ECA8C004224908607047802000051F49086090
S21404ECB87047802040051D4908607047141100AA53
S21404ECC81B480168490701D0FF21416170470000CD
S21404ECD8401002A8205001A8006101A81C4000A802
S21404ECE8084001A8C43E0000448001A8F03700008C
S21404ECF8845000A838C001A8100002A8773E000077
S21404ED081CC101A820C001A8E03E0000AC0002A86F
S21404ED181C1002A8082002A8204001A8800000AA07
S21404ED28084000A8904000A84C3E0000382002A8DE
S21404ED380C4000A80301070603010706050106069A
S21404ED480501060603020706030207060502060669
S21404ED5805020606FF2807D0032805D2A94909781C
S21404ED68C140C807C00F704700207047F0B5802020
S21404ED7800020821A44A11600A230121A34A012497
S21404ED889C400443B6A5ED5C25439560F025A04E4B
S21404ED9835609D4DB5A6F65C022737432F600426DA
S21404EDA82E609C4D2D680D4006D1CD026D1E03D0F5
S21404EDB8966C3603FAD401E00220F0BD956CD66C46
S21404EDC86D036D0BAE4200D220005B1ED7D5082318
S21404EDD88F4C23609060904B1B685B0112D58F4C58
S21404EDE863785D1C01262E4066701D000626754352
S21404EDF865191268AA80E8802370824802789940C8
S21404EE08114301700020F0BDF1B582B0FFF749FC4C
S21404EE18002481480068400102D4012001901DE0C6
S21404EE287F48826B00207D49C3B206256B43CB1806
S21404EE389B8895B2AB4204D0401CC3B2022BF3D3D2
S21404EE48FF2008700120019073480068400105D52A
S21404EE580878FFF77FFF002800D0019471480068FF
S21404EE6871498861714D02980068296D4618002E0C
S21404EE7815DD00F072FD2860C001301A00280EDD8A
S21404EE88FFF714FC00F093F802980068296D401800
S21404EE9800F08EFF050002D00298046085E0644EF8
S21404EEA8802080003060604A106807282ED005212C
S21404EEB80840052805D011600C2000F08BFF0500DB
S21404EEC873D15C4D5C482862FFF7F0FB022028608B
S21404EED8E020C00259490860000259494860802069
S21404EEE88004706002203060012000F073FF8020E8
S21404EEF840002862022000F06DFF9020400128623E
S21404EF08022000F067FF8020C00028624D4EE020F3
S21404EF1840003060042000F05DFF05003CD102206C
S21404EF28474908608002B062C001B06210203C49BC
S21404EF3808600127F76540264348006830401BD11F
S21404EF4835480068400113D5344800786946087087
S21404EF5868460078FFF7FEFE002809D02F48694661
S21404EF680978062251434018C0882D49086403E0EE
S21404EF78FFF7FCFE05000FD129480760C467022086
S21404EF8800F028FF314C2660B0002060022000F014
S21404EF9821FF8120C002A0620198002805D02A48D3
S21404EFA80068800101D4FFF714FA2800FEBD70B586
S21404EFB8FFF777FBFFF77AFB022619480660244D0D
S21404EFC8F0022862C4082C62012000F003FF6008DF
S21404EFD828622E601F482862E02040001B4908600B
S21404EFE8174D2E60FFF7FEF91B4E3078002800D028
S21404EFF805200D490860FFF7FEF92C6017480068DD
S21404F008706370BD843F0000889001A8448001A8FE
S21404F01888A001A8140002A8F03E0000603E000084
S21404F0280C8001A8F80302A83C0102A88C3F000043
S21404F038941002A83C1102A8BD080000142102A8D6
S21404F048942002A82C9001A84C0002A82CA001A881
S21404F0583C2102A8FD680000603F0000300002A8BA
S21404F06800000001010204081020200050505040FF
S21404F0784040403020202000F8B50400FFF716FB77
S21404F0882948C021C900294A1268F823DB0113401D
S21404F09802D1274A116000E0016000942549AC2299
S21404F0A852008A640A220A602349802252030A60AC
S21404F0B8224C626A224B13408022D2001A436262B0
S21404F0C880222260022242605003C8601D48E06025
S21404F0D81D4E4C20F0661D4D68699621C9014718D7
S21404F0E800980068874200D30700C01B0099086090
S21404F0F800210098FFF788FE00990968C919009A44
S21404F10811603168296012490968490601D5114910
S21404F11800E011492161F2BD802000010F49086012
S21404F12800010F4908607047582102A8AC8001A85E
S21404F138581102A80C8001A8941002A8440102A839
S21404F148FFF1FFFF286E0600300002A8903F00007B
S21404F158FC0302A8CC3F0000C43F0000401002A8ED
S21404F168685000A8F1B584B0B44800680390B44861
S21404F178006B9621C90140180499884205D2081ADA
S21404F18800F016FE002800D013E2AE4C6068C007F4
S21404F19800D50EE20420AC4988628003AB49486275
S21404F1A8AB480568606B8607B60F032E03D010209D
S21404F1B8A549886224E00846802189024162A16B39
S21404F1C8890601D5012062E0290610D5A26B022122
S21404F1D80A400CD19F4A05231360A36B10273B40B3
S21404F1E81943116000211160616B090A116004213A
S21404F1F88162A06B002803D5C80393494862002699
S21404F208606B400705D5606BC00080214900084044
S21404F21803E08B488068C10701D5FFF723FB01226A
S21404F228154008D0B748B1014018006AC004C00C9D
S21404F238401EB549086000200021B44BDB6E1B0451
S21404F24817D5B34B1B68002B13D40121AE4B5B694F
S21404F258002B0ED0AF4B1A70AF4A10601022AF4B7B
S21404F2681A60CA06AE4B9A670723AD4D2B60AB4BA4
S21404F2785A65AC4AC0239B0013603502002901D0A6
S21404F288190000E02900CC4E316053607560E16BCC
S21404F298942292050A40150000D0012580263602DD
S21404F2A8284300062CD06A482821405CC021014027
S21404F2B8402902D1FFF79EF901E0FFF7A8F92020BC
S21404F2C820602D0600D174E1944D606B400708D584
S21404F2D870085E4948620220686000F059FA0028FF
S21404F2E806D00420584988624002584948626E602D
S21404F2F857480078000600D45BE130015249FEE026
S21404F3080125606828405AD1AC480068C005400FFB
S21404F318022803D0032801D0062802D169464D7076
S21404F32805E0002069464870A548A6494860680470
S21404F33846498862FFF756F87348406EE16B0E40FC
S21404F34808D1C00606D5FFF763F802219E4A116065
S21404F358FFF767F8FFF74FF8280320609B4EC02096
S21404F36800067060280497490860606B4007C10F60
S21404F378684601703020039949072CD54021A24AD3
S21404F3881162904F49013966032191640021116086
S21404F39830607D6580207060062000F01BFD002824
S21404F3A80DD12802F866022000F014FD28029749B9
S21404F3B8886618207060082000F00CFD002800D02D
S21404F3C8F7E024207060E020C0029049C865A020B9
S21404F3D8C00238666FE0E16BC90246D5BE49496883
S21404F3E80902090E01914909022901DB884A01E04C
S21404F3F8B32292000199302937D311490B88E72B99
S21404F40833D395277F00BB4205D8FB1A1B095A43FA
S21404F418920A534204E07F4FDB191B095A43930AA6
S21404F4285BB2019AD2180F6BBC46CF6B7B43674618
S21404F438FB180B639F2A0FD39F2210E0FC0302A835
S21404F448743F0000100002A81C2002A81C1002A882
S21404F458C83E0000E40000AA202A00D8212211028F
S21404F468114312040A4329490A606749AA020A6230
S21404F4789A4A8A6414220A603060524F7D65E020F6
S21404F488C0026249C865A803B866400270600620D0
S21404F49800F0A0FC002833D12D06FD66022000F0FB
S21404F4A899FC5A48856668097060082000F092FC42
S21404F4B8002825D17560032000F08CFC884818497C
S21404F4C8886700F04AFA874D401DC001296B40182A
S21404F4D801908548406F8021C9010840029008467B
S21404F4E8824908600198049988421FD20846296B05
S21404F4F8401A00F05DFC002816D002987C49086083
S21404F50857E000BF0C0000AA204000A8CC4001A881
S21404F518784201A8763E0000703E0000645000A8B9
S21404F5283C6000A8046100A804980190206AE86278
S21404F53804270398384001D0402002E0F80570609C
S21404F548C0087060012000F045FCB8011D49086039
S21404F558019800F02DFC8A4E68460078002805D1EC
S21404F56861480068F0613805864908600298604971
S21404F57808608548854908602448790241666946D2
S21404F5884978002900D10760206A686268460078CE
S21404F598002808D0012000F01DFC3078000602D5AB
S21404F5A8780492490860E06BC00202D54A480068AD
S21404F5B8286305B0F0BD00BF045100A8204001A888
S21404F5C8040000FFB41002A87CE40350441102A807
S21404F5D810B5FEF71DFF864900240C600A22CA618E
S21404F5E8FEF71FFF8348C0218902016082494160F3
S21404F5F8824810210160C905416540208049086099
S21404F6088048047010BD0000400102A8B82002A873
S21404F61833070000D6FEFFFF7B48406B800300D408
S21404F6287047F8B57948046800270020002578490B
S21404F638E20706D5C02080028025ED03EA0A0A60A0
S21404F64803E0A20701D4032040252843C86201200A
S21404F65800F0C0FB802040006E49086708206E4909
S21404F66808606E490968090203D46D4909680140AF
S21404F678FBD0012000F0AEFB6A4EE00702D58020DE
S21404F688800430643564042000F0A4FB600702D5C7
S21404F698E020C002F06064483064012000F09AFB61
S21404F6A862483064C320000630645A488021490200
S21404F6B801671021B163890271615D490F600122F7
S21404F6C832603022F2638F62802189014E4A1160CB
S21404F6D809010160F1BD0000F83F0000F3070000CF
S21404F6E8FFFF7F7F743F000020C001A894E001A8B4
S21404F6F894D001A8F8B54F4800680D27074004249D
S21404F708002F00D104274C481025660308214B4ACD
S21404F7184B4B1B682340126814D04260394004D00F
S21404F7280220FEF7AFFD474806603C4007D046482F
S21404F7380068054344480560B0084249086002204A
S21404F748424915E00260394005D00220FEF79AFDCA
S21404F758A0023C4908603C4006D03B4801680D437B
S21404F7680560700937490860384806603003294937
S21404F7780860FFF751FF00210020FEF716FDF1BDD3
S21404F788C83E00001C1002A803000300482102A873
S21404F79810B580202E490A6802400AD02D4B1A68F4
S21404F7A80624144005D15C6E2B4A22401B6D9C012E
S21404F7B801D5002010BD096808400DD027488242AC
S21404F7C803D1180501D5012010BD25480068C107D6
S21404F7D8C90F481E8041C00F10BD22480321C163CB
S21404F7E8A821816310210160704700001C2002A82C
S21404F7F8D80000AA402002A804000080646000A87C
S21404F8082C4000A8763E0000100002A8FC0302A8BC
S21404F8181C1102A8442002A84C6201A8C44001A8EE
S21404F8284C4201A8082102A8240000019800880078
S21404F838600102A8B44000A8E83E00001CC101A864
S21404F848440002A8401002A8683F0000685000A8B8
S21404F858400002A814C001A81F1F0000010C0000E5
S21404F86830C101A8082002A86C4800680121084293
S21404F87809D16B4A12686B4B000C1840F032914061
S21404F8880B40984201D00220704700207047F8B514
S21404F89807000F386A461080604CA0680A0004D136
S21404F8A86B461B8882B29A423AD200226B461A806A
S21404F8B8012502263A0013D02268324007D00029D0
S21404F8C82ED059480088401C574908800020390023
S21404F8D8E16056490E6080B2B84201D369460D808D
S21404F8E85348456000E030BF2068304003D1FFF736
S21404F8F8BBFF0028F7D04D484560390010D0216872
S21404F908314005D048490A886B461B88D2180A80B5
S21404F91806600020E060A068B84201D24448066049
S21404F928FFF7A2FFF2BD38B5050000F007FB040098
S21404F938012199204543A8093E4A126880181238BE
S21404F94880B2FFF7A4FF05008020C0013A4908608A
S21404F958200000F0F7FA280032BD334803883549FA
S21404F968096802889342F9D1100408187047FEB54E
S21404F9781238070C6946088000F0E0FA0190274C14
S21404F988294D2888B8421ADA01202C490860274EDF
S21404F99830BF02202168014006D030604003264963
S21404F9A808602888401C2880FFF75EFF002802D1DC
S21404F9B82988B942ECDB0121716000280DD128881A
S21404F9C8B8420AD1A06869460988884205D2002147
S21404F9D868460088FFF75BFF01E0FFF745FF040071
S21404F9E88020C00114490860019800F0ABFA200092
S21404F9F8FEBD10B512490A680E4B1B680C68944283
S21404FA08FAD0DB014033141A02D288692418641C1D
S21404FA180C4800684443181B10BD0000280002A8C0
S21404FA2804ED00E0FF3F0000743E0000282002A812
S21404FA38281002A8300002A880E200E02C1002A8D1
S21404FA4820C001A8B43F0000F0B502E00A601C60BC
S21404FA582E607EC84F1C07D05F1C04D06F1CF5D1DF
S21404FA680A601C60F0BD0A60F0BD000080B5FEF7B1
S21404FA7809FC01207F49086001BD80B5EB2000F031
S21404FA8801F801BD30B57C490B68184010221342B2
S21404FA9810D07A4B7A4C2468224008D0A84A1468B6
S21404FAA82402FF252D022540DD62002414608022EE
S21404FAB852031A60086030BDF3B5010016001C0036
S21404FAC8002500959F48019A330000270BE0BC46A2
S21404FAD84F5D4743AE009E597E40575D47433740C7
S21404FAE8664637436D1CA542F1D3390939438A085B
S21404FAF80A43510811430840C10901430F208A0BE1
S21404FB080A4302405040F6BDF1B582B00E0000200C
S21404FB188B490860FD25AD01EF7AA87A01900F217C
S21404FB28394000910ED00B46874A88490298FFF759
S21404FB38C3FF0199014082480160854841438548CE
S21404FB48084001D1012400E04401380915D03200E8
S21404FB583B0929000298009E6D7A75194019FFF72B
S21404FB68ABFF019909110140754802680B0113435C
S21404FB780360002901D048004443774800682040C1
S21404FB8801D10420FEBD0020FEBD80B50A00002178
S21404FB981180724952888018FFF7B6FF02BD70B507
S21404FBA80F226F4B5C7905780F202040C54020094A
S21404FBB8284001259C79C4402C4001D1032070BDFF
S21404FBC82F4C2468254005D09D684600AD5B6D1E05
S21404FBD8644E3560DD78DE79C640F00711D5E00658
S21404FBE80FD5002D0DD060484860088848800888DE
S21404FBF81C7800192A4080185A7880182A09801810
S21404FC0800E000200880002070BD80B557480168D1
S21404FC18574A0820014201D050611061C90602D52E
S21404FC288621090111605349534A126812040CD5F7
S21404FC38524A1268530401D5C00305E0C0239B0149
S21404FC4813404202934200D008600D480078C02250
S21404FC58024002D1802040050860494800682022F6
S21404FC681040086047480068C00101D4FFF705FF44
S21404FC7801BD00002C4000A8703F00001C1002A81C
S21404FC88C83E0000F8B5404F38687E6806403F48CE
S21404FC9830403F4908608024A4033E4DF00227D52F
S21404FCA83D48016801200A0605D53C490968A9604B
S21404FCB82870022014E0014202D03949A9600FE0F6
S21404FCC80020C9060CD52849A960364A91780B073E
S21404FCD81B0F12789A1809095118A980E880A88871
S21404FCE8A880A888002801D0264301E0FFF7C5FEAF
S21404FCF8264023D0264E74603460A88800280BD08B
S21404FD08F969814208D3291D2748AA689047010043
S21404FD18F3D0FFF7ABFEF1BD01000CD0FC2189023D
S21404FD28B161224902038A6134604C60FA698242EE
S21404FD3804D30C60F1BDEB20FFF7A4FEF1BD000070
S21404FD48503E000001010101F83E0000383F000063
S21404FD581111000021840000F43E0000183F000042
S21404FD68483F0000204000A8531F0000F84F00003A
S21404FD78302102A8441002A8384101A8204201A84C
S21404FD88084001A8CC4000A8B44000A8FFFFDFFF45
S21404FD98B46000A8543E0000C83E0000EC370000DB
S21404FDA8671F0000493F0000D44000A8B45000A8CC
S21404FDB810B5C409FFF7D1FD201A312806DAC000A9
S21404FDC8183801D4C01EFDD5002010BD2000FFF74A
S21404FDD8CEFD10BDC32148436F3801D41E38FDD567
S21404FDE800207047FEB5C020C0043649086036486F
S21404FDF83649C8651024364804601020FFF7EAFF21
S21404FE0800285ED1FF20000532490860324833498D
S21404FE18086033482D49086025042E480560314893
S21404FE2807680820FFF7D6FF00284AD108262E4878
S21404FE3806600120FFF7CEFF2A48806802902B4808
S21404FE4806602B4821490860224805600820FFF709
S21404FE58C1FF002835D1244806600120FFF7BAFF01
S21404FE68204DA868019021480660184E2148306045
S21404FE780299019800F046F80104FC208003084023
S21404FE8800900298C10B0198C00B00F03BF80006DE
S21404FE98FC21890501400098014317480A0C424092
S21404FEA8FF239B1CD2181040084330602F60E003E1
S21404FEB80849086028682860104804601049816466
S21404FEC80020FEBD20E000A8F71700002C0102A8B9
S21404FED8401102A8B02002A80000380EB01002A8EC
S21404FEE810103030E04001A8E05001A8E06001A8F6
S21404FEF830301010202020203F3F0000402102A868
S21404FF08F7FFF00010B54904CA104004C310991A44
S21404FF1800209A18D30F9A18521052188B115B0E99
S21404FF285B18DB11D2182023541A01D42200184374
S21404FF38CC0F611849105B08F6D110BDEFF310809A
S21404FF4872B67047002800D162B6704780B5FEF7CF
S21404FF5879FA002802D0B7480068804701BD80B502
S21404FF68FEF7B2FAB448006800030AD4FEF7FAFCAF
S21404FF78FFF752FBFEF75BFC0120FFF729FBFFF7B0
S21404FF8816F880208005FEF73BFA01BD80B5FEF71B
S21404FF989BFA80204002FEF733FA01BDF8B5FEF757
S21404FFA821FA052097490860FEF725FA9648066858
S21404FFB80124264201D1FEF774FBFEF785FA9F4812
S21404FFC8016800919E4A40681060B105C80F002178
S21404FFD826420FD000919B4B5D6815601D689A4AAF
S21404FFE817687B1BBD4202D39769DB195B1C974FC6
S21404FFF8BB42F5D3964D2960002804D031000098FA
S214050008FDF7DEFF00902868204004D16846FEF715
S21405001874FB002802D10098FEF7C2FBA9480460C5
S2140500286004FEF7EDF9F1BD38B5A74CE06BC005E1
S21405003806D580200006206000BF00BF4008206067
S214050048FEF724FCFEF740FAFDF764FE05009F4818
S2140500589F490860FFF77AFF8020C002FEF7D0F9AF
S214050068002D01D08020206001209A49087031BDF6
S214050078F8B5FEF729FA984F2C20385C052101407B
S21405008802D0FEF7B7FA01E0FEF7C1FA8E4C022554
S214050098F86A284001D0012020601020C0438F4907
S2140500A808600026A6638E480660FEF7CBF900288A
S2140500B803D08C480068804700E03E60FEF792F95A
S2140500C889480068E16B090407D4000705D5FEF7DB
S2140500D89FF986490D60FEF7A4F9FEF78CF9FFF738
S2140500E894FDA804FEF78CF9F1BD80B5FEF7ECF98A
S2140500F851480068000303D4FEF799FBFEF757FF3F
S21405010880204003FEF77CF901BD38B5FEF7DCF91B
S2140501186D4C2025FFF73CFB002806D0206B000712
S21405012804D5FFF75AFBFEF7F7FF2560FEF77FFBBA
S214050138FEF73DFF6E4800780C210140042902D1E0
S214050148FEF758FA01E0FEF762FA6804FEF758F972
S2140501584020206031BD1CB5FEF744F90520294925
S2140501680860FEF748F9FEF7AFF9FFF736FBB8481B
S214050178006800906846FEF77FFF0400FFF7E6FE76
S214050188002C02D10098FEF7EDFF80204004FEF70C
S21405019837F913BDF8B5FEF797F9AE4C256A502022
S2140501A8284002D0FEF726FA01E0FEF730FA464F59
S2140501B8FFF7EEFA00281BD1786B40071DD4386B7D
S2140501C8E0214901014018D1A80611D4FEF70AF91D
S2140501D8256AA14E354207D0FF20C0432D18256253
S2140501E8802000059D490860FEF705F92E4002D0D7
S2140501F80120386001E00020206080208004FEF79A
S214050208FFF8F1BD3C1102A8400002A880B5FEF72C
S2140502185BF993480068400601D5FEF708FB012000
S214050228FFF7D6F9FEF7C3FE8020C004FEF7E8F808
S21405023801BD0000DC3700000C0002A8B83F00002E
S2140502484C3E0000D43E000020C001A801FF000077
S214050258483E000010B526480468FEF735F981497A
S2140502680968090328D40321C00601D5214001E001
S214050278A0080140012902D1FEF7BCF90BE02001D0
S21405028807D50E20FFF7F2FBA748042101600821D1
S2140502980160FEF7BCF9A54C2069A5490860FFF77B
S2140502A855FE2068002807D04000122802D2FFF71E
S2140502B891FD01E0FFF737FB80208003FEF7A0F8E5
S2140502C810BD0000402002A8100002A870012000FA
S2140502D8B46000A8773E0000C43E0000442002A88B
S2140502E8503E0000E0370000844000A87CE4035038
S2140502F8F03E0000F8B584B001266846067000276B
S2140503080297FEF7E1F80390564C2068000300D5DF
S21405031897E00320A849C86386480068FB25AD0111
S2140503280F210F220240032A03D0000B014006299D
S2140503384DD1A2480068A2498E6DE16B890701D5A3
S2140503489F49CE6DFFF755FB8619FEF77BF8002803
S2140503580ED02879C1060BD02868090D4143890BAC
S214050368761897490968002902D10002400C361804
S214050378002E01D5019700E00196606B0107C80FAE
S21405038803212A6B0A40022A1BD1039AD20618D5DE
S214050398AA68D30513D5A66B8A4B1E409E4203D181
S2140503A81021854AD1630CE092050AD4E26B28230E
S2140503B8134006D16B461F70284A116001E06A464D
S2140503C81770029068460678002E03D10FE07C4821
S2140503D8406D0190FFF7DCF9002808D0FFF7FDF916
S2140503E80298002802D0FEF797FE00E000260220B5
S2140503F871490860002E10D03020285C0C21014079
S214050408042902D0A06BC00602D5FEF7F3F801E072
S214050418FEF7FDF82020606013E0FEF708FA802056
S21405042800060E49086068486849086001A8FEF78E
S21405043823FE0400FFF78AFD002C02D10198FEF77B
S21405044891FE80200004FDF7DBFF05B0F0BD000037
S214050458CC3F0000D03E000000FFFF00441002A875
S214050468440102A80C0002A8FEB500240194FEF774
S2140504782BF8FFF76BFD564EF06E564D0007000F2E
S214050488072807D17068002804D40020FFF7A0F8CD
S214050498286841E0012103204F4A73685B070BD49F
S2140504A84E4B1B680B4007D01368DF050BD55B055D
S2140504B802D43368DB0503D40191916A890904E0FF
S2140504C81021474B1960916A0909084000900020D9
S2140504D8FFF77EF80098002805D17068C00602D494
S2140504E8FEF795F801E0FEF785F800200199002942
S2140504F803D13C480068FFF77CFA6969401801D5BE
S214050508009400E000906846FEF7F7F8002805D145
S2140505180098FEF745F9A869054908608020000592
S214050528FDF76EFFF7BD000080E200E0AC3F000077
S2140505384C3E0000AC0002A8F8B5FDF7C5FF002440
S21405054800252948066B80277F05300606D530071F
S21405055809D5FFF742F9FEF7DFFD29E001251F4813
S2140505680068284019D00020FFF732F80220064018
S21405057802D01E490C60C8611D480468002D03D0CA
S2140505882000FDF7A9FD0400FFF727F92000FEF770
S214050598E9FD3800FDF734FFF1BD16480078C0219F
S2140505A80140402902D1FEF725F801E0FEF72FF8AD
S2140505B820200D490860ECE7082002A80CC101A810
S2140505C86C3F000010000010FFFF7F7FB46000A896
S2140505D8400002A8BC3F0000C83E0000B44000A882
S2140505E8441002A81CC101A8100002A8180000AAF9
S2140505F8D83F0000F03E000000F03CF802480349EA
S214050608486000F052F800BF732A0000000000009A
S21405061880B5EFF305800B2801D23A2100E02921A1
S214050628FF221632002000F03FFAFEE710B5C2009A
S21405063818231340FF249C40E2438907090E994076
S214050648030004D470489B089B00C01806E0AD4B11
S2140506580007000F083880088000181803681A4035
S2140506681143016010BD80B573225421002000F0A7
S2140506781BFA01BD10B5FFF761FC0121634A11603D
S214050688634B644A1360644A13600323634C236010
S214050698634C2360634B1960634B19608023A44C35
S2140506A82360D160FFF74EFC10BDFFF747FC050039
S2140506B80024012160B2FFF7B9FF641C0E2CF8D39D
S2140506C801210F20FFF7B2FF01211120FFF7AEFF2A
S2140506D801211320FFF7AAFF01211720FFF7A6FF20
S2140506E803210120C043FFF7A1FF01211B20FFF7C7
S2140506F89DFF7348734908607348C16AC1620168FB
S214050708016002207149086001208A49086047048B
S2140507186F4C20693840FCD02068800101D4FDF76D
S21405072848FE2800FFF70EFC774D0AE000281BD088
S214050738FDF76EFE18E020693840FCD03000FFF75C
S21405074801FC206E0004000F022801D1FEF73AFAD4
S214050758FFF7F4FB0600FDF76BFE0028A878E5D042
S214050768002801D1FDF75DFE01206978002909D129
S2140507782978002905D170490968890601D453499D
S214050788086030BF0021697029780029D6D1022172
S2140507984E4A116067490860CDE7684801684268AF
S2140507A80A40674810401B490860800703D5A448D7
S2140507B80188491C0180704770B562480168406821
S2140507C80840000E0006604980221205104218D01F
S2140507D85E4B1C68641C1C605D4C5E4D2D682D04C4
S2140507E807D5A568002D04D007250D600125AC4E54
S2140507F83560402525601B68012B02D910238B62BE
S214050808CA67886770BD000000E400E0040002A817
S2140508180000FF3F282002A82C1002A840E002A8E6
S21405082844C002A804C001A8044001A8F8B5854C30
S214050838206B616B01400091834D0846286000983F
S2140508488249014007D0FDF7FDFD002803D0009832
S2140508589449096888478020009901401CD0F821EA
S214050868C90123680B4017D0C0221201934213D83A
S21405087880231B06EB6226680E40944F3F683F04AC
S2140508883F0F022F01D0032F03D1002E01D0964229
S214050898F1D38F490B6028608E48007806280DDA54
S2140508A80098CC218901014008D0FFF747FB0400D2
S2140508B80098FDF7B5FA2000FFF744FBF1BD0000E8
S2140508C8FFFF9B0800E100E0E04001A85C2002A8C5
S2140508D84C0002A810B58048016844680C407F485B
S2140508E8046080210C4205D041607D4801600020E7
S2140508F8FDF796FA600403D5802040057949086017
S21405090810BD00001CED00E0763E000038B57648C0
S214050918016844680C40E00707D5FFF70FFB05009C
S214050928FDF714FB2800FFF70DFB7048046031BD82
S214050938505201A85C1002A8F40302A8280002A8D1
S214050948FFFF00C0B44000A83C6000A8703E000049
S2140509582C4000A8384101A8FEB5654C206C666C8D
S214050968064001273E4216D03D06624805602068C7
S21405097861490F60002802D00021FDF7A5FC5F48F5
S2140509880068A021C90188428041C043C00F5C4960
S21405099888705C480560FDF73BFD029002210E4015
S2140509A849D06068C2B20192000A009008224B4BF3
S2140509B84C03554D0020019E012E27D0022E38D116
S2140509C8009E012E24D1EE780096504E2F780C20E6
S2140509D847430020F0512878400590277F04C7191B
S2140509E8032038434A4F38601C604A480460301D67
S2140509F82B780C246343484C2468009FE419C4509C
S214050A0828780C2358433150444811E00091DCE718
S214050A18002E0ED1424E37603C4E361D2D780C27DB
S214050A287D4370515C601C60C8043E4B18603E48A8
S214050A380260314801600298FDF7F3FCF7BD000037
S214050A48743E00001C4201A84C6201A8020006007C
S214050A5870B5FDF7DDFC0400FFF770FA2C490A6847
S214050A68D20717D5294A121D304B5D7A0C267543D1
S214050A785659294D2D681E60CE685E604968D9812D
S214050A888021C9041B4E3160197B69185B7A0C25D1
S214050A986B43D150FFF756FA2000FDF7C2FC70BD30
S214050AA83C5000A8D8370000002800D0704710B57D
S214050AB80C00FDF7ADFC1E490C6001221D4B1A60A3
S214050AC80B6C1340FCD1FDF7ACFC10BDAC0002A8BE
S214050AD8785201A8403E000090C001A890E001A801
S214050AE80CC001A804ED00E090C000A890E000A89E
S214050AF800C002A8401002A840E002A8404000A88E
S214050B08763E0000402002A88D3E0000300000A872
S214050B1860C101A894D001A8200000A8F42302A863
S214050B2860E101A880E200E0F41302A8843E000014
S214050B38008002A8409002A87C0B05000000000073
S214050B48580B0500010000000000000000F04902EF
S214050B58000000004063598F404B4C000B000B000B
S214050B681A00FF7FEC69002000000000F80E05005B
S214050B78000000000C400200018014007F400000C1
S214050B88204002000000000000000000304007007A
S214050B980000000000000000000000000000000043
S214050BA80000000000400000A007040050400100B7
S214050BB8000000005C400200000000000000000085
S214050BC8A840010007000000BC4004000000000023
S214050BD800000000000000000000000004410400BA
S214050BE800400000FF4C0000FF5D0000FF4D0000C0
S214050BF820C0011000F8070020C00130F5020800E3
S214050C0824C00110FF00000024C0013000180000B1
S214050C1828C00700EC80B38343754051A00F0048F1
S214050C283040000000000000000000002E02000012
S214050C3850C00400511130040E2D09E65406070865
S214050C48D1B6020064C00A000430001C40301809FA
S214050C580D647920EBFCFB017FF6E803BD4B7215A6
S214050C6811A3180510325476980A000000000000F3
S214050C780800010104070000180001010000000033
S214050C8820000101088400001C400801100000002F
S214050C9820F9130407C052000000000000000000F9
S214050CA80000000300000000000000005840060190
S214050CB86402FF004108000001000000B0070800B4
S214050CC8A700000000000000804011014B01A008A5
S214050CD89BC34A74F00300000000000000000000F3
S214050CE80101103050707F7F0000000000000000F2
S214050CF800000000000000000000000000000000E2
S214050D0800000000000000000000000000000000D1
S214050D18E04002013300000000000000EC4001013D
S214050D287DA8D98BF4400501640483078813C83A5F
S214050D389C200A0000612000B75635120C410301B5
S214050D48F95412002030042988BB4040244102018A
S214050D58000000000310000030410A016406660C16
S214050D680C010000E853FA0000000000000000002F
S214050D780000000000000000000000000000000061
S214050D880101000068410301640483078813820093
S214050D980000000030420401000000000000000EBC
S214050DA800000000000000004442020100000000A8
S214050DB8F4811F0054420C010000000000003C00AE
S214050DC800000000000000005555555517000000A6
S214050DD80000000000000000AAAA060000000000A7
S214050DE8000000000000000010800101030000005C
S214050DF83880020111491000010000009C8003019B
S214050E08EB40020070780300D5C00000A8800111E9
S214050E18F0010000A88001310542CB01AC80011124
S214050E28F0010000AC80013105228D00B08002017A
S214050E38000300023700000198000202000C0004B7
S214050E484C000000A400010200040000D0000202C5
S214050E58050040AA88010000E40001026C2C511127
S214050E68F4000202000000003D210811FC000112F2
S214050E783F000000FC000132005404003001010266
S214050E886000510254010102C43F000068010102D6
S214050E9800040000FC4F0103A80E0500FFFFFFFF36
S214050EA8120000006666660000000000600F050078
S214050EB8500F050000000000001A9A00005A62024A
S214050EC880841E000420F500114950020000000029
S214050ED8FA0E0500000000000000000000000000F3
S214050EE8B1841E000000000000000000000000009D
S214050EF805020200000000F049020614000000E0A2
S214050F08930405380000A0080000000058090104ED
S214050F180706100A01040707C80A00040807800B15
S214050F2800040808380C00040908610800000000D9
S214050F38680800000000C709010404032C0B010417
S214050F480404920C01040504ED170000ED170000D3
S214050F580000000000000000193F0106041001000B
S214050F680001010600102700000900000000000027
S214050F780000000055E5010005E5010011E5010042
S214050F8801E60100FDBD03009FC30300A3C30300DC
S214050F98A7C30300ABC30300AFC3030000000000EC
S214050FA8A8010000B01400200001030464EE010047
S214050FB81000000024E101001A00000079EB01008A
S214050FC81100000075E401001100000063E511003A
S214050FD80400000023E111000400000025E10100DB
S214050FE80800000026E101000A00000027E10100CC
S214050FF80200000000000000000000007411050053
S214051008631105000000000075110500FBBC04000F
S21405101800000000F5BC0400F7BC04000000000052
S214051028F9BC0400411105008A110500FCBC040042
S214051038F6BC040000000000FABC040058100500C1
S214051048F3BC0400F4BC0400F8BC0400F2BC0400BD
S214051058000203040508090A0B0001020304051D1E
S2140510682000B40108020200AA00FFFFFFFFFFFFE9
S214051078FFFFFFFFF52303002D43020099720200C8
S21405108819570300A975020083CC030085CC030015
S21405109887CC030089CC0300E1ED020051C30200AA
S2140510A8F90A0300B5500300B96202007FCC0300B5
S2140510B8DDC7020069410300CD53020081CC030059
S2140510C8F9B20300C55A0200CF87030000000000E6
S2140510D800130000000000000000000000000000EB
S2140510E801000000C5CB020002000000F9DD030080
S2140510F8030000001DCB02000400000073DD03009A
S21405110805000000BDCA020000000000000000003F
S2140511180023001B2200FF00000000000C09020245
S214051128000000001C1A0B0303FF0608040202024F
S21405113804020A0B030302030480FF0204FF0101ED
S21405114801010800000000000000005A69674265B2
S21405115865416C6C69616E636530398000001838C6
S21405116810300000000000008F8E8C8081815A693F
S21405117867426565416C6C69616E6365303906085A
S2080511880C108000BD
S20C05118C985BFB7F01000000E3
S210051194A0110500E8650020DD01000044
S2140511A00000000000000000FFFF00000100000036
S2140511B00000000000000000000000000000000025
S2140511C00000000000000000000000000000000015
S2140511D00000000000000000000000000000000005
S2140511E000000000000000000000000000000000F5
S2140511F000000000000000000000000000000000E5
S21405120000000000000000000000000000000000D4
S21405121000000000000000000000000000000000C4
S21405122000000000000000000000000000000000B4
S21405123000000000000000000000000000000000A4
S2140512400000000000000000000000000000000094
S2140512500000000000000000000000000000000084
S2140512600000000000000000000000000000000074
S2140512700000000000000000000000000000000064
S2140512800000000000000000000000000000000054
S2140512900000000000000000000000000000000044
S2140512A00000000000000000000100000000F00142
S2140512B008000000081000200100230104000000BB
S2140512C01010002006003001010000001410002058
S2140512D0FFFFFFFFC0EA2101C0EA210100800000F0
S2140512E000F049023067002000600700008000001B
S2140512F058350020C8000000FE0000000000000071
S21405130080AE040018100020FFFFFFFFE0B10400C8
S21405131033000000E5110100330000009F8C030038
S214051320BF2D0400C32D0400D02D0400DD2D0400C0
S214051330EA2D0400F72D04000A2E04001C2E0400D6
S214051340292E0400362E0400432E0400582E0400D1
S2140513506B2E04007D2E0400922E0400A12E0400A0
S214051360B22E0400C12E0400D12E0400DD2E04008A
S214051370EA2E0400FA2E04000C2F04001B2F04008E
S2140513802A2F0400332F0400482F04005D2F040085
S214051390722F0400922F0400A02F0400BF2F040014
S2140513A0DA2F0400ED2F0400FA2F04000F30040096
S2140513B01E3004002D3004003F3004005130040078
S2140513C064300400773004008D300400000000000F
S2140513D00F000000FF0000000000000000000000F5
S2140513E000000000000000000000000000000000F3
S2140513F0000000000030E70400C81803FE380400AB
S21405140003390400303904005B39040089390400C7
S214051410B7390400E6390400133A0400433A0400D9
S214051420733A0400C33A0400FFFFFFFF00F8030009
S214051430FFFFFFFF0000040000000400005C260517
S2140514408C6800200600000000D4040000000000A0
S2140514500100190001000000E0400020010019000D
S21405146001000000E0400020010019000100000016
S214051470E04000200100190001000000E0400020C7
S2140514800100190001000000E040002001001900DD
S21405149001000000E04000200100190001000000E6
S2140514A0E04000200100190001000000E040002097
S2140514B00100190001000000E040002001001900AD
S2140514C001000000E04000200100190001000000B6
S2140514D0E04000200100190001000000E040002067
S2140514E05C450020000000000000000078BD0400F8
S2140514F0284C002040690020E84E002001AC04007E
S21405150006000000000000000000000000000000CB
S21405151060D4040078D404000CAC0400D064040045
S214051520FE0000007069002000000000F84E002054
S214051530604F0020C84F002000000000000000009B
S2140515400000000000000000000000000000000091
S2140515500000000000000000000000000000000081
S2140515600000000000000000000000000000000071
S21405157000000000D3BC0300CFBC0300FFFFFFFF45
S214051580D7BC0300FFFFFFFF2FC203008BC203007B
S214051590FFFFFFFFFFFFFFFFFFFFFFFFFFFFFFFF51
S2140515A02F2A0000FFFFFFFF0000000021C40300F4
S2140515B0A40F0500FFFFFFFF0000000020A10700A5
S2140515C000000000ED000400000000000000000020
S2140515D00000000000000000000000000000000001
S2140515E00000000000000000B05400202139020071
S2140515F0B1520200D06404000000000000000000A4
S2140516000000000000000000B0540020B93F0200B2
S21405161000000000D0640400000000000000000088
S2140516200000000000000000B0540020FD49020044
S214051630B1520200D0640400000000000000000063
S2140516400000000000000000F9AC0400B0540020C3
S2140516505557020000000000D0640400000000009A
S214051660000000000000000000000000B05400204C
S214051670D96B020000000000D064040000000000E2
S214051680000000000000000000000000B05400202C
S2140516904971020000000000D0640400000000004C
S2140516A0000000000000000000000000B05400200C
S2140516B04586020000000000D0640400000000001B
S2140516C0000000000000000000000000B80B00004D
S2140516D0B0540020B58B020000000000D064040062
S2140516E000000000000000000000000000000000F0
S2140516F0B05400201597020000000000D0640400D6
S21405170000000000000000000000000000000000CF
S214051710B0540020D998020000000000D0640400F0
S21405172000000000000000000000000000000000AF
S214051730B05400207BD3030000000000D0640400F2
S214051740000000000000000000000000000000008F
S214051750B0540020019F020000000000D064040081
S214051760000000000000000000000000000000006F
S214051770B054002071A5020000000000D0640400EB
S214051780000000000000000000000000000000004F
S214051790B0540020FDDF030000000000D064040004
S2140517A0000000000000000000000000000000002F
S2140517B0B0540020A90A030000000000D06404000D
S2140517C0000000000000000000000000000000000F
S2140517D0B05400201923030000000000D064040064
S2140517E000000000000000000000000000000000EF
S2140517F005E90300B054002025510300B15202004C
S214051800D064040000000000000000000000000096
S21405181000000000B0540020E95703000000000057
S214051820D064040000000000000000000000000076
S21405183000000000FFFFD007B80B0000FFFFFFFF0A
S214051840CEFAEFBEFFFFFDFFFDFF0C002C01001ECC
S2140518502C01400680001027FFFF04F8FFFF0C0050
S2140518600000000000004000FDFF2C019C00000069
S214051870FFFFFDFFFFFFFFFF60EA8000800010C14D
S214051880CDAB0A01320101FFFFFFFFFFFFFFFFFFA0
S214051890FFFFFFFFFFFFFFFFFFFFFFFFFFFFFFFF4E
S2140518A0FFFFFFFFFFFFFF01FF05FFFFFF0101FF32
S2140518B0FF0201FFFF640250FF0F010208031E0628
S2140518C005021601010A0C052007051010010F0870
S2140518D00410010601010104FF0301FF0CFF0F7F41
S2140518E07F0150403000FFFFFF0B03FF050B010192
S2140518F0FF03010305020201FFFFFFFFFFFFFFFFD6
S214051900010102FFFFFF40FF01010000056D000019
S208051910DD6C000080
S804009A3D24
