S01B00006275696C642F72656C656173652F7A69676265652E73333714
S21400600008100020F19D000011E60000A327030001
S214006010A327030019E6000021E60000A3270300DB
S214006020A3270300A3270300A3270300A327030037
S21400603025E60000EC680400A3270300A32703005E
S214006040A3270300A3270300A3270300C19800008B
S214006050A3270300A3270300A3270300A327030007
S214006060A3270300A3270300A3270300A3270300F7
S21400607091EB0000A3270300A3270300A327030038
S214006080A3270300A3270300A3270300A3270300D7
S214006090A3270300A3270300A3270300A3270300C7
S2140060A0A3270300BDA100009DA10000A3270300B5
S2140060B0A3270300012F0200A3270300653902006F
S2140060C0C37F0300BF7F030041310200D97F030076
S2140060D0C77F030035390200CB7F0300A5390200D5
S2140060E0114002000D1D0200113A0200A327030012
S2140060F0A3270300A3270300A3270300A327030067
S214006100A3270300A3270300A3270300A327030056
S214006110A3270300A3270300A3270300A327030046
S214006120A3270300A3270300A3270300A327030036
S214006130A3270300A3270300A3270300A327030026
S21400614082B030BF074BD3F8F030DB0704D500230E
S2140061500193019B052B01DD02B07047019B0133C3
S214006160F6E700BF00ED00E0F0B5114A114C124E04
S21400617000F00105E3695F0713D40DB9334213D16C
S21400618003EA00078F4207D10B4A1A40002A14BFC1
S2140061906FF001000020F0BD013AEBD16FF0020075
S2140061A0F9E74FF0FF30F6E76FF00100F3E700BFC6
S2140061B08096980000000350020001000B4B70B55B
S2140061C0D96911F480310DD101244FF48072084E44
S2140061D0084DF46020462C641A61FFF7C5FF34644E
S2140061E0EC6070BD6FF00100FBE700BF00000350DD
S2140061F000100350002003504FF4003238B50F4B08
S2140062000F4C9A6641F671330122E569E3630D4B44
S2140062100021DA60022360612120236105F48035C5
S214006220FFF7A2FF10B92120FFF79EFF0122064BC1
S214006230DA600DB10023E36338BD00BF0090005064
S21400624000000350001003500020035070B5134C9C
S2140062506061E3695B071ED40E4656F8043B8D1852
S214006260A361AE420BD10423002121202361FFF756
S2140062707BFF58B9BDE870402120FFF775BF0821A5
S2140062800846FFF771FF10B10423236170BD56F86E
S214006290043BA361E5E74FF0FF30F7E7000003504B
S2140062A02DE9F84315464FF40032184B89469A6696
S2140062B041F6713203F51C33DF69DA6301220646C4
S2140062C003F58053DFF84C8007F48037DA6055B961
S2140062D0284601220E4BDA601FB10022A3F50053B8
S2140062E0DA63BDE8F88306F5005404EA0804A41B44
S2140062F0AC4228BF2C46494622463046FFF7A6FF4A
S2140063000028E6D12644A1442D1BE0E7009000506B
S20C0063100020035000E0FFFF2F
S2140063182DE9F04F4FF0FD0BC9B09A460DF11B0959
S2140063289DF8503108AFCDF80C90CDF808B001971D
S214006338059303890446009383790E469046418860
S2140063488288407812F04AFB054650B10090A38830
S214006358002062883A4912F085FE284649B0BDE812
S214006368F08F99F800002FF036F938B12846A38840
S2140063786288344912F076FE8D25EEE75A4639468D
S21400638899F800002FF0CFF88346002851D0529B8A
S2140063981BB1BDF84C3198424BD8002399F80090B1
S2140063A80793A9F14102012A5FFA8BF123D83846F0
S2140063B80139254ADFF898C05FFA81FE734513DB7A
S2140063C8059B04210792C3B907AF18221F489FED03
S2140063D81A7B02FB060420460A460830394684ED36
S2140063E8027B17F093FC11E010F8011F01335140AF
S2140063F80CFB01F2E2E7059B33B123464A463846D2
S214006408009610F06DFAA8E70829DED9B8F1000F53
S21400641801D088F80090BAF1000F01D0AAF800B0B1
S214006428529B002B99D05A46184608A917F06EFCBE
S21400643893E7012591E700BF000000000000000078
S214006448B8110400ED110400C59D1C8180100020C1
S21400645893010001000000002DE9F04F93B0CDE94C
S2140064680A32DDE91C530E9353EC102BCDE90801D4
S214006478104619468DED060B1E9E16F0D1FE80B10D
S214006488DDE906014FF0FF32C54B16F0F1FE40B9C4
S214006498DDE906014FF0FF326FF4801316F0CAFEEE
S2140064A870B1DDE908019DED060B0E9B1E96CDE941
S2140064B81C53DDE90A3213B0BDE8F04F00F088B986
S2140064C80022DDE90601002316F0B4FE002800F0DD
S2140064D83381DDE906A303F1004BCBF30A5016F42B
S2140064E88063A0F2FF3008BF06250F9316F0C6FBA0
S2140064F89BA3D3E9002316F02BFC9BA3D3E9002328
S21400650816F070FACBF31304894644F07F518046A0
S2140065180022A44B504641F4401116F061FA94A3A9
S214006528D3E9002316F014FC02460B4640464946BB
S21400653816F058FA16F0A6FE044616F09FFB8EA331
S214006548D3E900238046894616F002FC0022964BC3
S21400655816F048FA16F096FE89A3D3E900230746F4
S2140065684946404616F0F4FB80463846894616F0FB
S21400657885FB85A3D3E9002316F0EAFB02460B4603
S2140065884046494616F02CFA02460B46CDE90C233F
S21400659816F0DEFBDDE90C238046894610461946D0
S2140065A816F020FA0022CDE91001804B40464946F5
S2140065B816F0F8FC00227E4B16F014FA02460B463C
S2140065C84046494616F0EEFC00227A4B16F00AFAC8
S2140065D802460B464046494616F0E4FCDDE90C2325
S2140065E88046894600204FF0804116F0F9F90246A9
S2140065F80B464046494616F0F5F902460B46DDE9D5
S214006608100116F0CFFC07F2FF3700226A4B16F08F
S214006618E9F900223B0516F09BFB52465B4680468E
S214006628894616F025FE002840F08980CDE90C89B9
S21400663804F16303C62B8CBF0527042731051BD539
S21400664853A3D3E900235046594616F007FE002800
S2140066587FD051A3D3E900235046594616F0EAFDE9
S214006668002876D00027A542C6BF2C1B04F1FF35AC
S21400667800253C4646F480660E9B9F422CBF4FF092
S2140066880008A3EB070816F0020903D0002F18BF6E
S2140066984FF000083CB1DDE90C235046594616F089
S2140066A881FC82468B46DDE906010022002316F0AF
S2140066B8C1FD10B10BF100439B46DDE9080126F445
S2140066C80063CDE90183DDE90A324BEC10AB009597
S2140066D800F07EF802465FB3DDE9091316F0200FD6
S2140066E800F10105089E0CBF65204520B047DDE98E
S2140066F808010523002205930A23002CCDE902325F
S21400670807F1FF374FEAD473B8BF64422A460193AD
S21400671804970A9B009430F08EFE0246B9F1000FEB
S21400672806D00B9BC41A0B9B1A190E9BA34245D87E
S214006738104613B0BDE8F08FDDE906ABCDE60022C3
S214006748404649461A4B16F02DFC013CCDE90C0193
S2140067586EE7002D90D00F9B002B8DD0013D8BE768
S214006768FB799F501344D33FB3C8608B288AC63F33
S21400677861436F63A787D23F71A379094F930A4095
S2140067881655B5BBB16B0240EF39FAFE422EE63F0E
S2140067982D431CEBE2361A3F0000000080842E4191
S2140067A8FFFFEF7F0000F83F0000E03F00002C40AE
S2140067B800002440000018400000F03F2020DDE9DB
S2140067C80913089DA8470134ADE700BF0000000084
S2140067D82DE9F04F5BEC10AB97B0CDE90501DDE98C
S2140067E82058CDE90723504652465B465946229F15
S2140067F816F016FD70B90323CDE902870193AA4B5C
S2140068080093DDE90501DDE9072330F046FD17B002
S214006818BDE8F08F4FF0FF326FF4801350465946AC
S21400682816F008FD28B10423CDE9028701939F4B93
S214006838E6E74FF0FF32504659469D4B16F018FDD6
S21400684868B19C4A07F00403002B08BF03229A4B42
S2140068581CBF13460422CDE902870192D0E75046B2
S2140068688DA3D3E90023594616F002FD38B98CA348
S214006878D3E900235046594616F0DCFC68B1DDE93A
S2140068880723DDE905014BEC10ABCDE92187209500
S21400689817B0BDE8F04FFFF7DFBD002200235046D3
S2140068A8594616F0C7FC002800F091805B46524611
S2140068B80020002116F094F8012382468B4609939F
S2140068C817F4806400F08580092D40F28580002446
S2140068D830210EABA5F109020134202C03F8011B68
S2140068E8A5EB040901D09442F6D15946504616F055
S2140068F8C9FC724B054603EBC90393ED007B8DED8F
S2140069080A7B16F0BBF902460B465046594616F067
S21400691867F8DDE90A2316F01BFA02460B46CDE9AE
S2140069280C2316F0D7FC064616F098F902460B46D6
S214006938DDE90C0116F054F802460B46CDE90C23A7
S21400694800225F4B16F094FC002848D001363046EB
S21400695816F084F902460B46DDE90A0116F074FCC7
S21400696808B100260135B9F1000F45D1284616F0C2
S21400697885F902460B465046594616F031F800226D
S2140069884F4B16F057FC10B9E90700D501350A2118
S2140069980EAB1A19202C0AD095FBF1F001FB105506
S2140069A8303502F8015B013405460028F2D107F0BD
S2140069B80302012A55D1B8F1000F52D0099A12B92C
S2140069C817F00C0F01D008F1FF38302240E009908C
S2140069D876E74FF0060988E7A946002485E70022EF
S2140069E8DDE90C01364B16F025FC0028BBD10EB1AC
S2140069F8F007B8D50136B6E70A210EAB1A19202CCF
S214006A080DD0B6FBF1F001FB1063092E03F130033D
S214006A1809F1FF3904F1010402F8013B11D83021CD
S214006A28A1440EAA202CB2D04C4504F101030AD189
S214006A3804F158020DEB02042E2204F8202C1C4602
S214006A48A5E70646DBE7A1541C46EBE71A550134D2
S214006A58444506D2202CF9D1CDE9028701940EAB25
S214006A68CEE6202CF8D0099B3BB12D2204F1580322
S214006A786B4403F8202C0134EEE77A0704D504F1BA
S214006A8858032B226B44F4E73B07E5D504F158037B
S214006A9820226B44EDE700BF0000000065CDCD4125
S214006AA80000000065CDCDC1DB2E0400DF2E0400FB
S214006AB8FFFFEF7FD22E0400D72E0400E0770400F5
S214006AC80000E03F0000000070B58EB02C220021C8
S214006AD803A816F08BFF64234FF002320893CDE923
S214006AE805230B2301218DF834305B4B8DF81010ED
S214006AF81D880D4040F0A980084634F00DFD0A2296
S214006B08564B574C1A704FF42873ADF812304FF0A6
S214006B18FF332360534B54491B8820460B82534B44
S214006B28534A1B68CD828B61524B0D621B884B8281
S214006B38514B1B68CB611DF033F820B14FF41B7125
S214006B484E4835F016FD0521206831F0DCFA20B1F4
S214006B5840F27D21494835F00CFD206815F0FCFE12
S214006B68474B2068196830F048FE0C2535F03CF98C
S214006B786843099035F038F968430DEB050107902E
S214006B88206817F0CFFB20B140F295213B4835F03E
S214006B98F0FC25681FF02EFC00220146284630F03F
S214006BA8A4FE20B140F29721344835F0E2FC40F2CA
S214006BB80353344D344E2B80052396F90000AB70F2
S214006BC87F2801D11DF0D4FA3378EB7035F00CF934
S214006BD800EB80008000A88035F006F90023C0008E
S214006BE84FF0FF31E880AB604FF0FF3018A3D3E9D1
S214006BF8002334F0E3FD2549206830F02FFE206896
S214006C0802A931F027FB20B14FF434711B4835F048
S214006C18B0FC042220680DEB020130F0C3FD042806
S214006C2804D040F2D721154835F0A3FC01A901206D
S214006C3830F084F907F02CFD01201DF01DFF2CF024
S214006C489AFB1DF043FF1DF02BFA0EB070BD00BF77
S214006C580A0020FF420300005E59002090600020D2
S214006C6884530020809104008467002088910400E3
S214006C7849B503007E91040084910400A4670400CB
S214006C88C464002078530020586A0020BDB503006D
S214006C980348044B834202D0034B03B1184770479E
S214006CA8846A0020846A002000000000064B07491A
S214006CB8C91A891048BF0131491003D0044B0BB1DB
S214006CC801481847704700BF846A0020846A00207D
S214006CD80000000010B5064C237843B9FFF7D8FF2C
S214006CE8044B13B10448AFF300800123237010BD92
S214006CF8B815002000000000A0CC040008B5044B1E
S214006D081BB104490448AFF30080BDE80840CDE74E
S214006D1800000000BC150020A0CC0400A3F5803AB3
S214006D28704700BF154B002B08BF114B9D46FFF759
S214006D38F5FF00218B460F461148124A121A16F024
S214006D4855FE0C4B002B00D098470B4B002B00D061
S214006D5898470020002104000D000B4817F08CF916
S214006D6816F01CFE200029002BF04AFA17F072F9DC
S214006D7800000800000000000000000008100020C6
S214006D8808100020E4600020E9E0010007B50121B2
S214006D9820200DF1070201F039F858B1022301212D
S214006DA820200DF107028DF8073001F03FF803B0F8
S214006DB85DF804FB9DF807100229F8D0022209485E
S214006DC815F0F6FC022301210DF1070220208DF8AC
S214006DD8073001F02BF82BF06DF94FF4FA6000F04D
S214006DE85DFEE4E7B0C9030038B501F0E9FF01F03D
S214006DF8ABF9012805D001F0A7F9022801D001F067
S214006E08C9F9064D2B783BB901F09EF901280446CE
S214006E1802D12BF0D8F92C7038BD00BF3C5A0020A0
S214006E2810B5044600882BF019F9A37884F84400B6
S214006E38834202BF0123E3702371074B04F11C0051
S214006E48C4E9073401F038F8224620880349BDE82B
S214006E58104000F075BF00BFFB1D0300C51D0300F2
S214006E6870B5C37804460D461646002B34D1D1B10A
S214006E78214815F09DFC0123E370E36CA6600BB176
S214006E88E06D9847E368F61A63699E4221D2217E30
S214006E981A480131C9B2217615F08AFCA36D13B1E0
S214006EA8217EE06D9847E5702BF017F915B3237926
S214006EB803BBA268238A801A83421BD80123104882
S214006EC8237115F075FC236DA3B1E06DBDE8704025
S214006ED8184701232376E6E70029E4D1094815F088
S214006EE867FC636DE660E5702571002BDBD0E06D0E
S214006EF89847D8E770BD00BFD8C90300E9C90300A2
S214006F0817CA030004CA030070B51E4683880446E1
S214006F180D46C18002810BB1868070BD81780088DD
S214006F282AF088FF0123E370064BA680C4E90334E1
S214006F380C34204600F0C0FF29462046BDE87040C5
S214006F482BF0C2B8471E030010B501790446B1FA03
S214006F5881F1008849092AF0E4FF21796088B1FAAE
S214006F6881F149092AF0DDFF034B1A68A24204BFE3
S214006F7800221A6010BD00BFD415002070B54379F2
S214006F880446A3B100880E4E04F10805336813B111
S214006F980C4B1B786BB121792AF0C3FF64210A4B8E
S214006FA83460A3602846BDE870402BF08DB8408852
S214006FB8E9E7064815F0FCFB054B3221A360F1E72C
S214006FC8D41500203D5A0020516F00002DCA03003A
S214006FD8856F000010B50446E0B10F4815F0E8FBD1
S214006FE801236371A37953B9217920882AF099FF80
S214006FF8236B7BB1606B0121BDE810401847204623
S214007008FFF7A2FF04F108002BF063F82046FFF70D
S214007018B5FFEDE710BD00BF63CA030010B5044610
S214007028F8B1104815F0C4FB00236371A3796BB957
S21400703821792088B1FA81F149092AF072FF236B79
S2140070487BB1606B0021BDE8104018472046FFF76B
S2140070587BFF04F108002BF03CF82046FFF78EFF74
S214007068EDE710BD6ECA030010B5044668B10748C0
S21400707815F09EFB637920461BB1BDE81040FFF76C
S214007088CDBFBDE81040FFF7A5BF10BD7ACA030004
S21400709810B50E4C0E48214615F08AFB82210D4885
S2140070A815F086FB82210220A21E00F0BFFE0146D4
S2140070B830B134F8022C0848BDE8104015F078BB0B
S2140070C80648BDE8104015F073BB00BFCA54002040
S2140070D889CA0300A4CA0300AFCA0300F3CA0300A0
S2140070E838B5114C82212246022000F08FFEA51CDE
S2140070F8014688B122880D4815F05AFB2A460C4BE3
S21400710803F12C0153F8040B8B4242F8040BF9D117
S2140071181B7813702C23238035F8021C054A064872
S214007128BDE8384015F044BBC8540020FECA03002A
S2140071387ECB0300CA5400205CCB0300034B1B78AD
S2140071481BB18B4201D82AF0B5BF7047006A0020F1
S21400715810B5044601460E4815F02AFB012C11D13D
S2140071680C4B0D481A884FF6FF739A421EBF002232
S214007178094B5A742AF0BBFE01F078FFBDE81040B0
S21400718801F04ABE0448BDE810402AF0B2BE00BF6F
S214007198ABCB0300B46900205064002070B500240F
S2140071A81A4D1B4E3378A3421BDC0024194D1A4E89
S2140071B83378A3421BDC0024184D194E3378A342BB
S2140071C81BDC00F0C1FF012816481CD12AF08FFEF0
S2140071D801F04CFF01F020FEBDE87040124800F0B8
S2140071E8D3BF2846FFF71CFE01346035DAE7284689
S2140071F82AF063FE01343435DAE728462AF096FE8C
S21400720801343835DAE72AF074FEE5E780210020F5
S214007218435A0020A0250020445A0020501F002072
S214007228425A002050640020597100002DE9F04FA2
S21400723887B0FFF755FFB94B05A805932AF09AFEC5
S214007248054616F0CFFAB64CC2B21F2A627004D9A9
S214007258B44815F0ADFA00F015FC2946A01C16F047
S21400726855FD05A82AF086FE054616F0BBFAC2B2FA
S2140072781F2A84F8212001D9AB48EAE7294604F1F9
S214007288220016F043FD05A82AF074FE32260446AE
S21400729800272578002D40F09F80A44CFFF77EFF3E
S2140072A82378DFF8C8A2DFF8C882A14F00939AF8BF
S2140072B8003098F8002039789E4815F079FA3A7820
S2140072C898F800109AF8000053180344DFF894B2B0
S2140072D820782C4603445846DBB2AA4200F3E482E0
S2140072E8012B38BF0123944E0293324600233546BD
S2140072F84FF482714FF6FF74029801339842137068
S2140073085180948002F10C02F6DC8C4B8A49844842
S214007318AB6000F0F5FFE879AB68DFF8449200EB65
S214007328400003EB800000F0BBFDEB79B9F80020C5
S2140073380133A242EB7103D07F49814801F0E2F89D
S2140073484FF6FF73B9F800207B49D21A18BF0122FE
S2140073587C4801F0A1FC4FF00009784C3A784A4581
S21400736800F3CA8200264FF00C09774ADFF8C8B146
S21400737898F800003978B04200F3D28246180C21FB
S214007388002501FB06B19AF800009423A8426F4A2C
S21400739800F3E4820C253E7898F8003000274FF07A
S2140073A870081E44064405FB06B5DFF8C8A15F4B07
S2140073B81B78BB4200F3E58202995F4800F0FEFDA9
S2140073C8059B56491A468B4240F0EE82604807B045
S2140073D8BDE8F04F15F0ECB9532D0FD163784C2B60
S2140073E840F04881A378502B40F044810122594B45
S2140073F81A7005A82AF0BEFD04464AE7442D13D1A4
S2140074086378303B092BF4D8601C2AF0C0FD524B39
S214007418524A1978002386B2994202F16002E8DDE2
S21400742822F8466C0133F7E7422D0BD16378542BCC
S21400743854D1A01C00F0D2FC494B188018462AF0FC
S2140074489AFCD6E7582D33D8412DD2D9433D152D71
S214007458CFD801A353F825F01F780000FB7300006F
S214007468FB730000FB730000FB730000FB73000057
S214007478CF750000FB730000FB73000081750000E9
S214007488CB740000FB730000FB730000FB73000066
S214007498FB730000017700007D760000FB73000098
S2140074A8FB730000FB730000FB7300007777000097
S2140074B8692D9ED1601C2AF06AFD80B22AF0F6FD7E
S2140074C897E71B4B012019780023264A994202F1B8
S2140074D8A8028EDD02F8A60C0133F7E7601C00F060
S2140074E87DFC0546E01C2AF0CAFD01210246284616
S2140074F82AF081FD60211848184C03785943621811
S21400750865524FF4FA6111824FF448715161164979
S21400751856831165013303706BE700BFCA54002019
S21400752864630020CACB0300E1CB03003E5A002068
S214007538415A0020F1CB0300A0160020181700209F
S21400754850160020D8150020A41B0020E81900209B
S21400755841CC03003D5A0020435A002080210020D9
S214007568B4690020A41C0020671F03003F5A0020AF
S214007578405A002098180020601C00F02FFC0022BB
S2140075884FF034088146CC4F11462AF034FD38783F
S214007598CA4D08FB00F325F80390EA18E37810466E
S2140075A8693B18BF012393702AF087FC0021C44A60
S2140075B83B785160012103FB08550B443B7015606E
S2140075C80F46117415E7601C00F008FC00221146EF
S2140075D881462AF010FD3422B74DDFF8E08228787D
S2140075E802FB00F328F8039008EB0301E37808464B
S2140075F8693B18BF01238B702AF05FFCB14A002351
S2140076081046916B31BB00EB831034232A7802FBBB
S21400761803838363AC4A00231046D2F8A410F9B952
S214007628A82202FB030034232A7802FB0383C0F84F
S214007638A4305FB9A24A3B46114652F8040BA8B9D3
S2140076483422287800FB028241F823202B78013365
S2140076582B70CEE60133042B02F14002D1D1D9E7D4
S2140076680133042B02F1A802D7D1E2E70133042B39
S214007678E3D1EBE7601C00F0B1FB8046E01C2AF083
S214007688FEFC0121024640462AF0B5FC60218F48E0
S2140076988F4D0278DFF854C251436B1825F80180E5
S2140076A84FF44871198259618A495E839965E17871
S2140076B8A824642904BF012199709CF80030DFF8DB
S2140076C808E25C430EEB04010EF804304FF4007435
S2140076D84C8003240C718C7102EB420405EB4415B4
S2140076E832240133DBB201324B718D6081F8A04041
S2140076F802708CF800307CE6601C00F06FFB0022FD
S2140077084FF0380A8146DFF8DC8111462AF073FC10
S21400771898F80030704D0AFB03F325F803904FF0F5
S2140077280109EA1882F80490E37873B1E01C00F0C7
S21400773855FB0022044611462AF05DFC98F80030F6
S2140077480AFB03535C8083F8069064485D4A037816
S2140077589901535498F8001002EB8314C1EBC10248
S21400776805EBC2054A1C656388F80020D2E6601C53
S21400777800F034FB8046E01C00F030FB0546601D38
S2140077882AF07DFC04460246012140462AF033FCD6
S2140077982246284601212AF02EFC60204FF4487C19
S2140077A8DFF828E14A4A9EF8003000FB03F422F886
S2140077B80480DFF820811119A1F810C0C1F814C0A0
S2140077C84E83C1F85880591CC9B248431418A4F807
S2140077D810C0C4F814C06683C4F8588094241552A0
S2140077E83F4D981C8EF800002878DFF804C1444303
S2140077F803EB430301EB41010CEB040E02EB4313CE
S21400780802EB41120CF80400CEF80430CEF808203B
S21400781801302870EDE5601C00F0E0FA8046E01CB8
S21400782800F0DCFA00220546114640462AF0E3FB43
S21400783800223824114628462AF0DDFB2948264A25
S21400784803784FF0000E04FB03FC22F80C804FF080
S214007858010802EB0C0181F806E081F8048003EBCE
S2140078680801C9B24C4302EB040C15539C1C047067
S21400787870241D4D8CF806E028788CF80480444364
S214007888DFF870C0C3EBC303C1EBC1010CEB040EF9
S21400789802EBC30302EBC1020CF80400CEF8043076
S2140078A8CEF808204044B4E7467901358E4284BFB6
S2140078B804714471A83010E5445A0020A025002021
S2140078C850640020A41B0020A41C0020435A00205B
S2140078D88021002045710000501F0020405A0020DB
S2140078E83F5A0020425A00203E5A0020415A0020A3
S2140078F8E819002098180020B9F1000F06D016F8ED
S214007908052C02EB420204EB8204B460314658466A
S21400791801F080FD09F101090BF1A80B0C361DE5F5
S21400792871180AD0481E09FB00B0C07900EB400069
S21400793804EB800409FB01B08460104609FB015182
S214007948039201F025FB39781C48314409FB0151A4
S21400795801F08CF8039A0136403209E5F54218BF63
S21400796811F8050C03911EBF00EB400004EB8004E1
S2140079788C6003FB052000F089FF039901350C3164
S21400798801E5F74218BF15F8053C29461CBF03EB6E
S214007998430304EB830408FB07A018BFAC6000F0A1
S2140079A84BFE01370C3502E513F8011D00297FF45C
S2140079B808AD3B2102F8011C03E500BF441F002068
S2140079C807B5012121200DF1070200F01FFA18B9AA
S2140079D89DF80720024B1A7003B05DF804FB00BF41
S2140079E8006A002007B5064B8DF8070018700121BD
S2140079F80DF10702212000F019FA03B05DF804FB28
S214007A08006A002007B5022101200DF1060200F0E9
S214007A18FDF938B9044814F0CBFEBDF8060003B0EB
S214007A285DF804FB0020FAE75ECC030007B50221E8
S214007A38ADF806000DF10602012000F0F7F9014640
S214007A4810B1034814F0B4FE03B05DF804FB00BFA1
S214007A587FCC030010B5FFF7D5FF0446014607485C
S214007A6814F0A6FE0121064814F0A2FE24B9BDE8CB
S214007A7810400120FFF7DABF10BD00BFAFCC0300EF
S214007A88C1CC030008B5044814F092FE00F0DEF9F5
S214007A982AF010FB2AF00BFBD7CC030038B50446B7
S214007AA8084D094B28462B6000F006FA002C18BF34
S214007AB821462846BDE8384008BF4FF496712AF09C
S214007AC803BB00BFA4260020B51F03002DE9F04322
S214007AD8394D93B008AC0746894690460FCD0FC47B
S214007AE80FCD00260FC495E803000323012584E87C
S214007AF80300324C3248CDE90366CDE905668DF8B9
S214007B080E300796029534F0CEFC2E4834F0CBFCA7
S214007B1832462D4920468DF8176005F01BF8334687
S214007B2832462A498DF81900009020468DF8239091
S214007B38CDF82C808DF8216005F026F80A902046AE
S214007B488DF8097004F086FF204608AA05A905F0F6
S214007B5841F802AA204603A92BF08BFB4FF40072CB
S214007B681B4B5A62194BE560626A920510D46BB9D2
S214007B784FF40072164B11485A6204F06BFF114816
S214007B8834F094FC002013B0BDE8F083013BEBE72B
S214007B98002BEDD0094908A82BF09EFB4FF4007285
S214007BA80B4B06485A6204F055FF064834F07EFC34
S214007BB8BDF82000E7E700BF9C6804000040005AB4
S214007BC8EC6A0400E86A040080841E0040420F0045
S214007BD80060005A0122034B1870034B1980034BB0
S214007BE81A707047465A0020BC690020455A002083
S214007BF8F8B5454B1B780BB90020F8BD434B1B78EE
S214007C08012B03D1BDE8F8402AF0D3B9404B1C88B5
S214007C184FF6FF739C42EFD03E4834F044FC0023F6
S214007C28260AE4B21A462146304604F0D3FE012E50
S214007C38354604F0010335D015D9B51E012DDBD81D
S214007C48002B0BBF4FF480754FF080754FF47061B2
S214007C584FF070610BBF01274FF480370F204FF4A9
S214007C6870202D4B11E0002B0BBF4FF480754FF0A2
S214007C7880754FF470614FF070610BBF01274FF4A9
S214007C8880370F204FF47020244B1A6802401CD00F
S214007C98BA421AD01A680A4032D11A6822EA010291
S214007CA82A4316E0002B0BBF4FF480754FF0807503
S214007CB84FF470614FF070610BBF01274FF48037A7
S214007CC80F204FF47020164BDFE71A6822EA0002EE
S214007CD83A431A602AF06DF9054600288CD0083613
S214007CE844EA06102A460321C0B2FFF7EFFE40F624
S214007CF8FF73684300F2FF70B0FBF3F080B27CE7D6
S214007D0895427FF479AFC8E7455A0020465A0020C6
S214007D18BC690020EC6A040028C3035020C3035043
S214007D2824C3035010B5044C237823B9034834F011
S214007D38BAFB0123237010BD485A0020EC6A0400E1
S214007D482DE9F0431F4C85B0074688469146FFF755
S214007D58E9FF23781BB902F0E3F8012323707BBA06
S214007D68ADF80C3030220023174E02FB03F4315DC9
S214007D78A51901BB012333554FF0FF3304F110005A
S214007D8812493044AB606F80C5F80480C5F80C9083
S214007D9809F0BEFB04F10801042231440C4B00959F
S214007DA803A802F093F9A96802460A4814F000FDF1
S214007DB805B0BDE8F0830133102BD6D1064814F081
S214007DC8F7FCF5E7475A0020CC260020DF1F030003
S214007DD8F11F0300E4CC030012CD030080B1027843
S214007DE8A2F14103032B0BD840783038C0B20828DC
S214007DF806D8054B134413F8413C40EA0320704765
S214007E084FF6FF70704700BFC468040008B50B46FD
S214007E1842B101460448006803F0A0FABDE80840ED
S214007E282AF03EB9022008BDBC64002008B50B46FF
S214007E3842B101460448006803F018FCBDE8084053
S214007E482AF02EB9022008BDBC640020F0B5002632
S214007E58124F8DB0FF2300930A223346386802A9D2
S214007E682AF0ACFFC0B102AB1D4603EB800404E069
S214007E7855F8043BB34228BF5E1CAC423868E9D9C3
S214007E88296803F079FD0028F2D02D28F0D00DB02F
S214007E98BDE8F0402AF004B90DB0F0BDBC6400207F
S214007EA828B1034B0360034B43600023836070478D
S214007EB81900000364640020FF2307B50021044A64
S214007EC80093083009F0A8FA03B05DF804FB00BF79
S214007ED8CB2003000B460449024608680349097884
S214007EE808B12AF015B97047D82900204A5A002048
S214007EF8F7B50C4618B12921194834F03AFB24681E
S214007F0823685E795F8830463946FFF7E3FFF0B1AD
S214007F188568E5B1A089227D3946904291BF002048
S214007F28801AA36880B294BF03469B18E27C009030
S214007F383046A8470138032803D8DFE800F0080FC2
S214007F480B0D002420462EF0AEF8204600E08120D7
S214007F5803B0F0BD8024F5E79324F3E78724F1E720
S214007F683ACD0300F8B515460D4A044610680D4A82
S214007F780B46117850B122462AF0CAF8034628B1B3
S214007F8800210C27C678B14201DB0020F8BD07FBAC
S214007F9801F45A681019125BAA42F7D00131F2E7C9
S214007FA8D82900204A5A002008B5034B1B6803B19D
S214007FB89847002008BD00BFD42900202DE9F74FB8
S214007FC804460D460026454B454F1860454B19702C
S214007FD833010021F85C013610F0EEFA0C2EF7D1CA
S214007FE80C2D28BF0C254FF0000901953C4EDFF8F4
S214007FF800A13D4DDFF8FC80019B4B4502DC03B039
S214008008BDE8F08F23784FF0000B337063887380D9
S214008018A388B380A379C6F80880B371E379C8F853
S214008028005088F804304FF00003A768A8F8063018
S214008038E3795B450ADC012116F8100B10F0BCFA50
S21400804808F1080809F101090C34D5E74FF00003D8
S21400805838886B812880FB784FF0000C2B81BA7823
S214008068C5F804A0002A00920CBF802240222A737A
S21400807879680AF10C02634513DC03EB43030AEB49
S214008088830ABB6843B1009A4FF6FF71B2FA82F2D0
S214008098164B52092DF097FF14350BF1010B0C37D0
S2140080A8C6E7B1F800E00CF1010C22F80CEC91F8E8
S2140080B802E00C3202F816EC91F804E00C3102F8F3
S2140080C815EC11F809ECBEF1010F14BF4FF0100EB5
S2140080D84FF0110E02F814ECCDE700BFD8290020A7
S2140080E8304100204A5A0020DC2F0020F97E00008C
S2140080F8DC2900205C320020014B1860704700BF66
S214008108D0290020014B1860704700BFD4290020F2
S21400811870B5128805460E46FFF724FF044670B170
S21400812802790499806815F0B3FC064B1B680BB9F6
S214008138002070BD3146284622889847F8E78620F2
S214008148F7E700BFD029002008B50FF0D1FA0228BB
S21400815806D0012806D0044B18784000C0B208BDE7
S2140081680120FCE70220FAE7495A0020054B10B523
S2140081781C682CB1FFF7E8FF2346BDE810401847F7
S21400818810BD00BFCC290020014B1860704700BF07
S214008198CC290020034B1A781AB901221A700BF062
S2140081A807BB7047495A00200022024B1A70FFF797
S2140081B8DDBF00BF495A002037B50446002836D030
S2140081C80FF096FA022834D160892EF0CEFAE079BC
S2140081D8237A003818BF0120012B637A08BF40F0C5
S2140081E808000BB140F0100063890BB140F00400A2
S2140081F8257CA188A2790DB1E36893B90F4B10F0DE
S214008208B7FD2178084610F02FFE2DF0D7FD04465E
S21400821810F0E8FD7CB100280CBF0020032003B056
S21400822830BDCDE90035064B10F0A2FDE9E7022087
S214008238F5E70120F3E72046F1E700BF051E040036
S214008248CEED030008B50DF011FC014630B1044828
S21400825814F0AEFABDE808400DF0ACBF08BD00BF8C
S214008268ACCD0300034B044A5B7C0121032013704A
S214008278FFF7DCBD506400204B5A002010B50446BA
S214008288FFF7F0FFB4F57F4F0BD100240F4B1A8889
S21400829813449C70FEF7FCFE2046BDE81040FFF72E
S2140082A8FDBB4FF601739C4204D1BDE81040084858
S2140082B829F005BE4FF602739C4205D1BDE8104072
S2140082C8044B1878FFF78EBB10BD00BFC8540020BB
S2140082D850640020006A002010B5074C0121224691
S2140082E80320FFF793FD28B92378044A003B18BFFC
S2140082F80123537410BD00BF4B5A00205064002061
S214008308F8B5564B564C1A884FF6FF739A4218BF64
S21400831803234FF0080218BF2370524B32251A70F9
S21400832830229A705A71DA7137225D70DD70362500
S2140083381A724FF400121D719D714B4D4264C5644C
S2140083484A4D012205654A4D86188565494DC6671A
S214008358C565494D494E4566494D80F848208566AD
S214008368484D80F854200567474D80F860204567DB
S214008378202580F8785080F8845000F12105C0F850
S2140083888850424D80F86C20C0F88C50C0F8806049
S21400839880F89020C0F89440C0F8B8303C4B3D4C6C
S2140083A8C0F8BC300223C0F898403B4C80F8C03078
S2140083B8C0F8A4400F24394B80F8A840C0F8C43051
S2140083C8374B384CC0F8C8308223C0F8AC40364C1F
S2140083D880F8CC30C0F8B0400924344B344DC0F88F
S2140083E8D030344B80F8B440C0F8D4302C7C324BB4
S2140083F880F89C20C0F8A00080F8D820C0F8DC30B0
S21400840844B12E4B80F8E420C0F8E03005F11103A3
S214008418C0F8E8304FF0000CCA798E6802EB4203C9
S2140084289F00443006EB830326F807C058600120F7
S2140084380D349870DC701318CB71FFF7C1FAFFF78C
S2140084484BFFFFF781FE012806D12B7C23B1BDE840
S214008458F840174829F033BDF8BD00BFB4690020BE
S214008468016A00204C5A0020DD6804000100200044
S214008478DC68040002002000DB68040005004200F7
S21400848803002000DA6804000400420007003000F9
S214008498FDFF21001200100100404200D8680400C9
S2140084A800FF4401C868040006004200C8540020C3
S2140084B85064002002FF2001006A002001FF10011E
S2140084C813B504460D4829F061FC6422C0F30F4337
S2140084D8637083B2B3FBF2F3A078237020220121E5
S2140084E829F038FEA0782122012129F033FE04491C
S2140084F8201D02B0BDE8104029F0E6BDB469002092
S214008508E09304000B7870B583704CF61E03038066
S2140085184FF02013C362012380F8303080F83C30D7
S214008528C3180364124B044643640223114A80F8B6
S2140085384830114B8263C3644063CA798D6802EB86
S214008548420305EB830004F12C0646600B4E45F803
S214008558236000238360531CCB71094B201DC4E99C
S2140085680134FFF7A9FC2046BDE87040FFF7A8BF16
S214008578FDFF210021002000DE6804000100010341
S214008588C9840000437B044A012113700078113027
S214008598C0B2FFF74BBC00BF565A002038B5044699
S2140085A80078054D11302A460121C0B2FFF72EFC8F
S2140085B808B92B78637338BD565A0020024B53F817
S2140085C8200029F0A2BE00BFBC320020012908B551
S2140085D806D0022907D049B929F08EFE002008BD2A
S2140085E829F08DFEFAE729F08DFEF7E7024814F029
S2140085F8DFF80120F3E700BFD9CD030010B4054C1F
S214008608114654F820001A46BDF804305DF8044BAD
S214008618FFF7DCBFBC320020002310B50446838178
S2140086280364A0F844304830FFF746FC014BC4E921
S214008638123410BDF922030038B504460B781A4ADE
S21400864843700D4642F82300FFF7E6FF2046FFF783
S214008658A5FF4FF4401323610123144A2375A26132
S214008668134A84F82030E261124A84F82C30626299
S214008678114A84F83830A26204F10C0222630F4AC9
S21400868804F10D036263E363EA79A86802EB420328
S21400869800EB830110344C60094C40F82340094B2A
S2140086A88B60531CEB7138BDBC320020555A002035
S2140086B808002000026A002000FF300001FF1001B9
S2140086C8020101040586000010B47024427B0D48A0
S2140086D8013A012904FB020006D0022908D059B93C
S2140086E85DF8044B29F008BE5DF8044B29F007BE78
S2140086F85DF8044B29F006BE03485DF8044B14F0F9
S21400870857B800BF98180020F5CD0300B0F85C30C5
S2140087182DE9F0418B4204460E4638D0437B077C51
S2140087288BB31C4A12789A422DD370251A4A013BFD
S21400873805FB032390F80F801B7B424629F0F3FDC8
S214008748B845054601D1FF281FD13A46314620468E
S21400875894F8903029F0E7FD2F4605465522122159
S2140087686078A4F85C6029F0F5FCFF2F03D0394642
S2140087782046FFF7A9FFFF2D09D029462046BDE869
S214008788F04129F010BEFF25DFE70746E6E7BDE81B
S214008798F08100BF3E5A0020981800204168826881
S2140087A8C978D27849B112B10321FFF7AFBF837BEE
S2140087B8002B0CBF01210221F7E72AB1837B002B8F
S2140087C80CBF02210121F0E7014813F0F1BF00BFFA
S2140087D806CE0300037BD3B14368DA7812B1826809
S2140087E8D278A2B91B7933B1837B002B0CBF042146
S2140087F80521FFF78BBF83681B792BB1837B002B82
S2140088080CBF05210421F4E7014813F0D1BF7047D7
S21400881838CE0300084A437B05211370837B5370C8
S214008828C37B9370037CD370037B137100780E3080
S214008838C0B2FFF7FBBA00BF575A002038B5044647
S21400884800780C4D0E302A460521C0B2FFF7DEFA36
S21400885820B1BDE83840084813F0AABF2B786373E8
S2140088686B78A373AB78E373EB7823742B79237355
S21400887838BD00BF575A002074CE0300024B53F889
S214008888200029F0DABD00BFE4320020F8B504461F
S2140088980B78424A43700D4642F82300404E29F0B2
S2140088A8EAFDFFF7CBFF6268A3683E483E49D664F8
S2140088B81165D4655065C3E91410DE64DC654FF0B5
S2140088C8987302266361012304F10C01E1613749BC
S2140088D81032216204F10D01A16235492376E16266
S2140088E804F10E016163334984F82430A16304F16E
S2140088F80F012164304984F83030616404F11001B6
S214008908E1642E4984F83C3084F84830216584F8C0
S2140089185460A265E879A96800EB400201EB82077B
S21400892804F1140CC7F804C04FF4817C244F41F8B6
S2140089382270C218D2B202EB420241F822C001EB02
S214008948820700227A601F4A84F8703022661E4A20
S21400895884F88830A2661D4A1D4BE2661D4AC4F894
S2140089688C3062671C4A8319A26704F15C02C4F85B
S2140089788020DBB2194A03EB4303C4F8842084F84A
S214008988646084F87C6001EB830260345460144AA7
S214008998033041F82320E871F8BD00BFE432002018
S2140089A8A587000005240300DD87000001002001DC
S2140089B80200100103003001040030010500210107
S2140089C801FC01064A002100E0680400510010007E
S2140089D8E2680400E3680400550021006F001800F0
S2140089E81200010470B50D460646144613460A469C
S2140089F801461A4813F0DCFE25B92046BDE870404B
S214008A08FFF73CBC072D05D121463046BDE870402F
S214008A1800F0C4BC4FF601439D4205D121463046BE
S214008A28BDE87040FFF72ABF062D05D1214630461F
S214008A38BDE8704000F066BAB5F5817F05D12146DD
S214008A483046BDE87040FFF7B9BD202D04D120465A
S214008A58BDE8704000F0ECB870BD00BFA3CE0300C0
S214008A680148FFF749BB00BFED8900004FF4C0136B
S214008A7830B5036001230371074B8C688360CA799D
S214008A8802EB420304EB83056860044844F82300BD
S214008A98531CCB7130BD00BFE4680400040001011C
S214008AA80368064A0C2113604368536003891381E0
S214008AB8438922205381FFF7B9B900BF0C33002041
S214008AC810B50368044686B0FBB1114813F070FE73
S214008AD8A37B104A8DF804304FF48273ADF8063045
S214008AE80123CDE90223002301A804938DF814304E
S214008AF8FFF762FB2046618929F0CDFC2046FA2163
S214008B0850F8143B594329F0DFFA06B010BD00BFF1
S214008B18D6CE03002000000110B5064C236843B1EA
S214008B28054813F045FE2068BDE81040418929F045
S214008B38B2BC10BD18330020F7CE030070B5364916
S214008B4810460C68BDF81020002C5ED003285CD8B0
S214008B58DFE800F0021E2745002B5AD0022A58D913
S214008B681D78B3F80160291E18BF012132462B482C
S214008B7813F01EFE2DB13146204629F08CFC00204D
S214008B8870BDE573FA206368584329F024FBF6E7BE
S214008B98234813F00DFEE37B002B38D00023E37345
S214008BA8F0E7002B35D0032A33D91D681D4829461F
S214008BB813F0FEFD1C4B2A1F9A4201D90220DFE75C
S214008BC823680BB19D42F9D823899D42F6D3E37BEF
S214008BD86560B3B9FA20684329F0FDFA11E0002B66
S214008BE8CED0012ACCD91D881048294613F0E0FDBE
S214008BF8002DE3D063689D42E0D8E37B2581002BF7
S214008C08E8D12046FFF74CFFB9E70120B8E7042073
S214008C18B6E70320B4E700BF183300201ACF0300D6
S214008C2851CF030070CF0300FCFF6D009BCF0300FD
S214008C3838B5154B1C6834B3F0B92168134813F0DF
S214008C48B7FD23683BB16268934204D2104813F01C
S214008C58AFFD6368236004F11405284629F039FA45
S214008C68236823B1FA212846594329F02DFA2046CD
S214008C78BDE83840FFF714BF032804D161890548CA
S214008C8813F096FDF3E738BD18330020C6CF03006F
S214008C98F4CF030029D0030070B53E4B0D460446BA
S214008CA809781860002A6FD101231A46A17300219B
S214008CB8E1730121A1814FF46151C4E9001328230F
S214008CC8354E22810C21324622206381FFF79EF81A
S214008CD860B9D6E900230AB19A4207D33189994286
S214008CE89FBFC4E900237389218163812B4B2C4ADB
S214008CF8E363042384F8403084F84C30E318236593
S214008D08284BA2646365022304F10802E265264A3A
S214008D1884F85830226604F10A02A266234A84F8C8
S214008D28643084F8703004F10C03E26663676464A8
S214008D38EA79A86802EB420300EB830104F13C06DB
S214008D484E601B4E40F82360FA261A4B1A488B6072
S214008D58531CEB71FFF7D6F9208904F1140570430C
S214008D6829F039FA6189204629F095FB134B2846E5
S214008D78C4E90534FFF7A0F8216849B128467143CD
S214008D88BDE8704029F0A0B94FF4F07302228DE7D1
S214008D9870BD00BF183300200C33002000002301EC
S214008DA8010023000200210003002101FDFF21002D
S214008DB820000105458B0000218B0000C98A0000B1
S214008DC8134B10B51C680CB3E37BEBB129F085F99F
S214008DD82369C01A002809DB0E4813F0E9FC0023B3
S214008DE8FA20E3736368584329F0F5F9E37B5BB12F
S214008DF82489FA235C4329F0F9F9A04206D02046D4
S214008E08BDE8104029F0E7B96468F2E710BD00BF76
S214008E181833002056D0030038B50024044D55F802
S214008E28040B08B129F04AFB01340A2CF7D138BDE7
S214008E381C330020042908B50AD172B16BB1137827
S214008E481BB929F066FB002008BD29F058FBFAE795
S214008E58034813F0ADFC0120F6E70320F4E700BF53
S214008E6890D0030010B4054C114654F820001A465A
S214008E78BDF804305DF8044BFFF7DCBF1C33002058
S214008E880229024608B50ED004D839B9104629F08A
S214008E9840FB06E04029F9D0412907D1104629F0C1
S214008EA82EFB002008BD29F03EFBFAE7024813F027
S214008EB87FFC0120F6E700BFB0D0030010B4054CD5
S214008EC8114654F820001A46BDF804305DF8044BE5
S214008ED8FFF7D6BF1C330020426B094B52791A7035
S214008EE882785A70C2789A70826B12B190F83C20D9
S214008EF8DA70007804210930014AC0B2FEF796BF3E
S214008F085C5A0020024B53F8200029F028BB00BF0B
S214008F181C33002038B504460078084D09302A4628
S214008F280421C0B2FEF772FF30B96B78A370AB7835
S214008F38E370EB7884F83C3038BD00BF5C5A0020FC
S214008F4838B504460078114D09302A460421C0B2C7
S214008F58FEF75CFFC8B9A3782A78022B0CD004D891
S214008F6863B9204629F0D5FA01E0FF2B0AD020463F
S214008F78BDE8384029F0A2BA002AF2D1204629F0E6
S214008F88BEFAF4E7002AF9D1EBE738BD5C5A0020B0
S214008F98F8B504460B78284A0D4642F82300437075
S214008FA8FFF7B8FF636B254A5C631A632046FFF732
S214008FB8C7FF204629F082FA4FF480136360012326
S214008FC8626BA66B0532E2601D4A23722261A21C00
S214008FD82375A26166B11B4A84F82030E261E21C60
S214008FE86262194A84F82C3004F13C03A2622363B7
S214008FF80627EA79A96802EB4203002E21F82370B7
S21400900801EB83000CBF02230423C3700123837083
S2140090180E4B04348360531C4460DBB20C4C03EBE9
S214009028430341F8234001EB830000234360094BC8
S21400903802328360EA71F8BD1C3300204325030022
S2140090480340300101FF300102FF1001C58E000009
S214009058080001006D8E000028B1034B1B78834280
S21400906834BF002001207047405A002070B5002504
S2140090780A4C0B4E3378AB4200DC70BDD4F8A42003
S21400908842B123791BB16079FFF7E6FF10B91046A5
S21400909828F006FF0135A834ECE700BFA41C002022
S2140090A8415A002008B5427901461046FFF7D4FF1A
S2140090B8A8B1CB780A48013A042B00EB82100ED8E8
S2140090C8012B08D81BB9BDE8084029F018BABDE836
S2140090D8084029F01EBABDE8084029F024BA08BDA1
S2140090E8A41B002008B5427901461046FFF7B4FFD6
S2140090F8A8B1CB780A48013A042B00EB82100ED8A8
S214009108012B08D81BB9BDE8084029F002BABDE80B
S214009118084029F0F4B9BDE8084029F004BA08BDAB
S214009128A41B002010B586B00446FFF70DF80128EA
S21400913830D1E278042A2DD8DFE802F0133234035F
S214009148030061790846FFF787FF58B31648032AD5
S21400915800EB811050F80C3C58791DD1003818BF28
S214009168012063784FF480728DF804304FF48273D0
S214009178ADF806300623ADF8083001238DF80B301D
S21400918800238DF80A0001A8CDE903238DF81430D2
S214009198FFF712F806B010BDB0FA80F04009E0E715
S2140091A80020DEE70220DCE7A41B002010B586B00E
S2140091B80446FEF7C9FF012830D1E278042A2DD8E4
S2140091C8DFE802F013133203030061790846FFF75D
S2140091D843FF48B31548032A00EB811050F80C3CAF
S2140091E85B791DD11A1E18BF012263788DF80A20F4
S2140091F88DF804304FF48273ADF806300623ADF8C8
S214009208083001234FF480728DF80B30002301A834
S214009218CDE903238DF81430FEF7CEFF06B010BD57
S214009228B3FA83F25209E0E70222DEE7A41B002025
S21400923810B586B00446FEF787FF012812D163787A
S214009248094A8DF804304FF48273ADF806304FF4AF
S2140092588073CDE90223002301A804938DF8143007
S214009268FEF7AAFF06B010BD0800070110B586B0C5
S2140092780446FEF769FF012820D16278104B8DF866
S21400928804204FF4827294F8A01094F8A100597044
S2140092981870ADF8062004934FF48072022309492B
S2140092A801A88DF81430CDE90212FEF785FF94F870
S2140092B8A130013B18BF012384F8A13006B010BDC9
S2140092C8605A00200800050110B58378044603B3E9
S2140092D80379022B0AD142791046FFF7BDFE28B162
S2140092E80C48013A00EB821029F01DF9A379022BED
S2140092F802D12046FFF716FF2046FFF7B7FF0223E6
S2140093086078A4F86C305522BDE81040122128F089
S21400931821BF10BDA41B00204388094A08211380DA
S2140093288388538083681B8A938090F8A030937153
S2140093388379D37100780430C0B2FEF777BD00BFDA
S2140093484A55002038B50D4604460178114813F0F2
S2140093582FFA4FF602739D420ED10F4B1B782BB98E
S21400936863712046BDE83840FFF7D6BF62790AB178
S2140093789342F6D20123F3E7B5F57F4FF1D12046A5
S21400938829F06AF9A378022B0CBF01220022A368F1
S2140093989A70E6E7CCD00300405A0020024B53F8F8
S2140093A82000FFF7CFBF00BF4433002038B504467F
S2140093B80078144D04302A460821C0B2FEF726FD70
S2140093C820B1BDE83840104813F0F2B92B88638006
S2140093D86B88E978A380AA88A3681A82AB7984F890
S2140093E8A030EB79A371094B1B780BB9637138BDB4
S2140093F809B19942FBD9064813F0DAF92378013304
S214009408F4E700BF4A550020E6D00300405A002083
S2140094180FD10300F8B504460B78474A0D4642F8C4
S21400942823004370FFF7C2FFA268444BD465D36499
S214009438434B02265365434BA11C13654FF4401358
S214009448E36001236161E1623F49103221632265CE
S214009458211D3E4AA1633E483E49626504F1A002CA
S214009468A061E163E265E01C611D3B4A206261641D
S2140094783A483B492266A21D2374237784F828308D
S21400948884F8343084F84030A16484F84C6084F85A
S214009498583084F864306062A266E879AA6800EBFF
S2140094A8400102EB810704F10C0CC7F804C04FF02A
S2140094B8060C2C4F42F82170C118C9B201EB4101C5
S2140094C842F821C002EB810700217960264F84F814
S2140094D880302767254F84F89830A767244F254B98
S2140094E8E767254F84F8746084F88C60C4F89C306D
S2140094F804F16C06831CC4F88470C4F890601F4F8F
S2140095081F4EDBB203EB4303C4F89460C4F88870BC
S21400951802EB83067034746008261A4C42F823401F
S214009528C31CDBB203EB430302EB8304043042F8AC
S21400953823606160E871F8BD44330020B725030056
S21400954801260300D192000001FF300104FF20012C
S2140095581000300102FF200105FF300100FF300136
S21400956803FF2101070001084A002100E6680400FD
S21400957851001000E8680400E9680400550021005E
S2140095886F0018001200010400239B6AB3F5C04F51
S21400959803D21968064A914203D0002303708360F9
S2140095A87047012202709A689B694260F7E700BF1D
S2140095B807B0CD5E024B034A1A602AF09DBA00BF78
S2140095C80000002002020FF073B5534B04461A78C9
S2140095D81AB102221A7002B070BDCDE90022002826
S2140095E8F9D001261E7032F03DFF4C4D4C4B1860EA
S2140095F817F0E0FA2B785BB902F062FA40B94948EE
S2140096080823494A4949006801F0A8FE00B92E70A7
S214009618474B5A6E62619B6E464AA3614FF40043FD
S214009628936603F188435968E16143499960196E66
S2140096382160596E6160D3F87011A160196CE16001
S214009648596C21613D49086C1864496C59640121BC
S21400965851664FF4005191661A6E560436D538494D
S214009668CA68D407FCD45B6E5A0434D5354AD36B23
S21400967813F0430FFBD1344B1A68531C31D04FF408
S21400968800139340314A13660423304C6846236619
S2140096984FF480632366102323664FF40053236633
S2140096A84FF0804323664FF4804301A9636628F091
S2140096B8EBFF009B2366019B63662B78002B8AD002
S2140096C8194B1A6822665B68636684E72049CA688D
S2140096D8D007FCD4C7E71F4AD36B13F0430FFBD160
S2140096E8C9E71D4B1B78002BCED14FF48072114B67
S2140096F85A661A4A52681AB94FF40011134A116684
S2140097084FF400725A66164B5B68002BBCD14FF4B8
S21400971880020E4B1A66B7E7635A0020645A002088
S2140097288C330020BC6400209033002000710800B1
S214009738008000500090005055CEAC0000C0005489
S214009748000004400000024C88640020009000449A
S214009758000004500000025C625A002000C0055059
S2140097680000065070B52C4D04462E78012E02D007
S21400977801232B7070BD0028FCD028F0AAFF01300A
S2140097880BD028F0A6FF40F20113984205D0234BD1
S214009798234A5E66D368DE07FCD4224B22491B6E3A
S2140097A813F0040F4FF4005314BF1C4A1F4A936665
S2140097B8CA6B12F04302FBD121681A4B196661681E
S2140097C85966A168C3F87011E1681964216959647B
S2140097D8E169C80748BF9A60154B1A6801320DD16F
S2140097E8144A127852B914494968C90748BF1A601A
S2140097F8124A5268D20744BF01221A606269104BA7
S2140098085A66A2699A6617F0DDF90E4B186832F0A8
S21400981824FE0023ADE700BF635A002000900040F6
S21400982800000440008000440000024C00900050F5
S21400983888640020625A002000C0055000000650C8
S214009848008000508C33002070B50024A36AB3F55E
S214009858C04F23D21A68134B9A421FD1124E337840
S21400986813F0FD0518D14FF480341048FFF7ACFE0E
S214009878032004F0B9FC0E4B0320DC6004F098FCCF
S2140098880C4B1C61AB6ADB69984704460748FFF730
S21400989869FF0CB901233370204670BD4FF48174FC
S2140098A8FAE700BF07B0CD5E625A00206C3300208E
S2140098B800A000440090004413B5204B1B7803B961
S2140098C8FEE700231E4CCDE900336A4608231D49EF
S2140098D8206801F043FDF8B91B4AD2F84031D2F8A7
S2140098E840211F2B4FF0010311D9203A9340019ACB
S2140098F81A43019208236A461249206801F0B6FE08
S214009908124B134A1A602AF0F7F802B010BD9340BB
S214009918009A1A430092EDE72D28F1D10A4AD2F8A8
S2140099284031D2F840211F2B4FF0010385BF203A63
S21400993893409340019398BF0093DBE7635A002057
S214009948BC6400200071080000800044000000206D
S2140099580B020FF038B50025AB6A0446B3F5C04FC6
S21400996810D21B6BB3F5C04F0CD20748FFF72CFE7E
S214009978AB6A20461B6B5B689847BDE838400248D0
S214009988FFF7F0BE38BD00BF9833002013B500249B
S214009998A36A0190B3F5C04F13D21B6BB3F5C04F43
S2140099A80FD20948FFF710FEA36A01211B6B01A816
S2140099B89B69984704460448FFF7D4FE204602B041
S2140099C810BD4FF48174F9E79833002070B500266F
S2140099D8B36A0446B3F5C04F0D4612D21B6BB3F5F7
S2140099E8C04F0ED20848FFF7EFFDB36A20461B6B40
S2140099F829469B69984704460348FFF7B3FE204666
S214009A0870BD4FF48174FAE79833002070B50026CD
S214009A18B36A0446B3F5C04F0D4612D21B6BB3F5B6
S214009A28C04F0ED20848FFF7CFFDB36A20461B6B1F
S214009A382946DB69984704460348FFF793FE204605
S214009A4870BD4FF48174FAE798330020F8B5002704
S214009A58BB6A0446B3F5C04F0D46164611D21B6BBB
S214009A687BB10948FFF7B0FDBB6A20461B6B324640
S214009A7829465B6A984704460348FFF773FE204664
S214009A88F8BD4FF40174FAE79833002070B5002645
S214009A98B36A0446B3F5C04F0D4612D21B6BB3F536
S214009AA8C04F0ED20848FFF78FFDB36A20461B6BDF
S214009AB829469B6A984704460348FFF753FE204604
S214009AC870BD4FF40174FAE798330020F0B500270C
S214009AD8BB6A0446B3F5C04F0D461646ADF5177D6E
S214009AE820D21B6BB3F5C04F1CD21048FFF76CFD95
S214009AF8BB6A20461B6B40F251225B6A01A9984755
S214009B08044630B10948FFF72DFE20460DF5177DAF
S214009B18F0BD836A32461B6B2946DB6A01A8984764
S214009B280446EFE74FF40174EFE700BF98330020D0
S214009B3810B50024A36AB3F5C04F10D21B6BB3F55B
S214009B48C04F0CD20748FFF73FFDA36A1B6B1B6B81
S214009B58984704460348FFF705FE204610BD012433
S214009B68FBE700BF98330020F0B58FB0044601A885
S214009B780E461546FFF7EEFE9DF80C30012B12D167
S214009B88B5F5002F27D8B4F5002F24D86319B3F5F8
S214009B98002F20D821462A46304614F0B7F800246D
S214009BA820460FB0F0BD0027BB6AB3F5C04F15D2EC
S214009BB81B6BB3F5C04F11D20A48FFF705FDBB6A09
S214009BC82A461B6B314620465B6B98470446054879
S214009BD8FFF7C8FDE4E740F20244E1E740F201146B
S214009BE8DEE700BF98330020F0B58FB0044601A822
S214009BF80E461546FFF7AEFE9DF80C30012B1FD11A
S214009C08B5F5002F06D8B4F5002F03D86319B3F5B9
S214009C18002F13D940F2024420460FB0F0BDE25898
S214009C28013225D104339D42F9D82A4631462046CA
S214009C3800F082F80028EDD00024EDE70023F2E7D4
S214009C480027BB6AB3F5C04F15D21B6BB3F5C04FE0
S214009C5811D20A48FFF7B8FCBB6A2A461B6B314686
S214009C6820469B6B984704460448FFF77BFDD3E7DE
S214009C7840F20344D0E740F20114CDE798330020C1
S214009C8870B58EB0044601A80D46FFF763FE9DF832
S214009C980C30012B22D144EA0503C3F30C03002B36
S214009CA833D1B5F5002F04D940F2024420460EB051
S214009CB870BDB4F5002FF7D82544B5F5002FF3D8B6
S214009CC8204604F5005400F029F8AC4202D00028DB
S214009CD8F6D1E9E70028E7D00024E7E70026B36ACC
S214009CE8B3F5C04F14D21B6BB3F5C04F10D20A4859
S214009CF8FFF76AFCB36A29461B6B2046DB6B98475E
S214009D0804460548FFF72EFDD0E740F20444CDE7A9
S214009D1840F20114CAE700BF983300204FF400321F
S214009D2808B5044B9A6632F03BFEB0FA80F040095C
S214009D3808BD00BF00900050134610B562B103433B
S214009D489B070BD14FF40034054B9C6632F024FE7B
S214009D58B0FA80F0400910BD0120FCE70020FAE7C1
S214009D6800900050BFF34F8F0549064BCA6802F4AF
S214009D78E0621343CB60BFF34F8F00BFFDE700BF21
S214009D8800ED00E00400FA0570B5D0B1C9B10E4E7A
S214009D98431E013913F8014F2046325D02F00302D4
S214009DA8012A11F8012F08BF04F12000B55C05F060
S214009DB80305012D08BF2032801A01D1002CE9D1F5
S214009DC870BD0120FCE700BF7D9004000348044AEC
S214009DD80449121A921028F0E1BC00BF4061000046
S214009DE8186300008061002008B5154B83F30A88C5
S214009DF800F030F8FFF7EAFF124B13498B4212D3F4
S214009E080020124B12498B4218D3FCF78BFF1868B8
S214009E1850F82240586840F822400132986882423A
S214009E28F5D30C33EAE70022F8E71C6844F822006A
S214009E3801325C68A242F8D30833E4E70022F8E768
S214009E4808000020A8CC0400B4CC0400B4CC04005D
S214009E58B4CC04004FF40041134B144A70B59A6012
S214009E68D3F88820124D42F47002C3F88820114AAD
S214009E7805F5005491664FF0FF3222664FF6DF7202
S214009E8862660222C3F8D020BFF34F8FBFF36F8FEE
S214009E984FF44036032004F0A7F90320E66004F0E8
S214009EA887F92E6170BD00BF00ED00E0006000007D
S214009EB80080004400900050054B1860054B1B6F4F
S214009EC803F00703032B01D130F018BC704700BF1E
S214009ED898640020008000502DE9F04104464FF0B9
S214009EE801080C250D4E0CB9BDE8F08194FAA4F0D3
S214009EF8B0FA80F00F2808FA00F2C8BF103824EA33
S214009F080204CABF05FB006205FB0062B43257684C
S214009F18002FE8D09168C0B2B847E4E7B83300200D
S214009F2808B50C4832F0BFFA192004F04FF928B1EA
S214009F38192004F059F9192004F03AF91A2004F007
S214009F4845F928B11A2004F04FF91A2004F030F920
S214009F58002008BDEC6A04002DE9F0410E461746BD
S214009F68054618B30F2923D80378DBB1013BDBB2CB
S214009F78022B19D8104AD35C6A78D340DB0717D56A
S214009F880E4BD3F81043ACB932F06CFA80463A461A
S214009F982846314603F064F8404632F05EFA20461A
S214009FA8BDE8F0817F23E7E70023E5E72224F6E70C
S214009FB82124F4E70224F2E73C69040000C00350B9
S214009FC810B5044610B30378E3B1013BDBB2022BAD
S214009FD81AD8104AD35C6278D340DB0718D532F01B
S214009FE841FA0122617823788A4030214B4341F2B6
S214009FF8100103F1A04303F570335A5032F02DFADE
S21400A008002010BD7F23E6E70023E4E72220F8E7D8
S21400A0182120F6E73C69040010B5044610B303781F
S21400A028E3B1013BDBB2022B1AD8104AD35C627844
S21400A038D340DB0718D532F015FA01226178237869
S21400A0488A4030214B4342F2100103F1A04303F546
S21400A05870335A5032F001FA002010BD7F23E6E72D
S21400A0680023E4E72220F8E72120F6E73C6904000D
S21400A07838B50D46044618B311B30378E3B1013B6F
S21400A088DBB2022B1AD8104AD35C6278D340DB07BF
S21400A09818D532F0E7F930222378534303F1A0436A
S21400A0A803F570335B696278D34003F001032B70C5
S21400A0B832F0D3F9002038BD7F23E6E70023E4E733
S21400A0C82220F8E72120F6E73C6904002DE9F04154
S21400A0D80D4616469846044600284FD000294DD00F
S21400A0E80178002940D04B1EDBB2022B3ED8254A09
S21400A0F8D25C6378DA40D20701D4FF2940D1022E19
S21400A10801D9042E3CD132F0ADF923780746FF2B4F
S21400A11805D032462046296802F0E8FF28602B68FA
S21400A128013309D12378FF2B06D1174B6078D3F873
S21400A138241429F004F9286029684B1C18D00C232D
S21400A148124A03FB0122069BC2F804809360237818
S21400A158FF2B04D001230E4A8B40C2F8243438461D
S21400A16832F07BF9002007E07F22C2E70022C0E732
S21400A178384632F072F92D20BDE8F0812220FBE740
S21400A1882120F9E73C69040000C00350B8330020DA
S21400A19800D0035008B502F059FF054B00F05530C3
S21400A1A820F05020C3F82004BDE80840FFF794BE0E
S21400A1B800E0035008B502F049FF054B00F0AA304E
S21400A1C820F0A020C3F82004BDE80840FFF784BEAE
S21400A1D800E003502DE9F04F144605460E469B4610
S21400A1E8C36B87B001225B6902A960689847EB6B6E
S21400A1F801225B6903A93046984702A828F0CDFEDD
S21400A208074648B10023A37563754FF0FF33A36074
S21400A218002007B0BDE8F08F03A828F0CBFE012386
S21400A228A375237E04EBC303DE611F846368B34211
S21400A2380ED1206003A828F0DFFE4FF0FF3320750C
S21400A248A360237D043B022B26D80023A375DFE7F3
S21400A25823681A1A53425341A37503A828F0CCFE64
S21400A268237D834218BFA77503A828F0A7FE0746D4
S21400A27802A828F0A3FE874218BF002303A818BF29
S21400A288A37528F0A3FE074602A828F09FFE87427B
S21400A2981CBF0023A375D4E703A828F08FFE80B15F
S21400A2A8EB6B022230465B6904A9984704A828F09D
S21400A2B894FE0346207D032839D8DFE800F03838B6
S21400A2C8040903A8F3E7CC22237E04EBC3031A840D
S21400A2D801F06EFC109B187003A8277E28F062FE1B
S21400A2E804EBC70787F82200237E03A804EBC30302
S21400A2F8B3F8209093F8227028F060FE804603A8F2
S21400A30828F064FE8246B8F1000F15D0EB6B0222E7
S21400A31830465B6904A9984704A828F023FE6075B0
S21400A328637D6BB90023A3754FF0000838E0227EE2
S21400A33804EBC2021384CBE703A828F0FEFDEEE781
S21400A34894F81680B8F1000FEED0B9F1000F09D1D5
S21400A358DFB10123E375637E002B4FD1012F42D175
S21400A368677614E06B6C06EB0A015A4286EA01002F
S21400A37810421CBF0022A2755A1E0A409B1A994515
S21400A388D0D8A37D002BE3D1CEE7E37D43B94FF0C9
S21400A39800084B4652463146284628F049FBA0603E
S21400A3A8A27D12B123694B4423611A49237E09789A
S21400A3B899422AD901332376BBF1000F27D032B34E
S21400A3C8E37D23B3B8F1000F21D1032F1FD0A16876
S21400A3D84B1C1CD0109B2246009328460123FFF7EF
S21400A3E8F9FEA07513E095F8343063B9EB6A0133CB
S21400A3F8CFD1032FCDD10123A376C8E7012FCFD025
S21400A408032FC4D1F7E79846C3E70023A375A07DBA
S21400A418FFE600BF606904002DE9F04F0E46984637
S21400A42800238BB004464FF0FF31104617468DF8D0
S21400A438133001F0A7FBB6F5801F20D2314605AAD7
S21400A44804F1080028F0FBFC451C014603D1237CD8
S21400A458BBB92D2010E0384601F094FB012239469E
S21400A46820460DF1130328F035FB0028EFD09DF8A1
S21400A478133088F8003000200BB0BDE8F08FB01C11
S21400A488E5D1E56A691C36D12046616A28F016FAD5
S21400A4980546B31C18BF0123DFF8CC900193636A06
S21400A4A8626C0293236805A902FB053AE36B052252
S21400A4B85B695046984705A828F00AFE28F02DFE46
S21400A4C8504628F035FE4FF0000B824601464B1CDE
S21400A4D805D0636C81EA0A025B42134211D0294612
S21400A4E8204628F0EBF9029BAB422CD0BBF1000FBC
S21400A4F82CD10546D3E72368ED1A636CB5FBF3F554
S21400A508C7E7484601F03EFB0DF1130349462046CF
S21400A518019A28F0DFFA034690B1B21C03D0D9F8A6
S21400A5280020B2420CD19DF8132003930D4B88F8F7
S21400A538002049461A68384613F0E8FB039B9B46FA
S21400A548D9F80810C3E7BBF1000F82D0B6F5801F14
S21400A55891D2314698F800307A6804F1080001F084
S21400A5683FFA88E75C690400943B00202DE9F34134
S21400A5780446174698460E46184D816AE36A8B428B
S21400A58801D04B1C02D102B0BDE8F081284601F08C
S21400A598F9FA0122294620460DF1070328F09AFA0F
S21400A5A838B14346294620469DF80720B847002874
S21400A5B8E9D0A9684A1C04D16968204628F00BFA35
S21400A5C80146012EDAD16B6881EA0302636C5B42AE
S21400A5D81A4218BF4FF0FF31D0E700BF683B002093
S21400A5E82DE9F04F4FF0FF334FF6FF720025044673
S21400A5F800F10806C0E909238BB0C362056205634B
S21400A6083046884628F0ECFB204628F027F960BB41
S21400A6182046414628F0A2F9204628F01FF960BBDC
S21400A6285E200BB0BDE8F08F2368E26B606C57695C
S21400A63800FB0530052205A9B84705A828F048FDFF
S21400A648012807460CD12946204628F058F9012F3C
S21400A658024600D101322946204628F01EF903E0BA
S21400A66828F060FD0028EED10135E3699D42DBD372
S21400A678204628F0F3F80028CAD000254FF0FF3906
S21400A6884FF6FF73CA46A846C4E90853E3699845D7
S21400A6980AD3A5EB0905012D2CD84FF6FF72636A7D
S21400A6A893423CD16720BCE72368E26B606C57692D
S21400A6B800FB0830052205A9B84705A828F008FDBC
S21400A6C8834605A828F0DBFC0746584628F025FDF3
S21400A6D868B1574538BFC4F82480B94528BFB9467D
S21400A6E8BD4238BF3D46BA46236A0133236208F1A5
S21400A6F80108CBE74FF6FF7300256362E3699D42C6
S21400A708CBD2676C2068E36B052207FB05005B6904
S21400A71805A9984705A828F0B2FC0135EEE7E26BD4
S21400A728676C2068694607FB030055690522A84739
S21400A738684628F0A4FC626A2368606C4B4D00FBF0
S21400A748023028F0F5FC4FF0FF33A062E3622A4699
S21400A7586FF00101204605ABFFF75EFE002846D1E4
S21400A768AD6829462046E56228F054F8206320B9EB
S21400A7782046E16A28F02FF9E0622946204628F0AC
S21400A7882AF90546A36A9D4233D1204628F015F8D3
S21400A79800278046B946E36999453CD3B84559D958
S21400A7A82046616A28F08AF80026054604F1400A21
S21400A7B8B74212D8626C2368694602FB0539E36B18
S21400A7C805225B6948469847684628F058FC534671
S21400A7D802464946E06B28F0ADFC2946204628F09C
S21400A7E86DF80136B0450546E2D1642019E7A56A3A
S21400A7F8B7E72946204628F00DF8236B2946034478
S21400A80807462363204628F0E6F80546002FB9D108
S21400A818C4E90B07B6E7636C2568052203FB0955F0
S21400A828E36B05A95B692846984705A828F050FCFD
S21400A83828F073FC58B1284628F07AFC01462046D2
S21400A84827F0E8FF636C143B984208BF013709F10C
S21400A8580109A0E7304628F0C3FA00232046194627
S21400A868034AFFF783FE0020DBE600BFC03B00205C
S21400A878CB2A03002DE9F041036B9046826B0768EC
S21400A8889A4288BF8363426C436A90B002FB0377A0
S21400A898C36B0E46052201A95B69044638469847ED
S21400A8A801A828F015FC01280146307057D0656CC1
S21400A8B8E26B2368606AD2F814C005FB00300522F4
S21400A8C806A9E04706A828F003FC01284FF0000573
S21400A8D823D0D4E90A3201219342CDE90B458DF8FD
S21400A8E834800E958DF83C102AD11946204628F05B
S21400A8F872F8236B626C14339B1AE06223630C9B1A
S21400A90853B99DF83C303BB1626A616C2368E06BD2
S21400A91801FB023128F094FB0C9DE36B05225B6972
S21400A92801A93846984701A828F0D2FB3070284677
S21400A938236BA26B9A4288BFA36310B0BDE8F08170
S21400A948237C33B91C490BAA04F1080001F096F8D9
S21400A958D5E72046194A0BABFFF708FECFE7237C5E
S21400A96823BB2246164904F1080001F087F8616AFD
S21400A978204627F0C4FF616A421C204627F08DFF58
S21400A988054620B9236B626C1344143B23632046A8
S21400A998A16A28F020F82368A062C01A636CB0FB8E
S21400A9A8F3F06062204628F059F8B6E70023204600
S21400A9B8044AFFF7DBFDDAE721B100009DB000008E
S21400A9C8652B0300012B030073B50D46D11E4A42C2
S21400A9D81C461B7E4A419A4226D12968236899421A
S21400A9E822D3636899421FD8114E0DF107033246E9
S21400A9F8FFF712FDC0B972686B689A4214D19DF8C9
S21400AA080730DA1E53425341227E93420CD16369C3
S21400AA1801336361D4E90323934205D22968A26807
S21400AA2842F8231001332361012002B070BD00BF35
S21400AA38C03B00202DE9F04F9B4689B09DF8483072
S21400AA489046514A0193136907465B450D46C0F088
S21400AA589580D94653680093B9F1000F7BD0FB6BFD
S21400AA6801225B6905A90098984705A828F0A2FA6C
S21400AA78454B1B68984240F0848005A828F0A6FA43
S21400AA880428064615D105A828F0A7FA009B044610
S21400AA981E44019B002B3ED1804512D91C46A8EBCC
S21400AAA800083846009927F096FFA9EB040900909D
S21400AAB8D2E7FB6B02225B69009806A9984706A8AE
S21400AAC8E2E7A0EB08045C4528BF5C46032C464436
S21400AAD8ABEB040B1DD9FB6B294630465B69A20815
S21400AAE8984724F0030304F0030A1E441D44DDF8C7
S21400AAF80480BAF1000FD4D0FB6B012206A93046B9
S21400AB085B6998475246284606A913F0FFF855444D
S21400AB18C7E7A246EBE7824600F0030302932B182A
S21400AB2803930644039BA6EB0A00A3EB0A05029BC5
S21400AB389A4514D1BAF1000FB3D0FB6B012206A9CF
S21400AB485B6998475246284606A913F09BFA0028E0
S21400AB58DDD04FF03609484609B0BDE8F08FFB6BEC
S21400AB68012206A95B6998470422284606A913F01D
S21400AB7889FA0028EDD1AAF1040AD3E74FF0630951
S21400AB88E9E74FF06F09E6E7EC3B00202DE9F041D6
S21400AB980F4616469846044688B060B390F8345078
S21400ABA8FDB1012127F04FFE00210E9BCDE90511CE
S21400ABB8CDE902379DF83C30CDF804808DF81C307E
S21400ABC8237C04968BB90D4901AA04F1080000F00D
S21400ABD855FFDDE90553E06B002E08BF1D4627F03C
S21400ABE8CBFF284608B0BDE8F0812046044A01ABF2
S21400ABF8FFF7BCFCEDE70546F3E700BF2F2B030085
S21400AC08D1A900007FB590F84260044601920DF184
S21400AC180B030A463046114927F0B6FF012E0546B3
S21400AC28E36B17D132465B6903A998479DF80B106A
S21400AC38039B019A59B19BB243EA02430122284674
S21400AC480393E36B03A99B69984704B070BD62F34E
S21400AC580F03F3E701229B6901A9F5E7EC3B002007
S21400AC682DE9F04F99B00E460D920A69416C0B9388
S21400AC781439D31DB3FBF1F3013302EBC302036BA4
S21400AC8804469342C0F001820023DFF80494089338
S21400AC98E36A48461946059300F074FFD6E9033779
S21400ACA807930B9B022B4DD1CC2F40F0D7810D9BE1
S21400ACB83BB13146204627F0BDFF656C1490012055
S21400ACC844E00120079B656C1B68149300F00100A4
S21400ACD800280CBF04230823782F0E9349D8059A1A
S21400ACE86B1E1340ED1A3B1D9D423CD2002F3DD0F3
S21400ACF8082D3ED80023042506934FF0040A33682F
S21400AD0806990B98C9F80030C9F8107028F078F939
S21400AD184FEA9A030F93059B89F8140003930023C0
S21400AD2809930C9304930A93616C039B4A1E1A407A
S21400AD388B1A27B35544AB4223D8236B5B1A1344AC
S21400AD4823632FE1782F656CB9D8F07D0D9B002B17
S21400AD58BCD0E36B01225B69706816A9984716A8F1
S21400AD6828F02CF9B4E700250695C6E704250697CB
S21400AD78C3E7012300254FF0080A0693BFE75345AB
S21400AD88DBD3A3EB0A029742039BB84628BF90463C
S21400AD989742534428D90122D9F8101089F8172069
S21400ADA88F4226D10399C9F80410049299F81720FF
S21400ADB80AB399F818100398CA1C09EBC202506027
S21400ADC804980131A2F80880907289F81810B8F132
S21400ADD8000F07D00B9A022A40F08180099A72B1B8
S21400ADE8012209929B46ABE0049A002A18BF032268
S21400ADF8DBE70222D9E7039AC9F80420E7E70C9AAA
S21400AE084244032AEED9E26B1846956914A9012232
S21400AE180993A847099B05460028E1D03D2D40F038
S21400AE281E8104F1080303932368059A606CA2EB5D
S21400AE38030ABAFBF0FA00FB0A3028F079F9E16A4F
S21400AE488046204627F0C7FDA26A824200F00F819E
S21400AE58626CD9F80830511E0B40216B2768891A96
S21400AE680B442363089BE062DF1BB7FBF2F7BA4587
S21400AE7840F0FA80059BB3EB080A12D0E36B4FEA62
S21400AE889A0241469B6998478346E36A059A534463
S21400AE98E362236B03989B1A4344236327F0A0FFBF
S21400AEA8DA462368616CE06B01FB073128F0B5F8D9
S21400AEB8204627F0D3FC204627F0D0FD2063BAF1C1
S21400AEC8000F00F0D4803269616CD31D1439B3FBCF
S21400AED8F1F3013302EBC3029042A5D2BFE00D9A0C
S21400AEE8002A77D1B8F1030F4FEA98026ED9E16BC2
S21400AEF818468D6907991093A847109B0546C0B950
S21400AF0818F0030515D0079A28F0030B02EB0B017F
S21400AF189B444FF0FF3215A815922A46109312F05C
S21400AF28F5FEE26B5846956915A90122A84705461D
S21400AF38109B9B46079A42440792002D40F08B8050
S21400AF48049B16A80193069B009399F81420434681
S21400AF58316800F0CDFDE36B0F9A9B69039816A93C
S21400AF689847039A051E089B18BF1346089343463E
S21400AF7852462046039927F05BFD236B08F103022F
S21400AF88A3EB0A0322F003029B1AC9F808002363FE
S21400AF98002D7FF443AF0C9BA7EB080743440C93A4
S21400AFA8CDF80CB02046039927F015FD0025039030
S21400AFB8002F7FF4B9AE364A3168936804F108006A
S21400AFC8E36252680B9B00F00BFD49E09B46454642
S21400AFD807999EE79B4606F120021092F27D70685C
S21400AFE8A2B1002296F818C00A99D5B2AC4511D974
S21400AFF8109D02F1010E35F832508D4228D90E9870
S21400B00806EBC2020144D069084403E00E9A0A9986
S21400B0180A441044E26B15A9556901221193A84702
S21400B028159A0A9B1392E26B0433956958460122D7
S21400B03813A90A93A847119B054603EB0802A2EB3F
S21400B0480B02042A7FF679AF28B90BF1040BC5E783
S21400B0587246491BC9E7CDF820B088E770252F4609
S21400B068384619B0BDE8F08F4FF0000A19E7326984
S21400B078616CD31D1439B3FBF1F3013302EBC30241
S21400B088236B9342BFF404AEE9E71C27E8E700BF4A
S21400B098943B0020032A2DE9F34106460D46174641
S21400B0A81C4606D1237A012B23D0012002B0BDE826
S21400B0B8F081DFF86080096842460DF10703FFF764
S21400B0C8ABF960600028EDD19DF80720237A032AA3
S21400B0D8E8D0D8F804106A689142E3D1012B2969B0
S21400B0E8D4F80CC007D172690CEB0103934202D95D
S21400B0F82074207CDAE708316144E1603B4601228F
S21400B10829463046FFF7ACFD60600028CAD000200C
S21400B118CCE700BFC03B00202DE9F341089C032A7A
S21400B1281746266806D1237A012B24D0012002B0C0
S21400B138BDE8F081DFF89080304642460DF10703FF
S21400B148FFF76AF960600028EDD12568D8F8040092
S21400B158A96AD5F844C04840CCF100031840227AC2
S21400B168E1D1012A09D1E268D8F81030134472698F
S21400B178934202D92074207CD9E72868EB6A1B1A08
S21400B188081AB3FBFCF3B0FBFCF083420BD1706CDF
S21400B198F36A421E1340326B121A1344284633636E
S21400B1A827F019FCE862D8F81020E3680832134440
S21400B1B8E36001223B4604492068FFF751FD6060C2
S21400B1C80028B0D00020B2E7C03B00202DE9F041AF
S21400B1D80025604B0E46D3F8008004461D6018B95B
S21400B1E821252846BDE8F08190F8347007B30A6830
S21400B1F803689A4240F0A3804A6843689A4240F03F
S21400B2089E808A6883689A4240F09980CA68C368B4
S21400B2189A4240F094800A6943699A4240F08F80C7
S21400B2288A69C36B9A4240F08A804B698361D8E783
S21400B23868223946856B12F0D9FBD6E902123368C4
S21400B24804F1080023607368A5636360336963616B
S21400B2587369A36127F0D6FDB36904F14000E36380
S21400B2689B68984720B9676C17B16368B3FBF7F714
S21400B27894F84330E761002BB2D00023656C236650
S21400B288002D64D0002F62D02368B3FBF5F205FBCF
S21400B2981233002B55D16668B6FBF5F305FB13632E
S21400B2A8002B4ED1204627F0A5FAA36904330344A1
S21400B2B89E4248D340F634726369CC3B934244D8E6
S21400B2C8B5F5805F43D30321204627F0BCFAD4E9BE
S21400B2D80001E36B1B6898470546E36B0220DB68B2
S21400B2E89847CDB941462046FFF77AF964280546BF
S21400B2F804D141462046FFF773F90546666C5DB9EA
S21400B308236A2046143E5E4327F074FAA369043382
S21400B31803449E4238BF5A25002D0CBF0123002344
S21400B32884F8343007D1D4E900010B4A1368013396
S21400B338136027F001FEE06B27F01EFC51E75D2541
S21400B3484FE759254DE75A254BE75F2549E75B2523
S21400B35847E700BF24350020203500202DE9FF41AF
S21400B3680C4616461F46054680B390F834307BB325
S21400B378B1F5801F2ED2DFF86080012127F063FA2E
S21400B3882146424628460DF10F03FFF745F80446C6
S21400B39870B99DF80F30012B11D1D8F81030BB4288
S21400B3A812D10246009031462846FFF743FB044672
S21400B3B8E86B27F0E1FB204604B0BDE8F081022BDD
S21400B3C814BF2D246024F3E76324F1E72124F2E771
S21400B3D81124F0E72924EEE7EC3B00202DE9F043A2
S21400B3E885B00C4617461E460546DDF8308098B3ED
S21400B3F890F8343093B3B1F5801F31D2DFF86490FB
S21400B408012127F020FA21464A4628460DF10F0367
S21400B418FFF702F8044688B99DF80F30012B14D1BF
S21400B428D9F8102006EB08039A4213D30090434637
S21400B438324639462846FFF7FDFA0446E86B27F0F9
S21400B4489BFB204605B0BDE8F083022B14BF2D24D5
S21400B4586024F3E76324F1E72124F2E71124F0E7F8
S21400B4682924EEE7EC3B002073B50C461646054645
S21400B47830B390F834302BB3B1F5801F24D20121B5
S21400B48827F0E1F921462846104A0DF10703FEF792
S21400B498C3FF044680B99DF80730032B0CD0022B57
S21400B4A80CD12846094927F0C5FB3060E86B27F021
S21400B4B863FB204602B070BD2D24F7E76124F5E74C
S21400B4C82124F6E71124F4E72924F2E7EC3B0020D0
S21400B4D82DE9F3411E4600230C4617460546336001
S21400B4E850B390F834304BB3B1F5801F28D2DFF84C
S21400B4F85480012127F0A7F92146424628460DF137
S21400B5080703FEF789FF0446A0B99DF80730032B0A
S21400B51810D0022B03BF01233B600423D8F8103059
S21400B52818BF38603360E86B27F026FB204602B069
S21400B538BDE8F0812D24F6E72124F7E71124F5E786
S21400B5482924F3E7EC3B002073B50446056B27F087
S21400B55851F9636E03449D422CBF002301238542A4
S21400B56894BF00252D1A207C84F85030656584F831
S21400B5785800A8B100230C4E1A46194620460096D5
S21400B58827F01CFC002305461A4619462046009656
S21400B59827F01DFCE3682844984294BF0020C01A90
S21400B5A8E06502B070BD00BFFFFF0F002DE9F3474E
S21400B5B81E4643690446B342884617469DF82890B7
S21400B5C84ED300258DF80750204627F013F9D4F8F7
S21400B5D830A082450AD2236AB5EB430F06D2002272
S21400B5E820460DF10701FFF745F9B8B39DF8073077
S21400B5F8012B05D1002220460DF10701FFF73AF985
S21400B608B9F1030F06D03146204627F0E3F8256B3C
S21400B618854227D3144D4FF0FF31284600F0B2FA82
S21400B6284B46294600222046C5E90376C5F8008021
S21400B638FFF716FB236E054663B12046FFF784FF27
S21400B64894F8503013B994F858301BB1236E04F1AF
S21400B65850009847284602B0BDE8F0870135B3E7A2
S21400B6686225F7E71C25F5E7C03B00202DE9FF41DA
S21400B6780F4690461E46054698B390F8343093B366
S21400B688B1F5801F31D21A4C022127F0DCF8224689
S21400B698394628460DF10F03FEF7BEFE024678B17E
S21400B6A8012342460093394633462846FFF77EFF75
S21400B6B80446E86B27F060FA204604B0BDE8F0813F
S21400B6C89DF80F30012BEBD12169B142E8D10093E8
S21400B6D8414633462846FFF7ADF904460028DFD131
S21400B6E8E7E72124E8E71124E6E72924E4E700BF92
S21400B6F8EC3B00202DE9F04790F8423086B0012B4D
S21400B70805460391A1EB020740F0AA80FF2F03D855
S21400B7181E464FF0640807E00226012B14BF4FF0C0
S21400B72832084FF06408013600244FF6FF79DFF838
S21400B73844A195F84230012B14BF322364239C425F
S21400B74802D35FFA88F40DE005AB22465146284638
S21400B75827F04EFA95F84230012B059B34D14B451D
S21400B7682DD1E4B295F84230012B14BF3222642260
S21400B778121BB24217D3012E39D10022012B05978E
S21400B7888DF8132027D1082205A90DF1130027F0FC
S21400B798EBFC9DF81330059A42EA03222146284618
S21400B7A8FFF730FA40B10223324900932846CC23EB
S21400B7B8096803AAFFF7FAFE06B0BDE8F087DBB211
S21400B7C803B902340134B4E7591CCAD09BB2002B23
S21400B7D8F8D10134F6E7102205A90DF1130027F079
S21400B7E8C3FC9DF81330059A42EA0342D6E7039A4B
S21400B7F8012B059223D10823202205A90DF1130059
S21400B8088DF8133027F0B0FC9DF81320120221465D
S21400B8182846FFF7F7F995F84230611C012BC9B2A4
S21400B8281AD10028BFD12846BDF81420FFF7EAF938
S21400B8380028B8D10234BDF81620E1B2AFE71023CD
S21400B848202205A90DF113008DF8133027F08CFC83
S21400B8589DF813201204DAE70028A4D1059A9EE77B
S21400B868B7F5803F4FF00106BFF457AF4FF03208E8
S21400B8785AE700BFEC3B002070B586B00E4605467A
S21400B8880392A0B390F834309BB3B1F5801F32D240
S21400B898022126F0D8FF31462846184A0DF117032C
S21400B8A8FEF7BAFD044618B99DF81730032B0ED1DB
S21400B8B80223314600932846CC2303AAFFF776FED8
S21400B8C80446E86B27F058F9204606B070BD022BF0
S21400B8D80BD10A49284627F0ADF90399024681425A
S21400B8E8EFD02846FFF706FFEAE76124E9E72124B8
S21400B8F8EAE71124E8E72924E6E700BFEC3B002046
S21400B908F7B50C461646054668B390F8343063B368
S21400B918B1F5801F2BD2022126F095FF2146284636
S21400B928144A0DF10703FEF777FDC0B99DF80730F6
S21400B938032B14D0022B14D10E49284627F07AF987
S21400B948471C024639462846FFF7D4FE044606B189
S21400B9583760E86B27F010F9204603B0F0BD2D24B9
S21400B968F7E76124F5E72124F6E71124F4E729240C
S21400B978F2E700BFEC3B002030B50C46054685B024
S21400B98828B390F8343023B3B1F5801F23D20221B0
S21400B99826F059FF0DF10F03214628460F4AFEF7F9
S21400B9A83BFD034688B99DF80F20032A0DD00322D5
S21400B9B82146009202462846FFF7F8FD0446E86B43
S21400B9C827F0DAF8204605B030BD2D24F7E7212405
S21400B9D8F8E71124F6E72924F4E700BFEC3B00203B
S21400B9E82DE9F043466886B3056898464FF0000C84
S21400B9F8A946AE4655F83C400CF1010CC4F31307B3
S21400BA08013401D0B94217D0B4450EF1080EF1D171
S21400BA182F46002403E0B44207F1080712D055F871
S21400BA28343001340133F6D1C1F3130141EA085129
S21400BA38C7E90012BDE8F08341EA0851CEE90012D2
S21400BA48BDE8F083B8F1030F03D101230372BDE804
S21400BA58F083002303E0B34209F10809F5D055F84E
S21400BA6833400133C4F30754032CF4D1C1F3130352
S21400BA7843EA0853C9E90032BDE8F0832DE9F041EE
S21400BA880646406882B0B8B10F4690460024336830
S21400BA9853F8345003EBC403C5F30752C5F3130138
S21400BAA8013506D05B683046CDF80080B84718B137
S21400BAB8706801348442EAD302B0BDE8F08100BF62
S21400BAC8024B1968024B1868FFF780BB9C6400207D
S21400BAD8BC64002008B530F0B8FC014B186008BDFF
S21400BAE8183C0020014B186830F0AABC183C00200F
S21400BAF873B504462248012A00EAC1119DF8185079
S21400BB0823F07C4007D9961E012E28D9073303F068
S21400BB187F03194308E09DF81C300A43DB0603F050
S21400BB28C053134343F060410023C4E900108DF866
S21400BB380730B5B1202221460DF1070027F014FB87
S21400BB481A220DF10700211D27F00EFB0820636856
S21400BB589DF8072043EA8263636002B070BD114314
S21400BB68E2E71B220DF10700214627F0FDFA2368BD
S21400BB789DF80720042043EAC2632360EDE700BF70
S21400BB8880FFFF0738B5094B0D461A6800210446A2
S21400BB9811F02CFF00234FF0FF322383C4E9002561
S21400BBA82361A260E382A37638BD00BF5C69040007
S21400BBB80138C0B205289ABF014B185C01207047AF
S21400BBC8616904002DE9F0410746154600240E4633
S21400BBD8596888B0490A012922464FEA510104F1FA
S21400BBE80104F8D8DC78997824031B88C90201F484
S21400BBF8006104F480540C43C3F30A03520323443D
S21400BC0892B24FF000089C18274B6FEA044403933F
S21400BC1825F07843ED4302A90DF107001B22029395
S21400BC288DF8078027F0A0FA9DF80720029B02A946
S21400BC3843EAC2630DF107001B2225F078450493FA
S21400BC4802958DF8078027F08FFA9DF80720029B4B
S21400BC586FEA144443EAC26305934FF0FF33079430
S21400BC68069307A9BB69012206F110009847BB692D
S21400BC7805A90446012206F108009847BB69404515
S21400BC8818BF044604A90122301D984701224045E2
S21400BC9818BF0446BB69304603A99847404508BF05
S21400BCA8204608B0BDE8F08101009AB2044BD3F8EC
S21400BCB88420D206FBD4D3F88400C0F381107047E2
S21400BCC80040005038B5184B0546D3F824010C46FA
S21400BCD800F00700062823D8DFE800F0040A121A46
S21400BCE81E0E1600012305B1286004B1236038BD76
S21400BCF82EF0E4FC0523F6E72EF0E0FC0623F2E738
S21400BD082EF016FD0323EEE72EF012FD0423EAE7D5
S21400BD182EF00AFD0223E6E730F0AAFB0723E2E747
S21400BD2800231846DFE700BF0080005038B5104BE8
S21400BD380546D3F800310C4603F00303022B0BD05C
S21400BD48032B0DD0012B0FD12EF0F2FC032305B1E7
S21400BD58286004B1236038BD2EF0F0FC0823F6E70F
S21400BD6830F086FB0723F2E701230020EFE700BF49
S21400BD780080005038B5104B0546D3F820310C46E5
S21400BD8803F00303022B0BD0032B0DD0012B0FD18E
S21400BD982EF094FC052305B1286004B1236038BD55
S21400BDA82EF0C6FC0323F6E72EF0BEFC0223F2E7CD
S21400BDB801230020EFE700BF0080005038B5104B85
S21400BDC80546D3F840310C4603F00303022B0BD08C
S21400BDD8032B0DD0012B0FD130F04CFB092305B1F6
S21400BDE8286004B1236038BD2EF0A8FC0823F6E7C7
S21400BDF830F043FB0B23F2E701230020EFE700BFF8
S21400BE080080005038B5104B0546D3F860310C4614
S21400BE1803F00303022B0BD0032B0DD0012B0FD1FD
S21400BE2830F028FB092305B1286004B1236038BD2B
S21400BE382EF084FC0823F6E730F01FFB0B23F2E70E
S21400BE4801230020EFE700BF0080005073B50D46C1
S21400BE5800210E4B0191D3F88041064604F00304F6
S21400BE68012C09D0022C0CD00C460EB1019B336075
S21400BE7805B12C6002B070BD01A8FFF77BFF0F2448
S21400BE88F3E72EF051FC0190EFE700BF008000506A
S21400BE9838B5104B0546D3F840320C4603F003037A
S21400BEA8022B0BD0032B0DD0012B0FD130F0E2FA6A
S21400BEB8092305B1286004B1236038BD2EF03EFC86
S21400BEC80823F6E730F0D9FA0B23F2E700231846E2
S21400BED8EFE700BF0080005038B5144B0546D3F88E
S21400BEE800020C4600F0070004281BD8DFE800F024
S21400BEF803090D111500012305B1286004B123605C
S21400BF0838BD30F0B7FA0923F6E72EF017FC0823F9
S21400BF18F2E730F0B2FA0B23EEE72EF0EFFB0E2333
S21400BF28800AE9E700231846E6E700BF00800050CD
S21400BF3810B40D4C0B46D4F8204204F00304012C30
S21400BF480AD0022C0CD008B1002101600BB10022E7
S21400BF581A605DF8044B70475DF8044BFFF70ABF9C
S21400BF685DF8044BFFF72ABF00800050B0F5207F2D
S21400BF781FD009D8B0F5007F15D003D868B1B0F542
S21400BF88C07F0AD000200CE0B0F5607FFAD10B4BDA
S21400BF98D3F88000C0F3011003E0084B186FC0F315
S21400BFA8033001307047054BD3F89000C0F30460A7
S21400BFB8F7E7024B186FC0F38020F2E700800050C6
S21400BFC84FF400320E4B014610B500209A66FFF774
S21400BFD8CDFF484341F671320A490B4B884294BF5D
S21400BFE800200120DC69DA639A6822F4401242EAEB
S21400BFF800529A60E20344BF0022DA6310BD00BF15
S21400C00800900050005A6202000003505F2898BF54
S21400C018094B4FEA501294BF53F82230074B00F0F2
S21400C0281F0029B103F58053012282401A60704729
S21400C03803F50053F8E700BF686904006082005003
S21400C0481FB50021B0F5807F0446019100F00681F7
S21400C05800F29D80612800F295801F2805D80028E8
S21400C06840F092802EF04AFBDCE0A0F12004412C40
S21400C07800F28A8001A353F824F000BF6DC00000C8
S21400C08831C200006DC0000031C2000051C200007D
S21400C09851C2000051C2000051C2000031C2000067
S21400C0A831C200000BC20000C5C1000087C20000F4
S21400C0B891C20000C5C1000031C2000031C20000B4
S21400C0C831C2000091C1000091C1000091C100007A
S21400C0D891C1000091C1000091C100005BC2000040
S21400C0E8E7C1000031C2000031C2000031C20000C2
S21400C0F8A5C200009BC2000031C2000091C100002A
S21400C10891C1000091C1000091C1000091C10000DA
S21400C11891C1000091C1000091C1000091C10000CA
S21400C12891C1000091C1000091C1000091C10000BA
S21400C1386DC0000091C100006DC000006DC0000019
S21400C1486DC0000051C2000091C1000091C10000FE
S21400C15891C1000091C1000091C1000091C100008A
S21400C16891C1000091C1000091C1000091C100007A
S21400C17891C1000091C1000091C100006DC000008F
S21400C1886DC0000080284BD0019804B010BDB0F5F3
S21400C198A06F5ED028D8B0F5607F50D019D8B0F51B
S21400C1A8007F4CD004D8B0F5C07F3FF45BAFEBE718
S21400C1B8B0F5207F38D0B0F5407FE5D12EF09EFA56
S21400C1C802464FF42070FFF7D1FEB2FBF0F2520899
S21400C1D833E0B0F5806F37D0B0F5906FD4D100213A
S21400C1E801A8FFF76FFDCFE7B0F5E06F51D00DD887
S21400C1F8B0F5C06F43D0B0F5D06F45D0B0F5B06F8E
S21400C208C2D1002101A8FFF721FEBDE7B0F5F06F07
S21400C21844D0B0F5086FB7D101A8FFF787FDB3E79C
S21400C2282EF052FA0190AFE72EF068FA02464FF465
S21400C2382070FFF79BFEB2FBF0F20192A4E72EF007
S21400C24843FA02462046F4E7002101A8FFF792FDCC
S21400C2589AE7002101A8FFF76BFE95E74FF0E02369
S21400C26802911B695B0705D52EF048FA0290029BDF
S21400C278019389E703A902A8FFF7A0FDF7E70021C5
S21400C28801A8FFF79BFD7FE7002101A8FFF724FE22
S21400C2987AE7002101A8FFF7FBFD75E7002101A852
S21400C2A8FFF7B0FD70E700BF08B58020FFF7C8FEAF
S21400C2B8034B98429EBF4FF48032024B1A6708BD64
S21400C2C8005A620200A000501FB503460020B3F5CE
S21400C2D8807F01906FD027D8382B00F082800BD84B
S21400C2E8243B092B0FD8092B0DD8DFE803F05F5F36
S21400C2F85F5F0C0C5A0C3675522B57D007D83D2B5F
S21400C3083AD03E2B72D0019805B05DF804FB802B1E
S21400C318F9D1394B1B6F03F00703013B032BF2D807
S21400C328DFE803F03D36393BB3F5D06F54D019D863
S21400C338B3F5A06F55D00AD8B3F5806F36D0B3F5ED
S21400C348906FE0D1002001A9FFF7BCFCDBE7B3F54E
S21400C358B06F26D0B3F5C06FD5D1002001A9FFF77E
S21400C3682DFDD0E7B3F5006FECD00AD8B3F5E06F33
S21400C3783CD0B3F5F06FC6D1002001A9FFF742FD07
S21400C388C1E7B3F5086FBED101A9FFF7CFFCBAE73E
S21400C39805230193B7E70323FBE70723F9E70223FF
S21400C3A8F7E7002001A9FFF751FDACE7002001A937
S21400C3B8FFF7E0FCA7E74FF0E02302901B695B0756
S21400C3C805D52EF09BF90C230393039BE1E703A9FD
S21400C3D802A8FFF7F3FCF8E7002001A9FFF77CFDA9
S21400C3E891E7002001A9FFF7A3FD8CE7002001A92B
S21400C3F8FFF74EFD87E700BF008000504FF400228D
S21400C408034B5A66012203F580439A62704700BFC1
S21400C4180090005070B504468020FFF755FF0328AB
S21400C42800F082804FF40022444B02215A6645F6FB
S21400C4380E03434AC2F88030424B9962012103F545
S21400C44880539962936DD903FCD4D4E900131B0575
S21400C45843EA0163E17B94F823500B43217B43EACC
S21400C4680143617B43EA0133A17B43EA81131361ED
S21400C4789169D4E904031B0643EA806301F000418E
S21400C4880B43A17EE07E0B43217E43EA0143617E97
S21400C49843EA01239361E169136A002923F00D0337
S21400C4A843EA010314BF0121002143EA800343EA5B
S21400C4B8C103136294F8203094F82200916A4FEA78
S21400C4C8431332D194F8216021F0330143EA06136E
S21400C4D80B4343F0010393621B49194B9A6D31EAEB
S21400C4E80202FBD1022217498A621A659A6D520027
S21400C4F8FCD41A69A16822F4700242EA01521A6151
S21400C5084FF000420F4B9A6118B9022203F5805388
S21400C5189A6215B901220D4B9A6294F824301BB121
S21400C528074B0B4AC3F8802070BD21F0330129431E
S21400C5380B4343EA40039362EFE700BF00900050C6
S21400C54800C0005000D000500300014000E000503A
S21400C558F1A7FFFF014B93F900007047665A0020C9
S21400C568014B1880704700BFBE690020B0F5207FD9
S21400C57810B50C4642D008D8B0F5007F33D003D8A3
S21400C58888B1B0F5C07F0ED010BDB0F5607FFBD186
S21400C5981F4A4C1ED2F8803023F0300343EA0413B7
S21400C5A8C2F88030F0E726F0FDFD26F009FE4FF4CD
S21400C5B88031184B164A1967136F013C23F47043F1
S21400C5C843EA043313672EF099F80446FFF76EFB28
S21400C5D8C0F10201204626F0EDFD00F035F8BDE872
S21400C5E81040FFF761BE0A4A4C1ED2F8903023F07E
S21400C5F8F85343EA0463C2F89030C5E7044A4C1E71
S21400C608136F23F4806343EA84231367BCE700BFF1
S21400C618008000500090005008B50121022000F06C
S21400C628E1F84FF42070FFF7A1FC054B187026F0D0
S21400C638B9FD26F0C5FD4FF48032024B1A6708BDD7
S21400C648655A00200090005008B54FF4C070FFF7F8
S21400C658F7FCBDE808400449884294BF012102213E
S21400C6684FF42070FFF782BF80F0FA0238B5044610
S21400C6782EF044F80546FFF719FBC0F102012846DC
S21400C68826F098FD0121002000F0ECF82CB1FFF709
S21400C698DBFFBDE83840FFF707BE034B4FF42070BA
S21400C6A81978FFF763FFF4E7655A002010B5224BA8
S21400C6B870B94FF40031214A1860516602F5983275
S21400C6C85268012A03D11E4AD2F800211A6010BD0A
S21400C6D81B68002BFBD01B4A5268012AF7D0184A61
S21400C6E88020C2F80031FFF7EFFD05281FD14FF470
S21400C6F8C070FFF73BFC0128044604D102214FF422
S21400C708C070FFF733FF07220F4B1A610122A3F50B
S21400C71880535A600B4A1369DB07FCD5012CD6D127
S21400C7282146BDE810404FF4C070FFF71FBF012236
S21400C738064B5A60CBE700BF1C3C00200090005018
S21400C7480080005000C0015000E0015000D00150A9
S21400C758044A4178536F23F4407343EA012353672E
S21400C768704700BF0040005010B5044610B10020C6
S21400C778FFF79CFF124A136943F0040313612EF077
S21400C78833FB26F022FD0F4B5B6E5B0142BF0E4B60
S21400C7980E4AC3F820242FF058FE30F0F9F82FF090
S21400C7A84FFE26F013FD02F0FFF81CB9BDE8104056
S21400C7B82DF0A4BF0120BDE81040FFF777BF00BFEB
S21400C7C800ED00E00080005000E003500000FF0F7E
S21400C7D8034A0179D36E23F030030B43D3667047C0
S21400C7E800400050F8B504461C4BD3F88420D10608
S21400C7F8FBD4D3F88430C3F381139C422CD02DF09D
S21400C80863FF012C064602D1214626F0D3FC2FF002
S21400C8181CFE4FF00072124B07465A66204626F05A
S21400C828DCFC4FF480630D4D621E93402B676B6EE5
S21400C8389A0103D4D5F884309B060AD538462FF0DB
S21400C848FFFD022C08D13046BDE8F840002126F04E
S21400C858B1BCD5F88430EAE7F8BD00BF0040005008
S21400C8680060005010B50C4608B92DF02DFF074B98
S21400C87821461B783BB1064B984204D80120BDE8F8
S21400C8881040FFF7AFBF0220F9E700BF675A002045
S21400C898005A62020278034B012100201A70FFF743
S21400C8A8E1BF00BF675A00204FF0004238B5264B5C
S21400C8B826495A6601224A604AF6CD3103F50B230B
S21400C8C85D6C1964154030BB9968C9070BD4002401
S21400C8D801221F4B5A6015B11E4B1F4A1A642AF0D4
S21400C8E858FF204638BD1A498A601C4AD96ACC07C0
S21400C8F805D4904201D10724EAE70130F6E79042D2
S21400C908E5D1F8E70132DC6A14F0080406D08A425A
S21400C918F8D10724DFE700221049F4E78A42F8D066
S21400C92820220B4B0B495A620122A3F580539A60CA
S21400C93823460A4A486A800603D49342E9D001335C
S21400C948F8E79342C7D1E4E700900050005009503A
S21400C95800600950004009503254FFFF40420F0063
S21400C9684FF0004238B5174B174C5A66012203F5AC
S21400C9780C235A604AF6CD33656C2364437893409B
S21400C9881343124AD363C3788178A2689B0043EAAC
S21400C998011322F074021343A3600279837943EAF1
S21400C9A8022323614279C37943EA0223636100784C
S21400C9B8FFF77AFFEB0744BF054B23642AF0E9FE2E
S21400C9C8012038BD0090005000400950004000503B
S21400C9D83254FFFFF8B504460D461F4616464AB1C0
S21400C9E801238B403021184A01FB0022F7B141F29F
S21400C9F81001535004EB4403072D4FF00F014FEA84
S21400CA08031316D8A80006FA00F281400F48184407
S21400CA1826F0E4FB4EB9012330210B4AAB4001FB5C
S21400CA28042277B141F210015350F8BD42F21001CA
S21400CA38DFE7A5F10800800006FA00F28140044806
S21400CA48E5E742F21001EFE700C0035004C00350C8
S21400CA580CC003500121024600F5805310B55960FA
S21400CA68244B2549C36053690B40FCD19361C2F837
S21400CA789830536913F4401FFBD15369D9052DD458
S21400CA88936F5BBB53699B052AD4D2F8881039BBD1
S21400CA981046D36FD2F88C3026F0AFFB3023916067
S21400CAA81161D16211621367C2F88030134B9A4243
S21400CAB808D142F26000124B906413655165906588
S21400CAC8136651660D4B9A4202D1002010290AD1EE
S21400CAD80C4B02F500525362936210BD536FCCE7BD
S21400CAE8D2F88430CEE701F1280443F82400013157
S21400CAF8ECE700BF12000200520001000040005A96
S21400CB0800C002808F330F80084608B569B92A200E
S21400CB18FFF796FAB0B10C4B984206D90B4B9B68B8
S21400CB28C3F302730133B0FBF3F0094B00F574202E
S21400CB3800F23F20B0FBF3F001387F2828BF7F20A3
S21400CB48C0B208BD0120F0E7005A62020040005A51
S21400CB5840420F000B4B10B5994228BF19460C46A9
S21400CB681AB92A20FFF76CFA0246631E1344B3FB71
S21400CB78F4F0A34228BF00F1FF30032828BF0320A3
S21400CB88C0B210BD005A620210B51048104C002BF7
S21400CB9808BF04468C4228BF0C461AB92A20FFF75D
S21400CBA84FFA02469DF8083040F2FF300133B2FBD8
S21400CBB8F3F2631E1A44B2FBF4F3A24228BF03F151
S21400CBC8FF33984228BF184610BD00BF80969800CD
S21400CBD8404B4C002DE9F04F2DED048BB64E0C461D
S21400CBE887B01546314600220746FFF7B3FF94F88C
S21400CBF80580804538BF8046384626F0FEFA2079FC
S21400CC085FFA88F850B92A20FFF71AFAB0420146A8
S21400CC1828BFB0FBF8F13846FFF776FF4FF000095B
S21400CC28E37822781B01524202F0020203F0300336
S21400CC38134362780004524202F004021343A278B7
S21400CC4800F4FE00524202F0080213434FEA08724C
S21400CC5802F0E04213431843E3882289B8603B6138
S21400CC686389DFF860A243EA02433B62574502D174
S21400CC78B9F1020F08D1012307F580577B6007B08A
S21400CC88BDEC048BBDE8F08F00222E788B488C49CB
S21400CC98AC68964218BF014633468A48CDF80080ED
S21400CCA8FFF772FF07EB09118B6CA2B223F0435310
S21400CCB823F41D1323F4405323F01F0306F0030444
S21400CCC81C436B7882424FEA830303F01C0344EA52
S21400CCD80304AB7838BF02461B03E87803F4E04346
S21400CCE82343040404F4E02423432C7C4FEA091C61
S21400CCF8640504F4600423432C7909F1050B240722
S21400CD0804F0405423438B648C6C6F49C4F302349C
S21400CD18013C042C26D8DFE804F0252503101A0069
S21400CD28D1F88041240C2EB3C2F309020AEB0B1388
S21400CD385A6009F10109143598E7D1F88441002EA4
S21400CD48F2D1D1F88C11A4B20914490015E0D1F833
S21400CD588441002EE8D1D1F88C11240C091401EB7B
S21400CD6841010AE0D1F88041A4B2002EDCD1DFED03
S21400CD78577A06E0D1F88C11091407EE901AF8EEE7
S21400CD88E77A01210CF1B44C0CF5804C2304DCF84E
S21400CD98483024F4C046C3F3820C0CF1010C01FAA7
S21400CDA80CF107EE101A4FEA864648BF46F00046D2
S21400CDB813F01C0FB8EEC79AF6EE008A424B4CD119
S21400CDC8D3F88C110BB208EE103AB8EEC88A38EED3
S21400CDD8278A002858D105A8039200F013F9DFED3A
S21400CDE83C7A28EE278A039A9FED3A7AC7EE097AA4
S21400CDF89FED397A67EE877AB1EE007AB6F1004F82
S21400CE0848EE077A0BD09FED357A06EE104A77EE95
S21400CE18876ABAEEE86AF0EE477A56EE267AF5EEB4
S21400CE28C07AF1EE10FACBBFF1EE677A78EEE78AB1
S21400CE3877EEE87AFDEEE87AC8BFFDEEE77A17EEF9
S21400CE48901AB1F5003F2EDB6FEA56466FEA464663
S21400CE581C484FEA0B11465066E7D3F8901169EE66
S21400CE68286A09B207EE101AB8EEC77AD3F88811FE
S21400CE7877EE677A0BB208EE103A87EEA67AB8EE27
S21400CE88C88A38EE078AA4E7D5ED037ADFED146A78
S21400CE98F8EE677A87EEA67AF7EE046AC6EE877A21
S21400CEA827EE888AA0E711F5003FAABFC1F3110153
S21400CEB846F400360E43CBE7005A6202404B4C005D
S21400CEC8809698000040005A0080E00F000000009E
S21400CED83D3B843F0000804300002044000000499A
S21400CEE800007A444FF40032054B9A6641F67132D8
S21400CEF803F51C33DA63012203F50053DA60704742
S21400CF080090005041F671320121064BDA6303F5B2
S21400CF180052D1600022DA634FF40032A3F51833CA
S21400CF289A66704700000350044B1868421C02BFFC
S21400CF38034AD2F894001860704700BFC064002007
S21400CF4800400050CB784A7810B55B010C7843EA6D
S21400CF5882030A79234343EA02130C22424302F16E
S21400CF68B0421363012C02BF8A78024B43F8202094
S21400CF7810BD00BFE880035008B54FF0B0435A68AC
S21400CF8802B960B15B680BB126F0B4F94FF0B04156
S21400CF9830B10120074B586026F0ACF9C86008BDD0
S21400CFA826F0A8F90223CB6026F0A4F90122024B4A
S21400CFB85A60F4E700100058002000584FF0B041BF
S21400CFC84B6810B50BB126F095F901220B4BC478C7
S21400CFD85A608378934043EA840344782343047969
S21400CFE843EA0413447943EAC4038B60044B5A604B
S21400CFF80378C3F10203CB6010BD00BF00200058C1
S21400D008001000584FF48032064B5A6603F5E623A4
S21400D0185B69C3F38512827003F03F021B0B4270F4
S21400D0280370704700900050024B1868C0F3074022
S21400D038704700BF0080E00F0120034B9B680A334F
S21400D04803F01F03984070470080E00F034BD3F8A7
S21400D0582424D3F820041040704700BF00C00350B3
S21400D0682DE9F8431E4B0546D3F810334B1E0E2BFE
S21400D0780E46174690F8009044781DD909B34FF02D
S21400D08800082846D7B12FF0FBF909EB4903072C0F
S21400D0984FF00F014FEA031315D8A400114808FAF9
S21400D0A804F2A140184426F02DF9BEB928468FB1DF
S21400D0B8BDE8F8432FF0E4B98846E2E726F031F9F0
S21400D0C8E3E78846E1E7083CA400074808FA04F2C4
S21400D0D8A140E7E7BDE8F84326F023B9BDE8F883A2
S21400D0E800C0035004C003500CC003502DE9F041A3
S21400D0F82B4B1746D3F810234A1C06460C46407896
S21400D10804D1D3F8241426F01AF90446002C2FDB91
S21400D118072C4FF0030532782DDC4FEA840805FA11
S21400D12808F529461F4802FA08F226F0EBF82946C1
S21400D13872781D4802F0030202FA08F226F0E2F8B6
S21400D148012317F0050F194A18BF194903FA04F303
S21400D1580CBFC2F81034C1F8103417F0060F18BF09
S21400D168134AC2F814340123104AA340C2F82034E4
S21400D1782046BDE8F081A4F108084FEA880805FAB9
S21400D18808F529460B4802FA08F226F0BBF872782A
S21400D198294602F00302084802FA08F2CEE700BF62
S21400D1A800C0035000C4035008C4035000E00350F6
S21400D1B800D0035004C403500CC4035070B5044692
S21400D1C82AF02CFB064630B90FCC044D0FC594E860
S21400D1D8030085E80300304670BD00BF203C0020F1
S21400D1E847F6FF739A42F0B569D0022969D8364BDC
S21400D1F85B5C012B65D8354DDE0005EBC30415F8DE
S21400D2083330A178012B13D10025E078401AA842C4
S21400D21802D80844C0B2F0BD431B6668A0EB5303AF
S21400D22836F913609642D4BF1D4603F1FF30EEE789
S21400D23860680028EFD0B0F90040944204DBB0F9EB
S21400D24802409442B8BF144683883544FF2B19BF62
S21400D258C8232827B0F90630B0F90870A3EB0403F2
S21400D2680CBF0122002293FBF7F36E7813441BB21F
S21400D2789E4201DD002B01DA731E1BB24FF47A7C46
S21400D28800EBC305EA88AD685F1C14FB02521D4616
S21400D29822EAE2723BB25C329E42B2FBFCF204DD4A
S21400D2A800EBC307BF889742EAD200EBC50398880D
S21400D2B8904228BF1046884238BF0846AAE7FF2093
S21400D2C8A9E70020A7E700BF74690400203C0020F7
S21400D2D80229F0B555D82C4B585C012851D82B4C50
S21400D2E804EBC00114F830004B6801280FD1C87849
S21400D2F88C78904294BFC4EB0001C4EB0201001B7B
S21400D308CAB28242C8BF002233F91200F0BD002B11
S21400D31837D08878904202D3B3F90200F6E7CC7883
S21400D328B3F900009442F1D94C789988013CA1F1F0
S21400D338FF06714203F10405E4B2714103F10C07DC
S21400D348CEB2B44216D805EBC1014FF47A756A43DB
S21400D358B1F902404968521A04EBD47102EB610233
S21400D36892FBF4F29042D1DBB3F902009042CDDC96
S21400D37810B2CBE737F831C04E1C9445E3D331469C
S21400D388DEE70348C2E700BF74690400203C0020BB
S21400D3980080FFFF08B50448FFF710FFBDE8084007
S21400D3A801202AF041BA00BF786904007FB514222C
S21400D3B8002101A810F01AFB044B01A94FF0FF301A
S21400D3C802932AF077FA07B05DF804FB006A1800A3
S21400D3D84FF40052034B00209A660322C3F86022DB
S21400D3E8704700BF009000504FF40052034B0020D7
S21400D3F89A660322C3F86022704700BF00A0005058
S21400D4082DE9F04F894691B00DF1300B8246DDE9E3
S21400D4181C64174600211022584698461E9D10F098
S21400D428E5FA1F9BB9F1000F04D16FF0860011B022
S21400D438BDE8F08F002FF8D00EB9002CF5D11A9A57
S21400D44812B91B9A002AF0D10DB9002BEDD1209AFB
S21400D458002AEAD0424A904502D0424A90457CD1FA
S21400D468BAF80020B2F5105F77D1BAF80220B7EB09
S21400D478D20FDAD322F04001802902D0B2F5807F9D
S21400D488D3D11CB9209B00201C60D0E7AE421FD227
S21400D498321995421CD29C42C7D8314622462846A5
S21400D4A810F0F6FA2F4B2E46984526D014F00F03A8
S21400D4B8BBD1CDE90097CDE90236CDE90443CDE9E5
S21400D4C806540893FFF784FF50B16FF09200AEE75A
S21400D4D8244A90450FD09C42E8D96FF08900A6E709
S21400D4E8684606AA03A90EF0A7FD0546FFF77CFFC7
S21400D4F80543C7D0E9E79C42EFD81B9B0D2B94D178
S21400D50801238DF830301A9B0DF1310203F10C011E
S21400D51853F8040B8B4242F8040BF9D11B781370AE
S21400D528012310228DF83F300023CDE90097CDE97E
S21400D5380A23CDE90236CDE90443CDE90654CDF8F1
S21400D54824B00893FFF744FF0028BED1684609AB0D
S21400D55806AA03A90EF098FDC7E76FF0850066E7F0
S21400D568004440040013C0042DE9F04F91B09046E3
S21400D578DDE91A45DDE91C6B1F468946DDF878A00B
S21400D58821B96FF0860011B0BDE8F08F002AF8D0F8
S21400D5980CB9002DF5D116B9BBF1000FF1D1BAF1CF
S21400D5A8000FEED0484B9F4203D0484B9F4240F0B6
S21400D5B887800388B3F5105F40F082804388B8EB15
S21400D5C8D30FDED323F04002802A02D0B3F5807F43
S21400D5D8D7D125B90023CAF800300020D3E7102D8C
S21400D5E805D1394B9F42F5D1B44202D343E0B44249
S21400D5F83ED263199E423BD25D45C2D821462A4692
S21400D608304610F045FA304B34469F4238D00D3D30
S21400D6185D4532D801238DF8303023460DF13102AE
S21400D62804F10C0153F8040B8B4242F8040BF9D1B1
S21400D6381B780D3413704FF48073ADF83E300CAB86
S21400D648102209930023CDE90098CDE90A23CDE9F5
S21400D6580345CDE90536CDE907530293FFF7B8FE33
S21400D668F0B9684609AB06AA03A90EF021FD1FE02B
S21400D678164B9F42CBD05D4502D96FF0890082E7F2
S21400D68815F00F037FF47DAFCDE90098CDE902349D
S21400D698CDE90453CDE906650893FFF799FE10B166
S21400D6A86FF092006FE7684606AA03A90EF0D8FC4A
S21400D6B80446FFF799FE0443F2D1CAF800508CE7F7
S21400D6C86FF085005FE700BF004440040013C00405
S21400D6D810B54FF42F720021044610F087F9802306
S21400D6E8C4F88C30054B04F19C00C4F88430012340
S21400D6F884F88830BDE8104025F014B844D10300FB
S21400D70810B5D0F8A0400A468CB926F018F804469A
S21400D71810B90024204610BD2D2896BF064B074991
S21400D72853F82010064A074826F04FF9F2E7D0F8D3
S21400D738A4101046A047ECE7FC69040047D1030094
S21400D748E2CC030077D20300F8B590F88060044670
S21400D75816B100263046F8BD25F024FE0028F8D17C
S21400D768012384F8803094F8883033B1D4F88410D4
S21400D7781F4884F8886026F028F94FF0FF37D4F859
S21400D788B402421C1FD0C4F8B47210F0FF052CD0A7
S21400D798204625F004FE2946204600F0A7FB002870
S21400D7A8EDD0204625F009FE94F888303BB1D4F831
S21400D7B884100F4826F009F9002384F888300023DF
S21400D7C884F88030C6E726F0E5F8431CDDD1D4F8A7
S21400D7D88C30D4F89420013B9A4204DB054A06496B
S21400D7E8064826F0F2F80126E9E70126C7E700BF53
S21400D7F819E40300E2CC030055D1030077D20300F6
S21400D808F8B50B780446302B0D46164604D14B78EF
S21400D81803F0DF03582B11D0284F6A1E12F8011F99
S21400D828002934D128460A220FF0D0FF202C0346C0
S21400D8380D4631D1B1FA81F040091AE04A1C1F4959
S21400D84812F8013F8BB928460FF0CCFF1C4B023864
S21400D8582340032B12D10134A41084420AD1A8789D
S21400D86837288CBF0020012003E0CB5C13F044006F
S21400D878E6D1F8BDCCBF01200020FAE7002CB8BFDF
S21400D8880334B0EBA40FD4BF01200020F1E77B5C83
S21400D89813F00400C2D1ECE726B1084302D0013BDE
S21400D8A861F100050122A240013A1A40002D08BF86
S21400D8B89A420CBF01200020DBE700BF7D900400E1
S21400D8C803000080F0B5037801467B2B17D1064687
S21400D8D8022400220B4F16F8015F7D2D05D10B5D43
S21400D8E86BB9D24302F0010008E07B5D13F04400F8
S21400D8F802D001320134EEE7202DFBD0F0BD002027
S21400D908FCE700BF7D90040070B506460D460FF094
S21400D91869FF0446304626F058F8044EAC4200D359
S21400D92870BD304626F051F80134F7E7F1DA030007
S21400D9382DE9F84F044602215148FFF7E5FF1E215E
S21400D9482068FFF7E1FF6368586826F03EF84D4800
S21400D95826F03BF867683B7BFD2B12D8D7F8088083
S21400D9684FF0FF3640460FF03DFF0546DFF81091B2
S21400D978DFF870A1DFF84CB10C3717F8013BFF2B26
S21400D98801D1BDE8F88F212B18D8212B36D8DFE82F
S21400D99803F0377274111B1D1F21353535353535A3
S21400D9A83535232527292B2D2F3135353535353572
S21400D9B835353D33344C002D2BD12EE0334C344ACC
S21400D9C8FE2B08BF1446F6E7324CF4E7324CF2E773
S21400D9D8324CF0E7324CEEE7324CECE7324CEAE7F2
S21400D9E8324CE8E7324CE6E7324CE4E7324CE2E702
S21400D9F8324CE0E7324CDEE7324CDCE7234CDAE721
S21400DA08314CD8E725F0D5FF01362AE0002DB4D0F2
S21400DA182E4C202B06F10106AFD002214846FFF710
S21400DA2873FF1E214846FFF76FFF504625F0CDFFCF
S21400DA385946204610F030FA2549002818BF2146D6
S21400DA48244825F0C2FF3B78202B02D12B2025F056
S21400DA58B0FF214825F0B9FF4DB118F806301F2B46
S21400DA6805D018F806001F2801D0AE42CADB0548C4
S21400DA7825F0ABFF81E7194C9DE7194C9BE700BFE3
S21400DA88051E0400E2CC0300FFD1030011D20300F8
S21400DA9837EE03005CD2030063D2030054D20300BF
S21400DAA850D2030047D203003DD2030033D203000E
S21400DAB848D203003ED2030034D2030029D2030022
S21400DAC822D2030019D20300FED1030004D20300B9
S21400DAD80FD2030019E4030088D503005BD20300C5
S21400DAE862D203001FEF03002DE9F04F9BB00546F6
S21400DAF88B460024009203930FF074FE249F039B2A
S21400DB0804901C6028463C600AAA09A925F07FFFF5
S21400DB18064658B90A980FF065FE3446B046039B89
S21400DB281860D5F89C300293029B1BB920461BB0A0
S21400DB38BDE8F08F029BD3F80890B9F1000F6CD0BF
S21400DB482E4416F8013B202B11D000260C237343D5
S21400DB5809EB030A59F803300193002B58D0099BA8
S21400DB68434555DB9AF808202AB1721C39E03B6811
S21400DB7801333B60E5E73968D5F894200793039BA3
S21400DB88521A1A601AAB03EB880151F8403C019907
S21400DB981846059310F040F906900028E5D101983C
S21400DBA80FF020FEDDE906230146DAF80400D7F870
S21400DBB800A090F80CC0BCF1FE0F16D103F1FF3E92
S21400DBC8C64512D0D0F80090059801920FF00AFECC
S21400DBD80AF1010A019A50442B5C23B1386008F117
S21400DBE801081646B2E70130F6E7D5F89420059105
S21400DBF8A2EB0A028A4220DC58460FF0F3FD05998C
S21400DC0801447B290DD958461F4A009924F0B1FDD6
S21400DC182B46049A2A4493422CD1029B1B680293F3
S21400DC2882E7DDE90012584624F0A3FD5846174A55
S21400DC380099013424F09DFD97E7BCF1FE0F94D1BE
S21400DC48013B434591D1D0F800A0DFF840905AF840
S21400DC580C2B22B9049B3B60039B1A60D8E75846F6
S21400DC68009924F086FD4A465846009924F081FD1E
S21400DC780134ECE713F8011B0029CCD14FF0200142
S21400DC8803F8011CC7E700BF69D20300F1DA0300F6
S21400DC982DE9F047002486B01C60DDE90EA806468C
S21400DCA889468AF800401168154888F800401746E3
S21400DCB81D468DF81740FCF767F818B901242B683D
S21400DCC801332B600020D6F89C6036B914B10123C6
S21400DCD888F8003006B0BDE8F087B06868B14B46F3
S21400DCE80021CDE902A8CDE900750DF1170225F04F
S21400DCF8C5FC9DF81730002BE8D13668E5E700BF6D
S21400DD086ED203002DE9F0470446ADF5447D802227
S21400DD18002104A802AF0FF069FE80222046009773
S21400DD2803AB04A9FFF7E0FE01283DD104A80FF0D5
S21400DD3859FD03993B68461A0B4426EAE6762344BF
S21400DD48054604A83246014418460FF0DFFF0022B5
S21400DD588255D4F89060039B3968D4F8902019440B
S21400DD68B14212DCD4F89410E81A0244C4F89020A1
S21400DD78014404AAC4F89410D41825182B1B002BA9
S21400DD880DDC0DF5447DBDE8F087A05C25F011FE9E
S21400DD98D4F8903001360133C4F89030DBE714F835
S21400DDA8010B25F006FEE9E7EBDD24AD8022002115
S21400DDB828460DF5887A0FF019FE0DF110094FF474
S21400DDC80072002150460FF011FE4FF001084A4637
S21400DDD8002312F8016BA6B904A84AF828300FF0F9
S21400DDE801FD2946334698451CDB19F8016B0DF5ED
S21400DDF8887C5CF8042B82420CD101F8016B013355
S21400DE08F1E7202E03F1010304BF4AF8283008F191
S21400DE180108DEE70DF1100E7244D25CB242E8D07B
S21400DE280022EA54D4F89060039BB3422FDC2346C2
S21400DE382C4A04A92C4825F0C8FD28460FF0D2FC29
S21400DE480646039B3F68F61A1F4426EAE672E01960
S21400DE5817441D44E11904F1900399423CD904F192
S21400DE689803984238D26A1E81190B1A002B27DDB0
S21400DE7812F8013F00F8013BD4F890300133C4F89B
S21400DE889030D4F894300133C4F89430EDE7D4F8E1
S21400DE9890300136E05C25F08CFDD4F890300133E4
S21400DEA8C4F89030C0E7D4F89020013B0132C4F89B
S21400DEB89020D4F894200132C4F89420002BF2DC89
S21400DEC800232E44E355731B002B7FF75AAF15F833
S21400DED8010B25F06EFDF6E729460FF017FF3346CF
S21400DEE8ECE700BF44D1030073D203002DE9F843E2
S21400DEF8D0E9245604460F46002294F89830012BA1
S21400DF0807D10A2F07D1002384F898300020BDE8EF
S21400DF18F88300F29F801B2F01D10223F4E70D2F10
S21400DF280DD1012384F898300D2025F042FD0A20F3
S21400DF3825F03FFD00230120C4E92433E7E74FF02E
S21400DF480008082F84F8988034D1454530DDB5425E
S21400DF580FD1384625F02DFD202025F02AFD013D5D
S21400DF68384625F026FD013E04F80580C4E9245607
S21400DF78CCE7FBDA05F1FF39384625F01AFD04EB45
S21400DF880903A6EB0902611918460FF081FD04F88B
S21400DF9806800146013E484825F017FD35464D45A2
S21400DFA801DC4D46E2E7082025F003FD013DF6E7D3
S21400DFB8ACD0DBE77F2F1CD1002EA7DDB542A5DA53
S21400DFC86319691C21441846721B0FF061FD04F89A
S21400DFD806800146394825F0F8FC0820013E25F061
S21400DFE8E8FCB542F9D1D4F89430013BC4F8943033
S21400DFF88CE70A2F98D0092F03D12046FFF782FE18
S21400E00884E7D4F88C30013BB3427FF77FAFB54244
S21400E01804EB050805F101090CDB384688F80070A2
S21400E028D4F89430C4F890900133C4F8943025F0AE
S21400E038C0FC6BE74146721B04EB09000FF028FD95
S21400E048404625F0C2FC0820013E25F0B2FCB54249
S21400E058F9DDE2E7022B06D15B2F01D1032353E754
S21400E06884F8982049E7032B7FF450AF413F84F8A3
S21400E0789820032F3FF64AAFDFE807F002070A1694
S21400E0880121204625F046FC40E74FF0FF31F8E72F
S21400E098B542BFF63BAF605D25F08BFCD4F89030F8
S21400E0A80133C4F8903031E7002D7FF72FAF013DDC
S21400E0B80820C4F89050BAE77CD2030076D603004E
S21400E0C807B56B46054A1068516803C36846FEF7ED
S21400E0D847FC002003B05DF804FB00BFB46A0400E8
S21400E0E830B58BB06C46174D0FCD0FC40FCD0FC48F
S21400E0F895E8030084E80300134BD3F84C21120379
S21400E1081CD5A3F5FE431C884FF6FF739C4208BF38
S21400E1188C248DF81940FEF71DFA204480F3080079
S21400E1288DF818000948FBF7C7FE6846FEF772F92F
S21400E1383220FEF715FA00200BB030BDD3F8504158
S21400E148E4B2E6E7BC6A04000080E00F00F049028B
S21400E1580028ACBF00F16040064B4FEA0111C9B277
S21400E168ABBF00F5614000F00F0080F800131954AB
S21400E178704700BF14ED00E008B52EF073F90B4B9E
S21400E1881A7872B901221A702EF067F96FF0040235
S21400E19810460132052152B2FFF7DAFF402AF7D1BE
S21400E1A808BDBDE808402EF058B900BF685A0020E0
S21400E1B8002807DB01234109034A00F01F008340BB
S21400E1C842F82130704700BF00E100E0054B4211DD
S21400E1D853F8223000F01F0023FA00F0C04300F086
S21400E1E80100704700E100E0002808DB012243092F
S21400E1F8034900F01F008240603341F8232070472F
S21400E20800E100E010B504462EF01FF9024B1C6032
S21400E2182EF016F9002010BD403C002010B52EF058
S21400E22814F9034B1C682EF00BF9204610BD00BFEE
S21400E238403C002038B50C461546014610B9FFF795
S21400E248EDFF01462B46224603480EF0D3FA002877
S21400E258D4BF3720002038BD6D3B030008B500F05A
S21400E26817FC18B16A2102482EF083F9002008BD71
S21400E27881D2030008B500F049F80C4A536A43F403
S21400E28870235362EFF308834FF0CD31084A043BFE
S21400E298934208D200F070FAFFF7E0FFBDE80840A6
S21400E2A80448FEF78BBF43F80419F1E700ED00E0D9
S21400E2B8080000207869040007B5042200200DEB4A
S21400E2C8020129F06FFA042803D0D72104482EF05B
S21400E2D850F9019800F0DCF903B05DF804FB00BFC4
S21400E2E881D20300082310B50C0A41400648C9B27B
S21400E2F841F30002013B024013F0FF0382EA51019A
S21400E308F6D184EA010010BD2083B8ED38B5FEF7D3
S21400E3180BFE044624F0E8FFE3072AD40122104641
S21400E328114600FA01F3234002F1010223D01D4BE7
S21400E33833F811301C48062B028844881B4920D124
S21400E3484FF20F039C4219D1B2F5406F28BF4FF425
S21400E358C0624CF23C330A80438040F201730A885C
S21400E3689A4201BF124B134AD2E90001C3E90001E1
S21400E37815E00021DBE7102AD2D1DBE74FF4C062B4
S21400E388E7E740F20725AB420AD14FF20F05AC4249
S21400E39806D19A4204D14CF23C320B80428038BDFA
S21400E3A80B80DAE7806C04007C6100205255002060
S21400E3B8443C002074610020014B1888704700BF59
S21400E3C852550020014B1888000A70475255002005
S21400E3D8044B05481B881A0AB3F5406F38BF00EB94
S21400E3E88200704752550020506C0400044B188871
S21400E3F8044B020A53F82230C0B203EB8000704781
S21400E40852550020206C040010B504462EF021F862
S21400E4184FF20F02044B1C805A80BFF35F8FBDE893
S21400E428104025F069BB00BF7C6100206D4A2DE9CD
S21400E438F0416D4B55686D4C5D65516A99656C4940
S21400E448D1F80002D865D1F80412586B1966916A9B
S21400E45810F0040F5966D16A4FF000009966116BE8
S21400E468D966516B1967D26BD8645A67D3E90E120E
S21400E47818BF11465F4A91421A655DD301F1200024
S21400E488A04259D88869C5F308051864CE69062DD0
S21400E4985E6455D1584DA84252D3584DA8424FD223
S21400E4A805884DF6426085424AD11868C3F8900040
S21400E4B85868C3F8940040F20170A242154604D288
S21400E4C82E680432B6F1CD3FF7D00022C3E91E22EB
S21400E4D8C3E92022C3E92222641BDFF81CC1434D8E
S21400E4E8DFF818E19C648D422DD8D3E91EC7D3E91E
S21400E4F82065D3E922414FF0000E013AD2B2FF2A36
S21400E5083CD1BEF1000F05D0C3E91EC7C3E920659C
S21400E518C3E92241B3F85430C3F308030C2B3BD8A5
S21400E528022B54D9DA1E092A51D8DFE802F03157EF
S21400E538404350505050504D0021C3E910112D490A
S21400E5484FF42060B9E755F8044D6445CBD37445BD
S21400E558C9D2E607C7D50026294F57F8048FA04525
S21400E568C1D00136062EF8D132B1013AD2B202F144
S21400E5781E0643F82640B6E70522F8E7E0464FF0C1
S21400E588010EBC4637462E4625460C464146B4E79D
S21400E59840F60120BDE8F0813B2B18D1194B9B694A
S21400E5A813F0020F40F2025318BF1846F2E740F67F
S21400E5B80320EFE740F6042240F20173B0F5206F1F
S21400E5C80CBF10461846E5E740F60520E2E740F699
S21400E5D80722013B4E2B98BF1046DBE740F6022089
S21400E5E8D8E700BF00ED00E0E46000200810002037
S21400E5F800E100E0080000201863000080C903005E
S21400E608586100200080015A00F00CB800F00AB8E3
S21400E61800F008B800F006B800F004B800F002B839
S21400E62800F000B872B61EF0080F09D01EF0040FEE
S21400E6380DD0DFF850E0AEE8FF1F6FF002000CE0E8
S21400E648DFF840E0AEE8FF1F6FF00E0005E0DFF8E9
S21400E65834E0AEE8FF1F6FF006006946EFF3098264
S21400E6688EE8070086460848084C854501D3A54528
S21400E67801D384F30888FFF7D9FE84F30888FFF7E8
S21400E688C3FE0000E46000204800002008100020B8
S21400E6984BF6EF6283B2002B08BF1346044A000C01
S21400E6A813804FF6CE2308BF1846024B18807047D3
S21400E6B8C2690020C06900200B4BB3F900201888F7
S21400E6C8002AB8BF80F0620042001A80074AB2F9F2
S21400E6D8001013880029BCBF83F4805383F00B0313
S21400E6E85900118058407047C2690020C069002050
S21400E6F807B5684600F01AF8DDE900010022034B6A
S21400E70803B05DF804EB25F0F3BC00BF4C3C0020DA
S21400E71807B5009313460A460146034825F09CFAB7
S21400E72803B05DF804FB00BF4C3C00200249034AD6
S21400E7380160521A42607047886A002000800020F4
S21400E748004870474C3C002038B5416004462DF020
S21400E7587CFE05462146044823F0E7FF2846BDE828
S21400E76838402DF06DBE00BF743C0020014823F0F1
S21400E778D9BF00BF743C00200222014B1A677047BD
S21400E7880040005070B52DF060FE174E054617483D
S21400E7982DF089FE3378CBB900F07AF9044620B11B
S21400E7A828462DF04DFE204670BDFFF7DFFF2DF002
S21400E7B853FF0F4B1C602CF099FC0E4B0E4A18604A
S21400E7C8536F43F00103536725F0AEFC00F074F86E
S21400E7D825F0C1FC094B0024186001232846337035
S21400E7E82DF02EFEDFE700BF755A0020EC6A040005
S21400E7F8783C0020A03C0020004000507C3C0020D4
S21400E80838B504462DF021FE0F4D02462B78FF2B17
S21400E81804D1B4B1BDE838402DF012BE1BB9002CA7
S21400E828F8D0012103E0002C14BF0121FF210B447E
S21400E838DBB22B70B3FA83F304495B0910460B70FE
S21400E848E8E71946F3E700BF725A0020715A00201D
S21400E858054B1B685843054B00F5742000F23F2013
S21400E868B0FBF3F0704700BFA03C002040420F000A
S21400E87873B50F4E04463378834211D000238DF8C3
S21400E8880430430001A88DF805300A4DFDF760FFF7
S21400E89840203CB1FFF7DCFF2B68181A286034705C
S21400E8A802B070BDFFF7D4FF2B681844F6E700BF28
S21400E8B8036A0020D83C002073B5002401A88DF810
S21400E8C80440FDF7E7FF2046FFF7D2FF2C4B2D4A02
S21400E8D8D3F8003103F0030313604FF400222A4BE9
S21400E8E85A664FF400325A662CF07AF94FF4C8701C
S21400E8F8FFF7AEFF254B264A1860264913680134F1
S21400E908E4B20A2C41F8040BF9D1034400EBC0002A
S21400E91803441360204B214D1B7813B3184BD3F8D0
S21400E928003103F00303022B23D0032B24D0012B42
S21400E93817D12BF0FDFE024698B1194B194EDC682C
S21400E94800231946C4F30B04013404EB840401388D
S21400E958E4FB06010EF0DEFCFFF77AFF2B680344A3
S21400E9682B601F20FFF774FF2B6803442B6002B050
S21400E97870BD2BF0E3FEDEE72DF07AFDDBE700BF87
S21400E98800800050E03C002000900050A43C00208E
S21400E998A83C0020AC3C0020795A0020D83C002037
S21400E9A800C0015040420F000122154B10B55A67AF
S21400E9B8144B154C1B7813B302202DF03EFEF0B115
S21400E9C82CF01AFCD8B1A36DD90302D5E36D9A07CB
S21400E9D815D40D4B9B6DDB0711D401220B4B1A7017
S21400E9E82DF01FFEBDE81040094B0A4A1860136F49
S21400E9F823F0070343F0030313672BF07FBE10BD15
S21400EA0800D000507A5A002000C00050775A0020E4
S21400EA18D43C0020008000500122014B1A70704739
S21400EA287A5A002008B5FFF763FEFEF7FDFA0128BC
S21400EA380ED1144B04205A6E4FF480231249520309
S21400EA4858BF124A4B6601F51041086258BF536614
S21400EA5825F089FBFFF790FBFFF732FBFFF740FB3B
S21400EA680DF012FFFFF78EFE00F012F825F07CFB83
S21400EA78FFF700FC25F087FB28F098FDBDE8084066
S21400EA8825F073BB008000500090005000A0005096
S21400EA9870B52DF0E7FC144E05463478FCB9134BD8
S21400EAA81C60134B1C60134B1C6000F031F80120EF
S21400EAB82CF090FC2CF082FC0F4B0246186020B914
S21400EAC828462DF0CAFC232070BD234640F2E731C5
S21400EAD80A480EF01FFC0A4B1860012333702846BC
S21400EAE82DF0BBFC0020EFE77D5A0020F43C002008
S21400EAF8F03C0020FC3C0020F83C002018FCFFFFFF
S21400EB08EC3C0020014B1868704700BFEC3C002026
S21400EB181FB50024194B18689A880290D3F8060087
S21400EB289B7A00901648ADF80C208DF804302DF02E
S21400EB38BAFC02A88DF808408DF80C40FEF73EFA9D
S21400EB48694601208DF80040FEF7FCF940F2FF32D6
S21400EB580C4B9A615A614FF0B042936A13F008035F
S21400EB68FBD113620120FEF707FA0C20FFF73CFBE7
S21400EB780C20FFF71DFB04B010BD00BFA96C0400F5
S21400EB88E46A04000020005810B52DF06BFC4FF026
S21400EB98B04304465B695A06074A03F0010003F0CF
S21400EBA8510348BF40F0020053612CF03BFB20465F
S21400EBB8BDE810402DF051BC0020005821282DE952
S21400EBC8F341054604D82C46204602B0BDE8F0813D
S21400EBD800240B4E0B4FDFF830800023CDF8008062
S21400EBE81A461946386824F0E9F88442EBD2222CF3
S21400EBF8E9D056F8043BAB42E6D00134EDE700BF57
S21400EC08C86F0400BC640020FFFF0F002DE9F04F1A
S21400EC18644E654D89B025F002FB31682868FCF71C
S21400EC28D5FA0446002827D033680024D3E9000123
S21400EC389A6912689047336804A89B699B68984746
S21400EC48336802209B69DB689847326805985368E2
S21400EC58E7B2B3FBF0F3BB42916904F101044ED866
S21400EC68CB680020984733689B695B68984731688B
S21400EC782868FCF7ABFA04460027DFF844A1DFF85B
S21400EC884481DFF84491F4B9484B2868DB5D002BD3
S21400EC9800F08380D8F8006002AB314603AAFCF780
S21400ECA817FC2D2807D070B9039B012B0BD03146D3
S21400ECB82868FCF761FEDAF8003031461A682868DA
S21400ECC8FCF7DAFD04460137222F0AF1040A08F198
S21400ECD8040809F10109D6D1B4FA84F3344A5B0969
S21400ECE813702B681B7C33B125F065FA18B1DB214D
S21400ECF830482DF03EFC204609B0BDE8F08F12687B
S21400ED080B6907FB002098479FE7D8F8003003AA4E
S21400ED18194402AB0191FCF7DBFB2D280346019949
S21400ED282BD0286813B30BF1010B5FFA8BF18E42D8
S21400ED382868EAD8204BDB5D002BC4D0F3B27E2BC4
S21400ED482868C0D8D8F8003003AA06EB030B594643
S21400ED5802ABFCF7BDFB2D28B5D059462868FCF752
S21400ED680BFE013604460028E8D0ACE7039B7BB9C7
S21400ED7899F80020029B9A42D5D099F80030DAF824
S21400ED8800202868FCF772FC0028CCD00446D1E79F
S21400ED980191FCF7F1FD0199EFE7084BA346DE5D0C
S21400EDA8C3E700BF9C640020BC640020A46F040076
S21400EDB87F5A002008D30300826F04003E6F0400C9
S21400EDC8B46C0400C86F0400606F0400F8B51F46F2
S21400EDD8214B04461B780D46164623B100F47E23C5
S21400EDE8B3F50E2F2BD02046FFF7E8FE2128044661
S21400EDF814D81A4B53F82010194B1B78ABB1194B83
S21400EE08212C18681DD8184B1B5DD3B13268FCF747
S21400EE1833FD044650B125F0CDF907E0FF2807D9A1
S21400EE283A46314680B224F0D9FE00242046F8BD82
S21400EE384FF4A9710D482DF09CFB0021DCE7014634
S21400EE48DAE77F2D08BF00253B46324651FA85F1A2
S21400EE58FCF70CFCDDE700BF7E5A0020C86F0400F4
S21400EE687F5A0020BC640020A46F040008D3030067
S21400EE7808B5520825F0A1F930B1BDE808404FF4AE
S21400EE889C7102482DF075BB08BD00BF99D30300DE
S21400EE982DE9F743C70705460E46144604D540F243
S21400EEA8E31149482DF065FBE10704D54FF4F271EC
S21400EEB845482DF05EFB454B93F80080B8F1000FEF
S21400EEC820D043F260239D4208D12246314640486E
S21400EED80EF01CFF002003B0BDE8F083C5F30B0757
S21400EEE805F44055B5F5805F14BF4FF40F204FF476
S21400EEF80E20234632467F21384303B0BDE8F04350
S21400EF08FFF764BF05F47043B3F5805F3FD1C5F3E0
S21400EF180B05304A05F17E65631E2B44934230D8B4
S21400EF282F46DFF8A49007EB0408474542D1AA0706
S21400EF380ED04FF6FF7336F8022BA81E43EA02439C
S21400EF4804220DEB02010193FFF792FF0235023C03
S21400EF58A3070ED0023C24F00103F35A04226FEAFA
S21400EF6803436FEA13430DEB020128190193FFF7D9
S21400EF787FFF002CAED0224631462846FFF778FFA2
S21400EF88A8E740F2FD1110482DF0F3FAC8E705F49B
S21400EF986043B3F5005F04D1C5F30B0505F5FC2502
S21400EFA8BEE740F2052108482DF0E3FA6FF00F0798
S21400EFB84546B6E717F8013BFF2BB6D04FF4047169
S21400EFC848462DF0D6FAB0E799D303007E5A0020BB
S21400EFD8C4690020FF03E00F10B500F077F825F0AD
S21400EFE838F9044618B100F079F8204610BD00F04C
S21400EFF87BF804460028F6D10122014B1A70F2E786
S21400F008805A0020054B1B7833B1054BC0F313011B
S21400F01800221868FCF774BC11207047805A00203C
S21400F028BC640020144B2DE9F0411B7805460E46BB
S21400F0381746FBB125F0F4F8012805D9841EE4B27A
S21400F048012C09D9212412E03B4631462846BDE862
S21400F058F041002200F052B800F038F83B46002293
S21400F0683146284600F076F8044600F037F8204681
S21400F078BDE8F0811124FAE7805A0020124B70B5DB
S21400F0881B7804460D461646E3B125F0C9F8012854
S21400F09805D9831EDBB2012B08D9212410E032469D
S21400F0A829462046BDE8704000F040B800F00EF84B
S21400F0B820463246294625F0CEF8044600F00EF8DB
S21400F0C8204670BD1124FBE7805A002008B52DF0B5
S21400F0D8BCF9014B186008BD003D0020014B1868BC
S21400F0E82DF0AEB9003D0020024B1968024B186897
S21400F0F8FCF76CB89C640020BC64002037B5054655
S21400F1080C46C0F313010848ED02006805D52246F0
S21400F11803B0BDE83040FCF7A7B900931346224673
S21400F128FCF75CF903B030BDBC64002030B405467B
S21400F1381346074A0C46C0F313011068EA0203D5C3
S21400F148226830BCFCF798BB224630BCFCF78EBA67
S21400F158BC640020F7B505460F4614461E461BB984
S21400F1682125284603B0F0BD0029F9D025F058F827
S21400F1784BF23462ABB2934220D14FF0FF332246B3
S21400F1886946CDE9003325483346FFF7E3FF0822F2
S21400F1980546234968460EF075FF38B933462246B9
S21400F1A8694641F2F010FFF7D5FF0546002DD8D185
S21400F1B83246694638460EF0A9FDD2E741F2F0120B
S21400F1C893420FD1174B311908299A6CDB6CC7D8B4
S21400F1D8CDE9002332460DEB040138460EF096FDC5
S21400F1E80025BEE702280BD1C5F30C43321993421B
S21400F1F8B6D3C5F30B0104F17E6432462144ECE72E
S21400F208032809D1C5F30C4332199342A8D3C5F392
S21400F2180B0104F5FC24F0E70125A2E7021008C05C
S21400F228547004000080E00F10B527F074FA28F038
S21400F2384BFBBDE81040034601210220014A02F0BC
S21400F2480BBC00BF30D4030013B5D0E9023253F824
S21400F25822301C78204627F070FA234600900121B9
S21400F2680220024A02F0F8FB02B010BD44D40300A4
S21400F278014B187826F049BE815A0020FF232DE955
S21400F288F04F8FB01122002108A88DF813300EF029
S21400F298ADFB08A825F0F9FF01210220B04A08AB0B
S21400F2A802F0DAFB41F24903AE4A0121022002F0DD
S21400F2B8D3FB06A826F018F908A90DF1130026F0C6
S21400F2C81EF902200021A84A02F0C6FB002026F0FC
S21400F2D84DFE10B106A809F047FE9DF92A30012117
S21400F2E80220A24A00939DF82B3002F0B5FB27F0C7
S21400F2F80EFA831EDBB2FC2B054631D8012102200C
S21400F3089B4A02F0A9FB01249A4E9B4FDFF8D08255
S21400F318234632460021022002F09EFB05A9E0B2F1
S21400F32827F0F7F9034650B1A0F11602012A40F279
S21400F338AA8042460121022002F08EFB0CE09DF9CD
S21400F34814303A4601939DF81630012100930220A6
S21400F3589DF8153002F080FB0134E3B29D42D7D801
S21400F368BDF8284008F0ECF923460021834A0090AF
S21400F378022002F071FB02200021814A02F06CFB99
S21400F388002026F0F3FD10B108A809F0EDFD0121D4
S21400F3987C4A022002F060FB27F015F9044627F0A5
S21400F3A810F923460121784A0090022002F054FB07
S21400F3B808F09EFE00210220744A02F04DFB9DF8DC
S21400F3C81330FF2B65D000210220714A02F044FB5F
S21400F3D801216C4A022002F03FFB26F095F8012135
S21400F3E803466C4A022002F037FB08F081F9002138
S21400F3F80346694A022002F02FFB26F08BF80446E3
S21400F40826F08AF823460121644A0090022002F07A
S21400F41823FB2DF0BBF808F013FF01210346604AD2
S21400F428022002F019FB0025DFF8B88108F008FF73
S21400F438ECB2A04233D82DF0A9F80123594A194650
S21400F448022002F009FB002026F05FFD564B574CC1
S21400F4580093012100230220554A02F0FDFA236892
S21400F46863B1012102201B78524A02F0F5FA23689C
S21400F478012102205B78504A02F0EEFA26F04AFD97
S21400F4880FB0BDE8F08F012102204C4A02F0E4FAE2
S21400F49862E7002102204A4A02F0DEFA98E7494B62
S21400F4A8204603EB0416D6F8089008F083FF824639
S21400F4B8204608F0CBFE444F00280CBFC346BB4688
S21400F4C8204608F077FF0AF031FD002808BF4746B7
S21400F4D8534600210220CDE900B73C4A02F0BCFAA8
S21400F4E8B37901210293B388022001937388384ABE
S21400F4F80093337B02F0B0FA0026DFF8ECB099F8F8
S21400F5080430F4B2A34203D82DF040F801358DE755
S21400F51814235C43D9F8007002203A5B07EB040A10
S21400F5289AF90C3000922B4A002132EA230228BFAF
S21400F5385A461346284A02F08FFA002026F016FD8F
S21400F54838B150463C5B26F04EF8014620460AF095
S21400F5583BFD01210220214A02F07EFA0136CEE761
S21400F56885D4030094D40300B0D40300DCD403008D
S21400F578B7D40300CDD40300D4D4030009D50300C0
S21400F58829D5030073D5030032D5030054D50300EC
S21400F598B6F503005FD5030075D503008BD50300C9
S21400F5A8A1D503001AD6030032D60300FC4100207A
S21400F5B826D6030040D6030054D60300F1D4030031
S21400F5C811D20300304100205CD40300ACD5030000
S21400F5D8CCD5030079D4030002D60300051E040028
S21400F5E8FCD4030064D403006DD403002DE9F7436C
S21400F5F80025134EDFF8588008F022FEECB2A04231
S21400F60802D803B0BDE8F0832701204616F8079015
S21400F61808F01CFE0B4A4B46002808BF424600214D
S21400F62802200092084A02F017FAF05D25F078FFEB
S21400F63801210220054A02F00FFA0135DCE700BF77
S21400F648304100209E2404006FD60300051E0400E7
S21400F658A824040008B583685A681178C26853F865
S21400F6682230A1F1650251425141187808F0A4FFF2
S21400F67830B9BDE8084001210220024A02F0ECB980
S21400F68808BD00BF7AD6030000210220014A02F016
S21400F698E3B900BF94D6030000210220014A02F015
S21400F6A8DBB900BFC2D6030010B5044686B01822E0
S21400F6B8002168460EF09AF9684626F0A6FBD4E9BB
S21400F6C8022052F8203002EB80021B788DF80B30AF
S21400F6D8516891F900108DF80A1091680988ADF8FC
S21400F6E808106168091A032907DDD26803F01F03AA
S21400F6F8127843EA42138DF80B30684608F0CEF8C5
S21400F70800210346024A022002F0A6F906B010BD00
S21400F718DED6030007B5002026F0BDFF00210090C6
S21400F728034B0220034A02F097F903B05DF804FB86
S21400F738EBD60300F1D6030013B5D0E9023253F82E
S21400F748221003EB82035B68087819680023094CCB
S21400F758A222994208BF2146C01A18BF012026F0E7
S21400F7688EFF01210090044B0420044A02F074F92D
S21400F77802B010BD00F8FF07FCD603000AD8030045
S21400F78813B5D0E9023203EB820153F82230D1E9EF
S21400F79801141878FF22003818BF0120237809685A
S21400F7A826F06DFF01210090034B0420034A02F067
S21400F7B853F902B010BD00BF03D703000AD80300F0
S21400F7C808B5002101230C4A26F0DEFD0A4826F07B
S21400F7D83EFB0020094909F05FFC002026F0C6FB26
S21400F7E810B1054809F0C0FBBDE808400121042017
S21400F7F8034A02F031B900BFB35F002018D70300F0
S21400F808051E040010B525F089FE034630B1BDE894
S21400F818104001210420054A02F01EB90121BDE866
S21400F82810400420024A02F017B900BF26D703008A
S21400F83837D7030010B526F00CFBBDE8104003468A
S21400F84801210220014A02F007B900BF42D703008F
S21400F85810B526F0D0FABDE8104003460121022074
S21400F868014A02F0F9B800BF58D7030037B5D0E907
S21400F8780232012453F822304FF6FF701D78FE221C
S21400F88804FA05F1002326F066FF2B460090214671
S21400F8980420024A02F0E0F803B030BD6CD703003B
S21400F8A8D0E9023253F822301B7823B10121022016
S21400F8B8024A02F0D1B8024A137070478BD7030089
S21400F8C8815A002007B5684625F00EFE07F038FF77
S21400F8D801210346084A022002F0BEF8684609F0ED
S21400F8E843FB08F0A1F901210346044A022002F06E
S21400F8F8B3F803B05DF804FBA1D70300BBD7030039
S21400F90837B5D0E90245406854F82530401B03282F
S21400F918D8BF002004EB8504C8BFE0681978636880
S21400F928C8BF00781A78A36893F9003000900120C1
S21400F93826F095FE38B901210220084A03B0BDE832
S21400F948304002F089B8064B01900093012102204E
S21400F958044B054A02F080F803B030BDCCD703004C
S21400F968D4D70300A8060400E8D7030007B501208B
S21400F97826F07DFE48B9009001210220084B094A6E
S21400F98802F06AF803B05DF804FB054B019000939B
S21400F99801210220044B054A02F05EF8F2E700BF98
S21400F9A8D4D70300FFD703008D320400E8D703003E
S21400F9B808B5D0E9023253F82230187826F009FE46
S21400F9C830B9044A0121BDE80840042002F044B8D2
S21400F9D8014AF7E714D8030030D8030008B5D0E981
S21400F9E8023253F82230188826F0F1FD30B9044A5E
S21400F9F80121BDE80840042002F02EB8014AF7E7C6
S21400FA084FD803007FD8030073B50378044613F075
S21400FA18050F0ED04588062D17D1836801215B682F
S21400FA28174A1B780193838804200093154B02F02D
S21400FA3813F82378012B20D001210420114B124AF9
S21400FA4802B0BDE8704002F007B835B983880121D6
S21400FA5804200E4A02F000F8EBE7012DE9D186688B
S21400FA680B49002009F018FB304609F07DFA2946B4
S21400FA780420084A01F0F0FFDBE702B070BD00BFC3
S21400FA88B5D80300ACD8030007D90300D2D80300C2
S21400FA98EFD80300051E04002DE9F04F00268FB0AE
S21400FAA8364D09AC0FCD0FC42B6801210220344A0D
S21400FAB8236001F0D1FF3446DFF8DC9025F028FDFE
S21400FAC8F5B2A8420BD825F023FD23460090012165
S21400FAD802202C4A01F0C0FF0FB0BDE8F08F284680
S21400FAE805A926F060FD0346002841D19DF814308C
S21400FAF8032B39D904238DF814302B460021022015
S21400FB08214A01F0A9FF9DF814300EAA02EB8303E0
S21400FB1800214A4653F8143C022001F09DFF28466F
S21400FB289DF821A09DF815B09DF81870BDF81680B0
S21400FB3826F03BFD5346CDE9028000210220CDE9A0
S21400FB4800B7124A01F088FF01340020E4B226F01C
S21400FB580DFA18B10DF1190009F006FA0021022075
S21400FB680B4A01F079FF01E0002BC6D10136A5E764
S21400FB7800210220074A01F06FFFF7E75C700400D7
S21400FB8819D9030092D90300CFD4030046D903003D
S21400FB98E2CC03006DD9030019E40300C368826849
S21400FBA8013BDBB252F8233002201B78652B14BFCA
S21400FBB800220121044B1BBF01211A70034A044A84
S21400FBC808BF197001F048BF2C6A0020A9D90300A5
S21400FBD8B7D90300D0E9023253F822301A88014B0D
S21400FBE81A807047C669002007B5D0E9023103EBD2
S21400FBF8810253F8213052681988054B0548128847
S21400FC0800930088012309F0A3FE03B05DF804FB07
S21400FC1811FA0000C6690020C3688268013BDBB29F
S21400FC2852F823305B78A3F1660253425341014AE7
S21400FC38137070472F6A002030B5D0E9023253F8A7
S21400FC48223089B01D78012302AA1946044626F0F8
S21400FC589BFB01230093102302210DEB0302204691
S21400FC6826F073FB284604AA02A926F08EFD044651
S21400FC78002026F07BF918B12146044807F0F0FD6D
S21400FC880020034909F0EEF909B030BDC6D90300D3
S21400FC98051E0400002330B58FB00221009309AA80
S21400FCA81223054626F051FB05AA014609A807F0C7
S21400FCB8B5FB044698B1232805D1134A0121042030
S21400FCC801F0CAFE09E0212801D1104AF6E70346EA
S21400FCD8012104200E4A01F0BFFE0FB030BD0123FB
S21400FCE82846194603AA26F04FFB05A903A826F0BE
S21400FCF84EFD0546204626F039F918B1294605482E
S21400FD0807F0AEFD044AD9E7D3D90300F6D90300B5
S21400FD1831DA030052DA0300051E0400F0B5D0E914
S21400FD28023253F8221003EB82039B6805461F78BD
S21400FD3887B038460E7826F0F9F8044608BBD5E9A9
S21400FD48022101238DF80830194452F8210002EBED
S21400FD58810200888DF809709268ADF80A0012785A
S21400FD6804218DF80C2028460DF10D0226F00CFB18
S21400FD78304602A98DF8154026F019FC044626F0F0
S21400FD88C9F8334601210420024A009401F064FEB3
S21400FD9807B0F0BD67DA03002DE9F04101218EB007
S21400FDA80220274A01F058FE002005AB01AA09A93F
S21400FDB826F0E5FC00250446224E234FDFF89880FF
S21400FDC81CB128460EB0BDE8F08102202B4632460C
S21400FDD8214601F041FE204626F0C8F810B10AA8D0
S21400FDE809F0C2F83A46002102209DF8303001F0AA
S21400FDF833FE424600210220079B01F02DFE00211B
S21400FE080220BDF82030114A01F026FEBDF8143055
S21400FE1800210F4A022001F01FFE013501A826F036
S21400FE28A0F8EDB2012102200A4A01F015FE284684
S21400FE3805AB01AA09A926F0A2FC0446C0E700BF44
S21400FE4899DA0300DFDA0300E7DA0300D5F50300E2
S21400FE58FCDA0300051E0400F3DA03002DE9F04778
S21400FE68064698B0C0B925F051FB074600250EA8EF
S21400FE7826F08FFC01210220384A01F0EDFD2C46C1
S21400FE88DFF8E080DFF8E090DFF8E0A0BC4205D3BA
S21400FE98284618B0BDE8F0870127E7E713A826F03C
S21400FEA878FC002E4CD0022306A913A88DF84C30F7
S21400FEB8FE2426F060FC00283FD102A913A826F0ED
S21400FEC860FC9DF8593043F001038DF85930002E38
S21400FED83DD1234631460220214A01F0BDFD9DF85A
S21400FEE859300AA943F0010313A88DF8593026F0B3
S21400FEF848FC002026F03AF810B114A809F034F8A7
S21400FF080C9B42460021022001F0A6FDBDF82820E1
S21400FF18002112F4007F0CBF4C23412312F0100F6F
S21400FF280CBF6E227922022000924A4601F094FD08
S21400FF3806A826F016F80135EDB20134E4B2A5E7B6
S21400FF4820460AAB06AA13A926F017FCB3E75246C2
S21400FF580021022001F080FDC1E700BF06DB030098
S21400FF68DFDA0300F3DA030042DB03003BDB0300BF
S21400FF7830B5012499B00EA826F00BFC13A88DF80E
S21400FF88384026F0A4FBC0B9BDF84C1011EA0405A9
S21400FF9813D121460220444A01F05EFD294602207C
S21400FFA8424A01F059FD214602203F4A01F054FD1D
S21400FFB8214602203C4A01F04FFD06A90EA826F06D
S21400FFC8DAFB20B11022FF2106A80DF00FFD04A8C9
S21400FFD826F0D9FB059B01210220354A0093354BB4
S21400FFE801F03AFD9DF8123001210220324A0093B2
S21400FFF8304B01F031FD00212E4B304A022001F033
S2140100082BFD06A825F0ADFF13A826F0C2FB022398
S2140100180AA913A88DF84C3026F0B3FB00283FD167
S2140100280B9B009301210220254B264A01F014FD63
S2140100380121234B244A022001F00EFD0120FFF77F
S2140100480DFF01211E4B214A022001F005FD00206B
S214010058FFF704FF044625F059FA234600900121CC
S21401006802201B4A01F0F8FC01211A4B174A02200C
S21401007801F0F2FCFFF790FE1749022803461748DD
S214010088174A28BF0A46084928BF01460092CDE903
S214010098013102200121134A01F0DEFC19B030BDFE
S2140100A84FF0FF33BDE700BF051E040055DB030014
S2140100B893DB03008BDB0300A3DB0300320504009C
S2140100C85F130400B6DB0300C6DB0300CDDB0300C9
S2140100D8D6DB0300EADB030051DB03009CFA0300CE
S2140100E8EEFA0300F8DB030010B5D0E9023253F844
S2140100F822301C78201E18BF012026F0D4FA054AA3
S214010108054B0020002C18BF1A46BDE810400349CD
S21401011808F0A8BF25DC030020DC03002EDC030062
S214010128D0E9023210B553F822301C88204626F052
S214010138BCFA2246BDE810400020014908F092BFEB
S2140101486FDC030037B5044607F0D2FA014638B12A
S21401015800200D4A0D4903B0BDE8304008F082BFC3
S214010168E368A268013BDBB252F8233008481D78E1
S2140101780123084A00936C2D08BF02461023204627
S21401018826F0E3F803B030BDBDDC0300C5DC030090
S214010198156A0020056A002013B583689A681278E4
S2140101A8672A22D101A826F092FA0446A8B9BDF812
S2140101B80420174908F056FFBDF80430DA070AD4B8
S2140101C813F0020F134B144A18BF1A46134900209E
S2140101D808F048FF19E0124AF8E7024611490020DC
S2140101E808F040FF22461049F1E7C26801A953F812
S2140101F8220003EB82035B6800681B68ADF80430D5
S21401020826F06BFA04460028ECD102B010BD00BFF8
S214010218F8DC0300EBDC03008F06040019DD03009D
S214010228DBDC03002BDD030057DD0300034A04492A
S2140102381388C85401331380704700BF62550020E5
S214010248875A002073B5154D01242B78144E13F0E8
S214010258040F0CBF02230423124A21461470328865
S21401026802200192EB5C104A0093104B5B8801F068
S214010278F3FB002102200E4A01F0EEFB0D4B294646
S214010288009332882346022001F02CFC21460220E6
S214010298094A02B0BDE8704001F0DEBB875A00206B
S2140102A862550020865A002066DD0300545500205A
S2140102B88BDD0300ADDD0300051E040070B5164690
S2140102C84FF48A52114B124DDA805980114B1B8814
S2140102D81A1E18BF012240EA82000F4A1278003A15
S2140102E818BF012240EA0210287063B103246B701C
S2140102F81B0AAB7009F088FE631C2855EE54074BA1
S21401030802341C8070BD0124F4E700BF5455002058
S214010318875A002060550020855A00206255002023
S21401032838B5D1E902320C46054653F82230024662
S21401033819880C4B1878FFF7C1FFE368A2680133E8
S21401034852F82330188823F0C8FF4DB1E368A26835
S214010358023352F823301878BDE83840FFF766BFF5
S21401036838BD00BF825A0020F0B50546EB68AA687A
S214010378023352F8233008461C78294685B0FFF721
S214010388CFFF204625F01BF9204E214F78B3204693
S21401039825F021F90321441C03AA284623F004F872
S2140103A83288E4B2C2F1FF0303991B1B9BB28B424E
S2140103B822443CBFC2F1FF030393012303210093A8
S2140103C83A449DF80C30284625F0BFFF039A022CC4
S2140103D8338804BF0F48110AFA5408BFC15413449E
S2140103E81C44348005B0BDE8F040FFF72BBF20461B
S2140103F807F086FE0123328804460093032103464C
S2140104083A44284625F0A1FF3388E9E762550020DB
S214010418875A0020885A0020052307B50121009332
S2140104280220044B044A01F017FB03B05DF804EB05
S214010438FFF79EBD94DD03009BDD030013B504465C
S21401044826F041F938B1CDE9004001210220034BDD
S214010458034A01F001FB02B010BD00BFBDDC03007A
S214010468B2DD0300194B37B51B783BB901210220D1
S214010478174A03B0BDE8304001F0EEBAD0E90232BF
S214010488144C53F8223001211D786388022000930A
S214010498114A2B4601F0E0FA104B25711B78104DD6
S2140104A863B1012102200F4A01F0D6FA20460E4A0E
S2140104B8298803B0BDE8304024F022BE20460A4A07
S2140104C8298803B0BDE8304024F0DCBE865A0020F7
S2140104D8C9DD030054550020D7DD0300835A0020E8
S2140104E862550020EEDD0300875A00202DE9F04111
S2140104F8D0E9023253F8221003EB82035A680C78CB
S21401050817889A68DB68B2F80080C6B01D780021A3
S214010518304B0220304A0094CDE9017801F09CFA6C
S214010528002D0CBF6E237923012102202B4A01F0EE
S21401053893FAFF23002D0DF1170606AD0193204609
S2140105480CBF80234023424639460296009525F083
S2140105587CFB0446002835D1307825F036F8074666
S214010568B0B1284625F0C1FC1D4BFD28A8BFFD20CB
S2140105780093234682B20DF11901022001F0B2FA66
S21401058801210220174A01F067FA46B0BDE8F0815A
S214010598307825F020F860B1284625F0ABFCFD2818
S2140105A8A8BFFD200E4B82B200930DF11A013B46FF
S2140105B8E3E7307807F0A4FD0B4B02460093294683
S2140105C80123DAE7009001210220084B084A01F0CE
S2140105D843FADAE7FB13040008DE03002DDE030006
S2140105E8B3270400051E0400ADDD0300B5E60300CD
S2140105F837DE0300D0E9023253F8221003EB8203F8
S2140106082DE9F04F5A680F78B2F800809A68C7B09B
S214010618B2F80090DA681B6992F800A01E780021EB
S2140106282F4B304A0446CDE901890220009701F094
S21401063813FABAF1000F0CBF6E23792301210220A9
S214010648294A009606AD01F007FAFF22002128463E
S2140106580DF0CCF9304624F0B8FF834608B30023E2
S214010668052100932046FD230DF1190225F06DFEA4
S2140106782870BAF1000F0CBF802340234A46414632
S2140106883846CDE9005625F0ABFA0146144807F07E
S214010698E7F801210220154A01F0DEF947B0BDE866
S2140106A8F08F304624F097FF60B1FD2305212046E0
S2140106B8CDF800B00DF11A0225F047FE85F801B015
S2140106C82870D6E70590304607F01AFD059A0346C6
S2140106D8009205212A46204625F037FEC9E700BFC5
S2140106E8EE13040008DE030048DE0300051E0400BE
S2140106F82DE9FF471C465B68E5685B1B00255FFA2A
S21401070883F803952E46FFF7D9FDEBB298450BD92A
S2140107180C9B9B5D282B39D8202B00F2CB80013609
S214010728F6B2002B40F0C980FFF78CFD04B0BDE897
S214010738F087132A2FD801A151F822F00B080100DF
S2140107481D0801002F080100630801003107010098
S2140107583107010031070100310701009F07010039
S2140107689F0701009F0701009F0701009F070100DF
S2140107789F0701009F0701009F0701009F070100CF
S2140107889F070100AF07010089080100A3F13102A4
S214010798D1B21329CDD90136F6B2A3F14102032A03
S2140107A8C2D8422B6CD06C4F00213A88DFF8B0A132
S2140107B8C2F1FE039BB2FF2B28BFFF230132009133
S2140107C8DBB22046524469B225F09BFD3B880AF805
S2140107D8030001331844388011E04FF00409E36838
S2140107E8A2682B4452F823301F68F8B209F1FF3982
S2140107F8FFF71CFD19F0FF094FEA1727F5D1013558
S21401080883E7E368A2682B4452F823301878FFF789
S2140108180DFDF4E7E368A2682B4452F823301888E4
S21401082823F05BFDEBE7E368A2682B4452F823301C
S2140108381F68B7F1807F09D2F8B2FFF7F7FCC7F354
S2140108480720FFF7F3FCC7F30740E0E72B46012133
S2140108580820424A01F000F966E74FF00409E36808
S214010868A2682B4452F823301F68F8B209F1FF3901
S214010878FFF7DCFC19F0FF094FEA1727F5D1BEE7A9
S214010888294603AA204622F08FFD0021324F344A1A
S2140108983B88DDF80C9002EB030CCAB2914501F1D6
S2140108A8010102D84B443B80A9E710F802A00CF8D6
S2140108B802A0F2E7242B3FF670AF013B232B3FF64D
S2140108C833AF01A252F823F00B0801001D080100FE
S2140108D82F080100E3070100310701003107010075
S2140108E83107010031070100310701003107010016
S2140108F83107010031070100310701003107010006
S21401090831070100310701000B0801001D0801002D
S2140109182F080100630801003107010031070100B3
S21401092831070100310701003107010031070100D5
S21401093831070100310701003107010031070100C5
S21401094831070100310701000B0801001D080100ED
S2140109582F080100E30701006255002061DE03004D
S214010968875A0020094B1B7823B101210820084A21
S21401097801F072B8D0E9023253F82230054A1B88D2
S214010988012113800820044A01F066B8865A00201F
S21401099887DE030060550020C9DE0300D0E9023275
S2140109A853F82230054A1B780121003B18BF012362
S2140109B808201370024A01F04FB800BF845A00207D
S2140109C8EFDE0300D0E9023253F82230034A1B78DF
S2140109D8012113700820024A01F03EB8855A00200A
S2140109E81EDF030010B5D0E90232044653F8223060
S2140109F8132219880B4B1878FFF760FCE368A26886
S214010A08013352F823301878FFF710FCE368A26820
S214010A18023352F823301878FFF708FCBDE8104077
S214010A28FFF710BC825A002010B5D0E902320446FE
S214010A3853F82230112219880B4B1878FFF73EFC21
S214010A48E368A268013352F823301878FFF7EEFB03
S214010A58E368A268023352F823301878FFF7E6FBFA
S214010A68BDE81040FFF7EEBB825A0020D0E90232FB
S214010A7853F82230034A1B78003B18BF0123DB00DA
S214010A8813707047825A002010B5D0E9023253F825
S214010A982230044619880E4B06221878FFF70EFCFA
S214010AA80120FFF7C3FBE368A268034452F823302A
S214010AB8188823F012FCE368A268023352F8233040
S214010AC8188823F00AFCBDE81040FFF7BBBB00BF3F
S214010AD8825A00202DE9F043D0E902324FF0FD0991
S214010AE8013253F8221003EB82035A68C7B01788FD
S214010AF89A68B1F80080147853F8043C002C0DF17C
S214010B08170506AE18783A4614BF40238023414697
S214010B180295CDF80490009625F097F8034638B16B
S214010B28184A0121082000F097FF47B0BDE8F08376
S214010B38201E18BF01200A224146C000FFF7BEFB4F
S214010B48384623F0CAFB2878FFF770FB4A46314639
S214010B58287824F0E8FC044628B10B4F3D88C5F1F7
S214010B68FF03984202DD2346084ADAE702460848A8
S214010B783146284425440DF0C9F83D80FFF762FB4D
S214010B88D3E700BF54DF03006255002070DF03007F
S214010B98875A002010B5D0E90232044653F82230AD
S214010BA8082219880B4B1878FFF788FBE368A268B8
S214010BB8023352F823301878FFF738FBE368A26847
S214010BC8013352F82330188823F087FBBDE810401C
S214010BD8FFF738BB825A002073B5D0E902320546C2
S214010BE8023253F8221003EB820353F8042C53F80D
S214010BF8083C0C781988234B168818780622FFF7C4
S214010C085DFB0020FFF712FB304623F066FB20460B
S214010C18FFF70CFBEB68AA68033352F823301888F1
S214010C2823F05BFBEB68AA68043352F82330188874
S214010C3823F053FB204609F0E7FBE8B9204607F006
S214010C485FFA05210446019001AA284622F0ACFB6A
S214010C58019B01469C4206D0224631460A480BF0C3
S214010C68A7FD02B070BD094D09482E8822463044BA
S214010C7834440CF00DFF2C8002B0BDE87040FFF73D
S214010C88E1BA00BF825A00209CDF030062550020AB
S214010C98875A002073B5D0E902324FF48A5153F8C7
S214010CA82230104D1A88104BD9805A8000232A46C4
S214010CB800930121FF2325F048FB2B78044613F007
S214010CC8040F0A4B08BF01261B7818BF032613B169
S214010CD809F09AF9A855064B1C8002B0BDE8704089
S214010CE8FFF7B0BA875A002054550020845A0020CE
S214010CF862550020D0E9023253F82230034A1B78A5
S214010D08003B18BF01231370704700BF835A0020A9
S214010D1810B50C4608B908F003F9024B18715C7156
S214010D2810BD00BF5455002002462DE9F341D0E915
S214010D380253526855F82310D21A0C8805EB830122
S214010D48013BDBB255F82380294D022A4868C8BF03
S214010D588A682B78D8BFFF210078C8BF11783BB9BD
S214010D6801210220234A02B0BDE8F04100F074BE1A
S214010D78FFF7CEFF06F0E4FC1F4F204E3B880146E6
S214010D88224600931E48334625F04CF80246C8B959
S214010D9898F804103B885F2917D1CDE900364FF63D
S214010DA8FF712046164B24F09FF928B1034601210E
S214010DB80220144A00F050FE0023134A2B701380B9
S214010DC8124A137002B0BDE8F0814FF6FB718C42EF
S214010DD808D9CDE900362146094B4FF6FF7024F0B5
S214010DE8E1F9E2E72146064A009624F00DFADCE727
S214010DF8865A0020E7DF030062550020875A002044
S214010E0854550020EEDF030060550020855A002067
S214010E18002210B50A2104461046FFF74FFA0020B3
S214010E2823F05BFA0122044B1A70FFF70BFA2046EF
S214010E38BDE81040FFF778BFB05F002038B51C4604
S214010E4815460123224625F09FFA60B92146284611
S214010E5825F063FC044620B101210420034A00F072
S214010E68FBFD204638BD0024FBE700BF15E0030064
S214010E782DE9F0430C4615461F46D0E9022352F8E1
S214010E88231002EB830293680E8893F80080D368D8
S214010E988BB0B3F800903246012106ABFFF7CEFFC0
S214010EA8F0B90DF1200CF4B101232A884021CDE9CF
S214010EB802C2CDE90471CDE900932221434606AA70
S214010EC8304625F098FA0B4B0B4A00930B4B0190D2
S214010ED8002C08BF134601210420094A00F0BCFD76
S214010EE80BB0BDE8F083624628686968032303C22D
S214010EF82246DBE774E0030059E0030053E00300F1
S214010F0861E0030007B501236A46002125F03CFA93
S214010F186846034908F0C8FD03B05DF804FB00BF46
S214010F2811FA0000D0E9023253F822300149188834
S214010F3808F08CBD11FA000010B5D0E9023203EBB7
S214010F488201496853F8223009784FF48A52188882
S214010F5825F041FABDE81040034601210420014A64
S214010F6800F07ABD7EE00300D0E9023253F8223061
S214010F7802214FF48A5210B5188825F01EFABDE8EA
S214010F881040034601210420014A00F065BD00BF58
S214010F9897E003001FB5D0E9023203EB820153F84C
S214010FA82230496818884FF48A5309880293094BF6
S214010FB8094A0193094B1B7800931278084B25F0D0
S214010FC872FA012103460420064A05B05DF804EBCF
S214010FD800F042BD64550020875B0020865B002038
S214010FE86E550020AEE003002DE9F043D0E9023249
S214010FF853F8221003EB82035A680E8817789A680A
S214011008DB688BB092F80090B3F800803246042172
S21401101806AB0446FFF712FF28BB08AD01232A4694
S2140110280521204625F0B0F938B9042001210F4AD8
S21401103800F012FD284624F057FA4FF48A53CDE9FA
S21401104804930023CDE9025303232121CDE900832C
S21401105806AA3B46304625F0CEF901210346044A46
S214011068042000F0F9FC0BB0BDE8F083C6E00300ED
S214011078F5E0030038B5D0E9024303F18043023BAB
S21401108802220F4954F823009D000CF0FBFF60B9BB
S2140110980C4B0D491A78042A0BD82C44A0680088F2
S2140110A821F8120001321A7038BD084B08491A781F
S2140110B8F1E70121BDE838400420064A00F0CCBC1F
S2140110C8230C0400875B00206E550020865B0020F9
S2140110D86455002007E1030008B5C368806803F17A
S2140110E88043023B0222064950F823000CF0CAFF4F
S2140110F810B9044B187008BD0022034B1A70FAE7A2
S214011108230C0400875B0020865B002037B5D0E9F6
S214011118023153F821208C0015784268521A012AA8
S214011128C5BF1B195B686C091C78DCBF44F0180442
S21401113805F01F052946204625F079F8034640B1F3
S2140111482346012104200E4A009500F085FC03B0D1
S21401115830BD0121A94074B92346FE224FF6FF701F
S21401116825F0F9FA012103460420064A03B0BDE832
S214011178304000F071BCFE2241EAC461EEE700BFD0
S2140111881DE103003DE1030070B5D0E9021551F8F1
S214011198253001EB8501044618884B681A788B6858
S2140111A8052A1B8802D85E1E072E0BD901210420AA
S2140111B80C4A00F051FCBDE87040012104200A4A9F
S2140111C800F04ABC6468641B032CCABFC968074997
S2140111D8096825F0C0FABDE87040024604490020B7
S2140111E807F05ABF5BE103007BE1030000F8FF0745
S2140111F898E1030008B5D0E9023253F8220003EB60
S21401120882035968FF22038809684FF6FF7025F0A4
S214011218A2FABDE8084002460149002007F03CBF93
S214011228ABE1030008B5D0E9023253F822300521B4
S2140112384022188825F0C1F8BDE808400246024950
S214011248002007F029BF00BFCCE1030008B5D0E9AC
S214011258023203EB8201486853F8221002784023D1
S2140112680988312025F0FCF8BDE808400246024905
S214011278002007F011BF00BFEDE1030008B5D0E973
S214011288023203EB8201486853F8221002784023A1
S2140112980988332025F0E4F8BDE8084002460249EB
S2140112A8002007F0F9BE00BF07E203001FB5D0E92A
S2140112B8023253F8221003EB82039B6808881A78D7
S2140112C80023D21A18BF0122CDE9023302A940230E
S2140112D8D20125F0D4F801210090044B0420044AD9
S2140112E800F0BAFB05B05DF804FB00BF74E003002C
S2140112F825E2030007B5D0E9023253F8223003216C
S2140113084022188825F059F801210090034B042043
S214011318034A00F0A1FB03B05DF804FB74E0030088
S21401132834E2030037B5C3688268053352F82330C0
S21401133804211D786A460123044625F025F838B9A4
S21401134804200121064A00F087FB684624F0CCF801
S2140113582B466A4600212046FFF78AFD03B030BDBA
S2140113684EE2030007B5D0E9023203EB8201486872
S21401137853F82210027840230988322025F070F8A5
S21401138801210090034B0420034A00F065FB03B0DB
S2140113985DF804FB74E003007FE2030070B585691D
S2140113A80446EA0705F0020605D476B1C5F3072018
S2140113B824F0BCFD09E01EB1B2210F482BF0D9F884
S2140113C8A069C0F3810024F0A0FDE3691BB9BA2126
S2140113D809482BF0CEF8204614F098FBE3693EB195
S2140113E8607E9847AB0706D0BDE8704024F092BDF2
S2140113F820469847F6E770BD94E2030008B514F056
S21401140879FE28B1BDE80840472102482BF0B1B85B
S21401141808BD00BF94E203002DE9F041FF2B044606
S2140114280F4690461D469DF8186005D0FF2E03D03E
S214011438D52111482BF09DF80023FF2D18BFAD00CC
S2140114480E4A1CBF45F00105EDB222600C4AC4E9FC
S214011458063818BFA561FF2EC4E901232361E7609A
S21401146807D0A36943F0020323F47F4343EA062324
S214011478A361BDE8F08100BF94E20300043D0020AB
S214011488A5130100002310B5054C03610460054C43
S214011498C261C0E901430123C160836110BD00BF79
S2140114A8043D0020A513010070B58669044606F0C0
S2140114B80303032B0D4603D1FC2114482BF059F8DE
S2140114C8FF2D16D0B20704D440F201110F482BF0B5
S2140114D850F8284624F0C8F9FF28054604D14FF4E9
S2140114E882710A482BF045F82DB204EB45142046C4
S2140114F870BDF307FBD5A36913F00C0FF7D040F2C4
S2140115080B1102482BF035F8F1E700BF94E203000F
S2140115180023054AC0E9063103610260C360034A35
S214011528034B426083607047043D0020A513010009
S214011538E15A0200014827F0EFB800BF043D002039
S214011548014827F0F5B800BF043D002013B50E4842
S21401155827F0BCF822F044FF26F07AF826F09CF82B
S21401156826F0A6F8FCF728FF0446FCF73FFF2346BB
S214011578009001210420054A00F06EFA02B0BDE889
S2140115881040FCF71FBF00BF043D002027E30300FF
S214011598022808B503D12AF0E5FF014B186008BDFB
S2140115A8343D002008B50DF08FF80122044B1A705F
S2140115B82BF061F8BDE8084002490348FDF7C4B8B6
S2140115C8895B0020C8640020383D0020014B187054
S2140115D8704700BF885B0020024B187808B106F0F8
S2140115E893B87047256A002008B5074B1B780BB1DE
S2140115F8002008BDFFF7F0FF0028F9D106F05EFCD1
S214011608023818BF0120F4E7885B002070B5FFF7A1
S214011618EBFF174D20B1FFF78DFF0428044613D8BA
S2140116282B781BB92BF027F801232B7022F0E6FE46
S2140116380446D8B12B781BB9F7210E482AF099FF32
S214011648BDE87040FFF776BF22F0DAFE0028E7D043
S2140116582B785BB12AF0F9FE06460021012029F015
S2140116682FF930462AF0ECFE00232B70204670BD79
S214011678895B002048E303001FB5FFF7C7FF044650
S214011688FDF740FAA04228BF204688B103A929F0F1
S21401169833FD034638B9CDE90000064A03990648E2
S2140116A82AF07CFF18B18E2104482AF062FF012037
S2140116B804B010BD03440300143D002048E30300B2
S2140116C80D4B70B51B780D4D0D4C0121002B0CBF31
S2140116D82B46234602200B4A00F0BEF90A4B01218D
S2140116E81B780220002B0CBF2B462346BDE8704012
S2140116F8064A00F0B1B900BF256A0020420C040072
S214011708610C0400DEE30300885B0020FDE30300B0
S21401171810B5D0E9023253F8223002201B78012195
S214011728002B15BF01240024044A054A00F094F949
S2140117382046BDE81040FFF749BF00BF1CE4030080
S21401174839E40300D0E9023253F82230034A1B7801
S214011758003B18BF01231370704700BF256A00209D
S21401176838B50125084B1D702AF06FFE0446294638
S214011778284629F0A5F820462AF062FEBDE838403A
S21401178802490348FCF7E0BF8A5B0020D0640020CA
S214011798603D002070B514F033FD10F0070F1D4DA5
S2140117A811D02B785BB901262E702AF04EFE04461E
S2140117B83146304629F084F820462AF041FEBDE835
S2140117C8704014F0EDBA24F0AAFF022803D1124B98
S2140117D81B78032BE5D914F013FD18B90E4B1B78AB
S2140117E8032B14D814F0DCFA04460028D9D02B7839
S2140117F85BB100262E702AF028FE054631460120E8
S21401180829F05EF828462AF01BFE204670BD4FF0E8
S214011818FF34ECE78A5B0020116000201FB5FFF754
S214011828B9FF0446FDF76EF9A04228BF204688B1E5
S21401183803A929F061FC034638B9CDE90000064A38
S214011848039906482AF0AAFE18B18C2104482AF002
S21401185890FE012004B010BDDD480300403D002085
S21401186858E4030010B5094C0949002007F0FAFBB3
S21401187823681B68587924F02DF823681B68587963
S21401188823F031F805F066F9002010BDC0420020AB
S214011898E6E4030008B524F032FF024628B1BDE8A5
S2140118A808400020014907F0DDBB08BD09E5030033
S2140118B808B524F03AFF024628B1BDE808400020E2
S2140118C8044907F0CFBB5422BDE80840FF2102486F
S2140118D80CF08CB821E503007855002038B504468D
S2140118E80D4624F026FF024628B1BDE83840002000
S2140118F8034907F0B7BB034B23F8145038BD00BFA4
S2140119083FE50300785500202DE9F34100240C4EED
S2140119180C4DDFF838800C4F56F8043B0BB9D8F855
S214011928003035F8022B3946009200202246013451
S21401193807F098FB2A2CEFD102B0BDE8F08100BF72
S214011948DC640020CC5500205BE50300D864002049
S21401195808B52A21034824F0E4FEBDE80840FFF74D
S214011968D3BF00BFCC55002007B5D0E9023253F8E3
S21401197822301A78292A0DD8084B53F822300BB989
S214011988074B1B680749002031F8121000910649D9
S21401199807F068FB03B05DF804FB00BFDC640020B9
S2140119A8D8640020CC5500205BE5030008B52A2141
S2140119B8034824F0B8FEBDE80840FFF7A5BF00BFFE
S2140119C8CC55002038B5D0E9023253F8221003EB83
S2140119D882035B680C781D880020044907F042FBE7
S2140119E829462046BDE83840FFF778BF66E503007C
S2140119F82DE9F34100240C4E0C4DDFF838800C4FCE
S214011A0856F8043B0BB9D8F8003035F8022B39469E
S214011A18009200202246013407F024FB2A2CEFD13D
S214011A2802B0BDE8F08100BFDC64002078550020D4
S214011A385BE50300D864002010B5024622F069FF72
S214011A4820B9044C236811B11343236010BD23EA5F
S214011A580203FAE7886500200CB413B502460C4663
S214011A6822F057FF60B9094B1B681A4208D005A92E
S214011A78049801910AF0B0FE14B1054825F076FDE8
S214011A8802B0BDE8104002B0704700BF886500206C
S214011A9865E80300034610B5D3E9023253F822304D
S214011AA808461C78211E18BF0121FFF7C5FF01460D
S214011AB848B9084A084B0220002C08BF1346074AB3
S214011AC8FFF7CAFF10BD00210220054AFFF7C4FF31
S214011AD8F8E700BF64D403005CD4030067E803009A
S214011AE87DE803002DE9F04105461F460C46DFF860
S214011AF82C808E18B44201D1BDE8F0810021284619
S214011B0814F8013B069AFFF7A7FF002FF2D04246CA
S214011B1800212846FFF7A0FFECE700BFF1DA030033
S214011B280021024A0248FFF7ADBC00BFBD1B0100F9
S214011B38683D0020FF21014822F044BC683D002092
S214011B480022034BFF2103481A7022F034BC00BF61
S214011B588B5B0020683D002013B5114C2378032BBE
S214011B6813D8009300230F4A18460F4907F07AFA4C
S214011B78237842F21072002B08BF0022FF210B487F
S214011B8802B0BDE8104022F005BC00220849104604
S214011B9807F068FA02B0BDE81040FFF7D1BF00BFF2
S214011BA88B5B00208EE80300A0E80300683D002058
S214011BB8AAE80300F0B52B4D8FB02B7823B309A8FC
S214011BC824F0E7FD022309A88DF8243024F0CFFD80
S214011BD801AA06469446244B03F1100714461868D2
S214011BE85968083303C4BB422246F7D105AA1746EB
S214011BF81E4B03F1100E144618685968083303C4BF
S214011C0873452246F7D1E6B1012409A824F05DFD03
S214011C1828B9BDF8243013F0020F18BF01242B7819
S214011C281349002B4FF000034FF0A00208BF1946D6
S214011C38204624F024FD90B92B7801332B700FB081
S214011C48F0BD614609A824F094FD0028DCD1394688
S214011C5809A824F08EFD04460028D6D0D4E7FFF75D
S214011C687BFFECE78B5B002070700400807004003B
S214011C7800F8FF0710B50020324907F0F3F90822EB
S214011C880020314907F0EEF9304B314A1978314BCB
S214011C980020002918BF1A462F4C304907F0E2F9F0
S214011CA8002024F032F92368002B47D01B78022B3A
S214011CB844D900222A4B10462A4907F0D3F922F0C4
S214011CC86FFE29490246002007F0CCF900F0D0F84B
S214011CD826490246002007F0C5F923681B78032B1E
S214011CE82CD900F0D5F822490246002007F0BAF9A7
S214011CF800F0DEF81F490246002007F0B3F900F0AD
S214011D08DFF81D490246002007F0ACF900F0A4F8F8
S214011D181A490246002007F0A5F900F0D7F8184C32
S214011D28184954F82020002007F09CF900F024F9FF
S214011D38154954F82020002007F094F9BDE8104012
S214011D4824F0E8B8CCE80300E8E803008C5B002040
S214011D58420C0400610C0400FC4100200BE903005E
S214011D6832D6030026D6030027E903004BE9030011
S214011D786FE9030093E90300B7E90300DEE903000E
S214011D888C65002005EA030028EA030008B5D0E9B7
S214011D98023253F82230187840B10020074907F07C
S214011DA861F9BDE80840802000F034B8044907F01E
S214011DB859F9BDE80840802000F046B84BEA030010
S214011DC868EA0300D0E9023253F82230034A1B7846
S214011DD8003B18BF01231370704700BF8C5B0020BF
S214011DE818220021094BC3E900121A7B0AB9084ACE
S214011DF89A601A7C12B94FF47A72DA8140F6B832D0
S214011E085A8200229A829A75704700BF883D002040
S214011E18E09304000A4B10B51B687BB11B78032BB3
S214011E2802D8B0F5007F09D1064C23680343236026
S214011E386368184202D02AF090FBA08210BD00BF4A
S214011E48FC410020883D0020024A136823EA00036B
S214011E5813607047883D0020014B1868704700BF23
S214011E68883D0020014B9868704700BF883D0020D8
S214011E78024B9868FA23B0FBF3F07047883D0020C0
S214011E880122024B98601A73704700BF883D0020F4
S214011E98024BD889FA23B0FBF3F07047883D00203F
S214011EA80122024BD8811A74704700BF883D002072
S214011EB8024B588AFA23B0FBF3F07047883D00209E
S214011EC8014B5868704700BF883D00202DE9F8434C
S214011ED800244FF00C08104B104F9D7D104E39888A
S214011EE8E3B28B4202D32846BDE8F88308FB03F326
S214011EF8F05C06EB030924F00FF850B9FF21D9F876
S214011F08080022F05FFA20B199F805309D4238BFE3
S214011F181D460134E3E700BF883D0020CA6900205A
S214011F2810660020124B10B51B68124CEBB11B78DB
S214011F38032B02D823689B0517D52AF00EFBA38A24
S214011F48C01A638A80B283423EBFD4E90032934303
S214011F58236024F05EFB08B1E08910BD2368002BDE
S214011F68FAD1FFF7B3FF0128F6D0A068F5E700BF5E
S214011F78FC410020883D0020014B987D704700BF3A
S214011F88883D002038B504460D462AF097FB244BB9
S214011F981B7813B1204622F0FEFC402C27D006D829
S214011FA884B13F2C18D0BDE8384023F0B3BF4C3C71
S214011FB80C2CF8D81B4B2341DB07F4D40220FFF77F
S214011FC843FFF0E74FF40070FFF73EFF0220FFF7EC
S214011FD821FF154B1C71E6E74FF40070FFF734FF3D
S214011FE80220FFF731FF00220F4B1A71DBE723F0BF
S214011FF814FF0028D7D10C4C022023790133237112
S214012008FFF722FF4FF40070FFF704FF2379AB4276
S214012018C9D322F0C1FC0028C5D122F096FCC2E73C
S2140120288C5B0020FEEEFFFFA03D002010B505F0FA
S2140120385FFB02280AD124F0C8FA034630B1BDE88E
S214012048104000220249104607F00CB810BD00BF28
S214012058B4EA03000021024A0248FFF713BA00BF98
S21401206835200100A83D002038B5002023F04DFF9B
S214012078124B1B6893B11B78022B0FD905F038FB5E
S214012088022816D10E4C2568FFF74CFFA84220609F
S21401209808D0FF2122680B4822F07CF9BDE83840B9
S2140120A823F038BFFF21074822F08CF90028F5D124
S2140120B8EFE7FF21034822F07EF9EFE7FC41002015
S2140120C8A03D0020A83D002002460249002006F057
S2140120D8C9BF00BFC8EA030010B5234C2348FF2137
S2140120E822F069F9207802281ED003282ED001286C
S2140120F804D02120BDE81040FFF7E6BF1C4B197835
S2140121080029F7D002231B4A23701378052B0EBF2C
S21401211800230133DBB29942137003D105231370F0
S2140121280020E7E7052BFBD0124B1B78052B02D1C5
S21401213803232370DDE7104A104932F8230007F01D
S21401214885FC032323700028D4D110BD094B0C4A03
S2140121581878094B03EB8001897833F8200007F0DB
S21401216845FC0123EEE700BF8D5B0020C83D00203B
S214012178965B0020276A002020560020692301006C
S214012188152301002DE9F04F0D46144695B004902D
S214012198112200210FA89946DFF86C810BF026FC66
S2140121A804EB45030393D9F800301C2B02D0039B9C
S2140121B89C4202D115B0BDE8F08F0123DFF844A197
S2140121C88DF81C3023884C4AADF81E309AF800303A
S2140121D84A4D08EB83039B7828788DF820301368DE
S2140121E88DF81D00CDF821305368CDF8253023F041
S2140121F893FE049B8DF8290021882878002B4AD164
S21401220823F059FB002844D09AF800300FAA38F872
S214012218230007A922F0CEFB00283AD023F078F94C
S2140122284FF0000B074606461C255FFA8BF29742CD
S21401223834D8B7422BD99DF81C30032B1AD10FABD3
S2140122480193BDF8213000220421009301202C4B74
S21401225806F08EFD9AF8003008EB83039978274B31
S214012268187806F001FE9AF80030002038F8231096
S21401227823F0A7FD5DB107A9304624F098F9214B54
S21401228805461B78304638F8231024F092F9C9F829
S2140122980050023487E723F005FBB3E710460BA985
S2140122A8059224F080F930B99DF82C1031B9059AB9
S2140122B8B74208BF16460BF1010BB6E7BDF82E006C
S2140122C8BDF81E209042F6D19DF830009DF82020DA
S2140122D89042F0D19DF81C208A42ECD1032A14BF03
S2140122E8082202220DF121010DF131000BF0CAFE80
S2140122F8002808BF0025DEE78E5B0020266A00203E
S21401230845ED0300276A00202056002013B5034632
S2140123180020114A9C6812780190052A03D01B7880
S214012328032B00D12CB9012002B0BDE81040FFF7FD
S214012338CBBE6268217801ABFFF724FF217A012022
S214012348E26801ABFFF71EFFFF21044802B0BDE8B3
S214012358104022F028B800BF276A0020C83D002098
S214012368094B1B78052B02D00378032B02D00120DA
S214012378FFF7AABE8168054A0B68054813604B68D3
S214012388FF21536022F00FB8276A00208E5B0020D9
S214012398C83D002038B50024114B124D1870124B59
S2140123A8FF211C702C7006F05FFD012203211046E8
S2140123B80E4B06F0DDFC4FF6FF712246084623F069
S2140123C803FD044648B940F6B832FF21084821F013
S2140123D8E1FF01232B70204638BDFFF775FEFAE7AB
S2140123E8266A00208D5B0020965B0020051E0400EF
S2140123F8C83D0020144BF0B51A68144913680978CB
S214012408587988420BD11249D78808460022114DBF
S2140124181E792B78D4B2A34203D8052C0AD1002002
S214012428F0BD0C88BC4202D18C78B442F7D0013298
S2140124380431EFE7A342F2D120F82270013300EB12
S214012448820086702B70EAE7C0420020266A0020C8
S21401245820560020965B0020FF2307B50021044A7A
S21401246804480093FEF7D8FF03B05DF804FB00BFED
S214012478E1200100C83D00201FB5B423032104460E
S214012488ADF80E3023F00EFA98B1212320460093BA
S214012498002203210DF10E0323F0B3FB04460020AE
S2140124A8054B064A0649009406F0DCFD204604B0B2
S2140124B810BD8624F3E700BFF2EA0300FFEA030033
S2140124C814EB0300D0E9023253F82230034A1B7892
S2140124D8012113700220024AFFF7BEBA3F6A0020A4
S2140124E823EB03000122014B1A7070473F6A002054
S2140124F80A4B90F805111B7890F8082119448A426E
S214012508BCBFB2FBF3F103FB11234FF0FF32B8BF98
S214012518DBB202FA03F380F80A3170473F6A0020FB
S2140125282DE9FF410446057F867EDFF870806E43FD
S214012538237F98F8002013449D4212DB607F60B920
S214012548238B029363690193237C00936288A31DFE
S214012558217805F095FDFF232370002004B0BDE81F
S214012568F081E37EAB42E9D9A77E228BF11991422D
S214012578A4BF921BD7B205EB0323E3813A46334641
S2140125882946204622F030FA0028E7D1637F3744EF
S214012598013301356377BEB2EDB2C9E73F6A002061
S2140125A837B5054624F031F80D4B04461B686946D5
S2140125B81B78032B82BF0B4B1B881B18284688BF2A
S2140125C89CB224F0AAF838B9684624F020F818B95D
S2140125D8044B1B8823449CB2204603B030BD00BF81
S2140125E8FC410020CE690020084B1B78FF2B0BD13D
S2140125F8074B1B78FF2B07D1064B1B78022B03D002
S2140126084FF48070FFF720BC704700BF9465002028
S214012618183F0020E83D002010B50446FF2121F0B0
S214012628CAFE054B9C4202BF0023A4F5887423709A
S214012638BDE81040FFF7D8BFF83E00202DE9F04767
S2140126489A462A4B81461B7888461646BDF820507E
S214012658002B49D0FF2D3ED938252846BDE8F087FE
S214012668234B0C223146A01D636184F80090A4F820
S21401267802800BF00DFAA289414642F4004242F06C
S21401268840022046A28122F0C1F92A4651466069D5
S2140126980BF0FEF941464846A21D258323F009FDA5
S2140126A8A0760028D8D00544013DB5FBF0F0FF28F8
S2140126B8D2DC0023E0762046A383FFF731FF0546E8
S2140126C880B923794FF48070B372FFF7A3FB227C9D
S2140126D8099B1A80C1E7074C2778FF2FC0D040F620
S2140126E80345BAE72770F2E70225B6E73F6A0020F6
S2140126F8985B0020183F0020B0F9063010B5002B73
S21401270825DA144C2278237CFF2A02D0827A9A4250
S21401271807D0114C2378FF2B17D0827A237C9A4254
S21401272813D169B9637F013BDBB263775BB90B4AA7
S214012738237F1278204613442377FFF7F1FE0146DC
S214012748204622F072F9FFF74FFF012010BD002046
S214012758FCE700BF183F0020946500203F6A002070
S2140127682DE9F04F9A46B1F9063091B0002B0D4687
S2140127781746DDF86880049080F22981B8F80030A1
S214012788FF2B04D94FF4B871A64829F0F2FEA64BE0
S21401279800241A7893F80401B3F80211002A40F0CD
S2140127A8A5802E7AA14A1278B24240F2AF80022260
S2140127B8A3F802711A70AA7AFF2483F8042100226A
S2140127C8A3F8084183F80521A3F80621B8F80020E4
S2140127D8954883F80C21FFF78BFE3846FFF7E0FE95
S2140127E8214600EB4002924821F0D4FD4FF4807058
S2140127F8FFF710FB8C4C94F80A91B9F1FF0F20D122
S2140128088A4A94F8053112781344B34219DC94F8CD
S2140128180C1184F80531B4F80631204601FB023361
S214012828A4F80631FFF764FE0122824B38461A7077
S214012838FFF7B6FE494600EB400204F5887021F022
S214012848A9FD94F80531B34260D8DFF8E0B19BF8EA
S21401285800C00CEB0302964258DA764994F8082130
S2140128680878013A002853D0964205DAB8F80020CD
S21401287884F80C2100220A70B6FBFCF901220CFB35
S214012888196994F80A015FFA89F902FA09F2D1B2CC
S214012898024076B92889000A844584F8080108D9CF
S2140128A82046CDE906210593FFF722FEDDE906213C
S2140128B8059B94F80A01014384F80A1182B994F831
S2140128C80921B4F806C1013284F80921B8F80020B4
S2140128D8DAF800100CEB0200FF2826DD032323702C
S2140128E894F80831013B9E4230D138E0AE7A8642F0
S2140128F802D18F4200D11C462E7A002C7FF47BAF82
S214012908002A3FF44FAF012A3FF44CAF01205FE0A5
S2140129189642B1DA94F80C1198F800209142ABD09F
S21401292804F58870FFF778FEF0E794F80CE1F31ADF
S2140129380EFB03C3A01C10FA83F005920BF0A8F84F
S21401294894F80831059A013B9E4244D0012394F835
S2140129580A2103FA09F3013B1343FF2B04D122464C
S2140129682946384622F053F894F8083194F8092194
S2140129789A42CBD19BF80030B2FBF3F103FB11224C
S21401298812F0FF0218BF13462278022A26D1264AD9
S214012998023410785178012804BF013151700122A0
S2140129A824F8022CEA88B4F8041122F04002EA80DE
S2140129B894F809210A44591E94F80A3113FB01F3C5
S2140129C81344A8F80030CAF80040FFF70DFE0020AF
S2140129D811B0BDE8F08F84F80B21C0E769790029AA
S2140129E894D0032A92D1B4F8062194F80B1108AEB4
S2140129F811445A1E94F80C31284613FB02F30B4473
S214012A0800219BB2A21CA8F80030CAF80020CDE924
S214012A1800710296049907F005FD8921304623F0D6
S214012A2845FB7DE74AEB0300E83D00203F6A0020AE
S214012A38F83E0020975B002013B5044618B101281C
S214012A480BD002B010BDFF2301460093064A074883
S214012A58FEF7E2FC064B1C70F3E7FFF743FDFF2287
S214012A68044B1A70EDE700BF21260100F83E00204E
S214012A78E83D0020183F002013B501A909F076FFAC
S214012A88044648B9BDF806309DF80420034906F007
S214012A98E9FA204602B010BD8120FBE7E1EB03000E
S214012AA813B5694609F06EFF044688B9BDF80230C9
S214012AB89DF80020074906F0EFFA2046019906F02E
S214012AC843FA2046044906F0CDFA204602B010BD66
S214012AD88120FBE705EC03002BEC030037B56946BC
S214012AE809F074FF044618BB9DF801309DF80020D4
S214012AF8104906F0D1FA104D9DF80120E3B29A422A
S214012B0806D800200D4906F0ADFA002003B030BD06
S214012B180198630003F4FF7302220021184423F08E
S214012B28DEF929460246002006F0B6FA0134E3E744
S214012B388120EBE72DEC03005CEC0300051E040086
S214012B4813B501A909F018FF044648B9BDF80630BF
S214012B589DF80420034906F085FA204602B010BD08
S214012B688120FBE766EC030030B500240B4D85B0E9
S214012B786946E0B223F017FD50B99DF80030032BE3
S214012B8806D12946BDF805309DF8012006F06AFAF7
S214012B980134202CECD105B030BD00BF8DEC03000C
S214012BA808B50020034906F05DFABDE80840FF2095
S214012BB800F0DEBA9FEC03002DE9F04F85B006461B
S214012BC80D46174621F071FF044640B130463A4695
S214012BD8294621F054FF002005B0BDE8F08F4FF0DC
S214012BE803094FEA15285FFA84FA6946504623F026
S214012BF8DAFCB8B99DF800B0BBF1000F12D16946EE
S214012C0850468DF800908DF805508DF806808DF8A1
S214012C18016023F0CCFC02460028D7D05846064966
S214012C2806F020FA0134202CDDD10020034906F0F5
S214012C3819FA8920D0E700BFB4EC0300DBEC0300E7
S214012C481FB5002304468DF80F3021F019FF28B16F
S214012C589DF80F3063F07F038DF80F30182301932A
S214012C680DF10F030022009304214023204622F091
S214012C78B7FF024618B10020024906F0F3F904B07E
S214012C8810BD00BFF6EC03001FB502A909F08CFEC3
S214012C98044688BBBDF80820184906F0FDF9204609
S214012CA8039906F051F92046154906F0DBF94FF667
S214012CB8F672BDF80810134C4B1E9BB2934219D8F6
S214012CC82368039A1B685879FFF776FF23681B79F0
S214012CD8012B0BD8BDF808300022CDE900030421EA
S214012CE8094B092006F044F823F0DAF96FF0FF00E3
S214012CF804B010BD8720E9E78120F9E715ED030048
S214012D082BEC0300C04200202CED030070B50446EE
S214012D188AB005AD1122002128460AF067FE204632
S214012D2804A909F035FE044600283AD11E4EBDF81E
S214012D3810201E4906F096F932681379012B28D817
S214012D484FF6F670BDF810104B1E9BB2834224D87E
S214012D581368587921F0A9FE08B333682A461B6818
S214012D68BDF81010587921F089FEBDF810300122FF
S214012D780421CDE9004309200D4B029505F0F8FF23
S214012D8823F08EF9034620B100200A4A0A4906F0C4
S214012D9869F96FF0FF000AB070BD8724E5E78B2458
S214012DA8E3E78120F7E700BFC04200202FED0300CC
S214012DB844ED030048ED030053ED03002DE9F04709
S214012DC89AB004A909F0FCFD0446002840F0B58035
S214012DD89DF810205B4906F05FF925465A4E9DF886
S214012DE81020EBB29A4254D80020584906F03AF916
S214012DF89DF81050002D40F099802C462E46544FD1
S214012E0806A9F0B223F0CFFBC8B99DF81830032BFA
S214012E1815D13B689DF819201B685B799A420ED13B
S214012E289DF81D2005F168036B4403F8402C9DF8B6
S214012E381E200235013403F83F2CEDB2E4B2013608
S214012E48202EDDD19DF810300BB1002C77D00AABBF
S214012E58CDE90143FF2302220421009309203D4BBB
S214012E68039505F085FF23F01BF9034660B19DF82D
S214012E781020002A5FD0384A3849002C08BF0A4675
S214012E880020374906F0EEF86FF0FF001AB0BDE8EB
S214012E98F08705986B0003F4FF730222002118449B
S214012EA823F01DF831460246002006F0F5F80135F4
S214012EB895E70598730003F4FF730222002118446E
S214012EC823F00DF8002780465FFA80FA06A9F8B2C3
S214012ED823F069FB00BB9DF81830032B1CD1D9F8E9
S214012EE800309DF819201B685B799A4214D19DF829
S214012EF81D30534510D19DF81E30C8F307229A425B
S214012F080AD105F168036B440235013403F840AC75
S214012F1803F83F2CEDB2E4B20137202FD6D10136A3
S214012F289DF81020F3B29A42C3D88BE70025DFF844
S214012F3820902E46F4E7084AA2E78120A6E78B20D0
S214012F48A4E700BFADED03005CEC0300051E04001A
S214012F58C0420020CCED03007EED03009CED03008B
S214012F68D0ED03002DE9F04389B002A909F016FD5A
S214012F780446002867D1BDF80820344906F072F8DF
S214012F884FF6F672BDF80850DFF8D4906B1E9BB268
S214012F98934254D8D9F8003029461B685F793846D9
S214012FA821F083FD00284CD026465FFA86F8404675
S214012FB803A923F0F8FA28B92946384603AA21F0C6
S214012FC861FD20B90136202EEFD14FF0FF084046AB
S214012FD823F0E7FA014658BB112203A80AF006FDBA
S214012FE82946384603AA21F04AFDD9F800301A794D
S214012FF8012A18D81B68BDF80810587922F030FF46
S214013008BDF8083003220421CDE900430920104BFE
S21401301805F0AEFE23F044F8034620B100200D4A21
S2140130280D4906F01FF86FF0FF0009B0BDE8F08300
S21401303802460A49002006F015F80124D5E7872438
S214013048D3E78B24D1E78120EFE700BFF2ED030039
S2140130582CED030030EE030053ED030009EE0300E8
S214013068C04200202DE9F043DFF894800020D8F80C
S214013078003021491B688BB05E79002505F0F2FF08
S21401308801275FFA85F9484601A923F08CFA044618
S21401309890B99DF80430032B0ED19DF80530B34244
S2140130A80AD1484623F07DFA0146A0B102461349E3
S2140130B8204605F0D7FF27460135202DE1D1D8F85F
S2140130C8003000211B68587922F0CAFE87F00100FB
S2140130D80BB0BDE8F083112205A80AF087FCBDF8FD
S2140130E809403046214605AA21F0C9FC214630464A
S2140130F822F0B6FEE0E700BF3DEE030009EE03004E
S214013108C042002037B5694609F054FC044638BB6E
S214013118BDF80020134905F0BFFF134D204601995D
S21401312805F012FF2046114905F09CFF2B681B6825
S214013138587922F0A4FF70B14FF6F672BDF8001068
S2140131484B1E9BB2934209D82B68019A1B68587983
S214013158FFF732FD0446204603B030BD8724FAE760
S2140131688120F9E751EE0300C04200202BEC030052
S2140131787FB505460024E6B26946304623F013FAC1
S214013188A8B99DF80030032B11D19DF80130AB4248
S21401319804D0FF2D0BD19DF80D3043B9304623F0EE
S2140131A800FA024618B10020034905F05BFF013416
S2140131B8202CE0D104B070BD09EE0300034B1B6858
S2140131C81878012808BF0220704700BFFC4100207C
S2140131D8D0E9023253F822301A78024B1A7000F0FE
S2140131E8E7BA00BF975C002070B5D0E902456B1EB0
S2140131F8DBB254F8230003221B490AF043FF54F8B4
S214013208253004EB8504197863681A78A2F10B0354
S2140132180F2B05D915490020BDE8704005F022BFDF
S21401322801290FD1124C9140236840B90B43114A2A
S21401323823600020BDE870400F4905F013BF23EA5C
S2140132480103F4E702290CD101230C4903FA02F21F
S2140132580B6818B913430A4A0B60EAE723EA020324
S214013268F9E70A460749D6E775EE030079EE030043
S214013278B86500208FEE030097EE0300B4650020C2
S214013288AAEE0300B4EE030007B5D0E9023103EB5A
S214013298810253F821300B491B785268012B0A4BDF
S2140132A808BF0B4612684FF000001A600092074AE2
S2140132B8074B084918BF1346074A05F0D3FE03B063
S2140132C85DF804FBB8650020B4650020CFEE030066
S2140132D8C7EE0300D9EE0300A070040038B5254AEE
S2140132E8254B264C0020264905F0BCFE0020254922
S2140132F805F0B8FE22682449002005F0CDFE2068B6
S214013308224C234D05F088FE2146002005F0AAFE32
S2140133182A682049002005F0BFFE286805F07CFED3
S2140133282146002005F09EFE1B4B1C491A781C4BB3
S214013338002053F8223005F095FE00F00DF91949E2
S2140133480246002005F08EFE174B00201A78174912
S21401335805F088FE164B17491A78002005F082FEFC
S21401336804F0C6F9BDE8384002461349002005F0C6
S21401337879BE00BFA0700400F3EE0300B865002014
S214013388FAEE030002EF030010EF030073D5030003
S214013398B465002021EF0300C55C002032EF03006E
S2140133A8BC65002045EF0300AA5C002059EF030026
S2140133B8A95C00206BEF03007DEF030007B500F062
S2140133C871F8054B0090054A0020054905F04AFEAC
S2140133D803B05DF804FB00BF93EF0300A070040080
S2140133E814EB0300F8B504460B4F0C4E0C4D0020A9
S2140133F80C4A0D4905F036FE20463B782978327886
S214013408F4F7D2FE00233B7033702B70FF21BDE822
S214013418F840064820F0CFBFC55C0020A95C002014
S214013428AA5C0020A070040098EF0300383F002033
S21401343837B51248FF2120F0BEFF114B187810F05F
S214013448100505D0002003B0BDE8304003F01CBFCE
S2140134580121B42004F0C6FA04460A4B0A4A0B496D
S2140134680090284605F0FEFD2046FFF7BBFF4FF407
S214013478806003B0BDE83040FEF7E6BC383F002068
S214013488C55C0020AFEF0300A070040014EB030036
S2140134980021024A0248FDF7F5BF00BF3934010092
S2140134A8383F002008B5054B1B7823B11720FFF7D6
S2140134B899FF002008BD0220FCE700BFC55C00207C
S2140134C810B550B1054B00F1100250F8044B90426C
S2140134D843F8044BF9D1024B197010BDAB5C0020C0
S2140134E8BB5C002037B5174D04462B78DB0626D57E
S2140134F80090154B0020154A154905F0B3FD1E2C02
S2140135080BD0652C09D0032C19D0002023F0C3F862
S21401351840F61C40FFF766FF0DE023F0E4F84FF491
S214013528FA63B0FBF3F202FB1300C218FF21094845
S21401353892B220F02FFF2B7823F010032B7003B0E4
S21401354830BD00BFC55C0020C8EF0300A0700400B2
S21401355814EB0300383F0020014B1879704700BF71
S2140135683456002070B54C4E8EB0337803F0FB020B
S214013578A3F10905022AEDB258D0042B41F604122C
S21401358857D0A3F108014B424B415B001343434814
S214013598ADF80C3021F0B9FA48B9414B3F4A03F16E
S2140135A8100153F8040B8B4242F8040BF9D13D4B3A
S2140135B81B78002B3FD03C4B0DF10E0203F1100196
S2140135C853F8040B8B4242F8040BF9D103A823F0F5
S2140135D882F82328044610D1012D49D80020334A01
S2140135E8334905F03FFDBDF80C3003A823F400531A
S2140135F8ADF80C3023F06FF80446002C41D14FF497
S2140136080C7023F066F8044600283AD103F0FAFE57
S214013618012D36D8274A01AB1068516803C32649DD
S21401362801A823F0B4F878B319242AE043F6041263
S214013638A7E70223AAE73378042B0DD0082B0BD073
S2140136481E4B0DF10E0203F1100153F8040B8B42C9
S21401365842F8040BF9D1B9E7104A0DF10E0302F14D
S214013668100152F8040B8A4243F8040BF9D1ADE76E
S214013678337803F0FB03022B03D10020104905F031
S214013688F1FC20460EB070BD044901A823F07FF86E
S21401369804460028C8D1F4E7C55C0020995C0020E0
S2140136A895F00300BB5C0020AB5C0020A070040012
S2140136B8ECEF0300A6F0030090700400AFF00300DF
S2140136C847F0030070B5002686B00446252022F090
S2140136D8E8FF1622002116480AF088F9154B1E60E5
S2140136E8154B1878FFF76AFD022814BF0123042337
S2140136F803208DF8083023F022F804238DF81030C3
S2140137080E4B02A80593039403F030FD05460C4BB7
S2140137180C4A19680C4B3046A14208BF1346009460
S2140137280A4A0B4905F09EFC284606B070BD00BF44
S21401373834560020583F0020C55C00202D3A010071
S214013748B8650020C7EE0300CFEE0300A0700400A2
S214013758C0F0030008B5134A1378042B09BF124BAF
S21401376801331B78C3F10603DBB2137003F0FD02C5
S214013778092A04D11720FFF735FE172008BD0A4A83
S2140137881278002A14BF052206229A4207D1074B4F
S21401379818680028EED0FFF795FF4D20EEE70020C9
S2140137A8ECE700BFC55C0020BB5C0020B4650020C8
S2140137B873B51E4C1E4E23683268134334D01D4B16
S2140137C81B6853B31C4D2B783BBB03F091FFF8B92C
S2140137D84FF48060FEF71EFB184B24681B7894B1E3
S2140137E8C3F102032B7003F047FD2046FFF76AFF7B
S2140137F804460020124B134A1349009405F032FC84
S214013808204602B070BDC3F1060334682B70EAE7A0
S2140138180121B42004F0E6F8EAE70020094A0B493A
S21401382805F020FC0224E4E70224E9E7B865002055
S214013838B4650020FC410020C55C0020BB5C00206C
S21401384808F10300A070040014EB0300EEF0030077
S2140138582DE9F347384D394E00202A792B88384907
S21401386805F000FC3268287922FA00F010F0010011
S21401387802D1344905F0F6FB334F3C783CB10822B7
S214013888324933480AF0FEFB041E18BF0124DFF84C
S214013898DC80DFF8A490DFF8B4A014E098F8000004
S2140138A849460130C0B288F8000022F0ECFE002834
S2140138B835D13C783CB10822514625480AF0E2FB4E
S2140138C8041E18BF01242A793368D340DB07E5D5DF
S2140138D8002CE3D100922B881E4A1F49204605F08A
S2140138E8C1FB1E4B1878FFF769FC01230322124916
S2140138F822F0CFFE1A4A054613780133137010B921
S21401390802B0BDE8F08720462B46124A154905F055
S214013918A9FB284602B0BDE8F047FFF763BD0020C3
S214013928114905F09FFBFFF715FF0028E8D102B003
S214013938BDE8F04700F01CB834560020583F002078
S2140139480EF103003FF10300C45C0020BC5C0020BC
S21401395842560020A07004000EF20300C55C002049
S214013968A95C0020AFF10300D8F10300985C0020A1
S2140139782DE9F041214C224D2378002055F82330BB
S214013988204A214905F06EFBFFF7ECFD03461D4E64
S2140139981E4FDFF874802BB92378042B15D8B3B9DA
S2140139A81B4B15E032463946002005F05BFBFFF756
S2140139B8D1FE00BB2378324655F82330414605F040
S2140139C851FBFFF7CFFD0346E5E7092BE8D1114B7D
S2140139D800201B68104A11491360114B187022F019
S2140139E852FE20B1BDE8F0410120FFF7FBBCBDE85F
S2140139F8F041FFF72DBFBDE8F08100BFC55C002090
S214013A08BC650020A07004002EF203003BF2030000
S214013A18B4650020B8650020583F002034560020C1
S214013A28985C002070B51C4C23789BB3838913F4EB
S214013A38407F2FD0056835B12A46BDE87040002082
S214013A48164905F00FBB22F01CFE154E03463070D2
S214013A58144A2846144905F005FB33781BB1BDE81E
S214013A687040FFF785BF2378082B0CD8042B0CD899
S214013A780E4B1B78C3F1060323700D4BBDE870404F
S214013A881868FFF71FBE0A2BF2D1BDE87040182050
S214013A98FFF7A8BC70BD00BFC55C002066F2030036
S214013AA8AA5C0020A070040093F20300BB5C00200F
S214013AB8B465002030B5464D03460446454A002005
S214013AC8454987B005F0CEFA2B782BBB01A822F022
S214013AD860FE022301A88DF8043022F048FEB0B932
S214013AE83E4901A822F045FE88B1152C0FD122F0D7
S214013AF8FAFD47F23153B0FBF3F202FB130000F56F
S214013B081C50103080B203F0BFFB07B030BD162C36
S214013B18FBD103F0F3FBF8E7152C2AD100202D4A38
S214013B282F4905F09FFA2B78042B11D0082B0FD0BC
S214013B382C4B1B78DA070BD401A822F0C6FD18B95E
S214013B48BDF804309B0703D42B7843F010032B7081
S214013B5822F0C9FD4FF4FA63B0FBF3F2FF2102FB32
S214013B681300C218204892B207B0BDE8304020F0D2
S214013B7811BC22F0EAFD04460028C6D12B78013B89
S214013B88092B1ED8134A194905F06CFA184A19491F
S214013B9813780133D8B2107022F075FD60B1204653
S214013BA8154905F05FFAFFF7D5FD0028ADD107B036
S214013BB8BDE83040FFF7DCBE07B0BDE83040FFF790
S214013BC847BE40F61C4007B0BDE83040FFF70ABCC8
S214013BD8C55C0020A0700400B7F2030090700400D2
S214013BE8CEF20300975C0020383F0020E1F2030084
S214013BF8985C002034560020D8F103002DE9F041E6
S214013C080B4686B004460E4617463A490246002039
S214013C1805F028FA4FF000080123CDE901380DF127
S214013C2816030093424640230621204622F00DF84B
S214013C38054640B102463049404605F013FA284683
S214013C4806B0BDE8F0819DF816202AB936B90020DD
S214013C582A4905F007FAF2E7012EF8D082F00103A7
S214013C68002027498DF8173005F0FCF99DF8173024
S214013C780DF1170633B310230022CDE900630621A0
S214013C884023204621F0ACFF064630B132460020DC
S214013C981C4905F0E7F93546D1E74FB90821204612
S214013CA821F000FE20B120469DF8171022F0D9F821
S214013CB80521204621F0F6FD0028C0D0204622F036
S214013CC8CDF8BCE74FB90821204621F0EBFD20B11D
S214013CD820469DF8171022F0C4F810230022CDE9DB
S214013CE8006306214023204621F07AFF0646002875
S214013CF8DED0CBE710F503002CF5030045F50300ED
S214013D0865F5030085F50300002208B5034B114647
S214013D181B681B685879FFF771FF08BDC042002071
S214013D2808B5044B00221B6801211B685879FFF768
S214013D3865FF08BDC042002008B5044B00221B6879
S214013D4802211B685879FFF759FF08BDC0420020B9
S214013D5810B50123002488B001A88DF80430CDE9F8
S214013D680244F5F711FC20469DF80420124905F097
S214013D7879F92046039A114905F074F92046029A02
S214013D880F4905F06FF910220E4B0DEB020118884A
S214013D9840F0604040F48010FBF744F920460A4999
S214013DA805F07AF904A822F0DCF82046074905F060
S214013DB859F908B010BD00BF9EF50300BDF5030014
S214013DC8DCF5030050700400FBF50300051E040033
S214013DD808B520F0CBFE0020024905F043F9012082
S214013DE808BD00BF18F603000023054A8360C360B8
S214013DF8044BC0E9002311B14FF6FF730B807047DF
S214013E0849101CB20230021110B5044660B10020F8
S214013E18064905F027F9052C06D002F0CBF9044926
S214013E280246002005F01EF9012010BD2CF60300FD
S214013E383DF6030037B500216A4601AB054620F07A
S214013E4856FF044668B100220F49104605F00AF9E4
S214013E5802F0B0F90D490246002005F003F903B057
S214013E6830BD0B4905F0FEF801201FF095FE01F064
S214013E7899FF431C02D007F09DFFF0E7214628462C
S214013E88FFF7A6FFEBE700BF66F603003DF6030063
S214013E98AEF6030038B5054601F084FF044621F066
S214013EA8A9FF4DB100200E4905F0DCF8631C14BFCC
S214013EB82046002007F040FF20F066FE0228044650
S214013EC805D0012805D10020064905F0CBF8204683
S214013ED838BD0020044905F0C5F80024F7E700BFFF
S214013EE8CBF60300E5F60300FEF6030008B500204E
S214013EF8034A044905F0B6F8BDE8084000F050BD8D
S214013F08A806040017F7030008B50020034A044969
S214013F1805F0A8F8BDE8084001F0CAB936F703006D
S214013F2817F703001FB5D0E9023253F82230684666
S214013F381C78214601F0D0FB684601F073FC28B9CD
S214013F482246044905F08EF804B010BD6846FFF70E
S214013F5871FFF9E73CF703000020014905F082B834
S214013F6858F703007FB50DF1060102A8FFF73CFFDD
S214013F780020264905F076F80020BDF808202449D7
S214013F8805F070F80020BDF80A20224905F06AF805
S214013F98039A0020204905F065F800201F4905F01E
S214013FA87BF84FF6FF73BDF806209A4229D0002009
S214013FB81B4905F057F800201A4A1B4905F052F824
S214013FC800201A4A1A4905F04DF8002219491046E8
S214013FD805F048F80020154A174905F043F80A2263
S214013FE80020164905F03EF80A220020144905F07B
S214013FF839F80A220020134905F034F807B05DF8AD
S21401400804FB0020104905F02DF8D4E767F70300F4
S2140140187FF7030098F70300B1F70300CAF7030018
S214014028D5F50300E0930400E0F70300C027090074
S214014038FFF703001EF803003DF803005CF80300D1
S2140140487BF8030099F80300DDF7030008B50020A4
S214014058034905F007F8BDE80840012001F0FAB960
S214014068B7F8030008B50020034904F0FBFFBDE8D4
S2140140780840002001F0EEB9D0F8030030B5104B27
S214014088104D1B5C85B08DF80F302B7804468342A3
S21401409806D00D4B0D4953F82020002004F0E2FF0E
S2140140A830232C700A4801930DF10F030093062262
S2140140B880231921007821F093FD05B030BD00BF9B
S2140140C8B7700400CD5C0020C4700400E8F8030053
S2140140D8296A00201FB5232303900193064803ABE2
S2140140E80093012280231921007821F079FD039895
S2140140F805B05DF804FB00BF296A002073B5164DAC
S21401410804462B78154ECBB120F05FFD012815D05B
S214014118346040F6B244124B1B78072B17D02D7823
S214014128C5B920F052FD031E18BF01230D4800959E
S21401413822461921007821F0D7F803E000233360DE
S214014148002CE8D1201E18BF012002B070BD022540
S2140141580123EBE70025FBE7CA5C00205C3F002053
S214014168CD5C0020296A002008B50448FFF7C6FF81
S214014178BDE808400220FFF781BF00BFC02709003D
S21401418810B5064C208821F06DFE608821F06AFE85
S2140141986068BDE8104021F074BE00BF603F002093
S2140141A87FB523238DF813300DF1130302930423EF
S2140141B80648019305AB0093012280231921007854
S2140141C821F043FD059807B05DF804FB296A002035
S2140141D82DE9F047DFF84C91044699F8000090461F
S2140141E80F4621F041FB0B2899F8002005D9BDE8B8
S2140141F8F04700203F4904F035BF00263E4B3F4DAF
S2140142081E803F4BDFF820A103EB00135B880120DB
S2140142182B802A7104F04EFE05F0F6FE04F04AFEE5
S214014228204604F047FE0123042C8AF800300BD8F8
S214014238022C45D89C4216D02346BDE8F0470020FC
S214014248304A314904F00EBF062CF5D130462F49C5
S21401425804F008FF384604F02DFEFFF791FF97B1EA
S2140142688AF800600FE04FF6FF76294F3888801BE2
S21401427818BF012004F01EFEFFF782FF3888B042FF
S21401428801D021F0EFFD19236B8099F8003000204A
S2140142982B71204B1B786B71EB8843F04003EB8046
S2140142A81D4B198821F08DFD034620B122460020BA
S2140142B81A4904F0D7FE4046BDE8F047FFF71EBF8F
S2140142C8304604F0F7FDFFF75BFFFFF769FF21F0C3
S2140142D8D8FD134B1B78002B0CBF3F20202004F081
S2140142E8E9FD042CCFD14FF4806021F0BBFD3220CC
S2140142F8C7E700BFFBF80300585600205C560020AD
S21401430830410020B5E6030047F903002AF9030007
S2140143184C560020286A0020C869002060F903006E
S214014328C95C0020296A0020CA5C002038B504460A
S21401433805200D46FFF7A2FE184B1A884FF6FD73A7
S2140143489A4207D10020164904F08CFEBDE8384091
S214014358FFF70ABF65B1134A13780133DBB2092B9D
S214014368137014D90A2200200F4904F07BFEEDE7EA
S214014378012C0ED10B4B1D700C490D48FFF734FD6F
S214014388BDE83840002101200A4AFFF721BF012C69
S214014398F2D0BDE838400748FFF7B0BEC86900202C
S2140143A89AF90300CC5C0020C5F903004C5600209E
S2140143B8603F0020E093040008B50649002004F099
S2140143C851FE0548FFF736FDBDE8084000210846BE
S2140143D8FFF7ACBF09FA0300603F0020814237B5FA
S2140143E80346154608D2002000910F4A0F4904F0EB
S2140143F839FE002003B030BD0C1A224600200C49B5
S21401440804F030FE40F6BB5322460020094904F06A
S21401441829FE4FF47A735C43074B01209C4294BFF4
S2140144282C602B60E6E700BFB5E603001AFA030026
S21401443857FA030072FA030080EE360010B50446F8
S2140144480820FFF71BFE0D4B3CB91C700021BDE888
S214014458104006200A4AFFF7BBBE1B78092BF5D980
S2140144680A220020074904F0FDFD0020064904F051
S214014478F9FDBDE81040FFF79FBF00BFCC5C0020E8
S214014488C02709009EFA0300DFFA030073B51F4D23
S2140144982C7834B100201E4902B0BDE8704004F003
S2140144A8E1BD0220FFF7EAFDFF221A4E1A4B3078CB
S2140144B81A7021F0D9F90B2807D9204632781749FE
S2140144C802B0BDE8704004F0CDBD154B1549009308
S2140144D801EB0011012319224FF6FD70498805F0FA
S2140144E837FA70B12046104904F0BCFD00220F4B84
S2140144F80F481C700F4B1A7002B0BDE87040FFF7EA
S214014508FDBD01240C492C70EEE700BFCB5C0020F2
S214014518F0FA0300296A0020286A0020FBF8030045
S214014528254801003041002031FB0300CA5C002009
S214014538C0270900CC5C002057FB030038B5144D92
S21401454804462B78052B21D91249FFF75DFC24B9BF
S21401455818B9114904F086FD0424104B195D21B9D8
S214014568BDE838400846FFF769BF032C06D02B780C
S214014578052B03D006200A4AFFF72AFE0021094B1D
S21401458808461970BDE83840FFF7D0BE38BD00BFF1
S214014598CD5C0020603F002079FB0300AD7004006D
S2140145A8C0270900CA5C002030B5044689B0072038
S2140145B8FFF764FD052C0AD100222A4B03A91A70BD
S2140145C802A804AA01F0FEFD30B1022045E09CB91C
S2140145D80122244B1A700224224D287878B1421EF3
S2140145E8504221495041FFF755FC022304462B70DF
S2140145F8022C0ED10A200FE0022CE6D1EBE7631F4E
S2140146085A424FF0050018495A4120F0E5FA044687
S214014618EEE7032C04D10020FFF770FD09B030BD8A
S214014628062C06D10020114904F01CFD01232B702D
S214014638E0E70F4A0F4B2878002C18BF13460E499F
S2140146480E4A0094002808BF0A4600200C4904F0C8
S21401465809FD201E18BF0120400009B0BDE8304002
S214014668FFF76CBFC85C0020603F0020B4FB030066
S214014678ADFB0300A6FB030095FB03009FFB0300AD
S214014688EFFB030013B51F4C0620FFF7F7FC227853
S214014698092A09D900201C4904F0E4FC042002B0C8
S2140146A8BDE81040FFF74ABF184B1B782BB3002014
S2140146B81FF096FA20F089FA68B9FFF771FD144BD6
S2140146C8196820F079FA02460420002102B0BDE8F4
S2140146D81040FFF77DBD01A820F075FAFF2809D123
S2140146E84FF4FA6023780133237002B0BDE8104016
S2140146F8FFF704BD0198FFF7EDFC4FF4FA620320BB
S214014708E3E700BFCC5C00200AFC0300C95C00207C
S214014718703F0020F023F0B589B0CDE90003344896
S2140147288023002219210078324E334F21F058FA9F
S2140147380020324904F096FC3246394603A801F0B7
S21401474841FD032804462E4D1CD10626039A2D4901
S214014758002004F087FC0398FFF7BCFC00203968AA
S21401476800F0ACFE2E7001F09FF900220446264B9D
S21401477830461A70FFF782FC84BB09B0BDE8F040EA
S214014788FFF780BF28BB7268204904F06BFC2146FE
S21401479804A8FFF729FB059B726893420BD02046B5
S2140147A81B4904F05FFC072305202B7009B0BDE800
S2140147B8F040FFF7F9BE1A462046164904F052FCA7
S2140147C80523002101202B7009B0BDE8F040FFF752
S2140147D8ADBD0020104904F045FCF1E7042C05D0D6
S2140147E8042009B0BDE8F040FFF7A8BE09B0F0BD47
S2140147F8296A0020603F0020703F002042FC030029
S214014808CD5C002073FC0300CC5C0020AEFC0300EA
S214014818E7FC03003BFD030077FD0300F7B50446FC
S214014828876800202378364D012B287004D0354B35
S2140148383549187004F016FC26785EBB334B1B7896
S214014848FF2B04D103B0BDE8F040FFF78DBC304B19
S2140148581B78032B11D82F4C0320FFF70FFC694652
S214014868208821F05AFF002843D02B49208805F0DC
S214014878EDF820B12E70FFF777FC03B0F0BD0124E8
S214014888204B26491C7004F0EDFB0320FFF7F6FBCE
S2140148982C70F2E7012E25D13B78002BEDD01B4D6D
S2140148A82B78FF2BE9D1A68802F04AFF864206D16B
S2140148B800201B4903B0BDE8F04004F0D3BB194BF8
S2140148C8A2881B783BB132B11749002003B0BDE876
S2140148D8F04004F0C7BB7B6814491B782B700D4B5E
S2140148E81A80F2E7032E08D108226846A16809F063
S2140148F8CFF86846FFF70EFFBFE700232B70A1E746
S214014908CA5C0020CB5C002092FD0300286A0020C8
S214014918CD5C0020C86900202548010057FB03002C
S214014928B2FD0300C75C0020D8FD030003FE0300A8
S2140149387FB5094B1A78FF2A0AD1187001F088FB4F
S2140149480022064B0DF1060102A81A80FFF74CFA61
S21401495807B05DF804FB00BF296A00204A5600200C
S214014968152838B517D10C4B1D78A5B921F0BBFE13
S214014978C4B2012C38BF01240120FFF77FFB28466B
S2140149882246064904F06EFB4FF47A706043BDE890
S2140149983840FFF7B3BB38BDCD5C002020FE0300CE
S2140149A8034B1B78022B01D8FFF770BD704700BF79
S2140149B8CD5C002070B5284C20F002F92578274EEA
S2140149C8BDB10020264904F04DFB264A1378013371
S2140149D81370002323703378062B0AD1BDE8704084
S2140149E8214B1868B0F5FA6F38BF4FF4FA60FFF735
S2140149F885BB3378013B082B2CD8DFE803F0050983
S214014A080D2B13191D222700BDE87040FFF7C8BFFC
S214014A18BDE87040FFF73ABD00232370BDE870403B
S214014A28FFF7A2BB2946BDE870400120FFF77EBC10
S214014A38BDE87040FFF726BE0220BDE87040FFF7CC
S214014A48B3BD0120BDE87040FFF7F8BCBDE8704073
S214014A58FFF7B2BC70BD00BFCA5C0020CD5C002069
S214014A684FFE0300CC5C00205C3F002010B90520F7
S214014A78FFF764BD034B1B78062B01D1FFF79ABFDE
S214014A88704700BFCD5C00202DE9F0478E680546CB
S214014A9833189A780C46092A8EB008D90020A349FB
S214014AA804F0E0FA852420460EB0BDE8F08750B938
S214014AB88B899F49895C8B4205D200919D4904F0F8
S214014AC8D1FA8024EFE79C4BE7881B889F4236D0B3
S214014AD89A490978012932D932B13A4600209849CB
S214014AE804F0C0FA7E24DEE7964B1A70934B2679BB
S214014AF81B78052B03D0012B3AD8FFF751FF5EB977
S214014B083146204621F0D2FA0346002851D03046D5
S214014B188D4A8E4904F0A6FAD4F80880A48998F834
S214014B28037098F80450002E4CD13046884A8949BB
S214014B3804F098FA00210120FFF7F8FB4FE0002166
S214014B48804B1970072A00F28A8301A353F822F0D2
S214014B58F54A0100A34C0100A34C0100B54E010023
S214014B68B54E0100B54E01004B5101004B510100F5
S214014B78022B17D102F0E4FD8742B3D00020764A13
S214014B88764904F06FFAFFF781FC46BB31462046AA
S214014B9821F08CFA034610B36B4A6C49002004F0E6
S214014BA861FA1CE06E4A00206E4904F05BFA0124A3
S214014BB879E7A3681B78DA06AED432466A4904F068
S214014BC851FAA9E700210AA8FFF70EF9032F08D919
S214014BD85F4B664A66490097002004F043FA0024B2
S214014BE861E76B1E632B04D9594B604A61490095EE
S214014BF8F2E7614BE4B2DB5D9C4209D0CDE90143A3
S214014C080020534B594A5D49009704F02BFAE6E712
S214014C1857B3A4B222460521404621F060F9BDF8F3
S214014C282830834203D04A4B554A5649B6E7012FE6
S214014C381AD022460721404621F051F9BDF82A30FC
S214014C48834203D0424B4E4A4F49A7E7032F0BD165
S214014C5822460921404621F03FF90B9B984203D191
S214014C683B4B474A494999E7642D3FF463AF21F026
S214014C783AFD6423C0B2B0FBF3F203FB120301331F
S214014C88DBB29D42BFF456AFCDE900530020304B4E
S214014C983B4A3F4904F0E6F9A1E7284B1B78052B68
S214014CA801D03C4A7FE7EB1CDBB2277BF45C44B1BE
S214014CB823460020374A384904F0D4F900210C4627
S214014CC80BE00F2F0DD81023204634490093314AA4
S214014CD83B4604F0C7F9802401210020FFF726FB94
S214014CE8E1E60435EDB220462A4A2D4904F0BAF920
S214014CF87A1B7119D2B206A81FF075FF05443A4609
S214014D08E9B2304621F0E8F8264D069A2B68264F78
S214014D189A42386001D100284AD1244900201D4A08
S214014D2804F0A0F985240121D7E700BF6CFE030033
S214014D38F070040084FE0300C8690020CD5C0020E2
S214014D48B3FE0300CA5C002029FF030031FF0300FD
S214014D58B9FF0300CEFF0300F7FE030004FF0300BC
S214014D6859FF030066FF030083FF0300E3FF030008
S214014D78EBFF030005000400B370040023000400E1
S214014D88780404005D00040087000400AF000400F6
S214014D98D60004000A01040024010400530104009B
S214014DA86A010400603F0020703F00209301040060
S214014DB800F08EFF3E68B0420AD200F089FF9D4996
S214014DC803463246204604F04DF98924012184E73A
S214014DD8079A6B689A4205D12046974A974904F084
S214014DE841F96BE79649097859B19A4209D22046A2
S214014DF8944904F037F996210620934AFFF7E8F913
S214014E085CE7924A924905A801F0DCF9079E48B981
S214014E186A68964206D88F4904F024F90520FFF7F8
S214014E28C3FB40E6324600208B4904F01BF939687B
S214014E380027002000F042FB00206E60FFF74AF9C9
S214014E48864B06201F80FFF719F9854B1F7001F066
S214014E58B1F90646F8B94FF6FF73824A0AA81188CF
S214014E68994214BF13463B466A88298801F012F90D
S214014E780AA800F0D7FC58B10AA801F0DDF938B144
S214014E883046794904F0EEF80420FFF757FB0AE6A6
S214014E98FFF7F8FB07E6042805D1744B19211878A3
S214014EA820F039FAFFE538467149EBE7714B1B7874
S214014EB8062B01D0704A76E6DFF8A0A1EB1C94F821
S214014EC80C90BAF80080DBB22EB930466B4904F074
S214014ED8C9F88724E7E5F75C2C1D972FE4B22FD095
S214014EE825D8812F71D0952F67D017BBB9F1100F30
S214014EF87FF6E7AD31194A460AA81FF074FE044446
S214014F08E4B221464A46304620F0E6FF231DDBB2CE
S214014F18053416F803A0E4B2A9EB04035345054685
S214014F2866DA009338465346534A5549C7E5982FDB
S214014F3843D03B460020504A524904F093F8C8E74C
S214014F48B9F10A0F7FF6BDAD1FFA89F721463A4631
S214014F58304620F0C1FF05F1080104463A46C9B2B9
S214014F68304620F0B9FF0AAA01462046FFF736FA6E
S214014F7808B9454B0A93B9F10C0F12D905F10C0182
S214014F883A46C9B23046DDF8288020F0A8FF044624
S214014F9802463E49002004F065F8AAF80040444459
S214014FA80A940A9C3A492246002004F05BF82046F7
S214014FB8FFF7A4F81FF00FFE11E63649002004F0AB
S214014FC851F80320FFF7BAFA09E6334C23786BB198
S214014FD81FF0F4FD50B10020304904F043F80023D7
S214014FE823701FF0F8FDFFF74DFBF8E52C49E5E7C0
S214014FF8DFF8A49099F8003043B9FFF7D1F8854255
S214015008034607D01C4A27490095E5E51FF0DDFD54
S2140150180128F2D110220D480AA909F033F810B96F
S214015028BAF13F0F42D9144A1F49002004F01AF872
S2140150384FE700BFB20104000A010400EA010400B8
S214015048C65C00201F020400C0270900603F00203C
S214015058703F0020AEFC0300600204004A560020A0
S214015068CC5C00204C56002082020400296A0020ED
S214015078A1020400CD5C0020C7020400DC02040083
S21401508809040400EB030400E0930400170304007A
S2140150984203040061030400C95C00207D03040088
S2140150A8BC03040045040400810404006D4B187019
S2140150B899F800304BB11FF081FD30B128461FF03A
S2140150C880FD042807463FF48AAD51462846321922
S2140150D81FF0BAFE28B10020634903F0C3FF04207D
S2140150E870E799F80030554463B11FF067FD48B181
S2140150F8FF2FF4D0012F3FF472AD032F16D11FF006
S21401510868FD05462846FEF7E5FF044602460521E2
S21401511856481FF08FFD564B1B689C420AD3204603
S2140151281FF08DFE0520FFF73FFA58E51FF04FFDEB
S2140151388046E7E74046FEF7E1FF00287FF44FADDB
S21401514851E74C4B1B7803F0FD03082B01D04A4A64
S21401515829E5A48935B1F27822B10020474903F040
S21401516881FF2EE7E4B22246F11C0AA81FF03BFD98
S214015178434BBDF828201988054691420DD04FF6B5
S214015188FF718A4209D03C4A00203E4B3E4903F053
S21401519883FFBDF828203D4947E7BDF82A205988EE
S2140151A891420CD04FF6FF718A4208D0324A00204D
S2140151B8374B354903F070FFBDF82A20EBE70B9A09
S2140151C85B689A420AD0013208D02B4A2E49002041
S2140151D8304B03F061FF0B9A2F4926E7A4B2E91C6E
S2140151E82246C9B2304620F077FEE91DC9B2074605
S2140151F82246304620F070FE431C014606D10820A0
S214015208FEF73CFF2548FEF779FFE8E4384606AA8C
S214015218FFF7E4F8A8B9214B0693214B0022197829
S214015228204B18781FF0BBFC069C2046FEF766FF4D
S214015238224600201C4903F015FF0920FEF71EFF31
S214015248CDE440F6B733069A9A42E6D840F6B83225
S2140152580020164903F006FF40F6B833DCE7812440
S21401526821E400BFCC5C0020B4040400D704040089
S214015278703F0020CD5C0020E0040400F504040023
S214015288603F0020770004001C050400D5F50300E4
S214015298A100040037050400340D040080EE360032
S2140152A8286A0020296A00206F05040044050400C6
S2140152B808B50420FFF742F90020FEF7DFFE0023B9
S2140152C8054A19211370054A1370054B1878BDE86D
S2140152D8084020F020B800BFCA5C0020CB5C002044
S2140152E8296A002010B5164B164C1A78164B002062
S2140152F853F82220154903F0B5FE2178144B154AB8
S2140153080020002918BF1A46134903F0ABFE23787C
S2140153182BB1124B00201A68114903F0A3FEFEF7C1
S2140153283FFF0446FEF73CFF0E4B19681FF075FC5D
S2140153382246BDE8104003460B49002003F092BE02
S214015348CD5C0020CA5C0020C47004008B050400F4
S214015358610C0400420C0400980504005C3F002020
S214015368B2050400703F0020CB05040038B501469D
S21401537804460020FFF788FB054698B1E37C002029
S2140153880A4A0B4903F06EFE2379042B0AD02946F4
S214015398204620F08BFE034620B10020054A064928
S2140153A803F060FE6FF0FF0038BD00BFB5E60300EE
S2140153B8F305040029FF030031FF030010B5134667
S2140153C8094A127882420DD163B1084A002014684E
S2140153D80A46074903F046FE2146BDE8104001206B
S2140153E8FFF752BB10BD00BF296A0020C04200204B
S2140153F81506040010B50D4B1C782CB1BDE81040FD
S21401540800200B4903F02EBE6420FEF763FE4FF61C
S214015418F0716FF00F02074B0320C3E90012224612
S2140154282146BDE81040FEF7D3BE00BFCD5C002084
S2140154384E060400603F0020014B1870704700BFFD
S214015448C95C002000210620014AFEF7C1BE00BF44
S214015458C0270900014B1870704700BFC65C0020C2
S214015468114B2DE9F04107460D4618680F49101AE9
S21401547809681FF0D2FBDFF840800D4E98F800400F
S2140154880346FF2C307004D0A8420AD32C44A0420D
S21401549807DB3A460020074903F0E4FD337888F82D
S2140154A800303078BDE8F081783F0020743F002056
S2140154B8CE5C00207C0704002A6A002050EA01021C
S2140154C808D0FF22054B091A1A70054B1860054BC0
S2140154D81960704711461046FFF7C2BF2A6A0020B6
S2140154E8783F0020743F00202DE9F04FAFB006AD9D
S2140154F8284600F0FDFD0026624FDFF8D0912846C9
S21401550800F090F9044648B900F0BEFD5E4902462F
S214015518204603F0A7FD2FB0BDE8F08F39460020DE
S214015528F2B203F09FFD284616A900F0FFFD0446D7
S21401553820B15649002003F095FD8FE0BDF85820AC
S214015548534903F08FFD49462046BDF85A2003F01B
S21401555889FD2046BDF85C204E4903F083FD2046B0
S214015568BDF85E204C4903F07DFD2046BDF860205D
S2140155784A4903F077FD2046199A494903F072FD16
S2140155882046BDF86820474903F06CFD2046464989
S2140155980DF16A0203F066FD44492046239A03F09A
S2140155A861FDBDF85C30D90705D520469DF89020E9
S2140155B83F4903F057FDBDF85C309A0714D5002023
S2140155C83C4903F069FDBDF85830B3F5807F4FD1EB
S2140155D8002020F0CBFC18B10DF1910003F0C4FCBB
S2140155E80020354903F03EFDBDF85C305B070BD55E
S2140155F80020BDF8B220314903F034FD0020BDF883
S214015608B4202F4903F02EFD062228460DF1160375
S2140156180AA91FF031FB044690BBBDF8162029499C
S21401562803F020FDDFF8A8A0DFF8A8B00DF12808E0
S214015638BDF81610A2B2914210D9B8F8002051460A
S214015648002003F00FFD0134D8F804205946002045
S21401565803F008FD062C08F10808E9D16C46204637
S21401566800F05AFD94E80F00013685E80F0046E77A
S2140156780123202200200DF1910103F057FCAFE72A
S214015688114957E78E0704005B09040097070400D1
S214015698BB070400EF0704000808040021080400FB
S2140156A83A080400530804006C0804008108040042
S2140156B89D080400B6080400051E0400C908040075
S2140156C8E2080400FB0804002E090400D4070400BD
S2140156D80C0904001C0904002DE9F04188B004AD4A
S2140156E8044628468846002700F002FD6E464745D0
S2140156F807D195E80F0084E80F00204608B0BDE8FA
S214015708F081304600F008FD96E80F0085E80F00A6
S214015718284600F087F801370028E8D1014B0FCB5F
S214015728E9E700BF447304001FB5D0E9023253F815
S214015738223068461978FFF7CFFF684600F07CFDEF
S21401574848B1042809D1074A0020074903F08AFC12
S21401575805B05DF804FB054AF6E70020044903F0A6
S21401576881FCF5E7FD12040076090400AD0C04007F
S2140157788202040010B5D0E9023203EB82014968BF
S21401578853F8223098B00C6804A81978FFF7A4FFDC
S21401579803AB40220093214608AB04A800F0E2FCC4
S2140157A8024628B100200E4903F05CFC18B010BD73
S2140157B8039808A900F007040122C0F3C70003F004
S2140157C8FBFB039908A8091B014406480123224646
S2140157D8008803F0ABFB044803F0E4FBE6E700BFF0
S2140157E88609040068560020051E0400F0B5044624
S2140157F80D460B4BEF880FCB84E80F00AB882E893C
S2140158089B0741BFD5F83900D5F83D1004F10803C8
S21401581803C3EA682046278066806260F0BD00BF41
S214015828FC700400102208B5034908F02BFC003868
S21401583818BF012008BD00BF4473040008B521F055
S214015848B0FBC288FF219208012A38BF012202480C
S2140158581EF0A0FD012008BD883F002038B513467C
S21401586890B10120274A1070274A00201160274A64
S21401587813600A46264903F0F5FB02F043FB254B65
S2140158881870022002F044FB21F0A6FBE8B91D4D72
S2140158981D4C2B782BB921F084FB2268C36813446E
S2140158A823601A4B24681B689C4229D221F079FB95
S2140158B8C168204606F022F8002402462C7050B92A
S2140158C821F08AFBFFF7BAFF03E0FFF7B7FF0028CE
S2140158D8DDD0012038BD20460F4903F0C3FB0D4B30
S2140158E8187802F015FB00200C4903F0BBFB00F00A
S2140158F891F908B900F0AEF92046FFF7B7F8E8E7DE
S2140159080124ECE7D05C0020803F00207C3F00208B
S214015918AD090400CF5C0020D9090400F909040088
S21401592838B500F04BFA044600F042FA241A21F082
S21401593838FB054618B9B1211B4826F01AFEAB8874
S21401594803F00303032B03D0B221174826F011FEF8
S21401595800F02EFA05461FF002FA01238340013BA8
S2140159682B4203D0B421104826F003FE1FF0F7F9A6
S21401597801238340013B234203D0B5210A4826F080
S214015988F8FD05F091FD05461FF0E9F94FF480632F
S214015998B3FBF5F3C440A34205D2BDE83840BA21AB
S2140159A8014826F0E6BD38BD0F0A0400FF2108B5F8
S2140159B804481EF000FDBDE80840002211461046C6
S2140159C8FFF74CBF883F0020F7B504460E4600F0A7
S2140159D889F8054621F0E5FAC3682B449C4220D392
S2140159E81FF0BDF92C44C440013C114F3B68DEB1A1
S2140159F8A34219D101340023ADF8043000F0E4F9CC
S214015A08054605F051FD103504FB005405F04CFD24
S214015A1801A90246204605F099FD1FF0B0F9386045
S214015A2804E04FF0FF34E0E7A342E4DB03B0F0BD47
S214015A38E86500204FF0FF320A4B10B51A600022C5
S214015A48094B1A7000F0B4F9044600F0B7F921467C
S214015A5802460120FFF702FF00280CBF01200420A0
S214015A6810BD00BFE8650020D15C002038B500F005
S214015A78D1F808B9002038BD094D0A4C2B7823B94E
S214015A881FF07DF9012320602B7024681FF067F949
S214015A9801348440EED000F025F82044EBE700BF3F
S214015AA8D15C0020E865002070B50D4C2368002BFA
S214015AB801DA012070BD00F07BF9054621F071FA84
S214015AC82468C6681FF04BF9013404FA00F129442A
S214015AD801208A19FFF7C2FE0028EAD00420E9E768
S214015AE8E8650020024B18680C301FF078B900BF33
S214015AF8EC650020FF2307B50021044A04480093FB
S214015B08FBF78AFC03B05DF804FB00BFB55901003A
S214015B18883F00200E4B70B51C680546036804F5DF
S214015B2882641C440E46FFF7DDFF2B68834208D2C9
S214015B3832681A44824208D9C31A012033602C609D
S214015B4870BD044A126813441C1A0020F7E700BF08
S214015B58EC650020843F00202DE9F04FB3F5803F27
S214015B6887B00F469846019003D3002007B0BDE8DA
S214015B78F08F03A904A8CDE90332FFF7CBFF002471
S214015B88824600F10109DFF888B05FFA89F9019BBE
S214015B98DDE90356AAB27BB13046109921F008FA1E
S214015BA80028E2D1B9F1020F2BD1DBF800300493BB
S214015BB8019B03BB2F4421E03946304605F0C6FC5D
S214015BC80028D2D1BAF1000FECD0002CEDD105F0A7
S214015BD86BFC2E44B6FBF0F303FB10600028E4D000
S214015BE805F062FC05A902463046059405F0AEFCB0
S214015BF80028DAD0B9E7109B2B441093A8EB0505CB
S214015C080395631C4B454FF00104C0D32046ADE70E
S214015C18843F00207FB56B460C4A1068516803C361
S214015C2890680C2218600A4B0DEB0201186821F0E7
S214015C38BFF90C2268460DEB020108F023FAB0FA08
S214015C4880F0400907B05DF804FB00BF0C71040042
S214015C58EC6500201FB5084A01AB1068516803C3FC
S214015C68906801A91860054B0C22186805F06EFCAF
S214015C7805B05DF804FB00BF0C710400EC6500205C
S214015C88F7B5044615460E4681B9072A03D80024F7
S214015C98204603B0F0BD0D4B80791968E3790630CC
S214015CA800EB03200C3180B21FF0A3F80027214631
S214015CB82B46324638460097FFF74EFF0446002823
S214015CC8E5D039467019FFF77FFEE1E7EC6500205D
S214015CD8024B1868A0F50060704700BFF865002001
S214015CE810B58AB0684606F015F810F0FF0027D1FF
S214015CF8009BFBB1174C01A9206005F083FF10F04B
S214015D08FF001DD12268009B9A4204D34FF4DD712F
S214015D18114826F02EFC019B104A11491360029A7D
S214015D2813440B600F49A3F500630A600E4A13601B
S214015D38009B63B940F2CF11074826F01AFC06E02B
S214015D48044A034612680020084903F08BF90AB092
S214015D5810BD00BFF0650020C20A0400843F002081
S214015D68F4650020F8650020EC6500206A0B040045
S214015D7808B5FFF7B5FF21F014F950B121F011F974
S214015D88064B02691B689A4203D2B321044826F0DF
S214015D98F0FBFFF7C5FD012008BD00BFF865002030
S214015DA8C20A0400014B1868704700BFF06500205E
S214015DB8014B1868704700BF843F0020014B1868E4
S214015DC8704700BFF4650020014B1868704700BF94
S214015DD8EC65002010B5FFF749FE04462849002067
S214015DE803F040F90020274903F03CF90020264932
S214015DF803F038F90020254903F034F9244B002034
S214015E081A68244903F02EF922462349002003F094
S214015E1829F9FFF767FE21490246002003F022F917
S214015E281F4B00201A681F4903F01CF91E4B1F4C14
S214015E381A6800201E4903F015F9226800201D493A
S214015E4803F010F94FF4806200201B4903F00AF9A9
S214015E58226800201949103203F004F9226800204C
S214015E6817490C3203F0FEF822680020154902F59E
S214015E78826203F0F7F8BDE8104005F049BA00BFA2
S214015E88E90B0400260C0400450C0400650C04000C
S214015E98F0650020900C0400AF0C0400D20C04003E
S214015EA8843F0020F50C0400F4650020EC65002012
S214015EB8180D04003B0D04005E0D0400810D04005E
S214015EC8A40D0400C70D04002DE9F04194B0044662
S214015ED80D460020482102AA1EF09CFF18B9534916
S214015EE803F0C0F819E060220021204607F07EFD85
S214015EF804224F4902A808F0C5F890B16DB19DF883
S214015F080B30002001939DF80A309DF80820009375
S214015F1848499DF8093003F0A5F8012014B0BDE8FA
S214015F28F081BDF80C20B2F5807F228003D042496B
S214015F3803F098F8F1E7BDF81420BDF80E10228199
S214015F48DDF816206180E2600499BDF81A206160C8
S214015F58228284F8320007AD04F112020FAE2B46F6
S214015F6803CBB342106051601D4602F10802F6D118
S214015F780F9B324A63631360314B10221846002187
S214015F8807F034FDE288A388028022894280E2680D
S214015F9842600BB90020C1E700263546A388D90719
S214015FA809D536B105F150026A4412F8482C84F82E
S214015FB838200135EDB29A0714D520881EF040FE28
S214015FC807466EB102AB03EB05080246414604F1EB
S214015FD8390007F09BFE3A4641461A4807F096FEF6
S214015FE82F44FDB2A3885B070DD556B105F15003C2
S214015FF86B4433F8482C33F8463CA4F85A20A4F8E6
S2140160085C300435EDB2002EC4D1482D02D9304695
S2140160180D4965E72946382002AA1EF0FBFE08B995
S2140160280A495DE738250126B8E700BFEA0D0400EE
S214016038187104001C0E0400520E0400A83F00202C
S214016048AC3F0020B43F00206D0E0400BD0E0400D6
S21401605830B50B4C99B025786DB9FFF789FE68B154
S21401606829466846FFF730FFB0FA80F0054B40092D
S214016078187001232370002019B030BD0120FBE7FA
S214016088D25C0020D35C0020014B1878704700BF13
S214016098D35C002070B51E46134B044618881D466F
S2140160A8884298B002D15B88934206D00F4B0FCB3B
S2140160B884E80F00204618B070BD96B100216846E6
S2140160C8FFF702FF0028F1D1BDF804305B0708D5B9
S2140160D83388BDF85A209A42E8D8BDF85C209A421F
S2140160E8E4D395E80F00E3E7AC3F002044730400CF
S2140160F8064B10B51B7804462BB9054B0FCB84E825
S2140161080F00204610BD034BF8E700BFD35C002004
S21401611844730400AC3F002010B50446024B0FCB75
S21401612884E80F00204610BD447304000B4B10B5DD
S2140161381B78044608467BB10021FFF7C5FE48B91F
S21401614810222146064807F09DFF003818BF012097
S214016158C0B210BD0120FBE70120FAE7D35C00209E
S214016168AC3F00202DE9F0410E4690460E4910221C
S2140161781F4607F087FF044670B90C4B3A461D6860
S2140161883046AD1B454528BF454629461EF042FE0A
S21401619828B9074902F066FF0120BDE8F081069B91
S2140161A820461D60F9E700BFAC3F0020A83F00204D
S2140161B8BD0E04000022024B1A70FFF73BBC00BF5D
S2140161C8D35C00202DE9F0419CB00F461646804668
S2140161D8FFF74CFC054602461549002002F042FF2F
S2140161E8382D20D9012104A8FFF76EFE0446D0B940
S2140161F8119B04A93B606F463846FFF7F7FA97E804
S2140162080F0086E80F00119BAB4297BF01210324BC
S214016218084AC8F8003094BF1170C8F800502046E4
S2140162281CB0BDE8F0810022024B01241A70F6E783
S214016238EF0E0400D35C002070B5084D00262B78BD
S21401624853B1FFF7F7FB04461022002104482E70CD
S21401625807F0CCFB204670BD3446F5E7D35C00203A
S214016268AC3F002008B50020064902F0FBFE064BAD
S21401627800201A78054902F0F5FEBDE80840FFF748
S214016288A9BD00BF0E0F0400D35C0020380F040020
S21401629803460120024AC3E9032000221A70704708
S2140162A80100FEFF2DE9F0410024264E264FDFF8B7
S2140162B8A88088B000F0D4F9A5B2854202D308B008
S2140162C8BDE8F081284603A91EF0DAFDA2B23146E0
S2140162D8002002F0E1FE9DF80D2012B39DF8121081
S2140162E8BDF81030402914BF6E2179210020CDE970
S2140162F800313946BDF80E3002F0CEFEBDF8142046
S2140163081AB10020114902F0C7FE9DF80C00BDF82D
S214016318182070B9079B0E490093BDF81A3002F091
S214016328BBFE00200B4902F09DFE013426F02EF933
S214016338C0E7BDF81C304146009300209DF81A308E
S214016348EDE700BF510F0400570F04007A0F040051
S214016358840F0400051E0400AB0F040010B500F0FE
S214016368ABFABDE810400346024A0020024902F093
S21401637879BE00BFD30F04000AD80300D0E9023261
S21401638853F8223010B5188800F086FABDE8104098
S2140163980346024A0020024902F064BED90F0400EF
S2140163A80AD8030010B5D0E90232002486B08DF869
S2140163B8044053F8221003EB8203097801A88DF8EC
S2140163C805105A681288ADF806209A681288ADF842
S2140163D80820DA681278ADF80C40A24214BF4022B1
S2140163E880228DF80A201A691288ADF810205A6999
S2140163F89B691288ADF812201B68059300F0D0FB44
S214016408034A03460349204602F02CFE06B010BD97
S21401641875EE03000AD8030038B50024064D26F0A9
S214016428A1F845F824000634C02CF8D10020BDE8B0
S2140164383840024902F016BE80100020E00F040022
S21401644830B5002087B0204902F00CFE00201F4915
S21401645802F008FE00201E4902F004FE26F082F82B
S21401646800240546A0B201A901341EF009FD202C1E
S214016478F8D126F077F81749421B002002F0F2FD02
S2140164881549002002F0EEFD26F06CF804460120BE
S21401649800F09EF826F066F80E49021B002002F06E
S2140164A8E1FD0E49002002F0DDFD26F05BF804460A
S2140164B81EF0D7FC26F056F8021B0020054907B047
S2140164C8BDE8304002F0CEBD0C1004003B100400BD
S2140164D86B1004008810040097100400B110040023
S2140164E810B50C4603F022FD08B9032C12D101F0B1
S2140164F8FFF804280ED001F0FBF805280AD0064854
S21401650802F060FC1C2801D11FF058FCBDE81040C1
S21401651802F068BC10BD00BF754E03002DE9F04FB0
S21401652800274FF0FF36DFF8A4B0264C87B0BBF83B
S2140165380030B8B2834209D8731C3BD03246FF21DB
S214016548214807B0BDE8F04F1DF024BF01A91EF091
S21401655897FC9DF8050001F001FFF8B19DF804804D
S214016568B8F1000F1AD1BDF810A0BDF8129025F0A9
S214016578F9FF18210246BBB24B43E018E158007CEC
S2140165884FF47A73A2EB010C50B103FB0AF363458F
S2140165980ED30B44981A864228BF06460137C6E72B
S2140165A84D466B43FAD06345F5D31944881AF2E78A
S2140165B84046F0E7FF21044807B0BDE8F04F1DF05C
S2140165C8FABE00BF80100020BC3F00204E560020B7
S2140165D82DE9F041014688B058B1022810D01EF0C6
S2140165E869FC78B3D221194808B0BDE8F04125F016
S2140165F8C0BFFF23164A17480093FAF70DFFEEE7C8
S21401660800244FF001082746134EA5B2284603A9D1
S2140166188DF80D701EF034FC9DF80D0068B101F080
S2140166289DFE20B19DF80C300BB986F81080013418
S214016638202C06F11806E8D12546084B1D80FFF7E1
S2140166486DFFCCE708B0BDE8F08100BFD1100400AB
S2140166588D690100BC3F0020801000204E560020A6
S214016668014B1888704700BF4E5600202DE9F04FA1
S214016678634A077D89B004466249002002F00CFD92
S21401668800201FF073FC20B12368218A588803F084
S2140166989BFC00205C4902F0E5FC637DDFF8749101
S2140166A8002B236808BF08205988574B18BF0020BD
S2140166B80093228A4FF0090314BF4FF080084FF069
S2140166C8400802F02FFBA289BB1C93420CDB1FF08B
S2140166D8E7FC034620B100204C4A4D4902F0C2FCB3
S2140166E8012009B0BDE8F08FA068791C89B2C55DA4
S2140166F81FF0F5FB0337012D0646BFB213D82368F2
S214016708324659885879238A009343461FF031F850
S214016718824600283ED1862002F0CCFB284602F0AD
S214016728C9FB304668E08520F6E703A91EF0A8FBFA
S2140167389DF80C30AB4223D123689DF80D105A7989
S21401674891421DD1BDF80E105A88914218D1BDF854
S2140167581020B24214D19DF81220424510D1BDF83E
S2140167681410228A91420BD1002D38D0BDF818108A
S214016778E288914204D19DF81A201B799A422ED0BC
S2140167880BF1010BB9F800305FFA8BF08342CCD8D5
S2140167988B20C1E74FF0000BF4E79AF8020002F0ED
S2140167A889FBBDF818001FF05DFBBDF81A001FF045
S2140167B859FB9AF8020003F027FE002883D19AF8BD
S2140167C8020001F09DFC0546079E002D3FF47BAFB5
S2140167D8F0B2013D02F06EFB360AEDB2F5E7002095
S2140167E802F068FB284602F065FB30461FF03AFBCC
S2140167F8012DD2D1BDF81C001FF034FB63E700BFA2
S2140168086011040032050400051E04006D11040021
S2140168188A1104004E5600202DE9F04391B06946CE
S21401682880461EF02DFB0023194F8DF8013038885D
S214016838431E98B28045388009D1694640461EF005
S21401684827FB68461EF00BFB11B0BDE8F0834FF03E
S214016858180905A91EF014FB0E4C3E880AAD09FB63
S21401686806460FCE0FC596E8030009FB084485E8DF
S21401687803000AAE404605A91EF00AFB0FCE0FC458
S21401688895E8030084E8030069463888D7E700BF1F
S2140168984E5600208010002008B5064B1B88834200
S2140168A805D9FFF7B9FFFFF739FE002008BD2720F5
S2140168B8FCE700BF4E56002038B5074D2C882CB98A
S2140168C8FF2106481DF077FD204638BD601E80B2C0
S2140168D8FFF7A2FFF2E700BF4E560020BC3F00209C
S2140168E82DE9F3479A4618239DF82890244FCDE9B9
S2140168F8001203FB09731446D3E902231FF0AFFC09
S214016908064620460D4603F07FFD04F0FD03382BAE
S21401691880460FD1009432462B460021DAF8100043
S2140169281EF0D9FAB8F1010F1BD135431ED102B0BA
S214016938BDE8F087392CDAF810300BD107EE906AEB
S21401694807EE103AF4EEC77AF1EE10FAACBF012062
S2140169580020E7E79E4275F100032CBF01200020C6
S214016968E0E7B8F1000FE2D10028E0D0182303FBD6
S214016978097701233B7402B0BDE8F047FFF7CEBDA7
S214016988801000202DE9F04F00252E46A846AA467D
S2140169982C46DFF8BC91D1B0694BA8B21B8883425C
S2140169A809D81CB161882079FFF79AFDFFF7B6FD73
S2140169B851B0BDE8F08F0BA91EF062FA25F0D2FDA2
S2140169C81823AFB27B4309EB030B59F80330059044
S2140169D89DF82D00049301F0C1FC002800F0AE805C
S2140169E89DF82C10002940F0A980DDE90432D01A60
S2140169F84FF47A72BDF838305343834200F29E80D2
S214016A089BF8103043B9BDF83A30002B00F0968059
S214016A185343834200F29280FD230022CDE90132DE
S214016A2810AB00930DF119020DF11A03E9B20BA888
S214016A38EFF76EFC002877D1BDF81A30DA1C0493FC
S214016A48D2B214B33F4B9DF82D101B8813442279FC
S214016A58914214D1BDF82E10628891420FD19DF84B
S214016A683220B8EBD21F0AD1BDF83420524506D1E0
S214016A78B3424DDD0020344902F0F4FA01E0B34296
S214016A88F8DC61882079FFF72BFD02F0E7F9044668
S214016A989DF932002D4BC043C00F0093BDF834203A
S214016AA80A23BDF82E10C0009DF8328002F03AF98C
S214016AB89DF82D304FF0000B23714FF48A53FF26B3
S214016AC8BDF834A04FEAD818E38007A95FFA8BF01F
S214016AD81FF069FDC0B2B0B99DF81D109DF82D20B4
S214016AE8914210D1BDF81E10BDF82E2091420AD150
S214016AF822469DF829109DF81C001FF0DAFAB042CC
S214016B0828BF3046C6B20BF1010BBBF1200FDCD112
S214016B18BDF830001FF0A6F99DF8190002F0CAF971
S214016B28049910A802F0DAF9182300225F4309EB4A
S214016B3807031A7425F016FD49F8070001352BE7F7
S214016B484E5600205856002049120400051E04001F
S214016B588010002070B500240126104D8AB02B88BD
S214016B68A0B2834204D80AB0BDE87040FFF7D6BC8D
S214016B7805A91EF085F99DF8150001F0EFFB50B147
S214016B889DF814303BB91A46CDE901360093E1B2B7
S214016B9805A8EFF7BDFB0134E1E700BF4E5600201C
S214016BA82DE9F0430389DFF858818BB0B8F80090D7
S214016BB80093044683798288418840781EF0D9FD7F
S214016BC8002800F09580E78927B1A389BB4200F227
S214016BD891800027B8F80030BDB2AB4214D84D46B4
S214016BE801264FF6FF73E2899A4226D146B9B8F8CC
S214016BF80030AB4202D92846FFF70EFEFFF78EFC9F
S214016C0800200BB0BDE8F083284605A91EF038F928
S214016C189DF814307BB92268059B5340FF2B0AD890
S214016C286368069E5E4036F07F4604D1BDF81C2098
S214016C3823899A42D5D00137CCE7E2689A422BD00D
S214016C48002E53D1D4E90323CDE9082305A81EF065
S214016C5806F90028D5D1B8F80030AB4204BF6B1C42
S214016C68A8F8003025F07EFC18236B43234AE9B2C6
S214016C78D050D418002305A81A46CDE9013300934D
S214016C88EFF746FB18B100220023C4E90223284681
S214016C9805A91EF0FDF8B1E7234605AA04F1100C74
S214016CA8174618685968083303C763453A46F7D143
S214016CB81868386005A81EF0D5F80028C0D01F2D22
S214016CC81AD800238DF8143063788DF81530638848
S214016CD8ADF81630A388ADF81830A3798DF81A30B8
S214016CE82389ADF81C300028B0D1ABE70020E6E7D1
S214016CF8862086E7872084E7892082E7801000209F
S214016D084E5600202DE9F04FB04A90F814908DB0F9
S214016D180446AF49002002F0BFF900201FF026F90B
S214016D2820B12368218A588803F04EF90020A94922
S214016D3802F098F9637DDFF8B8A2002B14BF802310
S214016D4840230293236808BF08205988A14B18BF1F
S214016D5800200093228A072301F0E4FF002303930F
S214016D68A28909F10305954211DB039B13B918465D
S214016D7802F0A0F81FF094F9034620B10020964AC5
S214016D88964902F06FF901200DB0BDE8F08FA068B2
S214016D9809F1010189B210F809601FF0A0F832461E
S214016DA8804603468E490020ADB202F05BF98EB1EB
S214016DB8012E00F08A808527384602F07BF8304697
S214016DC802F078F840461FF04DF8852FD2D00123FF
S214016DD8039376E0A06809F10401A28989B2475DA8
S214016DE81FF07DF809F10601A289049089B2A0680E
S214016DF81FF075F83A4605900090049B304679498D
S214016E0802F030F909F1080938461FFA89F503F046
S214016E18FBFA002857D1384601F072F9294603468D
S214016E288146A289A0681FF04BF86F498346304611
S214016E3802F032F9A1684A4629443346304602F040
S214016E4875F83046634902F00DF9A9441FFA89F529
S214016E582368424659885879238A0093029B1EF074
S214016E6888FC18B18378BB4240F0AC80483FFFB23B
S214016E78092F05D840F21133FB40DB0700F1A48047
S214016E8800238DF81C30236807A85A798DF81D2031
S214016E985B88ADF82080ADF81E30029BCDF82CB08B
S214016EA88DF82230238AADF82430049BADF82830BB
S214016EB8059BADF82A30FFF773FE074600287FF4D6
S214016EC87BAFA9464CE7B346C2E72946A289A06824
S214016ED81FF005F84FF0000B02460746434900200D
S214016EE802F0C0F809F10509BAF800301FFA89F569
S214016EF8BAF800201FFA8BF94A4503D81F2B31D957
S214016F08892759E7484607A904931DF0B9FF9DF854
S214016F181C20049B012A22D122689DF81D00517964
S214016F2888421CD1BDF81E005188884217D1BDF889
S214016F382010414513D19DF82210029881420ED1A6
S214016F48BDF82400218A884209D1BDF82800E188C5
S214016F58884204D19DF82A10127991421BD00BF170
S214016F68010BC5E7012299468DF81C202268517944
S214016F788DF81D105188ADF82080ADF81E100299C5
S214016F888DF82210218AADF82410E188ADF8281072
S214016F9812798DF82A2007A8ADF82C701DF05FFF2E
S214016FA8074600287FF408AFBAF8003048469945E6
S214016FB808BF09F1010307A908BFAAF800301DF0A8
S214016FC867FF7EE78D27F7E68C27F5E6741204003F
S214016FD832050400051E0400D51204008A110400B7
S214016FE87C12040099120400BA120400C5120400A7
S214016FF84E5600202DE9F04F074688469146002553
S21401700889B09A46BDF848B09DF84C60149C224B4E
S2140170181A88A8B2824235D903A91DF031FF9DF816
S2140170280C201D4BB2BB9DF80D10B94232D1BDF8EC
S2140170380E1041452ED1BDF8101049452AD19DF8AC
S2140170481210514526D1BDF81410594522D13046A3
S214017058029201F055F8A6F14103012B01460AD820
S21401706820461EF042FF0D4B0D4A204484420CD1A7
S2140170780421029302ACEDB232462046009503ABDA
S214017088FFF72EFC09B0BDE8F08F14F8011F4B403E
S2140170985343EBE70135BBE74E560020C59D1C81DF
S2140170A8930100011FB50F4C2478C4B142EA0322AC
S2140170B89DF818308DF8051042EA43220A4BADF8C0
S2140170C80C201A78094B8DF80610079903EB021362
S2140170D800908DF80400DB6868460291984704B072
S2140170E810BD00BFD45C0020D65C0020DC3F002029
S2140170F873B51A4DFF211A481DF05DF92B7853B365
S214017108184C194E2378180106EB03131A7A596896
S214017118305C1FF0CCFA4D281DD0E0B101230021C8
S2140171282278CDE900311201B25CC0B2FFF7BAFF8E
S2140171380A2223780A480133DBB2B3FBF2F102FBD9
S2140171481133FF2123702B78013B2B7002B0BDE869
S21401715870401DF028B902B070BD00BFD45C002095
S2140171687C400020D65C0020DC3F0020F8B5104F9C
S2140171783E780A2E1AD00FC8DFF840C00D4D9CF88D
S2140171880040013605EB041585E80F000A23013493
S214017198E4B2B4FBF3F203FB12440748FF218CF870
S2140171A800403E701DF0FFF80020F8BD0120FCE706
S2140171B8D45C0020DC3F00207C400020D55C002009
S2140171C80021024A0248FAF75DB900BFF9700100CA
S2140171D87C400020002337B50C46124D12492A7808
S2140171E8CDE9003312018A5C01230146E0B2FFF7BC
S2140171F859FFA4B90D490A788AB10A202B78013AB1
S2140172080133DBB2B3FBF0F40A70FF2100FB143341
S21401721807482B7003B0BDE830401DF0C4B803B072
S21401722830BD00BFD65C0020DC3F0020D45C0020C7
S2140172387C40002008B500F0BDF850B1054B064A61
S2140172480649052808BF1A46BDE80840002001F08F
S21401725809BF08BDE9120400051E04000A1304004C
S21401726808B503201FF03DFA10B90122014B1A7028
S21401727808BD00BFD75C00200022024B18781A70A0
S214017288704700BFD75C00200246FF2101481DF069
S21401729881B800BF9C400020114B37B51D78C5B991
S2140172A8FF2110481DF087F8FFF7DAFF0446009023
S2140172B80D4B28460D4A0E4901F0D4FE4CB10D4B34
S2140172C81B78DB0605D528461FF0E5F920461DF094
S2140172D837FC094B186803B0BDE83040FFF7D4BF48
S2140172E8D75C00209C400020271304005513040097
S2140172F814EB0300C55C0020FC650020FF21014853
S2140173081DF059B89C40002070B51A4E05463378D2
S2140173180C466BB30020184A184901F0BDFE032C31
S21401732801D0652C20D11649002001F0B5FE224671
S2140173380020144901F096FE0020134901F0ACFE26
S214017348012329460822002001F0F0FD00200F49FC
S21401735801F088FE032C88BF0023204688BF3370BF
S214017368BDE87040FCF7BEB8012CE0D00849DBE761
S21401737870BD00BFD75C002055130400FEEE030065
S21401738868130400B5F5030086130400051E0400FF
S2140173987E130400014B1860704700BFFC6500208F
S2140173A80021024A0248FAF76DB800BFA17201002F
S2140173B89C400020054B10B51C782CB90448FF21C9
S2140173C81CF0F1FF204610BD0520FCE7D75C002025
S2140173D89C400020F8B50024074B084E1D68084F4E
S2140173E8E3B29D4204F1010400D8F8BD394656F8C7
S2140173F823001CF097F9F3E72C8F0400308F040064
S214017408C866002010B5044C23780BB11FF059F953
S2140174180123237010BD00BF2B6A00202DE9F74316
S214017428254B0D4616460446019350B14AB104232E
S21401743801AA12F8011BA94235D0013B13F0FF033C
S214017448F7D1212003B0BDE8F08317F8010F90FAB1
S214017458A0F0000E1CF0A2FB014608EB07039945B5
S214017468F3DCCAB2C1F30F2392FAA2F293FAA3F39A
S214017478120E1B0E03EB0223DB43621912F8020CF1
S21401748899B2DBB298420CD112F8013CB3EB112F3A
S21401749807D132462146284603B0BDE8F0431FF01F
S2140174A878B82320CEE74FF6FF71671EA5F10209CB
S2140174B8C4F10108D1E700BF080A0E12014B187083
S2140174C8704700BFD85C0020024B1A6818608260BB
S2140174D8704700BF00660020024B186800B140687C
S2140174E8704700BF0066002070B5044600250A4BA9
S2140174F81B687BB100211E8807E05A6802EB011061
S214017508013145B9021B554255418AB29642F4D813
S2140175189B68EEE7184670BD006600202DE9F04F1F
S2140175281E46002393B0022E074688461446DDF809
S21401753870909DF874A0ADF81A3040F2C08099F8A2
S21401754800305A0729D5042E40F2B98099F804B0BC
S21401755800255F4B33F83520002A00F0B680013548
S2140175680A2DF7D1209B002B40F0AD80FF25002384
S214017578207908AA0DF119018DF819301EF043FC7F
S21401758870B1BDF82C309DF8190023801EF0BDFCA3
S2140175980790C0B113B0BDE8F08F99F802B0D7E7ED
S2140175A820791EF061F90B28059000F28A8020796F
S2140175B81EF0BCFC07900028ECD1464A059B02EB5E
S2140175C803135B8823804FF6FF73002F08BF4346DB
S2140175D862880021CDE9002358465246238802F0E6
S2140175E8FDFD18B1E38843F02003E380209B07A93B
S2140175F80DA8CDE90D34CDF83C90ADF84080ADF836
S21401760842608DF844708DF845A01EF00FFC08B155
S2140176180798BFE7484602F025FDA01D02F010FDB9
S2140176282246414638461EF044FDB04227D3E38839
S2140176382246C3F30E03E3809DF87C30414603934C
S214017648BDF87830384602930DF11A03CDE9009358
S214017658F3B21DF07CFE209B079003B3F8B9BDF882
S2140176681A2042B1092D06D81B4B03EBC5018A80A7
S214017678209A43F835201120FAF7CCFB1CE0BAF122
S214017688000F0AD10DF11A03CDE9006322464B46D5
S21401769841463846FAF7D2FFDDE73820DBE705280A
S2140176A807D1E388DB0607D5002301200793FFF7F8
S2140176B805FF079B002BDED01EF02CFCA8E7012057
S2140176C868E7212066E71C2064E7EDB24FE700BFB4
S2140176D8C440002030410020C04000204FF6FF7211
S2140176E8024B1A805A809A80704700BF5056002075
S2140176F810B5044C2379FF2B02D11FF010F8207126
S214017708207910BD5056002010B50C4C2379FF2B5C
S21401771808D100201EF0F9FB20B91FF000F82071EF
S2140177281EF0F8FB2079022805D00438012894BFFA
S2140177380020012010BD0020FCE700BF50560020A5
S2140177484FF6FF7310B5044C22889A4202D11EF0F8
S214017758DCFF2080208810BD5056002010B5FFF7AA
S214017768BDFF40F61D439842044607D8B0F5416F61
S21401777805D2182826D8152848D829D010BDA0F52E
S21401778841630D2BFAD801A252F823F0D9770100EC
S214017798D977010085770100857701008577010093
S2140177A88577010085770100857701002978010032
S2140177B83B780100D5770100D5770100D577010020
S2140177C8D577010040F606439842D7D11C4920E0F8
S2140177D8FFF7B6FF1B490246002001F043FC152CB3
S2140177E805D11EF07CFFBDE810401EF028BB164BE5
S2140177F8164A1749B4F5416F08BF1A46002001F02A
S21401780831FC1EF01BFB1EF01AFBECE71628DDD137
S2140178181049002001F026FCBDE810401EF031BCDE
S2140178281DF07CFEBDE8104002460B49002001F021
S21401783819BC0020BDE81040084901F013BC00BF80
S214017848E51A0400921A0400051E04008D1A0400A5
S214017858AE1A0400CE1A0400FA1A0400221B040009
S21401786807B5094A0346108831B9084A084903B0DA
S2140178785DF804EB01F010BC0091064A064901F0D8
S2140178880BFC03B05DF804FB6856002011E6030004
S214017898421B0400B5E6030014EB03000D4B37B595
S2140178A81B68044693B11D780389012D08BF02257C
S2140178B80093C37A084A0020084901F0D3FB214601
S2140178C8284603B0BDE830401EF0E1BE022003B0F2
S2140178D830BD00BFFC410020B71B0400661B040036
S2140178E8002010B51EF011FB0D4B1B6863B15A78CA
S2140178F8052A03D862B1052402220AE0FF2AFAD033
S2140179080020084901F0AEFBBDE810401EF002BB9E
S214017918144610461EF017FF20461EF012FFF3E726
S214017928FC410020BC1B040013B5134C00201EF0BC
S214017938ECFAFFF7D3FE23689BB101A81DF0E1FD21
S21401794878B923681A789DF804309A4209D0D91E66
S214017958032906D9D11E012903D9012A07D1022BE9
S21401796805D1032301A8ADF804301EF096FE02B037
S214017978BDE810401EF0CEBAFC410020002319468F
S214017988034A01330A2B918042F8081BF9D1704744
S214017998C04000207FB50E4605461EF080FE2A46EA
S2140179A8044603460D49002001F05CFB96B10C4BDA
S2140179B836211A889B78ADF80C208DF80E300323F3
S2140179C8002200934FF6FC7003AB8DF80D501EF0A5
S2140179D8BAFD0446204604B070BD00BFDD1B040096
S2140179E854730400FF2810B50C4604D1002004493E
S2140179F801F038FBFE202146BDE81040FFF7CABF5C
S214017A08F61B0400F8B51E460B8807460C461546B5
S214017A18002B64D14A88B1F9021000200029B8BFAA
S214017A286B78304901F01EFB6288132A1DD002F5D7
S214017A38FF437F339BB2052B23D8A2F50042013AB8
S214017A48052A1ED8DFE802F0193F1D033C09264A1D
S214017A582649002001F006FB13E0254A23490020A9
S214017A6801F01AFB2A792349F3E7022E94BF4FF651
S214017A78FF72B5F801202049EBE700201F4901F005
S214017A88F1FA33462A46214638461FF064FE70B995
S214017A9833462A46214638461FF05FFE48F2210340
S214017AA862889A4203D1384669781EF0B5F9638828
S214017AB8B3F5004F02D90820FAF7C6F90120F8BD38
S214017AC82A790F49C5E70F4A0849002001F0E4FA68
S214017AD8032E94BF4FF6FF726A880B49B9E7002058
S214017AE8EDE700BF311C0400591C0400601C0400AB
S214017AF8711C0400771C0400851C04009D1C0400EE
S214017B08B71C0400D91C0400DE1C04002DE9F04152
S214017B1816888AB0DFF88C80ADF80E300DF10E03AA
S214017B28C8F8002015460093324610AB07460C46A7
S214017B38FAF716FE90BB109B8DF824000693BDF845
S214017B480E3004A8ADF81C30AB898DF81070ADF86E
S214017B5820306B890594ADF81E60ADF822301EF012
S214017B6863F9D8B921463046BDF80E30109A01F0AF
S214017B78C9FF98B921463046BDF80E30109AFFF76E
S214017B8841FF58B9CDE9006039462046BDF80E30A8
S214017B98109A02F049FB08B9C8F800000AB0BDE817
S214017BA8F08100BFBC400020F0B585B004AB03E906
S214017BB8030000231C469DF80D609DF80E70154ABB
S214017BC8D9B202EBC1004568EDB99DF80C302846DC
S214017BD800939DF80A209DF80B300F4901F05CFAD6
S214017BE826B1324628460D4901F056FA0C4A0020BD
S214017BF8002C18BF2246BDF808300A4905B0BDE872
S214017C08F04001F02FBA12F831100133B94208BF1B
S214017C182C46D5E7FC720400F01C0400011D040084
S214017C2880E50300051D04004FF6FF7310B5084CE8
S214017C3888B062889A4207D102A90DF107001DF0A3
S214017C485EFCBDF810306380608808B010BD00BFC8
S214017C58505600202DE9F04F85B0894692461C46BD
S214017C680746BDF83850BDF83C80109E002833D032
S214017C780346464A0020464901F00EFA2388002B9F
S214017C8876D040F20912934274D0424A4249B3F57B
S214017C98827F08BF0A46CDF80480618800200091DB
S214017CA83E4901F0F9F9238893B1B8F1020F0FD9CB
S214017CB833783B4913F0010F3A4A18BF0A46590769
S214017CC84FF000004CBF3379B378374901F0E4F937
S214017CD80020364901F0C6F90023354931F833202A
S214017CE8AA4249D1334A52F833B0002331F8330057
S214017CF8DA00A84246D100202E490A44908041F86D
S214017D08330047B9238833B9B4F90230002B02DBB4
S214017D180820FAF77FF80120FAF796F89EB1357829
S214017D28EB0710D515F0040004D042460121304671
S214017D381EF0D5F8CDE9017043462246514648461D
S214017D4800961DF0EEFDBBF1000F06D04346224615
S214017D5851464846CDE90067D8474346224651462C
S214017D684846CDE900671DF0A2FA05B0BDE8F08FD8
S214017D78114A90E7114A8EE701330A2BAED14FF02C
S214017D88000BB2E701330A2BB0D1BAE7BDDC03001A
S214017D982C1D040081E503001A1D04003A1D040089
S214017DA81D1D0400251D04006B1D0400051E04008E
S214017DB8C4400020C0400020131D0400171D040005
S214017DC80D4BF0B54FF00C0C1F88054600230B4EE3
S214017DD8DCB2BC4201D30020F0BD0CFB04F4301920
S214017DE8345DAC4205D144888C4202D10479944270
S214017DF8F2D00133ECE700BFCA6900201066002004
S214017E0873B501262B4D2C4C2A462046FF2300210C
S214017E180096F9F701FB2A462046FF230021009623
S214017E28F9F7FAFA2A462046FF2300210096F9F7C1
S214017E38F3FA2A462046FF2300210096F9F7ECFAC2
S214017E482A462046FF2300210096F9F7E5FA2A4636
S214017E582046FF2300210096F9F7DEFA2A46204637
S214017E68FF2300210096F9F7D7FA2A462046FF2372
S214017E7800210096F9F7D0FA2A462046FF2300216A
S214017E880096F9F7C9FA2A462046FF2300210096EC
S214017E98F9F7C2FA2A462046FF2300210096F9F789
S214017EA8BBFAFF232A46002120460096F9F7B4FAC2
S214017EB802B070BDE54B0300104100202DE9F843E0
S214017EC800244FF00C090C4B0C4F1E78DFF830805D
S214017ED83A88E5B2954202D33046BDE8F88309FBF5
S214017EE80585FF21A8681CF074FA18B9AB799E427B
S214017EF838BF1E460134EBE7D95C0020CA6900206A
S214017F0810660020014B1878704700BFD95C002026
S214017F18014B1870704700BFD95C0020F8B50646BB
S214017F280C461DF06EFF0546C8B930461DF09CFC90
S214017F380B2815D80B4B03EB00131F7B87B95A8800
S214017F48012122809A88304662809B79237100F04D
S214017F5837FA39466071304600F032FAA0710125C9
S214017F682846F8BD3041002070B504460E46154631
S214017F781DF07AFC0B2802D94FF6FF7070BD094B2D
S214017F8803EB00131A7B002AF6D146B901222946CB
S214017F98204600F03DFA0028EED00088EEE7012ED4
S214017FA8EAD1F4E730410020FF2313B50DF10701AC
S214017FB804468DF807301DF022FF18B19DF807001A
S214017FC802B010BD074B03EB04131B7B0BB1FF205C
S214017FD8F6E7204600F03AF90028F8D0204600F0E7
S214017FE8E9F9EDE73041002013B5F6F7EBF9044659
S214017FF8F6F7EEF9224603461249002001F032F858
S21401800800F084FFFFF7BAFC00F0A6F80221084644
S21401801802F046FDFFF764FC41F249001EF0A5FB9D
S2140180284FF0FF130093FF2368468DF804301EF0C7
S21401803882FB4FF400401EF060FB00201EF07DFB23
S21401804802B010BDBA1D040038B505461DF0F9FE8C
S21401805890B928461EF0A5FA044628B140F604430E
S214018068984214BF88248D2423462A4600200349B3
S21401807800F0F8FF204638BD8D24FBE7D21D04002A
S2140180882DE9FF4705460E4617469846BDF8309037
S214018098DDF834A0BDF83840CDF80090CDE9014AA6
S2140180A8E4B2FFF7D7FD43463A4631462846CDE9BE
S2140180B80094CDF808A01FF017FBFF21034B044AD4
S2140180C8044804B0BDE8F04700F01ABE5C5600202C
S2140180D858560020B15E0020044B0146188810222D
S2140180E840F0404040F48010F6F79CBF5270040000
S2140180F8024B18685968FFF757BD00BF9ECB0400AE
S2140181080123064AD15C814202D1054AD05C7047F8
S21401811802335F2BF6D10020704700BF5673040068
S2140181285773040070B500220446094B1D78094BA5
S214018138D0B2854201D8FF2070BD1E78A64204D170
S2140181480029F9D05E7BF607F6D401321033EFE743
S214018158DA5C0020304100202DE9F04198B06B46EA
S214018168304A1068516803C390680CAA18602E4BF1
S21401817814469C4603F118061546186859680833CC
S21401818803C5B3422A46F7D112AA1746274B03F16D
S2140181981806154618685968083303C5B3422A46AF
S2140181A8F7D1234A03AB106851684FF0010E03C399
S2140181B8906871681860DCF83000002206AB03C3CB
S2140181C80C21EC46B068CDE909221860194BDFF896
S2140181D86C801970184B0DEB01060B9206AD09A9B8
S2140181E81CF8010B0132187034F8020B0C2A58805F
S2140181F837F8020B83F80DE0988016F8010B03F1A7
S214018208100303F80A0C15F8010B08EBC00043F835
S214018218080C11F8010B03F8040CE1D118B0BDE8FD
S214018228F08100BFEC1D0400C6760400DE7604006B
S214018238F91D0400DA5C002030410020C0730400F8
S214018248014B1878704700BFDA5C0020034B03EB3C
S2140182580013587B00F00100704700BF3041002032
S214018268F0B504460846D9B100220E4B11461F78D0
S2140182780D4B1D46D6B2B74201D8002010E01E7835
S214018288A64206D09E68F688314489B20132103378
S214018298F0E75E7BF607F9D505EB02150180A868BD
S2140182A8F0BD00BFDA5C0020304100202DE9F3471D
S2140182B8894690461D46074618B9002002B0BDE813
S2140182C8F0870029F9D0002AF7D0002BF5D0002432
S2140182D800780DF10601ADF80640FFF7C1FF00284A
S2140182E8EBD039460DF10602BDF806601DF0B1F96E
S2140182F807460028E1D00DF10602BDF806A01DF0DC
S214018308CFF90028D9D0C9F80070C8F80000037959
S21401831813F0200219D1DB0614D4BDF806300C4A36
S214018328564413FA86F612FA86F20BE01A790C33DB
S214018338920642BF13F8092C891889B29842F5D8D3
S214018348044A0A4401202A60B8E72146024BF5E7A9
S214018358FD5D0020DB5C00200076040008B50021E6
S214018368FFF7E0FEFF2817BF044B084603EB001390
S214018378587B18BF00F0010008BD00BF304100203F
S2140183882DE9F0410D4616461F461DF06DFA0B28DD
S2140183980AD8074C3B4604EB001032462946BDE88E
S2140183A8F04180681DF02DBA0020BDE8F08100BFBD
S2140183B830410020014B0001185C70473041002015
S2140183C870B50C461DF050FA0B281BD80F4B03EB63
S2140183D800139A68C2B10023142618461579D9B233
S2140183E88D4200D870BD116806FB0311097B34B9AC
S2140183F811F0800F1CBF0130C0B20133EFE711F056
S214018408400FF7E70020EDE71046EBE73041002084
S214018418F8B50D4616461DF027FA0B280BD80F4B54
S2140184284FF0140C03EB00139A6800231C461779C7
S214018438D9B28F4201D80020F8BD10680CFB0300A2
S214018448017B46B911F0800F03D0AC42F4D0013459
S214018458E4B20133ECE711F0400FF5E730410020B4
S2140184682DE9F04F064600243A4B87B01B783A4F61
S2140184780093009B9C4207D2FF2E08D030461DF081
S214018488F3F90B28044606D907B0BDE8F08F07EBC9
S21401849804131B7B2BBB23014FF00008019307EB4A
S2140184A8041A14E014221B6802FB05352B89B3F560
S2140184B8967F01D924F06AF84FF000094FF00C0BAB
S2140184C829891FFA89F291420ED808F10108019B01
S2140184D85FFA88F5FB189B681A79AA42E2D8FF2E3C
S2140184E8D2D10134E4B2C4E71FFA89F00BFB00F0DD
S2140184F86B6819180A7912F0100F23D19AF800E060
S21401850812F0400F8DF80CE0B5F800E0185AADF8F7
S2140185180EE00CBF4FF0400E4FF0800EADF8120083
S21401852828468DF810E01DF060F85307ADF81400E2
S214018538C8780AD50228896800D90968002203A8DC
S2140185481DF02FF909F10109BAE702288CBF8968DD
S2140185580831F3E7DA5C002030410020052370B5C6
S214018568094A06881488B44208D19578047B2C40B9
S2140185783F2C03D90D4201D0506870BD013B02F172
S2140185880802EFD11846F8E77076040070B50024A3
S214018598074D084E2B78E0B2834200D870BD06EB33
S2140185A80010437BDB0701D51DF03DFA0134F1E7E6
S2140185B8DA5C002030410020F8B50C46002105465B
S2140185C8FFF7B0FDFF2829D0154A060102EB001374
S2140185D85B7B03F001016CB143F001031644A14231
S2140185E8737305D0C4B100B202EB00101DF01BFA7C
S2140185F80120F8BD2346F1E77B4311682846CA18CF
S214018608127BC95AD2091CF07AFE0134B268E3B269
S21401861811799942F0D8EBE71427F7E70846E8E717
S21401862830410020F0B59446497D20B339B301297D
S21401863818BF042100254FF6FF702F462A46144E10
S2140186483488644511D196F803E01EEA010F0CD070
S214018658B4789C4209D30AB1BC4206D81EF0100F62
S21401866803D08AB1BC420CD370B90135072D06F187
S2140186780406E5D1F0BD002908BF0821D8E7022184
S214018688D8E727460020F0E727460122FAE700BF89
S214018698547604002DE9F04F0A9FBDF824E09DF8B2
S2140186A82C809DF830904C7D78B394B3012C18BF7C
S2140186B804240025194800F11C0C068896421ED190
S2140186C890F803B01BEA040F19D08678464516D3EE
S2140186D81BF0100F91F80FA004D0BAF1000F0ED0BE
S2140186E8B1F810A0BAF1000F09D1A94513D0AE45CB
S2140186F811D95E553E88013501363E80ADB204304B
S2140187086045DAD10120BDE8F08F002C08BF0824A7
S214018718CDE70224CDE70020F5E700BF5476040034
S2140187282DE9F04F0024B1F57C4F0E4638BF4FF0C7
S214018738010BA246A1464FF6FF781F4628BF274BD6
S21401874885B028BFB3F800B0009001925C4503D30A
S214018758404605B0BDE8F08FB6F57C4F0CD3204BEC
S2140187683A4603EB840331465B880098FFF708FE18
S214018778054680B300232AE03A46314600981DF0A4
S214018788A3F8F5E70C229CB254436A680199105B7A
S21401879802EB040C884219D3B9F1000F01D05045F9
S2140187A814D861462846CDE902321CF01EFF029B0A
S2140187B860B1039A125BB9F1000F03D0524501D399
S2140187C8804503D9924680464FF0010901332A892C
S2140187D89CB2A242D6D80134A4B2B7E7B673040055
S2140187E8B87304002DE9F04F91461A4600238BB062
S2140187F88DF82020BDF850208DF81C00ADF81E100D
S214018808ADF8242005460F461A4604A907A8159C64
S2140188189DF858609DF85CA09DF860B09DF864804E
S2140188280493ADF822901CF068FF049850B92B46C3
S214018838CDE90079644A654900F014FC86200BB03E
S214018848BDE8F08FBAF1000F14D18378B34206D091
S21401885850465D4A5E4900F005FC8D20EFE7037936
S21401886813F0010306D11846574A5A4900F0FAFB95
S2140188788820E4E703795B072CD583685A689B68E8
S2140188880592069380781DF0CCFC049B0546DF789C
S2140188982146022F03463A4610D805A81DF07DFC4E
S2140188A881462B463A46214606A81DF076FCB9F1C4
S2140188B8010F01D001300DD18720C0E705981DF0C2
S2140188C86CFC0128F8D02B463A46214606981DF03E
S2140188D864FCEFE7BBF1000F6FD1049F4FF6FF7200
S2140188E82146B8781CF01FFE00286BD0BDF824304E
S2140188F8C5B20093CDE902549DF82030BDF8222078
S214018908BDF81E109DF81C0001961DF089FA002876
S21401891895D1BDF82430CDE902540093BDF8222044
S2140189289DF82030BDF81E109DF81C0001961DF01C
S21401893854F8002883D121469DF8682007A81CF022
S21401894830FF00287FF47BAFB8F1000F07D03B4615
S2140189582046BDF81E209DF81C101CF0C5FFBDF86A
S2140189682430BDF82220BDF81E109DF81C00009387
S214018978CDE901649DF82030FEF73CFBBDF82430B4
S214018988BDF82220BDF81E109DF81C000093CDE905
S21401899802549DF8203001961DF041FABDF82430A6
S2140189A8BDF822200093BDF81E109DF820309DF8D2
S2140189B81C001CF0EAFF002041E70020064900F0F1
S2140189C851FBF8E701203AE7061E0400121E0400D0
S2140189D83E1E0400521E0400661E04007FB50025D4
S2140189E88DF80830BDF820308DF80400ADF8061073
S2140189F8ADF80A20ADF80C306946BDF82830099A5A
S214018A0801A80B9E00951CF078FE044630B916B1F5
S214018A18009B9B783370204604B070BD8928FAD134
S214018A282846024900F01EFBF5E700BF831E040036
S214018A382DE9F04F4FF0000AC7B0FFF701FC5FFAC7
S214018A488AF6B04202D847B0BDE8F08F5B4B3601D4
S214018A589A5D00205A4900F005FB0020594900F0AC
S214018A6801FB00230593554B9DF8144033449B683E
S214018A781A79A24202D80AF1010ADEE714224FF057
S214018A8800091B6802FB043422891FFA89F39A42FB
S214018A9802D8059B0133E5E70C231FFA89F803FB87
S214018AA808F8D4F804B023F071FD0BEB08052B7910
S214018AB8454913F0400F3BF8083022884FF0000074
S214018AC80093424B18BF0B46414900F0E5FA294688
S214018AD820461CF08AFD074600283CD13D4900F097
S214018AE8DBFA2979DFF814C111F0010F3A4818BFEB
S214018AF8604611F0020FAA78EB7832D1DFF800C190
S214018B0811F0100F354918BF6146CDE90001002064
S214018B18334900F0C1FA2B793BF8082013F0400FCF
S214018B284FF0000B4FF0FD030DF118082188CDE931
S214018B38023BCDE9007821480CBF40238023805DA5
S214018B48FFF74CFF86280ED12649002000F08AFA46
S214018B5809F1010998E702462349002000F09CFA2A
S214018B68BFE72249D1E7A8781CF02FFDD8B14046C7
S214018B781DF0BBF9421C92B201234146002000F0C9
S214018B88D5F93946208801F001FA4FF6FF73984265
S214018B9807D0174B174903EBC0035A68002000F0AB
S214018BA861FA1549D1E7A8781CF015FD20B14046B1
S214018BB81DF0A0F9821CDEE7EA78DDE730410020E7
S214018BC8D51E0400E31E0400AD1E0400B21E0400F8
S214018BD8231F040066100400BA1E0400BD1E04000C
S214018BE8371F0400531F0400F4230400C51E0400A5
S214018BF84077040040EF0300051E0400B71E04007A
S214018C08CD1E04002DE9F04FC7B0BDF844A10646B5
S214018C18BAF1040F0D4614461F46BDF840B163D994
S214018C28CDE9013B00920B4602463049002000F090
S214018C3819FAFD230DF117090DF1180830460293AC
S214018C4822463B462946CDE900B8CDF80C90FFF7F9
S214018C58C5FE0646B8B9FD22414699F800001CF043
S214018C6862FC0746C0B1AAF10403834238BF8926CD
S214018C7820461DF0F7F88EB1304600F01BF9304655
S214018C8847B0BDE8F08F009023462A4600201849D1
S214018C9800F0E8F90027EBE78926E9E7DFF85CA0AA
S214018CA8BA1CBAF80030C3F1FF039A4219DA304603
S214018CB800F000F999F8000000F0FCF8BAF8009006
S214018CC80C483A4641464844B94405F01FF8AAF804
S214018CD8009023462A4630460749009700F0C2F915
S214018CE8CDE7892000F0E6F88926C8E75F1F04006B
S214018CF89A1F0400B15E0020C11F040058560020C8
S214018D0810B5044C20600448018004490A60044AEE
S214018D18136010BDF841002056560020F44100208B
S214018D28F041002030B587B00AAC0D4654F8041B54
S214018D380093CDE9011413460949024609480988F2
S214018D48006805941CF090FF4FF48A52064B1B6886
S214018D581880064B1B685D80DA8007B030BD00BFFF
S214018D6856560020F8410020F4410020F04100202A
S214018D7808B410B587B009AB0C4653F8041B00922B
S214018D88CDE9011302460B490B48059309880023D0
S214018D9800681CF069FF4FF48A52084B1B6818805C
S214018DA8074B1B685C80DA8007B0BDE8104001B04D
S214018DB8704700BF56560020F8410020F4410020B5
S214018DC8F0410020044A034611680448044A098809
S214018DD8126800681CF021BAF4410020F041002016
S214018DE8F8410020044B054A1B6812681988044B91
S214018DF818681CF085B900BFF4410020F84100202E
S214018E08F041002007B5074B1B681B880192064AEC
S214018E1812680092054A12681CF0D3F903B05DF88F
S214018E2804FB00BFF4410020F8410020F041002077
S214018E381FB51446064A12681288CDE90143009107
S214018E48044B05491B6809681CF097F904B010BD66
S214018E58F4410020F8410020F0410020014B186839
S214018E68704700BFF0410020024B1B68187159710A
S214018E78704700BFF041002010B50024084B1C7055
S214018E88FEF75EFC074BFF2218802146064804F0D1
S214018E98ADFD064B1C80064B1C605C609C6010BDDB
S214018EA8BB5F00205A560020B15E002058560020AD
S214018EB85C56002007490B88FE2B9FBF064AD054F4
S214018EC8581C80B29DBF088000F1FF308018002032
S214018ED8704700BF58560020B15E0020F8B5094F0C
S214018EE80D463B885C18FE2C0ADC074E0A46A4B2DF
S214018EF80146F01804F0CCFD3C80641BA019F8BDAF
S214018F080020FCE758560020B15E0020024B034AB9
S214018F1800201A60704700BFFC410020BC730400A3
S214018F28014B1878704700BF3041002030B4044D1B
S214018F38044C002B0CBF2B46234630BC1CF0FEBF4E
S214018F48ADDD03009420040070B5054608460C46BE
S214018F581CF0CBFF611C0246024B2846BDE8704058
S214018F681CF0ECBFB327040000B5037889B006935C
S214018F7843783E220593837808490493C37803937C
S214018F88037902934379019383790093C37904485B
S214018F98008800F081F809B05DF804FBEF1F0400B3
S214018FA868560020024B02460249188800F05AB853
S214018FB86856002019E403002DE9F04705460E46D9
S214018FC817460024DFF84480DFF844A0DFF8449011
S214018FD8AC4201D1BDE8F087B8F8000006EBC40141
S214018FE8534608221CF0AAFF0134B8F800003FB91E
S214018FF8044AA54208BF4A46034900F04DF8E7E788
S2140190084A46F9E7051E040018E4030068560020DE
S21401901894200400E1CC03002DE9F0410E4E0446ED
S21401902830881CF0A3FFA8B100250C4FDFF830806C
S214019038E3070AD518B94146308800F02DF830887C
S2140190482A46394600F028F8002001351B2D4FEA3C
S2140190585404EDD1BDE8F08168560020AC0C04003C
S214019068371D04000EB417B505A9044651F8040BBC
S214019078019103F0B1FB01210220054AF8F7ECFC47
S214019088044B1C8003B0BDE8104003B0704700BF16
S214019098051E0400685600200EB417B505A9044637
S2140190A851F8040B019103F097FB034B1C8003B0A6
S2140190B8BDE8104003B070476856002013B5036832
S2140190C80446587900F032FF90B923685A88032A73
S2140190D80ED0E17C5B79CDE900211649164AFFF7E7
S2140190E8C1FF012120461CF0E1FF012002B010BD9E
S2140190F8637D012B0AD0637D33B92368228A598898
S21401910858791CF0BDFB48B9C3200AE02368228AB7
S214019118598858791CF0BDFB0028ECD020461CF075
S21401912827FF064B1B78002BDFD110F5807FDCD09C
S214019138C1B2D7E71C20040014200400B25F002047
S214019148002970B50F491D460F4B14460CBF6E22F9
S2140191587922002808BF0B4600200C49FFF79CFF20
S2140191680B4E2544AC4205D1BDE8704000200949A4
S214019178FFF778BF3146002014F8012BFFF78CFF64
S214019188F0E700BF552004004B2004005E200400D1
S21401919892200400E90304002DE9F04FC27C8BB04D
S2140191A80592427D0368002A14BF80224022077D6B
S2140191B80446856886895879B846B3F802900692B7
S2140191C800F0B4FEA0B9059B052B05D86FF02D035A
S2140191D8059A1341DB070BD5B9F1030F08D0AB4944
S2140191E80020FFF73FFF012120461CF05FFF76E0D5
S2140191F8E37B1BB1228A002A00F0B781607D00223A
S214019208B0FA80F05B4203F00403DFF88CB2400941
S21401921843EAC000ABF80020FFF74CFEE37B1BB324
S214019228208A1CF01FFE8246A07CFFF743FE059AA3
S214019238162A00F29A81DFE812F019009E016C00E6
S2140192485600D2016C009201D9019A01E001E701AA
S214019258EE01390102029801980198011402580298
S21401926814027002390102029A46DDE700204B46D5
S214019278874A8849FFF7F6FE0120FFF71BFE08F12B
S2140192880207B74229D84146324628461CF027FE2F
S2140192988046236842465879BBF800304946C3F1F0
S2140192A8FF039BB20193238A0093069B1EF056FA8E
S2140192B810B11FFA87F8E2E7236842465879BBF8E7
S2140192C800304946C3F1FF039BB20193238A0093FA
S2140192D8069BFFF797FC8928EBD11CF0E1FE0120DD
S2140192E80BB0BDE8F08F4FF0000B0420FFF7E2FD4E
S2140192F8F31E0893089B984552D3BBF1000FECD197
S214019308E37B94F81480002B0CBF02220422624BE4
S2140193181A804FF0000B0420FFF7CCFD5F4608F1DA
S214019328030A564540F29D803246414628461CF0BF
S214019338D6FD05EB08039B78F21EAA44A2EB0802A9
S21401934807905146184692B209931CF0ECF808901B
S214019358002879D02268099B5079CDE901A3238A90
S21401936849460093DDE906321CF00CFC82464A4663
S2140193780020079B4949FFF78FFEBAF1000F55D128
S2140193880BF10103504646495FFA83FBFFF76AFE75
S214019398089B08F1030813FA88F81FFA88F8BEE74D
S2140193A83246414628461CF09AFD05EB08039F788D
S2140193B8089B08F10301A3EB08022944824692B2EE
S2140193C8384609911CF0AFF8079068B323680999E5
S2140193D8587902970191238A524600934946069B7B
S2140193E81CF020FC0746B8B10BF1010338465FFABA
S2140193F883FBFFF75FFD50461CF034FD53464A4693
S21401940800202649FFF72EFE3A4600202549FFF799
S21401941829FE802F3FF471AF079B08F1030813FA62
S21401942888F81FFA88F865E78027DDE75046FFF7D2
S21401943841FD07981CF016FD0137524600201949D0
S214019448FFB2FFF70FFEA3E78720FFF733FD079864
S2140194581CF008FD0137872212490898FFB2FFF76A
S21401946801FE059B052B3FF43AAF002F7FF435AF7D
S214019478BBF1000F05D10C495846FFF7F3FD8021D3
S214019488B2E63846FFF716FD27E700BF64D40300A7
S2140194989F200400EC20040058560020A920040050
S2140194A8EC1F0400C5200400CF2004000599A84A33
S2140194B8A84B0020152918BF1346CDF80090A64AD8
S2140194C8A649FFF7CFFD059B0C2B14BF16200D20D0
S2140194D8FFF7F0FC3246284639461CF000FD059B8E
S2140194E83D440C2B0646AD7835D1192D28BF1925D4
S2140194F8E37BB3B14FF6FF73278A9F4211D12068E9
S21401950832464946069B4079FFF70AF9B84208D021
S214019518BAF1000F05D020828AF80000000A8AF8FE
S21401952801000020BBF80070FFF7C4FC2368324630
S2140195385879059B4946A3F1150CDCF1000343EB6A
S2140195480C03CDE90153238A0093069B1CF08EFA7F
S214019558834BD855C1E6132D28BF1325C8E72046E7
S214019568FDF7D0FB00287FF4BAAE81213CE6204601
S214019578FDF77CF8F6E7B9F10A0F05EB0708A6EB45
S214019588070A21D1DFF8DCB19BF80030E3B1E37BB1
S214019598D3B9BAF1080F17D13246394628461CF016
S2140195A89EFC88B998F8023073B998F80320E22A25
S2140195B80AD13246391D284605931CF08DFC1CF04D
S2140195C85AFD059B8BF80030414648461FFA8AF239
S2140195D81EF0C6F800287FF482AE002104E6F21BCE
S2140195E8484692B2E9191CF037FCF3E7F21B4846E5
S2140195F892B2E9191CF0F4FBECE7F21B484692B26A
S214019608E9191CF019FCE5E7F21B484692B2E9197C
S2140196181EF0A8F8DEE72368EE5D5879238A01373D
S214019628ED5D0193069B3246494600932B461CF096
S2140196385CF92A46314648461CF0D4FB4FE60598A5
S2140196487A1CE95DB31AA0F116067042704100391A
S214019658009018BF012148469BB22A441CF0C4FB5F
S214019668B8E7059BEE5D112B3D446F7838D1122083
S214019678FFF720FC0025E37BB3B14FF6FF73B4F880
S2140196881080984510D133464A4621462846FEF7AB
S214019698C9FF404508D0BAF1000F05D020828AF8E4
S2140196A80000000A8AF80100BBF80080DFF8B0A0C5
S2140196B8C8F1FE0292B208F10103009253444A46E9
S2140196C821462846CDE90267CDF804B0FEF7E2FF49
S2140196D8BBF800300AF808000133ABF80030FCE5A7
S2140196E81420FFF7E7FB0125C5E77B1C9E422CD318
S2140196F8EF5D1D44003F18BF0127F31A9EB233469B
S2140197082A4639460020FFF71BFD00962B463A46A7
S2140197184846218A1CF06CFB5CE77B1C9E4214D3EE
S214019728EF5DF61A003F18BF01271D44B6B233464F
S2140197382A4639460120FFF703FD00962B463A468E
S2140197484846218A1CF052FB44E70020C8E500BFC2
S214019758051E04009A200400E0200400EA20040004
S214019768B15E0020B05F002038B54FF6FB750446A1
S214019778A9424FF001019DF8100098BF43F4004339
S214019788217023816260A07202230020084A0949D9
S214019798FFF768FCE07A084B40F6CA0203EB401074
S2140197A8FF211AF0F7FDBDE838400420F8F732BB70
S2140197B8FA200400052104004042002030B5054681
S2140197C885B028B91D4905B0BDE83040FFF74ABC49
S2140197D80024007B1CF099FB2046194A19492C7075
S2140197E8FFF740FC184BE87AFF2103EB40101AF00C
S2140197F8E2FD2046154B02019A5C22B90130042885
S214019808F9D1F8F721FB696899B1B5F908302A89C1
S2140198189B1303F002038DF80430C2F30E03ADF870
S21401982806304FF6FF73ADF80830002301A80393FE
S214019838884705B0BDE830401CF06CBB30210400F9
S214019848FA20040062210400404200200042002061
S2140198580948037873B91946084AD3720133042BA9
S2140198681173117051601181917202F11002F4D1D5
S21401987801230370704700BFB15F0020004200203B
S21401988808B5FFF7E5FF002305491A018A5C01EBD5
S21401989803101AB10133042BF7D1002008BD00BF0D
S2140198A80042002070B50D460646FFF7D1FF00239B
S2140198B8094800EB0514A17AB14205D1217819B1FE
S2140198C82B4400EB031070BD0133042B04F1100484
S2140198D8F1D10020F7E700BF0042002010B504468A
S2140198E8FFF7B6FF0E4B9C4212D003F120029442BA
S2140198F810D003F1400294420ED060339C420DD141
S2140199080323084800EB0310BDE81040FFF756BFD5
S2140199180023F6E70123F4E70223F2E70020F3E742
S214019928404200200042002070B50024064D074E34
S2140199382846324600210134F7F7A4FD042C05F128
S2140199482005F5D170BD00BF40420020E598010012
S2140199582DE9F34105460C4617469846FFF790FF52
S214019968064640B91C4A1D49FFF77CFB02242046DF
S21401997802B0BDE8F0814FF6FB739D420AD94FF657
S214019988FD739D4204D00020134A1549FFF76AFB70
S2140199984FF6FD75434621463A4628461CF053FBCA
S2140199A8044600F02FFE804634B1234600200A4ABA
S2140199B80C49FFF757FBDAE73B462046064A0A49B1
S2140199C8FFF750FB062329463046089ACDF8008053
S2140199D8FFF7CAFECBE700BFFA2004006F21040098
S2140199E899210400CE210400F7210400F7B50646A4
S2140199F80C461746FFF744FF054638B9104A114981
S214019A08FFF730FB0224204603B0F0BD21464FF491
S214019A188A5230461CF0DFFC044600F0F3FD34B1F0
S214019A2823460020064A0849FFF71CFBEBE700908F
S214019A3804233A4631462846FFF796FEE3E700BF79
S214019A48FA2004006F2104001F220400F7B5064619
S214019A580F46FFF715FF054638B9104A1049FFF7B4
S214019A6801FB0224204603B0F0BD00224023114624
S214019A7830461CF074FE04461CF06FFE34B12346D3
S214019A880020064A0749FFF7EDFAEBE700900123A5
S214019A983A4631462846FFF767FEE3E7FA20040010
S214019AA86F2104005222040073B504460E46FFF7E0
S214019AB8E7FE054638B9104A1049FFF7D3FA0224DB
S214019AC8204602B070BD0022204611461CF049FE11
S214019AD804461CF042FE34B123460020064A0849D3
S214019AE8FFF7C0FAECE70090234632464FF6FC71C2
S214019AF82846FFF739FEE3E7FA2004006F21040041
S214019B08802204002DE9F0418846107800219EB095
S214019B1814461D46FFF7C6FE0646002800F0FD80DF
S214019B280778002F7BD0B8F80010002940F0F580A0
S214019B380389B8F8022043F40040824240F0ED80E1
S214019B48617800296BD1A2F50042062A00F2E58069
S214019B58DFE812F0A100A100E300E3000700B80067
S214019B686900E3880D3DADF82430238915F0010519
S214019B78ADF8263063798DF82830E37A03F10602CA
S214019B8814F812208DF814308DF81C2042D10BA938
S214019B988E46069104F10C005FFA85FC9C4500F19F
S214019BA8020009D210F8018C10F802CC01350CEB32
S214019BB8082C2EF802CBEFE701EB43011A44089173
S214019BC8D2B2590001F10D009A42C0B20BD0251845
S214019BD86D78205C7831694400EB0520013321F863
S214019BE84C0CDBB2EDE7B6F908203389002AACBF86
S214019BF801220322C3F30E038DF808206288ADF80C
S214019C080A3005ABADF80C20049302A930461CF0C7
S214019C1805FA04E0424A43490020FFF723FA38468A
S214019C281EB0BDE8F081042D02D83D4A3E49F3E74F
S214019C382379053DADB29D42B4F8028002D0384A78
S214019C483A49E9E73A4A3B4B0020002D08BF13463C
S214019C583949334ACDF80080FFF704FA05348DF800
S214019C681450B6F90830069485B1002BACBF012311
S214019C7803238DF82C303389ADF83080C3F30E03F7
S214019C88ADF82E3005AB0D930BA9BFE7002BACBF83
S214019C9806230523EDE70B2DC7D9D4F80200D4F81F
S214019CA8061013F4004F05AA03C20CBF04220322B0
S214019CB88DF82C206289C3F30E03ADF83020ADF879
S214019CC82E30DFE7042DB0D96388ADF8303023791C
S214019CD80533DBB29D4206D00020114A174900958C
S214019CE8FFF7C0F99BE70E4A00201549FFF7BAF9B6
S214019CF8B6F908203389002AACBF01220322C3F330
S214019D080E03ADF82E3005AB0D93631D069323792C
S214019D188DF82C208DF81430B6E700277FE700BFB2
S214019D28FA200400AD220400D5220400E92204002A
S214019D3829DC0300051E0400102304002D2304005B
S214019D486E230400304BF0B5B0FBF3F24FF46165B7
S214019D5803FB1200B0FBF5F3DCB205FB13033C254D
S214019D68B3FBF5F3DBB2A0EB04104B71C3EB0313A3
S214019D78A0EB83004FF4FA630B8040F201134B808B
S214019D8801230C711F4600246425204E88719442D5
S214019D9800D1F0BD91F802C013B1BCF1020F2BD06F
S214019DA806EB0C0010F801ECC87870450BBF0120D3
S214019DB801300CF1010CC0B208BF81F802C0C870AE
S214019DC888780D2816D10B888F7001339BB29807B7
S214019DD80B8014D1B3FBF5F005FB103080B280B9C7
S214019DE84FF4C870B3FBF0FC00FB1C339BB2B3FA0C
S214019DF883F35B090134CAE74FF01D0ED4E700234D
S214019E08F8E70123F6E700BF805101000277040056
S214019E1810B5044688B006A9FFF794FF9DF81E30D2
S214019E280A4803939DF81D30049402939DF81C304C
S214019E389DF81A200193BDF818300549009300884B
S214019E489DF81B30FFF70EF908B010BD68560020C4
S214019E5887230400026808B51188154B19805188B4
S214019E68598051791971117959714FF48A51D980EC
S214019E78D28812F0200F0CBF0A464FF48B52816924
S214019E88DA800C4A137831B9C0880B4923F00203EB
S214019E980880137008BD43F002031370074B1522A0
S214019EA81846013103F0F4FD002200F8012CF1E711
S214019EB85C560020BB5F00205A5600206B560020D7
S214019EC810B5184C236858791BF0CEFC0B2822D8FD
S214019ED8154B03EB0010027B237F9A421BD12368A4
S214019EE8428819888A4205D04FF6FF70814212D1FE
S214019EF8120410D42279023A012A06D9A37B63B93F
S214019F08BDE810400748FFF747B9198958791AF08C
S214019F18E1FD0028F2D1002010BD0248BDE810403E
S214019F28FFF7CCB8C44200203041002008B51BF02A
S214019F389BFC0B2896BF024B0020185C08BD00BF8F
S214019F48C05F002008B500201BF0DFFFFF201BF0D4
S214019F58BEFC1BF0DFFF1BF086FEFEF771F9012140
S214019F680246064803F042FD054BFF21054A06480E
S214019F78FEF7C6FEBDE80840FEF708BBC05F002036
S214019F885C56002058560020B15E0020F0B500222D
S214019F9804464FF6FF750B4F90B237F8306003460C
S214019FA8AE4201D12846F0BDA64209D1B4F57C4F90
S214019FB8F9D307EBC3035B888B42F4D00029F2D0B0
S214019FC80132E9E74077040010B50446FFF7DEFFE3
S214019FD8094A034610884FF6FF72934214BF074A90
S214019FE82246BDE8104017BF02EBC30304495A686E
S214019FF80449FFF751B800BF6856002040770400AF
S21401A008AA23040040EF0300034B18780130C0B2BE
S21401A018187000F07F0070472D6A0020044A1378F4
S21401A02818B143F001031370704703F0FE03FAE713
S21401A038BB5F0020014B1870704700BFBE5F002051
S21401A04838B1074B1B78012B04D1038843F0400332
S21401A05803807047022BFCD1038823F04003F7E7FF
S21401A068BE5F002068B1074A1378012B07D1064B5B
S21401A0781B781370037843F01003037001E0022B7A
S21401A088F8D07047BD5F0020BC5F00207FB5012176
S21401A098264B274E197033780246D90744D42549EA
S21401A0A8096881B10868C1888D0641BF224CE188DC
S21401A0B841F02001E180C1884C0641BF1E48C18895
S21401A0C841F04001C1801D4D1D4928780978400797
S21401A0D84CBFE97069701B4913F00204098809D05E
S21401A0E8164A19481BF094FE337823F0020333709E
S21401A0F804B070BD154B18884FF6FB73984208D804
S21401A1080B46CDE9005201460B4A20461BF059F88A
S21401A118EEE74FF6FF73CDE9014200930A46074B77
S21401A12805491BF02AF8E3E70020E1E7B25F0020C3
S21401A138BB5F0020C04200205C560020B15E0020B4
S21401A1482E6A0020585600206A5600205A560020CB
S21401A15870B503790446012B0D46164631D8836837
S21401A1681B78DB0600D561B3A37B13B9E37C0B2B05
S21401A17827D00022144B1A80637DB3FA83F35B0958
S21401A188D800E37BABB9FEF795FEA07CFEF792FEFE
S21401A1980B20FEF78FFEE07CFEF78CFE2846FEF7C6
S21401A1A889FE2046FFF756FE3046BDE87040FFF7A9
S21401A1B86DBF40F00400FEF77DFE208A1BF052FEBC
S21401A1C8E3E7002070BD00BF58560020024B0A4640
S21401A1D801461868FFF7BCBFC0420020F0B4054628
S21401A1E818460F4B0C461B78BDF81010012B0D4E68
S21401A1F801D0377827B1002333700020F0BC7047B0
S21401A2080CB9002AF9D143B14FF65743994204D005
S21401A2182B462246F0BC1BF0E1BD0120EEE700BF4D
S21401A2282F6A0020BF5F00202DE9F04F684C4FF0E1
S21401A238000A25468446964698460F46654B664E5E
S21401A24883F800A00FCE0FC596E80F0085B085E805
S21401A2580F00DDF83C90BDF8383072460093394659
S21401A26843466046CDE9019400F0DCF8DFF89081BA
S21401A278064670B90025FEF7FFFD1622002157484D
S21401A28803F0B4FB00232846C8F8003005B0BDE843
S21401A298F08F534BA27CC8F800401A70514B1B78BC
S21401A2A8002B36D01BF0E9FE4F4902465046FEF712
S21401A2B8F3FE22685046537952884C490092A28987
S21401A2C8FEF7EAFE50461BF051FE20B12368218AAC
S21401A2D85888FFF779FEE37B23B10020228A444998
S21401A2E8FEF7DAFEA36800201A78E37C414900935A
S21401A2F8A37CFEF7D1FE207DA289A168121A01442B
S21401A3080123002092B2FEF711FE00203A49FEF71B
S21401A318A9FE2F48FFF79EFD2D481DF01AFA05469F
S21401A32830BBB9F1000F25D12168E0880B88019070
S21401A3384988BA1E032A00918CBF002201220121F6
S21401A348E07CFFF74BFF38B923685B79FF2B3AD0DF
S21401A358FFF7B6FD05468EE72368DB889A06F3D431
S21401A3680121264C1A4821701BF0A0FE84F80090A3
S21401A378354680E7B9F814309B07E5D47AE758469E
S21401A388FEF718F882465846FDF760FF88B123683D
S21401A3985046228A59881BF06AFA50B13846FFF7A8
S21401A3A859FD236889F804A083F805A0FFF788FDFE
S21401A3B800B9284605460136FDF742FF5FFA86FBD7
S21401A3C85845DCD857E70026014FDFF83890F3E701
S21401A3D8C4420020B25F0020207704006A5600209D
S21401A3E82E6A00202C6A0020C3230400CC23040014
S21401A3F8ED230400F923040073D50300BF5F002092
S21401A408C04200205C5600200023054AD15C8142E8
S21401A41802D31A44507870470233DBB2F6E700BF1E
S21401A4280E77040073B515462E781A4616F0040FF3
S21401A4380CBF032605269E42089C08D9224A2349B2
S21401A44800960020FEF70EFE002002B070BDBDF893
S21401A458183021712060E380A560A2812B7803F073
S21401A4680103A3732B7803F00403002B14BF012107
S21401A4780021E1732978C1F3C00161754FF001012C
S21401A488217518D028461BF02AFD237D2082023329
S21401A4982375227D531CDBB22375A95C0232D2B226
S21401A4A8A1742275EB5CE374A3899A4205D90092DC
S21401A4B80749054AC5E72382EBE7079B0120A36105
S21401A4C800232377C1E700BFBDDC03003C2404005A
S21401A4D8582404002DE9F7430024204FDFF89C8018
S21401A4E8DFF89C90E0B21CF076F8FF2805460FD1FD
S21401A4F82346012102201A4AF7F7AEFA194B01340E
S21401A508187819F049FB152CECD103B0BDE8F08397
S21401A51846B238EA260328BF4B460121009302209B
S21401A52857F82430104AF7F797FA002EE6DA092387
S21401A538E340DB070AD50D4A0D4B15F0010F18BF8E
S21401A5481A4601210220F7F787FAD7E70A2CD5D150
S21401A558084A094B15F0010FF1E700BF58770400C8
S21401A568B1240400306A0020D92404008A24040097
S21401A57874240400A62404009C24040029DC030097
S21401A588051E040008B554220021024803F02EFADD
S21401A598002008BD5857002008B55422FF2102485C
S21401A5A803F024FA002008BD04570020024B23F8C4
S21401A5B810100020704700BF04570020002310B475
S21401A5C8074ADCB2A14203D85DF8044BFFF7DABFAD
S21401A5D82A2BF9D032F8024B20F813400133F0E762
S21401A5E858570020002310B5054A994201DD2A2B49
S21401A5F800D110BD32F8024B20F813400133F4E7BE
S21401A60858570020024B187800F07F00704700BFAB
S21401A618CC5F0020034B18780130C0B2187000F0E8
S21401A6287F007047CC5F002030B51C4600238BB0F6
S21401A638ADF82220021D92B2012A0E9DADF82030F7
S21401A648ADF81E10ADF81C3003D94FF6FF729042D4
S21401A6580FD10022CDE90352CDE90124094B014669
S21401A6681B784FF6FF70009307AB1BF0D4FF0BB0B7
S21401A67830BD0146CDE901531846009407AA1BF0E0
S21401A688E6FFF4E7316A002038B505464FF48050F6
S21401A6980C4603F0B1FB4FF480532860236030B9B1
S21401A6A840F2A511BDE83840014821F062BF38BD27
S21401A6B8C82504000048704716590020014B187831
S21401A6C8704700BF4A6A0020014B1888704700BFD0
S21401A6D8D2690020014B1878704700BF436A0020F2
S21401A6E8014B1878704700BFD05F0020014B1878DF
S21401A6F8704700BF3E6A0020014B1870704700BFC4
S21401A708D35F0020014B1870704700BFD25F00204E
S21401A718014B1888704700BFD06900202DE9F74F14
S21401A7284FF00008394B3A4F93F80090394B3A4EA0
S21401A7383A4D3B4C3B483C49DFF8F4C0DFF8FCE0B7
S21401A748DFF810A1DFF810B10193019B2037203301
S21401A75801935FFA88F3994506F1200605F120056D
S21401A76804F1200400F1200001F120010FD8002295
S21401A77811462E4B2E4D1C782E4E2F4B2F4FD0B2F6
S21401A788844203F1200338D803B0BDE8F08F2C4B80
S21401A7982C4A47F81C3C002346E907232A4A47E97E
S21401A7A8063E45E90723294A46E905E344E907231E
S21401A7B8274A45E905E340E90723019A44E905E301
S21401A7C840E905E341E908CA41E9063E47F820CCD5
S21401A7D847F8103C46F820CC45F820CC44F820CC65
S21401A7E840F820CC41F8103C08F1010842E908CBB2
S21401A7F842E9063E42F8103CA7E743E9085643E912
S21401A808061743F8101C0132B9E700BF4E6A00204C
S21401A8189C4600209C4500207C4600205C46002083
S21401A828FC450020DC450020BC450020486A002085
S21401A838505400204DD202001C460020051E04007C
S21401A848938E03006B8D0300899A020029B40200D7
S21401A85899650300FD1703008D890200002208B5DB
S21401A868074B1A605A601BF085FE064B18701BF0E2
S21401A87881FE054B1870054B1A78054B1A7008BDF2
S21401A888F25300200E6000200D6000203C6A002074
S21401A8980C600020002100B593B008466A460AF00D
S21401A8A871F90146C8B90E4B0E4A09930E4B0D9223
S21401A8B80A930E4A0E4B0E920B930E4A0E4BCDE997
S21401A8C80F230C930D4B6A4611930AF011FC0038BE
S21401A8D818BF012013B05DF804FB0120FAE700BF9A
S21401A8E8FD88030025960200018B0300E56A020035
S21401A8F8C765030051A50200618B0300559202004B
S21401A908084B1878112806D8012809D9064BC340E0
S21401A91803F001007047A0F14303584258417047BD
S21401A92800207047106000203400020008B5064B6E
S21401A9381B78013B022B05D80020FFF7E1FF013801
S21401A948C0B208BDFF20FCE711600020044B00F1EF
S21401A958100250F8041B904243F8041BF9D17047C3
S21401A96812600020044B03F1100253F8041B9342B3
S21401A97840F8041BF9D170471260002030B5002456
S21401A98891B0114B0546214614220BA8CDE909437F
S21401A99803F02CF8102209ABCDE900440693CDE963
S21401A9A80452CDE90252094B09490AA8F2F728FDD3
S21401A9B804460AA81CF06CFC1CB1A021054821F02D
S21401A9C8D8FD11B030BD00BF00248000004440040B
S21401A9D8126000205326040070B5002490B0154B71
S21401A9E805460E46142221460BA8CDE9094302F076
S21401A9F8FDFF102209ABCDE9004406933146CDE9A7
S21401AA080452CDE902520C4B0AA8F2F7F9FC0446A7
S21401AA180AA81CF03DFC1CB1BA21084821F0A9FD82
S21401AA28099B102B03D0BB21044821F0A2FD10B0CE
S21401AA3870BD00BF00248000004440045326040073
S21401AA4830B50D4600218FB0124B0446142209A8D2
S21401AA58CDE9071302F0CAFF102207ABCDE902427F
S21401AA68CDE90042049329460B4B08A8F2F77CFD72
S21401AA78044608A81CF00CFC1CB1D121074821F09B
S21401AA8878FD079B102B03D0D221044821F071FDD5
S21401AA980FB030BD00248000004440045326040053
S21401AAA80022034B1870034B1970034B1A7070473A
S21401AAB82360002024600020226000202DE9F04F4A
S21401AAC8DFF89080064698F800300D4685B0002BD2
S21401AAD83AD04FF6FB73984236D84FF0000B1C4F0E
S21401AAE8DFF874A03C7898F800305FFA8BF94B458C
S21401AAF89AF8000011D9484402AA0DF10601C0B21D
S21401AB0814F096FA082229460DEB020003F0BAFA69
S21401AB180BF1010B0028E6D14C463B78A34208D13D
S21401AB2898F80020631CDBB29A423B7004BF0023EE
S21401AB383B70324629469AF800301C44E0B205B00C
S21401AB48BDE8F04F14F062BB05B0BDE8F08F00BF5A
S21401AB582260002024600020236000202DE9F74FA2
S21401AB6806460D4614461F464FF0010BDFF878904F
S21401AB7803F10C0A15B903B0BDE8F08F102DA846ED
S21401AB8828BF4FF010083A46164B5FFA88F152F87C
S21401AB98040B524543F8040BF9D101919AF80020A9
S21401ABA811481A70002389F80F4089F800B089F80F
S21401ABB80E30FFF7E3FE324601340B480199E4B242
S21401ABC812F801CB10F8013B83EA0C0302F8013CAA
S21401ABD8931BDBB28B42F3D3A5EB080816461FFA84
S21401ABE888F5C7E726600020256000202DE9F04F8C
S21401ABF89046914685B00090981A029383B20193C5
S21401AC08009B0F46354903F10C0453F8045BA34235
S21401AC1841F8045BF9D11B78314E0B704923337028
S21401AC28019BF0731B0A3046B373FFF7A7FE022198
S21401AC38BB460D46737888EA030373704FF0000A23
S21401AC481DE0C5F11004A9EB0A039BB2A4B29C420D
S21401AC5828BF1C4600231FFA83FCE8186445C0B2C7
S21401AC681FD82544EDB2A344102D54441FFA84FA84
S21401AC7805D1002530460391FFF780FE0399D1459B
S21401AC88DFD807EB080B25B115480391FFF776FEC9
S21401AC98039901294FF000050DD00121DDF8049034
S21401ACA8CCE71BF803C016F800E001338CEA0E0C5B
S21401ACB806F800C0CFE7029B09491F44094B3846EE
S21401ACC81C78224603F022F82A4621463846009B7D
S21401ACD805B0BDE8F04FFFF741BF00BF2660002072
S21401ACE8256000204F6A002030B540780C460128C0
S21401ACF84FF0110387B001F1100516D1144A01A9C6
S21401AD080AF07EFF234601AC2246186859680833C4
S21401AD1803C2AB421446F7D111230D4A002001A9FC
S21401AD280AF06EFF002007B030BD0120094A01A9CC
S21401AD380AF066FF234601AC2246186859680833AC
S21401AD4803C2AB421446F7D11123024AE6E700BF15
S21401AD5875E4010079EB010030B50C46407887B000
S21401AD6801284FF011030DBF0B4A0C4A012001A917
S21401AD7818BF01A90AF044FF234601AA05AD1446E7
S21401AD8803CCAC4218605960224603F10803F6D199
S21401AD98002007B030BD00BF75E4010079EB010063
S21401ADA810B50C4688B01A230C4A01A901200AF0EE
S21401ADB827FF21460DF10E0304F1100251F8040B8A
S21401ADC8914243F8040BF9D11A230020034A01A93A
S21401ADD80AF016FF002008B010BD00BF24E10100EC
S21401ADE8F0B58BB004460D461DF049FDA8B101A883
S21401ADF812F0CEF888B1667B271D16F0020F05D033
S21401AE080822384601A903F03DF9D0B901AB46F04E
S21401AE18020603CB6060796066731A230A4A03A99F
S21401AE2801200AF0EDFE29460DF116030DF1260262
S21401AE3853F8040B934241F8040BF9D100200BB0E8
S21401AE48F0BD2D20FBE700BF24E10100F0B5054663
S21401AE58071D00220C463846082193B01DF09DFCBC
S21401AE686A7B0646D0070BD5687808A91CF02DF82A
S21401AE78DDF83D306B60DDF841307B6080B10BE07A
S21401AE88910709D5D2000121384602F080021CF04C
S21401AE9827F8FF28687002D12D2013B0F0BDD6B16F
S21401AEA8687801A91BF0AEFF9DF81C305B0604D537
S21401AEB84FF4C6710A4821F05CFB234603AD07AC84
S21401AEC82A4603CAA24218605960154603F10803C8
S21401AED8F6D10020E1E708A91BF0F7FFCEE700BF8F
S21401AEE8D12604002DE9F04106468AB01F480F46D0
S21401AEF815460024FFF736FD002C01A914BF4FF0B4
S21401AF085C0C4FF0360C10238846184A12F8010BD1
S21401AF18013B8CEA000013F0FF0301F8010BF5D1A1
S21401AF2805A81EF075FA4246102105A81EF074FA07
S21401AF38C4B93946324605A81EF0D6FA2A460DF196
S21401AF48140C0DF1240E634603CB73451060516053
S21401AF589C4602F10802F6D114B10AB0BDE8F081A8
S21401AF680124C9E72A461021E5E700BF55600020FD
S21401AF782DE9F04791460D46C0B09DF82041DDF811
S21401AF8828811E46DFF87CA09DF824310746224614
S21401AF98494640468AF8003002F0B8FE9DB123467D
S21401AFA8324641463846FFF721FEB44207D9A11B6F
S21401AFB83B46012289B208EB0600FFF7CFFD0020C9
S21401AFC840B0BDE8F087A11B3B46012289B208EBD9
S21401AFD80600FFF7C3FD22464146684602F096FE84
S21401AFE83246694638462346FFF700FE9AF800209F
S21401AFF80DEB040109EB040003F044F80028DED049
S21401B0082C20DDE74F6A002038B50346104601F1CB
S21401B018100451F8045BA14242F8045BF9D10449D3
S21401B0281BB1FFF7D9FC002038BDFFF709FDFAE789
S21401B0385560002030B5054689B069461BF066FDA7
S21401B0486B8804ACABB12246294668461BF0FEFC69
S21401B0580E4A08AD234603CBAB42106051601C462E
S21401B06802F10802F6D10948FFF770FC002009B082
S21401B07830BD6B46054D1A4603CAA2422860696070
S21401B088134605F10805F6D1EDE700BF5560002027
S21401B09850B10B4B0B4A03F1100153F8040B8B42CA
S21401B0A842F8040BF9D17047064B054A03F1100123
S21401B0B853F8040B8B4242F8040BF9D1704700BFD2
S21401B0C8556000203560002008B51022024802F0BD
S21401B0D8DFFC002008BD00BF4560002008B5084613
S21401B0E81022024902F0D4FC002008BD4560002069
S21401B0F810B5044686B001A9114A112301200AF0A9
S21401B1087FFD9DF8143001A8E3701EF048FD80F01D
S21401B11801000C4A01A96070112301200AF070FD94
S21401B1289DF8143001A8A3701EF039FD80F00100C7
S21401B138207010F0C7FA6060002006B010BD00BF8E
S21401B14875E4010079EB010010B5044686B01123B9
S21401B158134A012001A90AF053FDA3789DF814208B
S21401B1689A4207D08DF81430002011230C4A01A901
S21401B1780AF046FD11230B4A012001A90AF040FDF9
S21401B188E3789DF814209A4207D08DF814300020F1
S21401B1981123044A01A90AF033FD06B010BD00BF09
S21401B1A879EB010075E401002DE9F04186B0064609
S21401B1B803A80C4612F08AFE054600284AD1BDF8B7
S21401B1C80C30980646D510222946204602F00EFC79
S21401B1D801A811F0DDFEC0B1777B06F1040817F06F
S21401B1E8020F06D00822404601A902F04BFF0028AC
S21401B1F82ED101AB47F0020703CB7060C8F80410E4
S21401B2087773238843F008032380238843F00203D7
S21401B218238011F097FA60601DF031FB30B10E4BB8
S21401B2281B68A360238843F0040323800B4B1A682A
S21401B238D1035EBF238843F010032380130203D58E
S21401B248238843F400632380284606B0BDE8F081CE
S21401B2582D25F9E72425F7E7CC460020D04600201F
S21401B26810B5D0E9023253F8223090B01C6840225B
S21401B278694620461BF09CFE034630B12246002054
S21401B2880549FDF7EFFE10B010BD012269460820FA
S21401B298FDF792FEF7E700BF6727040070B500F0D8
S21401B2A8B1F800280CBF6E22792200201349FDF759
S21401B2B8D9FE00F0A7F8F0B11BF08EFE00280CBFEF
S21401B2C86E22792200200E49FDF7CCFE08220020C6
S21401B2D80C49FDF7C7FE00250B4C0C4E234654F8C7
S21401B2E8042C314600200335FDF7BCFE182D04F169
S21401B2F80C04F3D170BD3F22E4E700BF9F2704008A
S21401B308B6270400C6270400F4470020E5270400F2
S21401B31870B51BF046FE044621490020FDF7A2FE43
S21401B3282CB92046BDE870401E49FDF79BBE00F0CB
S21401B338BBF805461C4B62690020002A08BF1A465E
S21401B3481A492668FDF78EFEA28800201849FDF7DF
S21401B35889FE1849E2880020FDF784FEA388228921
S21401B36813F010001ABF002013491449FDF77AFE9E
S21401B378E26800201249FDF775FE2269002011498E
S21401B388FDF770FE104A114B0020B6F5817F38BFD5
S21401B39813460F492A46BDE87040FDF763BE00BF55
S21401B3A81A28040027280400DDF7030048280400AB
S21401B3B86628040087280400A4280400C12804007D
S21401B3C8DF280400FD2804001228040008280400C9
S21401B3D81B29040038B5014600230C25084A05FB3D
S21401B3E803F4A0181459013404D10C2202F050FBBE
S21401B3F8002038BD0133082BF1D10120F9E700BF41
S21401B408F0470020034B1878012894BF002001203C
S21401B418704700BF6760002038B50446044D287899
S21401B428A04203D021461BF09CFD2C7038BD00BFFE
S21401B4386760002000B58FB03422002101A802F011
S21401B448D5FA01A8EEF786FA0598D0B182680E4BB0
S21401B458B2F5803F34BF92B2C2F38F2241881A8177
S21401B468028828BF41F010011A6042689980DA8084
S21401B478C268DA6002691A6142695A61027E184630
S21401B4881A760FB05DF804FB74470020054B1B784D
S21401B49820B1012B04D80220FFF7BEBF012BFBD831
S21401B4A8704700BF6760002010B5084C237853B971
S21401B4B81BF077FD0123237028B10368B3F5817F5C
S21401B4C824BF037E2370207810BD00BF666000206D
S21401B4D870B5184B1B78012B2BD81BF045FD164D64
S21401B4E8024616490020FDF7BDFD0120FFF7CEFFF5
S21401B4F82E78FF2E1DD1FFF79DFFC8B184886022E4
S21401B5083146C4F340040E482C7002F06FFA6022EC
S21401B51831460C4802F06AFA5CB1FFF7C5FF042809
S21401B52807D9BDE8704040F22B11074821F021B831
S21401B538287070BD67600020506A00203E2904000C
S21401B548F047002090470020502904002DE9F04FCD
S21401B558DFF884928DB003AB07468846144699E80F
S21401B568070083E80700FFF7B3FFFFF79DFF944B3B
S21401B57806461D784B46012D40F07081012840F2A1
S21401B5887281B7FBF0F200FB1272002A00F06B81A1
S21401B5988C4900228B46D1F800C0BCF1FF3F04D08D
S21401B5A8087A6044874200F019810132082A01F1BD
S21401B5B80C01F0D193E8070006AE0DF1240A86E8DF
S21401B5C807008AE80700FFF76FFFB7FBF0FB00FBF1
S21401B5D81B7BA0EB0B094A46414606460AA8099773
S21401B5E88DF82C9002F092FB00224FF00C0E764953
S21401B5F802E00132082A0ED00EFB02F000EB010C25
S21401B60808580130F5D19AE807008CE807006F4919
S21401B6180A7801320A70A14504DD4FF4E2716C48DC
S21401B62820F0A7FFA41B5C444F44A1B217FA84F488
S21401B638B4FBF6F206FB1242C8448E1A91B1A41A5C
S21401B64808EB060107A88DF82020069402F05EFB99
S21401B65806A8FFF7BFFEFF2804D140F2D9115C48BF
S21401B66820F087FFB6B2B6B10320FFF7D5FE802ECD
S21401B6780AD832464146574802F048FB3246384611
S21401B68854491BF079FC05460220FFF7C5FE2846FB
S21401B6980DB0BDE8F08F0025F9E74FF40E714C4860
S21401B6A820F067FF464B1B78012B00F0E380002C47
S21401B6B836D00320FFF7B0FE802C2FD8224641460D
S21401B6C8444802F023FB2246384642491BF054FC04
S21401B6D805460220FFF7A0FEDFF8F09099F8003043
S21401B6E893B1039CFFF7E0FE374B002798461A688C
S21401B6F8511C04D0197A411A521A944224D001379F
S21401B708082F03F10C03F2D1002DC0D1039B01339E
S21401B718C1D003A8FFF75EFE0546B8E70125D8E7BE
S21401B7282546D9E740F26D21294820F022FF012558
S21401B73824E0012D30D0802E2FD832462549039893
S21401B7481BF01AFC054628E0002DA0D10C247C43EA
S21401B75808EB04039DF814A093F808B00AEB0B0352
S21401B768802BDFDC1B4B524604A9184602F0CEFAA2
S21401B778211D5A464144504402F0C8FA0C2303FBE3
S21401B78807839DF814201B7A13449E42D1D040F2B9
S21401B79873210F4820F0EDFE01250220FFF73CFE3D
S21401B7A899F8003013B1013B89F800304FF0FF33A8
S21401B7B808EB040248F80430C2E9013367E700BF22
S21401B7C8506A0020F047002090470020656000205E
S21401B7D850290400F4460020BC7704004FF00C0AF8
S21401B7E80AFB02B3187AA6EB00095FFA89F9A145A4
S21401B7F801D35FFA84F90AFB02FA0AF10405284420
S21401B8084A464146584402F081FA0BEB0A031A7A73
S21401B818A4EB09044A44D2B2B242A4B21A7219D1AC
S21401B82803200193FFF7F8FD32460BEB05015BF8A1
S21401B8380A001BF0A1FB05460220FFF7EDFD4FF0BD
S21401B848FF32019B4BF80A20C3E90122002D7FF441
S21401B8581EAFC844002C3FF41EAF4F44104B1B7854
S21401B868012B7FF424AFB7FBF6F306FB1373002B0B
S21401B8787FF413AFE319B3FBF6F506FB1535002D78
S21401B8883FF415AF641B5B1B08EB04012A4604A8AA
S21401B8980393A4B202F03AFA8DF8145007E700BFF2
S21401B8A8506A002070B5134B1B78012B0CD1FFF79B
S21401B8B80FFE0026104D55F8043C013306D1033619
S21401B8C8182E05F10C05F6D1002411E00320FFF728
S21401B8D8A3FD55F8044CFFF7E7FD29460246204626
S21401B8E81BF04AFB04460220FFF796FD002CE6D023
S21401B8F8204670BD506A0020F447002070B5054602
S21401B9080C46FFF7E5FD0520FFF786FD214628468C
S21401B9181BF040FB06460220FFF77EFD00220A4B7D
S21401B9282C441968481C08D0A94206D3A1423EBF38
S21401B9384FF0FF31C3E9001199600332182A03F169
S21401B9480C03EED1304670BDF0470020D0E9023234
S21401B95853F8223010B51C68204600F095FA28B135
S21401B9682146BDE81040024800F022BF10BD00BFC6
S21401B978CE29040008B5D0E9023253F822301868F7
S21401B98800F06CF920B1BDE80840024800F010BF8D
S21401B99808BD00BFF02904002DE9F041D0E90232C4
S21401B9A853F8221003EB82035B680F681D789AB080
S21401B9B8642D04D96421114800F0FAFE64252A464C
S21401B9C8384601A900F002F9044698B90C4800F077
S21401B9D8EFFEDFF8348001AE013DA54202DC1AB065
S21401B9E8BDE8F0813919404616F8012B00F0E0FE53
S21401B9F80134F2E7034800F0DBFEF0E7132A0400FF
S21401BA08332A04005D2A04004A2A04002DE9F04777
S21401BA1800252D4FDFF8E080DFF8E0908CB028464F
S21401BA2803A900F0EFF810B10CB0BDE8F087049B4D
S21401BA382946039A0093384600F0BAFE404600F0BD
S21401BA48B7FE059910290CD810290CD8DFE801F0A3
S21401BA580F14320B340B0B0B360B0B0B0B0B0B0BA0
S21401BA683A0020292CD0194800F0A2FE07E0184811
S21401BA7800F09EFE0135D2E7164800F099FE0699B9
S21401BA88484600F095FE0799134800F091FE1348C2
S21401BA9800F08EFE1024DFF868A00DF11F06504650
S21401BAA816F8011F013C00F083FE14F0FF04F6D1DE
S21401BAB80B48DDE70B48E0E70B48DEE70B48DCE719
S21401BAC80B48DAE70B48D8E7782A04001D2B040050
S21401BAD8CD2A0400DD2A0400432B04005B2B040056
S21401BAE8E2CC0300E52A0400ED2A0400F62A040045
S21401BAF8012B0400182B0400BC2A04002C2B04007C
S21401BB086C2B040010B50B4C8EB023785BB9EDF79F
S21401BB189BFE014650B9012301A82370EDF71AFFD1
S21401BB28054B049A1A6020780EB010BD034800F041
S21401BB383FFEF8E768600020C44A0020722B040024
S21401BB4800B58FB0FFF7DEFF002829D001A8EDF772
S21401BB5801FF059B1448198800F02AFE059B134827
S21401BB685969134B002908BF194600F021FE059BA9
S21401BB781048598800F01CFE059B0F48196900F00B
S21401BB8817FE059B0D48D96800F012FE059B0C4868
S21401BB98197E00F00DFE0B4B0B48196800F008FEE5
S21401BBA80FB05DF804FB00BFAF2B0400C12B0400E7
S21401BBB8DDF70300D32B0400E72B0400FB2B04005E
S21401BBC80F2C0400C44A0020232C040070B5064636
S21401BBD815460C4679B172B1FFF794FF68B1214654
S21401BBE82A463046EDF7C0FF014618B1044800F072
S21401BBF8DFFD012070BD2120FCE71120FAE700BF18
S21401BC08352C040037B505460C46FFF77BFFE0B137
S21401BC18114B1B68AB421AD9CCB10021242220460D
S21401BC2801F0E4FE2146284616F045FD88B9284667
S21401BC3801AA04F10801EDF749FF20B140F20643D5
S21401BC48C01A18BF012003B030BD1120FBE7212020
S21401BC58F9E70120F7E700BFC44A0020F0B593B022
S21401BC680546FFF74FFF002845D0254B1A68AA421C
S21401BC7807D829462348013A00F09AFD212013B037
S21401BC88F0BD05A8EDF766FE284603A916F013FDD4
S21401BC9898BB049A22F4FF57C2F30C0327F01F0738
S21401BCA82BB14FF400532946174800F081FD039E37
S21401BCB87FB120F06BFC30464FF40051EDF7E0FF02
S21401BCC83346044606F5005650B9039BF31ABB42A1
S21401BCD8EFD32A4639460D4800F06AFD002406E0EF
S21401BCE800902A464FF40051094800F061FD201ED5
S21401BCF818BF0120C3E71120C1E70120BFE700BF35
S21401BD08C44A0020632C0400112D0400D02D040021
S21401BD187F2D040010B5044638B1FFF7F3FE30B1A5
S21401BD280020044B1B68236010BD2120FCE711206E
S21401BD38FAE700BFC44A002010B50446FFF7E2FE42
S21401BD48B0B10C4B1A68A24206D821460A48013AF5
S21401BD5800F02EFD212010BD20F018FC40F25122E3
S21401BD6820460649EDF772FE003818BF0120F2E7B3
S21401BD781120F0E7C44A0020632C04007048002014
S21401BD8810B50446FFF7BEFE70B121460848EDF728
S21401BD987DFE40F20323984208D040F201239842E0
S21401BDA80CBF0520012010BD1120FCE70020FAE792
S21401BDB8704800202DE9F0412D4D04462F68FFF705
S21401BDC8A1FE002851D02968A14207D84A1E294851
S21401BDD8214600F0EDFC2120BDE8F0812648EDF76C
S21401BDE815FEDFF894800246B0B943462E6896429F
S21401BDF822D1BE4214BF3A4606F1FF3212BB314683
S21401BE081D48C8F80040EDF7E1FD014600B31B48A0
S21401BE1800F0CEFC0120DFE72046EDF7B7FD04462B
S21401BE2838B10146164800F0C3FC201E18BF012091
S21401BE38D2E7EDF7BFFBF8E753F8041B8C42DDD0D9
S21401BE480132D4E70C499200081D01F021FED6E71D
S21401BE5829680948EDF7DAFD044610B10146094894
S21401BE68D6E7EDF7A7FB2046B6E71120B4E700BFF3
S21401BE78C44A0020632C040050480020162E0400F3
S21401BE88EC2D0400492E0400F8B50446FFF73AFEE7
S21401BE98002845D0234B1A68A24207D821462248D3
S21401BEA8013A00F085FC21242046F8BD1F4800F021
S21401BEB87FFC20F06BFB40F251221D492046EDF72E
S21401BEC8C5FD40F20327054620F060FB184E65B114
S21401BED840F203239D421AD02946164800F068FC12
S21401BEE80124154800F064FCDEE720F04FFB2946E4
S21401BEF83046EDF7CBFDB84209D040F2012398420F
S21401BF0803D10E4800F054FCE1E70546DFE7214679
S21401BF180B4800F04DFC2046FFF74CFF0446E0E7CF
S21401BF281124C1E7C44A0020632C0400802E0400B3
S21401BF3870480020A02E0400E2CC0300E9030400A8
S21401BF48B82E04000322024B186019615A63704721
S21401BF580000025C3F22034B1A631022DA610322B7
S21401BF689A6370470000025C024AD36B9B07FCD4B5
S21401BF78704700BF0000025C044B9B6A13F0240F55
S21401BF8814BF012000208000704700BF0000025C3B
S21401BF9808B5FFF7F1FF084BDB6B23F47F4323F06B
S21401BFA8EF03003B18BF012350EA83001EBF01229E
S21401BFB8024BC3F8FC2F08BD0000025C00F0FF3FEF
S21401BFC84368182B0AD0202B1DD0102B2BD1174BCA
S21401BFD8D3F80434DB010AD401207047134BD3F895
S21401BFE804349A01F8D50B6843F008030B6003681C
S21401BFF80F4A934210D10B6843F040030B600023AD
S21401C008436000207047094BD3F804345B01E3D53D
S21401C0180B6843F00403E9E7064A9342F1D10B683B
S21401C02843F08003EAE70720704700BF0000025C80
S21401C0386A600020696000200B4607B50749D1F8F9
S21401C0480414C90708D5002100920246084600F0E4
S21401C05843F803B05DF804FB0120FAE70000025C30
S21401C0680B4607B50749D1F80414C90708D5009245
S21401C07801210246002000F02FF803B05DF804FB0A
S21401C0880120FAE70000025C13B5084CD4F8044412
S21401C098640709D5CDE900230B4600210246084668
S21401C0A800F044F802B010BD0120FBE70000025C76
S21401C0B813B5084CD4F80444640709D5CDE9002320
S21401C0C80B4602460121002000F030F802B010BDF0
S21401C0D80120FBE70000025CF0B51C465B681546CC
S21401C0E88DB01A07129E1AD1CBB17268934216D137
S21401C0F80C4B0D4A53F8217009AB07CA83E80700B1
S21401C1081A462946CDE90533CDE90333CDE901635E
S21401C118009447F480701AF0B0FF0DB0F0BD072008
S21401C128FBE700BFD4770400C8770400F0B51D46C6
S21401C13816466A688DB0DDE91273E2B17868824204
S21401C14819D15A68102A16D10C4A09AC52F821C0DE
S21401C1580B4A07CA84E8070022463146CDE905445A
S21401C168CDE90344CDE9017400954CF480601AF0DA
S21401C17884FF0DB0F0BD0720FBE700BFD4770400AD
S21401C188C877040010B50A46044619B1024B0021C7
S21401C1981B68984710BD00BFDC77040010B5114C2A
S21401C1A82378580744BF23F004032370237899079C
S21401C1B805D500F05DF8237823F002032370637831
S21401C1C81BB10023084A6360536000230821064810
S21401C1D86370FFF7D7FF2378DA0744BF23F001031C
S21401C1E8237010BDC84A0020CC4A002038B51A4C26
S21401C1F862782378022A01D1072B11D0DD0712D5E0
S21401C2082378980707D400F02BF82378054643F0DF
S21401C2180203237080B96278237882B15A0716D54B
S21401C2280025284638BD17F0B8F82378054643F0A8
S21401C238010323700028E3D0FFF7B0FFF1E7D90721
S21401C248ECD5064962604A6002226270E6E743F06E
S21401C25804032370E4E700BFC84A0020CC4A002044
S21401C2680122024B002083F8F0207047D44A0020B0
S21401C2782DE9F0410A4C002526464FF00108032710
S21401C2882046C4F81C80277601351AF0E4FF062DEF
S21401C29804F12804F4D1002386F8F030BDE8F081D3
S21401C2A8D44A00202DE9F04F984691B00B1E0A9308
S21401C2B8B44B914614BF83469B4600251A9E98F8B0
S21401C2C8000070B94D4538BF2A464B464FF000006E
S21401C2D80A9928BF09F1FF32D847284611B0BDE8A8
S21401C2E8F08F252808F1010806D02A464B460A99F8
S21401C2F86C1CD8472546E2E70023414611F8012B76
S21401C3082B2A16D00AD8202A16D0232A17D0A2F10B
S21401C3183000092834D800270A2418E02D2A05D029
S21401C328302AF4D143F001038846E6E743F00203D6
S21401C338FAE743F00403F7E743F00803F4E743F0AA
S21401C3481003F1E7884604FB0722A2F130074146AD
S21401C35811F8012BA2F130000928F3D998F800202A
S21401C3682E2A52D198F8011008F10102A1F13000E5
S21401C378092843F480633ED800244FF00A0E11E0E2
S21401C3882A2A08D156F8047B8846002FBCBF43F0FA
S21401C39802037F42E2E70027E0E702460EFB0411AC
S21401C3A8A1F13004104610F8011BA1F1300CBCF1C4
S21401C3B8090FF2D99046424612F8011B6C292DD076
S21401C3C825D8682933D06A293BD04246904618F8C2
S21401C3D8010B672860D8572836D8452808D084D94D
S21401C3E8462800F0188147287FF47FAF43F400639E
S21401C3F843F0200327E12A2906D156F8044B08F111
S21401C408020824EAE474D6E790460024D3E77429A0
S21401C41801D07A29D9D143F48073D7E798F8011067
S21401C4286C29F8D143F4407308F10202CEE798F874
S21401C4380110682902D043F08003C7E743F0C00320
S21401C448F2E743F40073C1E7A0F158020F2A3FF65A
S21401C4584CAF01A151F822F001C50100F3C2010059
S21401C468F3C20100F3C20100F3C20100F3C20100E6
S21401C478F3C20100F3C20100F3C20100F3C20100D6
S21401C48801C501006DC6010001C5010043C60100D2
S21401C49823C6010043C60100A0F16901C9B20F29EC
S21401C4A83FF623AF012249F2410C8A4012EA0C02F8
S21401C4B818D10A2900F0158107297FF416AF43F031
S21401C4C8210305930823CDE903431023CDE901236E
S21401C4D856F8043B2A46009358464B460A991AF0E2
S21401C4E8AAFFA8E06F2800F05E8110D9782808D145
S21401C4F8102223F00C0310E0582839D0622800F0E7
S21401C50854810A2223F01003642806D0F1E769282B
S21401C5184FF00A0223F01003F6D1590548BF23F05D
S21401C5280103692803F4007101D0642840D111B3CE
S21401C538073626F00706B24670685AF8081BCDE992
S21401C548077300230593C30F0028029306940B462E
S21401C558049202DA4B4260EB4000CDE900304B46CC
S21401C5682A4658460A991AF0A8FF05465646A6E6E8
S21401C57843F02003BCE7D90506F1040A04D531685F
S21401C58805E000BFA172030058060CD53178CDE945
S21401C5980224CDE9047300294FEAD1730193B8BF89
S21401C5A84942009120E01906E9D5B6F90010EEE7F0
S21401C5B879B1CDE907730023CDE9042306F1070A0B
S21401C5C82AF0070A06940293FAE80223CDE9002323
S21401C5D8C5E7D80506F1040A0DD5CDE90473CDE9FA
S21401C5E802240191336800934B462A4658460A9915
S21401C5F81AF021FFB9E7590607D53178CDE9047352
S21401C6080023CDE902240193CBE7316813F0800FAC
S21401C61818BF89B2F2E743F02003CDE90173073664
S21401C62826F007060094B6EC020B4B462A465846F7
S21401C6380A99EAF7CDF8054641E600F0DF004728F3
S21401C64801D143F40063CDE90173073626F00706E6
S21401C6580094B6EC020B4B462A4658460A99E9F767
S21401C668FBFEE8E713F0020426D04FF0010A6B1C24
S21401C6780B932A464B460A9916F8040BD84774B307
S21401C68854460B9A21E04B4620200A99D8470AEBD4
S21401C69805020AF1010A5745F5D83A1E18BF0122C4
S21401C6A8002A07F1FF3308BF002307F1010A1D44DA
S21401C6B808BF4FF0020ADAE7A246E8E7551C4B46E0
S21401C6C820200A99D8472A460134BC42F6D3A7EB5C
S21401C6D80A03574538BF00230B9A1A440B920B9D41
S21401C6E8EDE53246002C52F8046B14BF21464FF094
S21401C6F8FF310B9232463144107808B1914211D17C
S21401C708A2EB060A13F480620C9202D0A24528BF57
S21401C718A24613F002030D931BD1AAEB05032A4682
S21401C7280F9308E00132E7E7531C0E9320204B468F
S21401C7380A99D8470E9A0F9BD318BB42F4D3A7EB96
S21401C7480A03574538BF00230AF101021D4403EBCB
S21401C758020AAB1B0E9304E01C464B462A460A996E
S21401C768D8470E9BF51816F8010B28B10C9B002B21
S21401C778F3D0631E002CEFD10D9B93B12A46AAEB8A
S21401C788050405E0561C4B4620200A99D847324630
S21401C7981319BB42F6D3A7EB0A03574538BF002344
S21401C7A81D440B9E8BE50822A3E60222A1E600BFE4
S21401C7B80FB41FB506AA52F8043B02A903920092C9
S21401C7C804484FF0FF32FFF76DFD05B05DF804EB46
S21401C7D804B07047637503001FB5034600914FF018
S21401C7E8FF3203A90248FFF75DFD05B05DF804FBBB
S21401C7F8637503001FB5CDE90201009302A913462C
S21401C80803484FF0FF32FFF74DFD05B05DF804FB16
S21401C8186B7503001FB5094B094A1868094B01A92E
S21401C8281860094B1360094A0192094A1268CDE952
S21401C838022316F0D5FD05B05DF804FBB0660020AE
S21401C848383C00203C3C0020A4660020BB6604005F
S21401C858844E0020014B186816F0D6BDB06600203D
S21401C86838B5F1F7DBFC0446064D2B68D3F8B00261
S21401C878F1F7C8FC286816F0DAFD2046BDE838400E
S21401C888F1F7C0BCB066002010B5234CEFF7B6FD33
S21401C898EFF7C2FE236F012023F0070343F00303DB
S21401C8A82367EFF7E3FE1D4B00209B6A9B075EBFDD
S21401C8B801221B4B9A62D4F8203123F0030343F07C
S21401C8C80203C4F82031D4F8243123F0070343F0D7
S21401C8D80203C4F82431D4F8403123F0030343F0AB
S21401C8E80103C4F84031D4F8603123F0030343F060
S21401C8F80103C4F86031D4F8403223F0030343F04F
S21401C9080103C4F84032D4F8003223F0070343F099
S21401C9180103C4F8003210BD0080005000C000506A
S21401C92800E00050064B1B681A7A022A01D81AB989
S21401C9387047032A00D070471B68024A1360704785
S21401C948B4660020844E00200022024B5A60DA604A
S21401C9581A607047884E002008B501F011FD0022C4
S21401C968014B1A7008BD00BF6B6000200A460149DA
S21401C9781AF05FBE759004000A4601491AF059BEBE
S21401C988709004000A4601491AF053BE69900400E3
S21401C9980A4601491AF04DBE669004000A46014946
S21401C9A81AF047BE639004000A4601491AF041BED0
S21401C9B85E9004000A4601491AF03BBE59900400ED
S21401C9C80A4601491AF035BE549004000A46014940
S21401C9D81AF02FBE4D90040081F0004102E000BF1E
S21401C9E883F0004330B54FEA41044FEA430594EA21
S21401C9F8050F08BF90EA020F1FBF54EA000C55EA5C
S21401CA08020C7FEA645C7FEA655C00F0E2804FEA2C
S21401CA185454D4EB5555B8BF6D420CDD2C4480EA0E
S21401CA28020281EA030382EA000083EA010180EA3E
S21401CA38020281EA0303362D88BF30BD11F0004F8C
S21401CA484FEA01314FF4801C4CEA113102D04042C2
S21401CA5861EB410113F0004F4FEA03334CEA1333FD
S21401CA6802D0524263EB430394EA050F00F0A78015
S21401CA78A4F10104D5F1200E0DDB02FA0EFC22FA10
S21401CA8805F2801841F1000103FA0EF2801843FA04
S21401CA9805F359410EE0A5F120050EF1200E012AF5
S21401CAA803FA0EFC28BF4CF0020C43FA05F3C01833
S21401CAB851EBE37101F0004507D54FF0000EDCF1AC
S21401CAC8000C7EEB00006EEB0101B1F5801F1BD355
S21401CAD8B1F5001F0CD349085FEA30004FEA3C0C59
S21401CAE804F101044FEA445212F5800F80F09A804F
S21401CAF8BCF1004F08BF5FEA500C50F1000041EB53
S21401CB08045141EA050130BD5FEA4C0C404141EB56
S21401CB180101013C28BFB1F5801FE9D291F0000F51
S21401CB2804BF01460020B1FA81F308BF2033A3F100
S21401CB380B03B3F120020CDA0C3208DD02F1140CF7
S21401CB48C2F10C0201FA0CF021FA02F10CE002F132
S21401CB581402D8BFC2F1200C01FA02F120FA0CFC2B
S21401CB68DCBF41EA0C019040E41AA2BF01EB045174
S21401CB78294330BD6FEA04041F3C1CDA0C340EDC72
S21401CB8804F11404C4F1200220FA04F001FA02F3B5
S21401CB9840EA030021FA04F345EA030130BDC4F173
S21401CBA80C04C4F1200220FA02F001FA04F340EA68
S21401CBB80300294630BD21FA04F0294630BD94F019
S21401CBC8000F83F4801306BF81F480110134013D00
S21401CBD84EE77FEA645C18BF7FEA655C29D094EA71
S21401CBE8050F08BF90EA020F05D054EA000C04BFEF
S21401CBF81946104630BD91EA030F1EBF00210020DA
S21401CC0830BD5FEA545C05D14000494128BF41F078
S21401CC18004130BD14F580043CBF01F5801130BDDC
S21401CC2801F0004545F0FE4141F470014FF0000067
S21401CC3830BD7FEA645C1ABF194610467FEA655C18
S21401CC481CBF0B46024650EA013406BF52EA0335BA
S21401CC5891EA030F41F4002130BD00BF90F0000FA8
S21401CC6804BF0021704730B54FF4806404F13204E4
S21401CC784FF000054FF0000150E700BF90F0000F9D
S21401CC8804BF0021704730B54FF4806404F13204C4
S21401CC9810F0004548BF40424FF000013EE700BF94
S21401CCA842004FEAE2014FEA31014FEA02701FBF24
S21401CCB812F07F4393F07F4F81F06051704732F056
S21401CCC87F4208BF704793F07F4F04BF41F40021AD
S21401CCD8704730B54FF4607401F0004521F000410B
S21401CCE81CE700BF50EA010208BF704730B54FF095
S21401CCF800050AE050EA010208BF704730B511F096
S21401CD08004502D5404261EB41014FF4806404F1CD
S21401CD1832045FEA915C3FF4D8AE4FF003025FEA53
S21401CD28DC0C18BF03325FEADC0C18BF033202EBD7
S21401CD38DC02C2F1200300FA03FC20FA02F001FA31
S21401CD4803FE40EA0E0021FA02F11444BDE600BFD4
S21401CD5870B54FF0FF0C4CF4E06C1CEA11541DBF83
S21401CD681CEA135594EA0C0F95EA0C0F00F0DEF84E
S21401CD782C4481EA030621EA4C5123EA4C5350EA33
S21401CD88013518BF52EA033541F4801143F4801384
S21401CD9838D0A0FB02CE4FF00005E1FB02E506F015
S21401CDA80042E0FB03E54FF00006E1FB03569CF06A
S21401CDB8000F18BF4EF0010EA4F1FF04B6F5007F70
S21401CDC864F5407404D25FEA4E0E6D4146EB0606E2
S21401CDD842EAC62141EA55514FEAC52040EA5E506B
S21401CDE84FEACE2EB4F1FD0C88BFBCF5E06F1ED815
S21401CDF8BEF1004F08BF5FEA500E50F1000041EB4C
S21401CE08045170BD06F0004646EA010140EA0200F8
S21401CE1881EA0301B4EB5C04C2BFD4EB0C0541EA1A
S21401CE28045170BD41F480114FF0000E013C00F32F
S21401CE38AB8014F1360FDEBF002001F0004170BD53
S21401CE48C4F10004203C35DA0C341BDC04F114046C
S21401CE58C4F1200500FA05F320FA04F001FA05F2F8
S21401CE6840EA020001F0004221F0004110EBD370C5
S21401CE7821FA04F642EB06015EEA430E08BF20EAF1
S21401CE88D37070BDC4F10C04C4F1200500FA04F394
S21401CE9820FA05F001FA04F240EA020001F0004126
S21401CEA810EBD37041F100015EEA430E08BF20EA99
S21401CEB8D37070BDC4F1200500FA05F24EEA020EE1
S21401CEC820FA04F301FA05F243EA020321FA04F010
S21401CED801F0004121FA04F220EA020000EBD370C7
S21401CEE85EEA430E08BF20EAD37070BD94F0000FC7
S21401CEF80FD101F00046400041EB010111F4801FFB
S21401CF0808BF013CF7D041EA060195F0000F18BFAB
S21401CF18704703F00046520043EB030313F4801FE7
S21401CF2808BF013DF7D043EA0603704794EA0C0FA1
S21401CF380CEA135518BF95EA0C0F0CD050EA4106B7
S21401CF4818BF52EA4306D1D181EA030101F0004134
S21401CF584FF0000070BD50EA410606BF104619465C
S21401CF6852EA430619D094EA0C0F02D150EA013668
S21401CF7813D195EA0C0F05D152EA03361CBF1046A9
S21401CF8819460AD181EA030101F0004141F0FE4148
S21401CF9841F470014FF0000070BD41F0FE4141F4CC
S21401CFA8780170BD70B54FF0FF0C4CF4E06C1CEACC
S21401CFB811541DBF1CEA135594EA0C0F95EA0C0F81
S21401CFC800F0A7F8A4EB050481EA030E52EA03353C
S21401CFD84FEA013100F088804FEA03334FF080555D
S21401CFE845EA131343EA12634FEA022245EA11158A
S21401CFF845EA10654FEA00260EF000419D4208BF3B
S21401D008964244F1FD0404F5407402D25B084FEAE7
S21401D0183202B61A65EB03055B084FEA32024FF493
S21401D02880104FF4002CB6EB020E75EB030E22BFF0
S21401D038B61A754640EA0C005B084FEA3202B6EBB0
S21401D048020E75EB030E22BFB61A754640EA5C005F
S21401D0585B084FEA3202B6EB020E75EB030E22BFEF
S21401D068B61A754640EA9C005B084FEA3202B6EBF0
S21401D078020E75EB030E22BFB61A754640EADC00AF
S21401D08855EA060E18D04FEA051545EA16754FEA11
S21401D09806164FEAC30343EA52734FEAC2025FEA2F
S21401D0A81C1CC0D111F4801F0BD141EA00014FF0BE
S21401D0B800004FF0004CB6E711F4801F04BF01438F
S21401D0C80020B4F1FD0C88BFBCF5E06F3FF6AFAEAB
S21401D0D8B5EB030C04BFB6EB020C5FEA500C50F13B
S21401D0E8000041EB045170BD0EF0004E4EEA1131BE
S21401D0F814EB5C04C2BFD4EB0C0541EA045170BDC5
S21401D10841F480114FF0000E013C90E645EA060E08
S21401D1188DE60CEA135594EA0C0F08BF95EA0C0F36
S21401D1283FF43BAF94EA0C0F0AD150EA01347FF47E
S21401D13834AF95EA0C0F7FF425AF104619462CE755
S21401D14895EA0C0F06D152EA03353FF4FDAE1046B8
S21401D158194622E750EA410618BF52EA43067FF409
S21401D168C5AE50EA41047FF40DAF52EA43057FF499
S21401D178EBAE12E74FF0FF3C06E000BF4FF0010CA4
S21401D18802E000BF4FF0010C4DF804CD4FEA410C08
S21401D1987FEA6C5C4FEA430C18BF7FEA6C5C1BD0D5
S21401D1A801B050EA410C0CBF52EA430C91EA030F56
S21401D1B802BF90EA020F0020704710F1000F91EAB3
S21401D1C8030F58BF994208BF90422CBFD8176FEA81
S21401D1D8E37040F0010070474FEA410C7FEA6C5C4F
S21401D1E802D150EA013C07D14FEA430C7FEA6C5C56
S21401D1F8D6D152EA033CD3D05DF8040B704700BF82
S21401D2088446104662468C461946634600E000BFCF
S21401D21801B5FFF7B7FF002848BF10F1000F01BDA1
S21401D2284DF808EDFFF7F4FF0CBF012000205DF86C
S21401D23808FB00BF4DF808EDFFF7EAFF34BF0120F1
S21401D24800205DF808FB00BF4DF808EDFFF7E0FF8A
S21401D25894BF012000205DF808FB00BF4DF808EDDB
S21401D268FFF7CEFF94BF012000205DF808FB00BF42
S21401D2784DF808EDFFF7C4FF34BF012000205DF824
S21401D28808FB00BF4FEA410212F5001215D211D56C
S21401D2986FF47873B3EB625212D94FEAC12343F0A5
S21401D2A8004343EA505311F0004F23FA02F018BF27
S21401D2B8404270474FF00000704750EA013005D1F0
S21401D2C811F0004008BF6FF0004070474FF00000B3
S21401D2D8704700BF4A0011D212F5001211D20DD5BF
S21401D2E86FF47873B3EB62520ED44FEAC12343F05E
S21401D2F8004343EA505323FA02F070474FF0000008
S21401D308704750EA013002D14FF0FF3070474FF0B6
S21401D3180000704753B94AB9002908BF00281CBF46
S21401D3284FF0FF314FF0FF3000F08CB9ADF1080C2B
S21401D3386DE904CE00F006F8DDF804E0DDE9022325
S21401D34804B070472DE9F04F099D0E4604460F4676
S21401D358002B47D18A429446B2FA82F35AD943B18E
S21401D36802FA03FCC3F120029F409C4020FA02F215
S21401D37817434FEA1C461FFA8CFE220CB7FBF6F140
S21401D38806FB117701FB0EF042EA0742904208D9E4
S21401D3981CEB020201F1FF3702D2904200F23C81F7
S21401D3A83946121AA4B2B2FBF6F006FB102200FBAD
S21401D3B80EFE44EA0244A64508D91CEB040400F113
S21401D3C8FF3202D2A64500F22A81104640EA014001
S21401D3D8A4EB0E0400211DB1DC400023C5E900437F
S21401D3E8BDE8F08F8B4205D90DB1C5E900010021D2
S21401D3F80846F5E7B3FA83F100294FD1B342C0F0E6
S21401D4080281824240F2FF800846002DE8D0C5E935
S21401D4180047E5E7002B40F0AF808A1A4FEA1C4E1A
S21401D4281FFA8CF70121B2FBFEF60EFB1620220C22
S21401D43842EA004207FB06F090420FD91CEB0202B3
S21401D44806F1FF382CBF4FF001094FF00009904252
S21401D45803D9B9F1000F00F0DC804646121AA4B2CF
S21401D468B2FBFEF00EFB102200FB07F744EA02446B
S21401D478A7420FD91CEB040400F1FF322CBF4FF072
S21401D488010E4FF0000EA74203D9BEF1000F00F0BF
S21401D498C9801046E41B40EA06409CE7C1F1200417
S21401D4A88B4006FA01FC00FA01FE22FA04F7E64070
S21401D4B88A401F4320FA04F34FEA174843EA0C034D
S21401D4C81FFA87FC4FEA1349B6FBF8F008FB10660B
S21401D4D849EA064600FB0CF9B1450ED9BE1900F11A
S21401D4E8FF3A2CBF4FF0010B4FF0000BB14503D9A3
S21401D4F8BBF1000F00F0A2805046A6EB09061FFA02
S21401D50883F9B6FBF8F308FB136603FB0CFC49EA40
S21401D5180646B4450ED9BE1903F1FF382CBF4FF0A5
S21401D52801094FF00009B44503D9B9F1000F00F01D
S21401D5388280434643EA0040A6EB0C06A0FB028C19
S21401D54866454346E14602D307D1C64505D2B8EB40
S21401D55802036CEB070C0138E1465DB1BEEB030232
S21401D56866EB090606FA04F422FA01F3CE401C43D8
S21401D578C5E90046002133E702FA03FCC3F120029D
S21401D58899409C40D6404FEA1C4E20FA02F21FFAF8
S21401D5988CF7B6FBFEF00A430EFB1066110C41EA47
S21401D5A8064100FB07F68E420ED91CEB010100F17D
S21401D5B8FF382CBF4FF001094FF000098E4202D9FF
S21401D5C8B9F1000F34D04046891B92B2B1FBFEF682
S21401D5D80EFB161142EA014206FB07F191420ED9EB
S21401D5E81CEB020206F1FF382CBF4FF001094FF081
S21401D5F80009914202D9B9F1000F16D04646521ACF
S21401D60846EA00410FE7841A66EB03020120174633
S21401D618FBE6023E624421E702396244C1E66444FD
S21401D6280238D3E66444023834E7023E6244E6E749
S21401D63802386144C8E7023B3E447BE702383E4471
S21401D6485BE700BF704700BF2DE9F04F924685B0F3
S21401D65889461E460D46554A0390294615F8014B3C
S21401D668135D13F00803F8D12D2C7CD02B2C4ED04B
S21401D6784FF0FF3102936FF00043CDE9001336F007
S21401D688100851D037464FEAE6783A464346DDE970
S21401D6980001FFF73FFE002383468E4618461946CB
S21401D6A8A44613E0ACF13704A6421FDD002B09DBC4
S21401D6B883457EEB010305D38E4508BF83453BD1E1
S21401D6C8A24239DA4FF0FF3315F801CBACF130043A
S21401D6D8092CE9D9ACF14104192CE3D9ACF1610460
S21401D6E8192C03D8ACF15704A642DFDC5A1C2FD0FC
S21401D6F8029A12B1404261EB4101BAF1000F03D020
S21401D708002B48D1CAF8009005B0BDE8F08F4FF05D
S21401D718FF30029336F010086FF000432C7801F1C1
S21401D7280205CDE90003ADD1302C25D0002E3AD123
S21401D7380A27B0463E46A8E700FB08F307FB013375
S21401D748A0FB07010B44201843EBE4710123BBE758
S21401D7582223039A1360BAF1000F17D005F1FF3997
S21401D768DDE90001CEE74FF00047009301232C784E
S21401D7788D1CCDE9017382E72B7803F0DF03582B64
S21401D7880CD086B90827B0463E467EE7DDE900019B
S21401D79805B0BDE8F08FCDE90001DFE710276C780A
S21401D7A802353E4671E710273E466EE77D90040037
S21401D7B84AE700BF10B4044C13460A4601462068DF
S21401D7C85DF8044B40E700BFE466002010B4044C43
S21401D7D813460A46014620685DF8044B34E700BF45
S21401D7E8E466002020F0030110F00300C0F10000F9
S21401D7F851F8043B00F1040C4FEACC0C6FF0000220
S21401D8081CBF22FA0CF213434FF0010C4CEA0C2C05
S21401D8184CEA0C4CA3EB0C0222EA030212EACC12E5
S21401D82804BF51F8043B0430F4D0C2F1000102EA07
S21401D8380102B2FA82F2C2F11F0200EBD20070476F
S21401D8482DE9F04780460C464548264614F801EB74
S21401D85810F80EC01CF0080CF7D1BEF12D0F5BD0E6
S21401D868BEF12B0F3AD0654633F010003ED04FF08C
S21401D878FF379A46B7FBF3F703FB07F96FEA09097F
S21401D888002630460EE0AEF1370C63451DDD002E4E
S21401D89804DBB84202D833D1CC4531DD4FF0FF3630
S21401D8A814F801EBAEF1300CBCF1090FEDD9AEF16D
S21401D8B8410CBCF1190FE6D9AEF1610CBCF1190F98
S21401D8C803D8AEF1570C6345E1DC731C1CD005B1D7
S21401D8D840420AB1F6B91160BDE8F08733F010008E
S21401D8E894F800E0654606F10204C0D1BEF1300F97
S21401D8F817D06BBB0A234FF005091A4F9A46BFE7A4
S21401D90800FB0AC00126CBE722233046C8F80030C0
S21401D918002AE1D0611EDEE794F800E00125B41C78
S21401D928A2E7207800F0DF00582807D083B908233B
S21401D9384FF007096FF060479A46A1E7102394F85D
S21401D94801E04FF00F0902346FF070479A4697E7E7
S21401D95810234FF00F096FF070479A4690E700BF03
S21401D9687D900400999999196AE700BF10B4044C90
S21401D97813460A46014620685DF8044B60E700BF77
S21401D988E466002010B4044C13460A460146206893
S21401D9985DF8044B54E700BFE46600200F4B70B5F2
S21401D9A80F4DAB42A3EB050607D0B6100024013491
S21401D9B855F8043B9847A642F9D80A4D1EF0DCFFF5
S21401D9C8094B5E1BAB424FEAA60606D0002401347B
S21401D9D855F8043B9847A642F9D870BD7C6A0020E2
S21401D9E87C6A00207C6A0020806A002070B5860761
S21401D9F847D0541E002A3ED0CAB2034601E0013C75
S21401DA0839D303F8012B9D07F9D1032C2CD9CDB2B4
S21401DA180F2C05EB052505EB054535D9A4F1100CAA
S21401DA2803F1100E1A462CF00F064FEA1C1CB644DA
S21401DA38C2E90055C2E9025510327245F8D10CF117
S21401DA48010214F00C0F04F00F0C03EB021213D0B2
S21401DA58ACF1040323F003030433134442F8045BD4
S21401DA689342FBD10CF003042CB1C9B21C4403F851
S21401DA78011BA342FBD170BD64461346002CF4D1AA
S21401DA88F9E703461446C0E71A46A446E0E700BF8E
S21401DA9888420ED98B1883420BD900EB020C002A58
S21401DAA86ED0624613F801CD994202F801CDF9D13C
S21401DAB870470F2A0FD8034602F1FF3C002A5FD0B1
S21401DAC80CF1010C013B8C4411F8012B614503F85C
S21401DAD8012FF9D1704740EA01039B0751D1A2F102
S21401DAE8100301F1200C70B523F00F0501F1100E9B
S21401DAF800F110041B09AC445EF8105C0EF1100E20
S21401DB08103444F8205C5EF81C5C44F81C5C5EF833
S21401DB18185C44F8185C5EF8145CE64544F8145C36
S21401DB28EAD1013312F00C0F02F00F0C01EB0311CE
S21401DB3800EB031329D0ACF1040C1C1F8E462CF005
S21401DB4803064FEA9C0C1E445EF8045B44F8045F27
S21401DB58B442F9D10CF1010402F0030203EB840389
S21401DB6801EB840102F1FF3C4AB10CF1010C013BC7
S21401DB788C4411F8012B614503F8012FF9D170BDCA
S21401DB88704702F1FF3C03469AE76246EAE700BFA0
S21401DB982DE9F04F82468E463F4875461EF801BB72
S21401DBA810F80B4014F00804F7D1BBF12D0F5BD029
S21401DBB8BBF12B0F6FF0004904BF9EF800B005F1CA
S21401DBC8020E33F0100010D1BBF1300F04D0002B39
S21401DBD85ED10A231F4609E09EF8000000F0DF0028
S21401DBE858284ED0002B53D108231F460025B9FBD1
S21401DBF8F7F6284607FB16980EE0ABF1370C634597
S21401DC081DDD002D04DB864202D321D1E0451FDA53
S21401DC184FF0FF351EF801BBABF1300CBCF1090F14
S21401DC28EDD9ABF1410CBCF1190FE6D9ABF1610C9A
S21401DC38BCF1190F03D8ABF1570C6345E1DC6B1C3B
S21401DC480AD004B140420AB1CDB91160BDE8F08FDF
S21401DC5807FB00C00125DDE72223CAF800305AB1C8
S21401DC680EF1FF314846F0E79EF800B04FF0004944
S21401DC7805F1020E0124A4E74846BDE8F08F814667
S21401DC88EEE710239EF801B00EF1020E1F46ADE72F
S21401DC9810231F46AAE700BF7D900400242B02D854
S21401DCA8012B00D074E710B500F02EFA1623036096
S21401DCB8002010BD10B5242A084C1346246807D83E
S21401DCC8012A05D00A4601462046BDE810405FE70E
S21401DCD800F01AFA16230360002010BDE46600203F
S21401DCE810B5242A084C1346246807D8012A05D0FB
S21401DCF80A4601462046BDE8104049E700F004FA06
S21401DD0816230360002010BDE4660020844641EA1D
S21401DD18000313F0030349D1403A23D30B68036089
S21401DD284B6843608B688360CB68C3600B6903618B
S21401DD384B6943618B698361CB69C3610B6A036273
S21401DD484B6A43628B6A8362CB6AC3620B6B03635B
S21401DD584B6B43638B6B8363CB6BC3634030403140
S21401DD68403ADBD230320BD30B6803604B68436012
S21401DD788B688360CB68C36010301031103AF3D2D9
S21401DD880C3205D351F8043B40F8043B043AF9D267
S21401DD98043208D0D2071CBF11F8013B00F8013B3A
S21401DDA801D30B8803806046704700BF082A13D347
S21401DDB88B07B1D010F00303AED0C3F10403D21A17
S21401DDC8DB071CBF11F8013B00F8013BA4D331F86F
S21401DDD8023B20F8023B9FE7043AD9D3013A11F8EF
S21401DDE8013B00F8013BF9D20B7803704B7843707E
S21401DDF88B78837060467047024B0146186816F0A8
S21401DE08D5B800BFE4660020024B0146186816F034
S21401DE18D0B800BFE4660020CAB384460B4630B5C6
S21401DE2804460843800719D09CF800000C78A042E5
S21401DE3812D150B3012A28D0E64603E01CEB030FA3
S21401DE4823D010B31EF8010F11F8014FA2EB0E03F1
S21401DE58A04203F1FF33F1D0001B30BD032A07D8D7
S21401DE68E2E7043A11D01EF0803F0ED1032A10D9FA
S21401DE782068194653F8045BA446A0F1013E043411
S21401DE88A8422EEA000EECD0CEE7002030BD1046A0
S21401DE987047A4461946C7E780EA010C1CF0030F31
S21401DEA837D110F0030C20F0030021F0030150F8DD
S21401DEB8042B08BF51F8043B0ED08CF0030C6FF00E
S21401DEC87F434FEACC0C23FA0CFC51F8043B42EA98
S21401DED80C0243EA0C0300BFA2F1013C9A4201BFBF
S21401DEE82CEA020C1CF0803F50F8042B51F8043B36
S21401DEF8F2D04FEA02604FEA1222012828BFB0EB9F
S21401DF08036F08BF1B0AF4D003F0FF03000EC01A04
S21401DF18704710F0030F0AD010F8012B11F8013BD7
S21401DF28012A28BF9A42F4D0A2EB030070474DF8A5
S21401DF38045D50F8042B01F0030521F0030151F8A4
S21401DF48043B022D26D04DD822F07F45B5EB132F82
S21401DF58A2F1013C2CEA020C0DD11CF0803C08BF52
S21401DF6851F8043B0AD185EA0205B5EB036F0CD1DB
S21401DF7850F8042BE8E74FEA13235BE03CF07F4CAC
S21401DF8854D10B784FEA126554E04FEA126503F054
S21401DF98FF034FE04FEA0245A2F1013C4FEA15455F
S21401DFA82CEA020CB5EB134F18D11CF0803C08BFC5
S21401DFB851F8043B07D185EA0205B5EB034F09D1B1
S21401DFC850F8042BE6E75FEA0C4C2FD10B884FEA92
S21401DFD812452FE04FEA03434FEA12454FEA13432F
S21401DFE828E000BF02F0FF05B5EB136FA2F1013C74
S21401DFF82CEA020C0DD11CF0803C08BF51F8043BFA
S21401E0080AD185EA0205B5EB032F0AD150F8042B8D
S21401E018E8E74FEA13630DE012F0FF0F06D051F858
S21401E028043B4FEA122523F07F4303E04FF000003C
S21401E03820BC704705F0FF0203F0FF00012828BF47
S21401E048904204BF2D0A1B0AF4D0A2EB000020BCA4
S21401E058704700BF08B5064B044613B1002100F00F
S21401E068AFF8044B1B6803B19847204614F094FB9D
S21401E078C9E10100D04F0020002301461A46184680
S21401E08800F048B8032A30B415D941EA000484469A
S21401E0980B46A40704D0541E0FE0043A032A08D9F5
S21401E0A81946604653F8044B5CF8045BA542F4D065
S21401E0B8F1E760461946541E7AB1431E0139021922
S21401E0C801E09A4209D013F8010F11F801CF604513
S21401E0D8F7D0A0EB0C0030BC7047002030BC70476E
S21401E0E838B5074D074C2C1BA41005D0013C55F834
S21401E0F8043D9847002CF9D1BDE838401EF042BCD3
S21401E108846A0020806A0020014B1868704700BFA7
S21401E118E4660020F0B5264C83B006460F4625680F
S21401E12805B36C681F2C3FDCA6B1D5F8880048B348
S21401E138D0F800114FF0010C40F82420022E00EB15
S21401E14884020CFA04FC4CEA0101C0F80011C2F87A
S21401E158803010D0631C002002346B6045F82470B0
S21401E16803B0F0BD13491448216010B10068C1F826
S21401E1788800104DD5E7D0F8043143EA0C03C0F8FF
S21401E1880431E7E70D49CDE9002369B14FF48470FE
S21401E198FFF732FE40B100216C68C0E94011DDE9A5
S21401E1A80023C5F88800C5E74FF0FF30D8E700BF61
S21401E1B860500020D44F00200000000001DE01005E
S21401E1C82DE9F04FDFF8B49083B0D9F8006096B324
S21401E1D8884601907568D6F888706C1E2BD4013570
S21401E1E807F1800B06EB8505B8F1000F26D1736899
S21401E1F82A68013BA3423BD000232B60BAB1D6F86C
S21401E20804A05FB30123D7F80011A3400B4225D021
S21401E218D7F8040157F8241003422BD101989047E8
S21401E2287368D9F8002053451ED1B2421CD1013C6F
S21401E238043D631CD8D103B0BDE8F08F4FB15BF83D
S21401E24824304345D3D0013C043D621CF3D0002F53
S21401E258F5D1013CEFD3013CFBD2ECE7904773685C
S21401E268D9F800205345E0D0002AE4D01646B1E795
S21401E2787460C3E708469047D2E700BF60500020A5
S21401E28813B50446694619F0CBFA204619F00FFC77
S21401E298FF28024606D020469DF80010EFF718F82A
S21401E2A802B010BD0048FBE70080FFFF2DE9F041F2
S21401E2B88AB001AC05460B462746194A02F1200CDE
S21401E2C8264610685168083203C662453446F7D1B7
S21401E2D8002B08BF3B46002710681C4630603846AE
S21401E2E803F10C0690B95FFA87F84246284621885A
S21401E2F819F0FFFC50B942462846E18819F00AFD94
S21401E30820B942463146284619F016FD0137032F33
S21401E31806F1080604F10204E4D10AB0BDE8F0816A
S21401E32894910400F0B589B005460E4601F034FE16
S21401E338044600BB01AC06F10C070FCF0FC497E8E3
S21401E348070084E8070001A9284605F0F1FC2846DD
S21401E358311D19F08CFF044648B92846074901F0D3
S21401E3685DFA044618B9284601F0E0FD0446284639
S21401E3783168FFF79BFF204609B0F0BD8C91040079
S21401E388014919F0A0BA00BF25FF010070B5164E65
S21401E398032804460D4633781ED023FA04F202F009
S21401E3A80102AA421DD053B10122A240A54023EA88
S21401E3B802032B43DBB233704BB1012070BD2DB184
S21401E3C80A4B01201B6898473378EDE73570074BF1
S21401E3D800201B689847F0E79A07DED003F0FC0395
S21401E3E8E9E7002070BD00BF6D600020A052002044
S21401E3F8F8B505460C461EF028F8104F06463B7839
S21401E40833B1012D04D01CB90D481CF0E5FD3C7054
S21401E41821462846FFF7BAFF0A4B04461B783BB944
S21401E4283B782BB919F039FC10B1074B1B68984794
S21401E43830461EF005F82046F8BD00BF6E60002085
S21401E448745200206D60002034670020054A0B4690
S21401E458117831B100211170034A012152681878E8
S21401E468104770476E6000203467002038B5074DA6
S21401E47804462B78834207D001F0B8FC20462C705E
S21401E488BDE83840F0F7BCB938BD00BF6C60002065
S21401E49838B5044680B11DF0D8FF01210446084668
S21401E4A81CF00EFA01210B4A084615F053FE2046C9
S21401E4B8BDE838401DF0C4BF1DF0C7FF054621461C
S21401E4C801201CF0FDF901202146024A15F042FE02
S21401E4D82846EDE79F6704001B4B022910B5187004
S21401E4E802D0032904D010BD184B1B78002BFAD193
S21401E4F805F08CFB0028F6D04FF00052144BC3F8F9
S21401E5088020BFF34F8FBFF36F8F01F047FC0028C1
S21401E518E9D001F03BFA0028E5D10E4B1C6834B16E
S21401E52823689847BDE81040002001F053BC19F055
S21401E538C6F9094B18601EF074F8084B1860204697
S21401E54801F034FCEEE700BF526A00206C60002040
S21401E55800E100E0C45200209C520020985200209E
S21401E56838B504460D4605F051FB80B14FF0005210
S21401E578124B1A6001F012FC48B9012D07D8012088
S21401E58801F028FC0E4B1B6823B15B6898470D4BBE
S21401E5981C7038BD1EF045F80B4B1A68801A1860B7
S21401E5A81CF0C8FD4FF47A72084B1B6802FB00305A
S21401E5B819F087F9012001F0F9FBE8E700E100E02E
S21401E5C8C4520020526A0020985200209C52002013
S21401E5D8F0B585B01DF039FF344D04462B7823B1CC
S21401E5E833481CF0F9FC002852D11CF07FFD02AA22
S21401E5F803A919F03CFB0346002838D019F04BFB59
S21401E608029B98421CD100202A4B03991B682A4E6C
S21401E6189942307020D90027C91A012324482B7043
S21401E628264A3346CDE900771DF0D7FF002837D1B3
S21401E638234A1378D90701D53178F9B1204611E074
S21401E64819F027FB029B984228D00023184619493F
S21401E658194A0968137003910121FFF797FE0023F1
S21401E66820462B701DF0ECFE002005B0F0BD2046BC
S21401E6782B701DF0E5FE212005B0F0BD03F0FE036A
S21401E6881370002BDAD10F4B1B6898472046E9E731
S21401E69820461DF0D5FE0E2005B0F0BD0220B3E7DA
S21401E6A8032320462F703370F3E700BF6E60002007
S21401E6B87452002094520020516A002055E401004B
S21401E6C86D600020A052002070B51DF0BEFE184DEA
S21401E6D804462B7823BB174A17491370174B184A59
S21401E6E818481A60184A194E5A60F0F72DF8184952
S21401E6F81848F0F729F8184B80203360EDF7E4FD49
S21401E708052804BF154B3360154B5B6F03F4407344
S21401E718B3F5007F02BF0222124B1A6001232B7049
S21401E728F0F77AF920461DF08BFE002070BD00BF79
S21401E7386F6000206E600020B891040034670020E6
S21401E748D9E5010064520020F9E30100A052002037
S21401E758C09104006C52002075E4010099E40100A0
S21401E76800400050945200202DE9F0438F788046EF
S21401E7780F2F0C4685B003D9212005B0BDE8F083DC
S21401E78827B90123374A00201370F6E70D784E782B
S21401E798EDB9002EF0D194F90310E08802F00CFED2
S21401E7A82128E9D055EA0603A088DFF8C89013D0D7
S21401E7B802F066FE4FF60403B9F8002001469A42B5
S21401E7C84BD1AE42334638BF2B4600262DE0082DE6
S21401E7D8D2D8082ED0D8DEE702F052FE4FF604054E
S21401E7E801464FF60500204A136E9BB2AB4208BF9E
S21401E7F80346B1F5803FA9F800300FD90223082552
S21401E808136680230126C2F880302B4649084FF646
S21401E818FF720139914228BF114608E0802301267C
S21401E82808251666C2F880302B460029EFD100224B
S21401E83802920122013FFFB2009201972A4608F18F
S21401E848F80002F0C7FC1EB14FF48012074B5A6558
S21401E858074BA2681A60022394E703480266A9F8E0
S21401E8680030AEE77060002000C001B800D001B8E3
S21401E878AC520020D869002010B50446D0F81821FB
S21401E8880B4B4FF40061C3F8CC2090F82420D2013A
S21401E89802F4006205F0D6F894F8243013F0100F4D
S21401E8A84FF4007314BF034A034A136410BD00BF34
S21401E8B8003E00B0001002B8002002B8431C07D082
S21401E8C86FF0FF02034B10405A62A3F5805358625B
S21401E8D8704700BF00E000B8F8B504460F46164674
S21401E8E81DF0B3FD0546A047044620B128461DF095
S21401E8F8A7FD2046F8BD04F05FFA04220549D1F8C1
S21401E908F03E23EA07033343C1F8F03E024B1A648C
S21401E918ECE700BF003000B0002002B800F0180392
S21401E928182B0AD003070AD440F2011310F010007E
S21401E93818BF1846034BD86770470020FAE701202E
S21401E948F8E700BF003F00B0044B1868830654BFC1
S21401E958C0F30F204FF6FF70704700BF50530020DA
S21401E96838B10368044A002B08BF1346034A1360EC
S21401E9787047014BFAE700BF15790300406700208E
S21401E98810B4D0E9524122400B4052EA030104D0A8
S21401E99803495DF8044B096808475DF8044B70475E
S21401E9A8406700200F2938B505460C460ED801F0F9
S21401E9B833FA01280CD1074A2846936E23F00F0331
S21401E9C82343936619F0C7F9002038BD2120FCE7D8
S21401E9D80220FAE7003F00B0014BD86E704700BF2F
S21401E9E8003F00B0014B0020D9667047003F00B0D9
S21401E9F803282DE9F347884655D82C4B13F8009081
S21401EA082B4B1E5C2B4B13F800A01DF01EFD074672
S21401EA1804F01EF9054640B100230022CDE9003373
S21401EA2801200023002103F03FFF04F019F948B143
S21401EA3800230022CDE90033002000234FF40041D3
S21401EA4803F032FF6EB31C4BDC6C04F008041B4B5E
S21401EA583146DC64484604F00DFA524631464846CB
S21401EA6804F096FA164BDC646DB1164B1868D0F8AC
S21401EA789010F83003F008F813490868FFF71EFFEE
S21401EA884FF0FF330B60B8F1000F04D00F4B002195
S21401EA9803205B689847384602B0BDE8F0471DF08A
S21401EAA8CFBC3446D3E702B0BDE8F087D091040066
S21401EAB8CC910400C8910400004000B8006000B87A
S21401EAC8005000B85C5300203C67002034670020E3
S21401EAD80F4A136C13F0A00F15D1506C10F00400F8
S21401EAE813D10C4BD3F8F03E23F07F4323F0FF03FA
S21401EAF85BB1D368C3F30362092A07D0B2F10C00ED
S21401EB0818BF01207047002070470120704700BFDA
S21401EB18000002B8003000B070B50D46064620B9B0
S21401EB281A4B1B68A3B10E2011E001F075F90128F4
S21401EB3829D1174B93F90040C4F12704641BC4F18B
S21401EB481C03002BB8BF5B42232B0CDD212070BDB4
S21401EB58A1F10B03002BB8BF5B42232BF6DC0C4B51
S21401EB6819700020F3E786F826501DF06EFC094A56
S21401EB78E402136A04F4FF2423F4FF231C431462FB
S21401EB881DF05EFCEDE70220E1E700BF5C530020C4
S21401EB987160002000C000B818B9034B93F9000053
S21401EBA8704790F9260070477160002010B5FFF78E
S21401EBB863FE03F0A7FB1DF048FC0A4A0121D2F8C0
S21401EBC8C83E044623F02003C2F8C83E0222064B7C
S21401EBD808469A60054B5B68984720461DF030FC4E
S21401EBE8002010BD003000B0001002B834670020C5
S21401EBF8094B08465A6A91020BD4D3F80021D2076A
S21401EC0808D4D3F8803013F4706F14BF01200020A5
S21401EC1870470120704700BF004001B8F8B50D469F
S21401EC28D0F8903002EA010423EA01032343C0F82E
S21401EC3890303D4A01F00B0323EA0401D1642340D6
S21401EC48A2F580526F070646D36410D50121FFF757
S21401EC58CFFF60B104F0B0F84FF4007314F0040F5E
S21401EC6814BF324A324A53620422324B1A64E90606
S21401EC7806D514F0100F14BF00221B222E4B5A651E
S21401EC882A061DD5230616D54FF40012274B1A62FD
S21401EC98012203F58053C3F800211DF0D6FB0E218F
S21401ECA80746032002F040FE40F20122224B384676
S21401ECB8DA621DF0C5FB214606F1F80002F0E4FE13
S21401ECC8EF0503D5E00529D502F0FEFDA90503D514
S21401ECD8A20526D502F004FE15F0600F09D0D6F875
S21401ECE8E410304618F013FE8022144B9867144B34
S21401ECF81A612B0510D504F05FF8124A14F4006F58
S21401ED08D2F8F03E14BF43F0006323F00063C2F864
S21401ED18F03E0422074B1A640020F8BD02F0CEFD2F
S21401ED28D4E702F0D7FDD7E7006000B8005001B875
S21401ED38006001B8002002B8004000B8003F00B0EB
S21401ED48000002B8003000B0014B1868704700BFD9
S21401ED58B852002037B51DF078FB002401230022A5
S21401ED68CDE90034002305461946104603F09CFDFC
S21401ED78022002F003F9064B21461C60054B0220CF
S21401ED885B68984728461DF05BFB204603B030BDFC
S21401ED98C0520020346700202DE9FF4102290D46A4
S21401EDA816469846039004D1FFF7D4FF04B0BDE891
S21401EDB8F0811DF04AFB1E4F04463B683BB1B34247
S21401EDC805D01DF03DFB002321203B60EEE7194BE3
S21401EDD80022C3F800803E60002301264FF0000899
S21401EDE810461946CDE9006603F05EFD124B022077
S21401EDF883F8008002F0C2F843462A46022003A997
S21401EE0802F0DAF80D4B039A1A6008B92046D8E7DB
S21401EE180B4D2B689847212804D020461DF010FB7F
S21401EE280020C3E731466B6802209847F5E700BF24
S21401EE38C0520020BC52002073600020B852002047
S21401EE4834670020044B5B6E5B054EBF0120034B05
S21401EE58187800F00100704700C001B87360002000
S21401EE680A78022A11D0101F4242424152004B78BA
S21401EE781201022B0BD0191F4B424B415B0005496F
S21401EE88054842EA8312FFF727BD0122EFE701236F
S21401EE98F5E700BFF0FFFF0069FE01000B78022BC3
S21401EEA810D0181F434243415B004A78022A0BD010
S21401EEB8111F4A424A4152000F21044843EA82027E
S21401EEC8FFF70ABD0123F0E70122F5E795FE0100E9
S21401EED82DE9F8430E780446042E0D4690F8248151
S21401EEE80BD100275FFA87F9484601F0BBFC08B149
S21401EEF84E4602E00137042FF4D1304601F0B2FC49
S21401EF08002849D094F82431B34209D1AA88D4F804
S21401EF18A4309A4204D16A88B4F826319A4238D085
S21401EF2884F82461AB883046A4F828316B88A4F8A5
S21401EF382631AB8804F59275C4F8A430FF2384F80B
S21401EF48293018F086FF84F82800284601F04AFC84
S21401EF5818BB284601F07CFCF8B9D4F8E03053B168
S21401EF6894F82411414506D02046B3F91220EEF74D
S21401EF7837F984F82D01204601F0B8FC0949A4F8B0
S21401EF8828010123084AD1F8FC1004F1F80003F01F
S21401EF9883FA0020BDE8F88321200C2384F8243165
S21401EFA8F8E700BF004F00B0A43F00B070B50546B3
S21401EFB890F824010C460C281FD0FF2901D12120E6
S21401EFC870BD1AB14FF0FF320D4B1A6018F041FFB1
S21401EFD8064695F8240101F07BFC844228BF0446C6
S21401EFE8E4B2B44238BF3446E0B285F8290001F0ED
S21401EFF879FDFF28E3D00020E2E70220E0E700BF22
S21401F0084467002010B590F8243104460C2B44D0F0
S21401F018D0F8E03080F82810DBB3D0F8F020D2B969
S21401F02890F82D318B421CD300222046FFF7BEFFF5
S21401F03848BB1B4B1B7813F0FD0F23D1204601F06C
S21401F04855FC18490123184AD1F8FC1004F1F800B8
S21401F05803F022FA16E0B0F94020B3F912309A42CA
S21401F068E2DD0022204694F82D11FFF79FFF50B9E4
S21401F078C4F8E000204619F096F84FF6FF73984258
S21401F088014601D1002010BD2046BDE8104004F01D
S21401F09877BFFF2380F82930F4E70220F3E700BFA3
S21401F0A8DC690020004F00B0A43F00B0F0B51D4653
S21401F0B8144B04461B780F46164685B05BB1D0F84C
S21401F0C8E030E3B102AAB3F912300092002214F03C
S21401F0D856F905B0F0BD02A918F0A2FB9DF8081074
S21401F0E83A462046EEF77CF8014626B92A462046D7
S21401F0F8FFF75CFFEDE72046FFF784FFE9E71846D0
S21401F108E7E700BF77690400D0F89830012B01D1F2
S21401F1180020704770B5054650498EB018F0ECFED1
S21401F128D5F8E0600146AC8DC5F8E40026B1336831
S21401F13813B15B68002B6BD11DF087F91DF080F9C0
S21401F1480123D5F8E4108DF80E30B389D6E90120ED
S21401F158E31A9BB200FB03224148ADF80C30036862
S21401F1680292994207D0284618F0D1FB80223D49E1
S21401F1783D4B88671A613D4C3B4E00F04DFE012819
S21401F188FBD1236CD907F8D4336CDA01F5D4D5F85A
S21401F198E41028460D919DF80E20029908AB02F05E
S21401F1A837FE002831D100F037FE0128FBD12E4A60
S21401F1B82E49136CDB01FCD40B6CDE07F9D408A9C5
S21401F1C801A803F047F800BBAA8D294B5A6495F8A5
S21401F1D8243060F3410385F8243018F0E1FDD5F8B2
S21401F1E8E03002465B691968431EDBB2FD2B0491C9
S21401F1F814D9CC1C12D91F4B01311B6815D0D81C49
S21401F20810D8284604A904930AE002200EB070BD5F
S21401F2181A68032A90D99B6A5B0E94E7284604A9C4
S21401F22818F0A8FD00200EB070BDD91C04D82846D9
S21401F23804A9049318F09EFDD5F84C319B0506D415
S21401F24895F8243043F0020385F82430EAE7284687
S21401F2584FF4803118F0D7FFE4E700BFFC4F00B049
S21401F268A8520020003F00B0000002B800C002B853
S21401F278008001B85067002010B50C4619B118F087
S21401F28835FD00B10434204602F0FAF8024B40423C
S21401F298C3F8E00E002010BD003000B0438E70B5F4
S21401F2A893420C4615461CD3436C8B4208BF002478
S21401F2B81DF0CBF84FF49C530B490646CA68C2F3B7
S21401F2C80362D340DA0702D50B6C9B0304D40122F0
S21401F2D82946204601F05CF830461DF0B1F80020BA
S21401F2E870BD2120FCE700BF000002B82DE9F84FE9
S21401F2F8074615460B4611B92120BDE8F88F002AA6
S21401F308FAD0032905D8002201F0ACF903460028F3
S21401F318F2D01C889A78B4F5804F02F0070180F085
S21401F328CE80A1F1070C187993F805B0DE88DCF1D8
S21401F338000343EB0C0305292B7394BF0023C2F388
S21401F3480013C2F3801C6B73930985F810C003F091
S21401F3580203C2F3C00C43EA0C03C2F34012E8747A
S21401F3686B74AA74D7F89030AE82D80600F19380F1
S21401F3780639012900F28F80B7F81290D7F81C8059
S21401F38809F1FF394F4B083C04EA09045B6D18F88C
S21401F39804300021802B0CBF6FF07F03323B04F151
S21401F3A8010418BF5BB204EA0904AB73631D03EAE0
S21401F3B809035A1CA96002EA090218F8022018F87B
S21401F3C8036097F825A046EA022636B2BAF1000F7E
S21401F3D85FD1F10456D5D7F8E43013B11B68022B78
S21401F3E805D841F24D724C21002004F0F7FDD7F8FC
S21401F3F8E420C6F30B0392F82420DB000AB1B3FB22
S21401F408F2F39B4508D83BB1CBEB0B2BBBFBF3FBCD
S21401F4186FEA0B0B5FFA8BFAD7F8EC3023B150463C
S21401F42895F90E1098478246013485F80FA004EA2C
S21401F438090418F80410013404EA090418F8043019
S21401F448013404EA090441EA032118F804300134B6
S21401F45804EA090441EA034118F8043041EA036161
S21401F46816F4804305D0184BDB6EB3FA83F35B09B9
S21401F4785B0038466A7C03F0CBF806232860AB713C
S21401F48800203AE718F804A04FEA4A0A5FFA8AFA0F
S21401F498C2E78A46C8E700230020EB730B4BDA69FC
S21401F4A8C2F30723120448BF63F0FF035AB212F1EE
S21401F4B8800F1CBF323B5AB2AA730346DEE702200E
S21401F4C81BE700BF004000B8003F00B000C000B80E
S21401F4D806238B7190F8253043B1054BD3F8C42029
S21401F4E80B6802F01F0203EBC2030B600020704793
S21401F4F8003E00B011F5004F1FBF01F30E01044B8B
S21401F508C1F30E01002014BF99642120704700BF83
S21401F518008001B8F8B504460E4619B990F82430AB
S21401F5285A0647D44FF6FF73218ED4F8E4709942F1
S21401F53804D0354B1B680BB120469847334D2B68D2
S21401F548BB4255D0324B1B683BB11FB13A68002A03
S21401F55850D0BF683946204698470727204601F00D
S21401F568C5F9002E3AD004F0C7FA0620294B94F9BB
S21401F578262093F900302849C3F127039B1A0A6A03
S21401F588DB0222F4FF2203F4FF2313430B62D4F8B1
S21401F598E420224B2A60986701F01CFB0025012114
S21401F5A81F4A204B1170204683F8845018F0D3FB6D
S21401F5B82846F8BD4FF6FF71144DD0F8E4702A6856
S21401F5C866F386139742018680F8243017D0104BCD
S21401F5D81B68002BB9D101F089F9072712493B4668
S21401F5E8124AD1F8FC1004F1F80002F055FFBAE708
S21401F5F80127B3E71746204639469847ADE701F095
S21401F60875F90127EAE700BFB4520020A852002086
S21401F618B05200207160002000C000B8006000B839
S21401F62872600020003F00B0004F00B0A43F00B059
S21401F638054A12681AB190F81E1119B910470846FA
S21401F64802F092B901487047A452002000FEFFFF5D
S21401F658334B2DE9F7431C6801F4007900F00103E8
S21401F668174653EA090206460D4632D04FF00008FF
S21401F67823B30023002201200021CDE9008803F0EE
S21401F68813F941462046FFF7D3FF01224146E0859C
S21401F698104618F03AFDD4F8901004F1F80002F07C
S21401F6A8F3F920490868FFF709F94FF0FF330B60B3
S21401F6B894F8243043F0040384F82430B9F1000F99
S21401F6C807D00121204618F09EFD25F40075064353
S21401F6D80D432B4632462046FFF752F9FB070FD556
S21401F6E81149124A08680021136811600121104A5D
S21401F6F8117003B198470F4B002102205B689847A9
S21401F70817F00E0F08D04FF409723B21002003B002
S21401F718BDE8F04304F062BC03B0BDE8F08300BF67
S21401F7285C5300203C670020BC520020C0520020D9
S21401F738736000203467002008B558220021064867
S21401F748FEF754F91022FF210448FEF74FF904F09A
S21401F758D3F9002008BD00BFF43E00B0383F00B022
S21401F76873B574210C236D22A0F81411822180F838
S21401F77824314FF6FF734FF0FF35C0E941120026DA
S21401F788C0F8002164220446838580F82A301E4B7F
S21401F798C0E94322C36300F1480343641B4B80F866
S21401F7A82660C0E90C35C0F8A450058503F060FA58
S21401F7B82046FFF7C1FF94F926102046FFF7ACF95B
S21401F7C86023134A40F6FF71D3644FF03A4211633F
S21401F7D81167104A2946D36440220F4B20461A6403
S21401F7E8D4F89020FFF71AFA0E230022CDE9003349
S21401F7F840F202231046194603F056F801F046F87F
S21401F808304602B070BD00BF0700FFFFFFFF400093
S21401F818004000B8005000B8002002B810B50C46E9
S21401F828FFF78AFFCCB1A378082B18D8E278082A04
S21401F83815D843EA021313F0FF030CBF1946616893
S21401F848084AC2F8F410217882F84811617882F8DB
S21401F8584B3182F8491104F04FF9002010BD2120E0
S21401F868FCE700BF003E00B0012A10B512D8032BF2
S21401F87810D803EB82020123074C934094F84A01FF
S21401F888DBB221B10343002084F84A3110BD20EAD7
S21401F8980303F8E72120F9E7003E00B0044BD3F84C
S21401F8A8F03E13F0806F14BF23200020704700BF7E
S21401F8B8003000B00246F8B5B0F8284100F1F80566
S21401F8C8FFF7ECFF0B688E68013304BFD2F80031EE
S21401F8D80B604B68013304BFD2F80C314B60771CC0
S21401F8E83BD1D2F80831CF688B607E1C3CD1D2F868
S21401F8F804610F69CE60013704BFD2F8F8700F6152
S21401F9084F69013704BFD2F8FC704F618F69013720
S21401F91804BFD2F810718F618F6967BBC0F16404A8
S21401F92808688C6110B16D2838BF6D20C2F808319F
S21401F9384B68C2E94006C2E943340B692846C2F857
S21401F948F8304B690F49C2F8FC30D1F8FC10072390
S21401F9580D4A02F0A1FD0020F8BD04F16D031B1A43
S21401F968B34238BF3346BEE704F17406361ABE42C0
S21401F97838BF3E46BDE76D34241ABC4238BF3C4604
S21401F988CEE700BF004F00B0A43F00B070B51CF032
S21401F9985CFD05460B4E00F03FFA012805D02846C7
S21401F9A81CF04EFD0224204670BDF36813F0706FFC
S21401F9B8F1D1F46814F08054EDD128461CF040FDCE
S21401F9C8F1E700BF000002B838B51CF03EFD4FF65F
S21401F9D8FF710A4A13888B4203D11CF031FD0E20B1
S21401F9E838BD074C074D1B046566A4F5805463664D
S21401F9F811801CF025FD0020F2E700BFDA6900201F
S21401FA08006001B80000FFFF2DE9F74304460F46E2
S21401FA1815461E46FFF75CF838B3A38A2BB3204673
S21401FA2817F040FF78B9744BD3F8F02E1EB10E20AC
S21401FA3803B0BDE8F08302F03003102BF7D002F0D4
S21401FA48C002402AF3D0DFF8E08102F05BFCD8F868
S21401FA581430DE07EBD51CF0F8FC0646032001F04F
S21401FA688BFB20B130461CF0EBFC0220E0E7D8F80F
S21401FA78142012F00608F5D130461CF0E1FC5E4B66
S21401FA884FF400612046D3F8F09ED3F8D06E03F009
S21401FA98EDFF40B14FF400720121584B08461A6435
S21401FAA8424618F032FB3946204604F069FA524BB2
S21401FAB8C3F8F09EC3F8D06E0028B9D194F8243064
S21401FAC8980601D4002D57D0C5F3400003F03AF943
S21401FAD8022315F4807F1FBF494A002113644FF0A3
S21401FAE83A420BBF454A91611364536303F064F9C4
S21401FAF84FF4806315F0040F14BF424A424A15F0CA
S21401FB08400F53624FF004023C4B28461A644FF0EC
S21401FB18400314BF3D4A3E4AC2F88830FEF7FEFE4F
S21401FB28204617F0E9FF38B14FF4807315F0010F3E
S21401FB3814BF334A314A1364A90646D54FF6FF72F5
S21401FB48E38F93420FD0334A3349526E100CC2F3F7
S21401FB5801120132B3FBF2F308802A4A2A492F48D8
S21401FB681B0448665366003D18BF012594F82430E7
S21401FB7865F3451384F82430204618F0B7F8F0B139
S21401FB88204617F0B9FFD0B14FF40031204603F0F4
S21401FB986DFF431C03229BB2214801A918F046F9C0
S21401FBA89DF8042002F00703052B9DF8053015D1B2
S21401FBB812070DD443F480731A4AC2F8D8300020CD
S21401FBC803B0BDE8F04318F03EB9FFF7FDFECAE7FB
S21401FBD813F0040F09D19DF80630EBE703F0300265
S21401FBE8202A05D113F0010FF4E74FF48073E3E7F9
S21401FBF89DF80630E0E700BF003000B0002002B8EC
S21401FC08001002B8005001B8006001B800D000B872
S21401FC1800E000B8004001B8DA6900200000FFFFE4
S21401FC280C0000BA003E00B000C001B82DE9F3414F
S21401FC380646884615461F461CF007FC0446032060
S21401FC4801F09AFA38B120461CF0FAFB0E24204639
S21401FC5802B0BDE8F081042001F08EFA0028F2D146
S21401FC6820461CF0EDFB01232A4641463046FFF7A5
S21401FC78CBFE04460028EAD1DFF8C8805FB388F8CF
S21401FC88000039463046FEF76FFD00284CD198F83B
S21401FC980030012B1CD02022244B1A64244B9B6F66
S21401FCA8B3F5817F1FD2012018F0E6F81CF0CDFBD2
S21401FCB8204B06461B680193CBB901F0DDFA15F017
S21401FCC8800526D101F01CFB284603F00FF825E035
S21401FCD803F022F8BBE798F80030012BF8D0002B88
S21401FCE8D9D12124B3E78022134B1A61DBE704201C
S21401FCF801F044F900230122042001A901F05CF96E
S21401FD080028DAD103F070F8212430461CF098FB5D
S21401FD189DE70022094B9A6701F0F2FA084B012188
S21401FD285B6800209847F0E7044690E7001002B8A1
S21401FD38003F00B0AC520020000002B800C001B875
S21401FD48346700207060002008B50B4BD3F84C11BF
S21401FD584B1C10D011F080410DD1084B1B6813B114
S21401FD680320FEF745FE4FF08062054BDA64012258
S21401FD785A6102229A6208BD0080E00F5C53002097
S21401FD88001002B84FF40022034B186C03F5005319
S21401FD981A64C0F3C0407047000002B8024B5869A5
S21401FDA800F00100704700BF00C001B8084B5A694F
S21401FDB8D10707D508B901F0BDB85B69DA0706D4DB
S21401FDC801F0AAB85B69DB0701D40028F8D17047AF
S21401FDD800C001B84FF0806310B1024A5361704702
S21401FDE8014AFBE7001002B8002002B8202350B1F0
S21401FDF8064AC2F8F433064B196C11F0010104D116
S21401FE08032002F093BA034AF3E77047001002B8DA
S21401FE1800C002B8002002B80F4BDB68C3F30363C7
S21401FE28013B0B2B0FD8DFE803F006060C06060687
S21401FE3806080A08080802207047042070470520AB
S21401FE48704703207047054B5B6913F0060F0CBF1C
S21401FE5801200420704700BF000002B800C001B8A6
S21401FE68094AD368C3F303630B2B08D06FF4905089
S21401FE78184100F0010080F0010040007047106C46
S21401FE8810F48030EDD17047000002B80C4AD368F0
S21401FE98C3F30363062B07D8042BD8B20BD8C31EAB
S21401FEA85842584140007047072B06D1D2F8440102
S21401FEB80028ECD17047022070470020704700BF29
S21401FEC8000002B8094BDB68C3F303639A1E012AD4
S21401FED88CBF00220122012B02701EBF4FF4026262
S21401FEE822FA03F303F001030B707047000002B80F
S21401FEF8094AD368C3F30363032B01D0072B08D140
S21401FF08536CDB0605D4906C80F00800C0F3C00083
S21401FF1870470020704700BF000002B8024B00225D
S21401FF28196817F0C6BE00BF1092040010B5FF226C
S21401FF384FF6FF71044617F0DCFE68B9FF224FF64C
S21401FF48FF71204617F0E6FE30B92046BDE810409E
S21401FF58FF22024917F0F0BE10BD00BFD891040079
S21401FF6810B55B0743EA02439DF8082043EAC163DC
S21401FF78520502F0BC621A43064942F4C8720446A6
S21401FF8803F060FD002220461146FFF787F900209E
S21401FF9810BD00BF9007E12D37B50C460546094A46
S21401FFA809490A4801F038FB94F828302846009396
S21401FFB894F82B3094F8292094F82A10FFF7D0FFEC
S21401FFC803B030BD749204007C920400449204008D
S21401FFD808B5FFF78DFF88B1094BDA6912030DD50D
S21401FFE8186C10F4003009D19B6C13F0100F4FF009
S21401FFF810030CBF034A044A936408BD0220FCE7B9
S214020008000002B8001002B8002002B8034610B575
S21402001800B3124AD16909031ED5546CC4F381147D
S214020028032C15D0022C17D122460D49B1F8D4005C
S21402003801F10061801A01F5357101441846FDF791
S21402004865FE064A0472926C120A4272002010BDBD
S2140200580822EAE72120FAE70220F8E7000002B8B9
S214020068003E00B00A68064B12F0802F1CBF42F210
S2140200780101C3F82812C3F88822C3F88C227047F5
S214020088004001B8F0B585B06C460E460B4B0746E5
S21402009815460FCB84E80F00094BD3F84822009286
S2140200A826B16B1EDBB2FD2B88BF32602A4621467C
S2140200B8384617F05FFE05B0F0BD00BFE0910400B9
S2140200C80080E00FF0B585B06E460D4B07460D462C
S2140200D80FCB86E80F0017F063FE31460446024649
S2140200E8384617F0A9FF4DB140B9FF2C1BBF04AB29
S2140200F803EB8404009B54F8103C2B6005B0F0BD5B
S214020108E091040030B50823054685B080B9094A4F
S214020118C2F8FC3351B96C46074B0FCB84E80F0084
S214020128064B2A4621461868FFF7ACFF05B030BDD5
S214020138034AEDE7001002B8F09104005C53002071
S214020148002002B84FF03A43D3F81421D2031ED542
S2140201584FF480320E49C1F81421A1F58051C1F836
S21402016818215A6DD1B2C2F30722C3F8A410C3F8F5
S214020178A4200422C3F8A4200022C3F8A420C3F8AB
S214020188A420C3F8A420C3F8A420C3F8A420704768
S214020198002000BAF0220B4B01219A64A022A3F594
S2140201A880539A644FF03A43426CC3F8F410FC2129
S2140201B8C3F8CC10C3F8D0204FF40052C3F8F0208E
S2140201C8704700BF006000B8F8B50D464FF03A44D5
S2140201D8174606461CF039F901230421074A6363C9
S2140201E8E76026616561C2F81411054AC2F88431CF
S2140201F81CF026F90DB102236363F8BD002000BA8D
S21402020800E100E02DE9F04105460124006800F00F
S2140202180700063004FA00F3A868EC685E1EA042DF
S21402022862D000EA060E6C6810441E430640A3EB32
S2140202380E000EEB040C8242644618D9D31A0EEB53
S214020248030298B1431E052B04D94B1CACEB0303DF
S214020258022B59D80B460844ACEB010E03EB0E01F1
S21402026813F8014B83420C70F8D101466C688AB1C8
S214020278531E052B01F1010302D9E01A022812D8EF
S2140202880A44611E00E0013313F8010C934201F898
S214020298010FF8D11CF0D9F80223AE60AB62BDE8B4
S2140202A8F0411CF0CDB80B46204622F0030E8E44D1
S2140202B853F804CB734540F804CBF9D122F0030374
S2140202C8D01A920701EB030C04EB0307E2D0CA5CD0
S2140202D80128E254DED09CF8013002287B70D9D07F
S2140202E89CF80230BB70D5E7042A35D90878043A58
S2140202F8A86148780431A86111F8020CA86111F8BF
S214020308010CA861A8688CE70B4620F003070F4487
S214020318ACEB010E1C684EF803400433BB42F9D11D
S21402032820F0030310F0030F01EB030EA0EB030407
S2140203380CEB030728D011F80380012C0CF8038075
S21402034822D09EF80130022C7B7018BF9EF802302D
S214020358084418BFBB7088E7013A032A12D8DFE8B8
S21402036802F00F1507020B4613F8012B1946AA616D
S2140203780A4612F8013BAB61114611F8013BAB6124
S2140203880B78AB61BDE8F08108446EE70A46F3E7EE
S21402039838B50B46154601464FF03A4468B1012275
S2140203A81048C4F8F4201A46FFF72CFF25B14FF080
S2140203B83A430422C3F8F42038BD73B1D4F8D820DF
S2140203C89A4284BF0122C4F8F4204FF03A42C2F897
S2140203D8D4300223C2F8F430E8E70123C4F8F43034
S2140203E8E4E700BFCC0000BA38B504461CF02DF886
S2140203F84FF03A420121238F054651674BB3B3FAB1
S21402040883F3C3F11903DBB2A069C2F8B410C2F8C9
S2140204188C300723C2F89000C2F8B0304FF4A023FD
S21402042802F50052C2F81431A2F58052C2F8183109
S21402043800220C4B1A600C4B1B6C5B0209D54FF45E
S21402044880020A4B04F1F8001A64D4F8901001F0FE
S2140204581BFB0023638707232846A387BDE838408B
S2140204681BF0EEBFC8520020000002B8002002B8F7
S2140204782DE9F84305460C46B1B1D0F81880078F27
S2140204881BF0E3FFB5F83AC0791E01EA0C0323F025
S2140204980702032C0646DFF8F8E042445ED1DEF88F
S2140204A8004024B91BF0CCFF0E20BDE8F88324F0E8
S2140204B80104DEF8000020F00100A04253D1002318
S2140204C8CEF80030238894426FEA43436FEA5343D8
S2140204D823803ED1AB8F08EB07091846083880B24E
S2140204E802F108044C4528BF4446082804D9B4F843
S2140204F800E0BEF5804F40D263440F431B1A3B40D0
S2140205089BB26B87A887947811884FF03A42C1F35A
S2140205180C019165C2F89830C2F8B0004FF48022F8
S214020528174B04F00704C3F814210122154BC3F82D
S2140205388421FFF707FE042C0BD14FF48002124BDE
S21402054805F1F8001B6C114B1A64D5F8901001F0EF
S2140205589BFA30461BF074FF0020A6E7601E0128AF
S21402056898BF1446A5E7A88F4344E31A48BFDB1989
S21402057808389842A6DC304694E72246AEE700BF23
S214020588002000BA00E100E0000002B8002002B82D
S214020598C8520020154B10B519688A8F4B8F088FE2
S2140205A813440138073B8C69034023F007031C44B5
S2140205B802F108034FF03A429BB28B87C2F8B0307A
S2140205C84FF480220A4BC3F814210122094BC3F8C0
S2140205D88421A07800F00700042803D1064AD368CD
S2140205E81B03FCD4054B1C6010BD00BF5C530020E7
S2140205F8002000BA00E100E0000002B8C85200205D
S21402060810B5064C216839B1CB0703D4044B1868D9
S214020618FFF72EFF0023236010BD00BFC85200203C
S2140206285C5300204FF480320C4B0D49C3F8182156
S2140206384FF03A43C1F81421D3F8AC10D3F88C2003
S214020648012302F0070206329340C1F30C01083B6D
S214020658994201D8FFF776BD704700BF002000BA5E
S214020668001000BA2DE9F04780460C461646876900
S214020678058F1BF0EAFEB8F83A2005F1FF3C02EABD
S2140206880C0323F00701032C82463944B8F83C00D1
S21402069819D14A4C24689CB90244073A02EA0C0269
S2140206A822F00702BC183B44E31A48BF5B19834290
S2140206B810DB50461BF0C4FE00242046BDE8F08737
S2140206C824F00104EFE7012C02D0022CEBD1083803
S2140206D80C46E8E7002E3FD08C4241D14FF03A4212
S2140206E8D2F858904FF03A41D1F8AC20B8F81270C8
S2140206F8C2F30C02934247DA2588B5F5804FD8D262
S214020708A378C5F30C0503F007037A1EA5EB0905C3
S2140207183A43052B337005EA02052DD82DB2E84375
S21402072840F241420421C00F03F058FC7580E3787A
S2140207383374D8F81C207B1E03EA0903D118B1606B
S214020748A9B213FA85F5AF422FBF0023FF1AB78066
S214020758F26024BFB180F36050461BF071FEACE72E
S214020768A4F10802974284BFED0802EBC502B2F86C
S2140207780090C9F30C09B5E7114B5B6D003B18BF37
S2140207880123A5EBC305C9E74B6D7A1EA3EB090344
S2140207983A431A400B4915B2002DCB680BDCC3F35B
S2140207A80363D81E43424341DB0033708B6C72806E
S2140207B81B0A3374BDE70823F7E700BFC8520020B8
S2140207C8004000B8000002B8054BA822D3F84C0136
S2140207D83121431C0CBF0120C0F3807003F0FEBB1E
S2140207E80080E00F38B5134D0446297819B920223F
S2140207F81148FDF7FBF86188104A237851800021DA
S21402080813700F4A022BC2F8CC104FF0FF010D4AA4
S2140208180D4B11704FF007010C4A4FF00000C2F85A
S214020828FC130CBF04220122C3F8FC2301232B70FD
S21402083838BD00BF74600020E03F00B0DC690020CD
S214020848004001B8556A0020001002B8002002B81D
S214020858034B1A6802609B8883800020704700BF9B
S214020868DC69002010B5044600F03AFF064BD3F8C0
S214020878F83724B983F40033C3F3404010BDA31EEF
S21402088858425841FAE700BF000002B84FF63F72D6
S2140208980A4BD3F8FC37934206D0094AC3F301132E
S2140208A81370E022074B1A7041F66A02064B1B6861
S2140208B8B3FBF2F3054A1360704700BF000002B8A4
S2140208C8566A0020576A0020E8520020CC520020C0
S2140208D820B1022804D1034B18787047024BFBE775
S2140208E800207047566A0020576A00202DE9F74F05
S2140208F8D0F8A4204C21022A38BF0222064690F8D5
S21402090824B16B48013A036AD0F8CC506948C3F35D
S2140209188213D9400368DFF8C0A19342DFF8BC917E
S214020928654BDFF8BC8101F0010116D11C788C42B8
S21402093813D19AF800405C450FD1D6F8A84064B1A6
S214020948AC420AD196F8295099F80040A54204D13B
S214020958B8F8040003B0BDE8F08F98F800400260CB
S21402096820461970FFF7B4FF002900F08880042398
S2140209784FF07F4000255149C1F8B830504BC3F8B4
S214020988B80096F829301B06C1F8B8304FF08051E7
S2140209984A4B2C04C3F8B41040F27121494B1B6829
S2140209A8B3FBF1F319215343182BB3FBF1F173D8B8
S2140209B8002C7BD0B4FA84F2C2F12002C2F10F03F3
S2140209C8012B38BF0123D440A14201D2013B64085F
S2140209D86A1C03F01F0152008A403B4F121B920802
S2140209E8C7F8B0201A0242EA03121343019305EB32
S2140209F8052305EB0325354B40F6970218682B218D
S214020A08003818BF012003F0E9FAFA222F4B02FB3E
S214020A1804F01B6840F6FF72B0FBF3F00A23584353
S214020A282B4B00F57A74C3F8C420019AA3F58053B9
S214020A38C3F8C420A3F58053C3F8CC50D3F8CC30FF
S214020A4800F58C50C7F8FC30C6F8A850214D143073
S214020A582C6001F0ABFC4FF47A72C7F8A400C7F812
S214020A68F8002B68B4FBF2F0B3FBF2F3A8F80430F4
S214020A7896F829308AF800B089F800306AE7002C20
S214020A8814BF1025202596F82930834294BFED1806
S214020A982D1805F0FF0579E7B1FA81F234B1B4FAF8
S214020AA884F3D21A002A89DC0F238DE70F238FE7F7
S214020AB8004001B84467002075600020001002B8A4
S214020AC8002002B8E8520020003F00B0CC520020B6
S214020AD8006001B8D0520020546A0020536A0020F1
S214020AE8DC69002010B5114B01461B78104C0C2B04
S214020AF802D1FF20207010BD184617F0AAF9024648
S214020B081846FFF7E5FE884228BF0846C0B290425C
S214020B1838BF10462378C0B28342ECD0054B20700B
S214020B281868FFF7E3FE2078E5E700BFDC690020D7
S214020B38556A00205C53002010B5044603F066F898
S214020B4878B1154B1B786BB964B1144B1B784BB153
S214020B58134B1B78013B012B04D84FF40042114B70
S214020B68DA6410BD104BDB6C1B04FAD41BF06DFC68
S214020B78044602F021F94FF400420C4B2046BDE829
S214020B881040DA6402220A4BC3F87C240422054B7E
S214020B981A641BF055BC00BF766000207760002000
S214020BA8D4520020002002B8000002B8001002B892
S214020BB800D003500122024B00201A70FFF7BCBF78
S214020BC8766000200022024B01201A70FFF7B4BF9D
S214020BD8766000204FF48022014B9A64704700BF6B
S214020BE8005000B8F7B50646544C00F079FD0121CE
S214020BF83A20EBF70BFA524B2578524F1E7085BBFC
S214020C082846FFF799FF2378013B012B19D8E37B87
S214020C1801A88DF80430237C8DF80530E9F7FCF935
S214020C28C7F87C544FF6FF72474BC3F88420F82265
S214020C38A3F58053C3F884200022424BC3F87C24D1
S214020C480DE04FF6FF72404BC7F87C54C3F8842079
S214020C58F822A3F58053C3F88420C7F87C543B4B8C
S214020C685BE00020FFF768FF2378013B012B08D8DA
S214020C78E37B01A88DF80430237C8DF80530E9F76C
S214020C88CBF90023C7F87C34002ECBD062685AB35F
S214020C982F4B1B6803EB5203B3FBF2F3013B1B0219
S214020CA843F0F80326782849022E2A4A1ED0032E35
S214020CB84FF6FF75234826D0012E38D143F002039B
S214020CC8C1F88450C2F884300723C0F87C34E37B2A
S214020CD801A88DF80430237C8DF80530E9F770F901
S214020CE80120FFF729FF17E0F823DBE74FF6FF702E
S214020CF843F00103C1F88400C2F884300622114B7F
S214020D08C3F87C24E3E743F00503C1F88450C2F82D
S214020D1884300423C0F87C340F4B4FF08042002006
S214020D28DA644FF480220B4B9A6403B0F0BDC1F824
S214020D388450C2F884300023ECE700BFD452002067
S214020D487760002000C00350006000B8002002B898
S214020D58E8520020005000B8001002B8F0B52B4F39
S214020D6806463D4604460FCE0FC5336885B02B604F
S214020D7800F0B6FC01213A20EBF748F90022244B92
S214020D88C3F87C24A17A627A42EA0142C3F888242C
S214020D98217CE27B42EA0142C3F88424217B627BFF
S214020DA841EA0240C3F880043B78032B2AD8DFE8DE
S214020DB803F022020C178DF8041004218DF8052082
S214020DC80DEB01000022E9F7C7F8E37B00228DF855
S214020DD80830237C042102A88DF80930E9F7BCF80C
S214020DE8637A01228DF80C30A37A042103A88DF8C1
S214020DF80D30E9F7B1F8074B187805B0BDE8F040B2
S214020E08FFF7F0BE212005B0F0BD00BFD452002087
S214020E1800C0035077600020034BDB6C002BBCBF7E
S214020E28024BC3F888007047000002B8004000B8BA
S214020E382DE9F04700F0AEFC4FF47A762D4BB0FB66
S214020E48F6F618604FF4FA73734307462A48190EE3
S214020E581B021818294A4FF0000341F10001FCF75B
S214020E6859FA274BA0F5807205461A6320B948221C
S214020E782B2103F0B3F801254FF47A724FF0000ADB
S214020E886A43534650083102FCF744FA1C4B1D4A83
S214020E98B7F57A7F9A601C4B4FEA056819601B4BB8
S214020EA88946044618604FEA152505D29B222B214F
S214020EB8504603F093F801264FF47A73A8FB030111
S214020EC803FB05117308C01841F1000100233246DE
S214020ED8FCF720FA0E4B023419600E4B49F1000952
S214020EE8A408186044EA8974054B013C9C63BDE873
S214020EF8F08700BFE852002020A1070040420F00FA
S214020F0800C001B802110100F8520020F452002075
S214020F18F0520020EC5200201022044BC3F8842121
S214020F285A600122024BDA60704700BF00E100E017
S214020F3800C001B81022064BC3F88421C3F88420E7
S214020F48BFF34F8FBFF36F8F0422024BDA607047EE
S214020F5800E100E000C001B810B50446A242A2EBC8
S214020F680000A3EB010104D2034B01399B6B01334A
S214020F78184401F0030110BD00C001B838B50125B8
S214020F880A4B02019D504FF480730446084A834078
S214020F9853661BF05AFA074AA540137823EA050354
S214020FA81370BDE838401BF04BBA00BF00E101B829
S214020FB800E001B8806000202DE9F84F1646054685
S214020FC88A461F461BF041FA022E00F091808046A0
S214020FD81BF048FA5A4B5B4AD3F8209092F8914095
S214020FE85A6EE4B2520744BFD3F82090013404F094
S214020FF803041BF032FA4846214600F02FFA8446CC
S214021008DAF80000012E04BF01306044ACEB000C95
S21402101808BFCAF80000BCF1804F7DD300F030FA52
S2140210288145A1EB040188BF454BDFF838C188BF6C
S21402103801F1FF3101F0030188BF9B6BA0EB090E9B
S2140210480CF80510A1B1F90742BF41F61F723E4BD4
S2140210585A67BA0742BF3C4B3C4A5A677B0742BFAD
S2140210680022374B9A673C0742BF0022344B9A65E8
S21402107811244FF0010A324B05F11002120103EB5C
S214021088051BCBF80C0132499C501A6A0AFA05F479
S214021098586E0B78A2EB0902E4B2234372450B7032
S2140210A825D34FF48073AB40034220D11CF80520A9
S2140210B8002A40D10EB3274AF807536607D541F6E9
S2140210C81F7140F20110204B596750675967B907DC
S2140210D806D51D4B1D4A1F491F485A6748675A6757
S2140210E87A0742BF01221D4B1A613B071AD44046B3
S2140210F81BF0A6F90120BDE8F88F194A2D0142F81F
S21402110805A042F89C3C1BF0A0F911490B7823EA8B
S21402111804030B701BF094F940461BF091F900206B
S214021128BDE8F88F2120FFF777FE4FF48032044B94
S2140211384046DA60DCE7074A40465366D8E700BF0F
S21402114800C001B8003E00B000E001B800001F1F52
S2140211588060002000D001B800000101000002B83B
S21402116800E101B878600020024B1878003818BFF2
S2140211780120704780600020034B10300001185889
S21402118800F00100704700BF00C001B870B50646FF
S214021198FEF704FE044608B1FFF7CCFE00230A4D0C
S2140211A83046AB61EB612B6200F06AF9074BC9B2B5
S2140211B883F8911028622CB1FFF7AEFE4FF08062DA
S2140211C8034B1A64002070BD00C001B8003E00B090
S2140211D8002002B82DE9F0419DF818800D46B8F1B6
S2140211E8000F08BF0022214EB5F5803FB1680746BA
S2140211F821F4700141F4A001B1609DF820409DF8E9
S2140212081C104FEA042444EA016444EA031444EA3C
S214021218084444EA02044FF0180140F2E9222CBFBF
S21402122800200120746502F0D9FE3564B8F1000F7B
S2140212381AD00F4BBC68D3F888306D2C38BF6D2493
S2140212485B0606D500F082FB18B10A4BB3FBF0F337
S2140212581C44204600F014F90130854238BF0022AB
S214021268024B34BF5A645864BDE8F08100C001B826
S21402127800C000B800093D0038B51A4B5D6C35BB96
S21402128810242020FFF7C8FD174B9C6002F04EFB87
S2140212982022164BC3F8842101F0D2FC48B12A4614
S2140212A800200821FEF7D4F9114B5C66A3F580539B
S2140212B81C67104AD36803F07063B3F1807FF9D9CC
S2140212C8084B0D4A5A6741F201429A6738BD01F047
S2140212D8B7FC0028F4D0094B054A5366A2F580529B
S2140212E81367EDE700C001B8001002B800E100E09D
S2140212F800E001B8000002B8011B01181000002027
S21402130808B52120FFF788FD4FF48032014BDA60DA
S21402131808BD00BF00C001B8F8B5184D04466B6A90
S2140213281B0426D500F086FB6B6AA0FB044613F066
S214021338787F4FEA9367C3F34450C3F3044505D155
S21402134840F25A422B2102F049FE0120AD01B5FBBC
S214021358F0F010EB871005D140F25F422B2102F025
S2140213683DFE01200246002320463146FBF7D2FF07
S214021378F8BD00F0EBFAA0FB0401F9E700C000B8DC
S2140213880246012030B50B4CA0F12003C0F120051F
S21402139824FA05F504FA03F32B4304FA00F59542FA
S2140213A88B4100D330BD0F2801D00130ECE7FF2077
S2140213B8F8E700BF40420F0010B50C46FFF7ACFF37
S2140213C8C30943EA4163C01A61EBD111FFF7D8FF9C
S2140213D8FF2814D00F220C4B40F01000C3F88820C8
S2140213E8A3F58053C3F88800A3F580535B6ADBB283
S2140213F8802B06D02046BDE8104000F007BB21200F
S21402140810BD0220FCE700BF00E000B838B51BF0AC
S21402141829F8084B084A1D6A92F891405A6EE4B2B7
S214021428520744BF1D6A01341BF017F8284604F019
S214021438030138BD00C001B8003E00B00346064AA4
S214021448103302EB00111B01D1F80C01D158C1F37D
S214021458400116F01CBD00BF00C001B8064B1B6851
S214021468434303EB8171054B1B68A3FB003013F162
S214021478004341EB00007047F0520020EC52002077
S2140214880C4A20F04043014610B5002014684FF07D
S2140214980042E4FB0320084A890F126802FB030095
S2140214A8064B9B6B984204D901330131C01A01F0EE
S2140214B8030110BDF4520020F852002000C001B803
S2140214C8044B01F0F071103041F00301000119508D
S2140214D8704700BF00C001B808B52220FFF79CFC81
S2140214E84FF48022014BDA6008BD00BF00C001B885
S2140214F870B51646054600B3F9B1F2B14268104B0C
S214021508006803321B68920800F130409847044688
S21402151888B9EA68A86803323146920800F1304072
S21402152816F0CEFC044630B9D5E90402214600F18D
S2140215383040FCF75BFA204670BD2124FBE700BF6B
S2140215484C67002070B50C68651C15D0C4F302669B
S2140215589E42C4F3074530D1A4B294422DD804EB78
S2140215688506B24229D2141BA50824F003040E5994
S214021578340F04D0012C08D00022212402E06B1C70
S21402158851F82320C0E9002470BD0E4C34F81330FD
S21402159842EA03431A686B1C51F8234001EB8301A5
S2140215A84B6822405E4036F0704404D11B0F032B72
S2140215B804BF8B681A430024E4E7013501EB850172
S2140215C8C1E700BF0892040007B501A8EBF71AFDA9
S2140215D89DF80530022B02BF40220B4BC3F8FC23B2
S2140215E8C8220A4B5A650A4B0A4AD3F86032DBB25B
S2140215F8FF2B08BF03239B0043F47F53C2F8F8333C
S21402160803B05DF804FB00BF001002B8008001B802
S2140216180080E00F000002B8836810B4074C03F19C
S214021628304324681B689C4203D15DF8044BFFF7DD
S2140216385FBF00205DF8044B704700BF606700205C
S2140216480022012108B51E4B1A645A649A641D4A80
S214021658516102219162DA68C2F303620D2A01D04F
S214021668002AF8D1112218499A631848184AFFF72F
S2140216783FFF00F0E9FF174A93685BB9164A93687A
S2140216889BB94FF080620F4B5A61012203F58053D3
S2140216985A6108BD1149D268096803F13043032A22
S2140216A8ECD943F8041B043AF9E70C49D2680968EE
S2140216B803F13043032AE4D943F8041B043AF9E752
S2140216C8000002B8001002B8749704005C92040086
S2140216D878920400449204002C920400606700206A
S2140216E8012341F6FF710D4AC2F8803291660C4A10
S2140216F853600C4A53600C4A5360A2F5804253600A
S214021708A2F54042536002F5C032536002F58042A9
S2140217185360A2F500425360704700BF0090005025
S21402172800D000B8001000BA005001B838B503243B
S214021738FFF7D6FF114A124B124DDA64FFF744FF41
S214021748114BC3F8E0400123EB6400F0DBFD4FF4D5
S21402175860736B614FF40073EB6416F021FB002193
S214021768FEF7D0FC8022094B1C64A3F580535C6408
S214021778074BC3F884215A6038BD00BF0048F00002
S214021788000002B8001002B8005001B800A002B863
S21402179800E100E008B518F097FF044B1B6FC3F38F
S2140217A800430133B0FBF3F008BD00BF00800050D1
S2140217B870B5044698B1B1B13A4A52F8043B83422E
S2140217C813D10023384A116CC907FCD4374800EBFA
S2140217D8830016F07EFB364B106001221A6470BD39
S2140217E801330C2B02D1334D2CE0012352F8041B93
S2140217F8A142F5D1304A32F81330E3E7C2F3016367
S21402180835F81300110C93B211F0FE0F43EA0043A9
S214021818606820D00434CAB2022A216808D9D4E9FA
S2140218280160033AC3E9001698600C340C33F3E7F8
S21402183804D16268C3E90012083403E0012A01D120
S214021848043419602268531CD8D10022164B1A6039
S21402185803F58053C1E7120F072AEDD8DFE802F036
S2140218680704090D1013181DC04303F5005318602A
S214021878E2E71A6842401A60DEE703F58053F6E7A5
S21402188816F0FAFAD8E7012203F580538240F2E707
S214021898012203F500538240EDE71A6830EA020295
S2140218A8FBD1C9E7FC52002000C002B8404000B095
S2140218B800D002B808920400425900200122014BC7
S2140218C8DA647047001002B80122014BDA647047E6
S2140218D8002002B84022014BDA647047002002B8A2
S2140218E84022014BDA647047001002B80B4B1B68A3
S2140218F8D3F8E43023B11A68022A01D9186A704765
S214021908074B9A6D90B238B1064BC2F307421B6872
S214021918DB085343B3FBF0F0704700BF5C5300206C
S214021928004001B8E8520020064BDB68C3F30363A5
S214021938984206D1044A936E23F0F00343EA011153
S21402194891667047000002B8003F00B0054B1B685E
S214021958D3F8E43013B11A680A2A01D8FFF7C6BFCB
S214021968186C70475C5300202DE9F743064616F0BC
S2140219787CFA00248046DFF890901AF066FD0DF196
S214021988070105460DF10600FEF79CFA9DF806309B
S2140219988BB9721C29D016F068FAA0EB0804284600
S2140219A81AF04EFD9DF8063013B99DF807303BB382
S2140219B8A642E2D824E0D9F80C3013F4603FE8D007
S2140219C8D9F8180016F0D8FA731C074603D016F092
S2140219D84CFAA0EB080428461AF032FD17F5007FE9
S2140219E8E0D0384603B0BDE8F08328461AF028FD52
S2140219F89DF80630002BC0D19DF80730002BBCD1CD
S214021A08004FEEE700FEFFFF00C000B810F1800F9F
S214021A1804D04D28CEBF7F20323040B2FF22044B7E
S214021A28C0B25A62A3F5805358620020704700BFBE
S214021A3800E000B80B4A10B5136E0B4C116E03F09B
S214021A480703E35CC1F3CD0101FB0333126E0748BB
S214021A58C2F3454202FB033300688001B0FBF3F091
S214021A6810BD00BF004001B800920400E8520020F2
S214021A78044BD3F8AC3010B1C3F30332027003F050
S214021A880F007047000002B8094B01F080011B6C7A
S214021A9803F480030B4309D14FF40012054B1A6274
S214021AA8837F1BB10122044BC3F80021704700BF95
S214021AB8000002B8006001B8005001B82DE9F04FE6
S214021AC8404F804685B038680C4615F0EBFE20B9C4
S214021AD80024204605B0BDE8F08F22460021404685
S214021AE8FBF784FF384B5D6915F00105F0D102F06B
S214021AF819F906460028EBD03F68384616F053FB1D
S214021B084FF6FF73984234D04FF060512F4E304B49
S214021B18304AD3F82090D6F88C3011624FF0006124
S214021B28A2F58052116224220421C6F88C202A4A81
S214021B384FF4804B91604FF480520027DFF8A4A040
S214021B48CAF868B0F262A7421ED30421234A9160FB
S214021B58A2F5F032C2F88C304FF060521D4B1A6272
S214021B6809EA02031E4A13624FF480421D4B9A6624
S214021B78AFE73146384616F0BAFA0146384602F05A
S214021B88FFF90028C0D0A3E7B26E5104FCD5B268AC
S214021B98D205F9D5CAF868B0D6F890200135012DD5
S214021BA80392D0D9E21B042AA8BF042208EB070036
S214021BB803A901930092FCF7A9F8009A019B3A44FC
S214021BC897B2C0E75C530020000002B8004000B895
S214021BD8004001B8006001B8001002B8002002B840
S214021BE8005001B8006000B84FF604014FF605022F
S214021BF8044B01201B6C9BB28B4208BF1346024A59
S214021C08136670470080E00F00C001B82DE9F74F51
S214021C1881460F464FF0FF35FFF7F8FB0026019086
S214021C288A462C463046DFF8D8B006F110031B0168
S214021C385BF8033003F00308B8F1010F15D13046FC
S214021C48FFF7FCFB02460B4601985146FFF784F95C
S214021C58DBF8643006F10802D340DB0739D5002FDB
S214021C6840D000252C463E6040460136082EDCD180
S214021C7860B3234A0027D2F808C0916B0CF44033AD
S214021C880131A4FB0141641941F10001B3F5003F9B
S214021C9830D1536B0CF4405C013347F10006BCF5B7
S214021CA8805F22D1156B15F5807505FB06F647F1A0
S214021CB8000203FB0266A5FB03323244594304FBC7
S214021CC80212A3FB04341444C9E9003403B0BDE885
S214021CD8F08FA84271EB0403C6D207B13E600546F0
S214021CE80C46C1E73D463C46BEE7320242EA13626C
S214021CF81B02E3E7136B13F5807347F10002DDE777
S214021D0800C001B808B516F04BF90122054B93F846
S214021D188D3002335B00DBB202FA03F3024A5361E8
S214021D2808BD00BF003E00B0002000B82DE9F34110
S214021D3805460F4668461146FFF768FF0646B0B1E5
S214021D48AFB1DDE900321B0A43EA0263A5FB03844E
S214021D58094B120A05FB02441A6812B9FFF71AFD64
S214021D680246002340462146FBF7D4FA386030463E
S214021D7802B0BDE8F08100BFE85200204FF00052E2
S214021D88014B1A60704700BF00E100E04FF00052B6
S214021D98034BC3F88020BFF34F8FBFF36F8F704794
S214021DA800E100E0F8B50B46002213F8044B944213
S214021DB825D91D68854224D106245A791D79124BE5
S214021DC888181E6804FB0503104F33F8063C7B434D
S214021DD8B3420ED900238A5A7A43964202D804FBA3
S214021DE80300F8BD9D42FAD9013304FB03F2825A76
S214021DF8F2E740F244423D21002002F0EFF80020CC
S214021E08EFE708330132D2E72C53002040420F0096
S214021E1800202DE9F84FA2FB018BC74EC74F18EBDF
S214021E28060699466BF10003B74270EB030307D226
S214021E3840F23E220E2102F0D1F80220BDE8F88FC9
S214021E48D9F814A00C461546BAF1000F04D0DAF8F1
S214021E580030032B00F21B81B94BBA4A9F6BA3F5DD
S214021E688043D3F8EC30C7F314075E00B64B48BF7E
S214021E7847F400171B6ED2F8FCA058074EBF4FF463
S214021E8840039B0503F0E0731F43B04BD3F8E430DE
S214021E98990748BF47F0807747EA456718F048FC35
S214021EA8012D0646C9D10028C7D0A94B984200F092
S214021EB8FD8003F5122303F5F863984200F05A8171
S214021EC8A44B984200F0A781002502462B46002024
S214021ED84FF00071FBF71EFA2B46013008FB03F39E
S214021EE8C7F3130100FB0B33A1FB0662A8FB0080B5
S214021EF801FB0522034420339B09C9F80030F60C7F
S214021F08954B46EA4236FA021C6058BF7642934B15
S214021F18934D34441E602C60BAF1000F00F008811D
S214021F28FB014FF000038F49C7F381528A5C1946BA
S214021F3848BF6408002EB8BF764292066008C2FB05
S214021F4806012246FBF7E6F9DAF800100E2908D948
S214021F587D4B7B4A926BDE69D3F80C31F60600F1AC
S214021F682881C0F3130017F40017C9F8040014BF39
S214021F78C42040F207107C4ADAF81860A2FB04C2B2
S214021F884FEA521200FB02F24FF4FA73B2FBF6F271
S214021F9818BF002702FB03F3A4FB00C0FA33A3FB17
S214021FA8063604FB07006345864138BF0132D2B2C3
S214021FB842F4006CC9F808C0002A00F0BB80DAF8C0
S214021FC81C70A2FB070624B1B4FA84F30E2B40F366
S214021FD8D880E303002E40F0D180B3FBF0F6700001
S214021FE800FB0220A0FB07834FEA044EC6454FEAD1
S214021FF8144474EB030309D352001044A7FB00836E
S214022008C64574EB030306F10106F6D2C6F30E03C1
S2140220184CEA033C4CF000630629C9F8083049D953
S214022028DAF83030002B45D00023C9F80C30C9F84E
S214022038103018F07DFBDAF83010FFF7B3FE0446CE
S21402204818B18378002B40F0CC8018F037FBDAF80A
S2140220583010FFF7A7FE0446002869D08378002BC5
S21402206866D040794FF4AE62003818BF01203D2191
S21402207801F0B4FF207940F2715200384FF03D016A
S21402208818BF012001F0AAFF237962794BE0042BDE
S214022098DAF828707FF402AFFB014CBF4FF4400316
S2140220A807F0E07327F0E0771F43F7E600232F4890
S2140220B81D4613E718F03CFB2C68002C00F0AF8096
S2140220C8B4FA84F3D3F1020358BFDC40284B9C428F
S2140220D888BF6408002875D0B4FBF0F3642100FBBF
S2140220E8134201FB02F2904203F1FF3200F2A6808D
S2140220F85D085308013D1B0243EA0515C9F80C5052
S21402210818F0E2FA002800F09080B4FBF0F264219E
S21402211800FB124401FB04F4A04200F28D80531E19
S21402212852085B08013A1B0243EA0213C9F8103048
S214022138002083E6212081E6006CCA88807C814ADA
S214022148008001B8004F00B0004001B8000002B895
S21402215800F04902005A620234530020305300202D
S2140221682C53002014920400D34D62100A3BB2DFAF
S2140221783FBE4025002335481D46AFE610460026DA
S21402218830E7C3F10F0E03F1110806FA08F820FA31
S2140221980EF040EA0800AEF1200826FA08F840EAEF
S2140221A8080026FA0EFE013004FA03F34EF1000682
S2140221B810E702F4801203F400131A4308BFC0F5AE
S2140221C88010CEE6631EA51E5B086D08013B2D0235
S2140221D845EA031540F2C2422B21002001F0FEFE1A
S2140221E88CE7407940F25552003818BF01203D214D
S2140221F801F0F4FE207940F25652003818BF01204A
S2140222083D2101F0EBFE237962791B0243EA0213B1
S214022218C9F80C3019E700230D481D465EE66FF034
S2140222281F0500287FF46AAFD4E740F2E5422B2167
S21402223801F0D4FE621E72E71446FBE79D1E6D0887
S2140222485308013B2D0245EA031557E7313641DCB0
S214022258D694BFD610B5044686B059B9214B416804
S214022268D3F8FC30827A2048059300686B46FFF75D
S214022278CFFD69461D4B0A685A631A4BD3F8FC30E1
S21402228833B34B6843B11A4B1A4AC3F80C214A684F
S214022298A3F58053C3F80C218B6843B1144B164A36
S2140222A8C3F8EC208A68A3F58053C3F8EC20134AD7
S2140222B8C868D2F8743123F4EE630343C2F8743163
S2140222C8D2F86C31096923F4EE630B43C2F86C3119
S2140222D8002022890A4B9A6203F5A033186406B0D6
S2140222E810BD00BF004F00B05C530020008001B84C
S2140222F8006001B8FFFF0F00FFF8FF0F000002B8EA
S214022308004000B8064B9A6E920607D55B6E002B05
S2140223184FF48043B4BF034A034AD364002070478D
S21402232800800050002002B8001002B8064B1A6C53
S2140223389207FCD4022240EA01205860034B1A6432
S2140223480122034B1A70704700C002B800D002B8C8
S2140223588160002040B10368012B05D90069034B50
S214022368002808BF18467047004870471C920400A9
S21402237810B590B10468012C0FD902696AB11168C8
S214022388094B102C196051685960916888BFD26849
S214022398996094BFD960DA6010BD10220021024805
S2140223A8FBF724FBF8E700BF3C530020084BC11795
S2140223B81A68A2FB000302FB013310F1807043F196
S2140223C80003400E40EAC310803820EAE0707047E7
S2140223D84C5300200722194B70B5DA63184B194A7A
S2140223E81D68194BEC08E005C0184FEA153141F193
S2140223F800010023FAF78EFF144B154E1860154895
S214022408FFF7D4FF4042C6F8DC0049F65800FFF74B
S214022418CDFFC6F8A8001048FFF732F8024660B1AA
S214022428E301500818184FEA15714FF0000341F1FE
S2140224380001FAF76FFFC6F8B40070BD000002B8D4
S214022448E852002065CD1D00B2E60E004C5300206F
S214022458003F00B07011010040420F0010B504465C
S21402246898B10B4BD3F8FC00FFF782FF4FF47A7350
S21402247803FB04F0074BA0F57A60DA689B68104401
S214022488C01ABDE81040FFF791BF49F64040F8E78A
S214022498004F00B03C5300202DE9F8430546084695
S2140224A814461E46FFF764FF05B306F0020716F049
S2140224B804061DD1D7B14FF47A706B685843002BC7
S2140224C840F08C80FFF772FF20636B69002B00F0E8
S2140224D88C804A4AD0684FF47A7202FB0300A0F551
S2140224E8FA50FFF763FFE062002E58D1BDE8F88382
S2140224F82869002869D04FF47A7358433F4BA0F5F1
S2140225087A609B68C01AFFF751FFA062A88B002862
S2140225185ED04FF47A735843384BA0F57A609B68BE
S214022528C01AFFF743FFE061354BE968D3F800802D
S214022538002950D04FF47A735943304BA1F57A618B
S2140225489A685B68891AC91A2E4BC8171A68DFF880
S214022558BC90A2FB011302FB003311F1807143F118
S2140225680003490E41EAC3118039274B2162D3F88A
S214022578C4306362D9F8003053B1404615F0B6FB52
S21402258830B12246D9F800301C49D8F8D800984706
S2140225980021A869FFF762FF6063002F8BD1A86845
S2140225A830BB47F23050FFF701FF60614FF47A7094
S2140225B82B6858432BB1114B1B6803F51C53103379
S2140225C81844FFF7F3FEA06190E749F640409AE701
S2140225D849F64040A5E749F64041B5E7074B1B6870
S2140225E803F51C53103318446CE747F2305078E76B
S2140225F84FF47A735843A0F5FA50D4E73C530020B8
S2140226085C5300204C530020003F00B03853002093
S21402261838B5054608461C4615F04AFC0246D5F863
S214022628E400FFF797FE4368A018002B044AA8BFE9
S2140226384FF4FA721A44034B92FBF3F2104438BD75
S2140226480CFEFFFF18FCFFFF70B588B06D46124CF3
S2140226580FCC0FC594E80F0085E80F00D82200219A
S2140226680E48FBF7C3F9AC2200210D48FBF7BEF96A
S214022678202200210B48FBF7B9F915F041FE0A4B58
S2140226881B783BB16D46044E0FCD0FC695E80F007A
S21402269884E80F0008B070BDE03F00B07C3E00B092
S2140226A8543F00B0E04F00B07460002008B519F03F
S2140226B8CCFE0E4B1A78A2B90D4A126812F4843F61
S2140226C80FD10C4A1021D1641B7863B9084B1B68DA
S2140226D8DB0508D4074B2022DA64BDE8084019F067
S2140226E8AFBE054AEEE7044BF5E700BF8760002059
S2140226F800140020002002B8001002B80A4B19780D
S21402270801F0FF0229B10021197008499202C1F8A6
S2140227180421597801F0FF0229B100215970930269
S214022728024AC2F80831704782600020005000B89A
S214022738064BD3F8F00E064B5B6C1A0103D4054B16
S2140227489B6E1B0401D500F580707047003000B000
S214022758000002B8004000B810B519F076FE0E2147
S21402276804460320FFF7E0F840F20122034B204616
S214022778BDE81040DA6219F063BE00BF004000B838
S21402278838B519F062FE4FF00043244C0546C4F8EB
S2140227988030BFF34F8FBFF36F8F0123C4F88430A6
S2140227A8BFF34F8FBFF36F8F0223C4F88430BFF393
S2140227B84F8FBFF36F8F0423C4F88430BFF34F8F55
S2140227C8BFF36F8F0823C4F88430BFF34F8FBFF36D
S2140227D86F8FFFF7DBFA1023C4F88430BFF34F8FEE
S2140227E8BFF36F8F2023C4F88430BFF34F8FBFF335
S2140227F86F8F4023C4F88430BFF34F8FBFF36F8FB9
S2140228084FF48063C4F88430BFF34F8FBFF36F8FE3
S2140228182846BDE8384019F013BE00BF00E100E0C4
S21402282838B519F012FE05464FF000430A4C2360ED
S214022838012363600423636008236360FFF79EFA3C
S2140228481023636020236360402363602846BDE844
S214022858384019F0F5BD00BF00E100E0012370B56D
S214022868074C2370074B1E68074B3240D3E90053C8
S21402287819402840FCF7ECFE0023237070BD00BF09
S2140228888560002054530020001400200022044BC8
S2140228981A70044B197811B11A70FFF707BF704700
S2140228A886600020876000202DE9F047DDF820A02A
S2140228B803EA0108099B06460D4602EA000703EAF0
S2140228C80A09BAF1000F40F05281031F0B4300F0C9
S2140228D81281052871F1000380F0E88050EA0103AE
S2140228E800F07881431E0B4300F02881FFF748FF6B
S2140228F8B94AD2E9004323EA050324EA06043C431C
S21402290843EA0807B54BC2E900471E6826EA0A06E4
S21402291846EA09061E60FFF7C9FE14F02A4F14BFDE
S21402292848F202034FF40043AD4AB007D26EAD48F0
S21402293848BF43F4005383EA020122EA0302C2664E
S214022948A94A0B408166D366C4F380421203210368
S21402295848BF42F48072E30648BF42F40052A34BD3
S214022968A50648BF42F400726006D3F80C3248BF88
S21402297842F48062210648BF42F400629C4882EA1A
S214022988030123EA0203C0F80C329A4B0A4017F4F2
S214022998007FC0F80812C3F80C22974B07F400729F
S2140229A800F0048101224FF4802583F88820E3048E
S2140229B848BF45F48035A00348BF45F48015A107F3
S2140229C848BF45F4001514F4001FDFF8688206D0E5
S2140229D8D8F8000015F092FC08B945F40025E20282
S2140229E848BF45F40035FB06844B48BF45F48005CE
S2140229F81A6A834985EA020323F001031A400A6227
S214022A081D40CB617F4B16F0010F1D627E4B7F4A3D
S214022A1818BF1A467E4B7D071B6F48BF42F00062FE
S214022A287C4882EA030123EA020303677A4B0A40D8
S214022A3841661A67794A04F00103926CA0F5803061
S214022A4883EA020122EA03028264754A0B40416461
S214022A589364D8F80020200248BF724B92F8F620FA
S214022A6858BF714B610748BF43F4806322B114F420
S214022A78C06F18BF43F4807332074FF03A42BDE87E
S214022A88F047D2F8181148BF43F0004383EA010220
S214022A9822F4A02265481140C0F818111340C0F865
S214022AA81421634AC2F81831FFF7BABEA0F580634C
S214022AB80B4306D020F48063A3F500730B437FF420
S214022AC815AF19F0C2FC4449D1E9003223EA0603DD
S214022AD822EA050242EA08023B43C1E90032554AA5
S214022AE8126892F8F610514A09B313F4C06F1ED052
S214022AF84FF4807311E019F0A8FC374AD2E9003186
S214022B0823F004033B4341EA080157EA0807C2E9EF
S214022B1800314FF48063454A0BD0C2F81431A2F54F
S214022B288052C2F81831BDE8F04719F089BC4FF454
S214022B388073C2F81831C2F81431F4E719F085FC2C
S214022B48254AD2E9003123F001033B4341EA080152
S214022B58C2E900310123384A57EA08071BBF536403
S214022B68A2F580529364936408BF5364DBE750EA85
S214022B7801037FF4BBAEBAF1010F7FF4B7AE19F0CA
S214022B8864FC164A136823F0010343EA0903136038
S214022B984FF480631F4AB9F1000F04D05366A2F5BA
S214022BA880521367BFE713675366BCE793F888102B
S214022BB871B183F88820214BD3F8A41003F500538B
S214022BC8C3F8A410C3F8A0104FF05023C3F8A420EB
S214022BD80025ECE6BDE8F0870014002054530020D8
S214022BE8004000B8006000B8005000B8004001B8C5
S214022BF8006001B8005001B8003F00B0000002B8FB
S214022C08002002B8001002B8041C000304180003CF
S214022C1800C001B800E001B800D001B800C000B892
S214022C2800D000B80D0A0A09090A0A09002000BAE3
S214022C38001000BA5C53002000E000B800400050C4
S214022C48024B5868C0F3C000704700BF001400204B
S214022C58024B186800F00100704700BF00140020FD
S214022C68024B5868C0F3C030704700BF00140020FB
S214022C7810B50446FEF75AFDFFF782FD2046FDF71B
S214022C8889FAFEF7DDFCFEF7D3F8FEF745F9FFF7FB
S214022C98A1FB13490723134AD1F8FC1004F1F800E4
S214022CA8FFF7FAFB4FF080710020FEF709FC4FF0A1
S214022CB800720D4B4FF400110120C3F80021FEF7F5
S214022CC8FFFBFEF791FF20B940F29232142101F081
S214022CD885F915F06EF9BDE810400120FDF782BFB0
S214022CE8004F00B0A43F00B000D001B88023074AC6
S214022CF81364082340B11364054AD2F8C83E23F089
S214022D082003C2F8C83E7047024AF4E7001002B829
S214022D18003000B0002002B810B519F096FB012169
S214022D2804460020FFF7E2FF044B1961044B5B6878
S214022D3898472046BDE8104019F082BB000002B84A
S214022D4834670020F8B5194C0546207840F2E4426C
S214022D58B0FA80F03E21400901F040F955B9607892
S214022D6840F2E442BDE8F840B0FA80F03E2140095D
S214022D7801F034B94FF440660D4F0E4DD7F80431C2
S214022D8840F2E442C3F381232370C5F804616078F5
S214022D983E21B0FA80F0400901F020F9D7F8083150
S214022DA8C3F381236370C5F80861F8BD826000200A
S214022DB8004000B8006000B8F8B5084C084D236C0F
S214022DC80423084F2B64236C5B0300D4F8BD042647
S214022DD802203E6415F050F82E64F4E7000002B8AC
S214022DE8001002B8002002B8A82238B51A4B1D6C8B
S214022DF803F500531A6410229A60A3F5804302F181
S214022E0800521A675A66FFF779FC144B1B7813B9F7
S214022E180320FEF7B3F80024114B9C67FFF7CCFF9C
S214022E28104A114BD2F8F01E0B40C2F8F03E0422AC
S214022E380E4B1A640E4BAA06C3F8D04008D503F503
S214022E4880739B6FB3F5817F22BF8022024B1A6183
S214022E58BDE83840FCF7B8BD000002B88460002020
S214022E6800C001B8003000B0DF0000FF002002B842
S214022E78003E00B010B551B920B3154BDB681B0EE7
S214022E8813F00E0F1ED1134B1B6CD9071AD4FFF77B
S214022E9863FC0F4C0020FEF7EBFD032801D009283F
S214022EA805D1A36ADA07F5D4636CDB03F2D4FFF71D
S214022EB883FF0122084B5A6102229A62042203F512
S214022EC880531A644FF4C062044BDA6210BD00BF26
S214022ED8000002B800C002B8001002B8006001B8CC
S214022EE808B503210920FEF71FFD2022014B1A61AF
S214022EF808BD00BF000002B80D4A10B5D2F8A030CF
S214022F08D2F8A4100B40B3F1804F0CD34FF04040D8
S214022F180849094CC1F8A400D467C1F8A0004FF4C8
S214022F288021064AD161034AC2F8A03010BD00BF0C
S214022F3800400050006000500000FF01001002B878
S214022F4838B5054619F081FA0E4B04461868FDF79F
S214022F584BFA35B1FFF79AFC2046BDE8384019F01F
S214022F686FBA094B1B78002BF6D0084B1D78002D3C
S214022F78F2D1FFF78BFC2A464FF480400021FFF778
S214022F886DFCE9E75C53002086600020856000201F
S214022F982DE9F84F5A4B06460D4614461B6C002A76
S214022FA840F0AB8013F0A00F14BF4FF001094FF0AA
S214022FB80009FCF709FDA0234FF0000ADFF85C8140
S214022FC80320C8F84030FDF7D9FF0420FDF7D6FFE6
S214022FD84C4FFFF75BFC4C4B4FF0040B7B67C7F874
S214022FE878A0FFF7E9FE494B4FF48071D3F8C82E54
S214022FF842F02002C3F8C82EFF22C8F80820404A2A
S2140230081161D3F8F02E42491140C3F8F01EC8F8F1
S21402301840B0C3F8D0AE7B6913F0060F04D0FEF7B3
S2140230285BFA5846FDF7AAFFB9F1000F08D04FF42D
S2140230380062384B1A644FF40042A3F5E0339A66EE
S21402304866B1354BDB6C180701D4FFF785FBFFF733
S21402305847FF0420FDF792FFFFF750FB284B5A69FB
S214023068D10748D5DA6812F0706FFBD12B4B2C4A81
S2140230781A642C4A936E23F0F003936615B1204621
S214023088FFF75EFF284BD3F84C315A1C01D05B0081
S21402309802D50122214B5A616CB31F4BDA6E03F537
S2140230A800539A6603F5D0331B6A1C4A23F00103C1
S2140230B8D3611E4BD3F80C1203F50053C3F808125B
S2140230C803F50053D3F8841003F5005399674FF0BD
S2140230D83A43D3F8181103F50053C3F81411144BE6
S2140230E8996C03F500535964124903F580335966FF
S2140230F84FF608431364BDE8F88F4FF0000958E707
S214023108000002B800C001B800000101003000B09B
S214023118DF0000FF001002B8004000B8002002B826
S21402312810003000003F00B00080E00F004001B8F9
S21402313800C000B85000002F9D4B2DE9F04F9F6E3F
S214023148DB6E85B01F409B4B9F664FF03A43D3F821
S2140231581451D3F818311D40974BC3F81451974BA6
S214023168D3F80822D3F80C3202EA0309944BC3F8C0
S214023178089203F52043DA691B6A02EA0308914BB0
S21402318808F47702DA61904BD3F80422D20605D403
S214023198D3F80431C3F30016DB0653D519F055F9F4
S2140231A88A4B5A695E6E1B6F12F0060F06EA030612
S2140231B8874A26F0007314BF4FF0010A4FF0000A40
S2140231C823F400637407536606D5824A92F8913050
S2140231D80133DBB282F8913019F032F9002F00F091
S2140231E8E48017F4004300F0D58019F02EF9014662
S2140231F8FFF79EFA0446784BD3F800B0DBF80020B7
S214023208DBF800309A42FBD0DBF800209A42FBD06B
S214023218FFF78EFAA04217D1084619F011F96F4B3C
S2140232281C606F4BD3F840B01BF4E0520ED124F06A
S2140232387F4424F0DF040CB9FFF7D6FD4FF0807BFD
S214023248002414E0B246C9E70446D7E70192FFF71E
S214023258CBFD5C4B019A1BF480541A6440F09C80A8
S2140232681BF4806F0CBF4FF0805B4FF0806BB80783
S21402327815D55B4A5348126C02F460410164002972
S21402328800F08D80110400F18D8012F4005F0CBFEF
S2140232984FF000524FF0006200244BEA020BC7F3CD
S2140232A840377F004F4A2A40002A4BD015F4206F39
S2140232B80AD040F6A3120621002000F08FFE002056
S2140232C8FFF73EFE25F48025EB0506D5FF213D4A8D
S2140232D84BF4C06B9160FFF73FFA15F0090F0BD05D
S2140232E840F6B8120821002000F078FEFFF7F8FD35
S2140232F84FF03A420121516315F0106F0CD040F698
S214023308C1120921002000F069FEFFF7E9FD00223C
S21402331811461046FDF73CF815F4202F0AD040F661
S214023328C9120721002000F059FE0020FFF708FE08
S21402333825F48025E80301D5FDF774F9002DB8BFFA
S21402334847F0080769070ED54FF03A42126B12F497
S214023358005F4FF4005217BF174923490A634BF41C
S214023368000B08BF0A636A0548BF4BF0040B15F446
S2140233788023019300F0A480FDF70CF90138062893
S21402338834D8DFE810F01A011D011A0120012301C2
S214023398260126019B4653E74FF0804B50E74FF035
S2140233A8007279E74FF0004276E7BB463C4679E77B
S2140233B8004000B8006000B8002000BA004001B81B
S2140233C8006001B8002002B800E100E000C001B8C1
S2140233D800E001B8003E00B0D4910400505300202B
S2140233E8000002B8090B0B89001000BA40F6FA1260
S2140233F80321002000F0F2FD4FF03A400121D0F8F8
S2140234088C20D0F8AC3002F00702063201FA02F23B
S214023418C3F30C0CA2EB0C0292B2072A12D9774A13
S214023428126C53020ED4764BC26CC06E5B6D5BB1E7
S21402343802F0070206329140C0F30C00091A89B25C
S214023448072901D84BF4007B6E4A1278002A37D037
S2140234584FF03A42D2F8142112F4A02F30D16A4A19
S2140234686A4912789AB9F20411D40A787AB14FEAFC
S214023478DB02674842EA447282F00102D0F8F00E94
S21402348802F00102520020FA02F2930718D1042031
S214023498FDF774FD5F4A60485067FFF7F7F95B4926
S2140234A80A784AB95D4A127832B15D4A5D491268AD
S2140234B80BEA02020A4201D14BF4804B26F48056EC
S2140234C8B9F1000F1DD019F4805F18BF4BF4802B9A
S2140234D819F4807F18BF4BF4002B19F4005F18BF4D
S2140234E84BF0100B19F4007F18BF4BF0200B19F4A1
S2140234F8806F18BF4BF0400B19F4006F18BF4BF0E3
S214023508800BB8F1000F3AD018F4802F18BF44F495
S214023518007418F4803F18BF4BF4805B18F4801FC1
S21402352818BF4BF4003B18F4001F18BF4BF0020BF1
S21402353818F4003F18BF4BF4801B18F4800F18BF0E
S21402354844F0100418F4002F19D0314AD2F8C82EC5
S21402355812F0C00F13D02949CA68C2F30362032ABD
S21402356801D0072A05D14A6CD00602D48A6C110704
S21402357832D54FF400212C4A28F40028D161002EB7
S21402358800F01881320540F18A802848DFF88490D6
S214023598C2782749002A51D04FF40063013AD2B2C2
S2140235A84B66C27032B9234A1278C2B140F601415C
S2140235B8214A5167002200216EE04BF4803B1BE74C
S2140235C84BF4006B18E74BF4806B15E74BF4807BE3
S2140235D812E74BF0080B0FE74BF4001BCFE7D9F8BE
S2140235E8782012F4A05F15BF4FF4807240F60142AD
S2140235F8C9F85820C9F87820DCE700BF000002B8EE
S214023608004000B88760002086600020896000209D
S214023618003000B000C001B8000001018860002038
S21402362800140020088D0100002002B878600020EF
S21402363800E001B88460002000D001B80320FDF73E
S2140236489DFCD9F81420A34B12F0060F04BF41F6CE
S2140236581F72A149A14808BF4A674FF400619E4AF3
S2140236685166D9F8142012F0060208BFC9F8782065
S214023678B3F88E2012F400615DD022F40062A3F83B
S2140236888E20027802F0FF09002A58D1FDF724FF9F
S214023698FFF7AAFB4A4620214BEA020B0C43B3006B
S2140236A809D52E20FDF7B8FB4FF000518A4A44F0A0
S2140236B8080411675166F00606D52B20FDF7ACFB09
S2140236C81021854A1167516616F0306F05D1F1044C
S2140236D85DD5BAF1000F00F0A780320111D5292076
S2140236E8FDF79AFBFFF7ACFA48B17D4A7D487A495E
S2140236F84A66026700F54050C068430422D444F084
S214023708040416F0007A28D00420FDF737FC272098
S214023718FDF782FBFFF768FB4FF000716E4A5166B1
S214023728714AD2F8F01E490678D4704A022191608E
S21402373844F0020428E002784FF40052ACE74FF453
S214023748004238E70A6720204A66FDF765FB2D2007
S21402375844F00C04FDF760FBD3E716F0807FDFF831
S214023768909146D00420FDF709FC2820FDF754FB6B
S214023778D9F87820002A39D1FFF736FB564A584935
S21402378844F00104116751660021594A91653204D2
S21402379805D5584A126890474BEA000B0C43730546
S2140237A808D555498A78002A00F08E80013A8A7030
S2140237B8002217433A4658462146FFF74FF8019B20
S2140237C80BB1FCF71DFF01224C4B05F00435C3F87C
S2140237D814514B4B18F4002FC3F884211EBF4FF424
S2140237E80022424BDA6105B0BDE8F08FC9F878A02E
S2140237F8C4E7F004C8D50420FDF7C0FB414AC9F85F
S2140238087420FDF769FED9F8642012F0407FBBD118
S2140238182A20FDF701FBFFF7E7FA81E7D2F8C82E60
S214023828930685D4384A81E733490A7952B1013A70
S214023838D2B20A7112B92B4A3449516700224BEAAE
S214023848020BA4E70420FDF799FB0320FDF796FB7D
S214023858274A2C49516718F0F8FD81460DF10F00EA
S214023868FEF706F92A4A824612780AB1FEF774FF6C
S214023878BAF1030F0ED1DFF8A0A00020FEF7F8F881
S214023888032807D1DAF82820D007F6D4DAF8442035
S214023898D103F2D49DF80F20032A06D101211D4A2E
S2140238A84846117018F0CCFDC8E74FF03A42D2F8F5
S2140238B8142112F4A02FF1D1FEF7E8FF484618F0BB
S2140238C8BFFD4FF48042BAE70220FDF757FB0122FC
S2140238D86FE700BF003E00B000E001B88460002039
S2140238E81000002000D001B8003000B0002002B856
S2140238F800C001B84867002078600020002000BA9F
S21402390800E100E000000101001002B80000010D0D
S2140239188A60002086600020000002B80122024B5E
S2140239281A62DA61704700BF002002B8094A08B571
S214023938D369116A0B40084923F47F00DB07C86184
S21402394806D5D1684FF0FF30C1F3036114F03BFB94
S21402395808BD00BF000002B8002002B80C4A08B52D
S214023968536C926C13400B4A5364DB070FD50A4B11
S21402397840F663421878122100F0010000F02EFB90
S214023988BDE80840002201200021FEF767BF08BDF7
S21402399800C000B800E000B80014002070B5174D4B
S2140239A82C6C6B6C1C40164B24F00202E1071A645E
S2140239B805D540F6CA420020296800F00FFBA20788
S2140239C81AD502220E4B1A646B68DBB2A3B9FDF74E
S2140239D81DFD04460D460B4ED6F8F433DB060BD512
S2140239E8FDF714FD02460B4620462946FDF7B4FAB3
S2140239F8652871F10001EFD370BD00BF008002B8E0
S214023A0800A002B8000002B838B50B4C0B4DD4F82B
S214023A188430DB0706D4A36FD4F884201340084A00
S214023A28936738BDD5F804311A06F0D5FFF7B6FF06
S214023A388023C5F88431EAE7008001B800E100E097
S214023A4800A001B870B514460D4618F0FEFC064BE9
S214023A58D3F8C86E74402C407440C3F8C84E18F0A9
S214023A68EFFC06EA050070BD003000B0034BD3F841
S214023A78C83E99430CBF012000207047003000B0B2
S214023A882DE9F04117460A43012A1D469DF81840BB
S214023A989DF81C60DDF8208029D8B44227D2082E6B
S214023AA825D8032B23D8B8F1000F20D00A460021C8
S214023AB8FBF7DAFEFF21EB009940C943DFF834C072
S214023AC808F1FF38FF00E2B2964202D80020BDE8AD
S214023AD8F0813D190CEB8505D5F8F82018F8010F8A
S214023AE80A4098401043C5F8F8000134EBE7212055
S214023AF8EDE700BF003E00B01E4BD3F8C83E13F0F9
S214023B0801001ED01C4B93F84C001C4A40F08073F0
S214023B18C2F8CC304FF480131949C1F8B430A1F575
S214023B288051C1F8B830D2F80C31DBB2FF2B1FD067
S214023B38984294BF0020012040F61F623C2100F004
S214023B484DBA1A06E1D40F4A92F84B1121B1DB0698
S214023B5802D592F84801D8E74FF480120020084BA5
S214023B680649C3F8B820C1F8CC00C3F8B420704799
S214023B780120E1E7003000B0003F00B0004000B886
S214023B88006000B8003E00B0034B1868034B0028DC
S214023B9808BF1846704700BF58530020B0CA040032
S214023BA82DE9F843DFF860900646D9F80080084603
S214023BB81746B8F1000F03D00E242046BDE8F88356
S214023BC806B3336801331DD1E1B100F073F8054638
S214023BD80028F1D0C9F8000000F092F8284614F040
S214023BE84BFA044640B14046C9F8008000F088F80F
S214023BF8284614F03CFAE0E73560002FDDD0284668
S214023C08B847DAE72124D8E75C530020024B186845
S214023C18003818BF012070475C530020002108B501
S214023C28024B08465B689847002008BD34670020A8
S214023C38431E033306D8044B984228BF1846642806
S214023C4838BF6420704700BF40420F0038B50546AB
S214023C580C4641B10B6833B11B68013303D0CB68FD
S214023C680BB18B684BB914F0EAF800204FF4C17216
S214023C78412100F0B3F9212038BD0846FCF7A4FD1F
S214023C8800230A4A85F83031C5E93743C2E90033CA
S214023C9863694BB1064A422110684FF4D272C31ABE
S214023CA85842584100F09AF90020E5E75863002088
S214023CB8E8520020F8B5044618F0C7FB0026074667
S214023CC80E4B1B6893B19E68AEB196F82420D207B5
S214023CD811D435460FCC0FC50FCC0FC523682B6001
S214023CE896F8243043F0010386F82430384618F054
S214023CF8A7FB3046F8BD1B68E4E700BF70670020E4
S214023D0810B5044618B9054B054A136010BDFAF7F4
S214023D1827FED4F8E830002BF6D1F4E75F800300DC
S214023D286C670020014B1868704700BF5863002074
S214023D3808B502460868FFF77BFF08604868FFF781
S214023D4877FF48608868FFF773FF8860C868FFF7E0
S214023D586FFF0B69C860581C03D00B48834228BF04
S214023D6803460B614B69581C03D00748834228BF99
S214023D78034688694B61FFF75BFFBDE80840886128
S214023D881046FBF797BD00BF40420F00D0F8E03060
S214023D982DE9F04105460C4613B1838D8B424CD073
S214023DA8D5F8DC30002B4BD09E68002E48D0D86859
S214023DB8002845D0013800B200281ADB002106E0A8
S214023DC8128A591CA24217D209B2884211DB0B1872
S214023DD803EBD3735B1003EBC30206EB8202B2F863
S214023DE80EC003F1FF3EA445EAD90FFA8EF08842C8
S214023DF8EDDA2120BDE8F0814FF6FF7299B29142C2
S214023E08F7D09BB203EBC30306EB83062846B6F944
S214023E18122095F82411D5F8F080E9F7E1F907465B
S214023E28B8F1000F04D00023324628461946C04788
S214023E38AC85C5F8E06085F82D710020BDE8F081F4
S214023E480E20BDE8F08100BF2DE9F04782B0044697
S214023E580F461646FBF796FF00285ED1454D2B689F
S214023E68D4F8DCA0D4F8E0800BB1534562D04FF00A
S214023E780009AF60FBF7D0FF0128074651D12B682F
S214023E88DAF80010D8F8002013B1186888425CD017
S214023E98204613F0E0FEC5E900A8D4F8F0508DF8E5
S214023EA80760002D58D00022204611460DF1070360
S214023EB8A8472046FBF728F90546B9F1000F0FD0A8
S214023EC876B9D4F888300BBB012F05D025B12A4B1A
S214023ED8002103205B689847284602B0BDE8F087B1
S214023EE8B5FA85F040F207523321400900F076F819
S214023EF831462046FBF70EFB204B05461B6841461B
S214023F0820469847D4F88830002BDDD000224FF49C
S214023F1800732046FAF734FDD6E70023154D6B608A
S214023F289DE700210120FAF763FDFBF775FF0128DC
S214023F38FBD1A4E76B68002B99D0434597D1AB68B1
S214023F489F4215D04FF0010993E7696811B10968D5
S214023F589142A0D059689BE794F8281094F82D311E
S214023F683246994228BF19462046FBF71FF8A0E7B3
S214023F780025B1E758630020346700206C670020EC
S214023F88F8B50E46054618F060FA31460746284642
S214023F98FFF7FCFE044620B1384618F051FA2046D0
S214023FA8F8BDFBF7D1FE224631462846FFF74CFFFE
S214023FB80446384618F044FA2046F8BD38B5044D8B
S214023FC8044C054B286021601A6017F039FF38BD8B
S214023FD860530020746700206453002010B550B95F
S214023FE80548064B0160064802601868054B1860CB
S214023FF81868FFF7E3FF10BD746700205C530020C3
S214024008645300206053002010B518F01EFA084BBF
S21402401804461B683BB1984728B1002200204FF49B
S2140240288061FEF71BFC2046BDE8104018F008BA6F
S214024038685300200023F0B585B0CDE90133039319
S214024048124B134D1B78134E8DF8043018F00AFAEB
S2140240582A78337804469A420F4F0CD0317838685B
S21402406801AA297013F0E4FF50B140F608210B4864
S21402407818F07FFA04E0386813F0BAFF0128EDD08A
S214024088204618F0EAF905B0F0BD00BF326A0020F3
S214024098606A0020616A002084530020A467040036
S2140240A8F8B52B4B1B7823B140F6FC31294818F09B
S2140240B860FA18F0D7F9284B07461C8814F006044D
S2140240C809D001214FF4807017F026FA3846BDE869
S2140240D8F84018F0C2B921464FF4807017F01CFA5F
S2140240E8204600F09DFF022808D180221B4B802123
S2140240F8186813F039FBFFF79DFFE7E7204600F044
S2140241088FFF054638B1012807D040F631411148DD
S21402411818F02FFADAE70246E8E7FF220F4E104BAE
S21402412830681A70FFF77AFD306813F061FF0128CD
S214024138CCD02A462946306813F05CFF21462C204C
S21402414817F016FA21460A2017F012FABEE700BF41
S21402415890600020A46704005E5900208453002063
S214024168606A00200021014818F01CB8C8670020C1
S2140241787F2837B5044610D14FF6FF730222174838
S2140241880DF10601ADF80630EAF74CFFBDF8064019
S214024198E2054CBF6FF04A0464B218F063F9104B9C
S2140241A805461C700F4B1B88DB0710D50E4B1B7879
S2140241B8002B0E4B0CBF21466FF07F01186813F0D8
S2140241C801FB20B140F67861094818F0D2F9284672
S2140241D803B0BDE8304018F040B900BF641002C012
S2140241E8586A00205E5900209160002084530020FF
S2140241F8A467040010B50FF0BEF860B10FF0BDF862
S2140242080B4A80B141F20D03BDE8104041F20D01A0
S214024218074817F0D3BA074B1A781B799A4204D183
S21402422800220023F0E70D23EEE7034AF9E700BF72
S214024238400D0300326A0020488D0100F8B5164E7C
S2140242480D46337802F0010423B140F2C531134813
S21402425818F08FF9124B134F1D60134DA4B1134B70
S214024268997801B10121202017F056F92B783B7076
S2140242780F4B1C780F4B00211C70042333700E481A
S214024288BDE8F84017F08EBF2146202017F044F903
S2140242982B783B70EEE700BF90600020A46704000E
S2140242A8745300208D600020626A00207853002034
S2140242B88E6000208F600020C86700202DE9F84332
S2140242C818F0D0F8DFF8A0810546B8F80030614C3F
S2140242D813F4807F03D0237873BBFFF7E1FE002137
S2140242E8084617F045F95C4B1A78FF2A13D01A7855
S2140242F802F0FF0632BBFF221A702378052B0AD17A
S21402430800232846237018F0A8F8304613F0F9FF61
S21402431818F0A8F805462378504E062B09D13378AC
S214024328FF2B06D03378022B15D100214C4817F004
S21402433839FFFF2333702BE000214FF4807017F00B
S214024348EBF8CCE71A78012A4FF0FF0214BF33269F
S2140243584C261A70D4E7337813B13378012B22D15E
S21402436817F07AF907463E4896F8009001F0CEFB19
S214024378FF235FFA89F9337077B1B9F1010F44D197
S2140243886421374884F8009017F00CFFFFF752FEB6
S214024398284618F062F806E02846277018F05DF8F6
S2140243A8384613F0AEFFB8F800301B0605D50021D4
S2140243B8802017F0B1F812F09AF901F0E3FA294EC4
S2140243C8308000B32778012F42D117F0FFFD05464B
S2140243D810B3013018F0ABF900F44060B0F5006F86
S2140243E81AD104223946284617F030FD284418F018
S2140243F89EF94FF6FF7398420ED10020318800F0DE
S214024408F1FC00233380BDE8F88300232846237096
S21402441818F023F83F20C4E7114801F077FB002183
S21402442808462170012500F08FFC23780BB9FFF7A8
S21402443837FE0020318800F0D5FC00233380002D9B
S214024448E1D020780028DED1BDE8F84314F091B810
S2140244580025EAE7906000205F6A00205E6A002076
S214024468C86700205C5900205E59002008B513462C
S2140244780A461946064B186813F031FA30B1BDE8F9
S214024488084040F2F441034818F073B808BD00BF6C
S21402449884530020A467040008B513460A46194642
S2140244A8064B186813F015FA30B1BDE8084040F21A
S2140244B8FB41034818F05DB808BD00BF84530020CE
S2140244C8A4670400024B1878431E584258417047A6
S2140244D89060002008B5064B1B7823B140F22551A0
S2140244E8044818F046F8FFF7DBFD002008BD00BFB9
S2140244F890600020A467040008B5054B01EB810113
S2140245081868490013F060F9002818BF212008BD72
S2140245188453002008B5044B1868F9F7B1FE0A233D
S21402452890FBF3F040B208BD84530020014B187884
S214024538704700BF616A002008B5044B186813F07C
S214024548F7FDB0FA80F0400908BD00BF845300208A
S21402455838B5124D0C462B78012B04D940F2465139
S2140245680F4818F006F821460020FFF7E5FF90B13D
S2140245780C4B1C702B785BB9FFF792FD0A4B93F92C
S21402458800100A4BC901186813F03BFE002038BD1C
S214024598FFF750FDF2E72120F9E700BF9060002000
S2140245A8A4670400616A00209260002084530020F9
S2140245B808B5074B186813F0B9FD30B1054BB3FBC5
S2140245C8F0F083B20BB1184608BD0120FCE700BF25
S2140245D88453002040420F002DE9F3475C4E012029
S2140245E817F0C4FF3388990704D440F63F41594868
S2140245F817F0BFFFDFF8808198F80030053B012BE3
S21402460804D940F64141534817F0B3FF524F3B686E
S21402461823B940F644414F4817F0ABFF348814F0EC
S214024628200478D00121222016F0A2FF4FF47A74D3
S214024638FFF7BEFF3B681B780933434304EBC3040A
S21402464898F80030A5B2062B0BD117F0CDFB04461E
S214024658FFF7AEFF602358430C2303FB04002844ED
S21402466885B2D7F800903D4B99F800801C7808F17F
S214024678FF381FFA88F8002C52D133885A0505D419
S21402468809F1010018F053F8C0F340143449354ACA
S214024698887812784B7812FB00F2334F93423B70BD
S2140246A8A4BF9B1A3B703B78CA78BD60934238BF5A
S2140246B813463B700EF067FE002833D00EF061FEFC
S2140246C8012814BF1025082525430023DFF8ACA0CF
S2140246D80093802243464946DAF8000013F0A6F80B
S2140246E820B14FF43B611B4817F043FF1F4BDAF823
S2140246F8000019781E4B197033889B0614D52A4673
S2140247081C4B009713F092FCC0B9002002B0BDE81B
S214024718F04717F02BBF2146222016F029FF87E71D
S2140247280024B3E72546D0E72A460F4B13F07CFC55
S214024738014618B9252016F01BFFE6E72146262073
S21402474816F016FF40F6F431024817F012FFDCE7BF
S2140247585E590020A467040074530020936000206A
S214024768326A00208D60002078670020616A002087
S214024778606A00207853002090600020845300204E
S214024788184B10B51B889B0704D440F6A66116483A
S21402479817F0EFFE154B1B78053B012B04D940F6A4
S2140247A8A761114817F0E5FE114B1B6823B940F6BE
S2140247B8A9610D4817F0DDFE00240E4B0E49212094
S2140247C81C7016F0D5FE014618B9BDE81040FFF772
S2140247D803BF022804D12046BDE8104016F05EBF8B
S2140247E810BD00BF5E590020A46704009060002038
S2140247F8745300208B600020A1490200F8B55A4C79
S21402480823889A0704D54FF43E71584817F0B1FE2C
S214024818574801F07BF917F025FE238805465B0703
S2140248280DD54FF0FF3013F048F8524B1B68C01AEC
S214024838B0F5717F03D90021042016F06DFE2846D4
S2140248484D4D17F00AFE2B78042B32D117F00AFECC
S214024858238806465F0708D54548002117F0A2FCBC
S2140248683046BDE8F84017F0F8BD17F0F6FD17F029
S214024878F9FD424B06461B78414F13B92388590562
S2140248880FD50523012102202B7016F045FEFFF7EF
S21402489877FF304617F0E1FD3B68DA78394B1A7035
S2140248A8F8BD3868013017F042FF8206E9D50623BC
S2140248B8E8E7062B4DD1344B1B78FF2BF0D1334E4D
S2140248C80EF063FD3378002B3DD017F0CBFD23881E
S2140248D805465B0705D52648002117F063FC2846DF
S2140248E8BFE717F0BAFD3378013B337017F0BAFD0D
S2140248F804460121022016F00FFEFFF741FF20466C
S2140249081F4C17F0AAFD2068013017F010FF00F4BC
S2140249184060B0F5006F13D12468012104222046B6
S21402492817F094FA204417F002FF0146184B0420A9
S2140249381A783378D21AD2B2BDE8F84017F0C0BE59
S2140249484FF6FF71F2E740202B70BDE8F84013F0EF
S214024958D8BC012BA4D100232B700E4B1868FFF786
S2140249685DF93F20F1E700BF5E590020A467040006
S214024978C8670020705300209060002093600020D3
S214024988745300208C6000205E6A00208D60002030
S214024998626A00208453002008B50A4B1A7882B946
S2140249A8012210281A7004D040F69D61064817F0B6
S2140249B8E0FD0021202016F0AFFDBDE80840FFF715
S2140249C80BBE08BD8B600020A467040008B5094B1F
S2140249D81B88DB0604D440F2C351074817F0C9FD0A
S2140249E81020002116F098FD044B1868BDE8084010
S2140249F813F013BB5E590020A467040084530020FA
S214024A08012208B5074B1146186813F0F3FA00217D
S214024A182C2016F0ADFDBDE8084000210A2016F04D
S214024A28A7BD00BF84530020014B4008185C70479E
S214024A385A6A002008B513460A461946064B1868ED
S214024A4812F053FF30B1BDE8084040F6E94103488A
S214024A5817F08FBD08BD00BF84530020A46704006A
S214024A6808B5044B186813F0C3FA013818BF0120BA
S214024A7808BD00BF8453002070B5054617F0F2FC47
S214024A880E4B0F4E1B880446DA07357008D50D4BB9
S214024A980D4D1B78012B08D90121286813F02AFC32
S214024AA82046BDE8704017F0D8BC1BB10EF061FC7A
S214024AB8C305F1D4317881F00101EEE75E59002092
S214024AC8596A002091600020845300200C4B10B5D0
S214024AD81B880446DB0711D5FFF78CFB094B84F0CD
S214024AE8010208211868D20012F03EFE30B1BDE875
S214024AF8104040F63671044817F03BBD10BD00BFA3
S214024B085E59002084530020A467040008B5044BAD
S214024B180146186812F0F4FE003818BF012008BDD6
S214024B288453002010B50A4C23787BB1FFF768FF40
S214024B380021042016F0F0FC0021022016F0ECFCFE
S214024B4800232370BDE81040FFF7AABA10BD00BFC5
S214024B589060002038B5094800F0E8FC0024084DAB
S214024B6895F84430E0B2834200D838BD05EBC00061
S214024B78043000F0DBFC0134F2E700BF28540020C2
S214024B888853002008B5104602494822F9F7BEF8AD
S214024B98002008BDE053002008B5054817F05DFE62
S214024BA8014620B9BDE80840014817F0FBBA08BD1F
S214024BB8E8670020002238B51C4B15461C461A70BA
S214024BC80132082A5D609D8043F8085FF8D14822C2
S214024BD800211748F8F70AFF4FF6FE73A4F8683064
S214024BE86FF48033E365134B00211A88124B18685A
S214024BF8F8F7FCFE114BC4E91255C4E9283584F8C7
S214024C08445084F85050656584F8A850E9F754FD76
S214024C18FF220B4B012118700A4B00201A70E1F78D
S214024C2853FF0020FFF7B8FF002038BD8853002046
S214024C38E0530020D4690020A06600200000FFFF91
S214024C4894600020DA60002010B5AC24084B04FB00
S214024C580030836C53B990F850403CB931B1C0E982
S214024C6812122046FFF798FF204610BD2120FCE7C7
S214024C7888530020AC2370B503FB00F5094E731960
S214024C8893F850405CB920460BF022FF735D20462D
S214024C9843F002037355FFF77FFF204670BD0120DD
S214024CA8FCE700BF88530020AC235843024A135C33
S214024CB823F00303135470478853002070B5164632
S214024CC81F4A04461278C2BBAC211E4D01FB005196
S214024CD88A6C92BB91F850203AB1022B2DD191F8EA
S214024CE84410072907D91C2026E091F84410072902
S214024CF8F9D8012B08D0AC2000FB0450CA00011DCD
S214024D080C30F8F7C5FE0021AC2303FB04F00024A0
S214024D189DF8143000EBC1012944CB71049B8E80A8
S214024D288B602B1893F84420204601328C7183F846
S214024D384420FFF731FF204670BD0120FCE700BF84
S214024D489360002088530020F8B5234B04461B784E
S214024D580F46002B3ED1AC23204D03FB0053B3F87D
S214024D68A03023B940F245311D4817F002FCAC22A8
S214024D7802FB0452D2F8A46036B192F8A330394640
S214024D880020B2F8A020B047AC2300216343EA18FB
S214024D98A2F8A010C2F8A410482192F8A82001FB95
S214024DA802322A44D2F89820964213D0EB5C9B072C
S214024DB80CD5AC226243AB5C204623F0020343F0D8
S214024DC80103AB54BDE8F840FFF7E6BE0BF0A2FEBF
S214024DD80028EED1F8BD00BF93600020885300205B
S214024DE8FB6704002DE9F04F89B0059008460D468A
S214024DF817F0ECF8044618B9212009B0BDE8F08F80
S214024E08284617F0FFF8C0B20838215C221892F834
S214024E1802A00491D1785268277803920022B4F847
S214024E280130ADF81E20434A029192F800B0BBF159
S214024E38000F08D0404B1B681BB120464FFA8AF277
S214024E4898470020D9E703F00703022B70D00134F5
S214024E5809225946204616F0F9FF023F3F1A3B063A
S214024E6806465FFA87F8C7D4344FD7F89090B9F158
S214024E78000F27D100210DF11E0B43462246084695
S214024E88CDF800B00BF05CFDC3B20546002B4BD143
S214024E98BDF81E0013F079FAE0B9BDF81E0013F04B
S214024EA85DFB8146BDF81E0013F06FFAF0B906EBFB
S214024EB8080201232146584692B200F07BFDD0B183
S214024EC819209AE75B465A4601212846C847002811
S214024ED8D0D191E7D7F89430BDF81E00002BDCD06D
S214024EE8A11998470028D8D1022086E742464846A4
S214024EF8A119F8F70BFFBDF81E0017F067F8029B1A
S214024F08059A0372049B80F809A08372039B1BBA56
S214024F18C360AC2303FB027393F85020BDF81E004F
S214024F2822B1DB6C03B19847E8B266E7BB6FF9E7D4
S214024F38012062E7936000206C530020885300200B
S214024F482DE9F84308460F46164602F1010913F002
S214024F580AFB8046384613F011FA042856D138461A
S214024F6813F030FA48F661054FF6FF7248F6410329
S214024F78294C904208BF1D46B4F85C10301D17F045
S214024F88D8FB384613F01EFA0146B01D17F0D1FBBF
S214024F98B4F85E1006F1080017F0CBFB06F10A0417
S214024FA8384614F0A3FF10B145F01005ADB22946F5
S214024FB8484617F0BEFB384613F0D0FA424601467A
S214024FC82046F8F7A3FE3846012117F037F844447E
S214024FD8074660B117F016F80546384616F0F6FF8B
S214024FE8EDB201462A462046F8F790FE2C440B4AB4
S214024FF8A41B13780134591C1170F37034703046B0
S214025008BDE8F8430922012116F020BF484617F0EA
S2140250188EFB4C460546C3E7885300209460002062
S214025028AC2210B548245043094B1A1892F8A81017
S21402503804FB0100034493F87700022806D092F88E
S21402504850301BB9032818BF012010BD0020FCE70A
S2140250588853002070B508B1012070BD234C94F81F
S214025068A850002DF8D12946B4F85C20FFF714FAA8
S21402507829462846B4F85E20FFF7F8F92946284656
S21402508804F16002FFF7D6FC94F87730002BE3D0E1
S214025098284694F85860FFF749FA864215D1002048
S2140250A894F95A50FFF736FA854216D10020FFF7D0
S2140250B8B7FF0446002016F07FFE0028CDD0214612
S2140250C8BDE870400020FFF705BA284694F8581045
S2140250D8FFF73EFA0028E2D0BFE7002094F95A10FC
S2140250E8FFF70AFA0028E1D0B7E700BF8853002086
S2140250F80346AC2010B51446164A00FB032292F863
S214025108770002280CD1E07F022809D141B1124962
S2140251180978012913D992F85810227891420ED1AB
S21402512818462178FFF708FA90B1482221460B481C
S214025138F8F7ECFD002016F03FFE08B9002010BD77
S214025148044B93F8A8000028F8D1FFF783FFF5E789
S2140251582120F4E788530020CE5F0020E053002089
S21402516838B5AC230D4C054603FB004300205A6DA8
S214025178D86483F8500012B15865FFF727FCF5F794
S214025188D5FBFF281EBFAC2303FB054484F8A80002
S2140251980020FFF75FFF002038BD00BF88530020BD
S2140251A87FB51D4C94F8A83023B1002084F8A800D7
S2140251B8FFF750FF94F85A30B4F8A0608DF80F3015
S2140251C826B940F2FD21154817F0D3F9144B31469B
S2140251D81D6800202A46FFF7B3FEE46F02469CB11C
S2140251E80DF10F0301930023294630460093A0478A
S2140251F802462C7854B920462146FFF7A5FD2046DC
S214025208FFF7CAFC04B070BD0122F2E72946002067
S214025218FFF714F8F6E700BF88530020FB67040080
S214025228A066002038B5494B1C78002C58D148484F
S21402523800F06CFC204616F0BFFD002850D0454C06
S2140252482378D90733D594F850201AB123F00303EC
S214025258237045E023F0010323700BF043FC237808
S21402526805469A0701D50BF033FC294600200BF0B9
S21402527849FA40B92378284643F001032370BDE86B
S21402528838400BF025BC0023482284F8A33094F853
S214025298A83084F8A25002FB0343D3F89830A4F847
S2140252A8A000C4F8A430BDE83840FFF779BF94F8E8
S2140252B84400B0B104F1A003251D95E8030083E875
S2140252C80300FFF76DFF94F844202846D20004F145
S2140252D80C01F8F7DDFB94F84430013B84F84430BF
S2140252E838BDA26C62B99B0711D52378002023F03B
S2140252F8020343F001032370BDE83840FFF74CBCB5
S2140253080123A06484F85030904723789EE70BF078
S21402531801FC0028E9D194F8A83073B1F5F706FB2A
S21402532894F85030002BDBD1FF2818BF84F8A80069
S214025338BDE838400020FFF78DBED4F88C30002B2D
S214025348ECD098470028CBD1E8E700BF936000204E
S214025358E86700208853002070B50446002016F03F
S2140253682BFDAC235C430B4E351995F850300BB128
S214025378002070BD0028FBD0074817F06EFA0028F8
S214025388F6D1335D002BF3D195F84400B0FA80F0DD
S2140253984009EEE788530020E867002010B5084A5F
S2140253A8034613F0EEF814684FF6FF7203EB400359
S2140253B89C42184603D9018802339142F8D010BDA0
S2140253C8445400202DE9F047204F05463B88A3B3F6
S2140253D8B0F90230002B30DBDFF87C801C49D8F8A5
S2140253E80000F8F759FD20B94FF4EA71194817F08A
S2140253F8C0F80026DFF85CA0DFF860903A88B3B2FF
S2140254089A4204D84FF4EB71504617F0B2F8D9F81E
S2140254180030B2B253F83200D8F8001003EBC204D8
S21402542868B943F83210A38828460133A38013F0DC
S214025438A8F8E38803EB4003E380BDE8F087F8F7B3
S2140254482BFD01360028D9D1EDE700BF60590020B0
S214025458C8670400D2670400086800203854002091
S21402546838B5094C094D22682B689A4204D94FF47C
S2140254788771074817F07DF828682368C01A20F055
S214025488010080B238BD00BF445400204C540020AE
S214025498D267040038B5124C124D21462846F5F755
S2140254A8F3F823680BB12B681BB9DE210E4817F0F8
S2140254B860F82A680D4B0E491A60236823F0010328
S2140254C813440B600B4B1A602AB9BDE83840F82122
S2140254D8054817F04EB8FFF7C3FF6428F5D938BD5C
S2140254E83C54002040540020D26704004854002050
S2140254F84C5400204454002038B5094C094D226803
S2140255082B689A4204D34FF48A71074817F031F889
S21402551828682368C01A20F0010080B238BD00BF90
S214025528485400204C540020D26704002DE9F0416C
S2140255381D4B04461B78012B24D1008816F028FD43
S2140255480546D8B10426DFF864802C4616F08AFF92
S21402555807462046FFF736FF638843EA0803638058
S214025568A05B16F015FD0446384616F076FF1CB109
S214025578B4F90230002BE9DA062E01D1BDE8F08133
S2140255880626E2E7022BF9D116F06CFF02462088BF
S21402559816F0FEFC18B10388C3F30E0323801046E8
S2140255A8BDE8F04116F059BF956000200080FFFF65
S2140255B82DE9F04F0024BA4B97B006461C8016F029
S2140255C851FF0123DFF8EC82B64F3B70B8F8003083
S2140255D8A8F80040ADF81630B34B1B68019316F0D6
S2140255E83CFFB24B21461A88B14BD2001868F8F72E
S2140255F8FDF90DF11600FFF799FF002E3CD1DFF8F2
S214025608B8924FF0000B0125D9F80040019B9C4246
S21402561839D3BBF1000F39D1002DF2D0D9F80040AA
S214025628DFF898A225462246019B9A4273D30223A4
S2140256380DF116003B70FFF779FF002E40F08F80C1
S214025648D9F800603246AA4280F0A280908816F006
S2140256589FFC18B10388C3F30E039380D08816F014
S21402566897FC18B10388C3F30E03D3801046FFF7DE
S21402567895FE0246E7E79847E3B256F82330013428
S214025688002BF8D1BBE7BBF1000F3ED00BF1FF337E
S2140256985FFA83FB16AB03EB8B0252F8402CB2F987
S2140256A8020051880028B1DA4B04AFD4924641F47E
S2140256B88040931D2AF8020F02933AF8020F16F05A
S2140256C867FCF0B1B0F902E0B0F802C0BEF1000F14
S2140256D817DB6FEA4C4C6FEA5C4CA0F802C00390EA
S2140256E8FFF770FEBBF10F0F8FBF002516AB039AAC
S2140256F803EB8B009EBF0BF1010340F8402C5FFAC8
S21402570883FB029B9A45D8D180E72046FFF746FEE0
S21402571822460446C3E7104612F033FF8346B2F920
S2140257280200118800280AEA010108DA204616F063
S21402573825FC084381B204EB4B0402EB4B051046EA
S2140257481180FFF72BFE02466EE798475FFA8AF348
S21402575856F823300AF1010A002BF6D170E74FF00B
S214025768000AF3E73046FFF719FE82467EB1B6F91D
S21402577802307188002B0ADA3088C0F30E0016F061
S21402578807FC864203462DD1C1F30D0171805646A9
S214025798AE42E7D3DFF81CA116F064FE00210646E7
S2140257A8504612F03FFF16F0F3FB0546002800F0BD
S2140257B88780304616F051FE284612F0E2FE06466C
S2140257C8204616F0DBFB81467600324629462046FE
S2140257D8F8F75EF9002249460DF1160017F015F89B
S2140257E83444D9E71BD9304612F0CBFEC1F30D017B
S2140257F8420071801846314692B2F8F749F9C6E770
S2140258085046FFF7CBFDD146854203D9B0F90230A0
S214025818002B01DA824603E0FFF7C0FDF4E7B14643
S214025828554507D9BAF80000C0F30E0016F0B0FBCB
S2140258388245E5D3B9F1000F30D0B9F80000C0F3BD
S2140258480E0016F0A5FB034638B93346CB469945F3
S21402585813D8B1459BD0D946ECE7484612F091FEDC
S214025868B9F802204946C2F30D02A9F802204200FE
S21402587892B21846F8F70CF9E7E718460193FFF7CD
S2140258888DFD019B9B46854203D9B0F90230002B59
S21402589801DA0346DBE7FFF781FDF4E7CB46DAE7F2
S2140258A86259002095600020445400206059002068
S2140258B83854002064590020485400200080FFFF16
S2140258C8BDF816303870A8F80030044B30461C6015
S2140258D816F0C3FD17B0BDE8F08F00BF4454002091
S2140258E82DE9F041054616F053FB0F460446D8B19B
S2140258F816F075FF20B940F2FB41204816F039FE33
S214025908284616F07FFB05462046FFF747FDBD42B0
S214025918064609D004D840F20351184816F029FE64
S2140259282588ED0B02D02781BDE8F08167802046E6
S21402593812F027FE074604EB400816F093FD104BBC
S2140259481A68B2420AD1C3F8008016F086FD2A46C3
S2140259584046BDE8F041FF21F8F748B8A6EB08062E
S214025968B5B216F07AFD072DF1D90023083D44F8A2
S2140259781730C8F80430A8F80250D5E7D2670400F2
S2140259884454002038B516F06DFD0021054604483B
S21402599812F048FE0446284616F05FFD204638BD3B
S2140259A864590020024B1888B0FA80F04009704704
S2140259B8645900202DE9F74F044600881F4616F062
S2140259C8E7FA88461546064616F009FF20B940F259
S2140259D8FE613F4816F0CDFD3388DB0B009306D0F8
S2140259E833892B443381002003B0BDE8F08F20882A
S2140259F816F008FB82463046FFF7D0FC019016F0F8
S214025A0831FDDFF8D0B0019BDBF8002081469A42D0
S214025A181DD1FFF725FDA84204D2484616F01DFD03
S214025A281A20E1E70AEB050373803FB1208816F0D7
S214025A38CDFA2A4641465044F8F768F93046FFF749
S214025A48ADFCCBF80000484616F007FDCBE716F08B
S214025A5804FD208816F0D6FA2844009980B216F07B
S214025A6829FB06460028DBD016F0B0FA81462088C5
S214025A7816F0ACFA8246208816F0C4FA5146024658
S214025A884846F8F743F93046AFB116F09FFA07468C
S214025A98208816F0B7FA2A4641463844F8F736F907
S214025AA80121208816F0CAFA01210246304616F06D
S214025AB8D9FA268097E716F089FA8046208816F0E3
S214025AC8A1FA2A4639464044F7F790FFE8E700BFAE
S214025AD8D2670400445400203421014816F049BD18
S214025AE8E6670400036910B55BB18268064B9A4202
S214025AF801D1002010BD446916F034FD201AF9D5EC
S214025B08F7E74FF0FF30F5E7E15A020082681C4BD0
S214025B1870B59A420446056819D116F0A3FC2369A3
S214025B2823B1A34206D100222A601A61BDE870405A
S214025B3816F093BC1A4611461269A242FBD12A688D
S214025B48A24208BF29600B6100232361EEE70369BE
S214025B5893B198426E6803D19D210A4816F009FD52
S214025B682B46B44209D122699D4218BF1A614FF0EA
S214025B78000308BF6A60236170BD33463669F0E7E2
S214025B88E15A0200E66704002DE9F04707460025B9
S214025B984FF0010A154EDFF858808AB0347914B9E6
S214025BA80AB0BDE8F087D6F8009087B900972A466B
S214025BB8B8F80010234603A816F0B6FE2246484652
S214025BC803A9E9F75BFA2544EDB20836E6E722466A
S214025BD803A94846E9F726FACDF800A023462A463E
S214025BE8B8F8001003A816F09FFEECE7E8CA04000F
S214025BF8665900200148FFF799BC00BF6659002085
S214025C089C46174BF7B5054608461988164611B13D
S214025C18144B1C78CCB1014662463046BDB103B07F
S214025C28BDE8F040E9F7FEB91C44E4B208373B7910
S214025C38002BF0D03A689642F6D185F00105224646
S214025C48009516F071FE03B0F0BD074FEFE7E9F7CF
S214025C5815FAB0B203B0BDE8F04010F04CBD00BF74
S214025C6866590020636A0020E8CA040010B5074C8B
S214025C78238843B10020FFF787FF0020FF22044B4A
S214025C8820801A7010BD0220FCE700BF665900206B
S214025C98636A0020142810B518D8082805D110F011
S214025CA893FDC401E4B2204610BD0E2802D110F0BE
S214025CB88EFDF6E7064B53F82040002CF3D00A2850
S214025CC82478F0D105F0A0FE0443EBE7FF24EAE7C8
S214025CD838CB0400014BB3F868007047885300209D
S214025CE800487047F2530020014B1878704700BFEF
S214025CF80C600020014B1870704700BF0C60002033
S214025D08194B022810B5187002D0043801281BD87F
S214025D18164B1B78042B03D00021154816F042FABE
S214025D28144B1B689A001BD513F0805F40F611448B
S214025D3818BF4FF44164204611F0E0F890B92046A7
S214025D48BDE8104010F0D5BC0948FFF7DFFE0A4848
S214025D58FFF7DCFE162412F091FE11F0C9F8EAE706
S214025D681524E8E710BD00BF10600020116000206F
S214025D780C680020D04600203C460020024B1878CB
S214025D8800F00F00704700BF10600020034B187821
S214025D9800F00F00831E58425841704710600020DA
S214025DA808B512F056FEC0B112F06CFEA8B10AF0A1
S214025DB8A7FF90B90A4812F0FEFB70B1094812F024
S214025DC8FAFB50B110F008FD38B111F099F820B975
S214025DD8BDE80840044812F09FBC002008BD00BF7A
S214025DE8685900209A5900205054002030B50546BC
S214025DF80C4693B081B910B9002013B030BD1023F9
S214025E08214A69460120FFF7FBFE9DF805305A1E17
S214025E18052A28D91720F0E7182200212046F7F786
S214025E28E5FD002DEBD1FFF7B1FF30B310F09FFB75
S214025E386A4601460020FEF7A5FEBDF80430204655
S214025E4823819DF80230A3729DF80030E37212F0A7
S214025E589FFF002304F11401237304F1100003F0DA
S214025E68CBFDE081C8E7094A9DF8041012789142F2
S214025E78D0D12B70002CD6D1BEE7054B1B78033B3E
S214025E88022BD3D9C6E700BF64EE01003D6A0020A4
S214025E981060002030B593B005460C46FFF776FF33
S214025EA820B90C4B1B78033B022B10D810F05FFB73
S214025EB86A4601462846FEF765FE00209DF802302F
S214025EC8607023709DF80030A37013B030BD1720A1
S214025ED8FBE700BF10600020054B1878012805D0A4
S214025EE800F0FD00A0F1310358425841704700BF48
S214025EF8106000201FB50146002201A816F022FAFB
S214025F08064801A916F0DEFC20B116F05FF84089B3
S214025F18C0F3400005B05DF804FB00BFE26900204C
S214025F2830B585B00D460022014601A816F00AFAD9
S214025F38084801A916F0C6FC50B116F047F8044600
S214025F48014608222846F7F7A3FD6089C0F34000F9
S214025F5805B030BDE2690020F8B50546F8B1002163
S214025F680F4816F04CFC0446A8B10D4F204616F012
S214025F782DF8064616F0D2F9830705D408222946D4
S214025F883046F8F77FF838B12146384616F05BFCFB
S214025F9804460028EAD10024201E18BF0120F8BDB6
S214025FA8E269002010B50C460146064816F08AFC3F
S214025FB830B116F00BF843891C4214BF01200020AA
S214025FC810BD00BFE26900201FB51446024601A8AC
S214025FD816F0B8F9074801A916F074FC40B134B1B6
S214025FE815F0F4FF142201462046F7F751FD01206A
S214025FF804B010BDE26900201FB50146002201A8C0
S21402600816F0A0F9094801A916F05CFC58B115F07B
S214026018DDFF4389024613F0020004D0507B80F06D
S2140260280800C0F3C00005B05DF804FBE269002072
S214026038F7B59DF824400D4601949DF82040064683
S21402604800941F4613F041FF4FF6FF71884204463C
S21402605810D0BB0711D4284600F056FF204616F08B
S21402606858FCFF281FBF084A32F8103023F4804332
S21402607822F81030204603B0F0BD024629463046C4
S21402608812F0E0FBEAE700BF3859002073B50E4667
S2140260980146144816F016FC0546D8B115F096FFC8
S2140260A843890446334012D09B0736B20BD5002EDE
S2140260B809DAA17B437B0289007B019101210091C9
S2140260C82146FFF7B5FF638923EA060363816289DF
S2140260D812B1012002B070BD2946024812F0C1FA78
S2140260E8F7E700BFE26900200148FFF71FBA00BFC2
S2140260F8E269002013B53E4C0DF04CFDD4F8FC3195
S2140261081020C3F307430193FFF7C4FD000650D5DA
S2140261180020FFF7BFFD01064BD5019B802B3ED121
S214026128236A9A0704D440F61544204602B010BDE6
S214026138E3699B07F7D52F4811F097FF012012F065
S214026148FBF80DF03AFD04460028EED100F042F9BD
S214026158294812F0BBFA00F099F9E8F7ADF80DF005
S21402616818FD08F003FF08F055FFF4F7D7FAF4F71E
S21402617875FBF4F78FFB03F0DBFD10F027FB10F03E
S21402618828FB10F0C0FE1D4813F0A8FE06F08CFA95
S21402619810F07CFE0028C8D010F07AFEC5E7019BF6
S2140261A8812BC0D1D4F80C315B00BCD5D4F80C31A5
S2140261B8BFE71020FFF76EFD0006BCD40020FFF7ED
S2140261C869FD0106B7D5019B802B05D1084B1A6AD3
S2140261D8D207A8D5DB69ACE7019B812BA3D1044B78
S2140261E8D3F80C21002A9EDAD3F80C31A1E700BFB7
S2140261F80080E00F690345EC50540020FD5E020063
S21402620810B512F038FC70B301F0E0FA80F0010421
S214026218E4B20020FEF724FC44EA800424B212F01A
S21402622818FC10BB02200443164816F016FB44EA74
S2140262384014154816F011FB24B244EA0014134819
S21402624816F00BFB24B244EA8014114816F005FB3C
S21402625824B244EA40240F4816F0FFFA24B244EA6D
S214026268C02080B210BD0124D3E70B4812F0A3F970
S2140262780028D7D0094812F09EF980F00100C0B273
S2140262884000D0E74C68002030690020D446002041
S214026298B068002010690020685900209A5900202A
S2140262A808B501F07FF8FEF709F8144812F083F9EA
S2140262B808B904F025FF124812F07DF908B906F06D
S2140262C8DDF902F095FF0F4812F032FA0E4B1B78F2
S2140262D8043B022B09D80D4816F0BFFA28B1FFF77F
S2140262E88FFF102801D107F0E1FC10F077FA12F0C0
S2140262F8B8FABDE808400648FFF75AB968590020B8
S2140263089A5900205054002011600020306900205D
S214026318B0CB0400014B1868704700BF84530020B6
S2140263284FF6F77370B5984204460D4686B043D8C2
S21402633812F0A5FAA04207D1082220492846F7F704
S214026348A7FB002006B070BD1D4EB6F86830A34203
S2140263580AD10022082106F16A0012F01EFA18B9BC
S214026368082206F16A01E9E784B1002301221946E8
S2140263782046009308F05CFDFF2811D129462046E6
S21402638808F000FF80F00100C0B2DBE70D4B1B6887
S2140263989B07EAD4284606F0FBFD0028E5D0D0E79E
S2140263A802A913F03DFC0028E8D1DDF80D302B6079
S2140263B8DDF811306B60C4E70120C3E79660002061
S2140263C888530020D0460020014B1870704700BF43
S2140263D83D6A002010B5054C082221460448E8F715
S2140263E821FE204612F085FA10BD00BF96600020F6
S2140263F834B608C00048704796600020082208B5E0
S2140264080349F7F73FFEB0FA80F0400908BD00BF1F
S21402641896600020014B1870704700BF0460002089
S214026428F7B50D46044616461F460021284601F0D3
S21402643861FD0B4B002183F859402A463346204615
S21402644800970AF03FF9014630B10222204603B00F
S214026458BDE8F04000F006B8012003B0F0BD00BF6A
S2140264688853002013B513460C461AB1022A0CBFED
S214026478134601230021044A019100922246FEF7A0
S2140264881DFC02B010BD00BF618B030000B50020E2
S21402649893B0FEF78FFB1E4B188813F020FD1D4B9A
S2140264A81D491A7800200AF091F93422002168461C
S2140264B8F7F79CFA0B238DF800306FF480330193BC
S2140264C84FF6FE73ADF8103003238DF81D30134BCC
S2140264D8134A0893134B10680993134B51680D938C
S2140264E8124B6A460E93124B0F93124B1093124B93
S2140264F8119302AB03C300210846FEF7F9FD6A466C
S21402650801210020FEF7F4FD13B05DF804FB00BF7E
S214026518CE6900204C6A0020AC7704003D69020070
S21402652896600020FD88030025960200E56A0200B0
S21402653851A50200618B030055920200014B1878A0
S214026548704700BF9E600020014B1888704700BF46
S214026558E66900202DE9F74F814610460E4690461A
S21402656816F0E5F8DFF840B105469BF8003033B977
S2140265784A4B1B681BB94A4B1B68002B7FD015F485
S214026588406A05F040071BD19FBBB5F5804F61D224
S2140265984FF48074B9F1400F73D0B9F1800F63D00D
S2140265A8B9F1100F6BD100239BF800003D4AD9B20F
S2140265B8884264D932F8021B0133A142F7D166E059
S2140265C808F1030016F0B3F84FF6FF73984214BFAB
S2140265D80124022487B1052705F44043B3F5004F8A
S2140265E844F0080425D0B5F5804F24D244F48074CC
S2140265F821E054460327EFE7B5F5804F4FF005072D
S214026608F4D3BAF5406F14BF022008203844404439
S21402661816F08DF8019012F04FF9019B05F44045EB
S21402662898420CBF44F0080444F00404B5F5004F41
S21402663801D144F08004BAF5006F0FD108EB0700C9
S21402664816F075F8054612F01AF9A842A2D144F0D7
S21402665810049FE7544603270220D7E7BAF5406F8F
S21402666808BF44F0200495E70C4B1B683BB1002298
S214026678D1B233F8110033F91110002903DA0020D9
S21402668808E0074BF1E7A04202F10102F0D106B199
S2140266983480012003B0BDE8F08F00BF60540020AC
S2140266A864540020B8590020D7600020034B1A789B
S2140266B8022A04BF09221A70704700BF9F60002092
S2140266C80C22034B1A211A700320002201F090BDF7
S2140266D89F6000200C2208B5054B1A211A7000226A
S2140266E8104601F085FD0022024B1A6008BD00BF65
S2140266F89F6000206C5400200C2270B50D4B054696
S2140267081E781A7030B93046BDE8704000221A2149
S21402671801F06EBD084B1C78E1B21A29F3D825FAA7
S21402672804F3DB0703D54422304601F061FD013449
S214026738F2E700BF9F600020656A00200C22024B29
S2140267481A7010F0D6BB00BF9F600020F0B50C8808
S21402675805460E468BB0E4B94FF6FF77ADF82470BF
S21402676810F0DCFB10B902200BB0F0BDCDE90340F7
S214026778CDE90544134A0294B2F85C3060320193BC
S21402678800923B464CF60101FF2009AA13F0C2FB11
S2140267983080284612F0B9F90B4C70B1237863B1F1
S2140267A8013BDBB22846237012F0AFF938B12078E5
S2140267B8B0FA80F04009C0B2D6E70523F2E7012016
S2140267C8F9E700BF88530020646A0020034B11468D
S2140267D81B6803B118470FF04CBF00BF6C5400206B
S2140267E80C22024B1A7008F039BF00BF9F600020C7
S2140267F80148FEF79BBE00BF6A5900207FB50546D2
S2140268080C46164615F00CFE00286BD1062D03D84A
S2140268185223EB40DB071AD4B4F1006F05D3E30E1C
S2140268281C3B032B18D94F202EE000222F4B1A6050
S2140268382F4B1D7011F0D7FF03460A2D54D8DFE8F8
S21402684805F02D183E49182518535341360002F014
S214026858A3F8B4F1006FE2D20022244B042D1A608A
S214026868234B1D70E6D1022001F0B6F911F0BBFFEA
S2140268780346012202921F4A01921F4A00921F4AA9
S214026888314620460AF078FA04B070BD31462046F2
S2140268981B4A04B0BDE870400AF056BA3146204694
S2140268A8184B194A04B0BDE870400AF031BA002203
S2140268B80292164A0192104A0092154AE0E702220C
S2140268C80B4B1A7000221046124904B0BDE87040FD
S2140268D8FEF7BAB9002202920F4A0192064A0092BD
S2140268E80E4ACDE74D20CFE70120CDE76C540020B5
S2140268F89F600020016702003D6902004D8B03007D
S214026908E9670200DD660200D567020045670200F5
S21402691855670200B5660200C96602000F8B0300BF
S21402692808B50AF059FA0C22014B00201A7008BD65
S2140269389F600020F0B585B0ADF8060018B976213C
S214026948644815F016FEBDF8060011F017FD044659
S214026958BDF8060011F012FD082846D00C2CBDF82A
S214026968060042D111F0FAFD074615F0E0FE0DF1D9
S2140269780F010646BDF806000FF019FF002879D069
S21402698809220021384615F061FA9DF80F301033B7
S214026998C518BDF8060015F035FBEDB2854269D27A
S2140269A82946BDF806000AF025FB06F44C4416F400
S2140269B84066054614D0F81C15F0B9FE4FF6FF736C
S2140269C8984208BF44F04004B6F5006F08D1781D17
S2140269D815F0ADFE4FF6FF73984208BF44F0100458
S2140269E89DF80F305BB3072D44D1BDF8060011F0B1
S2140269F8BBFC0446BDF8060011F0C0FC082817D0F8
S214026A08A30615D524F0200189B2BDF8060011F0B8
S214026A1896FCBDF8060011F0A1FD0021092215F02A
S214026A2815FA00F1100189B20DF1060013F09BFB6E
S214026A380022BDF80610284815F0E7FE1AE0082DD1
S214026A4816D8BDB1013D072D14D801A353F825F079
S214026A58B56A0200C16A02007D6A0200816A020003
S214026A687D6A0200CD6A0200F3690200D36A020058
S214026A787C2D24D005B0F0BD24F48844A4B2B4F525
S214026A88084FF7D1BDF8060011F073FCBDF80610E2
S214026A9813F02AFA0028A8D0BDF8060011F0C1FCA7
S214026AA800220146022015F00BFEE3E724F4806478
S214026AB8A4B2B4F5484F97E7B4F54C4F94E7B4F54B
S214026AC84C4F92D04CF6500301E04CF640439C42A1
S214026AD88AE700BFF4670400685900202DE9F743E7
S214026AE80F4690469946064615F070FA0446304612
S214026AF815F088FAC5B2083D2C44E178094BA2780D
S214026B081970094B31461A70002043463A46CDF8AA
S214026B1800900DF0CAFC003818BF012003B0BDE88B
S214026B28F08300BFB9600020B86000202DE9F04F5E
S214026B38DFF84081DFF8409198F8002099F8003095
S214026B4806469A4285B004D340F21911424815F017
S214026B5810FD30460DF10F0115F00CFC20B14FF474
S214026B688E713D4815F005FD98F800709DF80F40A7
S214026B783D1B15F0FF0530D04FF0FF3C374B012187
S214026B881B78A140184699F800304FF6FF790CFAA0
S214026B9803FC0023324A01F1FF3E0193C1F1000AC9
S214026BA89DF80430984243D8122004FB00002D4B6F
S214026BB8A0F1120105EBC5025200194404F10109BD
S214026BC81844F6F765FF4FEA89092748A9F1040130
S214026BD80144AA004844F6F75BFF224904EBC402C4
S214026BE801EB420321F81260204A013712784FF669
S214026BF8FF71DA731A745A7412025A801C4A0D20EC
S214026C0812781A7110225A7100229A73C3F8062053
S214026C18C3F80A20144B43F8242088F8007015F0AD
S214026C284FFD0EB912F0BFFF204605B0BDE8F08F43
S214026C3813884B450AD053680AEA030B03EA0E0385
S214026C480B4403EB4B0343EA0C035360019B0832E5
S214026C5801330193A4E700BF07680400496A0020CD
S214026C68A0440020045900209C440020B96000205B
S214026C78A06000200A600020476A002010B5074C72
S214026C882046FEF743FF04F06BFB02F0DDFE2046CB
S214026C98BDE810404FF47A5115F084BA0C6800200B
S214026CA82DE9F041074600250A4B0B4E93F8008063
S214026CB8ECB2A04503D8FF242046BDE8F08108229E
S214026CC83846B11DF7F7DEF901350028F4D012363A
S214026CD8EEE700BF0A6000200459002007B50DF150
S214026CE8070115F047FB30B19DF80730034803EB60
S214026CF8C30300EB430003B05DF804FB045900200D
S214026D082DE9F843294E044633785D1E2D1A834230
S214026D18EDB204D84FF4A171254815F02AFC0123D8
S214026D28A3404FF0FF305F1E3B4400214FF6FF7E24
S214026D386FEA03081F4A92F800C01F4A127890406A
S214026D481E4ACBB29C4523D8BDB127B204EBC40475
S214026D581B48640005EBC50204F112010144520007
S214026D682044F6F795FEBF001648AA00391D0144CE
S214026D7802F0FC023844F6F78BFE33780022013B19
S214026D8833704FF6FF71BDE8F8430E2015F098BC35
S214026D981388734507D0536808EA03093B4003EB98
S214026DA859030343536008320131CAE70A600020D8
S214026DB807680400496A0020476A0020A0440020A9
S214026DC8045900209C44002010B50A4C207858B973
S214026DD8094B1B781A2B03D99921084815F0C9FBC9
S214026DE80322074B1A7010BD0138C0B2FFF788FF9E
S214026DF8ECE700BF0A600020476A00200768040024
S214026E08066000202DE9F047054615F071FDFF28BB
S214026E18044624D1DFF884901E4B99F800201B788C
S214026E289A422BD22846BDE8F047FFF77FBE38883D
S214026E383B79504518D86F2B4FEA131214D85B07C4
S214026E4810D0123708F1010899F800105FFA88F690
S214026E58B142ECD80023104ADEB28E4214D3204642
S214026E68BDE8F087022AECD913F00EF80028E8D11C
S214026E7829463046BDE8F04711F088BE4FF00008B4
S214026E884FF6F77A044FDFE7107901338F28EFD8E9
S214026E981232E1E7476A0020045900200A600020FF
S214026EA84FF6F773984210B514D8FFF7ABFFFF28D2
S214026EB810D0134C00B200EBC00004EB40040DF0F7
S214026EC806FD104938B962880B7802EB0313A3EB68
S214026ED81213638010BD227C637C09789A42E2739F
S214026EE82374617407D98B4203D213468B4228BF98
S214026EF80B461B02EDE78A42F8D31346F9E700BFB2
S214026F0804590020B96000202DE9F04106460F46D4
S214026F1800240E4DDFF8388098F80030A34201D8D6
S214026F28BDE8F081082229463046F7F7ABF840B9A3
S214026F3835F8063CBB4204D02046FFF7E1FE013C8A
S214026F48E4B20134E4B21235E6E700BF0A5900207B
S214026F580A600020F8B5054608460E46FFF7A0FE6A
S214026F68FF2830D01D4B294653F820703046FFF7CD
S214026F78CBFF2846FFF746FFFF28044625D112F026
S214026F889EFFFF280AD1164C207838B10FF0F2FA85
S214026F982378B0FBF3F202FB1300C0B2294611F0C5
S214026FA8F5FD044623B20F4D03EBC30305EB430579
S214026FB808223146A81DF6F76BFD2B79204603F00A
S214026FC80F032B71F8BD0027D3E7074B1B78002B5E
S214026FD818BF0027014B43F82070E3E79C440020C3
S214026FE8476A002004590020666A002038B50B4B11
S214026FF804461B780D46834204D840F25A210848B4
S21402700815F0B7FA074804EBC40400EB4400294617
S214027018BDE8384008220630F6F73ABD476A00202F
S214027028076804000459002070B5044608460E4650
S21402703815F05EFCFF28054610D02046FFF730FE06
S214027048FF2807D0084B1B7823B9084B53F8202093
S21402705843F8252021462846FFF7C8FF3146204632
S214027068BDE87040FFF750BF666A00209C440020C7
S2140270782DE9F8430024804601272646114DDFF8FD
S2140270884C9099F80030A34210D83E430134E4B23B
S2140270981A2C4FEA470705F11205F2D14FF0FF30D6
S2140270A8094B1B7898403043BDE8F8832B88434544
S2140270B8EBD0284611F0B3FD0328E6D82B796F2BC0
S2140270C8E3D8E3E704590020476A00200A60002054
S2140270D810B5084C00EBC00004EB400423795B07AC
S2140270E807D1204611F09BFD237923F007031843A6
S2140270F8207110BD045900200022084B1878084B4E
S214027108D1B2884203F1120300D8704713F80D1C57
S214027118013221F0100103F80D1CF1E70A60002085
S214027128045900202DE9F04702261227DFF85C9062
S214027138DFF85C8099F8004000250CE007FB05F3B1
S21402714838F803A00021504611F07EFD10B15CB15C
S214027158013CE4B2013599F80030EAB29342EDD820
S214027168A34204D14FF6FF7A5046BDE8F0870FF0E7
S21402717801FA99F80030012EA3EB040390FBF3F210
S21402718802FB1300C4B2EDD00126D5E70A60002040
S21402719804590020034B00211A7803489200F6F798
S2140271A825BC00BF476A00209C44002010B5134B3C
S2140271B80C461B7886B0834212D9114900EBC000F0
S2140271C801EB4001082220460631F6F761FC002250
S2140271D80821204611F0E1FA80F00100C0B206E06C
S2140271E8C01A01A9C0B212F073FE10B1002006B090
S2140271F810BD01AB03CB20606160E8E7476A002058
S2140272080459002008B5074B024653F820308B4233
S21402721806D915204FF6FF7115F052FA002008BD60
S2140272280120FCE79C440020024B013143F8201061
S214027238704700BF9C4400202DE9F34781460C4660
S21402724800272A4EDFF8ACA09AF80030FDB2AB420F
S21402725810D86946204612F054FEC0B30822694682
S2140272684846F6F70FFF90B34946204611F092FFBC
S214027278FE2537E006F10608082241464846F6F794
S21402728801FF90B94FF6FF739C422BD03388A34276
S21402729828D0204615F03DFBFF2814D14946204643
S2140272A802B0BDE8F047FFF755BE14B912360137EB
S2140272B8CAE73388A342F9D100220821404611F0D2
S2140272C86CFA0028F2D12846FFF71AFDCCE74946A1
S2140272D8002015F01CFBFF28054603D0044B1B783C
S2140272E80344DDB2284602B0BDE8F0870459002000
S2140272F8476A00200A6000200F4B1B7883420CD88E
S214027308C01A0E4AC0B232F81030D90411D443F467
S214027318805322F8103001207047094B00EBC0005A
S21402732803EB40035A79D10603D442F010025A718D
S214027338F1E70020704700BF476A0020385900204E
S21402734804590020F0B5134B06461B78FBB10025FE
S2140273581148DFF84CC090F800E0104807781F4440
S214027368E8B2864501D80020F0BD7C1B94FBF3F0FA
S21402737803FB10440CEBC4003CF83440B44204D17E
S214027388002AF1D184788C42EED00135E8E7184617
S214027398EAE700BF496A0020BC46002008600020D1
S2140273A8A044002070B50CF0E6FB14250F49104ED9
S2140273B80B78328830809B1A03449BB2B3FBF5F4F1
S2140273C805FB14330B700B49E2B20B78934292BF5B
S2140273D800239B1ADBB2032A0B7088BF00230649D8
S2140273E89EBFD2000B68D3400B6070BDA26000201F
S2140273F86C59002007600020BC460020084B18681D
S214027408084BC2B21B789A4208D2074BC0F3072031
S2140274181B78984234BF002001207047012070472D
S214027428BC460020496A0020A1600020F8B505463F
S2140274381746FFF7E3FF064610B9184B1A783AB90B
S214027448212001224FF6FF7115F03AF90020F8BD07
S2140274581348DFF854C003780133B3FBF2F402FB97
S214027468143303700F48DCF8002000EBC30420F83E
S214027478335002F10132A1703846CCF80020FFF7EB
S214027488F7FDE670606011F0FAF9A84201D1012012
S214027498DDE7E3780133E370F9E700BF496A0020C5
S2140274A808600020A0440020BC46002010B50B4C03
S2140274B80B4A2378063B13700CF05DFB0022094B3F
S2140274C8FF211880084B09481A602278D200F6F77E
S2140274D88DFA0422064B1A7010BD00BF496A0020B6
S2140274E8A16000206C590020BC460020A044002061
S2140274F8076000202DE9F843074615F033F80546DD
S2140275081A4815F0AAF91A4B48B31C683C1B2C44B7
S214027518A4B20022174BDFF864901B78164D99F830
S214027528006005EB03155FFA82F8464509D9AB8871
S21402753805F11000A34215D9B21A29461201F6F728
S214027548A7FA013689F80060AC80B8F1000F03D1BB
S2140275583946064814F026FE2846BDE8F8833C4617
S2140275681D60D6E705460132DDE700BF2C6800201D
S21402757870540020A46000209C430020A5600020D0
S2140275882DE9F74F14F0EEFF4FF0000E284D294F65
S2140275982978294C97F800A004EB011303EB0A128A
S2140275A80092F3465246DFF898801FFA80FC064699
S2140275B8B8F80000ACEB0009A0EB0C001FFA89F93A
S2140275C801900098984217D1BEF1000F00D029709A
S2140275D8524503D200203A70FDF7DEFA3B7823B311
S2140275E82B78164804EB0314A188C8F8006003B089
S2140275F8BDE8F04F14F0D6BDB3F804C0CC450FD89A
S2140276084FF0010E93F802C001310CF1FF3C013A2B
S214027618A3F804B083F802C0C9B2D2B21033D0E7D6
S21402762801988444A3F804C0F8E703B0BDE8F08FD5
S214027638A4600020A56000209C4300202C6800203F
S214027648705400207FB56C461E4B1F4D1E78013EB7
S214027658F6B21E7095E80F0084E80F001B4B28460A
S2140276681A7805F1100132441201F6F711FA9DF85C
S214027678026016F00F0511D1BDF8080009F02CFEBD
S214027688360918BF29464FF00002BDF8000008BFA9
S214027698039904B0BDE8704002F022BDBDF80400AC
S2140276A8FFF728FF0346828804ADADF80420224679
S2140276B803CAAA4218605960144603F10803F6D1B1
S2140276C804B070BDA46000209C430020A560002082
S2140276D8F8B50024084D094F094E3B783178E2B2D6
S2140276E80B449A4204F1010400DBF8BD2846FDF774
S2140276F81DFF1035F1E700BF9C430020A56000205F
S214027708A460002070B5134B06460D461046124973
S2140277181A78124B09781B780B44934206DB1F2013
S2140277284FF6FF7114F0CCFF002070BDFFF7E2FEA3
S214027738013506808570044614F00FFFE08009F0D4
S214027748D1FD40F602432081E3600020FDF724FACB
S2140277580120EAE7466A0020A5600020A46000200F
S2140277682DE9F84386460023144FDFF85C803E78FE
S21402777898F8005012497219DCB294421CDA4FEAA1
S214027788041C31F80C900133F14501EB0410F3D1D7
S214027798631CD21A0CF1100C12016144F6F778F940
S2140277A8A5428BBF05F1FF3506F1FF3688F8005073
S2140277B83E700CB9034B1C70BDE8F883A560002028
S2140277C89C430020A3600020A4600020044B054AC6
S2140277D81B781278D3420CBF01200020704700BFE6
S2140277E8A4600020A5600020024B1878003818BF55
S2140277F801207047A4600020002108B5084B0948FC
S2140278081970094B1970094B1970094B1A7812012D
S214027818F6F7ECF8BDE808400648FEF777B900BF69
S214027828A56000209C430020A4600020A3600020DE
S214027838466A00202C68002010B50B4C23784BB102
S2140278480A4802F03BFD58B1084B0121188811F08E
S21402785808F908B9002010BD0122054B1A70FAE78C
S214027868FFF7F0FEEAE700BFA46000209C43002072
S214027878A360002010B50E4B1B78BBB10D4C2388B5
S21402788883424FF0000311D10B4AE160137049B9E5
S214027898A3781033A37011F0AEFB18B9A37823F0BF
S2140278A80F03A370FFF7CEFE012010BD1846FCE7B3
S2140278B8A46000209C430020A360002070B592B00C
S2140278C80C4606460EF053FEE17A05460020FCF703
S2140278D833FE28B394F90A0010F06AFF10BB134B64
S2140278E8E27A294683F85820A27A83F85A206A460A
S2140278F8FDF748F94FF6FE739E420CBF4FF6FF732C
S21402790823896A4629460020ADF80660ADF8043099
S214027918FDF7EEFB40B92289054B5A8012B070BDBE
S2140279285520FBE75620F9E72120F7E78853002081
S2140279387454002010B50446014608220948F6F792
S214027948A7F8237B022B0AD8002B14BF3122012268
S21402795805490B7017234B61044B1A7010BD0023A0
S2140279680122F5E7785400207454002010600020A5
S214027978014610230120014AFEF742B964EE0100CF
S214027988014B5861704700BF74540020014B1878A9
S214027998704700BF7454002010B5054C2378112B8D
S2140279A803D0E221034814F0E4FD4123237010BDFE
S2140279B81060002012680400064B01461B78042B50
S2140279C804D1054A137E053313767047034814F02C
S2140279D8E9BB00BF11600020745400204C680020E8
S2140279E808B50648FDF7A2FD0548FDF79FFD0EF00F
S2140279F8EAFEBDE8084000F0EBBF00BF6859002069
S214027A089A590020064B1878332806D000F0EF0063
S214027A18A0F143035842584170470120704700BFFF
S214027A2810600020002208B5074B4FF6FE701A7049
S214027A3810F031FF4FF6FF7010F04AFF034B5869FB
S214027A48BDE808400EF055BE1060002074540020B1
S214027A5808B5064B187838B10548FEF743F84FF4D0
S214027A687A73B0FBF3F0C0B208BD00BF0560002011
S214027A787C4600202DE9F0438BB00746154698460B
S214027A880E469DF8489049B9104605AC14F041FFD9
S214027A98214612F01DFA172818BF2646B9F1000F1C
S214027AA80AD1124B1B781BB9284612F02EFAD0B907
S214027AB82846FEF7A1FA02E0284612F026FA80F0D7
S214027AC80104E4B29DF850302A4602939DF84C30E1
S214027AD83146CDE9009338464346039411F005F93A
S214027AE80BB0BDE8F0834C46ECE700BF0C60002004
S214027AF80022014B1A7670477454002008B50020FD
S214027B08FEF788FC0023024AC2E90133538008BD07
S214027B187454002010B5144B1B78033B012B16D85F
S214027B28124BB3F868204FF6FF739A420FD1032020
S214027B38FEF7E6F801F052FFFFF7E0FF002014F028
S214027B483BF978B1BDE81040002010F015BDFEF7ED
S214027B58C7F80446FEF7BEF80146204607F01AF8AC
S214027B680220E5E710BD00BF116000208853002000
S214027B7808B5114A114B58611378032B1BD0D3B1A1
S214027B88332B01D0432B10D10D4B1B78033B012B13
S214027B9805D803231370BDE808400EF0AABD0EF000
S214027BA8A8FDBDE80840FFF7B5BF21231370BDE85E
S214027BB8084001F07DBD08BD106000207454002006
S214027BC81160002008B50348FDF7A0FFFFF796FFEF
S214027BD8022008BD7C46002038B5114D04462B7895
S214027BE8834218BF28700FF091F980B124B9204655
S214027BF80FF08EF902220DE001200FF089F92B789A
S214027C081A1F012A05D9062BF4D1032202E0002CFA
S214027C18F5D10122BDE838400021084610F0A5BF7C
S214027C281160002030B5044685B068460D46FFF759
S214027C389FFE94B100212846144A01F0F3FE144B25
S214027C4820681B7861688DF80430124B1B788DF813
S214027C58053002AB03C305F071F90F4B93F85820B1
S214027C6893F85A308DF803208DF8023010F024FE6F
S214027C78ADF8000010F003FE1023ADF806006946C2
S214027C880020064AFDF7BCFF05B030BD00F8FF0726
S214027C983D6A0020116000208853002064EE01002F
S214027CA810B5104B04461A780F4B002083F858205C
S214027CB814F082F810B1002010F05EFC002108468D
S214027CC8FFF7B0FF0FF014F92046FDF749FA40F621
S214027CD817400EF00EFD0023044A1380044A138050
S214027CE810BD00BFA660002088530020425900201D
S214027CF8405900201FB504466846FFF739FE54B1BE
S214027D0800238DF80530102369460020064AFDF741
S214027D1877FF04B010BD10F0B2FDADF8060010F003
S214027D28CBFDADF80000EEE764EE010010B50146A3
S214027D3804460020FCF700FC90B10C4B1B78023B73
S214027D48032B0FD80A4B1C7014F06AFB60B9094A59
S214027D580949FCF779FF003818BF0120800010BDDA
S214027D685520FCE70220FAE74D20F8E710600020CD
S214027D78A6600020F9A50200A97C0200F8B506460E
S214027D8814F04EFB044668B914F016F850B1064DC6
S214027D98204695F8587085F8586010F0EDFB10B13B
S214027DA885F858704D20F8BD885300202DE9F0411B
S214027DB880461846033B012B0E46174602D918B1D1
S214027DC8212438E0FFF708FF274B1D78022D08D03C
S214027DD8032D46D1B8F1000F03D1244B1B689B072D
S214027DE83FD43320FDF78CFF01F096FAB6F1006F08
S214027DF834BF1F4B052231464FF0060038BF1A78AB
S214027E08FEF7FCFC044628BB1A4D2873012000F036
S214027E1817FE10F051FD68802846B8F1000F0DD005
S214027E28022300F8043B10F0B3FF6C732F61394647
S214027E3830460EF0A2FB2046BDE8F081012300F88A
S214027E48043B10F0A5FF6C732F61394630460EF0DE
S214027E5893FBF0E72846FDF753FFB8F1000FF4D07E
S214027E68E5E70224E7E700BF10600020D0460020BE
S214027E78676A002074540020034B187818B9034B1D
S214027E88034A1B78D05C70470F6000201160002000
S214027E9894CC040038B5437B0446DB0703D590F937
S214027EA809000FF024F800250F4B83F85950207963
S214027EB8FFF764FFFFF7E0FF61882488034622463F
S214027EC82846FEF7ADFA044620B11720FFF750FE03
S214027ED8204638BD1723054DC82105486B6114F0A6
S214027EE861F903232B76F3E78853002074540020A5
S214027EF84C680020F0B51A4D06460C4693B0A5F815
S214027F08680005F16A0729BBC5F86A1079600EF0A1
S214027F182EFB6A4601460020FCF734FED5F86A3086
S214027F28ADF81060CDF812307B68CDF816300EF03A
S214027F381EFB6A4601460020FDF7DAF84FF6FF7385
S214027F48B5F86800984203D014B106490EF018FB3B
S214027F5813B0F0BD08223846F5F79AFDD7E700BFFA
S214027F6888530020F25300202DE9F041DFF8B8804C
S214027F781F4698F8003005460C4616461BB10225E1
S214027F882846BDE8F081531E052BF8D814F048FAA7
S214027F980028F4D13B7B032B14D14FF6FE739C4288
S214027FA812D1012E09D0022EE9D110F068FC4FF644
S214027FB8FB73984203D810F062FC044604E011F002
S214027FC8B9F8FAE7012EDAD0EDB939462046FFF7B6
S214027FD875FC05460028D3D198F80030332B03D019
S214027FE8532B1CBF0E4B18613046FFF7F5FD0021D8
S214027FF84FF6FF70FFF77EFF0A4B1B78002BBFD0A9
S21402800811F069FFBCE7397B721ECB1E59425941F3
S2140280185042504105F07CFF05460028D5D0AFE710
S21402802874540020686A0020106000202DE9F04190
S21402803805460F46904610F022FC6B7B0446DB078B
S21402804803D595F909000EF052FF10F018FC384BCC
S214028058384E188010F030FC374B1880FDF73AFE81
S214028068364B1880FDF73CFE082201463448F5F7E1
S2140280780FFD10F0C6FB334B18702879FFF77EFE0B
S21402808800216888FFF736FFFDF726FF60B14FF636
S214028098F672631E9BB2934206D911F04BF8B6F8F5
S2140280A8683004468342F8D0204610F0F4FB28884D
S2140280B810F00EFC4146B6F86800B847044628B9E0
S2140280C81920FFF755FD1920BDE8F081B6F86810AB
S2140280D810F08EF900231C4D86F859302B7803F0E1
S2140280E8FB03022B02D0204610F0EFFD00222046AA
S2140280F81146FFF707FB0446B0B117236B61134B13
S2140281081B78042B09D1C821114814F04BF8032315
S2140281182B7684F00100C0B2D6E74FF416710C48ED
S21402812814F040F80023F3E71720FFF721FDF0E7E5
S2140281387259002088530020705900206E5900207A
S214028148A7600020AF600020745400201160002051
S2140281584C680020F0B50C461E460B4620490746DA
S21402816889B004F1140053F8045B834241F8045BB7
S214028178F9D11B8802AD0B80D4F80E00D4F8121081
S214028188238803C5ADF8103023798DF812208DF8B0
S214028198133000233A468DF814304FF6FE7101204C
S2140281A802ABFFF7E1FEC8B902A8FFF7C3FB237BC1
S2140281B84BB10C4D0C4B01AA2946012001930EF037
S2140281C874FE2A781AB92046FFF764FE03E02046B2
S2140281D80199FFF72BFF08B9044B1E7009B0F0BDD2
S2140281E87459002074540020AF8D0300B06000203C
S2140281F801232DE9F341304E05460F4600202F494C
S2140282081446737300F0EAFB0EF073FEDFF8AC80D8
S21402821838B9012D01D9042D0FD1214638460EF062
S2140282282CFA1020002111F06EFE00283CD0002007
S21402823802B0BDE8F041FCF7AFBC002CF1D1204BF0
S2140282481B78212B03D0062B01D0532B02D101F029
S2140282582FFAE6E7FDF740FE0028E2D000F0EAFB38
S21402826828B9307BC0F11800FFF782FCD9E7154B16
S21402827841462046019300F0B1FB20B140F61901B1
S214028288114814F076F901AA0B4998F80C000EF07A
S2140282980CFE32781AB90948FFF7FCFDC1E70199C6
S2140282A80648FFF7C3FEBCE7FFF79EFA0028BED1D2
S2140282B802B0BDE8F08100BF745400207459002053
S2140282C810600020AF8D0300126804001FB5144B1F
S2140282D804461B88DB0707D44FF6FF700021FFF71A
S2140282E809FE002004B010BD0A230E4A012001A987
S2140282F8FDF786FC4FF6FF73BDF80C209A42EBD0CA
S2140283080822FF2101A810F048FA0028E4D10CB987
S2140283180120E7E7BDF80C0001A9FFF7EBFDF7E738
S2140283288C59002026E1010038B50C46154610F097
S214028338B2FA02F053FF29462046FFF7DBFD00F0AB
S21402834879FB48B1054BDB790E2B28BF0E23013388
S214028358DBB2034A137038BD0123FAE774590020CA
S214028368BC60002038B51D46FFF7FEFD0446C8B9B6
S2140283782B7B2846032B03D1BDE8384010F027BDD7
S214028388FFF7D8FA084B25469C8110F03AFA0121E5
S214028398064B81401A780620FEF730FA044608B1E2
S2140283A8034B1D70204638BD74540020676A0020AF
S2140283B81060002030B5012087B0FFF787FF6B46B4
S2140283C80446144A1068516803C384B904F0C4FD0D
S2140283D802A8FFF7CDFA4FF6FF752246BDF80E0043
S2140283E82946FFF7A1FF0EF0CFF807B030BD6B465F
S2140283F8094AD2F86A00D2F86E10B2F8685003C377
S21402840804F0AAFD02A8FFF7B3FA6A46BDF80E0002
S214028418E6E700BFA6F003008853002037B5324BC4
S21402842804461B781BB10224204603B030BD13F065
S214028438F7FF0028F7D100F00DFB14B122882B4B6A
S2140284481A8000210DF10700FDF7D0FC002848D15C
S21402845810F08FFC04460028E6D1254D9DF807004B
S214028468FFF7BAFB2B78033B012B27D82046FFF7EA
S2140284782DFF18B3FFF79EFF00F0FCFEFFF74AFB3E
S214028488012010F088F948B9184B1B889A0707D5B7
S2140284982346052201201749FFF788FC0446C3E74E
S2140284A8154D022329460120144AFDF7A9FB2B88FD
S2140284B85B07B9D5204600F0F1FEB5E72B78053BF9
S2140284C8012BB1D8FFF776FFFFF724FB2B78052B95
S2140284D80CBF04200520FDF713FC012010F05BF901
S2140284E8DCE71724A0E700BF106000208C590020A4
S2140284F81160002000F8FF073E59002027E101001E
S2140285087FB50024184E194D3278E3B29A4201D844
S21402851804B070BD4FF6FF73B5F868209A421AD0B9
S214028528134B1B88DB0714D5124AB5F86830106857
S2140285385168ADF80C3001AB03C30F4A0A2300207A
S21402854801A9FDF75DFB022300200C4A0C49FDF742
S21402855857FB0134D8E700220821064810F01DF917
S2140285680028F6D1DCE700BF486A002088530020BE
S2140285788C590020F253002026E1010027E1010071
S2140285883E59002010B500F0C7FE01F013FCD8B122
S2140285980E48FDF7BBFA0E480E4C017A0E30FFF76E
S2140285A841FB23781BB100F0F7F900232370002261
S2140285B8094B1A73FFF7AEFA07F0B8F900F012FF84
S2140285C8BDE81040FFF79CBF10BD00BF4C680020F6
S2140285D874590020B06000207454002010B5254855
S2140285E8FDF794FA01F0E6FB30B1234B1B781BB972
S2140285F8BDE81040FFF7C6BF01F0DCFB78B11F4CA0
S214028608237E83B1C8211B4813F0CCFD0021237EAC
S2140286180846013B2376BDE81040FCF72BBBFDF766
S2140286285BFC0028EBD1FDF757FC154B1B7858B9B5
S214028638112B03D003F0FD03412B19D1BDE81040DE
S2140286480E4B5869FFF794BA332BF7D10D4B18889F
S21402865810F021F90C4B188810F03AF90B4B0C491C
S2140286681888FFF747FC0B4B1878FFF787FBE5E7F8
S21402867810BD00BF4C6800200C6000207454002017
S2140286881060002072590020705900206E59002090
S214028698A7600020AF6000202DE9F04F0F4685B096
S2140286A802AD044629463846914611F0BEFE4FF002
S2140286B8000B82463846CDF804B00FF04FFF4678D6
S2140286C8022C804606F0020609D85CB1FDF704FCC7
S2140286D80446002848D1754B01241B7865E0043C03
S2140286E8022C3AD9FDF7F8FB38460FF0B0FE002404
S2140286F80546A046DFF8D8A138460FF02FFF50F8F7
S21402870809300DF10500019314F011F89DF807B031
S2140287180746B8F1000F4DD1BBF1000F5BD0DFF86A
S2140287288C9199F800300BB1002E63D0002C61D0E2
S2140287385F4B1B78022B5DD1BBF1000F53D1384635
S21402874810F0A9F858465946FFF76CFA07F0EEF803
S21402875840F607400DF0CDFF34E010F0FEFAFDF7C4
S214028768BBFB0446F8B15C464EB1524B1B78012B54
S21402877802D0043B012B0BD805B0BDE8F08F4B4B5B
S2140287881B782BB14B4B1B7803F0FB03022BF3D061
S214028798BAF1000F404608BF002511F039FE4FF027
S2140287A801088246A8E7414B1B78002BF0D0002E22
S2140287B8EED1E1E7BAF1000FAED05046FDF71EFE45
S2140287C80028A9D1002013F0F7FA0028D4D00020F8
S2140287D80FF0D2FED0E74FF6F7739F429FD91720C5
S2140287E8FFF7C6F9EEE7FDF777FB48B13248FDF723
S2140287F88DF9F4E7FDF770FB10B1BBF1000FF5D168
S214028808FDF76AFB0028DDD02846FEF749FAFF285E
S214028818DFF89CA0294C03D09AF80030012B04D12B
S2140288282946B4F86800FEF795FBFEF751FC2A467F
S2140288383846B4F86810FFF777FD214B214A93F9BA
S21402884806301B0213809AF80030012B19D0312B00
S21402885814BF432311238AF800301B4B16481968A5
S21402886813F0A0FC00F006FD0023124C99F8001045
S214028878237641B9104813F095FC40F61B43636112
S214028888A0E71123E7E7B8F1000F03D016B1FFF708
S21402889879FEF2E70D4B1B78042BEED1052106482C
S2140288A813F080FC09232376E7E700BF0C6000205C
S2140288B810600020745400204C6800208853002062
S2140288C8745900208A5900206C6800201160002024
S2140288D89660002070B508468CB00D460FF03EFE36
S2140288E809220021064613F0B1FA044628460FF07C
S2140288F8AEFD052228460DF10F0304A90DF04BFF25
S21402890802281BD09DF80F3029461C440023E4B2E7
S21402891804F11002365D01200093D2B20BF0C5FDB9
S21402892860B1022E0AD1064B1B78012B06D1054BE5
S214028938187818B922462946FFF7AEFE0CB070BD65
S214028948106000207454002008B5084B187050B107
S214028958074B1B883BB14FF47A710648594313F00C
S21402896821FC002008BD0120FCE700BF03600020B0
S214028978E86900209C450020014B188000207047BB
S214028988E869002008B5FDF7C1F80022014B1A7005
S21402899808BD00BF0360002010B50024044B05483C
S2140289A81C80054B1C70FDF7B1F8204610BD00BFB1
S2140289B88E59002070680020B160002008B5034870
S2140289C8FDF7A4F8BDE80840FFF7E6BF7068002088
S2140289D80148FCF7ABBD00BF8E590020F7B5134B14
S2140289E804461B780E46EBB183421DD90021104877
S2140289F813F005FF002501460D4F09B9012009E0CD
S214028A08AC4209D10024162322463046009413F0BD
S214028A188BFF204603B0F0BD384613F014FF01352D
S214028A280146EAE71820F5E72720F3E7B1600020B9
S214028A388E590020014B1878704700BFB16000209D
S214028A4825289DBF024B187000202120704700BFC2
S214028A58696A0020012307B51846064A0DF1070180
S214028A68FDF7CEF89DF80720034B1A7003B05DF8A1
S214028A7804FB00BF29E10100EA69002084B010B5B2
S214028A8802AC84E80F00082224480DF11601089C5F
S214028A98F5F7F8FA38BB9DF815309B0705D4204B36
S214028AA81B7803F0FD03312B23D11E49637809781E
S214028AB803F00F028A4203D0012928D1022A18D1CC
S214028AC82278B2B91B09022B13D194F90230002B73
S214028AD821DB154BB3F86820BDF80A309A4208D154
S214028AE8FEF790FF06E0002208210C480FF055FE1C
S214028AF820B90020BDE8104004B070470B4BBDF803
S214028B0808205B889A42C6D0002BC4D0F1E7022917
S214028B18EFD1012AD3E70120ECE700BF7854002002
S214028B28106000203D6A00208853002074540020FC
S214028B3884B02DE9F0478EB016AC84E80F00DFF853
S214028B4868C1564BBCF802009DF85D9010F001040F
S214028B589DF96220BDF870E09DF875A09DF97670C3
S214028B689DF878509DF97A109DF95E809DF86060B0
S214028B781B782FD09DF87D00C0F34004C0F3800018
S214028B88002B44D0464B1B78012B02D1002C00F058
S214028B988280C0B19CF800301E335BB2BB42ACBFC9
S214028BA8002701279845D4BF00230123BB4209D1D9
S214028BB88A4208DB0CD1A81BC0B280288CBF0020D2
S214028BC8012000E038460EB0BDE8F04704B0704712
S214028BD80020F8E710F0020F18D0C3B1490814BFF6
S214028BE801200020520814BF012300238342EAD141
S214028BF8AB1BDBB2802B0AD9AE42E9D1B84506DBFD
S214028C0849D1CA4594BF00200120DCE70BB90120F0
S214028C18D9E7AE4216D002AC1CAF0FCF0FC497E806
S214028C28030044F8040B2180DDE91A0116AB009014
S214028C38ADF804100FCB0EF031F90028E7D1AE429A
S214028C48B9D1C0E7BDF8583073451ED008AC0DF14F
S214028C58700CBCE80F000FC49CE8030044F8040B31
S214028C682180104C638873450FD10822211D0DF10F
S214028C782E00F5F707FA024638B90821201D0FF02C
S214028C888CFD10B96388002BC1D1B845BFDBC2D1B1
S214028C98CA45BCD8BFE7204695E700BFB1600020AA
S214028CA81060002074540020EA69002084B02DE980
S214028CB8F04F8FB06A4E18AC08AD84E80F00162243
S214028CC800212846F4F792FE33783BB90024654B18
S214028CD832781B789A4239D2002726E00021624869
S214028CE813F08DFD00270446B846DFF87C91002C69
S214028CF845D13FB1224639465B480FF0B2FC33787D
S214028D08013B33703378002BE0D0002156484FF0F1
S214028D18000913F074FD4F468046CA46DFF848B18C
S214028D28B8F1000F6CD1002FD1D01621002218A856
S214028D380FF02FFC014648B1002F00F08B80224628
S214028D4849480FF046FC337801333370454B327886
S214028D581B789A4207D94448002201880FF081FC02
S214028D683378013B33703378012B03D13F494048AF
S214028D7813F018FA0FB0BDE8F04F04B0704700229F
S214028D88214616232846CDF8008013F0CDFD16227C
S214028D98294618A8F5F776F90028EBD09DF864203E
S214028DA89DF824309A4225D1BDF86020BDF82030BF
S214028DB89A421FD108220DF12E010DF16E00F5F729
S214028DC861F9B8B902AF0DF1600CBCE80F000FC725
S214028DD89CE8030047F8040B39800EAB13E903003E
S214028DE80090ADF8041095E80F00FFF7A1FE0028E2
S214028DF8C0D027462146484613F025FD044676E7A6
S214028E081623002241462846CDF800A013F08CFD12
S214028E1802AF0DF1600CBCE80F000FC79CE8030018
S214028E2847F8040B39800EAB13E903000090ADF83F
S214028E38041095E80F00FFF77BFE074620B1B9F14C
S214028E48000F04BF444681464146584613F0FBFCD1
S214028E58804665E73A46044813F0D7FC73E700BF36
S214028E68B1600020696A00208E59002020BF0200E7
S214028E78706800202DE9F04F002104469FB00DF1DE
S214028E884008162240460E91CDE90C11CDF83B104B
S214028E98F4F7ACFD052220460DF11F0316A90DF0C6
S214028EA87AFC0228074600F0F28020460FF056FBAE
S214028EB8064613F03CFC8146F01C13F038FCADF86D
S214028EC84000701D13F033FC012FADF84200204617
S214028ED840F0E0800FF042FB0546204613F076F895
S214028EE80D3502232D1A0093214643460820EAB27E
S214028EF80BF0DBFA002800F0CA8020460FF033FB9E
S214028F08012F83469DF84D3040F0DC8000252F4621
S214028F1843F001038DF84D3016AE3388022B4DD13F
S214028F28F1782046023108F065F81B2846D1F17818
S214028F382046033108F05EF819283FD1F17820461A
S214028F48043108F057F84A2838D14FF0050AF17864
S214028F5820460131514408F04DF8F1780590514405
S214028F68204608F047F8059B00EB032083B200F082
S214028F783F02932B059240F095800023F77821460E
S214028F8802375744FFB23A4600930CA80F2313F051
S214028F98CBFC07F10F01204611F020F907F1110169
S214028FA80546204611F01AF9ADF84200059B023331
S214028FB853445FFA83FA33795345C8D806360DF117
S214028FC87603B342A9D19DF84D20C5F3C03363F3A7
S214028FD8410220468DF84D200FF057FA8DF84400CE
S214028FE820460FF047FA8DF8450020460FF047FA5C
S214028FF89DF83230BBF1190FC3F3C3028DF8472030
S214029008DDF833208DF84600CDF84E20DDF83720FF
S214029018CDF8522094BF00229DF83E208DF84820B5
S21402902803F003028DF84A209DF84D20DB0963F30E
S2140290388202694B8DF84D201B78022B56D1BDF85B
S21402904840600FF039FC864250D108A80FF0A0FE07
S214029058BBF1190F47D908220DF14E0108A8F5F7FA
S21402906811F800283CD1B9F5004F02D0B9F5624F85
S2140290780DD140F6FF7325F440459D4207D10022E4
S21402908808210DF14E000FF088FB00283ED01FB0D5
S214029098BDE8F08F0FF062FA0546204612F096FFFA
S2140290A807351EE7412B81D1F1782046023151441B
S2140290B807F0A0FF494B1B78C3F1B30318448DF899
S2140290C8490073E76FF30003F01D8DF84D3013F077
S2140290D82EFB0CA9054620460FF0ACFE0B2772E7BE
S2140290E800F058FDBFE700F055FDD0E7B9F5004F90
S2140290F802D0B9F5624FCAD140F6FF7325F440454F
S2140291089D42C4D1BBF1190FC1D9B8E7BBF11A0FFA
S21402911806D007F11F0142462046C9B20DF0C4FE2A
S2140291282F4C304D637BDBB12B78012B1DD10123ED
S21402913823730CAB029314AC94E803000090ADF8CA
S214029148041098E80F00FFF799FC90B194E8030022
S2140291580090ADF8041098E80F00FFF7A7FD08E0A6
S214029168FCF7BAFE0028DFD0E1E703F0FD03042B84
S214029178DDD02B78012B01D0042B88D11A4BDDF8D1
S2140291884E001B78DDF852108DF82230BDF84030BC
S214029198ADF820309DF84D30C3F340038DF82330E8
S2140291A89DF8313003F00F038DF82C309DF84830C7
S2140291B88DF82D3009AB03C30C4B1B681BB1414617
S2140291C808A8984763E79DF946209DF8451008A821
S2140291D80DF051FA5BE700BF10600020B86000206F
S2140291E8745400209F600020B76000206854002056
S2140291F810B513F0B7F9114B1B78022B1CD1104A85
S2140292081468A04218D00F4910600A68121B10444E
S2140292180D4A086012786AB1013A93403C225343D9
S2140292284FF47A725343984206D9BDE81040032099
S214029238FCF766BD0A23F3E710BD00BF10600020E6
S214029248C8460020C4460020396A0020064B1B8800
S214029258DB0708D50022054B43F82020044A135C96
S21402926863F00F03135470479059002018450020E6
S214029278D55F002008B513F075F90022024B186076
S214029288024B1A6008BD00BFC8460020C44600202C
S214029298014B1868704700BFC446002008B50C4842
S2140292A8FCF734FCFCF772FD80B10A4B0322B3F8D4
S2140292B8681001200DF018FE4FF47A71064B044828
S2140292C81B885943BDE8084012F06CBF08BD00BFB2
S2140292D89068002088530020CC690020014B188033
S2140292E800207047EE690020044A054B1870138860
S2140292F823F003031843108000207047905900207B
S2140293083A6A0020034B1888C0F30E00003818BFCC
S214029318012070473E59002008B5FFF7F3FF30B129
S214029328002004490223044A0880FCF769FC00204E
S21402933808BD00BF3E59002027E10100024B1888ED
S214029348C0F30E00704700BF3E5900200023084AAB
S21402935801201370074A08491370084B084A1B78FD
S21402936843F0040313800223064AFCF749BC00BFF5
S214029378B4600020B36000203E5900203A6A0020FC
S2140293889059002027E1010030B5012100240B2363
S21402939885B0104D019400918DF80C308DF80D00B3
S2140293A80323B5F8680003AA8DF80E4010F0CFFF25
S2140293B868B1B5F868100FF0FAFD40B10522064B01
S2140293C864211A70054B06481C7012F0EBFE05B0B5
S2140293D830BD00BF88530020B3600020B460002070
S2140293E8B0680020064B1B78033B012B06D8054BBA
S2140293F81B781BB9044B1878FFF7C6BF704700BF27
S21402940811600020B2600020396A002010B51548A5
S214029418FCF77CFB144B1978F9B9144A13787BB11C
S214029428013B1370124B1B78042B02D10846FBF73C
S21402943821FCBDE810404FF496710A4812F0B2BEFD
S2140294480C4A128802F00302022A0AD1BDE810402A
S214029458032201200849FEF7A9BCBDE81040FFF721
S214029468C1BF10BDB0680020B4600020B360002001
S214029478116000203E59002000F8FF07084B1A78B2
S2140294885AB10223013A93404EF66022534303210F
S2140294980448B3FBF1F112F085BE42F21073F6E708
S2140294A8396A0020B068002070B505461748FCF7F0
S2140294B82DFB0122164B28461A7010F06CFF411C31
S2140294C8044689B2284607F095FDA11C064689B2CD
S2140294D8284607F08FFD0F4C0223208021460020E5
S2140294E80D4AFCF78DFB86B9238803F00303022B8B
S2140294F803D1FFF7BFFEFFF7C1FF23885B0704D53A
S214029508BDE870400548FFF7C9BE70BDB0680020C8
S214029518B46000203E59002027E101009068002030
S2140295282DE9F0431F4C0546238889B0002B33D01B
S2140295381D4E00214FF4807010F0C5FC3378DB070F
S21402954828D50121208812F079FD074620880FF0D9
S21402955805F8023013F0EBF805A98046208811F0CA
S21402956801F83378384613F0020F104B18BF00255F
S214029578B3F8009012F046FD0646384612F026FD6D
S214029588F6B20290424606212846CDE9009605AB79
S2140295980DF02DF800232380054809B0BDE8F043F6
S2140295A8FCF7B4BA96590020B560002094590020FA
S2140295B8D068002010B5044640F62140FFF7B0FFF9
S2140295C801214FF4807010F07EFC78B10022084B1F
S2140295D81C80084B1A7007F085FEBDE81040064B43
S2140295E81880064B0648198812F0DCBD10BD00BF6D
S2140295F896590020B560002094590020CE690020B4
S214029608D0680020044A137818B943F0010313708F
S214029618704743F00303FAE7B5600020044B1B7853
S2140296281BB9044A1380FEF707B90020704700BF2B
S214029638A360002092590020042230B501F04003AE
S21402964887B0002B054614BF012400248DF80C2091
S2140296588DF80D1004D004A910F053FC10B304AB17
S214029668CDE9004301210223284603AA10F06FFE23
S2140296780446C8B10D4BB3F868100EF0B9FE4FF6A3
S214029688F7739D4209D9322202212046FEF73AF89C
S21402969880F00100C0B207B030BD294620460FF060
S2140296A886FCF5E70120F6E71920F4E78853002040
S2140296B810B5FFF731FE04F031FA0FF004FB002074
S2140296C810F017FC12F0ACFE08B1FDF729F9204C91
S2140296D82378532B12D1032323700023FF22194623
S2140296E80120FEF763FB002012F066FB10B1002093
S2140296F80EF042FFBDE810400DF0FABB062B01D073
S214029708212BF0D10120FEF7F5FA4FF6FE700FF086
S214029718C2F84FF6FF700FF0DBF80020FEF752FA99
S2140297280020FEF759FAFEF7E9F900F029FB0DF0DA
S214029738E2FB2378212B02D1FEF774F9D3E7002047
S214029748FCF7DEFA00214FF4004010F0ACF9CAE745
S2140297581060002010B50A4C0A48FCF7D7F923789F
S214029768062B02D10120FEF7C5FA2378062B01D074
S214029778532B03D1BDE81040FFF79ABF10BD00BFB8
S21402978810600020F06800202DE9F047DFF8C0805E
S21402979804460E461746FFF7BFFD98F8005015B95F
S2140297A80220BDE8F087212DFAD0284813F055F894
S2140297B80028F5D114F0200439463046DFF894A084
S2140297C8DFF8949005F00F051BD00CF0D8FE012D9B
S2140297D88AF80070A9F8006029D1212388F8003099
S2140297E8FFF766FF0020DCE7212388F80030FFF742
S2140297F85FFF00214FF6FE70FEF77CFBFEF780FE49
S214029808F0E70CF0BBFE012D8AF80070A9F800609C
S214029818EAD0062321464FF6FD7088F80030FFF797
S2140298280BFF40F22621094812F0BCFCE1E753235D
S21402983821464FF6FD7088F80030FFF7FDFE40F22D
S2140298482621024812F0AEFCCCE700BFF0680020E2
S21402985810600020B6600020F0690020F8B50D46BA
S2140298680646511C284607F0C5FB044628460EF055
S21402987875FE0546023012F05AFF154B07461B784E
S214029888022B02D0043B012B21D8124B1B6858022C
S21402989801D5A1061BD5620619D50F4BB3F8683059
S2140298A8B34214D16B781B070DD5284610F0B0FDCD
S2140298B8FCF7A4FD58B1314604F020000122BDE8A9
S2140298C8F840FFF761BF0EF0DAFFB842F3D0F8BDF2
S2140298D810600020D04600208853002073B5044646
S2140298E80D4613F016F8FF28034625D0134A1278B9
S2140298F84AB1134A32F81020520404D510F0EAFA94
S214029908002002B070BD184610F0F5FA6946064601
S21402991810F0F7FA40B1FCF7E7F928B10023022263
S2140299286946304605F0DCF8204645F0400102B0AC
S214029938BDE87040FFF780BE0120E2E70C60002019
S2140299483859002038B505460EF008FE0446284663
S21402995810F021FD411C89B2284607F04BFB42064F
S2140299680DD563781B070FD5204610F051FD01462A
S214029978002012F0CCFFBDE8384010F0ABBA03481E
S214029988BDE83840FFF7E6BE38BD00BFF0680020E5
S21402999838B54FF6FF75A842044617D00EF08CFF6E
S2140299A8A04213D04FF6FD72094B198891420DD981
S2140299B8084A1288AA4201D0A24207D11C804FF454
S2140299C87A71BDE83840044812F0ECBB38BD00BFD7
S2140299D8D6690020F26900205C46002008B50448D3
S2140299E8FCF794F84FF6FF72024B1A8008BD00BFC8
S2140299F85C460020D669002037B505460C46082383
S214029A0869460120064AFCF7FBF815B19DF80630B0
S214029A182B700CB1009B2360BDF8040003B030BD68
S214029A2825E1010007B508238DF80600ADF80410F5
S214029A38009269460020034AFCF7E2F803B05DF894
S214029A4804FB00BF25E10100024A13780BB1013B73
S214029A58137070470160002008B50EF039FF002128
S214029A684FF6FF72054B08461A80FEF7DBF8BDE88C
S214029A78084040F616400CF03CBE00BFD6690020EF
S214029A8808B5FCF743F80A4B1B78023B032B08D8A9
S214029A984FF6FE73074A108898424FF6FF7301D1B5
S214029AA8138008BD9842FCD0BDE80840FFF7D4BF33
S214029AB810600020D669002010B5084B1B78042BCE
S214029AC80AD00EF0DCFE002104460846FFF794FF93
S214029AD8231A5842584110BD0020FCE711600020A6
S214029AE8F0B5002689B00546CDE90566ADF81C60D6
S214029AF810F051FC0A23024604462946009605A899
S214029B0812F012FF9DF815309DF814701F2B27D8F7
S214029B1803A80FF03DF908220DF1160103A8F4F781
S214029B28B1FA0646E0B9092F1CD1FFF7C5FFB8B14E
S214029B38144B1B78A3B1144B1A884FF6FD739A423E
S214029B480ED9124C124A23780433DBB223701278E9
S214029B58013AB3EB820F03DD58B20AF084FE267090
S214029B6809B0F0BD0A34E4B22146284607F042FAA4
S214029B780FF0A1F9611C284610F030FBFFF708FF2A
S214029B88EEE700BF4D6A0020D6690020016000207B
S214029B98386A002038B5134B1B78033B012B20D9B3
S214029BA8114B4FF6FF711B78ABB1104D2B888B42C9
S214029BB817D10EF081FE4EF6602104460C4812F0CC
S214029BC8F1FA4FF6FE7322462B800021BDE8384094
S214029BD809200FF07EB9074A13888B421CBF01334F
S214029BE8138038BD116000204D6A0020D669002017
S214029BF85C4600203A59002008B50448FBF786FF61
S214029C08BDE8084000210846FBF734B81069002072
S214029C1810B5044661B1FF210EF041FC0021204632
S214029C280EF043FC0EF084FB014620460EF043FC81
S214029C382146BDE810400022014812F0E6BD00BFEA
S214029C489A5900202DE9F0410D46174604460EF0B3
S214029C5885FC06782846FCF74DF9294680462046B4
S214029C680EF0C6FB0EF00BFEA84206D120460121D6
S214029C78FFF7CEFF0120BDE8F0812846B8F1000FB5
S214029C880AD0FCF7B9F950B9144B3A462046BDE853
S214029C98F0411978FDF736BD10F037F9F3E706F00C
S214029CA80306012E08D00EF0EAFD002322462946B6
S214029CB802F042FA0028D9D120460EF055FB430599
S214029CC805D52046BDE8F04100210EF0CABE204662
S214029CD810F006F9B0FA80F04009CCE7376A00209F
S214029CE810B586B0044610F056FB104B02461868AC
S214029CF819790290D3F805005B7A01328DF8143090
S214029D0800238DF80C1004902146009392B2052386
S214029D1804A812F009FE052204A902A8F4F7B2F96B
S214029D28B0FA80F0400906B010BD00BF0CCC0400A3
S214029D3808B511480EF0CFFC104B1B78012B06D83D
S214029D48FF2010F0A0F8FDF7B1FB10F0BBF8FDF706
S214029D583BF801F091FCFFF7F9FA10F094FC07F0D3
S214029D68F1FDFDF749FD07F03DFB0CF00AFCBDE8E6
S214029D78084002F0D3BC00BF50540020CE5F00203B
S214029D8808B5F0F7D3FDFF2803D0094B1B78012B43
S214029D9806D9002010F077F8FDF788FB10F092F845
S214029DA8FDF712F801F068FCBDE8084002F0B6BC00
S214029DB8CE5F0020064B1878112806D000F0FD006A
S214029DC8A0F141035842584170470120704700BF2E
S214029DD8106000202DE9F8430446FDF70FFB18B182
S214029DE800263046BDE8F8834FF6FF78184BB3F8DE
S214029DF868104145F4D020460EF0FAFA154B0221B7
S214029E0820461A88FDF77EFC06460028E8D020463B
S214029E180EF0A4FB90F807900546043012F087FC73
S214029E2807460EF02CFD494602463846FDF7FEFA6E
S214029E38A81C12F07CFC404502D12046FFF7BAFB6C
S214029E482B789B07CDD101212046FFF7E1FEC8E714
S214029E588853002098590020F8B507460EF07EFB76
S214029E680546043012F063FC0646A81C12F05FFC96
S214029E780446304612F04DFD3046FCF73BF82B7888
S214029E889B0701D10EF0FBFCAB790BB90320F8BD9A
S214029E980EF0F5FCA0420CD10EF0F1FC0446094B7C
S214029EA8214638461A78FFF7CDFE0028EED0002065
S214029EB8EDE7054B1B78052B1CBF044BB3F868402F
S214029EC8EDE700BF98590020116000208853002053
S214029ED82DE9F041064610460D4610F05CFAA0F150
S214029EE81004E7B256FA84F42146EA1B04F10E007F
S214029EF8F3F7CEFD2823DFF84480F35598F80030B0
S214029F08637301F0CDFB611C024601200DF008F8D0
S214029F1808220949601DF3F7BBFD98F800000FF008
S214029F281EFE05F10E0130463B460022C9B201F07C
S214029F3869FC1220BDE8F081966000200B600020C4
S214029F482DE9F04F87B004460EF008FB0646204679
S214029F580EF067FA0746301D12F0E9FB8146B01C80
S214029F6812F0E5FB384696F807A012F0DBFC3378C9
S214029F789A075FD12146042001F04CFD002859D0EB
S214029F88204610F008FA0146204607F033F8830701
S214029F9850D1204610F0FFF90146204607F02AF86D
S214029FA810F00303039345D12046FFF799FE0028D5
S214029FB840D0204610F0C5FA451C204612F022F87A
S214029FC8EDB205F10A0B83455DDA304A04AB106838
S214029FD8516803C3691C204607F00CF829468046D8
S214029FE8204607F007F800EB082059461FFA80F8C3
S214029FF8204606F0FFFF8346039B2146AA1C0093D1
S21402A00804A8082312F090FC20460EF00AFA5A46D4
S21402A01841460CF077FF0122404604A90FF0D5F816
S21402A02888BB022007F032FC013003D1404604A95F
S21402A038F0F744FD0EF023FC48453A46514607D150
S21402A0480EF025FEF8B907B0BDE8F04F0FF071B86C
S21402A05848460EF01CFEB0B90D4B1B781BB93946A4
S21402A06848460EF07CFF3A4651464846FDF7DEF96A
S21402A07848B1317811F0030105D1204607B0BDE892
S21402A088F04FFFF7C5BD07B0BDE8F08FA6F0030096
S21402A0980760002038B5114D2B78023B012B18D8E3
S21402A0A80CF032FF0446B0B9FFF7A2F82B78032B60
S21402A0B807D12346FF2221460120FDF777FE01201D
S21402A0C838BD21462046FAF7D5FD003818BF0120CC
S21402A0D8F6E71720F4E70220F2E700BF1060002038
S21402A0E82DE9F74305460E4614460EF047F90C28A6
S21402A0F828464AD10EF032FA0922002111F0A6FEAD
S21402A10800F11001C9B2284606F074FF042813D0DD
S21402A1187C282BD0012840F0AC8046B9132128466B
S21402A12810F05CF803B0BDE8F0430EF0D1BB03B004
S21402A138BDE8F043FDF7DCBC5B4B1B78022B40F016
S21402A148988046B9FFF7FAF8C3070AD5FFF792F8D8
S21402A158002C08BF3F26304603B0BDE8F0430CF09B
S21402A1682CBAFFF7CFF80028F0D0F1E7284611F00E
S21402A17849FF0446284611F029FF02463046E1B256
S21402A18803B0BDE8F0430CF016BA0EF0E7F98046C5
S21402A198043012F0CCFA074608F1020012F0C7FAA9
S21402A1A84FF6F773984204460CD8404A1388013390
S21402A1B89BB213800BB93E4A13801EB13C4A1388E1
S21402A1C80133138098F8009009F00309B9F1010FDA
S21402A1D81DD1284610F0DFF80146284606F00AFF89
S21402A1E80B2809D00D2807D0042842D1284603B0E8
S21402A1F8BDE8F043FFF7A6BB2E4B1B78042B38D1DD
S21402A2080021084603B0BDE8F043FAF733BDB9F1BA
S21402A218000F2ED13146284603F05EFD4EB34FF6A8
S21402A228F7739C4225D898F80160204616F0040673
S21402A23822D10FF038FE054620467DB10FF065FEA6
S21402A248034600BB0C220090214638460FF055F80C
S21402A2580C22002339462046009308E00FF055FEEC
S21402A2680346C8B9144A00901278214638460FF0B9
S21402A27844F803B0BDE8F0830FF047FE034678B90A
S21402A2880B220090F1E7062233462146384600960E
S21402A2980FF033F80622DCE72B4600950622E4E7A1
S21402A2A84B46CDF80090F9E710600020425900208E
S21402A2B840590020116000206B6A00202DE9F04FFB
S21402A2C805888BB0044628460EF048F9074604303F
S21402A2D812F02DFA8146B81C12F029FA05A9804612
S21402A2E8284610F0A2F8284610F055F80146064609
S21402A2F8284606F07FFE3B78824603F00303012BCE
S21402A3080CBF83464FF0FF0B12F027F9E388019043
S21402A31802930EF0B4FAFB7900904846039300F0D5
S21402A32881FF002876D1404600F07CFF002840F0E6
S21402A3388880FDF72BFB8046FBF7CEFD10B9FFF7AA
S21402A34839FD30B1A8F104085FFA88F8B8F1020FAF
S21402A3581BD90BF0FD03042B00F0B380FFF72AFD90
S21402A36820B10AF0030ABAF1010F0ED0FBF70EFD70
S21402A37828B9714B1B7803F00F03062B68D16F4B75
S21402A3882846B3F868100EF033F8BBF1010F63D114
S21402A39828460EF017F84FF6FF73984240F0918061
S21402A3A800233146284607AA0FF085FD07460028EF
S21402A3B842D042799DF82530934209D9711D284624
S21402A3C889B206F02BFEA37823F00F030233A3709C
S21402A3D80CF0D0F87E23B0FBF3F202FB130303F56E
S21402A3E88073A3809DF8263013F0180F0AD0A3783E
S21402A3F81B0707D1009B4B4504D048467A7905A926
S21402A4080CF0EDF89DF82700003818BF01200BB0B5
S21402A418BDE8F08F28460EF0A1F8023012F087F950
S21402A4284FF6F773984207D9039B2BB92846FFF7CE
S21402A43857FC00287FF477AFA37823F00F03A370A6
S21402A44808E0404612F06EFA00287FF472AFF3E78F
S21402A4582823A3800020DAE7BBF1020F54D1012398
S21402A468314607AA28460FF026FD80460EF007FA60
S21402A478BDF8223098421FD1B8F1000FDCD0012275
S21402A488B8F80230314628460FF013FD2C4A1378E6
S21402A4980133DBB2FB711370B8F80230BDF81E2028
S21402A4A89A421FBFA37823F00F030233A3704FF418
S21402A4B8C873A3800120AAE7184612F033FA0028C8
S21402A4C8DAD128460DF07EFF12F0CCF9012808BF33
S21402A4D81C4BA27809BF1B78FA2303EB830303EB12
S21402A4E8830302BF9B00FA339BB21209A4D1DDE9AB
S21402A4F80121521A92B293429ED30CF03BF800F016
S21402A5081F001030A080D5E7BBF1030FD9D1009BFE
S21402A5184B45D6D1711C284689B206F06BFD0C282D
S21402A528CFD1FCF7FFFD4FF6FF7398420146C8D01D
S21402A53828460DF05DFFC4E710600020885300200F
S21402A5480E600020466A00202DE9F04105460C46BA
S21402A5580DF014FF082802D10120BDE8F081201D65
S21402A56812F0E5F80646284694F807800DF059FFDB
S21402A578074628460DF0F8FE010612D5184B1B783A
S21402A588042B0ED1174B1B78022B0AD1164BB3F8A5
S21402A59868204FF6FF739A4203D000210846FAF75E
S21402A5A869FB124B1B78002BD6D1A01C12F0BFF801
S21402A5B84FF6F773984202D86378DA070DD52378F0
S21402A5C89B070AD13A46414630460EF060FB80F0B9
S21402A5D80100C0B200F00100BFE70120FAE700BFA1
S21402A5E8116000201060002088530020BB60002005
S21402A5F82DE9F04F9DB004460DF0C0FE05462046F4
S21402A6080DF0BCFE082869D14FF400432046ADF889
S21402A6185030ADF85C4011F0F5FCBDF85C20A0F1B6
S21402A6281005EDB210461023002100950FF0C3FD69
S21402A638294617A80FF097FD204611F0C7FC0AF026
S21402A64828F9002321461A460C20009309F02DFF0C
S21402A65898B3204611F0BAFC14A902461020FBF75C
S21402A66879FF0501204611F0B1FC14A902464020E4
S21402A678EDB2FBF76FFF10B120460BF084FF2046C1
S21402A68811F0A4FC14A902468020FBF763FFB8B9B0
S21402A6989DB1102517A805F067FF2046BDF8507033
S21402A6A811F0B0FC0646204611F090FC29460090B0
S21402A6B8F3B2384617AA0BF0FCFF1DB0BDE8F08FC0
S21402A6C8BDF8503017A8ADF85E40ADF85C300CF017
S21402A6D813FC0028DCD145F08005DBE720460DF0A8
S21402A6E88DFEB0F5006F40F0058120460DF099FE0C
S21402A6F80646042D40F0018120460DF035FE80F412
S21402A7080060C0F3C02000223146400011F0D8FF96
S21402A718944B1A78022A0DD0FFF74CFB50B902F078
S21402A728FD03312B06D0043A012A03D98E4B1B7837
S21402A738002BC2D02146022001F06CF905900028B1
S21402A748BBD02046ADF846400DF008FF0446BDF8DB
S21402A75846000DF066FE0646201D11F0E8FFA31C13
S21402A76883461846039311F0E2FF12A90746BDF87E
S21402A77846000FF05AFE63780690BDF8460094F835
S21402A788008008930FF007FE6378054608F0030872
S21402A79830460C93FBF7AEFBB8F1010F0CBF032350
S21402A7A802230E93714B08BF4FF00B091E802378C5
S21402A7B818BF4FF00A0903F03C03082B0D907FF4EC
S21402A7C87CAFBDF8460011F01DFCA8427FF675AFB7
S21402A7D8B8F1010F03D023789B077FF46EAF644B62
S21402A7E8B3F86830B3420DD1624A634BB2F900102F
S21402A7F893F90030002900F0A58001EB0313A3EBC0
S21402A808211313804FF0010AA5F11003DBB20A9355
S21402A8188DF8453010224846BDF84610CDF800A0FF
S21402A8280DF1450309F041FE00283FF446AF089BA8
S21402A83813F00203099300F00981504B1B78002B92
S21402A8483FF43BAFBDF8469048460FF0A4FD002300
S21402A85807904846CDE917331993ADF868300DF0DE
S21402A868E0FD079B039003F10E01484689B20FF0FC
S21402A87865FD002870D000234946079A009317A85A
S21402A8880E2312F051F850460DF15D010CF056FBFE
S21402A8989DF869300B9004939DF85C30282B5BD1A9
S21402A8A80DF16100FBF7AAFD0F90002854D1049819
S21402A8B80FF055F90F9B002866D1314B049A1B7886
S21402A8C8D31A1C0648D404F059F950453CD111F065
S21402A8D849FE2C4E0546346824B104F055F92C1B63
S21402A8E8844239D30023FF2219461846FDF75EFA3A
S21402A8F8356031E04FF6FD76FBE64FF6FF70301A0C
S21402A90818BF012000223146400011F0D9FE0C2D56
S21402A9180DD12146012001F07DF800283FF4CDAE86
S21402A928214600201DB0BDE8F04FFDF7D3BF2DB974
S21402A93820461DB0BDE8F04FFEF79CBA042D7FF402
S21402A948BCAEE5E61B025CE704F018F9022803D160
S21402A95804F0F6F80028BAD000221920039911F05C
S21402A968AFFEAAE610600020BB600020B6590020A1
S21402A978885300208A590020B86000200C60002006
S21402A9880B6000209854002010214846079ACDF8FC
S21402A99800A00EF034FF0028DED0BB4B049A1B78CA
S21402A9A8934240F0AA8003990DF1610214A811F0AF
S21402A9B8C9FC012114A8FBF7F5FA824648F20301FE
S21402A9C814A8FBF763FBBAF1000F03D0082114A8FA
S21402A9D80CF057FA48460FF0FCFC03990DF161009B
S21402A9E8FCF72AFCFE288246B6D0FF280AD103982E
S21402A9F811F07EFFFF28824600F087800DF1610184
S21402AA08FCF7F4FAA04B049A1B78934200F0A38052
S21402AA1850460B99FCF7F6FB00283FF44EAE50461C
S21402AA280B99FCF701FC237898070FD148460FF0DC
S21402AA38B2FC0146484606F0DDFA00F0030001289B
S21402AA4804D103980DF16101F0F738F8BDF8460015
S21402AA580DF08AFC010440F18580204611F067FE5D
S21402AA6840F4007189B2204611F063FE00224FF4CA
S21402AA780041BDF846000DF068FCDDF8149001238D
S21402AA8810220093BDF846100E980DF1450309F002
S21402AA980CFD00283FF411AE032866D1204611F0BB
S21402AAA846FE40F4007189B2204611F042FE304656
S21402AAB811F038FF002840F0B680DDF81490B8F19F
S21402AAC8010F40F0B6800320BDF8461000F0A2FF42
S21402AAD8002840F0AE802946BDF8460006F08AFAFD
S21402AAE80F2801467FF6E9AD4FF6F7739F423FF609
S21402AAF8E4AD30460EF0A0FADFE55046049903F0BE
S21402AB0885FA00287FF44FAF26E7237803F003037D
S21402AB18012B08D148460FF03EFC0146484606F08F
S21402AB2869FA082892D0594B1A78594B1B789A42D8
S21402AB3809D20DF161010398FCF70CFA039811F09B
S21402AB48D7FE82465EE7A01C11F0F1FD4FF6F773BA
S21402AB589842EED900E75046FCF7CEFB00283FF4B1
S21402AB6857AF5CE74FF0000989E7304611F0DAFE86
S21402AB780028A4D0099B002B57D1B9F1000F52D157
S21402AB88B8F1010FBDF846009DD0294606F032FA04
S21402AB988246DFF8089199F80030002B54D00DF061
S21402ABA86EFE87427FF489ADB8F1010F7ED1BAF105
S21402ABB8070F75D8BAF1050F7FF67FAD354B1B78B0
S21402ABC8022B02D0043B012B03D899F80030002B45
S21402ABD841D00C9B9A0640F1B4800D9B002B40F0A6
S21402ABE8AC80304611F095FEFF2840F0A6805E4500
S21402ABF87FF463AD069B002B00F09D8012AB46F2F5
S21402AC0804020124ADF85C20019321460223304653
S21402AC18009417AA0FF09BFB00283FF44EAD21467E
S21402AC280DF01FFF49E5DDF8149030460FF055F990
S21402AC3845E72946BDF8460006F0DCF9099B824638
S21402AC4813B9B9F1000FA4D0124B1B78022B02D00D
S21402AC58043B012BBDD8304600F0E4FA81460028B2
S21402AC687FF42BAD0DF00BFE864225D10A4BB3F8C6
S21402AC7868400DF004FE4B4601460D222046CDF8EC
S21402AC8800900EF03AFB18E50B6000200A600020E0
S21402AC98476A002010600020885300200C600020BD
S21402ACA8AAF10E03DBB2012B88D906E50AF00303E4
S21402ACB8012B7FF402AD81E7304611F033FE58B916
S21402ACC80DF0FAFD4FF6FF73984205D011F0A8FB77
S21402ACD810B93046FCF7E4F8304611F023FE88B186
S21402ACE80DF0EAFD4FF6FF7398420BD011F098FB71
S21402ACF840B9B8F1010F02D1BAF1060F02D03046B8
S21402AD080FF0EAF8069BA3B91946012258460EF038
S21402AD185CFA814600287FF4D0AC20460FF078FB18
S21402AD284A46014638460EF050FA00283FF451AF1C
S21402AD38C3E412A9E9E7069B61E7637823F02003D8
S21402AD4863704FF6FC739F423FF4B7AC4FF6FD7341
S21402AD589F4204D1B34B1B78042B3FF4AEACA379C5
S21402AD680BB1013BA37163785B0727D500235846CE
S21402AD7817AA14A917930FF090F81798F0B10FF0C6
S21402AD8885F88146384611F0C4FD179A01461379AC
S21402AD9803F03000102806D003F00C0008281CBF69
S21402ADA823F00C031371137903F03303202B05D118
S21402ADB8FF2903D0012248460FF077F8304611F0F3
S21402ADC8A8FDFF281EBF0022974B43F82020089BA9
S21402ADD803F001094FF6F7739F4200F2F980B9F1C2
S21402ADE8000F40F00181314658460EF0B8F80DF0D3
S21402ADF846FD874200F0C680384611F093FD0028CB
S21402AE0841D0B8F1010F27D1BAF1010F17D14A463E
S21402AE182946BDF846000FF04BF8384611F082FD79
S21402AE28824B1B78002B72D1584611F07BFD002806
S21402AE3866D1384611F076FD002861D13DE43846E1
S21402AE4811F070FD50B3BAF1030F27D12946BDF8A9
S21402AE5846000EF08AFA30E4384611F063FD3846AA
S21402AE680FF053F8002847D0002339465846BDF855
S21402AE78462001F061F900283ED00021BDF84600C0
S21402AE88FEF7C6FE19E4384611F04CFD18B1B8F1C3
S21402AE98010FD8D0E3E7B8F1010FE0D1634B1B7876
S21402AEA8002BC1D0BAF1050F31D10DF0E8FC8DF8B0
S21402AEB85C000DF0E4FC000A8DF85D000123022216
S21402AEC817A90DF14600FAF775FD00287FF4F5ABD1
S21402AED8691C89B2BDF8460006F07AF80378013391
S21402AEE803706378590715D40DF0C9FC834522D040
S21402AEF8002239461C2032E54C4B1B78002B93D097
S21402AF08B8F1010FCED063785A0714D502E06378F9
S21402AF18580718D5BDF8464020460FF0FEF9411CE2
S21402AF2889B2204606F054F80378B8F1010F03F107
S21402AF38FF33037004D0BDF84600FEF78DFF09E024
S21402AF48BAF1050FD0D0BDF84600FEF785FFBAF174
S21402AF58030FCDD00228CBD10021584617AA0EF0EF
S21402AF689FFF30B10379468003F03C0343F0400369
S21402AF78037100232E4A00933946584612780EF07B
S21402AF88BCF9B5E7B8F1010F7FF477AF0AF1FF33E2
S21402AF980C2B00F2868001A252F823F005B00200BC
S21402AFA805B0020055AE02001BB002003DB002001A
S21402AFB8C3A6020061B0020071B002007DB00200B2
S21402AFC87DB00200C3A6020093B002009FB0020042
S21402AFD8B8F1010F71D0B9F1000F08D1BDF84600DB
S21402AFE8FEF7AEFFFFF769BBB8F1010FCED0237AA2
S21402AFF803F00303012B7FF460ABEFE7AAF1020329
S21402B0085A422946BDF846005A410EF051FFFFF74C
S21402B01854BB2A465846BDF84610FEF71FFCFFF7F3
S21402B0284CBB00BF11600020184500204B6A002068
S21402B0386B6A0020691CBDF8460089B205F0DAFF83
S21402B0480235EDB20246BDF846305846009512A9BA
S21402B05806F0D4FDFFF731BB01200A9ABDF8461068
S21402B068FDF71AFBFFF729BBBDF846000EF026FFD0
S21402B078FFF723BBBDF84600FEF732FDFFF71DBB00
S21402B088BDF84600FEF72CFDA8E7BDF84600FEF719
S21402B0980BFAFFF712BBBDF846000BF027FFFFF7C7
S21402B0A80CBB2B4622465046BDF846100BF0F4FE63
S21402B0B800287FF402AB51461BE50AF1FF330C2B3E
S21402B0C83FF6FBAA01A252F823F000BF05B0020021
S21402B0D805B0020055AE02001BB002003DB00200E9
S21402B0E8C3A6020061B0020071B0020089B0020075
S21402B0F889B00200C3A6020093B002009FB0020005
S21402B10810B5002111480DF08DFA0446E8B10DF08D
S21402B118B1F90F4B187020460DF0B1F90D4B1870A7
S21402B12820460DF0B2F90C4B187020460DF0B2F915
S21402B1380A4B1860012011F019FA2046FFF758FA50
S21402B148BDE81040002011F011BA10BD6859002061
S21402B158B9600020B8600020B76000209054002034
S21402B16870B5144E044633680D46BBB10DF006F9A9
S21402B1780C2813D120460DF0F1F9092200210446C5
S21402B18810F064FE235C042B08D10B4C25B10B4B44
S21402B19822781B789A4203D300232370002070BDBE
S21402B1A80748316810F0FEFF237801200133237028
S21402B1B8F5E700BF94540020BA6000206A6A0020AF
S21402B1C810690020014B93F9010070478A59002044
S21402B1D8014BB3F8680070478853002070B5002406
S21402B1E80D4D2C70EFF77CFAE6B2B04208D8002272
S21402B1F80A4B1A700A4B198801B11A80012070BDD1
S21402B208304611F08CFBC30748BF2B7804F10104C3
S21402B21844BF01332B70E5E7096000200260002076
S21402B2283C59002038B50B4B05461B7873B10133E1
S21402B2385C08094B188810F0C9FE002330F8132062
S21402B248AA4205D00133DAB2A242F7D3002038BDAB
S21402B2580120FCE7026000203C59002030B5054674
S21402B26885B008460C4611F056FBFF280CD00DF0A8
S21402B27861FF012200210346CDE901120092214610
S21402B2882A460720FCF7F6FB284611F042FBFF2861
S21402B29804460FD011F043FBC2070DD5204611F025
S21402B2A83EFB830708D40B4A32F8143043F4806313
S21402B2B822F8143005B030BD0DF03CFF0122002103
S21402B2C80346CDE90112009207202A46FCF7D2FB74
S21402B2D8F0E700BF385900204FF6FA72431E9BB2B9
S21402B2E8934270B504462AD8FFF79CFF38BB194B21
S21402B2F81B78042B23D0204611F0FAFAFF2801D037
S21402B308FBF7FEFC20460EF0C3FD08B10EF0BAFDB0
S21402B3182046114E03F0ACFE20460BF05EF931785B
S21402B3280E4D69B1288810F051FE054601461E22C8
S21402B3380230F2F7ADFB2C8033781E2B07D970BD8E
S21402B348202010F0B7FE28800028EBD1F7E702335A
S21402B3583370F4E711600020026000203C59002098
S21402B368044A13782BB1013BDBB213700BB9024ABD
S21402B37813807047026000203C5900200148FAF703
S21402B388D5B800BF3C5900202DE9F047804617463D
S21402B3980D468CB061B903AE00211B4811F02FFA96
S21402B3A84FF000090446DFF860A01CB920461DE0ED
S21402B3B80E46F1E70022214624233046CDF80090B7
S21402B3C811F0B2FA082241463046F2F75BFEA8B9F7
S21402B3D8337C9BB96FB945B92A4621460A480DF00F
S21402B3E840F90A4A1388013B138001200CB0BDE8D5
S21402B3F8F0873B88B28953405B06ECD52146504617
S21402B40811F021FA0446D0E79E5900209C590020E4
S21402B418024B1888003818BF012070479C59002034
S21402B4282DE9F04330488DB0FAF770FB11F09AF820
S21402B4382E4D2B68C41A4FF47A73B4FBF3F4A4B2F5
S21402B44814B111F08FF82860294F4FF6FF763B8823
S21402B458DFF8A080ADF80A3000233B8000210DF10A
S21402B4680A000DF0DFF8054658B9224B1B882BB1A7
S21402B4784FF47A711C48714310F094FE0DB0BDE883
S21402B488F0834FF0000924234A462946CDF8009057
S21402B49803A811F049FABDF81A30A34294BFDB1A82
S21402B4A81B1B9BB2ADF81A3063B9BDF818301B06E1
S21402B4B802D508980BF0FEFAB8F80030013BA8F857
S21402B4C80030CBE79E4228BF1E4601234A4629463D
S21402B4D8009303A8242311F027FA4A462946384639
S21402B4E811F093F9BAE700BFFC4500209C540020EF
S21402B4F89E5900209C590020F0B504462E4A8DB06D
S21402B5081068516801AB03C3A378012B4FD11622EA
S21402B51800210DF11A00F2F769FAD4F82110D4F8CE
S21402B5281D0003AB03C32388190644BF626808924A
S21402B538DA050BD5221D08AE04F114073546106845
S21402B5485168083203C5BA422E46F7D1ADF818300C
S21402B55813F0040318BFA3690593EFF7D9F800237D
S21402B568ADF81A00082201A903A88DF81C30F2F7D4
S21402B57889FD18B106A903A80EF077F8002224213F
S21402B58803A80DF006F8044698B10020FFF748FF16
S21402B59800222146094811F038F9094A0020138882
S21402B5A801331380FFF73CFF00200DB0F0BD0220E8
S21402B5B8FBE71920F9E700BFA6F003009E59002012
S21402B5C89C590020F7B5044600200E46FFF728FFD0
S21402B5D8104B1B88A34202D8212003B0F0BD0021DD
S21402B5E80D4811F00CF9002501460B4F0029F3D03F
S21402B5F8A54208D10024242322463046009411F09E
S21402B60893F92046E9E7384611F01DF90135014657
S21402B618ECE700BF9C5900209E5900200148F9F724
S21402B62885BF00BF9E590020014B1888704700BF8F
S21402B6389C59002070B50C4611460E4A237812789B
S21402B648064613F0200542EA0302227018BF611D5F
S21402B6580822F2F71DFA002D0CBF05200D20D4F89B
S21402B6680130B3602378337303F01803082B08BF3E
S21402B678013070BD0C600020042307B501200DEBD5
S21402B6880301054AFAF7BCFA019B044A1B03136036
S21402B69803B05DF804FB00BF63E51100C046002056
S21402B6A810B5064C2368C3F30B0313B90448E3F733
S21402B6B8A9FC2068431C236010BD00BFC0460020BA
S21402B6C863E51100014B1868704700BFC0460020AA
S21402B6D807B50020054B064A186004230DEB030144
S21402B6E80190FAF78DFA03B05DF804FBC046002015
S21402B6F863E511007FB511230A4A012001A9FAF76A
S21402B7087FFA094B9DF814201A70084B1B780BB168
S21402B718052B05D10AF02DFF012007B05DF804FBC2
S21402B7280020FAE779EB01000B6000200C6000208D
S21402B7382DE9F04F0646CBB0884600880121174609
S21402B74810F07CFC2E4B3A463188ADF8160006A857
S21402B7580EF02AF80DF1280B5A464146C4193088CD
S21402B7680DF0ACFFE4B208EB0003A34208BF0446A0
S21402B77805464FF004091CBFA4EB0804E4B22346AE
S21402B7885A460121CDE900090BEB050ACDF808B0A7
S21402B7982D1B06A8EFF7ECFBEDB20BEB04030093A8
S21402B7A8019523465A46414630880DF0B5FF34883F
S21402B7B83946204605F01EFC394600F0F8022046B7
S21402B7C805F02CFC0121308810F038FC01234A468B
S21402B7D8514680B10DF11600FAF7ECF8012104463D
S21402B7E8BDF81620308810F03DFCB4FA84F0400903
S21402B7F84BB0BDE8F08F3046FAF7DCF80446F4E7BB
S21402B808966000202DE9F04FC9B004468846924655
S21402B818C118224A04A81F46FFF70CFF4FF0040976
S21402B828C519EDB208AB0293A5EB0A0BA8EB0A03FF
S21402B8385FFA8BFBA8EB0506DBB2F6B204EB0A024C
S21402B848009301215B46CDF8049004A8EFF790FB1D
S21402B85806F590730DEB03025A44A2F5807213683C
S21402B86808A844F80830E35D324623F00703E35598
S21402B8782C442146F2F74AFA08ABCDE9019308AA06
S21402B88800230121009604A8EFF772FB32462046F1
S21402B89808A9F2F73BFA49B0BDE8F08F9660002097
S21402B8A8F8B506460EF04DFE811C054689B23046AE
S21402B8B80EF044FDF0B1EDB12946304605F09AFB8C
S21402B8C81228074616D80C4B691C1C5C89B23046EF
S21402B8D805F090FB2C44052FE4B205D1052809D8BB
S21402B8E8064B1B5C1C44E4B221463046BDE8F840D1
S21402B8F80EF024BD0020F8BD4ECC040048CC04004F
S21402B908F8B505460EF047FD044628460CF026FE16
S21402B918A11C074689B228460EF010FD00283ED024
S21402B928002C3CD02146284605F064FB0646611CDE
S21402B938284689B205F05EFB0F2E30D8194B9B5D60
S21402B948E118731E89B2092B0ED8DFE803F0090541
S21402B9580D0D120D0D181E1EC40644BF083189B2FD
S21402B968820601D5083189B22846BDE8F8400EF0AD
S21402B978E5BC7B78DB0612D501EB4001F3E700F065
S21402B9881F0000EB40000144EDE71F2805D8092EEA
S21402B9980ABF4000022080B2F5E7C828E4D000209B
S21402B9A8F8BD00BF61CC0400F8B506460CF0D6FD1B
S21402B9B809220021054610F049FA00F1100428462B
S21402B9C810F0B5FEE4B207462146304605F012FBF3
S21402B9D80546304610F016FBBA05A0EB0403DBB2A8
S21402B9E80AD47C2D0AD0082D0AD8064A505D9842F9
S21402B9F88CBF00200120F8BD1220F8E70320F6E7E6
S21402BA08FF20F4E772CC0400014B1878704700BF99
S21402BA186C6A002038B5114B04461B7808469BB959
S21402BA28012038BDA24205F101050FD103EBC1037F
S21402BA385B6898470028F3D11E2022464FF6FF710E
S21402BA4810F03EFE0020ECE70025054BE9B213F89D
S21402BA583120002AE6D11446EEE700BF6C6A0020C1
S21402BA6818CC04004FF6FF7307B502220DF1060143
S21402BA780348ADF80630E3F701FB03B05DF804FBB4
S21402BA88603202E0002307B5ADF80430134B984243
S21402BA9821D10B88DA0703D5232003B05DF804FB0F
S21402BAA89B0748BF4FF47F434FF002020C480DF144
S21402BAB8060148BFADF80430E3F7B4FA4FF6FF7351
S21402BAC8BDF806209A42E7D10222054801A9E3F703
S21402BAD8D5FA0020E1E72120DFE700BF1FD1BACA66
S21402BAE8603202E0002313B50222038004460DF1F9
S21402BAF806010F48E3F796FA2D2801D0112805D13A
S21402BB084FF6FF73ADF80630FFF7ACFF9DF8063028
S21402BB18BDF806201BB1238843F0010323800020CA
S21402BB28FF2A82BF238843F00203238002B010BD97
S21402BB38603202E0034B1B78002B14BF44205620C9
S21402BB480E3070470C6000202DE9F04F8DB0179C20
S21402BB5806468946CDE90223BDF85870D588ADF861
S21402BB6816103CB9EC0605D500970AF033FE0DB060
S21402BB78BDE8F08FC5F380242B054FEA043448BF8E
S21402BB8844F40064A80511D544F080040A2E00F295
S21402BB986981DFE816F09A002F0017003700670160
S21402BBA86701370010009A0037009E00E90548BF73
S21402BBB844F04004EAE74FF001084FF0020B4FF05A
S21402BBC8000A14E008A95FFA89F00EF029F8DDF8F1
S21402BBD82500DDF8291006AB03C3A44B33F8193049
S21402BBE8ADF816304FF00008C3460DF1180A002FBC
S21402BBF85DD125E006AA0DF116015FFA89F003F079
S21402BC0817FAEFE74FF6F773994540F22B8115F4CA
S21402BC18026F40F02781964B1B78022B03D0043B19
S21402BC28012B00F2218147BB032E4FF001080CBFFF
S21402BC384FF00C0B4FF0080BBA4624F4C074A4B2AB
S21402BC488C4B18884FF6FF73984206D08A49FAF743
S21402BC5867FB10B124F48054A4B2039B38460093C1
S21402BC68BDF81620534644F4027105F0EBF9ADF818
S21402BC782000002838D1192079E7384610F0C2F992
S21402BC880246FFF757FF032E08BF0138824201DD3E
S21402BC9838206CE7032E4FF001080CBF4FF00C0B50
S21402BCA84FF0080B4FF0000A24F4C074A4B2029BAB
S21402BCB81B889BB91A4639460620009308F018FCDA
S21402BCC80028BDD140F6014051E74FF00008C346B0
S21402BCD875E74FF001084FF0030B70E7002339466B
S21402BCE81A4607200093E9E74FF6FF73614A118860
S21402BCF899421CD00CF032FC03465E4A0430118886
S21402BD08039310F016FD5D49039B097814F4805FCF
S21402BD18D9715949574A1FBF086898604868D86059
S21402BD284FF6FF7313804FF0FF330B604B60594694
S21402BD38029A08A805F03AFA00289CD0504C2378B4
S21402BD48002B3CD1A7B1384610F05CF90746BDF87F
S21402BD58200010F057F923780744002B14BF12224C
S21402BD680022EB1003F0040317443B44842B8FDCB9
S21402BD7815F400570AD0BDF8204020460CF0F4FA15
S21402BD8840F4806189B220460CF0D9FAA6F108037D
S21402BD98012B05D801221021BDF820000CF0D5FA97
S21402BDA8179BBDF8204043B32046BDF816100CF08A
S21402BDB81FFBBDF82030179A00201380D7E6AA0684
S21402BDC8C0D56B0103F020030A2E14BF43F001030B
S21402BDD863F07E03DBB2B8F1000F08D000215246AA
S21402BDE8009108A800F082FE0028ABD0BFE61A46EB
S21402BDF8514608A80DF003FEF6E720460EF0CBFAE9
S21402BE08179B024621460420009308F071FB00287F
S21402BE183FF458AF0A2E18D84FF4D963F340DB071D
S21402BE2813D5072E0AD00A2E08D0BDF820000DF02A
S21402BE38A6F880F00100C0B2800098E608A80BF0C9
S21402BE4838F80028F1D0042091E617B125F040050D
S21402BE58ADB22B463146BDF820005FFA89F201F0F2
S21402BE687DFE84E6012082E6162080E66C580020D5
S21402BE7810600020F46900206D6A0020C660002069
S21402BE880C600020F7B50F469DF828100446DDE939
S21402BE980B061D46F1B94FF6FF739C421CBF174BA3
S21402BEA81C804FF000041CBF154B1A70BDF8240006
S21402BEB805F012FA00232A46CDE900433946062041
S21402BEC89DF82030FFF740FE10B90EB1AB7A3370FA
S21402BED803B0F0BD78B14FF6FF739C421FBF074B05
S21402BEE81C80074B1A7000220CF053FB04460028ED
S21402BEF8DCD11920ECE72120EAE700BFF46900202C
S21402BF08C66000202DE9F04788469DF828100746A7
S21402BF1816461D469DF820A0BDF824900B9839B108
S21402BF2858B300220CF035FB044610B9192025E058
S21402BF380C464FF6FF739D421FBF114B1D80114BD7
S21402BF4883F800A04FF6F7739E4208D80E4B4FF6BA
S21402BF58FD761A784FF6FF73002A18BF1E46484623
S21402BF6805F0BAF900233A46CDE908433146434676
S21402BF78BDE8F0470320FFF7E7BD2120BDE8F087BC
S21402BF88F4690020C6600020CD5F00202DE9F04746
S21402BF9886B09DF838600546DDE90FA80C461746B8
S21402BFA89946B6BB374B1B78022B1DD125BB4FF6DD
S21402BFB8F7739C4214D80026484605F08DF90023EC
S21402BFC83A46CDE900632146FF232846FFF7BCFD23
S21402BFD838B9B8F1000F04D0BB7A88F8003000E010
S21402BFE8012006B0BDE8F087043B012BDED90846DF
S21402BFF80AF05CFF10B31DB3022D31D1EEF76AFBCF
S21402C008A042EDD9204B33F814204FF6FD739A421E
S21402C01819E0BAF1000F32D01A4B1B78022B05D161
S21402C028FFF788FDB042E6D23820DAE7043B012B58
S21402C038F6D908460AF03AFF0028F1D11620D0E7CA
S21402C0484FF6F7739C42CBD8002EB4D03146002266
S21402C05850460CF09EFA06460028ADD11920C0E7D5
S21402C068012DBDD104AA0DF10E01E0B202F0E0FFE7
S21402C078064B1B78A342B3D9BDF80E20C5E721208C
S21402C088AFE700BF106000206C580020416A00200D
S21402C09830B5104B87B005460C461868596803AA8F
S21402C0A803C298680C4910609A88DB8852BA23F053
S21402C0B84003ADF812300023CDE90043ADF8102056
S21402C0C8FF23098803AA0720ADF80E50FFF73CFDA8
S21402C0D807B030BDAA590020B659002038B50C461C
S21402C0E81146124A124D108022682A6062686A60F7
S21402C0F8A268AA60E288500616D5EA88520613D5C0
S21402C10861B1002218460CF044FA014650B1608824
S21402C118FFF7BEFF0522074B1A7038BD08460EF019
S21402C1287BF8F2E71920F5E70220F6E7B659002071
S21402C138AA590020D66000202DE9F04F074689B09C
S21402C148104615461C468A460EF025F9014628462C
S21402C15804F050FF064628460CF000FA043010F0A9
S21402C168E6FA80460CF08BFB804550D0B2074ED1DB
S21402C178DFF8AC80284605A9B8F800B00EF0F2F948
S21402C1889DF81930A8F8007003BBBDF81430EBB957
S21402C19828460CF0E3F9023010F0C9FA4FF6F773A6
S21402C1A8984294BF4FF000094FF001090123013469
S21402C1B8E4B22A463846CDF8009005A9039303F060
S21402C1C801FC039B40B901339C421ED20020A8F80A
S21402C1D800B009B0BDE8F08F022CF8D1012BF6D1D9
S21402C1E80C4A0D4BA3F800A01378591C11700B4A81
S21402C1F87F3B16F00C01137007D1BDF81A305B06A8
S21402C20803D5BDF81600FFF743FF0223D1E7002047
S21402C218DFE700BF0E600020F4690020C660002039
S21402C228B65900202DE9F04FABB00F46ADF81E0008
S21402C2380CF094F900F1020A0646504610F077FA16
S21402C248BDF81E40054620460EF0A5F801462046D3
S21402C25804F0D0FE814600F00308301D10F067FA9D
S21402C268414C20800CF00BFBA8422DD04FF6F773FA
S21402C2789D4229D87378DA0726D428460DF045FE5B
S21402C28830B101232946BDF81E202088FFF754FF47
S21402C2980CF0F5FA344B1B8883420FD1BDF81E40CA
S21402C2A820460EF078F80146204604F0A3FE10F069
S21402C2B80C0103D1BDF81E0001F00EFD00222B4B27
S21402C2C81A602BB0BDE8F08F2949BDF81E000EF0A3
S21402C2D849F92849BDF81E000EF0A7F80028254B94
S21402C2E808BF0023214ABDF81E0013600CF0C2F8EE
S21402C2F8214B1870BDF81E000CF0C1F81F4B1870C1
S21402C308BDF81E000CF0C6F81D4B186000238DF809
S21402C3182230002F3AD0164BDB889B0636D5194BAF
S21402C3281B689D071ED4B8F1010F14BF08231823F3
S21402C3380DF12202009200220DF11E00114600F0B5
S21402C348D5FB18B3B8F1010FA2D10F4B1B78112BEE
S21402C3589ED10DF0F3FB00289AD140F61D40FBF75C
S21402C3680FFB95E70823E3E7B6590020A4540020FC
S21402C378AA590020BE600020B9600020B8600020DC
S21402C38890540020D046002010600020504610F03E
S21402C398CEF98246BDF81E000FF034FEA0F1100555
S21402C3A8EDB22A4631460AA8F1F7B0FCFF238DF80B
S21402C3B82F304FF6F7739A4540F2DF80B8F1010F37
S21402C3C800F0E780B8F1020F00F04681B8F1000FDE
S21402C3D87FF45EAFA44DBDF81E00EB88ADF82400CE
S21402C3E804930CF0BBF8BDF82460074630460DF0FF
S21402C3F8D2FF0146304604F0FDFD8DF82300B81C36
S21402C4087E7810F094F907460CF039FA06F0010621
S21402C418B4F8009003906C88002E7FF439AF4FF67C
S21402C428F77A4246494657458CBF0620082010F040
S21402C43847F9BDF824B058460DF0ADFF59460246F6
S21402C44843460420CDF8008008F02FF85745834667
S21402C4580AD8B5F90620EB88002A05DB580603D564
S21402C46841462046FFF714FEBBF1000F3FF410AF1B
S21402C4782B88002B5AD16B79002B57D14FF6F773BE
S21402C4880DF126019F42BDF8240094BF4FF0000B21
S21402C4984FF0010B0DF023FCDFF8D8A100F1FF38AE
S21402C4A8BAF800301FFA88F10593EB88BDF8260023
S21402C4B8069304F09FFD069B04990190009322467A
S21402C4C85B460598C1F340110AF0FDFC00283FF4CC
S21402C4D8DFAE042306200093BDF82610624B5FFAEF
S21402C4E888F207F0E2FF00283FF4D2AE48F20203D1
S21402C4F86A889A4205D1BDF82410BAF8000000F0FE
S21402C50825FF594D09AA29460DF123000AF0D9FC40
S21402C518034600287FF4BCAE2104BAF80000BDF832
S21402C528242060D5234629460DF0EEFB9DF82330DD
S21402C5384D4D03F00C030C2B75D128890DF0AFFB7B
S21402C54800283FF4A5AE039B002029894B4514BF5B
S21402C5580226032602F044FC444B18704FF6F77383
S21402C5689F42BDF8240075D8A4F1380253425341BD
S21402C57832463D4904F036F88AE6B8F1020F6BD027
S21402C588394BB3F90630002B26DAB8F1010F7FF4DF
S21402C5981DAF0CF074F9238883423FF479AE052068
S21402C5A8BDF81E10FFF736FA00283FF471AE2E4A81
S21402C5B8D3885B0607D50023CDE900330A20FF237C
S21402C5C82188FFF7C1FA3A469DF822302188BDF83D
S21402C5D81E0002F01DF85BE629460AA800F070F86D
S21402C5E80028D2D054E60221DFF88C8088F80010A2
S21402C5F82946CDF800B003F0E5F9132C96D0EB885F
S21402C6085D0493D41A4B1B78D80703D598F80020F4
S21402C618022A8BD099077FF53BAE98F80030012B9B
S21402C6287FF436AE82E700222B79124800936B79A4
S21402C6381146008802F0FCFB0C4B18709DF823305C
S21402C64803F00C03082B89D1039B4B4514BF042621
S21402C658052683E701238BE74846BDF81E200249D4
S21402C66801F0AEFA14E600BFAA590020D5600020F1
S21402C678D15F0020B6590020C760002010B50021FF
S21402C68808480BF0CFFF044650B101460420FFF7D6
S21402C698C1F928B12046BDE810400121FFF7C2BD06
S21402C6A810BD00BF9A590020034BFF211A78034891
S21402C6B89200F1F79BB900BF426A00208843002027
S21402C6C870B5451804464FF0FF31AC4212D1104BF4
S21402C6D810481A7805460023934211DB0E4C207840
S21402C6E8431CB3FBF2F602FB163345F82010237000
S21402C6F800200CE014F8010BE1F7F4FD0146E4E72C
S21402C70850F8044BA14201D00133E5E7012070BD81
S21402C718426A002088430020C8600020042307B528
S21402C72801200DEB0301054AF9F76AFA019B044A50
S21402C7381B03136003B05DF804FB00BF23E111007E
S21402C748A0540020014B1868704700BFA054002070
S21402C758014B1868704700BFA054002010B5064C5D
S21402C7682368C3F30B0313B90448E2F74BFC2068AB
S21402C778431C236010BD00BFA054002023E1110013
S21402C7882DE9F04F93B003930023DDE91C79069355
S21402C79899F8003083460DA804930E4615460AF00B
S21402C7A820F899F8003013F003043ED0039B0DF1ED
S21402C7B8250A8DF824300022082138460BF0EDFFB2
S21402C7C8002870D028880BF0C9FE99F800301C079C
S21402C7D84CBF043002300FF0AAFF07A98046F9F7CB
S21402C7E89FFB9DF824300446980633D5288806F120
S21402C7F80D010DF0A3FDA8B10023009338460823C7
S21402C8082988721D10F090F899F8003003F0180382
S21402C818182B4AD1B8F1000F47D0A94BB3F86830A5
S21402C828434542D040F60A4327E02888711D0DF09A
S21402C83885FD0028F6D0009405233246298809A8E3
S21402C84810F072F89DF824300DF1240A03F018034C
S21402C8580393B0E714BB39464046F9F761FD002852
S21402C868D2D099F800309907DCD0402322462146D8
S21402C87840460DF0F0FA40F6094399F8002012F007
S21402C888030440F0F780288803930BF0CAFD22467B
S21402C89801461A200FF014FF039BEBE007AB03CB0D
S21402C8A838607960B0E74FF6FF780AF0EFFA044688
S21402C8B820B104213846F9F74FFB04461E9B002B8D
S21402C8C85AD009231E990DA88DF834300AF003F9B8
S21402C8D8209B0BB1209B0693039B002B40F08E8077
S21402C8E80DA8EEF7A7FB99F800309A0700F0988093
S21402C8F8FFF734FF5146024601200AF011FB99F869
S21402C90800309B0710D5594628880DF0F1FD0BF12B
S21402C918090350FA83F35FFA83FB594628880DF019
S21402C928BEFD00EB0B06F6B299F8003013F0C20F04
S21402C9380AF104030DD09DF82420624942F0200231
S21402C9488DF824200A68CAF804204A685A600AF150
S21402C9580C03012209A800921B1A324629889BB2A8
S21402C9680FF0E2FF324659462846FEF7E1FE002857
S21402C97800F0A48000237DE01F9B5BB19E460DF16C
S21402C988340CBEE80F00ACE80F00DEF80030CCF836
S21402C99800309DE7049B594603F020032888049339
S21402C9A804F028FB10F0030F0CBF012300230593A5
S21402C9B8049B059A003B18BF012342EA43030093EF
S21402C9C80DAA06AB38461F9900F0FEFA049A0346EB
S21402C9D882B1002880D0059B0DAA0093384606AB84
S21402C9E81F9900F0F1FA034699F8002022F0200277
S21402C9F889F80020002B3FF46FAF3EE7039B102B0D
S21402CA0806D1BDF8363043F00103ADF8363067E795
S21402CA18039B182B4FD1BDF8363043F00203F4E7D8
S21402CA2801200DF125010AF089FA99F800308246AC
S21402CA3813F0040F288821D1069B1BB3002C35D08F
S21402CA480BF0EFFC0022014616200FF039FE84B1E7
S21402CA587FB14FF6FF7398450BD000230DA91A46EF
S21402CA6838460AF049F9394640469DF835200AF014
S21402CA7823FA0123184613B0BDE8F08F002CDFD145
S21402CA88104F01E0002CDBD10023324600935946B2
S21402CA983B460CF0B4FE00283FF4C4AE002C3FF42C
S21402CAA869AF069A0AF10103136063E71B685345E8
S21402CAB8C6D80124E8E740F60A43DBE71923D9E794
S21402CAC88853002096600020002307B5054A0648CA
S21402CAD8136004220DEB02010193E2F7CFFA03B0CA
S21402CAE85DF804FBA054002023E111002DE9F04F65
S21402CAF80446B1B000888DF82F3016468A460DF0E7
S21402CB084AFC0146814620880DF0C9FC00EB09085C
S21402CB1820880DF016FD00239DF82F505FFA88F83E
S21402CB2815F001070790ADF8363008D101460DF129
S21402CB38360220880DF0BCFB08B1ADF8367016B97F
S21402CB48CDE90E660EAEFEF763FC18B145F0200579
S21402CB588DF82F500023CDE9033302930DF12F03EE
S21402CB68CDE900632246534641464846FFF708FE8B
S21402CB780546002800F043819DF82F3013F0010780
S21402CB8846D1B44A23F02003106851688DF82F3036
S21402CB9810AB03C3184600F0FBF90546FEF744FD42
S21402CBA8BBB2984200F2B7803A9B13B100233A9A76
S21402CBB81370BDF83630CBB1012120880FF03EFA4B
S21402CBC827880546002800F04F81012138460FF0D5
S21402CBD835FABDF83670054638460FF013FA0023C4
S21402CBE800903A46194628460DF0E5FA0023CDE9A4
S21402CBF8033302930DF12F03CDE900632246534611
S21402CC0841464846FFF7BCFD0546002800F0F78077
S21402CC189DF82F3003F01103102B40F003818E4B42
S21402CC281B78432B40F0FE808C4B1B685B0640F15A
S21402CC38F980208808F105010DF080FB834600285C
S21402CC4800F0F0804146208804F0D4F9844B10F0B6
S21402CC58200F08BF1E4612A800F09AF9082231468D
S21402CC6812A8F1F70FFA002800F00E81314612A832
S21402CC780AF0EBF8012326AE00933246002314A9E5
S21402CC8812A800F0A1F9002840F0CC8012AB0DF1F2
S21402CC982F07CDE903600290009322465346414689
S21402CCA848460197FFF76CFD002800F0EF80BDF8B4
S21402CCB89A30102043F0080318AA14A9ADF89A303F
S21402CCC80CF074FC002840F0AD8012ABCDE903608E
S21402CCD8CDE9017000932246534641464846FFF77F
S21402CCE84FFD0546002840F09D8018AB4FF4907122
S21402CCF8002012AA00F0D4F84FF0005100200CF0E1
S21402CD08D2FEBBF1000F00F08C804FF0805100205D
S21402CD180CF0C9FE85E018AB14AA26A9F8B20AF0E8
S21402CD2840F8002840F09480082210A927A8F1F7B6
S21402CD38A9F98346ADB19DF8A53013F0020F089302
S21402CD480FD0082212A927A8F1F79CF948B9089B20
S21402CD58590706D53A9B13B101233A9A13700895D8
S21402CD6807E03A9B002B61D1BBF1000F70D100237C
S21402CD7808930DF1740C14AB0FCB8CE80F00BDF8BA
S21402CD883630CBB1012120880FF058F9B4F800B03C
S21402CD9800284FD0012158460FF050F9BDF836202A
S21402CDA88346104609920FF02DF900231946099A70
S21402CDB8009058460DF0FFF92A4B0DF1740B0493B8
S21402CDC8002303930DF12F03CDE900632246534651
S21402CDD841464846CDF808B0FFF7D2FC002837D1BE
S21402CDE8002D33D012AA5B464FF482714FF40050DE
S21402CDF800F056F8089B13B126A809F0EDFD174B6C
S21402CE081B689A070DD4FEF703FB50B1114A18ABFC
S21402CE181068516803C3002226A918A80CF0E9FB7B
S21402CE2868BB0025284631B0BDE8F08F00233A9A41
S21402CE38137099E7BDF836200A90104609920FF04B
S21402CE48E1F8DDE9092307990090B2E72A46CAE71E
S21402CE580137A3E6A6F0030010600020D0460020A3
S21402CE68F2530020CC460020BDF836B058460FF0E4
S21402CE78C9F82B4600905A4638460799B4E626A9BA
S21402CE8818A80CF0F2FBC6E78346F3E614AB2DE7C8
S21402CE9801461A230120014AF8F7B2BE24E101002E
S21402CEA8F0B5164691B0074609A80D461C46FFF788
S21402CEB8EFFF3EB1336845F04005CDF8263073687B
S21402CEC8CDF82A301B4B1A6822EA070242EA050105
S21402CED819604B040DD5BDF824200B0A03F4E2436F
S21402CEE8C9B222F4E3420B4322F07F021343ADF8A1
S21402CEF824301A230020104A09A9F8F781FEB4B193
S21402CF0804A809F06EFC02236A468DF8103015460E
S21402CF18234604F11006144618685968083303C4F1
S21402CF28B3422246F7D1294604A809F0D4FD11B027
S21402CF38F0BD00BFD046002024E1010047F2FF10F2
S21402CF48044B196841F48042014041F480411A605A
S21402CF580CF0A9BDD046002000B589B0FEF7CAFB82
S21402CF6801A8FFF795FF0948BDF8042001681302D7
S21402CF7821F0FF0103F4E2030B43D2B2134343F456
S21402CF888043036009B05DF804FB00BFD04600206A
S21402CF9810B50C4B0446186888B0830706D54FF0C0
S21402CFA8FF3323600120636008B010BD10F0400014
S21402CFB8FAD001A8FFF76CFFDDF806302360DDF82B
S21402CFC80A30EFE7D04600202DE9F04F99B08146A7
S21402CFD80C461E4617469DF88880A2B11546284676
S21402CFE809F0FFFB18F0020B0FD004B911AC6B4620
S21402CFF822462946484609F0B2FE0EB1002333609F
S21402D00819B0BDE8F08F0CADE9E76B4629464846ED
S21402D01804AA09F071FE6B7808F00108FF2B25D0E8
S21402D02800287AD154B104AB08AF1A4603CABA42EA
S21402D03820606160134604F10804F6D126B16A78C6
S21402D048374B03EB82033360B8F1000F01D100209F
S21402D058D6E7BDF80030D906F9D418204FF6FF7186
S21402D0686A780FF02DFB40F60E40C9E7DFF8B8A045
S21402D078DAF800302EB19A0756BF2A4AC6F800B028
S21402D088326003F03003102B01D0202B1ED111A8DA
S21402D098FFF7FEFE082248460DF14601F0F7F2FFBA
S21402D0A828B1DAF8003003F04403402B0ED0B8F16A
S21402D0B8000F0ED108A80CF0FAFC02232B70C4B994
S21402D0C8002FC4D0281DFFF763FFC0E740F60A40CA
S21402D0D896E7DAF80030DB03ECD508A80CF0E7FC94
S21402D0E802232B70BCB9002FB7D0281DFFF750FFBC
S21402D0F8B3E7002608AB0CAF1A4603CABA4220604A
S21402D1086160134604F10804F6D1281DFFF740FFB4
S21402D118002E9CD0A1E70126ECE72D2070E700BF81
S21402D128E4420020CC460020D046002049B9084BED
S21402D138197849B14EF66023594328B105480FF0CD
S21402D14831B841F28831F8E70248F8F7DFBC00BF89
S21402D158CF5F00201C46002070B586B00546F8F75B
S21402D168C3FD10B9022006B070BD01A8FFF710FF74
S21402D17806460028F6D08DB92E4B1C6814F0020419
S21402D18806D02D4B1B78112BECD12C4BB3F86840EC
S21402D1984FF481630221ADF80C3023E02846F9F7F4
S21402D1A82DF90028DED1234B1C6814F0020406D0A1
S21402D1B8214B1B78112BD5D1204BB3F86840082297
S21402D1C8294601A8F0F75EFF0028E1D04FF4027363
S21402D1D800260A21ADF80C302B68CDF80E306B68A5
S21402D1E8CDF81230002203A80BF0D3F9024608B98C
S21402D1F81920B8E70F4B196801F03003102B17D027
S21402D208202B14BF01230323490001F004010B431A
S21402D2182046002100F0F4FF0028E9D00021012072
S21402D228FFF784FF16B10122054B1A7000209AE711
S21402D2380323E9E7D0460020106000208853002028
S21402D248BD60002030B500251D4C85B0CDE90055DF
S21402D258F8F75CFC23784BB31A491B480A7800781F
S21402D268904223D90132012B0A700ED12A464FF476
S21402D278A071284602F0BEFAC0B2B8B941F28831A7
S21402D28812480EF08FFF05B030BD022B09D1284692
S21402D29802A9F9F745F80028EED102A8FFF75CFFC5
S21402D2A8EAE7032B02D101F065F9E5E70021084613
S21402D2B82170FFF73BFF0421684609F000FAE2E70F
S21402D2C8C9600020CA600020756A00201C4600203B
S21402D2D870B5194A194D04465168106886B02E78FA
S21402D2E801AB03C31EB10224204606B070BDF8F790
S21402D2F845FD0228F7D103A800F0E8FD082201A997
S21402D3080DF10E00F0F7BEFEA0B10D4B32464FF4FB
S21402D318A07130461C7002F06DFA04460028E3D16C
S21402D3280123084A41F2883107482B7013700EF021
S21402D33839FFD9E72324D7E77BCC0400C96000204D
S21402D348756A0020CA6000201C460020F0B50C460C
S21402D35800219BB02B4F0646492207A80691F0F7F4
S21402D36845FB3B78012B34D19EBB0DF10E012046BE
S21402D3780CF0B5FC0546BDF80E000EF043FE441B45
S21402D388E4B2BDF80E1023462A46009606A80FF009
S21402D398CBFA304604A9F8F7C3FFD0B9CCB19DF84A
S21402D3A81920B2B9BDF8233003F47E43B3F5285FDB
S21402D3B81ED3B3F5385F0ED31349BDF80E000B68BB
S21402D3C843F400030B60294609F059FD18B10423FB
S21402D3D83B701BB0F0BD01220C4B04A81A70FFF775
S21402D3E8BBFE41F288310A480EF0DCFE0223EFE764
S21402D3F811463A70FFF79AFE1E2104A809F05FF953
S21402D408E7E700BFC9600020D0460020CA600020B7
S21402D4181C460020014B1870704700BFCA600020E7
S21402D428014B1878704700BFC9600020014B18707E
S21402D438704700BFC96000202DE9F04F04464088B7
S21402D44891B00E298846ADF81A0074D094F8089060
S21402D458A7790BF083F809A90546BDF81A00E679FC
S21402D4680DF080F8BDF81A000AF07EFF430542BFA9
S21402D478BDF82A3043F40053ADF82A30E379D806CB
S21402D48842BFBDF82A3043F48053ADF82A30BDF8BF
S21402D4982A30990613D5022F52D10CA9207A0CF0FD
S21402D4A8BFFBDDF83500DDF8391007AB03C307AA62
S21402D4B80021042300910DF11A00FFF717FB012142
S21402D4C8BDF81A000EF0BAFD022F824644D1454B2B
S21402D4D833F81950B8F1000F79D0BDF82A305A0639
S21402D4E875D54FF6FB72954271D83F4AB2F8682056
S21402D4F8AA426CD0DB0502D528460CF0D7FCBDF84C
S21402D5082A30D80463D5002F33D1BDF81A000AF0A2
S21402D5182BFFC10663D548F23403BDF826209A428B
S21402D52809D1324E3078FF2805D003222946FCF767
S21402D5382BF9FF2333700023236011B0BDE8F08F68
S21402D548012F01BF237A2A4A03EB430302EB830324
S21402D55814BF00229A1CABE7012F05D10C2303FB4C
S21402D56809F3234AD55AB5E7A81C0FF0E0F8054692
S21402D578B0E7284601F07CFDBDF81A000AF0F4FE72
S21402D588C206C8D46389504605930EF03BFD83460F
S21402D59850460EF01BFD059B02905FFA8BF04A463A
S21402D5A8394601900093404609AB09F020F8B8F1D5
S21402D5B8000F14BF0B20092016F0030218BF02F151
S21402D5C8FF32294618BFD2B20FF07AF8A3E7BDF8A1
S21402D5D81A000AF0C9FEC3069DD4002FD2D1A94666
S21402D5E8D0E700BF6C58002088530020796A0020D4
S21402D5F8AC57002038B500240F4B104D2A78A242AB
S21402D60805D8C2B9BDE838400D48F8F77FBA598838
S21402D61869B9013AD2B2A2422A70EFD0121B184652
S21402D62803F110011201F0F733FA0346E6E7013474
S21402D6381033E4B2E2E738BDE8420020CD600020AD
S21402D6483069002070B51A4B1A4A1D780023DCB2DE
S21402D658A54200D870BD144666880133864202F198
S21402D6681002F4D1E379A588E16003F040028DB98F
S21402D678CAB123F00403E3710AF070FF037803F0DB
S21402D6887F03037021880029E4D1BDE870400A4868
S21402D6980EF088BD00216580A180002AE9D1BDE888
S21402D6A87040FFF7A7BF2046FFF7C6FEF7E700BFA2
S21402D6B8CD600020E8420020306900202DE9F047BE
S21402D6C8044686B040880F4615460AF047FFA379F7
S21402D6D88046082B52D8DFE803F0052E1851515120
S21402D6E85151050002300FF022F8002D4ED069463F
S21402D6F8F8F716FE002841D1684601F063FDB0FA35
S21402D70880F0400906B0BDE8F08702A9207A0CF03E
S21402D71887FA6B466E46DDF80D00DDF81110334ABF
S21402D72803C3237A32F81390314AD05C75B1314676
S21402D7380CF09AFAE6E7237A2E4903EB430301EB49
S21402D748830231F82390907A961CEFE74FF6FB7A1D
S21402D758D14515D930460CF0D1FB4FF6FF739842E7
S21402D768054615D00146304601F09EFC554508D9B7
S21402D778E379DA060ED440F62243E3600020C1E7D6
S21402D7884D46294608F102000EF0D3FF0120B9E7FC
S21402D7984D46EDE74FF6FC78454512D103F00C03EB
S21402D7A80C2B1CD1DFB130464FF6FD7101F07CFC24
S21402D7B840F61F412046E160FFF73EFEFFF71AFFDC
S21402D7C8DCE74FF6FD739D4209D100233046194621
S21402D7D81A4602F0DBF84146304601F065FCE3796A
S21402D7E843F00C03E37140F62343C6E76C58002067
S21402D7F8D65F0020AC57002073B5044640880E4614
S21402D8080AF0ACFE02300EF092FF09F04FFB18B198
S21402D818A11C201D09F04FFBE6B1E5790135EDB2F2
S21402D828E57115F0400514D0ECF74EFF01220546C7
S21402D83800212046FFF742FF18B1394B1B882B44BC
S21402D8489DB2384B1B78042B01BF354B1B885B19DE
S21402D8589DB22580002231462046FFF72FFF20B3CF
S21402D86860880AF07BFEE2792F4922F00C03E37106
S21402D8780B7805460133DBB20B70C3712B4BA61C23
S21402D8881B780BB3E37998061ED52949097871B136
S21402D89859060CD592070AD50022042311463046AB
S21402D8A80092FFF723F910B1E06002B070BD0022C3
S21402D8B80123114630460092FFF718F920B1E379A2
S21402D8C843F00303E371EFE7304609F0F2FA002863
S21402D8D8EAD16088FCF7C0FA0328E6D8DFE800F049
S21402D8E8020D1D19E37943F00403E3711B06DCD528
S21402D8F8104B1A78104B1A70D7E740F62443E360A9
S21402D908E37943F00803E3712B7803F07F032B7067
S21402D918CBE740F62543E360C7E740F62643FAE737
S21402D928CE690020116000200E6000200C600020E6
S21402D938766A0020D45F0020CC6000202DE9F74FDD
S21402D94806460EF00AFE5F4B0546B3F800901880AE
S21402D9585D4BA0EB09041B78A4B2A34298BF002330
S21402D9684FF000084FF6FF7788BF1B1B564A88BF42
S21402D978DBB21370DFF864B1A9EB00030093534BD4
S21402D9885FFA88F2197891420ED80EB1FFF732FE86
S21402D9984FF6FF739F4200F08E8039464C4803B01C
S21402D9A8BDE8F04F0EF0FEBBBBF80220002A3CD0C2
S21402D9B8484B9BF807201878BBF800A0042818D014
S21402D9C80020BAF1000F08BFA2462044504523D2D1
S21402D9D8BBF80010009B1944ABF80010002E4ED07E
S21402D9E802F04802482A4AD100215846FFF704FFA7
S21402D9F845E00192F8F704FC30F01003019ADFD1F3
S21402DA08FBF746FC344B019AB3F800C08445D7D9D5
S21402DA18ACEB000080B2D4E702F00C00042807D171
S21402DA280022ABF800200BF1100B08F10108A6E75C
S21402DA38510602F0030C02F008000ED528B3BCF11A
S21402DA48030F25D1DEB1DBF80C105846002908BFB3
S21402DA584FF44261FFF7F0FC11E040B3BCF1010F4E
S21402DA6825D11206EED44FF4C862ABF800209BF814
S21402DA78072022F0030242F002028BF80720BBF8C6
S21402DA880020974228BF1746CDE703208445D9D2FF
S21402DA9813060ED50C4B1A780AEB0200844208DAF3
S21402DAA84A44521B0AEB0201ABF80010E7E70120D2
S21402DAB8ECE7012199E7064803B0BDE8F04FF8F70E
S21402DAC825B800BFA0590020CC600020CD600020F9
S21402DAD83069002011600020CE690020E84200204C
S21402DAE8F8B500250A4E0B4F3378ECB2A34204D899
S21402DAF8BDE8F8400848F7F719BD07EB0414A01C60
S21402DB08F7F714FD201DF7F711FD0135ECE700BF06
S21402DB18CD600020E84200209659002070B5002407
S21402DB280B4D0C4E2B78A34208D81B1BDBB22B706E
S21402DB386BB9BDE870400848F7F7E8BF06EB041073
S21402DB4840F621410134FFF777FCE4B2EAE770BDFC
S21402DB58CD600020E842002030690020F8B5154E56
S21402DB68DFF858E035789EF800E0134FAE454FEAE6
S21402DB78051C07EB051419D0002503F4835343EA62
S21402DB881323A1712272E371608027F80C50A580D6
S21402DB9803F0A8FB40F60243E36033786081013362
S21402DBA828463370FFF7CAFE2846F8BD40F60340FB
S21402DBB8FBE700BFCD600020E8420020406A002054
S21402DBC82DE9F04F344B0D461C78174685B05CB9E4
S21402DBD8B1F90680DFF8C890DFF8C8A0DFF8C8B049
S21402DBE899F80030A34202D805B0BDE8F08F0AEBD8
S21402DBF80416B08800B9708801A90CF0B3FCAA7A9A
S21402DC089DF80E309A4244D1B8F1000F0FDA297AFD
S21402DC189DF80C202B89914209D8204800780844A0
S21402DC28824236DA521A1B0A1341D90731D53846C8
S21402DC380CF087FCBDF80A3004469A0602D5EB8833
S21402DC489B06D1D5F37903F00C03042B08D1708810
S21402DC58F9F786FD00237288194618460CF048F92B
S21402DC6800213046FFF7E8FBFFF7C4FC38460EF003
S21402DC78C9F9844208D2337A01228BF80030294641
S21402DC880023384602F0AEFCB8F1000FACDA0024E6
S21402DC98A6E70134E4B2A3E7CB6000203F6A00207F
S21402DCA8CD600020E8420020D560002008B50EF0BE
S21402DCB854FC074B1B88C01A80B2B0F5807F05D982
S21402DCC8BDE80840002103480EF06CBA08BD00BF44
S21402DCD8A0590020306900202DE9F04788B0044694
S21402DCE80D460CF058FB0146204603F083F910F067
S21402DCF803035FD110F00C0F06D12946204608B060
S21402DD08BDE8F047FFF79EBC20460AF02DFBC30687
S21402DD1838D420460CF03FFB0146204603F06AF949
S21402DD28064620460AF01AFC804602300EF0FFFC31
S21402DD3805A9074620460CF015FC06F00C0698F8CE
S21402DD4801300C2E0CBF4FF003094FF006090121D3
S21402DD5813F0010F204618BF4FF003090EF06EF9B4
S21402DD68174B80461B88A3420FD1B5FA85F04009A7
S21402DD78FBF748FC20460AF025FB0022014607204E
S21402DD880EF09EFC08B0BDE8F08703F0ABFA8246B8
S21402DD9840460EF037F9064640460EF017F9F6B238
S21402DDA802903A4649462846CDE900A605AB08F051
S21402DDB81EFCDFE7012BE5D110F00C0FE2D19CE741
S21402DDC896590020002210B5094B1C78094BD1B28F
S21402DDD88C4201D8002010BD197A814202D1997965
S21402DDE8022902D010330132F1E70120F3E700BF1F
S21402DDF8CD600020E84200200146002210B5084BFC
S21402DE081C78084BD0B2844201D8002010BD187A7C
S21402DE18884202D198790128F8D010330132F1E706
S21402DE28CD600020E8420020002210B40A4B1C787D
S21402DE380A4BD1B28C4203D85DF8044BFFF7DABB23
S21402DE48197A814205D19979012902BF00211980E0
S21402DE58598010330132ECE7CD600020E8420020FA
S21402DE68024B1878003818BF01207047CD60002092
S21402DE78044B1B6813F0300F03D0202130200BF020
S21402DE8812BE7047D0460020002310B50446084943
S21402DE981A4601EA00414FF07F60FFF701F8E307F0
S21402DEA803D5002130200BF0FEFD002010BD00BF78
S21402DEB800007207044B5B8823F4784323F08D0333
S21402DEC803800020704700BFD046002008B5002215
S21402DED80346C3F80220C3F806200B4A023012682B
S21402DEE8D1B212F0200F18BF41F010011980930723
S21402DEF801D4FFF74DF8054B1B78023B032B8CBF6A
S21402DF081720002008BD00BFD04600201060002061
S21402DF1838B505460C46FDF7EDFB98B10E4B18785A
S21402DF2878B10E4B1B681A040FD58CB113F0420F4A
S21402DF3800D17DB103F44073B3F5407F0CBF0020D7
S21402DF48232038BD40F60840FBE740F60B40F8E7CA
S21402DF582046F6E72320F4E70C600020D04600208F
S21402DF68F0B504468DB007A80D46164608F039FCEB
S21402DF781022002103A8EFF739FD5CB1234603AC53
S21402DF8803F11007224618685968083303C2BB42D1
S21402DF981446F7D1012703A986EA070307A88DF8CE
S21402DFA81C708DF81D3008F087FD80EA070401A86A
S21402DFB8E4B2EDF79DF8B6B101A88DF80650EDF774
S21402DFC8C3F864B1002303A907A88DF81D3008F02A
S21402DFD882FD0C4B1B78432B01D1F9F7DBF80A4B71
S21402DFE81D700DB0F0BD01A88DF80750EDF7ACF81E
S21402DFF8002CF6D003A907A88DF81D7008F06BFD53
S21402E008EFE700BF106000200B600020F0B5012586
S21402E01893B007460DA80C4608F0E3FB05A90DA821
S21402E028ADF8345008F072FD01A8EDF761F809A9B9
S21402E0380DA88DF835509DF8066008F067FD0DA806
S21402E0489DF8075008F0F8FC70BB731BDBB2802BF8
S21402E05828D91FB1A64225D0A54223D105A90DA8C5
S21402E06808F039FD03A8EDF743F803A88DF80F600A
S21402E078EDF76AF80122294609A8FFF771FF0AF0A8
S21402E088F8FD01214FF400700BF01DFFFDF71AFB97
S21402E098B0F1004F01D9FDF71BFB044B187808F0C6
S21402E0A80CFB012013B0F0BD0020FBE70B6000203C
S21402E0B870B50E46144605460320FFF7B7F946F034
S21402E0C804022946204608F060FD0022014B1A6029
S21402E0D870BD00BFCC460020F0B587B0078805465D
S21402E0E81022002102A8EFF781FC3E4B1B78002B7A
S21402E0F876D1BC055ED407F08403842B63D0002255
S21402E108394C11461046FFF72BFF17F4045F2760B9
S21402E11805F102061CD0B9040AD5304602F09CFA6C
S21402E12800284ED1236823F4005343F480732360F7
S21402E13830460BF034FD002842D108F050FB18B9DF
S21402E148236843F480332360236843F02003236064
S21402E15822680DF1060042F400432360FFF7AAFE88
S21402E16812F4805FBDF8063031D043F02003ADF8D4
S21402E17806302168334611F0400218BF05F1230223
S21402E1884FF07F60FEF78CFEBDF80630DA0703D53F
S21402E198002130200BF087FC23689B0506D5012258
S21402E1A895F8221005F11200FFF7DAFE00200F4B51
S21402E1B8186006E005F112000BF0F1FC00289AD070
S21402E1C8292007B0F0BDB80799D52320F9E723F030
S21402E1D82003ADF80630FDF77BFAFEF775FCC8E7B4
S21402E1E80220EEE710600020D0460020CC46002031
S21402E1F8024B1868C0F30050704700BFD046002094
S21402E2082DE9F04F064689461046002189B0154684
S21402E218984602F0EFFE102807460AD86A4B0341D2
S21402E228DB0706D4C8F340049DB9002009B0BDE850
S21402E238F08F664B1C78002CF6D0FFF7D9FF002823
S21402E2480CBF4FF4F0744FF4D074FC4004F0010491
S21402E258EAE74FF0000A18F0010F534652462946DD
S21402E2684FF00500CDF800A00CBF4FF0080B4FF496
S21402E278027B06F03DF90028D7D0C8233246009321
S21402E28859465346284602F0DDFEADF80E00002831
S21402E298CBD018F0080A4AD14FF6F773A7F10F0247
S21402E2A8D2B29E428CBF09230123012A01D843F029
S21402E2B84003474A8DF810301378591C11708DF8B0
S21402E2C81130002C4FD09DF81030052F43F0200354
S21402E2D88DF8103033D03F4B1D78002D5AD04FF6AC
S21402E2E8F77300259E424FF00F0248D9012304A96E
S21402E2F80DF10E00F7F75EFB002896D1002C4DD1E3
S21402E308BAF1000133463A4618BF0121BDF80E009D
S21402E318CDF8009008F0D4FDADF80E00002884D0A1
S21402E32818F0040F4DD031460AF041FE7EE7494602
S21402E3380DF10E000BF0ECFD0028ADD175E70121BA
S21402E348BDF80E000DF07AFE012102F053FE0123FD
S21402E358834013F0620F1CD11E4B1B78E3B14FF6B5
S21402E368F7731825BEE71B4B25461B780222002B9F
S21402E378BCD04FF6F7739E42B8D8052FB6D0BAF17E
S21402E388000FB3D19DF8103043F040038DF81030DB
S21402E398ACE710250F22A9E71825FBE7BAF1000F0C
S21402E3A80AD002234A46009029460DF10E00FEF7CF
S21402E3B89DFB0028A4D038E741235246CDF800A09A
S21402E3C8F2E70AF0DCFD31E79FFEFEFF0C60002054
S21402E3D80D600020006000202DE9DF431E46144B26
S21402E3E880461B680F469B0791460A9C1BD420460C
S21402E3F814B108F04FFDC0B20622CDE902403B46F2
S21402E4080020CDE900890B490BF045FF024650B1C2
S21402E4180021002E0CBF01230323084604B0BDE8E2
S21402E428D043FFF7EDBE002004B0BDE8D08300BF9E
S21402E438D0460020206804002DE9F04F8DB08146B2
S21402E4488A461F4693469DF85C803AB903A8FEF7AB
S21402E4589FFDB0BB00200DB0BDE8F08F1546002228
S21402E468232110460AF095F8ADF80A000028F1D0E4
S21402E4780DF0ACFD0523044618F0100F00F8023B19
S21402E488677020D011220021EFF7B0FA04F11306C4
S21402E498032F4FF0080237D159463046EFF7F8FAFD
S21402E4A8C8F3801306F10905337208F0EFFC00285A
S21402E4B83ED000232B706B700123033505F8013C10
S21402E4C836E003ADCBE7012610221699EFF7E0FAFD
S21402E4D806FA07F313F0620F02D104F11206D7E721
S21402E4E807A808F07EF905A88DF81C60ECF700FE70
S21402E4F89DF8162018F0200F9DF8173008BF13460F
S21402E50804F11306A374C3E751463046EFF7C0FA80
S21402E518012306F10802121B28460093BDF80A10CA
S21402E528082392B20EF000FA042F06F11005BCD0AA
S21402E5382D1BA9B20DF10A000BF015FE002889D191
S21402E54818F0040F0BD048460EF0E3F9FF281FBF59
S21402E558074A32F8103023F4804322F81030434634
S21402E56851464846BDF80A20FFF74AFE73E700BF41
S21402E5783859002070B5032690B08DF80760F7F773
S21402E588B3FB18B90224204610B070BD02AD284667
S21402E598FEF7FEFC0028F5D01B4B1C6814F002049C
S21402E5A8F0D140F20F43194AADF82430136804A894
S21402E5B8CDF826305368CDF82A3008F012F995E8D7
S21402E5C8030005AB83E80300062304A88DF81D3074
S21402E5D88DF81060ECF72EFD01210DF12E020DF1DB
S21402E5E80700ECF77FFC22461A2109A809F0D1FF9A
S21402E5F8024608B91924C6E7012329462046FFF72A
S21402E608FFFD0028BFD1F5E7D0460020966000201F
S21402E6182DE9F04F04460D46002191B01F2208A8A6
S21402E6289B460791EFF7E2F920460BF0B4FE014647
S21402E638204602F0DFFC8DF81100204609F08EFF16
S21402E6489DF81130467899068146C6F3400620465C
S21402E65848BF46F002060BF074FF804620460DF0CF
S21402E668D1FC0022A0EB0803DBB2232B28BF23230E
S21402E67800922146424607A80EF056F900283AD1DB
S21402E688A24B9DF81C701B789DF81DA0B3B3FFF72C
S21402E698AFFD00280CBF4FF4F0734FF4D073FB4065
S21402E6A8DA072BD5B30729D4082F22D1BAF1040FDB
S21402E6B821D1FBF77FFBF0B901234246009321469E
S21402E6C805200DF1110305F0F0FEA0B1053F0D2F50
S21402E6D811D8DFE817F024001000AF01BC01C5010D
S21402E6E8100010001000100010001000CB01F901F5
S21402E6F8F901052F07D011B0BDE8F08F102F05D10C
S21402E708BBF1000FF7D0FBF755FBD5E7FBF752FB3B
S21402E7180028D1D0052FCFD0112FCDD0EBE7BAF1F4
S21402E728050FE8D8204609F07CFE029009F102009F
S21402E7380DF0FDFF82460DF11200FFF7BBFB012329
S21402E7489DF81D8003FA08F313F0620303932DD095
S21402E758BDF812309D0722D5B407CCD5FBF72AFBA5
S21402E7680DF11E000BF01BFAB8F1030F04469DF8D4
S21402E7782EB02FD10DF12F050AF081F8824540F010
S21402E7883181032EB7D19DF836100DF11E020039DD
S21402E79818BF01210DF12E0008F09DFBABE7FBF731
S21402E7A809FB0028DCD1002EA5D0D9E7FBF702FB2F
S21402E7B868B10DF11E000BF0F2F9B8F1030F04462A
S21402E7C84FF0000B40F082800DF12E05D4E7002EA4
S21402E7D891D0EEE74E4B1B6898072AD5FF220821F0
S21402E7E80DF1370009F0D9FF814610BB03460146F2
S21402E7F80DF137020220FEF753FB0AF040F8824575
S21402E8080DF137070DF12F0523D04FF6F7739A450A
S21402E81840F2ED8000220821284609F0BEFF0028B3
S21402E82800F0E580002259460DF11E00FFF798FB1E
S21402E83861E70DF137070DF12F0538460BF05BF946
S21402E848002848D00AF01BF8824540F0CC804FF0EA
S21402E85800092846F7F7D2FD002800F0C480B8F170
S21402E868010F5BD0B8F1040F7FF445AF0BF066F9E1
S21402E87810B1032E7FF43FAF002C7FF43CAF3A462C
S21402E88802210DF11E00FFF713FC224B1B7863B121
S21402E898FFF770FEFEF7C4FD022806D10120FEF738
S21402E8A8B9FD01210846FEF741FC1B4B1B78022BDB
S21402E8B820D10321384607F002FFFEF7B1FD0146D4
S21402E8C800287FF418AFFEF731FC14E70DF136077F
S21402E8D80DF12E05B1E7104B1B78432B7FF40BAFD7
S21402E8E8B8F1010F7FF407AF09F0C9FF82457AD164
S21402E8F8C146AEE7412B7FF4FEAE054B1B685905B1
S21402E9087FF5F9AEF9F73EFEF5E600BF0C6000208B
S21402E918D0460020BD600020106000206C4D2B7889
S21402E928022B22D02B78412B3FF4E5AE3CB9FBF7FD
S21402E93841FA594602460DF11E00FFF711FBFBF796
S21402E94839FA00283FF4D7AE0BF0F8F8614C98B1C4
S21402E95823681B0502D42B78432B0DD1B0070BD4A2
S21402E96840F61A40F9F70CF8C5E60BF0E7F8002867
S21402E978D8D0B207D6D4BEE6206810F0020002D17C
S21402E98802990BF09AFA2B78112B16D1236859059F
S21402E99813D50020FEF7E0FB044600287FF4ABAE52
S21402E9A80AF0DBF940F61C40F8F7EAFF2146204653
S21402E9B8FEF7BCFBF8F7F0FF9DE6B20701D5FFF7B6
S21402E9C857FAB9F1000F9DD007F009FF18B94FF4AE
S21402E9D880310BF068F800223F4B38461A600BF07D
S21402E9E881F88FE70027039B002B7FF40EAF4FF6C4
S21402E9F8FF73284605A9ADF8143009F033FF20B195
S21402EA08284609F010FFADF814004FF6FF73BDF85C
S21402EA18140098423FF46FAE002C0CBF0423152353
S21402EA2801930DF11E0300933A4643462946FFF723
S21402EA3803FD60E60DF11D00F7F7E0FC00283FF441
S21402EA485AAE022229460020FAF79EFE53E6F3073C
S21402EA587FF551AE3246284607A90BF058FA4AE621
S21402EA689DF81D100120FFF7D1FA44E6184B1B78D3
S21402EA78022B20D1002D7FF43EAE05A8FEF788FAB9
S21402EA8800283FF438AE154B1D709DF81D30002B3C
S21402EA9814BF64246524FEF7C3FC032806D128465F
S21402EAA82946FEF743FB2846FEF7C0FC214605A882
S21402EAB807F005FE1FE6043B012BDBD9284608F0C3
S21402EAC8F5F90028D6D116E6204608F0F1F912E63E
S21402EAD810600020D0460020CC460020BD600020F2
S21402EAE82DE9F34105460E46174698460BF026F8DA
S21402EAF8044640B101233A4631462846CDF80080FE
S21402EB08FFF76AFC04460BF019F830B1FFF770FB02
S21402EB1878B10A4B1B689B010BD400233A46314650
S21402EB282846CDF80080FFF757FC002C0CBF044699
S21402EB38012404F0010002B0BDE8F081D0460020AE
S21402EB4870B58AB005A807F04CFE022301AA15463E
S21402EB588DF81430084B03F11006144618685968E5
S21402EB68083303C4B3422246F7D1294605A807F05C
S21402EB78A3FF0AB070BD00BF83CC0400014B18780F
S21402EB88704700BF776A0020014B1888704700BF9D
S21402EB98F66900204FF6FF732DE9F0439942804646
S21402EBA80D4685B00BD000274FF6FD791C4EEBF7C5
S21402EBB891FDFCB2A0420BD84FF6FF701DE0F7F7A6
S21402EBC81DFC0028EFD005B0BDE8F04309F057BE9B
S21402EBD836F814304B4517D8694620460AF0E4FF43
S21402EBE8082241460DF10500EFF74CFA4FF6FF737F
S21402EBF860B99D4204D136F8140005B0BDE8F0832A
S21402EC0826F814500AF0AAFF0137D0E79D42FBD037
S21402EC1836F81430AB4208BF26F81490F4E700BF63
S21402EC286C5800202DE9FF4706460F4600254FF68A
S21402EC38FD79DFF83C80DFF83CA0EBF74BFDECB241
S21402EC48A04202D804B0BDE8F08738F814304B4525
S21402EC580CD8694620460AF0A7FF082231460DF16D
S21402EC680500EFF70FFA08B90AF804700135E4E769
S21402EC786C580020D65F0020014B33F8100070470E
S21402EC886C580020F0B5064600250D4F85B0EBF708
S21402EC9821FDECB2A04201D805B0F0BD37F8143019
S21402ECA8B3420BD1694620460AF0BAFF9DF80030F7
S21402ECB8022B1CBF4FF6FD7327F814300135E6E722
S21402ECC86C58002030B585B004460D46EBF702FDB9
S21402ECD8A0420FD9084B33F814204FF6FD739A4218
S21402ECE808D8694620460AF09BFF29460DF105001A
S21402ECF8FFF750FF05B030BD6C58002030B585B020
S21402ED080446EBF7E7FCA04219D92046FFF75AF863
S21402ED180546B0B9694620460AF046FF9DF8003017
S21402ED282BB1694620468DF800500AF05BFF4FF675
S21402ED38FF720020044B23F8142005B030BD2820AB
S21402ED48FBE740F60440F8E76C5800202DE9F0414E
S21402ED580B7805460E461BB9BDE8F041FFF7CEBF55
S21402ED68EBF7B8FCA84231D92846FFF72BF878BB50
S21402ED78374617F8058B4FF6FF713846FFF70AFF36
S21402ED880446384600F01EFAB0FA80F04009B8F198
S21402ED98000F15D0B8F1030F15D04FF6FF724FF6D5
S21402EDA8FD73944208BF1C460B4B314623F81540A8
S21402EDB80A4B585528460AF015FF0020BDE8F08190
S21402EDC84FF6FF74F0E74FF6FE74EDE72820F5E7F6
S21402EDD840F60440F2E700BF6C580020D65F0020D9
S21402EDE82DE9FF410D4604464FF6FE780F4F0E0AF0
S21402EDF8EBF770FCA04204D8FF24204604B0BDE816
S21402EE08F08137F8143043450CD1694620460AF09B
S21402EE18CBFE9DF80520EBB29A4203D19DF8063048
S21402EE28B342EAD00134E4B2E2E700BF6C580020ED
S21402EE382DE9F04F0C461746984600254FF6FD7BFF
S21402EE4887B09DF840A0DFF85C900190EBF742FC93
S21402EE58EEB2B04201D8FF2616E039F816205A4517
S21402EE681ED8304602A90AF09FFE3FB99DF809202F
S21402EE78424515D19DF80C20524511D144B939F8AE
S21402EE881620019B9A420BD1304607B0BDE8F08F98
S21402EE98082220460DF10D01EFF7F4F80028F3D00A
S21402EEA80135D3E76C58002010B514460AF07CFEEC
S21402EEB82046BDE8104008220149EEF7E9BD00BF2A
S21402EEC8966000202DE9FF470746154608460822A1
S21402EED824491E46EFF7D6F8044600283FD14FF6D7
S21402EEE8FF7ADFF88490EBF7F5FB5FFA84F8804543
S21402EEF80BD385B3384605F099FB01250C9B187091
S21402EF080120357004B0BDE8F08739F8183053454B
S21402EF181FD0694640460AF047FE7A789DF80130C7
S21402EF289A4216D17A88BDF802309A4211D13A79B5
S21402EF389DF804309A420CD108220DF10501781D7D
S21402EF48EFF7A0F828B9002DD7D1404605F089FB7F
S21402EF58D3E70134C7E7FF2005F083FBCEE700209E
S21402EF68D0E700BF966000206C580020F0B5002558
S21402EF78154E164F85B0EBF7ADFBECB2A04201D8A2
S21402EF8805B0F0BD694620460AF00EFE9DF8003030
S21402EF98032B06D90023694620468DF800300AF06E
S21402EFA821FE9DF8002062B14FF6FD734FF6FE7102
S21402EFB8032A08BF0B4626F81430002301353B55B2
S21402EFC8D9E74FF6FF73F6E76C580020D65F0020A5
S21402EFD8F8B50E4604464FF6FF770C4B0C4D1B78D9
S21402EFE803EB430305EB8305A54202D8002420461B
S21402EFF8F8BD2388BB4206D008223146A01CEFF78C
S21402F00841F80028F3D00C34EEE700BF416A00202E
S21402F018AC570020044BFF211A78044802EB420240
S21402F0289200EEF7E3BC00BF416A0020AC5700200E
S21402F038F8B504460C4B0D461B781046A3420DD96C
S21402F0480C27022117FB04117C43084E0822314480
S21402F058EEF71EFD335B00202B80F8BD00231360FD
S21402F06853604FF6FF73F6E7416A0020AC5700205C
S21402F07838B504464FF6FD75FFF704FE0022084B26
S21402F0881878084BD1B2884200D838BD33F80C1C21
S21402F0980132A14208BF23F80C5C0C33F2E700BF2A
S21402F0A8416A0020B857002070B505460E46084645
S21402F0B8FFF7DEFF31462846FFF76CFD294606486D
S21402F0C8FFF786FF00B970BD044624F80C6B0AF0F9
S21402F0D845FD29462046F3E7AC57002010B508221E
S21402F0E886B023490446EEF7CDFF20B906B0BDE840
S21402F0F8104009F0C4BB082220461E49EEF7C2FF9C
S21402F10820B91D4BB3F8680006B010BD00230122D3
S21402F11821464FF6FF700093FFF78AFEFF2806D0B7
S21402F128164B33F810004FF6FB739842ECD903A837
S21402F138FEF7CCFE58B9BDF80C305B0607D5082298
S21402F14821460DF10E00EEF79DFF0028DCD0214681
S21402F1580B48FFF73DFF40B14FF6FB724FF6FF73C1
S21402F1680088904288BF1846CEE74FF6FF70CBE776
S21402F17896600020F2530020885300206C58002026
S21402F188AC57002070B5002204464FF6FB760846B8
S21402F1980A4B1D780A4BD1B28D4201D8002009E0ED
S21402F1A81988B14207D8A14205D10822991CEEF760
S21402F1B86FFC012070BD0C330132ECE7416A002077
S21402F1C8AC57002037B5014605460E48FFF700FF44
S21402F1D8044640B1807A29460AF046FD80F00100CE
S21402F1E8C0B203B030BD03460090012229464FF64E
S21402F1F8FF70FFF71DFEFF2816BF034B2046185C5C
S21402F208E9E700BFAC570020D65F00202DE9F3419E
S21402F218224B04461B780F468342154638D9FEF71A
S21402F228EBFDB8BB4FF6FD739D421D4E0ED004EBA8
S21402F238440326F823504FF6FF739D421FD12046FB
S21402F248FEF7F2FD002002B0BDE8F0810DF10601DE
S21402F258384609F007FB4FF6FF72BDF80630384607
S21402F268934218BF1D460C236343F55206EB030868
S21402F278FFF7A8FFB0FA80F0400988F80A000C23C6
S21402F28803FB0460082239460230EEF701FCD9E790
S21402F2982820D8E740F60540D5E700BF416A002097
S21402F2A8AC57002038B504460D46FFF7BBFC21468E
S21402F2B80448FFF78DFE00B938BD857221460C302A
S21402F2C8F7E700BFAC5700200023074A1370074A27
S21402F2D81370074A118801B11380064B1A880AB1BF
S21402F2E800221A80704700BFCF600020CE60002040
S21402F2F8A6590020A45900202DE9F04F3C4C1D4683
S21402F308238887B00746884610469DF840605BB952
S21402F31852B10AF041FF20804FF4FA61354807B02F
S21402F328BDE8F04F0CF03EBFDFF8D890B9F80040C1
S21402F338002C49D020460CF065FEC0F3470620464E
S21402F3480CF044FEDFF8C0A00296BAF80030DFF8E8
S21402F358BCB00193BBF800300446009300222B464B
S21402F368012025490AF097FFADF81600E8B10125F5
S21402F37804EB4606B4420DD1BDB9BDF81630A3B1AA
S21402F3882A464146384600F06FF9ABF80050AAF80C
S21402F39800500AE0012321461A460DF11600F6F738
S21402F3A809FB023405460028E4D00023134AA9F8CC
S21402F3B800301378013BDBB21370002BACD107B0D8
S21402F3C8BDE8F04FFFF780BF0D4C237823B90DF048
S21402F3D827F808B901232370324629460520F7F78D
S21402F3E80DFA0028EBD1207007B0BDE8F08F00BFF9
S21402F3F8A65900205069002026680400CF60002025
S21402F408CE600020A459002040590020425900200E
S21402F41830B5154D87B02C889CB923464FF4A07298
S21402F42848F2380103A80AF0FBFC21462046FAF700
S21402F438E3FA22460D4B009403A9FFF75DFF07B0D7
S21402F44830BD204609F08AF804300DF070F903A999
S21402F458044628880BF086F80023009320462A885C
S21402F46803A900F0AFFAEAE7A659002000F8FF075A
S21402F47837B5002001A9FAF7BFFA0D4C01462378E2
S21402F4880C4D7BB10C4B019A1878FAF7CBFA207818
S21402F498F8F74CFC002323702B700848F6F736FB67
S21402F4A803B030BD2B78002BF7D0FFF7B1FFF4E797
S21402F4B8D1600020CF600020D06000205069002074
S21402F4C808B50548F6F732F80448F6F72FF8BDE807
S21402F4D808400348F6F72AB8A6590020A45900207F
S21402F4E8A25900202DE9F04F89B089460446CDE995
S21402F4F805239DF84870139E30B316F801ABBAF18F
S21402F508000F23D00AF1FF34A400E4B231460120EA
S21402F51807F014FDC00E1BD1DFF838B131460120C2
S21402F52807F00CFD9BF8005034442279BDB1002F39
S21402F53847D180234846CDE90277CDE900773E4A8F
S21402F548059900F091F83CE08246DFE75446DDE78D
S21402F5581B28ECD93146012007F0F0FCE7E7DFF874
S21402F568F880FF2A00EA08080BD14246E379A17917
S21402F578607901EB032189B209B0BDE8F04FFAF7CA
S21402F58851BA2E4909688B070AD5FE2A35D10123B6
S21402F5980135EDB2202D4FEA43030AD1FF250AE0D2
S21402F5A8294628460792FAF727FA4845BFD1079A06
S21402F5B8EBE79845ECD1224B1B78FF2B04D0AB42E5
S21402F5C804D009B0BDE8F08FFF2DFAD029460020F6
S21402F5D8F4F7B2FF0028F4D09BF800306479002BC9
S21402F5E8EFD1FFF771FE17484FF410510CF0DAFD11
S21402F5F8154B8BF800501C70E3E7052A97D8BAF12A
S21402F608010F94D8B8F1000F91D0002FD9D1737991
S21402F618002BD6D00D49098821B9082B28BF082304
S21402F6280B490B70434648461292DDE9051209B0AB
S21402F638BDE8F04FFFF760BE26680400D0460020FB
S21402F648786A002050690020D0600020A659002061
S21402F658CF600020D160002000F8FF07014B188019
S21402F668FFF7D6BEA45900200CB42DE9F04F8BB094
S21402F67814AA0E4652F8041B07460992002940F0BF
S21402F6888F80BDF85400ADF82200002800F0A18053
S21402F69833794FF6F778002B40F0868047458CBFC3
S21402F6A84FF009084FF008084C4B1C78FF2C40F026
S21402F6B88380B6F90230002BA9BF494B347A1C78EE
S21402F6C80134A2BFE4B21C7044F08004DFF81CB117
S21402F6D82246002101F0A2FC9BF80030BDF8220069
S21402F6E8002B6CD0DFF808A14FF00009BAF80030FA
S21402F6F807930CF087FC0546BDF822000CF066FC62
S21402F708EBB2CDE90193FF23CDE903090093224624
S21402F718334639460798FCF7B5FB4FF6FF7305469E
S21402F7288BF80090AAF80030382D33D13246394685
S21402F73840460DF1220307F0C1FB00284BD04FF6D6
S21402F748F7739F4226D8B6F902307088002B21DA62
S21402F75848F204022349244B4FF00008904214BF93
S21402F7688946994609F08BF8494603468A220120BB
S21402F778CDF800800AF08FFD814658B122464146F0
S21402F78801F04CFCFF23324639464046CDE9009844
S21402F798FCF7DAF928460BB0BDE8F04F02B070471E
S21402F7A801200AF055FD6EE7002347458CBF4FF04F
S21402F7B806089846337177E7FF221A7086E7CDE97E
S21402F7C800033246FF2339464046FCF7BDF9054694
S21402F7D8AAE71925DEE70546DCE700BF7A6A0020B5
S21402F7E8D3600020376804002C680400D26000202A
S21402F7F8A859002070B54FF4003300240546164673
S21402F80888B0ADF81A100DF10F0204A90593ADF8E9
S21402F8181840ADF81C4004948DF80F4007F02DFBF5
S21402F8289DF80F3028460193049B044A009305A9C5
S21402F8383346FFF719FF08B070BD00BF30680400F2
S21402F84830B54FF48035002487B00395BDF82850AC
S21402F858CDE900128DF81030074A034603A9BDF811
S21402F8682C008DF81140ADF81250ADF81440FFF791
S21402F878FBFE07B030BD00BF3C680400B1F1006F64
S21402F8882DE9F04314462CBF392238228BB01D4688
S21402F8984FF00003ADF81E204FF480022CBF4FF045
S21402F8A801099946FF2C0646ADF81C300892ADF8B9
S21402F8B824304FEA11471FFA81F80FD109F0F0FAFF
S21402F8C8B9F1000F19D1154ACDE90205434630466B
S21402F8D8CDE9007407A9FFF7C7FE1AE0FE2C0AD185
S21402F8E809F0DEFA0130C0B209F0E5FAB9F1000F04
S21402F8F812D00B4A02E0E8B2F8E70A4ACDE9030555
S21402F90801233046CDE90174CDF8008007A9FFF738
S21402F918ABFE0BB0BDE8F083034AD5E734680400B3
S21402F9283A680400336804003B6804004FF49812EF
S21402F9384FF0806310B586B0CDE903230023ADF8F7
S21402F948143008F09CFF0446F8F796FA054B019027
S21402F9580093054A234603A94FF6FD70FFF784FE77
S21402F96806B010BD966000204068040008B5064B35
S21402F9781B78022B02D0043B012B03D8FFF7D6FFD5
S21402F988002008BD0220FCE71060002030B50024E5
S21402F9984FF4806587B0CDE900128DF81030084A1A
S21402F9A8034603A94FF6FD708DF811400394ADF88F
S21402F9B81250ADF81440FFF757FE07B030BD00BF2F
S21402F9C8446804002DE9F04F99B00E4605460CA986
S21402F9D81046CDE90A329DF888700AF080F9BDF81B
S21402F9E83090804648460CF00DFBB6F902300446C5
S21402F9F8002BB6F806A0B6F802B004DA00228D4B41
S21402FA081A70002049E048460CF0FCFA4045F5D347
S21402FA18A4EB0804E3B2002F18BF4FF4A07A152B04
S21402FA28099328BF15230024013308F1FF324946FB
S21402FA38DBB292B2009412A80CF076FF6FEA4B4340
S21402FA486FEA53437C499DF8482008684968ADF830
S21402FA583E300DAB03C3ADF84040ADF83C40ADF8C0
S21402FA6842A0ADF84420BBF1000F24D10DF14900A5
S21402FA78F6F7C4FCA0B108F002FF5C4680460DF11A
S21402FA8851060DF149030A9A96F80090012A2CD1DC
S21402FA984FB384F0010404F0010019B0BDE8F08FFA
S21402FAA80DF149000AF02AFA4FF6FF74011B4C4280
S21402FAB880464C41E3E7BBF1010F57D1BDF84980B8
S21402FAC808F0DDFE80450AD040460DA90AF019FA6C
S21402FAD880F00104E4B20DF14B060DABD3E7574BA9
S21402FAE80DF14B06CFE70A9CD5E75FB344BBB9F1E5
S21402FAF8010F25D830D108F0C2FE08F0C0FE224613
S21402FB08804671784D4B029100210120CDE9008193
S21402FB184B490AF0C0FBADF8320088B124BBB9F1F4
S21402FB28010F0CBF0D210C210DF132000AF01BFB50
S21402FB38024628B92846BDF832300FA9FFF794FDC9
S21402FB480120AAE7B9F1010F04D1002CD3D08122F3
S21402FB587178D8E7002CFAD1B9F1010F94BF0022C8
S21402FB6801227178D201CEE70C21DDE70A9B002B31
S21402FB787FF447AF7388342B4BD1099B092B7FF44C
S21402FB8840AF002F7FF43DAF9DF951603A46B4105E
S21402FB9808210DF1490004F0200408F0FEFDA0B18A
S21402FBA8284B1B78012B3FF42CAF274A274BB2F879
S21402FBB868201B68AA421DD0DA001BD5C82328462F
S21402FBC8234A0FA9FFF750FD1BE70DF14900F6F788
S21402FBD815FC0028E4D10DF149000AF08FF94FF61A
S21402FBE8FF739842EAD02146F9F778FE03460028C2
S21402FBF8E4D1E4E75B0201D5002E08DA00232846A2
S21402FC08134A0FA9FFF730FD124B1C70F9E68D2335
S21402FC18D5E7099BCDE905A204930DF14903CDE981
S21402FC28028331462846CDE900790B9B0FAA00F0DD
S21402FC383DF8E6E6C7600020A6F0030096600020BE
S21402FC48486804001160002088530020D04600202F
S21402FC58901D0400796A0020024B187840F0800054
S21402FC68704700BFD3600020014B18800020704701
S21402FC78FE6900204FF6FF71034602881B798A4206
S21402FC8817BF074901200A8041881EBF054A00207F
S21402FC981180FF2B1EBF044A00201370704700BF56
S21402FCA8FA690020F8690020D46000202DE9F04F98
S21402FCB8A1B09946BDF8AC302D9F0D939DF8B03093
S21402FCC804460E93BDF8BC3038460F939DF8C030F4
S21402FCD84E88884615469DF8A8B010930CF027FD66
S21402FCE8112E824671D808F0CAFD504576D0062EE7
S21402FCF810D14FF6FD72924526D0BBF1000F10D1F7
S21402FD0800228023CDE900A229462046BC4AFFF7F6
S21402FD18ABFC06E0BBF1000F03D1032E07D8012E79
S21402FD2809D80022B74B1A7021B0BDE8F08F043EFE
S21402FD38022EF6D8E4E7802329462046B24ACDF8B2
S21402FD4800A0FFF791FCECE7B04B1B785E074CD49B
S21402FD5808F095FD0026034632460120A84900967B
S21402FD680AF099FA3B79ADF866000F930028DBD0C3
S21402FD78DDE90E320D9803EB42090CF043F95FFAFF
S21402FD8889F909F105085FFA88F88045CCD2414618
S21402FD980D9801F02FF9109008EB40080D980CF01A
S21402FDA831F98045C0DADDE90F321343DBB2002BA6
S21402FDB840F03482BBF1000FB6D1D8464246042141
S21402FDC8BDF8660001F02AF974E1904A3A2E1278D4
S21402FDD812D948F23B039E4207D013E08B4A1278A8
S21402FDE850070BD5321F022A08D8B8F8063043F453
S21402FDF88043A8F8063097E71B2E1DD8B21E91B28C
S21402FE0813295FD9109B494602930F9B3046CDE9CA
S21402FE1800B30E9A234607F037F80F2884D101223A
S21402FE28784B1A70794B1B789B0740F12783BBF1F6
S21402FE38000F7FF479AFD8E7A6F11C011E29E1D896
S21402FE4801A050F821F000BF9B0403000DFE02003B
S21402FE580DFE020031FD02000DFE020089020300BB
S21402FE68890203000DFE02000DFE02000DFE0200CE
S21402FE780DFE02000DFE02000DFE02000DFE02003F
S21402FE880DFE02000DFE02000DFE02000DFE02002F
S21402FE980DFE02000DFE02000DFE0200BB0203006C
S21402FEA8BB0203006D0403000DFE02000DFE0200F5
S21402FEB88F0403000DFE0200EB0403000105030095
S21402FEC80F050300132A9DD801A151F822F000BF9E
S21402FED829FF0200B9FF0200D7FF0200EF00030065
S21402FEE859FD02000DFE02000DFE02000DFE020084
S21402FEF80DFE02000DFE02000DFE02000DFE0200BF
S21402FF080DFE02000DFE02000DFE02000DFE0200AE
S21402FF180DFE0200330203000DFE0200C7040300B2
S21402FF2800231A938DF866300DF1660322460E9961
S21402FF38484600931AAB06F0A1FF08F0A0FC064656
S21402FF48EAF7D4FB162894BF4FF002094FF02209AD
S21402FF58F7F792FF2E4B0746B3F800A0FBF7EAFD29
S21402FF682C4B80464FF6FF70B3F800B009F07EFFC0
S21402FF78294B9DF866201988244B1B7813F0020338
S21402FF881CBF264B1B780B921A9ACDE90701CDE9BE
S21402FF98093240232946CDE9019320460023CDE9BC
S21402FFA8058BCDE9037A1E4A0096FFF75DFBBBE692
S21402FFB808F065FC1B4B1C4A1B88CDE92A03002364
S21402FFC82946204621B0BDE8F04FFFF74DBBBE7864
S21402FFD81AA9731EDBB2EF2B304627D9F22E25D08C
S21402FFE805F07EFA822608F04AFC00232946CDE967
S21402FFF80003034A33462046FFF736FB94E600BF63
S2140300082C680400C760002037680400D15F00200E
S214030018FE690020FA690020F8690020D4600020F1
S2140300284E680400FC6900205B68040005F058FA73
S214030038002856D008F023FC9DF86C209DF86E1017
S2140300480492BDF86A2049000392BDF86820C9B235
S214030058CDE901629DF86D2003465200D2B20832FC
S2140300680A44009201200022C6490AF014F99DF8B2
S2140300786D30ADF866008DF8633000283FF454AE53
S2140300884FF0000801230DF163011A460DF16600CF
S214030098F5F790FC074600287FF446AE9DF86330D4
S2140300A8FAB293420CD89DF86E308DF86330B8F1E7
S2140300B8000F02D0BDF8663036E04FF00108E1E7DE
S2140300C84146304605F00EFA0123ADF864000222D5
S2140300D819A90DF16600F5F76DFC01370028DDD088
S2140300E822E683267FE708F0CAFB064605F019FAD8
S2140300F83346009000220120A3490AF0CCF80028D2
S2140301083FF412AE00273E46ADF8680005F009FA3C
S2140301185FFA87F840450DD832460421BDF86800D3
S21403012800F07CFFBDF86830002229462046FFF71A
S2140301389BFAF9E5404605F0D1F9FF288DF86600E5
S2140301480BD0012301361A460DF166011AA8F6B23A
S214030158F5F730FC00287FF4E7AD0137D6E75046BD
S214030168B7F8029005F0BAF9FF288DF8640000F096
S214030178E2811AA905F0B4F9BDF868304B4507D0F3
S2140301884FF6FF72914540F0D681190400F1D381EA
S2140301989DF86D3012930E9B0533DBB213930F9BBA
S2140301A8149300234FF0000911934B4613E017935B
S2140301B84900139BC9B219440D9889B20AF00EF880
S2140301C84FF0000A179B159012995FFA8AF28A4233
S2140301D816D309F10109149A5FFA89F19142E6D315
S2140301E89DF86E201292169A1392002B40F0958172
S2140301F8119B002B40F09F81109B14930123D1E79A
S21403020811999DF86400179305F06CF9159A179BD6
S2140302180AF1010A824208BF0123D5E709F1060954
S2140302285FFA89F3B046169386E1BD1C2946504605
S214030238BC7A06F0ACF901222946504608F0C5FFF9
S214030248504609F027FE284609F058FE3A888242A7
S21403025807D04FF6FF72904203D00CF05AFB09F012
S21403026839FE84F00804C4F3C00421462846FFF781
S21403027819F82146284621B0BDE8F04F06F02DBEF2
S214030288BBF1000F7FF450AD12073FF5AEAD334612
S2140302983A462946204601F08FF900287FF444ADF4
S2140302A8842329462046394A21B0BDE8F04FFFF794
S2140302B8DBB90F9897F8008009F094FB00210746EE
S2140302C8204601F0E3FC312EA7EB0007FFB240F00F
S2140302D8D5804FF0000A012053465246CDE9008ADE
S2140302E82B4909F0D8FFADF8660000283FF41CAD8B
S2140302F8162251461AA8EDF779FB1AA808F048FD06
S2140303084FF0FF33DFF894B0CDE91C339BF8009029
S214030318B9F1000F02D14FF0010A55E01D4E3379AB
S2140303286F2B02D90026324625E050461CA9F6F75D
S2140303383DFF0028F6D0184BB6F80090B3F868309F
S214030348B9F1000F2CD1003B18BF01235B0143F022
S21403035804038DF87A3002238DF87B3073881B0AE2
S21403036849461EA88DF87D300CF0E3F9B8F1000F66
S21403037865D0002601220221BDF8660000F04EFE75
S21403038832461CE55F6804002C680400901D0400D0
S2140303986768040004590020885300200A60002078
S2140303A8B3EB090318BF01235B0143F005038DF87C
S2140303B87A3002238DF87B300F238DF87C30CDE717
S2140303C80AF1010A5FFA8AFA0AF1FF36F6B23046EC
S2140303D80CF0A5FAC307F3D59BF8003019EB030F07
S2140303E804D009F101095FFA89F9E9E7584B1CA912
S2140303F818783044C0B2F6F7D9FE002892D03046B3
S21403040809F079FD814630460CF089FAC0070FD407
S21403041816238DF87A304F4B1B780133DBB20F2B3C
S21403042828BF0F238DF87C304B4B33F8163096E7EE
S21403043830460CF074FA8107EAD41223E9E7BDF8CC
S21403044866000BF0DFFD1630B84292DC0123162255
S2140304581AA90DF16600F5F7ADFA00287FF464AC27
S214030468012660E712073FF5C0AC3B4622462946FD
S2140304780F9801F0F9F800287FF456ACBBF1000F8B
S2140304887FF452AC0CE7BBF1000F7FF44DAC80232E
S21403049807E708F0F4F950457FF446ACB81CF5F7BF
S2140304A8ADFF00283FF440AC08F0E9F9064608F02B
S2140304B8E6F92A4B2A4ACDE92A03334680E5384625
S2140304C80CF035F909F0D2FC00283FF42DAC2A903D
S2140304D8002329462046234A21B0BDE8F04FFFF7FC
S2140304E8C3B84B462A4621460020CDE92AB721B091
S2140304F8BDE8F04FFEF7F6BF4B462A4621460120D5
S214030508CDE92AB7F3E75B464A46294620462A97A3
S21403051821B0BDE8F04F06F0E5BC012319A91A4639
S2140305280DF16600F5F746FA00287FF4FDAB08F1EF
S21403053801085FFA88F8013604F0F3FF5FFA86FAD3
S21403054850453FF60CAEB8F1000F3FF433AC35E434
S214030558476A0020BC6000203659002096600020B9
S2140305686C68040037680400F8B5164B04461D8803
S214030578154B20F8025B196879B10822EDF788FA5B
S214030588124B0C201B78124EA372124B19780023B9
S214030598DAB2914205D8FF2209E0C4F80210416096
S2140305A8EEE7013300FB03F7F75BAF42F0D10A4BE4
S2140305B8E2721B782373094B1B786373084B1B681B
S2140305C82361F8BDB6590020A4540020D560002046
S2140305D8A0570020416A0020B9600020B8600020B8
S2140305E890540020F0B589B006460C46154609F027
S2140305F8A8FF0DF10A020146304609F059FE144FCA
S2140306080346F0B901223A702288BDF80A102AB1C7
S21403061802460090072003F048FF90B103A8FFF7AF
S214030628A3FFBDF80A000BF0EDFC0646BDF80A006A
S2140306380BF0CCFC21460090F3B2284603AA05F03B
S214030648D0FF0023034A3B70136009B0F0BD00BF18
S214030658D6600020A4540020142230B58BB005467B
S2140306680DEB02011548DEF7DDFC10BBBDF81430B0
S214030678DA0720D413F0060FC3F3410208BFC3F307
S21403068841220F4B0DF116019C5C68462246EDF796
S2140306983DFBBDF8263004F128026A4402F8283CDC
S2140306A802341B0A02F8273C69462A46E0B208F0D9
S2140306B87DFF0BB030BD2320FBE700BF703214E08C
S2140306C89BCC040010B58AB0ADF826200022CDE9ED
S2140306D8052204920CAA02924FF6FF720446AC2136
S2140306E801200192064A039004FB0122603200921D
S2140306F84CF620010DF1260209F00CFC0AB010BDD9
S2140307088853002010B54FF6FF741E4A8AB0B2F815
S2140307186800B2F85E10A042ADF82600B2F85C3066
S2140307284FF6FD70ADF8241018D081424FF0000044
S21403073894BF48F660014CF66001CDE90500CDE9A3
S2140307480300CDE9010094BF09AA603200920DF1B7
S2140307582602042009F0DEFB0AB010BD81424FF0E2
S21403076800008CBF603209AA00928CBF4CF6604129
S21403077848F66041CDE90500CDE90300CDE901005F
S214030788014AE6E788530020F253002000B50E4BD3
S2140307980022B3F85E308BB0ADF824304FF6FF7303
S2140307A8CDE90522CDE90322CDE9012209AA009263
S2140307B84FF400610DF126020720ADF8263009F044
S2140307C8A9FB0BB05DF804FB88530020202A10B55C
S2140307D8144614D8012A04D10C88B4F5004418BF6B
S2140307E80124620030B10748EDF752F9064B0020A2
S2140307F81C7010BD0548EDF74BF9054BF7E72120AC
S214030808F7E700BFB8590020D7600020F859002042
S214030818D86000202DE9F047104617460BF087FFEF
S214030828DFF814A1DFF814919AF8003099F800203D
S2140308380546134302D10020BDE8F08710F440684C
S21403084800F0400619D186BBB0F5804F5CD24FF452
S214030858807400239AF80000344AD9B288425DD8D7
S214030868002399F80000324AD9B28842E3D932F80D
S214030878021B0133A142F7D155E0F81C0BF057FFD2
S2140308884FF6FF73984214BF0124022486B1052647
S21403089805F44043B3F5004F44F0080424D0B5F5F7
S2140308A8804F23D244F4807420E044460326EFE7BF
S2140308B8B5F5804F4FF00506F4D3B8F5406F14BF6F
S2140308C802200820304438440BF031FF194B05F456
S2140308D84045B3F85C3083420CBF44F0080444F048
S2140308E80404B5F5004F01D144F08004B8F5006F51
S2140308F80ED1B8190BF01BFF0E4BB3F85E308342CC
S214030908A7D144F01004A4E7444603260220D9E7F7
S214030918B8F5406F08BF44F020049AE732F8021B84
S2140309280133A14299D1012086E700BFF859002078
S214030938B859002088530020D8600020D7600020CC
S2140309482DE9F04F104685B0164698460BF0EFFE95
S2140309585D4F00F00803B7F85C10044600F007097B
S214030968F01C02930391B7F85EB00BF0E0FE06F1B5
S214030978050A054650460BF0DAFE03464FF6FF70A7
S214030988854218D00399A1EB050CDCF1000545EB6D
S2140309980C056D004FF6FF718B420ED145F004052A
S2140309A80BF03EFD029B6BB1B9F1000F11D042204C
S2140309B805B0BDE8F08F0125ECE79B4508BF45F079
S2140309C80805EDE7B9F1030FF1D8DFE809F0021BD4
S2140309D8795D0BF025FD08B9A807E8D524F00804C7
S2140309E8A4B2B4F5004F05D0B4F5624F02D0B4F5FF
S2140309F8404FDCD10025294697F8A820002007F0A9
S214030A088BFD3CE0D7F88030E3B900213246084630
S214030A18FFF700FFD8B948F6410224F038039BB223
S214030A289342C4D10A2D49D0062DC0D197F8773002
S214030A38023B012BBBD8F3F745FD0028B7D140F698
S214030A48040505E04146304698470028DDD00825CA
S214030A58E20648BF45F08005A30648BF45F480551F
S214030A6805F00C03042BC6D1F01D0BF060FE97F8B7
S214030A78A8303246009341462B4607F022FD08B3BA
S214030A880E9B1880002093E7A90705D14FF6FF733E
S214030A98B7F85C209A428AD104F44063B3F5006F32
S214030AA80AD0B3F5406F82D1082250460749EDF7BE
S214030AB8E9FA00287FF47BAF0C25C9E70425C7E7C6
S214030AC8432075E7192073E788530020E85300206E
S214030AD8034B1A781AB1FF2A04BF00221A7070470C
S214030AE8DA60002070B5084C084E2378F55C1DB113
S214030AF83E2107480BF03DFDFF2223782846F25493
S214030B080023237070BD00BFD9600020DA60002080
S214030B1870680400034B044A1B78D05CFF3818BF80
S214030B2801207047D9600020DA6000200023074AB6
S214030B3807491360074A1360074A1360074A116098
S214030B480121074A1170074A13607047B4540020FE
S214030B58A7A00300B0540020AC54002070690020FE
S214030B687B6A0020BC5400200E2A70B50C46064645
S214030B781546194603D9FFF7D9FF502070BD01283B
S214030B8807D10020F3F7B8FCB0B1FFF7CFFF212059
S214030B98F4E780220021224B1A70224B1960224B5D
S214030BA81B684BB134200BF085FA204B188018B914
S214030BB8FFF7BCFF0120E1E724F0FF6323F4FF23DC
S214030BC81BB1FFF7B3FF4F20D8E774B92046F3F7F6
S214030BD8ADFC0124032510F0800F43B21BBF00F0C1
S214030BE81F039C409C4044F078440020104B24F09C
S214030BF878441E700F4B10491D70104B1C60104B29
S214030C081870104B1A68F4F71FF818B1FFF78EFF21
S214030C180420B3E79DF810200B4B1A70AEE700BF0D
S214030C28DB600020B8540020AC540020385A00205B
S214030C38E0600020DE600020350F0300BC5400206F
S214030C48DF600020B4540020DC6000207FB5244B0E
S214030C5800251A7801232348234903FA02F2007869
S214030C681A440A60ADF80E5020B3984236D11F4C8A
S214030C781F4B20781B680DF10E0198471D4EBDF8D3
S214030C880E20307092B11C4B294600932846022347
S214030C980195F4F713F83278237822B1012A12BFA4
S214030CA81B230133DBB2237004B070BD013818BFB1
S214030CB80120F0E778235A43013A0A6008220F49CD
S214030CC80BF03EF90B49094A0978137821B1012933
S214030CD812BF1B230133DBB21370E5E71846E3E7BD
S214030CE8DE600020E0600020C0540020DF600020A3
S214030CF8706900207B6A0020710F0300B5C30300E8
S214030D08024B1868003818BF01207047AC540020FF
S214030D1837B505461C460BF083FB68B974B1084B18
S214030D281A60084B0A461C600123294600930323CE
S214030D38FFF71AFF03B030BD4D20FBE72520F9E780
S214030D48A8540020B054002013B504460BF068FBE3
S214030D5858B962B1074B1A6001230A460093214625
S214030D680323FFF701FF02B010BD4D20FBE7252044
S214030D78F9E700BFAC5400202DE9F0410446DDE94D
S214030D8806861D469DF820700BF04AFB88B99EB16F
S214030D98A2B10B4B01201A600A4B0A46C3F800801F
S214030DA8094B21461E602B460697BDE8F041FFF720
S214030DB8DBBE4D20BDE8F0812520FBE72120F9E7BF
S214030DC870690020B4540020B05400200148F4F79A
S214030DD8ADBB00BF385A00202DE9F0410020F3F7D9
S214030DE8A1FE114B114C1E68114B20881D68114B30
S214030DF8114FD3F8008010B13978F4F771FD00204D
S214030E083870FFF793FEF4F7ABF90EB14046B047D8
S214030E183DB12088A84700232380BDE8F0410BF0A6
S214030E2823BCBDE8F08100BFB0540020385A002028
S214030E38AC540020BC540020E1600020F8B52F48CD
S214030E48F4F764FE2E4B187830BBF3F76FFB2D4F81
S214030E5806463B6803B32C4B2C4D1C6824B195F906
S214030E6800301A461946A047294B1B6883B1294CFC
S214030E782378312B0CD8284B18880BF0A7F823783F
S214030E885A1C22702A78C25423785A1C2270C654D5
S214030E9880232B7000233B60204C23781A2B22D800
S214030EA81F4A1278012A09D100211E4A156825FA15
S214030EB803F0C007DAB20ED501B122700020F3F7AB
S214030EC835FB2178884212D10022174B1A70FFF798
S214030ED8BDFE40B9F8BD0133D8B21A284FF0010158
S214030EE8E5D90A442270BDE8F840FFF775BF00202D
S214030EF8F3F72EFB0028E7D0F5E700BF7469002058
S214030F08E0600020B8540020A8540020DB600020CE
S214030F18AC540020E1600020385A0020DF6000202F
S214030F287B6A0020BC540020DD60002008B50B4B0C
S214030F38187880B90221F3F7CDFA094B1B782BB141
S214030F4800214FF6FF720846F3F7A6FABDE80840F5
S214030F580448FFF773BF00210846ECE7E06000206B
S214030F68DC6000207469002038B5144B0C461D78E5
S214030F78012D21D181B90846F3F7D8FA104A05FAA4
S214030F8800F013680F4923EA0003136020462A4635
S214030F98BDE838400AF0D4BF0B4A13780133DBB2F6
S214030FA8022B137004D9BDE838400848FFF746BF3C
S214030FB8FFF74CFE0028F6D138BD00BFE0600020DE
S214030FC8BC540020B5C30300DD600020746900200C
S214030FD838B50C4605460BF015F8A04203D82D2164
S214030FE803480BF0C6FA28460AF0F0FF204438BD3B
S214030FF88468040070B506460D460AF0E7FF044603
S21403100848B130460AF0FEFFA84203D83521024805
S2140310180BF0AFFA605D70BD8468040070B50C46CB
S214031028064615460AF0EEFFA04203D83E210448BA
S2140310380BF09FFA30460AF0C9FF00B1055570BD9C
S214031048846804002DE9F0438FB007460C4615461E
S2140310581E469DF85880F8F755F920B1F4F796FE22
S21403106808B144F400544D4B1B7813B924F40074A8
S214031078A4B2200509D546B9284604A9F5F750F9B8
S214031088002846D024F40064A4B2ADF81840ADF89E
S2140310981A5007F0F4FB424BADF81C00B8F1000FEA
S2140310A802D01A78424501D293F800803D4AE105FA
S2140310B8137848BF0DF1210103F10103DBB2137066
S2140310C858BF08A922058DF81E808DF81F3006D54F
S2140310D83368083141F8083C736841F8043CE30474
S2140310E807D5314A0831136841F8083C536841F874
S2140310F8043C0DF11808A1EB08005FFA80F90021FB
S21403110848460AF0D7FF064628B900200FB0BDE8C0
S214031118F08304AEB9E70AF059FF41464A46ECF7AE
S214031128F5FD30460AF06EFF804630460AF04EFF5D
S2140311380023024600934FF6FF7004235FFA88F1F4
S21403114807F0BFF9ADF80E000028DED040F2011311
S2140311581C421AD14FF6F7739D4216D80AF052FF6F
S2140311680DF10E010446284600F090FDBDF80E006A
S2140311780AF048FFE4B2A04207D9BDF80E0007F00C
S214031188EDF9437843F004034370BDF80E003A467E
S21403119801210AF067FFBDF80E00B7E70C600020D0
S2140311A83B6A00200E60002096600020F0B50829F0
S2140311B8D58889B028D00C2926D0AE0424D405F0C7
S2140311C840030B43424C267816B105F0200423430C
S2140311D82FB2002FB8BF43F08003032920D1122370
S2140311E8AC068DF80430937A10D48DF805300DF1DB
S2140311F8060401A9621A012392B2F4F7DBFBB0FADC
S21403120880F0400909B0F0BD0B46DBE732228DF8C3
S21403121805308DF80420002EE9D00DF11304E8E715
S2140312280C298DF804300ABF138953798DF80530D5
S214031238548805BF1B0A8DF806308DF805300DF166
S214031248070318BF0DF106031C70240A5C70148884
S21403125802399C70240ADC70147901291C7111D890
S214031268917A002F597131DA022112899971DA714C
S214031278120A03F109041A72002EBAD0AB06B8D5BF
S2140312880534B6E7A9071AD4002F0CDA117A51B138
S214031298917A59711189127A03F1080492B10222DC
S2140312A89A71D971E8E70B4C217801F1010C84F89F
S2140312B800C091729C1D002F5971DDDAEAE7917A16
S2140312C89C1DF8E70122090A9A71EAE79C1DD3E7F1
S2140312D80C6000200D600020014B1880704700BF8B
S2140312E83A5A0020014B1888704700BF3A5A002024
S2140312F82DE9F84307460BF035F905461B480BF06E
S214031308ACFA1B4B60B31C683C1B2C44A4B20022EB
S214031318184BDFF868901B78174D03EB830399F88F
S214031328006005EB43055FFA82F846450AD9AB88A1
S21403133805F10A00A34216D90A23B21A29465A43C4
S214031348ECF7A6FB013689F80060AC80B8F1000F0D
S21403135803D1394605480AF025FF2846BDE8F88331
S2140313683C461D60D3E705460132DCE79469002056
S214031378C4540020E2600020D2580020E360002016
S2140313881FB5154A154C1378013BDBB21370616819
S214031398206801AA03C221891180114A1278D2183B
S2140313A805D00A2320465A43E118ECF771FB9DF84B
S2140313B806301B070DD0BDF80C00FFF799FF034650
S2140313C88288ADF8082001AA03CA128818605960F3
S2140313D81A8104B010BD00BFE2600020D258002076
S2140313E8E3600020002108B5084B09481970094B2B
S2140313F81970094B1A7802EB82025200ECF7F6FAD8
S214031408BDE808400548F4F781BB00BFE360002049
S214031418D2580020E2600020456A00209469002024
S214031428F8B50024084D094F094E3B783178E2B2E7
S2140314380B449A4204F1010400DBF8BD2846F4F78E
S21403144875F80A35F1E700BFD2580020E36000209C
S214031458E260002010B5064C207828B1054807F04E
S214031468A9FD10B1034B188810BDFFF789FFF3E7F2
S214031478E2600020D258002008B50A4A03461078CE
S21403148860B1094A1088984209D121B99378103374
S21403149823F00F039370FFF773FF012008BD0020A6
S2140314A8FCE700BFE2600020D25800202DE9F74F82
S2140314B800260BF057F8DFF8F890B24699F8007054
S2140314C8B3463A46DFF8EC801FFA80FEB8F800C049
S2140314D8344CAEEB0C039BB201932378324D009346
S2140314E803EB830305EB4303ACEB0E0C5FFA86FEB4
S2140314F8BE4515D3BAF1000F01D0009B2370BA423C
S2140315082AD3002F37D00A222378C8F8000002FB14
S21403151803532648998803B0BDE8F04F0AF042BE45
S214031528B3F804E001998E4512D84FF0010A0099E2
S21403153893F802E001310EF1FF3EC9B2013AA3F86F
S21403154804B083F802E00091D2B20A330136CDE73D
S214031558E644A3F804E0F8E789F800204AB10A222B
S2140315682378C8F8000002FB0353104899880AF04A
S21403157819FE237813B903B0BDE8F08FFFF76AFFA7
S21403158806460028F5D006F01DFF0146304607F04C
S2140315980EFD20B100212888FFF76EFFE9E740F625
S2140315A80241F8E7E2600020D25800209469002040
S2140315B8E3600020C45400202DE9F04192F8088027
S2140315C81F4608F1FF33DBB2EF2B05460E461446DB
S2140315D888B00BD982238DF80E30314628469DF8FD
S2140315E80E30204AFEF740F8012037E00E2200218D
S2140315F804A8ECF7FBF9B4F809308DF81180ADF8B8
S2140316081230E37A03F07F02032A08D0012B24D191
S21403161803238DF81030A389ADF815300EE0032B9D
S21403162814BF022301238DF81030E368CDF8153074
S2140316382369CDF81930237D8DF81430A7F12101DD
S2140316484A420DF10E034A41009321460DF10F035A
S21403165804A8FDF737FC0028BFD1002008B0BDE872
S214031668F08100BF901D04002DE9F04F00241D787B
S21403167895B0CDE902010492234622460120CDE91E
S2140316880054404908F007FEADF81E00F8B1A3461B
S214031698264627460DF120090DF1380AE9F71AF808
S2140316A85FFA84F8404516D83A460221BDF81E006C
S2140316B8FFF7B4FC32460421BDF81E00FFF7AEFC64
S2140316C8DDE903100022BDF81E30FDF7CDFF01202B
S2140316D815B0BDE8F08F4A4640460AA9FDF7E4FB75
S2140316E89DF8282022B12DB1013DEDB20137FFB296
S2140316F80134D3E7BBF1000FF8D199E803009DF84E
S21403170829308AE803008DF84030BDF82A30032ACA
S2140317188DF841304FEA13238DF8423017BF032361
S21403172801238DF843309DF82C30DDF83110DDF8B1
S2140317382D0014BF8DF84C308DF8433011AB03C31E
S21403174802980CBF4FF00E084FF0150808F04AF938
S2140317580590BDF81E000AF055FC059900EB080332
S21403176899420BDB0123424651460DF11E00F4F75E
S21403177821F90028ABD10136F6B2B7E74FF0010BD3
S214031788B4E700BF6768040038B505460D4B0E4836
S2140317981C88F4F7A7F9012D0CD10C4B1C88FA21E9
S2140317A8614358B1884209D28408012C204638BFC1
S2140317B8012038BD022D08BF0224F0E702480AF0CC
S2140317C8F1FCF2E7CE580020BC450020CC58002098
S2140317D8012208B5054B06481A7000210AF0E2FCF8
S2140317E8BDE808400020FFF7CFBF00BFF75F002023
S2140317F8BC4500201E4B73B51A8802F108039BB23A
S214031808012B02D81B4B1B7823B902B0BDE87040E6
S214031818F4F77CB90024184B184D1C70184B1C7031
S2140318282B787BB14FF6FC73164E0093224623465D
S2140318382146308808F0FCFA4FF6FD732C70338087
S21403184801200FE0104B1046197807F0AEFB00286E
S214031858F6D10C4B1A884FF6FD739A42F0D0012343
S21403186802202B7002B0BDE87040FFF78DBF00BFA3
S214031878D0580020F75F0020FA5F0020F85F0020AA
S214031888F95F0020CA580020FB5F0020012808B52E
S2140318980AD002280CD020B9084B18700848F4F769
S2140318A835F94FF0FF3008BDBDE80840FFF790BF95
S2140318B80020BDE80840FFF767BF00BFF75F0020BA
S2140318C8BC45002002280CD859B1064A13780133C0
S2140318D8DBB21370044A12789A4202D80220FFF742
S2140318E8D5BF7047F95F0020FC5F002038B5A0F627
S2140318F81343012B04460D4615D80E4A13780133B5
S214031908DBB213700C4A12789A420CD84FF6FD7263
S2140319180A4B00201988914201BF00221D80084BFC
S2140319281A70FFF731FF29462046BDE8384004F011
S2140319385CBE00BFFA5F0020FD5F0020CA58002087
S214031948F85F002000234FF6FD71054A1370054A19
S2140319581370054A1180054A1370054A13707047B9
S214031968FA5F0020F95F0020CA580020F85F0020BD
S214031978F75F002030B5094B02461B7833B1084B96
S214031988084C19780023D8B2884201D3FF2004E014
S214031998013334F823509542F5D130BD446A00200C
S2140319A8FF5F0020AA5800200022FF21044B0548A9
S2140319B81A70054B1970054B1A789200ECF716B88F
S2140319C8FF5F0020AE580020FE5F0020446A002018
S2140319D8F7B58DF807100DF10701044602F0D1FD9F
S2140319E8234B1D78002D41D02046FFF7C3FF214E19
S2140319F8FF283178204B05D1204A107885422DD907
S214031A08451C1570884219D01C4A1B4D92F800C015
S214031A180022D7B2BC450CD92F4697F803E001320B
S214031A28864505F10405F4D102B203EB8202D278A7
S214031A38FA7002B203EB8202D170307002B203EB83
S214031A48820123F82240FF228A709DF80720FF2A86
S214031A5802D003EB8203987003B0F0BD0A46104623
S214031A6803EB8202D278FF2AF9D1CBE7FF20F3E70C
S214031A78446A0020FE5F0020AE580020FF5F002067
S214031A882DE9F843FFF776FFFF28044669D04FF69B
S214031A98FF72354F03B2DFF8DC80344E27F8232075
S214031AA898F80050A54202D10020BDE8F8833378A1
S214031AB820B28100A34207EB800090F803E010D021
S214031AC80023294A5FFA83F94D45944606D99CF8BC
S214031AD803900133A14502F10402F3D18CF803E025
S214031AE801E086F800E0013DEDB22A1BD2B20431CC
S214031AF892003944EBF7CCFF88F800503378FF2B75
S214031B0804D0A34224BF03F1FF33337000214FF6FA
S214031B18FF70154BCAB2AA420CD300234FF6FF71C7
S214031B28134ADCB2AC42BBD2013332F823008842F4
S214031B38F7D1B5E79A78A2420BD11880DA78FF2A4C
S214031B4804D0A24224BF02F1FF32DA700131043313
S214031B58E0E7FF2AF2D0A24224BF02F1FF329A70CE
S214031B68ECE72D20A1E700BFAE580020FE5F00205B
S214031B78AA580020FF5F0020F8B51C4B05461B78C3
S214031B88084673B3FFF7F6FEFF28044629D028460F
S214031B98FFF7F0FEFF2806D0154B164E1A780023DB
S214031BA8D9B2914218D3FF212846FFF711FFFF2821
S214031BB8014616D00546104F23B207EB830237F8C3
S214031BC823009678FFF704FFA84208BFFF25FF2ED9
S214031BD8214608D12846F8BD013316F8231081425A
S214031BE8DED1FF25F6E73446E6E700BF446A002061
S214031BF8FF5F0020AC580020AE5800202DE9F041C6
S214031C0880460E461F46002386B001A814469DF854
S214031C1830508DF80330FEF7A7FCADF804802EB1DC
S214031C283368CDF806307368CDF80A3038460AF0BC
S214031C38CDF90DF103034219214601A804F0E1FC8E
S214031C489DF8033093B931464046E8F737FF0E4B05
S214031C581B785BB10B2C09D8FF214046FFF7B8FE6B
S214031C68064605EB4404E4B2A54202D106B0BDE835
S214031C78F0812946384608F0B1FA3146FFF7A8FE40
S214031C8802350646EDB2EFE7446A002000232DE945
S214031C98F3470DF107028DF8073004460E4602F0A7
S214031CA85BFC9DF80730054663B92046FFF762FEDE
S214031CB804465EB130880AF0A5F95FFA80F8FF2C6F
S214031CC845D10025284602B0BDE8F087B046F6E7BA
S214031CD801320C2AF5D02DB207EB8505AD78FF2D1A
S214031CE8F6D112F0FF0AECD04FEA4A050235EDB2F8
S214031CF8002EE7D0304605EB080108F034FA002832
S214031D08DFD1524641463088FFF788F90AF1FF3299
S214031D1808F1010108F102093088D2B2C9B25FFAA4
S214031D2889F9FFF77BF924B207EB8404A478FF2C20
S214031D38C8D023B2494637F82320308808F05EFA1D
S214031D480028BED109F102095FFA89F9EBE72546AF
S214031D580022014FBFE700BFAE58002008B5D5F7ED
S214031D6879FED5F763FA00F04AFAD6F779FEBDE8A6
S214031D780840D5F70BB810B5044601880120D5F7F7
S214031D8829FFE3880BB9C823E38010BD37B504469B
S214031D98D5F72EFF658885420ED8A188E28881424A
S214031DA805D3431B5343491BB3FBF1F39AB280B2E3
S214031DB840EA024003B030BD0022F8E770B50C468F
S214031DC8088800F04BF994F84430054683420FD050
S214031DD804F11C06304600F07CF984F8445000F001
S214031DE87CF9618BA0643046BDE8704000F06CB99E
S214031DF870BD38B5044690F844108378826CCB1AC5
S214031E0859425941D5F72CF8E37893B1257985B922
S214031E1800F063F90346A268218A04F11C009C1AA1
S214031E288C4236BF52182946D11ABDE8384000F00E
S214031E384BB938BD09B100F0FDB800F005B938B59F
S214031E488388044603B3E3780088A17804F10C0575
S214031E58A3B10023B1FA81F1E3704909FFF7EAFF5A
S214031E684FF6FF72A388218993421CBF03F1FF3301
S214031E78A3802846BDE8384000F026B90123E3705E
S214031E88FFF7D8FFE188F4E738BD10B50446817834
S214031E980088FFF7CFFF0123E3700023A38010BD5C
S214031EA810B581780446B1FA81F100884909FFF72D
S214031EB8C1FF0023E370A38010BDFFF7F1BF70B521
S214031EC80446054600262B4655F8040B10B11B1B83
S214031ED80C2B00DD70BD237C8680002BF3D0637C3F
S214031EE813B1FFF7D2FFEEE7FFF7DAFFEBE7FFF7EB
S214031EF8E6BF70B5044605464FF6FF762B4655F8FB
S214031F08040B10B11B1B0C2B00DD70BD8388B3427A
S214031F18F4D04FF4FA724FF6FF731146D4F7F4FF72
S214031F28ECE709B100F086B800F08EB810B50446A1
S214031F38C0600830D5F7C0FF21792088B1FA81F14F
S214031F484909FFF7EEFFA37943B121796088B1FA0F
S214031F5881F1BDE810404909FFF7E3BF10BD00F063
S214031F68A9B80346184613F8012B8A4201D0002A5B
S214031F78F8D1704710B53B2104460068FFF7F1FF18
S214031F880022034603F8012B2068236010BD10B512
S214031F9840B1421E0A24002012F8013F303BD9B252
S214031FA8092900D910BD04FB0030F5E708B500F091
S214031FB87EF808B540F2BA4200211020D5F786FD10
S214031FC841F2E823584340F6FF7300F2FF70B0FB74
S214031FD8F3F080B208BD50F80C3C23B150F8041C4B
S214031FE830F80E0C18477047084619B1FF21103011
S214031FF802F0D9B9704773B505460E466DBA14464E
S214032008D5F790FEADF804507EB1012C04D0032C0E
S21403201809D00022012101E02246022101A8D7F7B0
S2140320289BFF02B070BD0022F7E7042132460DEB92
S2140320380100F4E707B540BAADF8040001A8D7F7DE
S214032048BFFF03B05DF804FB07B540BAADF804005C
S21403205801A8D7F7E1FF03B05DF804FB002307B533
S21403206840BAADF804000DF1030101A88DF803305A
S214032078D7F7FEFF9DF8030003B05DF804FB00786E
S21403208800F0DF03552B07D0642807D0663818BF3F
S2140320984FF0FF30C0B270470120704703207047E7
S2140320A818B12D280CBF012002207047704708B5C9
S2140320B801F06BFD08B500F083F8BDE8084004F0AE
S2140320C86EBA50E9023018470A460830FF2102F074
S2140320D861B9FF21083002F06EB908B50AF0A1FA13
S2140320E8BDE8084009F026B813B500240DF107002B
S2140320F88DF8074003F005FA40B99DF80700033842
S21403210803288CBF0020012002B010BD2046FBE741
S2140321182DE9F041044600274FF00C0E8F4202DBF0
S2140321280020BDE8F0812078904204D1002594F879
S2140321380780454502DB01370C34EFE70EFB05F64F
S214032148D4F808C00CEB06003CF806609E42E8D0BC
S2140321580135EEE7F0B585B005460E461746D5F7C2
S21403216801FF0446A0B131462846D5F7B3FE837867
S2140321783A46002BA36831460293A3782846019370
S2140321884FF0000300930CBF80234023E4F732FF8D
S21403219805B0F0BD08B51288D5F7E4FE50B102794C
S2140321A8BDF80C309A4207D881680298EBF770FCA2
S2140321B8002008BD8620FCE78920FAE7D5F7D6BFB6
S2140321C8002004F068BA08B504F0CDFA002814BF56
S2140321D80320002008BD10B50446FFF785FF20B18D
S2140321E82046BDE81040DFF74BBE10BD08B5FFF725
S2140321F87BFF18B1BDE80840DFF734BE08BD70475B
S21403220808B501F0ACFFFFF7A9FDD6F71BF8642065
S214032218DFF746FE6420DFF733FE01F0A2FFD4F7AC
S214032228E3FD08F0B1FBF8E7F8B5D0E90176437BA0
S21403223804460D4613B133463E461F46FFF74DFF89
S214032248012D206438460ED1D4F7C4FE3046D4F7A1
S214032258E5FE257360784FF47F42BDE8F8404FF4F7
S2140322688171FFF777BF022D05D1D4F7D7FE304625
S214032278D4F7B0FEEDE7D4F7D1FE3046D4F7CEFE5A
S2140322880025E6E738B5037B04468B420D4607D19F
S21403229890F844305BB3BDE838404830FFF719BFC1
S2140322A8FFF71BFF216C431AC72B0CD80123C83131
S2140322B884F8455084F84430091A04F14800BDE808
S2140322C83840FFF701BF0DB1237B2BB929462046BB
S2140322D8BDE83840FFF7A8BF00212046FFF7A4FF54
S2140322E80123C82184F8455084F84430E5E738BD0F
S2140322F890F84510FFF7C6BF0121FFF7C3BF0221B9
S214032308FFF7C0BF0021FFF7BDBF4FF60173994221
S21403231810B5044602D10021FFF7B4FF2046BDE8F6
S2140323281040D6F72FB9032910B504462BD0007BE7
S21403233830B9012903D002290CBF0120FF2010BDA4
S214032348032A07D8DFE802F00208101401291CD074
S21403235802291FD0FF20F2E70029FBD1B4F85C203E
S214032368012A12D0022AF4E704290ED00529F0E739
S214032378042914D0052914D00029EBD1B4F85C201D
S214032388111F0129ECD80220D9E75A1E534253419C
S2140323985800D4E7022B0CBF02200120CFE7002009
S2140323A8CDE70120CBE730B587B005460C46D5F711
S2140323B8CBFE012820D11CB1611E4B424B4158006D
S2140323C86B784FF480728DF804304FF48273ADF84F
S2140323D806304FF48173ADF8083001238DF80B30BF
S2140323E8002385F8900001A8CDE903238DF80A4059
S2140323F88DF81430D5F7E0FE07B030BD41680346C4
S214032408C978027B99B98168C97899B9002A08BF3F
S2140324180321D6F77BB99B7B002B0CBF0121022136
S214032428F7E79B7B002B0CBF02210121F1E7012A6A
S214032438F1D17047012AF4D17047042910B5044630
S21403244804D831B1BDE81040D6F7E4B905290DD054
S21403245810BD037B5522002B08BF0321A0F85C1090
S21403246840781221FFF776FE2046EBE743681A8A80
S21403247883681A82E6E701230373037801334373F9
S2140324884FF44073C381032303740023A0F85C301E
S21403249880F89030704738B504460D4601B945892B
S2140324A80123E373FFF719FEFA2202FB05002061F6
S2140324B82089BDE838405043FFF78DBE10B5044663
S2140324C8806BD8B1E278022A04D0636B5B7972B961
S2140324D884F83C3094F83C306BB1FFF7D6FC607850
S2140324E84FF60272BDE810400621FFF733BEB3FA73
S2140324F883F35B09ECE7FFF7D3FCF0E710BD10B5F1
S2140325080446406BD4F766FD2046BDE81040FFF747
S214032518D5BF10B50446406BD4F780FD2046BDE80A
S2140325281040FFF7CBBF10B50446406BD4F79CFDAD
S2140325382046BDE81040FFF7C1BF10B50446002289
S21403254806214078FFF706FEA378022B01D0FF2B5F
S21403255804D12046BDE81040D6F7BEBC10BD4FF6E2
S2140325680273994210B5044601D1FFF7A7FFE37833
S214032578022B02D02046FFF7A1FF2046BDE81040F5
S214032588D6F7AABC10B5D0F8A4407CB103791BB122
S2140325984079D6F761FD48B9A3883BB9322220466D
S2140325A8BDE8104001231146D4F7AEBC10BD10B5E4
S2140325B80446FFF7E7FFA278237982B913B12046CA
S2140325C8D6F770FD2046D6F7ADFD03236078A4F84A
S2140325D86C305522BDE810401221FFF7BBBD012B16
S2140325E802D12046D6F75EFDA379012B02D12046F9
S2140325F8D6F798FD0123E9E710B583780446ABB907
S214032608FFF7C0FFA3788BB9237913B12046D6F713
S21403261869FD2046D6F7CAFD04236078A4F86C3013
S2140326285522BDE810401221FFF794BDB4F86C306C
S214032638022B0DD02379032B02D12046D6F732FD81
S214032648A379032B02D12046D6F76CFD0023E4E7D3
S2140326582046D6F7EDFDF9E7827883685AB9DB7822
S214032668002B14BF03230423A0F86C305522122131
S2140326784078FFF76FBD1A7922B9DB78003B18BF9D
S2140326880123F1E70223EFE77FB500239E6A04469A
S214032698B6F5C04F0D460CD201A8D6F775FF039BB7
S2140326A85B0506D529462046336C04B0BDE8704062
S2140326B8184704B070BD00239B6AB3F5C04F05D214
S2140326C81B6BB3F5C04F01D29B6818474FF4817054
S2140326D870471FB500239A6AB2F5C04F04D340F279
S2140326E8011005B05DF804FB126BB2F5C04FF6D2C5
S2140326F8012201A8CDE902338DF80420D6F744FF5A
S214032708039BDB03EBD5029B1A0EE8D0012A03D101
S214032718C3F307430A2BE2D900239B6A1B6B1B6C84
S2140327289847DEE700230360704703680B60016081
S214032738704710B538B132B129B100230139D45CDA
S21403274814B90023037010BD8B42FAD200F8014B6C
S2140327580133F4E7034638B10020814204D01A5CFB
S21403276802B970470130F8E770474FF0FF31FFF7BB
S214032778F1BF70B50C461646054660B15AB151B15D
S214032788FFF7F3FF844206D9211A32462844BDE8E8
S2140327987040FFF7CEBF70BDFEE7FEE700239A4200
S2140327A800D1704710B550F8234041F82340013351
S2140327B89A42F8D110BDD7F7B3BB4369426CD91C0C
S2140327C8143AB1FBF2F103EBC1000330B0FBF2F0AD
S2140327D80230704738B505460C46FFF7EEFF6A6CBD
S2140327E8E31D143AB3FBF2F3013304EBC30402FB11
S2140327F8004038BD38B5054644692146FFF7EAFF69
S2140328086A6CE31D143AB3FBF2F3013304EBC30417
S214032818204438BDF7B507460E4600257C6CA81934
S214032828644280EA06031C4003D02C46204603B0C5
S214032838F0BDFB6B01225B6901A99847019B013335
S214032848F4D10435EAE770B505460C46D9F742F9DC
S214032858EB6B2046BDE87040DB68184770B500256B
S214032868044686B00562E369AB4202D8206A06B01E
S21403287870BD666C2068E36B05225B6901A906FBDD
S2140328880500984701A800F023FC00F046FC10B1A9
S214032898236A013323620135E5E738B50446456CF8
S2140328A8006804F1400305FB0101E06B00F042FCFD
S2140328B805462046FFF7D2FF284638BDF0B505463D
S2140328C8002687B0EC69013CB44203D80C46204680
S2140328D807B0F0BD01B14C1E6F6C2868EB6B052280
S2140328E85B6901A907FB0400984701A800F0F0FB01
S2140328F800F013FC0028EAD121460136E2E7F0B5DA
S21403290804460D46466CE36B006887B005225B6990
S21403291801A906FB0500984701A800F0D9FB00F0BB
S214032928FCFB20B101A800F0AAFB07B0F0BD2946BE
S2140329382046FFF7C3FF0646676C2068E36B05224D
S2140329485B6901A907FB0600984701A800F097FBF7
S214032958431CEAD0B54238BF0130E6E72DE9F04319
S2140329684FF6FF79D0F8248004460E46C84514BFB0
S21403297845460025002787B0E369BB4202D807B05F
S214032988BDE8F083E26B2368606CD2F814C000FBE2
S2140329980530052201A9E04701A800F099FB0228A3
S2140329A806D0C8450CD1721C29462046FFF775FF8A
S2140329B8E3690135B5FBF3F2013703FB1255DBE791
S2140329C829462046FFF79BFFB0F1FF3F14BF024698
S2140329D832460132E8E70368F0B5CC1A436C06467C
S2140329E8B4FBF3F4002587B0F36937685A1E95429B
S2140329F8706C08D3706C336800FB043007B0BDE80E
S214032A08F04000F095BB0134B4FBF3F203FB124429
S214032A18F36B05225B6901A900FB0470984701A8BC
S214032A2800F056FB00F079FB0028E3D10135DBE71D
S214032A3810B423F0030422449B070A44436C18BFCC
S214032A4804325B4281EA0204234203D05DF8044B56
S214032A58FFF7C1BF10465DF8044B70472DE9F041F8
S214032A68D0E90A369E42044686B028D11422C369A2
S214032A78456802FB1355284606B0BDE8F081206872
S214032A88676C331AB3FBF7F3E26B07FB0300D2F862
S214032A98148001A90522C04701A800F019FB0128E4
S214032AA804D0636C1D44013B3340ED1A314620467F
S214032AB8FFF791FF0646A36AB342E0D1DBE700259A
S214032AC8F9E708B508301346D1E90012D8F788FFA6
S214032AD8012008BD13B50C460021217600936168D2
S214032AE813462246D7F776FB18B1E37D03B1A07EDB
S214032AF8A075A07D02B010BD73B5164600F1080593
S214032B080C46284609680DF1070200F098F9032ECB
S214032B1806D16368834203D12846216800F076F914
S214032B28012002B070BDD01E009B42424241187E6F
S214032B38824211D11A688A420ED85A688A420BD33F
S214032B485A6901325A61D3E9030282423FBF986841
S214032B5840F8221001321A610120704710B5032A83
S214032B68029C07D1A26A5340626C5242134201D1B7
S214032B7800F04CF9012010BD08B5C368002098473B
S214032B88BDE80840D8F7AEBF012814BF04200220CA
S214032B9870B5002442431C70CC7D101D02F002025F
S214032BA84CB91AB1012220F003001A7000F1080389
S214032BB84868184470BD1AB1012220F003001A7041
S214032BC800230C7E01F12005DAB2A24201D30020CD
S214032BD8F0E735F833205E1C824206D901EBC303BF
S214032BE800F10802D8691044E4E73346801AEBE795
S214032BF873B5054690F842601C4630460DF103034C
S214032C08FFF7C2FFEB6B012E5B690DD1324601A9B4
S214032C1898479DF8033013B1BDF806300193BDF805
S214032C280430236002B070BD0122214602B0BDE81D
S214032C3870401847F0B5054600244868EB6B87B024
S214032C480E4601225B69029402A908309847274674
S214032C5895F84230012B40F0AC80632C00F2AB8031
S214032C68612C08D805AB224631462846FFF7C0FF35
S214032C789DF814305BB305AB2246314628468DF8DB
S214032C881070FFF7B5FF95F84230012B059B7FD1EF
S214032C984FF6FF72934256D0082205A904A800F0FF
S214032CA863FA059B9DF81010C3F3072291424AD195
S214032CB8DBB2029A1A44029245E0DCD005AB224600
S214032CC831462846FFF794FFBDF81430D2E795F847
S214032CD84230012B39D1612C2ED82246314628465C
S214032CE803ABFFF785FF3146284604AB621CFFF7A4
S214032CF87FFF3146284605ABA21CFFF779FF102253
S214032D0808230DEB02010DF107008DF8073000F0DC
S214032D182BFA102205A90DF1070000F025FA039BEC
S214032D28DAB24AB99DF80720B2EB132F04D1DDE9CE
S214032D38043203EB0243029395F84230012B14BF87
S214032D48012302231C44013482E7302CF4D822469C
S214032D583146284603ABFFF74BFF3146284604ABFC
S214032D68621CFFF745FF102320220DEB03010DF12C
S214032D7807008DF8073000F0F7F9039B9AB2002A8C
S214032D88DAD19DF80720B2EB134FD5D1049BD2E7CF
S214032D980133D8D0102205A90DEB020000F0E4F9A0
S214032DA8059B9DF81010C3F307429142CBD19BB203
S214032DB87FE7312C81D9029807B0F0BD13B50024FC
S214032DC80194049C0094D7F7E1FE02B010BD13B536
S214032DD801240194049C0094D7F7D8FE02B010BDD2
S214032DE800234FF0FF3230B544689C4202D10023DB
S214032DF8037230BD016801EBC30541F833206A60EE
S214032E080133F2E7C0E90012FFF7EABF0023F0B583
S214032E1845689D4210D00468DF0054F8332004EB5D
S214032E28C306B2F1FF3F08D0C2F31302914204D19E
S214032E384FF0FF33E3517360F0BD0133E9E7002336
S214032E48F0B545689D4202D14FF0FF300EE00468A6
S214032E58DE0054F83340671C09D0C4F31307B9429D
S214032E6805D1240D1470036833445868F0BD013344
S214032E78E8E7704770B59400224605460E4609F003
S214032E888BFD431C0AD058B9224631462846EBF731
S214032E98F9F8002814BF3D20002070BD6E20FCE71B
S214032EA87120FAE713B5044601A8DAF7ABF89DF8DC
S214032EB8063023804FF480736380DAF7BDF86060CA
S214032EC8002002B010BDDAF71DB808B5DAF70AF81D
S214032ED8002008BD10B5044644EA010313F00303B3
S214032EE8084609D1934201D1002010BD54F8231097
S214032EF840F823100133F5E721469200EAF706FF68
S214032F08F2E710B5044609F04BFD431C10D088B908
S214032F18DAF792F8234620F003002044984201D1BA
S214032F28002010BD53F8042B0132F7D03E20F8E7F3
S214032F386E20F6E77120F4E7704713B500230446BE
S214032F4801461B220DF107008DF8073000F00CF937
S214032F5822689DF80730B3EBD26F0CBF0120002020
S214032F6802B010BD13B500230446014620220DF116
S214032F7807008DF8073000F0F7F80DF107001A225E
S214032F88211D00F0F1F862689DF80730B3EB926FE5
S214032F980CBF0120002002B010BD0068431C584235
S214032FA858417047006810F07E0F0CBFC0F3C1602D
S214032FB8002070470068C0F3D3107047006800F01D
S214032FC87F0001288CBF002001207047036813F098
S214032FD87E0F14BF042008207047036813F07E0F83
S214032FE803D1406820F07C40704713F078001CBF7C
S214032FF803F07F03D81F7047006800F07F00704710
S214033008032809D0022803D1C1F10201C8B27047C8
S21403301800290CBF07200020704737B5054601F185
S2140330280C0443696946012220469847BDF80030D8
S214033038012201932046AB6901A9984703B030BD26
S21403304837B501F10C044369012269460546204653
S21403305898474FF6FF72009B99B291420DD16FF3D2
S2140330680F0343F4254343F0A503019301222046A7
S214033078AB6901A9984703B030BD0020FBE737B515
S214033088044600251B22011D0DF107008DF8075085
S21403309800F06AF860689DF80720B2EBD06F03D19A
S2140330A820F0784003B030BD0DF107001B2204F171
S2140330B808018DF8075000F057F8A0689DF8073008
S2140330C8B3EBD06F01D1C043EAE74FF0FF30E9E72F
S2140330D84BF29A22036810B5B2EB134F044613D18A
S2140330E89BB2012B13D1FFF7CAFF01300CD04FF662
S2140330F8FF72E068B2EB104F4FEA104309D180B273
S214033108C01A18BF012010BD2368013303D004205A
S214033118F9E70220F7E70320F5E701288CBF00202C
S21403312801207047033801288CBF00200120704710
S214033138143070472DE9F04105469846036908465A
S2140331480E4617469847044638B943463A46314624
S2140331582846D8F737FD044618B131462846FFF700
S2140331685CFF2046BDE8F0811F2A0B689EBF4FF020
S214033178FF3191408B43590801F055315B1A03F030
S21403318833319B0803F033330B44017803EB1313F3
S2140331980A444FF0013103F00F334B43A2EB13629B
S2140331A80270704708B507F0BBFABDE8084000216F
S2140331B8D8F706BF0029CCBF01210021D8F700BFE6
S2140331C802214FF42070D9F7D1B970477047002011
S2140331D8D9F76CBA0120D9F769BA704770B50546AE
S2140331E814460E4609F031F92B685C4034405C40BF
S2140331F82C60BDE8704009F023B94369DB01FCD4B1
S214033208012300F5005043607047022A10B54FF0BB
S214033218000405D9033A022A0CD90360047110BDC9
S21403322811F4000218BF4FF07F4221F07F43134387
S2140332380C0EF2E721F0FF03CCB2EEE730B401251B
S21403324800F5805344685D60CB784D785B0443EAA9
S21403325805230D7889782B43090401F480310B4341
S214033268C0F89830E30702D430BCFFF7C6BF30BCBB
S214033278704738B50C460546FFF7BFFF2378114657
S214033288627803F0070343EAC203E278284643EA70
S2140332980223A278120102F0300213432B67EB6A6B
S2140332A8A27923F48B3323F4807343EA0243227907
S2140332B8120202F4E06213436279120302F48052A4
S2140332C81343EB62FFF7BAFF012305F580525360F9
S2140332D8E27902B1EB6038BD08B50A6FC96F02F030
S2140332E80702FFF792FF08BD4FF050234FF4003252
S2140332F81A6770474FF0B0435A6812B19A6A002AA1
S214033308FAD1704770B5054614460E4609F09DF87F
S2140333182B685C4034405C402C60BDE8704009F084
S2140333288FB80122417803788A4030214B4342F212
S214033338100103F1A04303F570335A50704721FA7E
S21403334800F2D20730B5034600F0FC040FD500227E
S2140333580132D2B2042A02D14FF0FF3008E08318B4
S21403336803F00303234421FA03F5ED07F0D41846C4
S21403337830BD0020704700207047002070470020AB
S214033388704701207047012070470F207047EBF7FE
S2140333989BB900207047FFF7FCBF002070477047B3
S2140333A80020704700207047C3681944836853F8A1
S2140333B8210030F8023B13607047012310B580F8EC
S2140333C888300378044653B100F061FA2146204654
S2140333D8DAF796F92046BDE8104000F04DBA10BD5E
S2140333E838B50D460446DAF773F96B682046C4F811
S2140333F8B032A96800F096F94FF0FF332046C4F8B8
S214033408B432FFF7CDFF38BDD0F8B43210B5013368
S214033418044601D0002010BD00F0BCFAC4F8B4027C
S2140334280130F7D194F8B80280F00100F3E708B545
S214033438DAF78AF908BD0A7801382D2A0ABF012265
S21403344800228918DAF7DCB907281BD8DFE800F06A
S214033458060A0D10131504170120704700220820CA
S214033468DAF7CEB900221020FAE700222020F7E781
S2140334780820FFF7E0BF1020FBE72020F9E70846FF
S214033488DAF720BA002070472DE9F74307280C46D9
S214033498DDE90A7690461D4608D8013806280AD874
S2140334A8DFE800F01D27303A44574A00212850D059
S2140334B803B0BDE8F083002220461146EAF762FA15
S2140334C83368C0B205EB83013A6845F82300013335
S2140334D848F8221033603B6801333B60E8E7002274
S2140334E820461146EAF74EFA336880B205EB8301A5
S2140334F8EAE7002220461146EAF744FA336805EB62
S2140335088301E1E7002220461146EAF7E9FB336820
S21403351840B205EB8301D7E7002220461146EAF7B7
S214033528DFFB336800B205EB8301CDE700222046B4
S2140335381146EAF7D5FBE1E7002389461E461D46F2
S2140335488DF8063019F8013F7D2B06D125702D0A14
S21403355865703B6848F82340BDE7202BF2D006F099
S2140335680102013612B98DF80430EBE71022002168
S21403357801A88DF80530EAF7B3FB6319013598708F
S214033588ADB2DFE72DE9F04F9B46002385B08B45A8
S214033598814688469246CDE902336BDC1A461E46B8
S2140335A819F80340212C09D81F2C04D8103C072CE3
S2140335B898BF012200E001260133F1E7FF2CFBD177
S2140335C85B4436B1013B43450ADD2B2005B0BDE815
S2140335D8F08F62B1013B4345F7DC3546374602E0D8
S2140335E800252F462E46454504DB0020EEE7984582
S2140335F8F3D0EAE75D453BDB19F80730202B18D1F3
S21403360809EB07035B78FF2BDFD1CEB920465AF8C0
S2140336182510FFF719FF78B303AB019302AB0093AA
S2140336282046DDE90E235AF82510FFF72DFF01354E
S214033638D9E7212B0ED109EB07035B78FF2BC4D1FF
S214033648029B5AF825200E99012641F823200133B8
S2140336580293ECE7A3F11004072C02D91C460137A2
S214033668D3E709EB07035B78FF2BAED1E4B2CCE7CD
S2140336780624CAE72120A9E72620A7E72DE9F04F65
S21403368807460E4615469846044685B0DDF8449028
S214033698DDE90FAB206808B3DAF80020D8F8001085
S2140336A88A421BDA0E9B53F82210D6F76DFB48BBEB
S2140336B8DAF800200132CAF800206268117BFE2976
S2140336C81BD10E9B1068012100932A464346CDE979
S2140336D802B9CDF804A0FFF7D1FF04462B7843B907
S2140336E899F800302BB97EB101233C4689F800309F
S2140336F82B70204605B0BDE8F08F01238BF8003009
S2140337082B70EBE70C34C5E73446F2E710B50446EE
S214033718236803B910BD237A13B92046DAF708F9E4
S2140337280C34F5E710B541B10A7932B901249C3057
S2140337380C71FEF7FAFF204610BD0020FCE72DE9C2
S214033748F041BAB005460AAA084603A900F05FF98D
S2140337580446B0B90DF10A0301930DF10B038DF876
S2140337680A0000930AAA284604AB03A9DAF790FAD4
S2140337789DF80A20B2B19DF80B2048B12AB1DAF7B2
S214033788D7F820463AB0BDE8F081FFF7BFFFF8E761
S214033798D5F89C50002DF4D0A86808B1FFF7B6FFFB
S2140337A82D68F7E700B346681AAB06F10C082AAF8C
S2140337B801934046049B039900970AAAFFF7E2FE83
S2140337C804460028DDD1039B05A8CDE90637049BEC
S2140337D80595CDE90838DBF74BFD05A83368984708
S2140337E805A800F03FFDCCE72D24CAE710B504462C
S2140337F8AC30E9F7F7FF04F1AB031A18002093423D
S21403380800D110BD13F8011F0029FAD00A2908BFF2
S2140338180130F4E70023F0B50B6013600646D0F8D2
S214033828AC0278B196F8AC0060B1012406F1AC0797
S214033838D6F8AC02844210D306F1AC00B3F5007F89
S21403384810D30120F0BD0D6801350D6015680135EC
S2140338581560F85C01330A2802D0B3F5007FF2D36B
S2140338680134E5E7C15C0A29EBD00029E9D01168E1
S214033878013301311160E1E710B50021D0F88C203F
S2140338880446EAF7B3F80023C4E9243310BD73B536
S214033898044600F1AC0580212046FEF75BFF4FF493
S2140338A8007106462846FEF755FF0136C0F5007038
S2140338B8864220461FD8E9F795FF06462846E9F7C5
S2140338C891FF01362946421CA819EAF7E1F8204673
S2140338D8E9F788FF214602462846EAF717FA2046FC
S2140338E8E9F780FF0A23204480F8AC300023C4F8A5
S2140338F8AC3202B070BDFFF779FF01AAC4F8AC0278
S21403390869462046FFF786FF0022009B234483F878
S214033918AC20C0E773B50D460446FFF767FF6B1C7C
S21403392819D1D4F8AC3213B1013BC4F8AC32002534
S2140339382046E9F757FFA84215D82046FFF79CFF0D
S214033948D4F8AC322BB16946204601AAFFF762FFCA
S214033958A0B902B070BD012DFBD1D4F8AC328342B6
S214033968F7D20133E1E7082000F023F8202000F01F
S21403397820F8082000F01DF80135D9E7009D04F16A
S214033988AC06019BAB42E4D9715D2046DAF7AEFA82
S2140339980135F6E707B500200DF1070100F0E7F853
S2140339A820B99DF8070003B05DF804FB4FF0FF301D
S2140339B8F9E710B5C1B20446002000F0C8F800289D
S2140339C80CBF20464FF0FF3010BD0FB407B504AA4E
S2140339D852F8041B00200192DAF72CFC002003B0EF
S2140339E85DF804EB04B0704710B54C1C0B46011980
S2140339F8045D222C03D07B2C01D05C2C05D1D21A73
S214033A081844EAF745F8012010BD0020FCE72DE925
S214033A18F047054691468846E9F7E4FE2A460646F1
S214033A281346197801322029FAD0C9F800305C1BEE
S214033A3801236FF0404AC8F80030A64201D8002098
S214033A4814E02F5D29197B2F12D0222F2ED1D8F8F8
S214033A580030621C53442A4449F82320012C09D910
S214033A6811F8013C13F0DF0F04D02120BDE8F087DE
S214033A787D27F3E701342B5DBB4209D12B195B780D
S214033A8813F0DF03F1D1222F00D12B550134D4E7ED
S214033A985C2B07D1324621462846FFF7A5FF0028A8
S214033AA8E3D0013E0134A642E5D8DEE75C2F08D111
S214033AB8324621462846FFF797FF0028D5D0013E11
S214033AC8E4E7202FE2D10022631CB3420A70DDD25A
S214033AD8EA18EB5C202BD9D0D8F800300F2B05DC7E
S214033AE849F823200133C8F80030CFE71E20BDE786
S214033AF800F000B800207047D6F734B970B50C4606
S214033B08154610B9DAF78AFB38B143682BB12A464B
S214033B182146BDE8704000681847232070BDF7B5F6
S214033B280D4616461C4638B9DAF778FB04B901ACD5
S214033B3820B9232003B0F0BD03B901ACC768002F32
S214033B48F7D02346324629460068B847F2E707B552
S214033B5801228DF807100DF10701FFF7CFFF03B019
S214033B685DF804FB0B4601461846FFF7F0BF002333
S214033B780122FFF7D4BF08B508F0F4FCFA23B0FB1C
S214033B88F3F080B208BD0420704740F20160DAF70C
S214033B983BBC7047012070470020704749BA89B27A
S214033BA880EA0103C3F303125340180380B2584054
S214033BB85B0103F4FF535840704708B5DBF726F854
S214033BC858B1A0F15903042B06D8042B04D8DFE810
S214033BD803F00404040304005C2008BDDBF758B9AB
S214033BE87047F8B50C468D18073552421540A5F1AF
S214033BF808070646384600F0DFF9A188381B6288AE
S214033C0801EBE00189B2A2EBE00225F8041C25F8D3
S214033C18062CA288C310AAB1A4EBC202B2F802C04B
S214033C28D18003EB0C015180E28892B1D31A9BB280
S214033C3804EBC20425F8023CA380B3680344B360CC
S214033C483846F8BD15F8082C42F0020205F8082C89
S214033C58EAE725F8022CF0E72DE9F04F4FF00008C5
S214033C6887B09946531C109B0546174614BF14463F
S214033C780824CDF81480002B00F0C580C3F8008014
S214033C88002900F0C28042688A4240F2BE800731AB
S214033C9821F0070608F0E6FB05AACDE9008282466E
S214033CA83A464B463146284600F08AF9059F83462E
S214033CB807B130B9504608F0D0FB192007B0BDE865
S214033CC8F08FB7F8028029694FEAC802C0EBC80824
S214033CD80139B8F1270F29617AD9B9F1000F51D103
S214033CE8864206F1080848D0224639462846FFF792
S214033CF878FF04460590059B9844404600F05CF917
S214033D08059906F10F004A88C308A2EBD002A8F863
S214033D180220CA88A8F80430002A30D0D31A9BB2E7
S214033D2801EBC202A8F8063093808B88F608A380B6
S214033D38B8F804303A46E3804146002328466680AE
S214033D4800F0A6F9AB680833AB60237843F00103A9
S214033D5823702B6901332B616288AB68504603EBEB
S214033D68C203EA68AB60934288BFEB6008F075FB52
S214033D78109B083400201C60A0E73C46BBE7A8F865
S214033D880620D2E707EB08042046039200F014F94E
S214033D980BF10703DB080599638008F10703DB08C3
S214033DA8A380CB8893B1DB00039AD81D821A5A44A2
S214033DB8C2F3CF020B44E2809A80A38808F1FF3847
S214033DC84FEAD808A1F80280CB80BBE7E380F4E784
S214033DD8B9F1010F1BD107F10803B3FBF4F204FB97
S214033DE81233B3B1224639462846FFF7FAFE04468D
S214033DF823783A4643F001032370214601232846D5
S214033E0800F046F9A8E7222058E7212056E786421D
S214033E18E8D13C46ECE707B500224FF0FF3101AB8B
S214033E280192DAF775FC019803B05DF804FB2DE9F7
S214033E38F74F04460D46002900F0AB80D0E9056825
S214033E4808F010FB15F8087C35F8061CFB070090ED
S214033E5800D531B9009808F000FB012003B0BDE88F
S214033E68F08FA368D4F8109035F804ECA3EBC10BD5
S214033E7809F10103A5F1080C4A1CC4F808B023612C
S214033E88BEF1000F7BD0ACEBCE03D888B3F802A004
S214033E980190187807F00207C00765D4002F64D18D
S214033EA80198A0EB0A07012F69D18A1CABF1080712
S214033EB85244C4F81090A76035F802ECBEF1000F20
S214033EC861D0D4E900700CEBCE0A07EB0009CA45AB
S214033ED859D21CF83EC057461CF0010C15D1AEEB60
S214033EE80101012911D1BAF80210AAF802C001315A
S214033EF80A44BAF80610002943D00AEBC107216919
S214033F0801392161A1680839A16015F8081C013A2E
S214033F1821F0010105F8081C002125F8061C5A8023
S214033F281A7861F300021A707FB3C3F107023A44A2
S214033F38C2F3CF02DA80BA804EB3B34227D372886D
S214033F48002A08BF1E46B8F1000F06D0434504D81A
S214033F58B8F80220002A18BF43460098C4E9056348
S214033F6808F07BFA002079E74FB115F8087C72440D
S214033F7827F0020705F8087C00279F809CE763461E
S214033F889AE70F46BBE70027BFE7DF80D4E71E465E
S214033F98D9E7222062E710B50446DAF7D1FB2146B3
S214033FA8BDE81040FFF743BFFFF7F5BF0846FFF726
S214033FB832BF0846FFF7F8BF002303604360704725
S214033FC8F0B5D0E90554561C08BF0822002B4FF05D
S214033FD8000008BF2C46DDF818C0CCF80000002CFB
S214033FE837D09DF814706588FF0007EBC505C2F146
S214033FF8000E2078C00708D51BBBE088A0B104EBE9
S214034008C004658807EBC505F3E78D42F4D363B9A7
S21403401804F10806B6FBF2F002FB106670180EB140
S214034028A842EAD8CCF80040F0BD082A0FD060882A
S214034038013004EBC000461A06EA0E06801B8542CA
S214034048F0D2A0880028EFD0A4EBC004D9E708462E
S214034058E8E72046E8E703460069C0B10AB951B95C
S2140340681A6810460378DB0711D531B9C3885BB1E4
S21403407800EBC300F6E79A69F3E7012904D18388BE
S21403408823B1A0EBC300EDE700207047184670473E
S2140340982DE9F041D0E90554074688461646ABB1E4
S2140340A8954200D00ABB424600213846FFF7D3FFA5
S2140340B8B442054600D02EB9424601213846FFF7DA
S2140340C8CAFF0446C7E90554BDE8F081954208D0FF
S2140340D88D4228BF0D46B44205D0444538BF4446F2
S2140340E8F0E70D46F7E74446ECE79442EAD1E3E700
S2140340F870B500261C46C3E90001C3E90266C3E996
S21403410805001E611A775E62FFF756FF23690139B9
S214034118C908013341802361A36830460833A36086
S214034128E3680833E36070BD002307B56846009369
S2140341388DF80430D8F74CFB03B05DF804FB10B5D4
S21403414808F083F9044606F059FB2046BDE81040FC
S21403415808F076B970474FF4C870DAF779BBDAF720
S21403416861BC00F01CB87047704708B503F015FA31
S21403417803F01DFA03F024FA03F033FABDE8084007
S21403418803F040BA704708B503F002FA03F001FAE1
S21403419803F000FA03F000FAFFF7F4FF08BD08B5CA
S2140341A803F031FA03F030FA03F030FABDE80840BA
S2140341B803F033BA7047012070472DE9F34112F034
S2140341C801050446884622D110F0030525D12F465B
S2140341D85208BA4209D1D8F785FE0026B74204EB3F
S2140341E8860008D1D8F78EFE11E054F8273001333D
S2140341F80CD10137EDE7042258F826300DEB0201FF
S214034208019308F0C9FB30B1D8F77CFE3D25284654
S21403421802B0BDE8F0810136E0E70125F7E770470D
S214034228B0F1006F0FD300F07843B3F1006F0CD0F2
S21403423800F06040B0F1404F09D0B0F1604F14BFB2
S214034248042003207047002070470120704702208F
S2140342587047002070471AB111B180B2DAF718BE5A
S2140342682120704701F056BEE3F742BFFFF78DBC27
S214034278D0E9023253F8223000211878E3F78ABBD4
S214034288704702F08CB901F0DABDC3688268013B57
S214034298DBB252F823305B78652B02D10020E5F7B2
S2140342A8C9BE6E2B01D10120F9E7662B01D1022086
S2140342B8F5E7704710B5D0E90232044653F82230C2
S2140342C8187802F046FAE368A268013352F82330F6
S2140342D8BDE81040187802F03ABA10B50446C0B2E2
S2140342E8DBF7A4FF200ABDE81040DBF79FBFD0E941
S2140342F8023253F822301878DCF7A0B802F0E1B996
S214034308E4F796BB08B501F0B8FEBDE80840E5F744
S2140343187FBDD0E9023253F82230186801F0ABBEED
S2140343280020E5F77BBE0120E5F778BE0221DCF71F
S2140343381BB80321DCF718B80521DCF715B808B550
S21403434801460C20DBF7ECFFBDE80840DBF77ABF35
S21403435808B501460020DBF7E3FFBDE80840DBF7B6
S21403436871BF07B5C2688368043253F82230012147
S2140343781B880DF10602ADF806300023DCF778FD3E
S21403438803B05DF804FB08B508F000F9BDE808407B
S214034398F1F786BF10B51446DDF786F82146BDE863
S2140343A8104007F0FFBE08B5DDF77EF8BDE8084005
S2140343B8002107F0F7BE08B5DDF776F8BDE8084034
S2140343C8F1F7A4BB08B5DDF76FF8BDE8084008F0B9
S2140343D844BA08B5DDF768F8BDE80840F1F782BBCC
S2140343E87047704708B508F0D1F8FFF7FAFF03F0EF
S2140343F877F9BDE80840DDF7A3B870470120704792
S2140344080120704708B5DDF737F900280CBF0420EC
S214034418012008BD70472DE9F34104460D461646AC
S2140344281F46DDF8208008F049F93B463246294600
S2140344382046CDF8008003F055F93B463246294618
S2140344482046CDF80080FFF7E5FF02B0BDE8F0414F
S21403445801F060BD2DE9FF4704460D4616461F4684
S214034468BDF830809DF83490DDF838A008F026F9BA
S2140344783B46324629462046CDE9019ACDF80080C8
S21403448800F0FDFF04B0BDE8F04701F043BD7047F8
S21403449808B508F013F903F028F9FFF7F8FFBDE8A5
S2140344A8084001F037BD012070472DE9F74304465D
S2140344B80D4616461F469DF8289008F0FFF83B461B
S2140344C8324629462046CDF80090FFF7ECFF804693
S2140344D83B46324629462046CDF8009003F006F9B7
S2140344E801F018FD404603B0BDE8F083012070478D
S2140344F82DE9F74304460D4616461F469DF82890B1
S21403450808F0DCF83B46324629462046CDF80090AC
S214034518FFF7ECFF80463B46324629462046CDF851
S214034528009003F0E4F801F0F5FC404603B0BDE85C
S214034538F083F8B504460D4616461F4608F0BEF83F
S2140345483B4632462946204603F0D2F8BDE8F840F3
S21403455801F0E0BC00207047F8B504460D46164641
S21403456808F0ACF8324629462046FFF7F3FF07461D
S21403457832462946204603F0BCF801F0CBFC384601
S214034588F8BD38B504460D4608F098F8294620467F
S21403459803F0B0F8BDE8384001F0BCBC10B50446DB
S2140345A808F08CF8204603F0A6F82046FDF706FE2A
S2140345B8BDE8104001F0AEBC704738B504460D465A
S2140345C808F07CF82946204603F0A7F82946204633
S2140345D8FFF7F2FFBDE8384001F09CBC704770B5A2
S2140345E804460D46164608F069F83246294620461C
S2140345F803F095F8324629462046FFF7EFFFBDE855
S214034608704001F087BC704738B504460D4608F07D
S21403461855F82946204603F084F829462046FFF72E
S214034628F2FFBDE8384001F075BC704738B505465B
S21403463808F044F8284600F0EFFE044601462846EC
S21403464801F0ABFF01F066FC204638BD38B50446DA
S2140346580D4603F068F829462046FFF7E6FF38BDFF
S214034668704738B5054608F029F82846E3F7ECFC02
S21403467804460146284601F08EFF01F04BFC20460F
S21403468838BD38B504460D4603F04EF8294620468D
S214034698FFF7E6FF38BD704710B5044608F00EF876
S2140346A8204603F042F82046FFF7F5FFBDE8104022
S2140346B801F030BC704738B504460D4607F0FEFFD8
S2140346C82946204603F033F829462046FFF7F2FF2B
S2140346D8BDE8384001F01EBC704770B504460D4669
S2140346E8164607F0EBFF32462946204603F020F825
S2140346F8324629462046FFF7EFFFBDE8704001F033
S21403470809BC704738B504460D4607F0D7FF294657
S214034718204603F00EF829462046FFF7F2FFBDE8C9
S214034728384001F0F7BB704738B504460D4607F026
S214034738C5FF2946204602F0FDFF29462046FFF717
S214034748F2FFBDE8384001F0E5BB704710B50446F4
S21403475807F0B4FF204602F0EEFF2046FFF7F5FF0A
S214034768BDE8104001F0D6BB704710B5044607F005
S214034778A5FF204602F0E0FF2046FFF7F5FFBDE859
S214034788104001F0C7BB7047704770B504460D4626
S214034798164607F093FF32462946204602F0CFFF17
S2140347A8324629462046FFF7EFFFBDE8704001F082
S2140347B8B1BB704710B5044607F080FF204602F0E9
S2140347C8BFFF2046FFF7F5FFBDE8104001F0A2BB88
S2140347D8704738B504460D4607F070FF294620464D
S2140347E802F0AFFF29462046FFF7F2FFBDE8384040
S2140347F801F090BB704770B504460D46164607F0A1
S2140348085DFF32462946204602F09DFF324629467A
S2140348182046FFF7EFFFBDE8704001F07BBB70470B
S2140348282DE9F34104460D4616461F46DDF820805B
S21403483807F044FF3B46324629462046CDF800801B
S21403484802F082FF3B46324629462046CDF80080D2
S214034858FFF7E5FF02B0BDE8F04101F05BBB0E20B1
S21403486870470E20704738B5044607F027FF2046E2
S214034878FFF7F7FF0546204602F067FF2046FFF7D7
S214034888EEFF01F047FB284638BD0020704700209E
S214034898704738B5044607F011FF2046FFF7F7FFC1
S2140348A80546204602F052FF2046FFF7EEFF01F0CA
S2140348B831FB284638BD704708B507F0FFFE02F0FF
S2140348C846FFFFF7F8FFBDE8084001F023BB0020CA
S2140348D870477047704708B5DCF7A0FF00280CBF81
S2140348E80420012008BD70470B68DA7B1AB9DB7C05
S2140348F80BB9DCF7B7BF8120704708B5DCF7CAFFEA
S214034908BDE80840DCF7D4BF7047DCF7C3BFDCF765
S214034918CFBF082808D84FF48B73C34013F0010F92
S2140349280CBF212000207047212070470121DDF7A6
S214034938B1B80221DDF7AEB80421DDF7ABB808211C
S214034948DDF7A8B81021DDF7A5B808B500F026F8F6
S21403495808B1002008BDDDF7EDF80028F9D1DDF72A
S214034968FBF80120F6E7152808B503D1BDE808408B
S214034978DDF7E6B801F089FE60B9E2F7B9FE032869
S21403498806D100F009F828B9BDE80840FFF7DDBFEF
S2140349980028EBD008BD70470020704700207047FA
S2140349A808B5DDF7BFFAFA23B0FBF3F008BD032119
S2140349B8DDF7E8BA01207047D0E9023253F822300F
S2140349C81878DDF7E7BC0868C37B1BB9C37C0BB94B
S2140349D8DDF710BD81207047D0E9023253F8223044
S2140349E81878DDF749BD704730B50546044615F80F
S2140349F8100B85B0029565691D44CDE900250B4665
S214034A08A21D618801F023FE05B030BD704710B4BF
S214034A1892F80A4192F8053103EB04230B8100232D
S214034A285DF8044B1A4601F010BE1FB50446084647
S214034A3871B12178FF290BD0238B02936369019305
S214034A48237C00936288A31DE3F71AFBFF232370D6
S214034A5804B010BD0868C37B73B9C37C032B0BD89B
S214034A68DFE803F002080406DEF706B8DEF736B812
S214034A78DEF766B8DEF714B88120704770477047CC
S214034A8800207047137810B5032B0CD15479CBB29A
S214034A989C4208D19379B3EB112F04D153781B1A90
S214034AA85842584110BD0020FCE77FB505460E4620
S214034AB800246946E0B201F076FD28B96A46314615
S214034AC82846FFF7DFFF18B90134202CF1D1002060
S214034AD804B070BDFFF7E9BF0868C37B9BB9C37C06
S214034AE8052B10D8DFE803F0030D070B0905DEF7DF
S214034AF8CBB8DEF707BBDEF761B9DEF7B3BADEF786
S214034B0831BADEF703B9812070470020704730B505
S214034B18102587B001AA00210195FEF745FC044637
S214034B282A46002102A8E8F761FF2A46214602A87A
S214034B38E8F7AEFF012102A8DEF7C2FC07B030BDD6
S214034B48DEF750BC7047FFF7FDBF0B68DA7B5AB930
S214034B58DB7C012B04D0022B04D02BB9DFF7D4B8A7
S214034B68DFF7DEB8DFF7E8B881207047002307B51C
S214034B78012101A80193D4F729FF08B9D4F71AFD30
S214034B88012003B05DF804FB08B502F030FA0528E7
S214034B9803D0003818BF012008BD0220FCE7704781
S214034BA8D0E9023253F822301878003818BF0120AB
S214034BB8E0F742BCE0F746BC002070470020704789
S214034BC87047FF207047FF2070470020704700207B
S214034BD8704700207047704706207047DFF7EABE25
S214034BE80868E0F7C3BB70B50D460446002128469F
S214034BF8164601F074F9324620800221284601F051
S214034C086EF9324660800421284601F065F90023D0
S214034C18A360E3606060082070BD034641B181422B
S214034C284FF0640005D94343B3FBF1F0C0B27047B5
S214034C3808467047E0F714BCE1F70ABAE1F712BB77
S214034C48B0F5807F05D0A0F500735842584140015F
S214034C5870470820704730B599B00D466946144624
S214034C68E1F764FA30B915B1BDF802302B600CB120
S214034C780D9B236019B030BD2DE9F04788B00E466A
S214034C88904604A905AA07461D46FFF7E4FF04460F
S214034C9838BB28800DF10C09DDE904A39A4520D218
S214034CA8062251463846CDF8009006ABE1F75AFA85
S214034CB8D8B9039B062B18D12A88DDF81A30424543
S214034CC80ED2BDF8181026F832102A8806EBC20250
S214034CD853602A885344013206332A800493DBE759
S214034CE8F7D9204608B0BDE8F0870124F9E72DE98F
S214034CF8F0438FB00F46904601A900220446994612
S214034D08FFF7A9FF18B101200FB0BDE8F08306220C
S214034D1820460DF1020302A9FFF7AEFF0028F2D1E1
S214034D2805460246BDF80210019CEEB28E42EAD250
S214034D380EAB03EBC60656F82C3C36F8306C063436
S214034D48BE4217BFE418012213460022013522B1DA
S214034D58C8F80040C9F80030D6E71A46E5E770B544
S214034D680024012602F01DF9E5B2C26806FA05F525
S214034D789542234604F10104F4D3D8B270BD70B546
S214034D8886B0E1F721F800F11006E6F78DFB00245C
S214034D980546142201A9301902F00AF91CB99DF830
S214034DA80430FF2B16D0002303F118026A4412F8C6
S214034DB8142CFF2A06D11C44601E90FBF5F080B223
S214034DC806B070BD2B44DBB2132BEDD91434B4F5FF
S214034DD8826FDED14FF0FF30F2E7E0F72BBE07B560
S214034DE804220DEB020102F0E3F8019803B05DF824
S214034DF804FB37B5054608460C46FFF7F0FFA842FE
S214034E0806D0042220460DEB02010195E6F79EFB29
S214034E1803B030BD07B50B460092002102460120B9
S214034E28E0F79AFE03B05DF804FB08B50121E0F746
S214034E38CBFDBDE80840E6F735BDE1F709B908B587
S214034E48FFF7F3FF002008BD08B513460A460146D8
S214034E581846E0F715FF80F00100C0B208BD002031
S214034E687047704708B1E1F713BA704730B4DDE905
S214034E7802451DB1029430BC00F0C6B930BC704779
S214034E881F2804D8142200F5A030DAF7CBB87047E9
S214034E981F2804D8142200F5A030DAF7EFB87047B5
S214034EA8152808B505D1FFF7DCFFBDE80840E1F78C
S214034EB835BB08BD10B5142486B02246002101A8C8
S214034EC8E8F794FD2023224601A94FF4A03001F009
S214034ED878FC06B010BD0020704713B500230C46B7
S214034EE81A460146CDE90033E0B2E2F7DBF802B032
S214034EF810BD13B500231446019001220093E0B2B7
S214034F08E2F7D0F802B010BDD0E9023253F82230E7
S214034F181868E2F73FBA194491420ADC421800209F
S214034F2803B9704712F8011D013B01EB0020DBB201
S214034F38F6E7002070472DE9F04F4FF0000A85B0DA
S214034F48019381460F4615465346019A11785FFA30
S214034F588AF2914203D8002005B0BDE8F08F019984
S214034F6809EB050801EB4202517892F802B011F0FA
S214034F784004009101F03F061BD0AC19BC42D4BFD5
S214034F880024012433466400A20740F18880009B6E
S214034F981B0640F192800E9B324603EB0B00002162
S214034FA8E8F724FD3D4600231D44ADB20AF1010A85
S214034FB8CBE7042E07D866B1B31E022B0BD8DFE85F
S214034FC803F0122130003E2E37D03F2E5BD03D2E05
S214034FD84BD00320C0E7BD4234BF0024012401267A
S214034FE864003346D0E7AB1CBB4250DC02233A4688
S214034FF829464846FFF78FFFADF80A0002230DF14E
S2140350080A08C1E7EB1CBB4243DC03233A4629469E
S2140350184846FFF780FF0390042603230DF10C0888
S214035028B2E72B1DBB4236DC04233A4629464846DC
S214035038FFF771FF03900423F0E77A1E95422CDAF4
S21403504802233A4629464846FFF765FF4FF6FF739D
S21403505880B298420EBF0223023083B25C19A7427D
S214035068B4BF0324012404268EE7BD4215D298F85C
S2140350780030FF2B0CBF01230133EC18BC42CCBF16
S21403508803240124EFE70124042600237CE734469F
S214035098B4E70224C0E70224CDE70324E3E70E9A25
S2140350A802EB0B0014B142F80B807DE7324641460B
S2140350B80093E8F72BFE009B76E702204CE710B533
S2140350C8144686B018811A460A9B0291CDE9034313
S2140350D801230193099B014600930320BDF8203062
S2140350E8E2F71CFA06B010BD1FB500240294079C0D
S2140350F80194BDF818400094FFF7E1FF04B010BD13
S2140351082DE9F0410E461746054686B098B391B387
S2140351188AB34FF0000802A95FFA88F001F043FA51
S214035128044640B99DF80830032B08D008F1010857
S214035138B8F1200FEFD1204606B0BDE8F0819DF800
S21403514809202B799A42F1D1BDF80A206B889A4236
S214035158ECD19DF80C30BDF80D006B7128812B46F9
S21403516822464FF6FF71CDE90067FFF7BDFF00281B
S214035178DCD00446DFE72124DDE710B586B00A9CB9
S21403518804949DF824400394BDF820400294012417
S214035198CDE9003413460A4601460620E2F7BEF96F
S2140351A806B010BD1FB504460846194600230094EA
S2140351B8CDE90123079BBDF81820FFF7DEFF04B0EF
S2140351C810BDF0B5022805460E4614461F468BB09A
S2140351D80AD106A9F0B201F0E6F998B99DF8193094
S2140351E823719DF81C306371119B22460493002398
S2140351F8CDE902330193109B3146009328463B467C
S214035208E2F78CF90BB0F0BD13B500240194049CA7
S2140352180094FFF7D6FF02B010BD2DE9F045064609
S214035228884614469A46002701258BB006A9F8B285
S21403523801F0B9F920BB9DF81830012B19D19DF858
S214035248192033799A4214D1BDF81A2073889A42E2
S2140352580FD19DF81C3032467371B9B2CDE9030AF3
S214035268CDE90100434602200094E2F757F90546C4
S21403527810B90137202FD9D128460BB0BDE8F085E1
S2140352880546F9E70023FFF7C8BF10B50446E2F75B
S21403529823FF0021631E04F10F0213F8010FFF28F2
S2140352A808BF19709342F8D10023237410BD002059
S2140352B8704770B506461D46E2F782FD044608B9F0
S2140352C8212070BD3046E3F749F80028F8D0A068D7
S2140352D82A46FF21FFF75EF89DF810300020637119
S2140352E89DF81430A371ECE713B59DF81040CDE98B
S2140352F8003413460122FFF7DCFF02B010BD08B5E1
S214035308E2F75EFD28B18068FF21FFF754F8002016
S21403531808BD2120FCE70122FFF7F1BF1FB50B46A6
S2140353286A460146184601F034F96A4608230020FF
S21403533832F8021B013B13F0FF0380EA0100F7D1A2
S214035348012838BF012080B205B05DF804FB2DE9BB
S214035358F04F87B0DDE9109B054688464846194650
S2140353681F461446BDF848609DF84CA0FFF7D6FFC5
S214035378042D0346ABF800001AD8022D1DD9042DB8
S21403538807D04FF2F222A188914222D1E2889107F0
S2140353981FD5E17A0022CDE9013720463346CDE909
S2140353A80392CDF800A001F043F907B0BDE8F08FEB
S2140353B86A1F012A11D92120F7E700224146CDE9C1
S2140353C8119228462246109707B0BDE8F04F01F021
S2140353D83EB94FF6FF760C21DCE7052D0ED10023E8
S2140353E8E17A0022CDE90137CDE9039200912346FD
S2140353F852464146304601F00EF9D6E74FF2F222FE
S214035408A188914204D1E288920701D5E17AE8E7B8
S2140354184FF6FF760C21E4E7F0B585B00546E2F7CC
S2140354288FF948B16B88B3F5006F05D1681D05B0D1
S214035438BDE8F04000F0EEBC284600F004FD044644
S214035448C8B9E7B26946384601F0ADF878B99DF8A9
S214035458006066B92946384601F0A9F820B140F637
S2140354680443984207D08C26304605B0F0BD013475
S214035478202CE6D1F7E78D26F6E7E2F747BB2DE9BA
S214035488FF4704460D460146184617461E46BDF80E
S21403549830809DF83490DDF838A0DDF72DF9D0B9C3
S2140354A82146284601F021F933463A46294620463E
S2140354B8CDE9019ACDF80080E2F7CCFB33463A46AD
S2140354C829462046CDE90D9ACDF8308004B0BDE8CC
S2140354D8F04702F009B904B0BDE8F087E2F764BD07
S2140354E8E2F71CBDE2F740BD10B5044601F009F922
S2140354F8082201462046BDE81040E8F7C9BA01F07D
S21403550802B9002101F0FFB801F011B90020704775
S21403551820207047EFF7A4BFEFF7EEBFF2F798BA6D
S2140355287047E2F78DBE70B506460C46154600F082
S2140355384CF850B13CB135B1204600F0D6FC0130EA
S21403554880B2A84200D9002070BD304600F043F868
S21403555840B1002CF7D0012DF5D9204600F0CAFC3F
S2140355680230EDE73046E2F7CBFDEAE7F8B5BDF8DB
S214035578185010B3967855B9D478A6F14107012F79
S21403558807D8621ED2B200F0CFFD0020F8BD2C4625
S214035598F3E7433E012E04D8A21E92B200F0DCFDC8
S2140355A8F3E7D27813B90DB1AA4206D811B9E8F7CA
S2140355B81DFAEAE7E8F76CFAE7E78920E6E74138F1
S2140355C803288CBF002001207047413801288CBF70
S2140355D8002001207047433801288CBF0020012093
S2140355E8704700207047002070470388B3F57C4F48
S2140355F801D3FFF7F8BF0846FFF7F3BF10B54A888D
S2140356080488A2420DD1037B0C79234009D0B2F556
S2140356187C4F08D3FFF7E7FF0B891B1A58425841FC
S21403562810BD0020FCE70120FAE738B50D88D488BA
S214035638A5420AD10388B3F57C4F08D2FFF7D5FFF6
S21403564813891B1A5842584138BD0020FCE701202D
S214035658FAE72DE9F04715460446B8B149B1EAB169
S21403566800264FF0140AB04690F80490F3B2994512
S21403567801D800240AE027680AFB06773846FFF7AE
S214035688BDFF013628B13C46A5F800802046BDE894
S214035698F0877B8943441FFA83F8E7E71446F5E760
S2140356A82DE9F0470E4615460446B8B149B112B37C
S2140356B800274FF00C0AB846B0F80890BBB29945D5
S2140356C801D800240AE06368324620460AFB0731FD
S2140356D8FFF7ABFF28B10C46A5F800802046BDE8C7
S2140356E8F0870B79013713F0300F02BFCB784344AA
S2140356F81FFA83F8E2E71446F0E72DE9F04186B08F
S2140357080D461446984604AA05AB03A90646E2F7CF
S214035718CDFD40B30DB1049B2B6034B3049D0398B1
S2140357282946FFF762FF2B880746024671883078BA
S21403573800F04FFBD8B1297911F010030BD0EB78A2
S2140357482A46CDE900433B4671883078FCF722FDAC
S21403575806B0BDE8F0812A4620460599CDF80080B4
S214035768FFF704FFF4E78620F2E72046F0E77E20FB
S214035778EEE71FB51C460023ADF80A20BDF818202F
S2140357888DF80400ADF80610ADF80C2069461A46E5
S21403579801A800938DF80840FFF7AFFF009804B000
S2140357A810BDF0B587B00E4605AB04AA03A9044698
S2140357B8E2F77CFD08B3049D03982946FFF715FF17
S2140357C82B88074602466188207800F004FBB0B1B0
S2140357D8297911F0100108D000963B462A466188BD
S2140357E82078D2F795FC07B0F0BD009101232A462E
S2140357F831460598FFF7BAFEF5E78620F3E77E20DD
S214035808F1E72DE9F041064600254FF0140807791D
S214035818E8B2874201D800241AE008FB05F0D6F858
S21403582800C00CEB00043CF8000081421AD132B1E8
S214035838802A10D194F90CC0BCF1000F12DAB0F527
S2140358487C4F05D32046FFF7CEFE834200D04BB9E4
S2140358582046BDE8F081402A04D194F80CC01CF019
S214035868400FECD10135D3E70121E2F75BBC08B55D
S21403587813460022E2F784FD003818BF012008BD4E
S21403588808B513464022E2F77BFD003818BF01200F
S21403589808BD08B513468022E2F772FD003818BF24
S2140358A8012008BD08B540220023E2F769FD003849
S2140358B818BF012008BD08B580220023E2F760FD63
S2140358C8003818BF012008BD0023E2F759BD0021A0
S2140358D8E2F7C6BD10B504460121E2F7C1FD20462E
S2140358E8BDE8104001F034BF7047F8B516461F46AA
S2140358F89DF81820BDF81C300546E2F741FD78B13F
S2140359080421E2F72BFE044650B1284600F00EFBAE
S2140359183A4631462846A047BDE8F84000F0FABAAA
S214035928F8BD2DE9F74F1E46DDE90C9B074688466A
S2140359381446BDF838302AB3B9F1000F22D00EB397
S21403594892F804A099F80020504612F0080F0CBFEE
S214035958802240226188E2F713FD98B10821E2F716
S214035968FDFD054670B1504600F0E0FA3346224680
S21403597841463846CDE9009BA84703B0BDE8F04F3B
S21403598800F0C8BA03B0BDE8F08FF8B5BDF81870D4
S21403599816461A463B460446E2F7F2FCE0B177B9E8
S2140359A80221E2F7DBFD0546B0B1204600F0BEFA59
S2140359B831462046A847BDE8F84000F0ABBA1021A8
S2140359C8E2F7CCFD054638B1204600F0AFFA3A4672
S2140359D831462046A847EEE7F8BD73B5BDF818402C
S2140359E816461A4623460546E2F7CAFCB8B1C4B9B2
S2140359F82021E2F7B3FD044670B1284600F096FA74
S214035A08099B3146009328469DF820309DF81C20B4
S214035A18A047044600F07EFA204602B070BD8624EE
S214035A28FAE70024F8E72DE9F0418668044600788B
S214035A3800F07CFA002514273279EBB29A4203D891
S214035A48BDE8F04100F066BA7B4332682078D15A45
S214035A5802EB030800F0C1F901214046E2F77EFD98
S214035A68034608B1207898470135E5E72DE9F04F56
S214035A781C4689B09DF84C30BDF8488001939DF8C4
S214035A885030924602932246434607460D46E2F7AF
S214035A9877FC8DF814700646ADF816508DF8184046
S214035AA8ADF81AA0ADF81C8018B9012009B0BDE8F6
S214035AB8F08F05A9FFF7A2FD0028F6D000252F468C
S214035AC8A8462C4634E00C231FFA85F903FB09F98C
S214035AD831887368B1F57C4F33F8092003EB090B5B
S214035AE81AD333F8090050452CD3019BA3422DD96A
S214035AF800F0B8F99BF80200E3F7DCF9029B43B120
S214035B089BF8043013F0010F0CBF05200720E3F7BA
S214035B18D1F90134A4B219E0ADF81A205946304633
S214035B2805AA0393FFF781FD039B0028D9D1013506
S214035B383289ABB29A42C6D804EB0800C31B584254
S214035B485841B3E708F101081FFA88F80137BFB2CE
S214035B58EDE710B5012488B006949DF83C400594FB
S214035B689DF8384004949DF8344003949DF83040DB
S214035B7802940B9C0194BDF828400094E2F732FE89
S214035B8808B010BD2DE9F04786B0BDF83880DDF8BB
S214035B983C909DF840A0CDF80080CDE9019A0446D4
S214035BA80D4616461F4600F012F9B8B1431EDBB27F
S214035BB8012B10D800230122811E48424841CDE913
S214035BC80432CDE902A03B46324629462046CDE9B3
S214035BD80089FFF7BEFF06B0BDE8F0870120FAE7A5
S214035BE830B50024012587B0CDE9044503959DF813
S214035BF82C5002950A9DCDE90045FFF7AAFF07B08A
S214035C0830BD30B50024012587B0CDE9044503959A
S214035C189DF828500094CDE901354023FFF799FFF6
S214035C2807B030BD10B5012486B0CDE9044400247E
S214035C3803949DF828400294099C0194BDF82040DB
S214035C480094FFF786FF06B010BD1FB5089C0394A3
S214035C589DF81C400294069C019400240094E2F7E5
S214035C68BDFE04B010BD70472DE9F84F022907465C
S214035C7888460C9D04D84FF0000A5046BDE8F88FB6
S214035C881BB10429F7D942F004023A702BB3032454
S214035C987B701B0ABB70E4F7B7F94FF000099DF851
S214035CA82830385504F1020A01343B550B9A5FFA3B
S214035CB889F3D45C002CE0D0732C10D82E464C2CD9
S214035CC856F804BB3DD0532C15D0622C45D1AC886E
S214035CD805F1080600231A4616E00124DBE7A4F1BB
S214035CE87503032BC7D8763C2E1D022C52D8DFE843
S214035CF804F0565A58006A6805F1080694B2D2B2F8
S214035D08B2F1FF0318BF01230AEB040119448845BF
S214035D18B1DB50461946002947D153441FFA83FA84
S214035D285CB1BBF1000FA6D0224607EB0A00594622
S214035D38E7F7ECFF54441FFA84FA354609F10109DC
S214035D48B4E74FF6FF736A6805F1080694B222466D
S214035D589C4214BF02230023D6E76C2C05D1584671
S214035D6800F0C8F8841CA4B2B4E7732C04D15846D0
S214035D7800F0BBF8441CF6E7A4F13003DAB2092AAC
S214035D8801D89CB2A6E7A4F14103062B3FF673AFEE
S214035D98373CE8E7012300242A68A346B4E702232E
S214035DA8F9E70323F7E70423F5E700F1010C0139C4
S214035DB83A54C9B2120A1FFA8CF0ACE70020E3F78C
S214035DC801B80022E3F71EB80023E3F731B8012031
S214035DD870470120704701207047704700207047BE
S214035DE80020704700207047002070470020704747
S214035DF80020704770470E20704700207047002029
S214035E08704700207047002070477047FF20704790
S214035E180E207047842070477047002070477047ED
S214035E280020704700207047002070470020704706
S214035E3800207047002070470020704770470E20E8
S214035E48704700207047002070470020704770474F
S214035E5870470E20704770470020704781207047B0
S214035E687047704738B50546C0B2E3F723F80446CB
S214035E78280AE3F71FF814B1002808BF00242046B1
S214035E8838BDF8B50546C0B2E3F714F80446C5F3BB
S214035E980720E3F70FF80746C5F30740E3F70AF8C2
S214035EA80646280EE3F706F824B12FB136B10028C4
S214035EB808BF00242046F8BD3C46FBE73446F9E70E
S214035EC810B4CC18944203DC5DF8044BFFF723B8F0
S214035ED800205DF8044B70470423FFF7F1BF08B5AD
S214035EE80223FFF7EDFF80B208BD0078FF2808BF3E
S214035EF80020704708B502220021FFF7F0FF4FF68F
S214035F08FF73984208BF002008BD003818BF012059
S214035F18400070470020704708B5FFF7A5FCFF2828
S214035F284FF0FF3018BF0020C0B208BD08B5FFF712
S214035F38F3FFFF280CBF2120002008BDF8B506464E
S214035F480C4615461F4600F011F810B12544AC421E
S214035F5800D1F8BD3946304614F8012BE3F79CF810
S214035F68F5E7014600220220E3F726B8012070472A
S214035F7837B50546E1F7B0FA044601950CB9812012
S214035F881CE0237823B12046E1F7AEFA0446F5E78A
S214035F982B6862685B889A42F5D1A368EA7B99B254
S214035FA872B12A8A9142EED16A7DB2EB134FEAD1D7
S214035FB80020E36801A998478128E4D003B030BDE0
S214035FC84FF6FF72EEE72DE9F84304460F46904670
S214035FD899460BB3012A1FD80C20E7F70DFF064690
S214035FE810B91920BDE8F8831020E7F705FF18B99C
S214035FF83046E7F709FFF4E70123002547EA084791
S21403600870600570C0F80C90446087603380304633
S214036018E1F75AFA2846E5E72120E3E738B50446C8
S214036028436808460D469847B4F90830002B02DB48
S2140360382B78042B06D1002320466360BDE838403E
S214036048E3F7BCBB38BD30B54FF48A5587B0ADF817
S21403605816200DF116041A46029543B100230122B1
S214036068CDE90033234600F01EFA07B030BD01948D
S21403607801240094F7E7FFF7EBBEFFF7BEBE002048
S214036088704708B500F001FB20B900F048FB08B9D3
S214036098E0F712FCFFF7D2FEBDE80840FFF7DBBEC9
S2140360A80020E3F7F3BF0021E4F790B80022E4F7F3
S2140360B84FB81FB5D2880B4612F0200F4FF6FD7166
S2140360C814BF49245224ADF80610510544BF083CB2
S2140360D8E4B2110544BF083CE4B2120444BF023CD0
S2140360E8E4B2032805D8DFE800F0020F161CADF863
S2140360F80630BDF80600FFF789FEFF281CBF241AE2
S214036108E4B2204604B010BD02AA0DF10601D8B2C7
S21403611800F079FAEDE7D8B200F047FAADF80600D2
S214036128E7E7013CE4B2E4E7F8B5064617460D464A
S21403613881B10C78FF2C0BD00846FFF7D6FEB84281
S21403614828BF3846C4B22246691C701CE7F7A0FC71
S2140361583470F8BD0C46FBE770B5044615460E4684
S21403616811B94170017070BD0B78FF2B05D14B78C0
S214036178FF2B02D103704370F5E73046FFF7BAFEEC
S214036188A84228BF284685B22A46B11CA01CE7F7B2
S2140361987FFC25702D0A6570E5E7F0B523B9013A4B
S2140361A8531C2FD1002020E0042AFBD800231C46CA
S2140361B8551E6E1C1AD1042A10D00121D200501E77
S2140361C801FA00F020421EBF914049420C43184290
S2140361D81EBF4FF0FF3101FA02F213439C421EDC46
S2140361E8B4BF4FF0FF30002040B2F0BD40B1465D6B
S2140361F8EF00BE4034434E5D013DBE403343D8E70F
S2140362080646F5E78C5C38B90346A34202F1FF322B
S214036218C6D24FF0FF30E8E7835CA342F5D90120E6
S214036228E3E7283807288CBF0020012070471D287D
S21403623810D004D840B11C2804D0552070471E3807
S2140362480128FAD81A2901E00B390F298CBF5520E3
S214036258002070470829F9E7002000217047F7B5A2
S2140362689DF820400546082C104619469DF82460DC
S21403627836D8002213462C44AC4208D106F0FD0457
S214036288382C0ED10096FFF7E7FF03B0F0BD14F8DD
S214036298017D1B0243EA12631202BA1843F1000394
S2140362A8EAE7392E10D107EE100A07EE902AB4EE65
S2140362B8E77AF1EE10FACCBF77EE677A77EEC77A0D
S2140362C8002117EE900AE0E7824273EB010403D23B
S2140362D8801A61EB0301D8E7101A63EB0101D4E7D0
S2140362E800200146D1E738B5C368144619448368C5
S2140362F853F821501AB12846E7F774FA207028464F
S21403630838BD2DE9F3411C4616460DF107029DF8E4
S2140363182050FFF7E8FF9DF807308046A34288BF62
S2140363288DF807409DF807700DB1E41BE5B22A46C1
S21403633800213046E7F75AFB3A4641467019E7F715
S214036348A7FB384602B0BDE8F0812DE9F3411D46A8
S214036358164601AA9DF82040FDF726F8019B8046BD
S2140363689D4238BF0195019F04B1EC1B22460021CC
S2140363783046E7F73BFB3A4641463019E7F788FBD2
S214036388F8B202B0BDE8F08173B50024154601AA39
S2140363981E460194FDF708F8019B072B0AD92146E8
S2140363A8CCB216B1C4F10704E4B2425C0131082941
S2140363B82A55F5D1D8B202B070BD1FB5030A8DF8B9
S2140363C80E300323009303AB8DF80D0000F0BBF8E3
S2140363D805B05DF804FB1FB58DF80F100421030AFA
S2140363E88DF80E30009103AB8DF80D0000F0ABF876
S2140363F805B05DF804FBF0B589B016689DF83C5007
S214036408CDF809608DF811305668BDF83830012D7F
S214036418109FBDF84440CDF80D60ADF812308DF8E6
S214036428145014D0032D19D13B68CDF815307B686A
S214036438CDF819309DF848308DF81D301623009393
S214036448BDF84C2002AB00F07EF809B0F0BD8DF81D
S2140364581540240A0F238DF81640F0E70120F4E7C9
S2140364681FB50446084611461A4602238DF80D1032
S2140364780093214603AB00F066F804B010BD10B5D0
S21403648814461A460B6886B0CDF80D304B6834218F
S214036498CDF811300A23009303AB8DF8154000F0AE
S2140364A852F806B010BD2DE9F041B6B014461D46A5
S2140364B806460F469DF8F080E4F7ACF803AA8DF875
S2140364C80C001046330A8DF80F703F0A8DF80E300D
S2140364D88DF80D602B468DF810708DF8114005EB7E
S2140364E84405AB4202F102021FD16200D2B2931DE9
S2140364F8DBB23D99D8336B44073203F8CC8C01EBF7
S2140365084805D3B250FA82F2A94202F1020212D126
S21403651803EB4803009006213046BDF8F820DBB2AB
S214036528E4F782F836B0BDE8F08133F8021B117140
S214036538090A5171D5E731F8024B02F8024C240ACE
S21403654802F8014CE0E72DE9F0411C4605460E46E5
S21403655817469DF81880E4F75DF8207043463A46D8
S214036568314628460694BDE8F041E4F75DB80020B6
S21403657870477047D8F7A0B870477047704770479A
S2140365887047002070477047704700207047704771
S214036598704703F00BB8FEF774B8FEF757B803F066
S2140365A84EBBF8F7ABBB03F03BBBF8F765BBF8F796
S2140365B8CDBBF8F787BBFEF71EB9FEF76DB8FEF737
S2140365C87AB8F4F7FFBDF4F703BEF3F763BDF2F743
S2140365D885BEF2F789BEEFF75DBBFEF7B7B8FEF7E1
S2140365E87CB8FDF718BFFEF79FB8FEF78BB830B434
S2140365F8BDF808409DF80C50CDE9024530BCFDF7C0
S21403660829BFFDF796BFF8F713BDE4F75DB8F8F7AB
S214036618D9BDF7F725BC70B49DF80C40BDF81050EB
S2140366289DF814600394CDE9045670BCF5F72ABCAC
S21403663870B49DF80C40BDF810509DF81460039490
S214036648CDE9045670BCF5F75DBCF5F747BD10B445
S2140366589DF8044001945DF8044BF5F797BC10B415
S2140366689DF8044001945DF8044B02F090B802F0DC
S21403667890B8FDF7A2BFFDF7B2BFFDF7C5BFF1F7A8
S21403668895BBF2F7D7B9F2F7A9B9F1F7BBB902F098
S214036698BCBBF1F75FBD02F0FEBBF1F7BFBEF1F777
S2140366A891BAF2F7CDB9F2F74FB9F2F765B9F0F741
S2140366B8A5B8FEF7B5B8FEF768B8FEF77BB8FEF7D9
S2140366C888B800F00BBC00F004BCF7F7FFBBF5F77F
S2140366D809BAF7F7D9BBF7F7FFBCF5F7D3B9EFF75E
S2140366E8C5BAF6F7F5BDFFF745BFFBF7EBB8FEF7F8
S2140366F8E3B8FDF753BFFEF738B801F01EBEE3F75D
S21403670841BFEFF777BEEFF771BB02F0B8B802F0F8
S21403671888B8EFF7BFBBEFF7FDBDEFF701BEEFF79E
S2140367282DBBE3F74BBFE3F75DBFE3F735BFEFF7E3
S214036738DBBAE3F73BBFF9F79DBA02F070B802F08D
S21403674837B8EFF7D7BAEFF73FBEEFF71FBBE3F756
S214036758D9BFE3F7D1BFF9F791B8F9F77DBA03F0D4
S2140367687ABB03F080BBF9F701B9F9F77DBA00F0F5
S21403677863B900F0A1B900F0C9B900F0A0BA00F0F7
S21403678810BB00F079BAE4F7B3BC00F0E6B900F042
S21403679813BA00F026B810B51C4601F0DFFE05F064
S2140367A8C6FF0023C0F340202370400010BD00221C
S2140367B808B50B461146FFF7EEFF023818BF01204F
S2140367C808BD0020704770470020704770470020B8
S2140367D8704770470E2070470120704770470120A6
S2140367E8704714220021E7F701B9704770B50546CC
S2140367F80C468AB0252200210DF10300E7F7F6F8C8
S2140368086B68CDF81D30AB68CDF82130234601AC54
S21403681803F11006224618685968083303C2B342C0
S2140368281446F7D101236A7B8DF8023012F0040F61
S2140368380CBF4FF480734FF4A073110748BF43F49B
S2140368488063ADF80030930748BFBDF8003068464C
S21403685844BF43F00803ADF80030F4F74DFE0AB022
S21403686870BD30B5427B0D46D10704468BB007D5BD
S214036878407801A9F4F7A6FED8B12D200BB030BD99
S2140368889307FAD5C2F3800310074FEA8313ADF8CC
S214036898023044BF43F48063ADF80230BDF80220EB
S2140368A8201D0AB10DF1020201A902F09CFE002880
S2140368B8E3D001AB03CB9DF81430A1602373BDF876
S2140368C810306060590642BF627B42F0040262736E
S2140368D85A0542BF627B42F0080262731B0742BF37
S2140368E8637B43F0020363732B4606AC0AAD22466A
S2140368F803CAAA4218605960144603F10803F6D17E
S2140369080020BBE7F0B504460D4693B025220021C8
S2140369180DF12300E7F76AF8636804F1040CCDF871
S2140369283D30A36809AECDF841302B4605F1100774
S214036938324618685968083303C2BB421646F7D16D
S21403694805238DF82230637B5B0103F40073ADF8EF
S21403695820306378FF2B1AD1002360461A4601A914
S21403696800F0CAF99DF80530FF2B0DD1002301A9C5
S2140369781A46184600F0C0F99DF80530FF2B03D1D8
S2140369881C26304613B0F0BD9DF805306370002012
S214036998617808AA00F09BFA06460028F1D16078C9
S2140369A801A900F02FFA2B4603AD2A461868596842
S2140369B8083303C2BB421546F7D1637B6078DB0610
S2140369C848BF9DF81C3001A944BF63F07F038DF8C8
S2140369D81C3000F02EFAD4E710B504468AB02422F9
S2140369E8002101A8E7F702F8637B590744BF402252
S2140369F8ADF810201A0742BFBDF8102042F4806293
S214036A08ADF81020DB070FD5607801A9F4F7DAFD97
S214036A1810B12D200AB010BD01AB03CB637B6060B9
S214036A2843F00203A160637304A9201D02F0DDFD91
S214036A380028EED00020EDE71FB5694600F066F89B
S214036A48002818BF2D2005B05DF804FB73B50D4666
S214036A5814460646E3F77AFF6B881A071AD52246C2
S214036A683146102002F0A2FD2046E3F76FFF6B883D
S214036A78D90717D50023224601210DF107008DF803
S214036A880730E4F72FFA6B88002B0CBF2120002071
S214036A9802B070BDDE06EAD522460821281DE4F7B3
S214036AA821FAE1E79A0701D50223E4E75B07EAD56B
S214036AB80323E0E70F2070471FB50C46694600F02E
S214036AC825F8102221466846E7F7DCFAB0FA80F084
S214036AD8400904B010BDB8B1B1B14388A3B903786F
S214036AE8013B082B10D8DFE803F00507090B0F0F47
S214036AF80F0F0D00E4F7F8B8E4F752B9FFF776BEC0
S214036B08FFF700BFE4F7E0BA2120704738B50D4613
S214036B1809B300B30378013B082B1AD8DFE803F060
S214036B28050D1013191919191600E4F715F9044673
S214036B38284602F03BFF204638BDE4F751F9F6E74E
S214036B48FFF78FFEF3E7E4F781F9F0E7E4F7C6FA11
S214036B58EDE72124ECE72124EDE770B586B0064679
S214036B6801A80C461546FFF73CFE04238DF80430AF
S214036B781CB12068616802AB03C3294601A88DF8D7
S214036B880560FFF7A8FF06B070BD70B586B004466B
S214036B9801A80D461646FFF724FE032320686168FE
S214036BA88DF8043002AB8DF8116003C3294601A89B
S214036BB8FFF791FF06B070BD0022FFF7E6BF30B5BA
S214036BC8437B044613F001020D468BB007D040788A
S214036BD801A9F4F7F7FC70B12D200BB030BD9B0765
S214036BE8FAD5ADF8022001A90DF10202043002F02D
S214036BF8FAFC0028F0D000210E22A81CE6F7F6FEC1
S214036C08BDF810302B80039BAB60BDF81230AB8108
S214036C189DF81430237301AB03CB6060A16000209A
S214036C28DBE770B5437B0446DB070E468AB003D41E
S214036C382D2528460AB070BD6946407800F045F908
S214036C4805460028F4D1DDF81D300E226360DDF812
S214036C5821300146A360637BB01C43F002036373D1
S214036C68E6F7C4FEBDF80030069A43F00403338003
S214036C78059BB2607360DCE70B4610B5044610222A
S214036C8800211846E6F7B2FE2278032A09D0042A1A
S214036C980DD0022A11D101462046BDE81040E4F77C
S214036CA883BA01462046BDE81040FFF788BF014671
S214036CB82046BDE81040FFF7B4BF262010BDF8B540
S214036CC8074608460C4616461D46FFF78AFD042364
S214036CD82370637B314643F0010320466770637372
S214036CE8FFF714FF08B12D20F8BD29462046FFF705
S214036CF8C3FF0028F8D0F6E7F8B5054608460C465D
S214036D081F461646FFF76DFD0423237025B1082298
S214036D182946E018E6F7BCFE637B43F00203637379
S214036D284EB932460121284600F0DAF8FF2860708B
S214036D3807D12D20F8BD31462046FFF7E7FE002889
S214036D48F7D1637B43F0010363730DB90020F1E7C2
S214036D58002FFBD039462046FFF78EFFF6E7F8B537
S214036D680C460746084616461D46FFF73AFD032314
S214036D782046394600F8043B0822E6F789FE637B7B
S214036D88314643F0020320466373FFF7BFFE08B19C
S214036D982D20F8BD29462046FFF76EFF0028F8D0B9
S214036DA8F6E7F8B5074608460C4616461D46FFF7A7
S214036DB818FD03232370637B314643F00103204603
S214036DC867706373FFF7A2FE08B12D20F8BD294646
S214036DD82046FFF751FF0028F8D0F6E718B18022BF
S214036DE8012100F07DB8FF207047002307B51A4637
S214036DF819460093F6F7E8F8B0FA80F0400903B0AE
S214036E085DF804FB0B4610B519220446FF21184605
S214036E18E6F7ECFD7E2C01468CBF04F5C43004F57A
S214036E2883304FF01902BDE8104088BFAD30D8F75D
S214036E38F9B87E2888BF00F5C4304FF0190294BF0E
S214036E4800F58330AD30D8F719B930B589B00D469B
S214036E58FFF7C4FFFF2804460DD001A9FFF7D2FFAA
S214036E682868696801AB03C3204601A9FFF7E1FF59
S214036E78002009B030BD2D20FBE77047704700207F
S214036E88704770470F2070470F20704700207047E1
S214036E980F207047002070470020704784B08DE8A5
S214036EA80F00002004B070477047704700207047F3
S214036EB870470020704770470020704701207047CE
S214036EC8704700207047012070470E2070470E2039
S214036ED870470E2070470020704770470E20704793
S214036EE8FF20704770477047002070477047704709
S214036EF8704700207047704700207047002070478F
S214036F08002070477047704700207047002070477E
S214036F18704700207047002070477047002070476E
S214036F2810B50024E3B210B9C3F10303DBB201348E
S214036F38042CCA544FEA1222F4D110BD10B50B78AC
S214036F484C788A78C97828B91046224604460846F3
S214036F581946034642EA012043EA042343EA00406B
S214036F6810BD7047E4F7D4B908B5D2F76DFC00280E
S214036F7814BF8620002008BD08B5D2F735FE0038B2
S214036F8818BF012008BD08B5D2F7EEFD003818BFB4
S214036F98012008BD08B5D2F773FE003818BF0120D4
S214036FA808BD08B5E4F794FABDE80840E4F742BA22
S214036FB870B504460D461646E4F78AFA0420E4F745
S214036FC82BFA324629462046FFF7DDFF0446022001
S214036FD8E4F722FA204670BD08B5E4F779FABDE867
S214036FE80840D2F7A5BDE4F7ABBDE4F78BBD08B5FB
S214036FF8E4F788FD20B1BDE808400020E4F7C0BEEA
S214037008112008BD08B5E4F79DFFE4F7A3FFE4F7EE
S214037018ABFFBDE80840E4F7BBBF10B5044622F053
S2140370287042103060602160A26039B1A26803F034
S21403703870431343A360029BE36010BDA36843F049
S2140370488043F7E701234360C36843F02003C36024
S214037058836843F000538360704737B515464A681C
S21403706804463AB18C680093096845EA0403FFF7B7
S214037078D4FF0446204603B030BD2DE9F04FD3B005
S214037088CDE90123DDE9608500230390042003ACE2
S214037098CDE9050307C907AB83E807002146184669
S2140370A85D9E0494E4F78CFF0746002840F0BA80F8
S2140370B85C9A0AAB07CA83E80700494201F00F093E
S2140370C800215E9B5F9A5B6852680D9113445B428E
S2140370D803F00F0AD8F8043012915B420093B368A2
S2140370E8DA0048BF73684FF0100242BF033323F039
S2140370F803037360AB68DB0041BF6B68033323F09D
S21403710803036B605E9BD3F804B05F9B5C680BEB72
S21403711804035344CDE90E3173685B4203F00F034F
S214037128CDE910136B685B4203F00F03CDE9131325
S21403713816AB18461591E6F759FC5C9A516851B98F
S214037148D8F804100C4354EA0B0401BF10229146E6
S214037158CDE90B240A9011234FF0005204A932A854
S214037168FFF77BFF40F611034FF0005207A9FFF71E
S21403717874FF42F611034FF000520299FFF76DFFB2
S21403718844F611034FF000520199FFF766FF4123B7
S21403719800225E99FFF761FF4FEA0A234FF0005279
S2140371A85F9943F04103FFF758FF4FEA09234FF06F
S2140371B8005243F001030AA9FFF74FFF009B4FF065
S2140371C800521B0203F47063414643F00103FFF7C2
S2140371D844FF1038FFF736FF00230DA91A461AA8EE
S2140371E8FFF73BFF002331461A46FFF736FF002317
S2140371F810A91A46FFF731FF002329461A46FFF758
S2140372082CFF002313A91A46FFF727FF00236299CA
S2140372181A46FFF722FF1038FFF714FF1AA932A8F9
S214037228FFF7F0FE384653B0BDE8F08F10B50446B6
S21403723808B1E4F7A7FF2046BDE81040FCF7B4BE44
S21403724810B50446006A10B1616AFFF7EFFF002025
S214037258C4E9080010BD38B50546FFF7F1FF2B7ED5
S2140372680446012B0ED0023B012B0ED8EB69012BEB
S21403727818BF6FF09604282200212846E6F7B6FBC7
S214037288204638BDEB69002BF2E76FF09604F2E769
S21403729818220021E6F7AABB70472DE9F84F98464F
S2140372A8DDE90B490D9B15469A0706460F4623D07C
S2140372B82A460A9B03EB040A1444A24220D10D9BD8
S2140372C89B0705D5A2EB050AD14505EB0A0420D88A
S2140372D82046BDE8F88F434639462020B0470AF1D2
S2140372E8010ACA450AEB0B02F5D3A9EB04024C457F
S2140372F888BF00222A44DCE7A246A5EB040BF0E786
S21403730802F1010B434639461AF8010DB0475A46AF
S214037318D3E74346224639462020B0470AF1010AF6
S214037328D2E72DE9F047DDE90D7616F0020F9DF852
S2140373382880DDE90854DDE90BCE1FD106F00109E4
S2140373484FB1B9F1000F06D0B8F1000F02D116F00D
S2140373580C0F00D0013F4FF0300A04E0202C04D075
S21403736805F804A001347445F8D3B9F1000F05D025
S2140373784FF03009A74201D9202C2DD116F0100F53
S2140373881FD016F4806F2CD15CB3744501D0BC4271
S21403739827D1B4F1010E23D0BCF1100F46D1023C1D
S2140373A816F0200F28D1202C28D04FF0780C05F89B
S2140373B804C00134202C21D04FF0300C05F804C04B
S2140373C80134202C1AD0B8F1000F23D04FF02D0C1F
S2140373D805F804C0013412E005F804900134C9E73F
S2140373E87446BCF1100FDBD0BCF1020FE2D1202C9F
S2140373F804D04FF0620CDAE7202C08D12024CDE91C
S2140374080A76CDE90854BDE8F047FFF746BF4FF0C4
S214037418580CCCE716F0040F02D04FF02B0CD7E726
S21403742816F0080FEBD04FF0200CD1E7BCF1020F93
S2140374387446C1D1DDE72DE9F04391B0189D1A9E35
S2140374481D9F0DB927F010077C0500D515B317F057
S214037458200F14BF4FF0410E4FF0610EAC460025C7
S2140374680DF12008AEF10A0EBCFBF6F906FB19C9A6
S2140374785FFA89F4B9F1090F94BF30347444E4B25F
S214037488B44508F8014B05F10105BCFBF6F401D336
S214037498202D10D11C9C069705941B9CCDE90364EC
S2140374A89DF86440CDE9015408AC0094FFF739FF12
S2140374B811B0BDE8F083A446D6E72DE9F04F95B0A2
S2140374C8269ECDE90A23DDE91E74DDE9229B57EAE9
S2140374D8040308BF26F010067205CDE9080102D595
S2140374E857EA040337D016F0200F14BF412361234D
S2140374F800250DF1300AA3F10A0821464A465B46E1
S2140375083846E5F707FFD2B2092A94BF3032424419
S2140375184F45D2B274EB0B0405F101050AF8012BAB
S21403752801D3202D14D1259B06960593249BDDE9CC
S2140375380801CDE903939DF88030CDE901530CABE0
S2140375480093DDE90A23FFF7ECFE15B0BDE8F08FDC
S21403755807460C46D1E70025E5E708B100F014B85E
S214037568704710B1D1E900311847704738B5441E43
S21403757814F8015F25B90A2000F006F8284638BD36
S214037588284600F001F8F3E701460020FCF7DFBAC7
S21403759870477047EDF77EBF704708B5FCF7A8FA43
S2140375A8D2F752F9BDE80840D4F78ABA704708B547
S2140375B8D2F7B6FCFBF7FFF8BDE80840E3F788BF49
S2140375C808B5FBF7E8FEE4F711FEFBF7E2FEE5F77E
S2140375D8BBF9E5F7A7F9E5F71DF9BDE80840D7F7BE
S2140375E8FBBC08B5D5F7D6FEFBF7D1FED5F7DEFE0E
S2140375F8D9F704FFD9F7AAFFDAF7B2F8BDE80840C7
S214037608D9F7D0BF70477047E5F72AB908B5FCF72E
S214037618BAFEBDE80840FCF7E5BE704707B500228A
S2140376280346114601200092D9F762F803B05DF8C5
S21403763804FB07B500920B46027D81898068FDF737
S2140376487AFC003818BF0120C00103B05DF804FBBC
S21403765808B50020E0F7D4FB0020E2F765F9002020
S214037668DAF75EFA0020DAF7F5FC0020DAF7F4FE1C
S2140376780020DBF7E1F90020DBF70AFF0020DEF73E
S21403768839FA0020DEF7A4FF0020DFF799FDBDE8EE
S21403769808400020DFF784BE08B50120FDF72DF962
S2140376A80120DAF79DFBBDE808400120DBF7C4B9E3
S2140376B808B50220E0F798FC0220DFF78BFE0220CD
S2140376C8E2F740FC0220FFF790FC0220FDF7B5FB2B
S2140376D80220DEF77DFFBDE808400220E0F724B964
S2140376E8DAF7C2BCFDF7C9BE7047704770477047E4
S2140376F870477047704710B50446E0F72FF82046E2
S214037708FDF731F92046DCF7D5F92046DDF728F9E9
S2140377182046BDE81040FDF7C3BBFDF7DEBBFDF70B
S214037728E8BBDFF757BD70477047FDF740B97047AA
S2140377387047704770477047704704F0BEBF70477E
S2140377487047DFF7E1BD704770477047704770476B
S2140377587047D0F729BCFEF76BBB7047002070470D
S214037768FEF768BBFEF771BBE7F758BA38B50446A9
S2140377780D4600F097F850B129462046ECF700FC72
S21403778830B929462046BDE83840E7F70FBA0E2039
S21403779838BD08B5ECF73AFA18B1BDE80840EAF779
S2140377A8B1BD08BD70B516460C4604F04EFE31460C
S2140377B805462046EAF782F90446284604F040FEC2
S2140377C8204670BD00F032B970B5044600200E4658
S2140377D800F039FBD4F8F0503DB10023314620467B
S2140377E8AC46BDE870401A4660472B460122314630
S2140377F82046E7F75BFC284670BD38B5044648883C
S2140378080D4600F020FBD4F8F0302BB92946204665
S214037818BDE83840E7F75CBB022038BD00F015BB6F
S21403782800F03CB9E7F790B800F01BBB70B5BDF89D
S2140378381060054606B16BB1334428469BB200F088
S21403784873F9044620B91EB13146284600F0ADF94F
S214037858204670BD2124FBE7E8F704BFC0F8EC1008
S21403786800207047E7F742BDE7F732BE10B4BDF80D
S214037878044001945DF8044B00F09FB80B4610B51E
S21403788814461846A1689288E6F740FAE168034664
S21403789831B1A0886288121A92B21844E6F736FA0B
S2140378A8002010BD0346408A18B1188A003818BF4E
S2140378B8012070470846E9F751BA00F0D6BA00F037
S2140378C8D4BAE9F763BC084708B5E7F785F8C0B242
S2140378D808BD022A01D800F00CBA21207047022AF4
S2140378E801D800F017BA21207047022A01D800F001
S2140378F823BA21207047E8F76BBB0846E8F786BB30
S21403790800F033BA00207047002070477047D0F85D
S214037918903003F06003402B0DD0602B03D0203B40
S21403792858425841704749B10B68012B06D9486934
S21403793840F00100704740F201107047002070477E
S214037948F7B504461046D4E952C7DDE908268CEA9B
S214037958020587EA06010540194085EA0C057940C1
S214037968C4E95251002523F4004106EA010320F036
S214037978010043F40073024043F00203CDE90055C7
S214037988EAF792FF94F824309A0713D5D4F84C31C3
S2140379989B050FD54FF48811204600F034FC94F865
S2140379A82430024665F3410384F8243020460B4608
S2140379B8E6F7E6FF002003B0F0BDF0B587B01C4637
S2140379C81746BDF830601AB90024204607B0F0BD44
S2140379D8002BF9D00029F7D001AAE8F743FE0028C0
S2140379E8F2D0BDF80630A2199A42BDF80850C4BFB3
S2140379F89B1B9CB2B54212D90399AD1BADB2314459
S214037A08A5420391ADF808500DD22A463846E6F744
S214037A187DF90499621B7819E6F778F9D5E704998E
S214037A28761B3144049122463846F5E70846E9F7BB
S214037A38EDBF0220E9F7A0BB08B5D0F8E4304BB198
S214037A481A68022A06D993F825204AB1186AB0FBA1
S214037A58F2F008BD4FF446624C210020ECF7BEFA5C
S214037A680020F6E7D0F8E42008B57AB11368022BAD
S214037A780CD9536A13F47F4FC3F3072106D0126A4F
S214037A88DBB253438B42B3FBF1F006D2002040F639
S214037A987F424C21ECF7A2FA002008BD0346D0F833
S214037AA824010860B3F8283100208B80704790F8CB
S214037AB824310C2B14BF90F82900FF20704738B5E3
S214037AC80C464FF400610546EBF7D0FF70B17CB166
S214037AD895F81E3173B94FF480724FF480712846B7
S214037AE8EBF7B0FF003818BF012038BD2202F4E7D1
S214037AF82246F2E70020F8E74FF48071EBF7B6BFAB
S214037B0808B54A024FF40071EBF79CFF002008BD46
S214037B1808B58A024FF48061EBF794FF002008BD8E
S214037B284FF40071EBF7A2BF2DE9F041884618F031
S214037B38030706461546194633D1B2F5805F30D893
S214037B489A422ED33F2A28D9B2FA82F40122012078
S214037B58C4F11F03DBB29A4092B2AA422CBFC4F107
S214037B681904C4F11A04E2B2931DDBB2984080B23A
S214037B78A84214D096F8F530ABB9012096F824300D
S214037B8860F3C71386F824304046E8F71DFBC6F8AB
S214037B982080B5823846BDE8F0813A46EAE70020F9
S214037BA8ECE72127F6E70E27F4E7084600F02EB998
S214037BB8F8B511F0030607460D46144621D102B35D
S214037BC813883F2B1DD9B3FA83F3C3F11901C9B23E
S214037BD8062901D8192B12D0062928BF0621012306
S214037BE88A1DD2B293402846238000F015F92388CD
S214037BF83846FD617B82E8F7F7FB3046F8BD314629
S214037C08EDE72126F9E738B5148811F003054FEA9E
S214037C18C4041ED13F2C1CD9B4FA84F4C4F1190346
S214037C28DBB2052B01D8192C11D0052B28BF052349
S214037C3801240633DBB204FA03F3C3F3CF04148038
S214037C48816104820387E8F7CFFB284638BD2B46B5
S214037C58EEE72125F9E710B5144608460121E9F7AA
S214037C68A7FD2046BDE810400121E9F7A1BDF8B5F8
S214037C7804460E46174604F0E8FB3A4605463146E0
S214037C882046EAF753F80446284604F0D9FB20466C
S214037C98F8BD0220704703207047E9F765BA10B5A8
S214037CA80023E7F7B1FE044608B9EBF735F8204694
S214037CB810BD70B505460E46144600F0C9F83146A1
S214037CC8284600F04CFA00F0C3F8230744BF24F014
S214037CD80804A4B221462846E6F784FE00224FF499
S214037CE800312846EBF7AEFE002070BD8021EBF787
S214037CF8BDBE7FB5531C05AAADF814100292022127
S214037D080022DBB2CDE900211146EBF7B9FE07B036
S214037D185DF804FB7FB5531C05AAADF81410029250
S214037D2804210222DBB2CDE9002100220121EBF770
S214037D38A7FE07B05DF804FB1FB5531C029100228B
S214037D480821CDE900210122DBB21146EBF798FEA4
S214037D5805B05DF804FB10B50446E6F73DFE01469C
S214037D682046BDE81040E6F73DBE002914BF212093
S214037D780020704738B5054610460C46E8F772F9F2
S214037D8865B1D5F8E0304BB15B693BB12268013287
S214037D9804BF6FF00102226022681A60002038BD13
S214037DA8002070472DE9F74F01251C469DF8303013
S214037DB8064601930368174603F0070306339D40F8
S214037DC805F1FF380B46A1B1416804EA080BA5EB99
S214037DD80B0A41F00059524509EB0B0114D95246D8
S214037DE81846E5F793FF49467A1B5A445044E5F785
S214037DF88DFF019B2BB13C4448EA050804EA0804B6
S214037E08F46003B0BDE8F08F1846F0E74FF03A4346
S214037E18022298615A6370474FF03A4301225A6721
S214037E2840F6FF72D96418651A67704737B5002598
S214037E3814460095FFF7B6FF204603B030BDE7F7B4
S214037E4883BF0020704700207047002070477047A4
S214037E58704710F0FD0F14BF4FF0FF300020C0B27C
S214037E687047704700200021704708B5E9F7CEFA37
S214037E78BDE80840E9F7F2BA38B50446FFF7F5FF58
S214037E880546FFF7F2FF431BA342FAD338BD38B5BE
S214037E980D460446E9F7BAFA35B1844200D90139E2
S214037EA8204601F0030138BD844238BF0131F7E7A5
S214037EB808B50121FFF7EBFFBDE80840E9F7CEBA9E
S214037EC808B521B19200E5F721FF002008BD21205F
S214037ED8FCE700F06F43B3F1804F02D0B3F1204FB5
S214037EE802D120F07040704700F06043B3F1204F92
S214037EF808BF20F0805070470B0C23F48053B3F56B
S214037F08284FF7B50D468FB2064699B216D04AF6ED
S214037F180103994214D04AF60203994212D0B1F5E6
S214037F28204F14BF04240324D6F8E0300BB1196895
S214037F3851B9D6F8DC3093B928680EE00024F3E785
S214037F480124F1E70224EFE7234668463A46E9F7B1
S214037F58F9FADDE90003002BEBD103B0F0BD19688D
S214037F680029E9D0234668463A46E9F7EBFADDE9FD
S214037F780003002BE0D1F0E70204C0F3891307D50A
S214037F886FEA83536FEA935313F5007F18B206D04C
S214037F98A3F1C8006FF4FF739842B8BF184670473A
S214037FA84FF0384359699A6903F500530A405A61F2
S214037FB870470E207047EBF7BFB8EBF7BDB8EBF783
S214037FC8BBB8EBF7B9B808B50846EBF7A7FC08BD86
S214037FD8EBF7B2B8022070470220704700207047BC
S214037FE801207047002070470E2070470020704716
S214037FF8E7F712BF08461146012200F086B870B5A7
S21403800805460C4611461A46EBF7BEFD06682B4690
S2140380182046B446BDE87040604710B5EBF7B4FD9C
S214038028BDE8104083681847FFF739BEE7F7FEBD7B
S214038038FFF79CBBE7F7FCBA70B504460D46164631
S2140380484FF4881100F0F4F8324629462046BDE876
S2140380587040E8F717B87047431E012B03D9031F70
S21403806858425841704701207047FFF7EABE4FF45D
S214038078D4720021E5F7BABC70B50446E7F770FB7F
S2140380880546A8B9A169F1B1238AD3B1204604F1FC
S2140380981002FFF7B8FD38BBE16919B3638AA3B1C9
S2140380A8204604F11202FFF783FD78B1054603E084
S2140380B80023A3612361E3610023284663612362E7
S2140380C870BDA061E8E72082E6E7E361216A00293C
S2140380D8F2D0A28A002AEFD02046E38ABDE8704091
S2140380E8FFF722BD6182F1E76582E561DEE711B934
S2140380F8D0F8DC1021B1CB6813B18B68D8897047E8
S2140381084FF6FF707047E6F74DBC10B50C461146A0
S214038118E6F76EFCE7F780FE012801D1002010BDC4
S214038128002CF7D10520FAE7FFF786BCFFF79ABCC1
S21403813870B500232425D0F8DC00C4689C4201D11E
S214038148212070BD826805FB0322D6898E4202D899
S214038158128A8A4201D20133F0E70020F1E7F8B524
S21403816806460D46EBF772FDD8B94FF6FF734FF088
S214038178240CEF68C1B28F4208D81C462146304605
S214038188EBF7FEFEFFF763FE2046F8BDAA680CFB76
S2140381980122D4899C4202D2002CEFD02346013018
S2140381A8E8E70024F0E7808D70470A7838B5054677
S2140381B81046FFF751FF60B14C782046FFF74CFF97
S2140381C838B12243530704D42846BDE83840E6F7B7
S2140381D847BE212038BD10B504460878FFF73CFF94
S2140381E858B14A781046FFF737FF30B1042A04D04F
S2140381F82046BDE81040E6F751BE212010BDFFF724
S2140382089FBBE7F777B938B505460C4604F01DF962
S214038218D5F88C301C40D5F888302343C5F8883009
S21403822804F00EF9211E18BF01210020490238BDAB
S21403823838B504460D4604F008F9D4F88C301D40CA
S214038248D4F8883023EA0505C4F8885004F0F8F80B
S214038258284638BD38B504460D464FF48811FFF74F
S214038268E7FF29462046BDE83840E7F72BBF73B536
S2140382780D7806460C4635B304238DF80430237967
S214038288304601A98DF80530FFF7A5FF0546B8B9AE
S2140382982278A37952BB8DF80430E379304601A9D6
S2140382A88DF80530FFF781FF054648B923783BB1BB
S2140382B861883046E6F7E0FF01213046FFF7FFFB0B
S2140382C8284602B070BD2946FFF7F9FB2946304613
S2140382D8FFF716FC29463046FFF71AFC2378002BCF
S2140382E8CAD123798DF804306379C9E702228DF859
S2140382F80420D3E7FFF704BCFFF712BC002070473F
S214038308704710B50446EBF7CBFE21460020ECF782
S2140383181BFDBDE81040002000F02BB97047012074
S214038328704708B5EDF73EFB80F00100C0B208BD04
S2140383384FF0FF30FFF7C1BA70470020704710B5FB
S2140383480C4603F043FE048010BD38B50C461546AC
S21403835803F03CFE03881DB11C43A1B2018038BD5F
S21403836823EA040189B2F9E708B503F02FFE00886B
S21403837808BD08B503F02AFEC07808BD08B503F0A3
S21403838825FE008800F00C0008BD08B503F01EFEA5
S214038398008800F00C00031F5842584108BD38B542
S2140383A8054603F013FE04462846FFF7EEFF30B9EA
S2140383B804F1100004F0BBF900F4406038BD4FF434
S2140383C80060FBE738B5054603F000FE044628467A
S2140383D8FFF7DBFF014648B910342046042203F0B2
S2140383E835FD2044BDE8384004F0A1B9A08838BD5F
S2140383F810B50C4603F0EAFD848010BD38B5054673
S21403840803F0E4FD04462846FFF7BFFF30B904F13E
S214038418100004F08CF900F4404038BD4FF40060B7
S214038428FBE738B5054603F0D1FD04462846FFF7B3
S214038438ACFF014648B910342046062203F006FD71
S2140384482044BDE8384004F072B9A08838BD38B572
S214038458054603F0BBFD04462846FFF796FF01468C
S21403846808B1201D38BD10340622204603F0EEFC62
S2140384782044F7E708B503F0A9FD007A08BD08B558
S21403848803F0A4FD90F9090008BD08B503F09EFDA6
S214038498807A08BD08B503F099FDC06808BD10B515
S2140384A80C4603F093FD047210BD10B50C4603F09A
S2140384B88DFD447210BD10B50C4603F087FDC460ED
S2140384C810BD2DE9F8430F468046002107F110003A
S2140384D81646994603F0EEFD0446D0B103F076FD42
S2140384E80546204603F08EFD002102462846E5F79A
S2140384F87DFA00232046AB7049F00401FFF71FFFFF
S214038508A5F804802EB13A46314605F11000E5F782
S214038518FDFB2046BDE8F883F8B505460F46102050
S214038528002103F0C7FD0446B0B103F04FFD06462D
S214038538204603F067FD002102463046E5F756FA63
S214038548002339462046B370FFF7F9FE25B12A46BD
S2140385580121204603F086FD2046F8BD08B503F042
S21403856835FD103008BD08B503F04CFD1038C0B211
S21403857808BD0020ECF710BB08B5ECF76BFD002030
S21403858808BD4088C0F30C00033080084000043060
S214038598704770B50E4605461146304603F08AFD09
S2140385A8044635B128B103F011FD32462946E5F7EE
S2140385B86FFA204670BD0088B0FA80F0400970470D
S2140385C838B505880022044604F01FF905B125804E
S2140385D838BDF8B507460D4600880021164603F051
S2140385E82DFDB042044605D129463846BDE8F84075
S2140385F8FFF7E6BF0021204603F020FDB04205D072
S2140386082046002103F01AFD0446F3E72A462046CF
S214038618002103F027FD32462846BDE8F84000212E
S21403862803F020BDF8B5058807467DB1CCB22146D0
S214038638284603F003FD8542064609D100233B80FE
S21403864800222146304603F00DFD35462846F8BD80
S214038658214603F0F3FC21460246284603F002FDB2
S214038668EEE72DE9F04707888246884614465FB347
S214038678384603F0C7FC3D460646E4B2214628467C
S21403868803F0DCFC4045814616D1214603F0D6FCB0
S21403869821460246284603F0E5FC474504D14545EE
S2140386A808BF0025AAF8005000222146404603F0DA
S2140386B8D9FC3046BDE8F0878742FAD003F0A2FC1F
S2140386C830444D4686B2D9E73E46F2E700220123F8
S2140386D8C0E900237047F8B504460127002603F0CF
S2140386E8C1FE23683BB903F0B8FE00226368012B7A
S2140386F80ED16360F8BD1D691F61266003F0ADFEE9
S214038708012DF2D02B462D691E61012DFAD1E6E71D
S21403871819691A610B46EAE7036823B94068012812
S21403872803D0EDF7DFB9002070474FF0FF307047EE
S214038738F8B5054603F016FF012306460027A8608A
S2140387482B7303F08FFE2B6802467BB11C692169E5
S214038758A1420CBF2F6019612761104603F07DFE06
S214038768012C08D0204663689847EAE76C68012C12
S21403877804D103F072FE00232B73F8BD6169711AE6
S214038788B1F1004FF5D8216969602361E5E7022056
S214038798704702207047002070470144884201D181
S2140387A80120704710F8013B9342F7D0002070472A
S2140387B870B50146064692B00020EBF79DFE0446C8
S2140387C870B9FDF7D4FE054601466A462046ECF71F
S2140387D8D9F96A46294620468DF80260ECF788FCE4
S2140387E8204612B070BD00B593B0FDF7C0FE6A46CA
S2140387F801460020ECF7C6F99DF9020013B05DF8B0
S21403880804FB00B593B0FDF7B2FE6A4601460020A6
S214038818ECF7B8F99DF8000013B05DF804FBECF725
S21403882875B9012070477FB54FF6FF7101AAEDF7BA
S214038838CBFB20B1BDF80C0007B05DF804FB4FF680
S214038848FF70F9E708B51046EEF784FBBDE8084065
S214038858EEF73EBC704770477047704770477047DF
S2140388687047704738B54FF6FF750D800C46F6F718
S21403887835FC2080A8420CBF2D20002038BD0021DF
S21403888800B593B06A460846ECF77CF9BDF80600CF
S21403889813B05DF804FB002110B592B004466A468F
S2140388A80846ECF76FF900216A460846ADF8064015
S2140388B8ECF71EFC12B010BD002100B593B06A4653
S2140388C80846ECF75FF9BDF8040013B05DF804FB3F
S2140388D8002110B592B004466A460846ECF752F9EA
S2140388E800216A460846ADF80440ECF701FC12B0CE
S2140388F810BD70472DE9F04F87B00C4691460746E2
S214038908FFF73CFD0546661C304603F010FF042DB2
S21403891840F090803846FFF721FE0378092203F0DB
S2140389280303012B14BF02230323012120460393C9
S21403893803F08CFA092200210546204603F086FA3E
S21403894821788DF8170001390022204689B2FFF7EF
S21403895820FE04EB09088346F0B14FF0010A2A46C5
S2140389680146CDF800A003980DF11703FBF7C0FDE9
S2140389780228054626D1584603F044FB00222070F9
S214038988C0B2431E00929BB252465946304603F085
S214038998CBFF2378534423703846FFF7E5FC0204DD
S2140389A824D498F8013021789B071FD50139A1EB09
S2140389B809013A464046C9B2F1F78AFA23781844B9
S2140389C8207013E020B92070284607B0BDE8F08F62
S2140389D8032809D1404603F0AAFE20F4007189B2A1
S2140389E8404603F0A6FED7E70428D5D10125002282
S2140389F820462178FFF7CDFD07460028E4D04FF040
S214038A0800080146434601224046CDF80080FBF79E
S214038A186FFD022819D1384603F0F4FAC2B2013AB8
S214038A28207093B2394601223046CDF8008003F011
S214038A387BFFC9E780F0800520F0800081B23046CE
S214038A48C5F3C01503F075FED1E70028BCD1207026
S214038A58BAE708B50020FFF764FC80F00100C0B24F
S214038A6808BD0A4608B501460020EDF7FBFCB0FA38
S214038A7880F0400908BD0020ECF76EBC00210846CC
S214038A88ECF712B90020FFF74ABC70B5044603F0AA
S214038A984EFE042200210646204603F0D7F920445A
S214038AA803F045FE032205460021204603F0CEF9CF
S214038AB8204403F03CFE4FF6FF730540ADB29D42DB
S214038AC814D1F30712D506220021204603F0BEF977
S214038AD8204403F02CFE0446EDF736FD844214BF0B
S214038AE802240624EDF72AFD204070BD2046FBF736
S214038AF8D0FEC400E4B2F5E708B5FFF7C6FF0038B2
S214038B0818BF012008BD0120704710B50446FEF7BC
S214038B1800FA08B9FEF7FFF903050FD40C231B2B3D
S214038B2801D1002009E020FA03F1C90703F1010285
S214038B3806D5DBB2E31A5842584110BD0B23F9E7B2
S214038B481346ECE710B50C46098819B90846F7F733
S214038B581DFE2080012010BD08B510461A4600F0F9
S214038B688CFABDE8084003F080BD70B504460D4690
S214038B78164692B06A46ECF705F86A462946204632
S214038B888DF81F60ECF7B4FA12B070BD10B50C463A
S214038B98EEF7B6F82046BDE81040EDF7C7BF012943
S214038BA8F8B505460C461DD003291ED0052920D046
S214038BB8072922D00026002400270120EBF734FFDC
S214038BC8304485421DDA0320EBF72EFF2044854206
S214038BD819DA0520EBF728FF38448542B4BF072087
S214038BE80520F8BD6FF00406E5E76FF004040526D4
S214038BF8E2E700266FF00407DFE70024052726468A
S214038C08DBE70120EDE70320EBE738B143794900BA
S214038C1823F00C0301F00C010B434371704710B5A6
S214038C28044678B141794088490801F006010131C4
S214038C38000AFFF7B4FF024601462046FFF7E5FFA2
S214038C48104610BD0722FBE738B50D46EEF746F883
S214038C58044608B9002038BDFFF7E1FF002DFAD116
S214038C68237913F00703F5D0984238BF1846C0B2E5
S214038C78F1E7EEF741BA0022EEF764BB00210122C2
S214038C8808B5EEF75FFB401A18BF012008BD38B5D4
S214038C981546FFF7F0FF0446284603F029FE84B17D
S214038CA8FF2804D0626822FA00F3DB0701D5012007
S214038CB838BD0123834013436360E3780133E370CD
S214038CC8F5E72046F4E7EEF797BD10B503F07EF90F
S214038CD800F11004204603F02AFD20F4007189B23F
S214038CE82046BDE8104003F024BD2DE9FF41154694
S214038CF8019101218DF80D301B0A8DF80E309DF871
S214038D082C308DF80C008DF80F302846042300917C
S214038D1803AA9DF828809DF830709DF8346001F00A
S214038D2816FB044670B12946FFF762FBB8F1000F3D
S214038D3802D12046FFF7C9FF2FB146B93146204670
S214038D4801F0D0F80024204604B0BDE8F0810022E4
S214038D5820461146EEF7D6FCF4E74FF47A70EEF7A2
S214038D682BBE08B5ECF7D2FEBDE808400020EEF7A8
S214038D7829BF00B58BB06846EEF7FAFD009BBDF831
S214038D88060004A90693EEF799FD0BB05DF804FBFD
S214038D981FB504466846EEF7EBFD02AB03CB20602F
S214038DA8616004B010BD1FB5062304468DF80C3069
S214038DB8EFF762F800238DF80D00CDE900330121A3
S214038DC80223204603AA01F0C2FA04B010BD38B540
S214038DD8002208210546FFF7E0FC044698B9FFF78A
S214038DE84EFD22464FF6FF71EFF79EFA2846297C7A
S214038DF8EEF718FF287C6A69E989F0F713FEEEF7A1
S214038E0889FE204638BD0120FCE770B50C460546AA
S214038E180120EFF715FE237B4BB1FFF730FD014624
S214038E2823462A46BDE870400120EFF79BBA4FF663
S214038E38FE71F5E7F8B50E460746FFF78FFB0546BE
S214038E4803F075FC00F44040B0F5404F14BF002211
S214038E58062202F10A03EB5C0B325C0004F00E04F4
S214038E685B08144403F0380338461C44FFF77BFBBF
S214038E78844208D2001BC2B20F2A28BF0F223046EC
S214038E882919E4F743FF2046F8BDECF73FBE40F642
S214038E982740F0F745BBFF224FF6FF71F0F774BC87
S214038EA807B500210DF10700F0F7A6FD9DF80700AA
S214038EB803B05DF804FB13B5044601A90020F0F7D8
S214038EC89BFD019A01462046F0F7ACFD204602B00A
S214038ED810BDF0B50F46002187B00446084616466F
S214038EE8F0F78AFD012305460DF10A008DF80840C0
S214038EF88DF80930FFF74CFF092C1DD131460DF1CB
S214038F08120003F016FC05AB002102AA9B1A28469A
S214038F18CDE90011DBB2642101F019FA0546E0B188
S214038F28092C15D1F0F7C8FD044688B12846F0F792
S214038F38D7FD204607B0F0BD31460DF113008DF876
S214038F4812704FF6FF7503F0F4FB0DF11503DBE71C
S214038F58284600F014F80446EBE70446E9E738B574
S214038F6804460D4603F0DEFC40B1AC4206D020466C
S214038F7803F0CFFCBDE8384000F0ACBF38BD10B5F1
S214038F880446FFF7EBFA023003F0D1FB4FF6F7730C
S214038F989842204603D9BDE81040F0F71BBFF0F708
S214038FA85BFFB0FA80F0400910BD0120704700222D
S214038FB8F0F748BE70B504460088FFF7CFFA0546B3
S214038FC8043003F0B4FB0646A81C03F0B0FB0546C2
S214038FD803F0C3FA3046F2F725F930B92846F2F714
S214038FE821F910B1284603F09DFCA378002023F04E
S214038FF80F03A37070BD70B50546FFF7AFFA0646B4
S214039008284601F0C8F901462846F7F7F3FF044651
S2140390182846FFF7D7F94FF6F773984208D83378F8
S21403902803F00303012B05D1A31E5842584170BD14
S2140390380120FCE70020FAE741F2033330B585B098
S2140390480D46ADF808300446FFF719FC8DF80A00FC
S214039058FFF715FC0021000A8DF80B0005232046B0
S214039068CDE9001102AA8DF80C5001F070F910B181
S2140390782146FFF79CFF05B030BD2DE9F0410446B5
S21403908817460D46E1B13F294FF0000600D1354695
S2140390982046FFF773F9082814D10121204602F069
S2140390A8CDFF064602F0AEFF0446304602F08EFFBA
S2140390B83B4601462A46E0B2BDE8F041FDF7FBBA57
S2140390C80126E5E72046FFF759F9024630B9BDE819
S2140390D8F0414FF6FF71012003F0F2BA2046FFF77E
S2140390E85EF9B0F5006F0ED12046FFF76BF94FF621
S2140390F8FF739842014617D0002D0CBF03200520A6
S214039108002203F0DDFA29462046EEF7B3FB68B9DA
S21403911829462046F2F724F840B93246294620461F
S214039128BDE8F041F0F7DCBF0120E9E7BDE8F081D0
S2140391387047704737B54FF6F675FDF71BFA431EAB
S2140391489BB2AB420446F8D8EDF7C8FD0028F4D125
S21403915869462046EDF7E4F80028EED0204600F0EE
S2140391689AFE0028E9D12046FFF788FD0028E4D1B7
S2140391782046F2F757F80028DFD1204603F0D2FB43
S2140391880028DAD12046FDF700FA0028D5D1204674
S21403919803B030BD73B504460E46F2F743F80546EA
S2140391A888B92046F2F798F821462B460D224FF643
S2140391B8FD70009500F0A1F83146204602B0BDE8E0
S2140391C87040F2F74BB802B070BDF7B504460D46CB
S2140391D81746FFF754FB0646002D3FD04FF6FB73A2
S2140391E89C423BD82046F2F71DF808B1A64235D074
S2140391F82046F2F717F810B1012003B0F0BD204659
S214039208FDF7C3F9C0B1A642F6D0F4B169462046C5
S214039218EDF786F80246C0B908216846FFF7BDFA97
S21403922898B9082269462846E4F72CFF68B1294608
S2140392382046FFF7AFFFDFE7A642E6D12846EDF75D
S214039248DDF810B900F03DFED6E73FB121462846C3
S214039258EDF7EAFE21462846F5F726FF0020CCE779
S21403926837B5054614460C2914D8DFE801F02C1345
S2140392782C13131307131313132424006946EDF74B
S2140392884FF818B901216846F6F70CF84120294625
S214039298F8F72CFBD4B12046FFF760F9023003F049
S2140392A846FA4FF6F773984210D9204603B0BDE83E
S2140392B83040F0F745BE40F6144040F613430B29FA
S2140392C808BF1846E3E700F0EDFDE3E703B030BD5B
S2140392D81FB50346084603218DF80D308DF80C108C
S2140392E801230021ADF80E20CDE9003103AA04239B
S2140392F801F02DF805B05DF804FB2DE9F3410646A9
S2140393080F4614461D469DF82080FFF7B8FAB0426C
S21403931807D100222146384602B0BDE8F041FFF7E0
S2140393289FBF3A4631462046FFF7D2FFADF8060000
S21403933860B10D2C05D100224FF6FF71282003F0EB
S214039348BFF935B9BDF80600FFF719FE02B0BDE848
S214039358F0810123424629460DF10600ECF72AFB65
S214039368BDF80630002BEDD1F0E7F7B50C460546F9
S214039378FFF7F4F8611C06462846F7F73BFEA11CE0
S2140393880746284600F02AFF014604463846FDF7F6
S2140393982AF90D2F34D12046F1F744FF78B1301D52
S2140393A803F0C5F904462846F679FFF73AF8314636
S2140393B80246204603B0BDE8F040FFF768BCB01C81
S2140393C803F0B5F94FF6F773984202D92846F0F733
S2140393D8B7FD2046F1F780FFFFF751FAA04205D103
S2140393E8002003B0BDE8F040FFF7A2BE6B46B068A6
S2140393F8F16803C369462046F1F730FF03B0F0BDB2
S2140394082A463946204603B0BDE8F040FFF728BF92
S21403941814220021E4F7EABA2DE9F04F11F00F07FA
S21403942804460E4615468FB05CD10120E1F730FEA0
S21403943809A8FDF7D6F9092309A88DF82430FDF7FE
S214039448D4F909A8E1F7F6FD01A909A8FDF75EFB1B
S21403945826F00F08A84404F1100904F10F0A45453D
S21403946811D1236901A93344236109A8FDF733FB06
S2140394780020E1F70DFEB6F1005F28BF2727384620
S2140394880FB0BDE8F08F05AA23469646944618689B
S21403949859680833ACE803004B456246F6D12B46B9
S2140394A8224605F1100B53F8041B5B4542F8041BD0
S2140394B8F9D1714609A8FDF70EFB09A8E1F7BAFD2D
S2140394C8224621460120E1F79FFD013D631E13F85E
S2140394D8012F15F8011F534582EA01021A70F6D1C7
S2140394E85D46BCE70227CAE7F0B5174685B00546CA
S2140394F80C46102200216846E4F778FABFB3C4B3D3
S2140395080F2C04F00F0608D924F00F043A46214618
S2140395182846FFF781FF40BB27443246394668464C
S214039528E4F7F4FB80222F6906F1100337446B44F3
S214039538B7F5005F03F8102C2F61C6F110061AD38F
S214039548062E1FDDFB001A0E8DF80A201A0C5BBACE
S2140395588DF80B20ADF80C306A4610212846FFF725
S2140395685BFF00202B69103B2B6105B0F0BD3E4620
S214039578D8E72646D6E7022E04DDFB005BBAADF82D
S2140395880E30E9E76A4610212846FFF745FF2B69A0
S2140395981022A3F11004002168462C61E4F726FA8A
S2140395A8B7F5005F4FEAC403CDD2E7E770B50E46BA
S2140395B8054686B001A81446FFF72AFF3246294611
S2140395C801A8FFF791FF2246054601AB05AE1C46E8
S2140395D803CCB44210605160234602F10802F6D168
S2140395E8284606B070BDF1F7CFBE0A460021F1F74C
S2140395F8CBBEF0B58BB00C4601A9F1F7C5FE054600
S21403960880B325220021E01CE4F7F0F90123A370B8
S2140396180E23BDF810702380FA0510D523464FF4A1
S214039628877206AE23F8042B0DF1280C324603CABC
S214039638624518605960164603F10803F6D13B06DF
S21403964805D5238843F080032380069B636001AB1C
S21403965803CB039BC4F81D00C4F82110A361F3F7DA
S21403966877F8606128460BB0F0BD30B505460C4662
S21403967887B001A8FDF7B5F82868696802AB03C385
S2140396889DF8113043F002028DF8112074B1228838
S214039698510644BF43F006038DF81130530542BF05
S2140396A89DF8113043F008038DF8113001A8FDF733
S2140396B893F9B0FA80F0400907B030BD2DE9F341BD
S2140396C80F460546164602F09DFC4FF00008C41BDD
S2140396D8E4B2294623463A463046CDF8008003F0DE
S2140396E823F90121284602F0A9FC88B1012128465E
S2140396F802F0A4FC074602F085FC0546C3B24246C0
S21403970830193946CDF8008003F00EF92544ECB23B
S214039718204602B0BDE8F0812DE9F04F85B00C462F
S214039728054691461F464FF0010ADDF838809DF836
S2140397383CB002F067FC22463B4629460646CDF86F
S21403974800A0484603F0F0F85146284602F076FC97
S2140397583C4418B35146284602F070FCF6B2B442AD
S214039768814610DAE7B2F31BDBB2404622462946A7
S214039778CDF800A003935F4403F0D6F8039BBF1B02
S214039788984407F0FF0B012300220E9349465B46D5
S214039798404605B0BDE8F04F03F0C6B85B46224620
S2140397A82946CDF838A0F3E72DE9F041002686B020
S2140397B8074608460C4615469846CDE902660496BB
S2140397C88DF8146002F01EFC411BCBB20D2B28BF8C
S2140397D80D232A462146009602A803F0A5F842461A
S2140397E802A93846F1F726FF0646294620469DF87D
S2140397F80820F7F713FC304606B0BDE8F0812DE9DC
S214039808F04F0E46CBB00121054617461C4602F01C
S21403981815FC23463A462946814606A8FFF7C4FFA1
S2140398280DF1280A00EB070B5246314628465FFA25
S2140398388BFBFFF743FFB34503D200204BB0BDE8CD
S214039848F08FABEB06085FFA88F808F10403984232
S214039858F3DB331F18440423C4B20193A31BDBB200
S2140398680093524643460021CDF808A006A8E1F720
S2140398787FFB0028E1D1A4EB0B040AEB0803E4B250
S214039888524628463146009301944346FFF744FF61
S21403989839462846F7F7AEFB394600F0F80228465D
S2140398A8F7F7BCFB0121284602F0C8FB002818BFBF
S2140398B84D462846ADF8165002F0A4FB011FC9B260
S2140398C80DF1160000F04FFC0120B7E72DE9D8414B
S2140398D8064600F060FD411C044689B2304600F097
S2140398E82DFD98B394B321463046F7F783FB00F073
S2140398F80C03042B074629D000F00308B8F1020F1F
S21403990800D11BBB384600F0B0FD3B060444A4B2A6
S21403991816D5611C304689B200F010FDB0B1214659
S2140399283046F7F767FBB8F1010F014600F003036B
S2140399380CD0032B0AD0384600F0A6FD03199CB2B8
S21403994821463046BDE8D84100F0F8BC0020BDE803
S214039958D881F8B5064600F0E0FC054604463046CE
S214039968FEF7FCFD43785B0718D5AC1CA4B221466A
S214039978304600F0E3FCB8B129463046F7F73AFB21
S2140399880746691C304689B2F7F734FB1FB187428E
S21403999801D8FF2808D104EB4704A4B22146304671
S2140399A8BDE8F84000F0CABC0020F8BD13B504466D
S2140399B801A8F2F797F8BDF80430DA0710D49B0726
S2140399C807D410220021204602B0BDE81040E4F771
S2140399D80DB8224621461020FFF7E8FD0028F0D1EF
S2140399E802B010BD024608B5F2F7A4F8510544BF05
S2140399F80838C0B2130544BF0838C0B208BDF0B56E
S214039A08D30705460C468BB04AD5008800F0C3FC3E
S214039A1800230646029314B9CDE9034403AC002297
S214039A2808212046FEF7B9FEA8B12888FEF796FD5A
S214039A38023002F07CFE21460746ECF771FC50B173
S214039A48002240231146384600F005FA40F6094539
S214039A5828460BB0F0BD31462888F7F7CBFA10F046
S214039A68030F0CBF01260026F1F7D2FC46EA400096
S214039A78C0B200900021204602AB05AAF3F7A4FA69
S214039A880546F1F7C5FC0028E2D0002DE0D00021FA
S214039A982046009602AB05AAF3F796FA0546D7E7DB
S214039AA840F60A45D4E700231A46F3F7F9B930B562
S214039AB88BB005AD04462846FCF793FE02232846DA
S214039AC801A98DF81430FDF721F8234601AA144698
S214039AD803CCAC4218605960224603F10803F6D15A
S214039AE80BB030BD08B50023024619461846F3F7EF
S214039AF8D7F9012008BD37B504466846F3F748FA90
S214039B08054648B1082221466846E4F7BBFAB0FA88
S214039B1880F0400903B030BDFF2208212046FEF737
S214039B283CFE034628B106212846FFF7BCFF012062
S214039B38F0E722460146F3F7B3F9F8E707B56846B0
S214039B48F3F726FA10B16846FDF74FF900F001005F
S214039B5803B05DF804FB0120F3F7F0BE704730B599
S214039B680124054689B003A8FCF73BFE01A88DF837
S214039B780C40E1F7BDFA9DF806209DF80730AA4287
S214039B8809D0AB4209D103A88DF80D40E1F752FA84
S214039B98012009B030BD0024F5E70020F9E70022CC
S214039BA81021FEF7FABD70477FB50D4600F58230E3
S214039BB80D22694600F58070D5F734FA6B462A46B7
S214039BC802AE1C4603CCB44210605160234602F131
S214039BD80802F6D1206810602379137100236B738B
S214039BE804B070BDF0B585B06A4605460B46164602
S214039BF801F10807144618685968083303C4BB42BA
S214039C082246F7D118680D2220601B7905F58230A5
S214039C183146237100F58070D5F730FA05B0F0BDEC
S214039C2838B504460D46E0F755FDA04205D920464B
S214039C382946FFF7B9FF002038BD2820FCE730B5D2
S214039C48002485B08DF80040E0F744FDE5B2A8424D
S214039C5804D8F5F78BF9002005B030BD69462846C9
S214039C68FFF7C0FF0134EFE738B50446002002F0DB
S214039C784EFEFF2805460FD002F051FE10F00100F5
S214039C8809D0284602F04BFE400840EAC17080F02F
S214039C98010000F0010038BD04F00100FBE70146AF
S214039CA8F8B506460020F5F79BF8FF2801D00120F3
S214039CB8F8BDE0F7FFFC00240546871CE0F7FEFC2A
S214039CC8E3B2984201D80020F2E735F82430B342CD
S214039CD803D117F82430002BE9D10134EEE738B561
S214039CE80D460121044602F0A9F930B101212046A8
S214039CF802F0A4F92880012038BD20462C8000F005
S214039D0820FC0130C0B2F7E72DE9F04788B00746D4
S214039D18894610460DF10A011D469046FFF7DFFFF8
S214039D284FF0000ABDF80A6004463046CDE905AA96
S214039D38CDF81BA002F066F9031BDBB20B2B28BF7A
S214039D480B2322463146CDF800A005A802F0ECFD09
S214039D5848F21F039D4243D00BD885F40043012BDA
S214039D6815D923464246494628460097FDF78AF8FA
S214039D7833E048F23A039D42F3D1FEF780FDB8423A
S214039D882BD02246414605A8FDF7ADF825E09DF8F9
S214039D98143013BBBDF81D40DDF81500DDF81910A7
S214039DA803AB03C3204603A9E0F788FE0122204637
S214039DB803A9FFF70AFAA74206460ED0012103A80D
S214039DC8F5F770FA48F201039D4206D12EB93346D9
S214039DD832463946204600F058FC08B0BDE8F087FE
S214039DE89DF81450002DF8D12F469DF8158002349F
S214039DF8EAB24245F1D2D200D2B22244082331460F
S214039E0892B2009703A8CDE9037702F08DFD03A865
S214039E1800F074F802F07DFD00F05CF80135E7E722
S214039E2810B50024418084800480C280038110BD5D
S214039E3813B5BDF81040CDE900340023F5F700FD4F
S214039E4802B010BD13B5BDF8104001900094F5F7A5
S214039E58F7FC02B010BD07B500930123FFF7F2FF26
S214039E6803B05DF804FB0123F5F790BD38B5054646
S214039E78EFF722FE0446E0F739FCA40144EA402043
S214039E88284038BD7047704700207047FF2070474A
S214039E98002070477047002070474FF6FF707047E2
S214039EA800207047704700207047704700207047AF
S214039EB8704700207047002070477047704700209F
S214039EC8704770477047002070474FF6FF7070471B
S214039ED8172070477047704770477047704770473A
S214039EE80120704701207047002070470020704704
S214039EF87047704770474FF6FF7070474FF6FF700E
S214039F08704700207047002070470020704770474E
S214039F18002070472DE9F04F002785B081460C4690
S214039F287E2039469846BDF83CB09DF844A0BDF857
S214039F384C500192ADF80E7002F0BCF806460028A5
S214039F4800F0AA8002F042F839467E22E3F74EFD77
S214039F58304602F03BF80090304602F037F8B9F185
S214039F68FF0F0CBF274644F003073B0A14F440626E
S214039F78077043705FD14FF00808C31C1846424663
S214039F880199E3F785FD034604F44044434484B14A
S214039F98790606D419464FEA1B2201F802BB5A7003
S214039FA80B46B4F5004F56D0A4F5404254425441EC
S214039FB8E400224618460E99E3F76AFD009A03461C
S214039FC82044A0EB02085FFA88F89DB14FF47C5250
S214039FD81A53841C284601F0F9FF8346284602F0E4
S214039FE811F8C5B22A4659462046E3F78FFE60198C
S214039FF80235EDB2B9F1FF0F2FD05246109900F88B
S21403A008019BE3F783FE08F101015AFA81F129441B
S21403A0183046EBF765FC0C210022FF0007F08007AB
S21403A02810463943FEF778FAADF80E00E8B9002073
S21403A03805B0BDE8F08FB2F5006F80F803804FEAED
S21403A048182880F8048000F1050314BF4FF00808A9
S21403A0584FF0020892E70224ABE708EB0A0129440B
S21403A0683046EBF73DFC0821D6E7304601F0AEFF55
S21403A0780446304601F0C6FF0123024621460DF189
S21403A0880E00EBF797FC0028D1D10121BDF8482034
S21403A098BDF80E0001F0E6FFBDF80E00C8E710B5E0
S21403A0A80C46098821B90846F6F770FB208008B1E4
S21403A0B8012010BD0220FCE72DE9F04780460F4635
S21403A0C80646002402F1FF39BC4202D219F8015FA2
S21403A0D825B9A6EB080080B2BDE8F0879A46A5F135
S21403A0E83102012A5AF8041B10D83246322D02F8D8
S21403A0F8011B06D10134A4B2A74232D30912B21CFB
S21403A1087170013453461646A4B2DDE7342D0CD1DC
S21403A1180334BC42DDDA0B0A317073700B0C090E7C
S21403A128B370321DF170A4B2EBE7A5F13302062A29
S21403A1380DD8303DADB22B19BB42CADA2A46304693
S21403A148013CE3F7A5FC15FA84F47219EBE7A5F1CD
S21403A1584102062A01D8373DECE79D8803F1080A31
S21403A168E9E71646B5E770B5054600880C4601F0DC
S21403A17849FFA04228880AD201F044FF0023221A86
S21403A18819462846BDE8704092B2EBF713BC214641
S21403A198EBF7A6FB002070BD38B5054601F016FFA1
S21403A1A80446284601F02EFF002201462046BDE855
S21403A1B83840FEF7EEB9F8B516460C461D46BDF808
S21403A1C8187001F003FF0444304601F0FFFE3A46D8
S21403A1D841192046BDE8F840E3F75ABC70B50C466B
S21403A1E8013189B20646F6F705FF2146054630468D
S21403A1F8F6F700FF00EB052080B270BD1FB50123FC
S21403A208ADF80C2000930A460223014603A802F081
S21403A2188BFB05B05DF804FB0FB437B5069D00212C
S21403A228A8B201F047FF044601F0D0FE2CB1002285
S21403A23807AB0193D1B28D4205D8204603B0BDE8DB
S21403A248304004B0704753F8041B81540132F1E7D9
S21403A25873B504460D4640200021164601F02AFF32
S21403A268ADF8060001F0B2FEBDF8063013B90020BB
S21403A27802B070BD402133462A462044FFF71CFF30
S21403A288211889B20DF10600FFF76DFF0028EED1FD
S21403A298BDF80600ECE70EB403B503AA52F8041B90
S21403A2A80192FFF7D5FF02B05DF804EB03B07047E1
S21403A2B82DE9F7430F4601218146164601F0BEFEF7
S21403A2C8054658B1FFF768FF308088B9284601F07D
S21403A2D899FE68B1192003B0BDE8F083484601F03B
S21403A2E891FEFF2FA0EB0704E4B214D014B9348010
S21403A2F80020F0E72A4621462846FEF74AF9804614
S21403A3080028E7D03B464A4629460094FFF753FF02
S21403A318A6F80080ECE70120DDE708B5FEF71EF98E
S21403A328437803F001001A074CBF10300830DB06E9
S21403A33844BF0830C0B21030C0B208BD10B50C46D2
S21403A34801F060FEA04234BF0020012010BD7FB597
S21403A35814460091024641F2092141F609209DF868
S21403A36820601D46002E18BF0146099B0020F6F7FD
S21403A37869FEADF80E0010B9002004B070BD0123C5
S21403A3882A4621460DF10E00EBF714FB0028F3D1FD
S21403A398BDF80E00F1E738B50546FFF7BEFF0446DD
S21403A3A8284601F02FFE631C9BB283420FD828462B
S21403A3B8FEF7D4F843785B0707D521462846F6F711
S21403A3C819FE013004EB4004E4B2204638BD0024ED
S21403A3D8FBE71FB5ADF80E0001F014FE0446BDF802
S21403A3E80E00FFF7D8FF00F10E03DBB2BDF80E2010
S21403A3F80146E01A80B200901046FFF7DCFEA4F18F
S21403A4080E0189B20DF10E00FFF7ADFE04B010BDC4
S21403A4184278034612F0080006D0D20702D403F1A6
S21403A4280800704703F10900704737B505460C4620
S21403A438FEF794F8437813F0100212D09CB103F099
S21403A44801021B074FF000032946009320464FF0EE
S21403A458080354BF1832203202F066FA012003B00C
S21403A46830BD1046FBE72046F9E700F00303012B4F
S21403A47808D0C30606D400F00C000C2814BF082026
S21403A4880920704702207047034611F0030005D0E1
S21403A49803F00303022B14BF022003207047F8B50A
S21403A4A80C46064601F0AEFD631C834202D900251E
S21403A4B82846F8BD21463046F6F79CFD0746FFF7C3
S21403A4C8D4FF3B060546F3D50444304601F09AFD0F
S21403A4D8A4B2631C9BB28342E9D821463046F6F7FA
S21403A4E889FD01463846FFF7CFFF2844C5B2DFE7A4
S21403A4F870B506460D46FFF7D2FF044610B900248A
S21403A508204670BD29463046F6F774FD8206F7D511
S21403A518304601F077FD2544ADB26B1C9BB28342EF
S21403A528EDD829463046F6F765FD00F01803082BE4
S21403A53814BF05340634E4B2830644BF0834E4B2D1
S21403A548DEE738B50546FFF726FF044608B90020B8
S21403A55838BD01462846FFF7CBFF0028F7D020442E
S21403A568C0B2F5E72DE9F04387B005460C46FDF77C
S21403A578F5FF804602F0DBF807462846FFF70BFF91
S21403A588064601462846FFF78AFF0022034600923E
S21403A5982946324602A802F0C7F99DF8086006F075
S21403A5A80C030C2B06F003090BD0B9F1010F59D095
S21403A5B8F10657D49DF809300DF10A05002063719A
S21403A5C807E0FF230DF10900637102F0B0F80DF1FF
S21403A5D80B05208198F80130DA0704D508F1020044
S21403A5E802F0A5F82081B9F1010F5FFA89F83DD08A
S21403A5F8F3063BD4284602F09AF86080A81C02F0BB
S21403A60896F8053515F8013C208023712B78B0069B
S21403A618A37206F0400348BF43F02003390627D544
S21403A62843F40073F80448BF43F48063390548BF0E
S21403A63843F400633206E38011D56A7812F0030206
S21403A6480DD06FEA43436FEA5343A978B8F1020F74
S21403A658E3800B4611D1EB7841EA0321218107B049
S21403A668BDE8F083FF230DF10905A7E7FF23CCE731
S21403A6787A0648BF43F48073D4E7012A04BF0B0263
S21403A6889BB22381EBE7F7F78FB90BB1F7F7F8B966
S21403A6980AB9F7F771BAFF21F7F79AB9431C08BF47
S21403A6A80020E4F779BA0000034B5868C0F30800A3
S21403A6B8003818BF0120704700ED00E0014B18680A
S21403A6C8704700BF90640020084B1B6F03F0070316
S21403A6D8022B04D0032B05D0012B05D0FEE7044B31
S21403A6E818687047034BFBE7034870470080005021
S21403A6F89064002098640020002D310108B5FFF708
S21403A708E3FF054B1B6FC3F303330133B0FBF3F0CF
S21403A718024B186008BD00BF008000508C64002000
S21403A7280048704700B4C40400487047002D310140
S21403A738014B1868704700BF98640020014B1868DF
S21403A748704700BF94640020B8B1036813F4E07F31
S21403A75803F03F00C3F382120AD0012A0DD1084B37
S21403A76841B103F58053012282401A6000207047E6
S21403A778044BF5E703F50053F5E70E20704700BFD3
S21403A788688000506480005007B500F095FC6A4660
S21403A79800F0F2FC18B14721034801F0EAFEDDE9B0
S21403A7A8000103B05DF804FB81D203000229F8B563
S21403A7B896BF104B00245C5C012805460E4608D05D
S21403A7C8022809D008B944F002040B4B1F6837B9AE
S21403A7D8F8BD44F00804F8E744F02004F5E77B687E
S21403A7E81A68144203D0314628465B6898473F6880
S21403A7F8EDE700BFA66C0400743C002038B5104D86
S21403A8082B78ABB10F4C23781BB100F04FFA00231B
S21403A8182370002001F0C0FE0B4C50B100F098FAEC
S21403A8280023012120782B70FFF7C0FF0123237034
S21403A83838BD0122054B1A702278054B1A70F7E7C4
S21403A8486E5A00206C5A0020745A00206F5A002053
S21403A858705A00200E490B78FF2B01D198B1704728
S21403A8680BB990B97047002814BF0122FF2213447E
S21403A8780B7060B1074B1B78012B08D9064B1B7866
S21403A8882BB9FFF7BBBF1A46F1E70122EFE770477C
S21403A898735A0020745A00206F5A002010B501F02E
S21403A8A8D4FD064B04461B781BB1BDE8104001F0E7
S21403A8B8C7BDFFF7A3FF2046F7E700BF6B5A002084
S21403A8C802282DE9F04147D029480378FF2B41D1C8
S21403A8D8002941D11A461344DBB2037000293BD042
S21403A8E8244E3278012A37D9002B3ED001F0ADFD2D
S21403A8F8214F04463B780BB3204D2B781BB9012216
S21403A9082A701F4A1370DFF87C8098F8003023B14A
S21403A91800F0CCF9002388F80030204601F090FDBB
S21403A928012001F039FE01F090FD2B7804461BB197
S21403A93800F00EFA00232B7000233B70204601F02C
S21403A9487FFD01243078A04206D02146FFF72EFF6C
S21403A958347001E013B931B9BDE8F081002914BF9A
S21403A9680122FF22B7E70122B5E70224EAE700BF80
S21403A978735A0020745A00206E5A00206B5A00201F
S21403A9886F5A00206C5A00202DE9FF47EFF3108515
S21403A99872B6AFF3008001F0D4FE002800F0A4805E
S21403A9A86B4E6C4F337823B10020FFF753FF002319
S21403A9B83370387878B903A900F04EFB044650B9CB
S21403A9C8654B039A1B689A4200F296800120FFF7AC
S21403A9D841FF012333703B78002B40F0AB805F4B7D
S21403A9E81B78002B00F0A3804FF002085C4CDFF8BE
S21403A9F890912078DFF88CA140450AD0002389F887
S21403AA0800309AF8003013B94146FFF7CFFE84F8B2
S21403AA18008099F800303BB12378022B04D1002339
S21403AA2889F8003001F0D7FEB8F1020F0FD1DFF82E
S21403AA382C8198F8003053B94A4B1B7823B900F099
S21403AA482FF90122484B1A70012388F80030207822
S21403AA5800F0FEF89AF8003013B1444B1B782370C5
S21403AA68AFF30080284601F092FDEFF3108572B627
S21403AA783F4B1A7852B100221A703C4B20781B7849
S21403AA88984203D101212170FFF790FE394800F060
S21403AA98A3FA01F06AFE8046002883D12F4F89F86F
S21403AAA800003B789BB1DFF8C0908AF8000099F85D
S21403AAB800301BB100F0FAF889F80080002001F096
S21403AAC86BFD002839D000F043F900233B70337838
S21403AAD823B10020FFF7BEFE002333700021207841
S21403AAE8FFF764FE00232370AFF30080284604B004
S21403AAF8BDE8F04701F04BBD1F4BD3F8008000F0CC
S21403AB0861F9039B80449845BFF460AF00F054F99D
S21403AB188200039942F0020292B2CDE9004223462C
S21403AB28164AA1EB0801134801F038FD53E700F075
S21403AB38A1F859E74FF0010858E7012000F088F814
S21403AB48284601F024FDEFF3108572B6B6E700BF7A
S21403AB586D5A0020735A00207C3C00206E5A002051
S21403AB68745A0020725A00206C5A0020705A00202B
S21403AB78695A0020803C0020783C0020A5A80300E2
S21403AB88715A00206F5A002010B501F05EFC0022AF
S21403AB98054B1C781A7001F053FC00F021FBE4B255
S21403ABA82043C0B210BD00BF6A5A002038B501F072
S21403ABB84CFC094B05461B78012B04D801F040FCD6
S21403ABC80024204638BD054B1C6800F0FBF80444F7
S21403ABD8284601F035FCF4E7745A0020783C002038
S21403ABE81649174A0B6F10B503F007031360154A87
S21403ABF8154C9269032B02F00200C2F3400222703E
S21403AC081AD0D1F8203103F00303022B14D0D1F85D
S21403AC18243103F007039C1E634263410B4A1370F7
S21403AC2848B143B9054BD3F8003103F00303591E63
S21403AC384B424B41137010BD0123EFE700800050D1
S21403AC48DC3C002000C00150795A00207A5A0020C4
S21403AC58012805D00238012808D80020D1F784BD7A
S21403AC68034A136923F00403136130BF704700BF18
S21403AC7800ED00E0074A0849D2F8203103F0030341
S21403AC880B60D2F82431054A03F007031360F8F77C
S21403AC989EBA00BF00800050E83C0020E43C002039
S21403ACA80122014B1A707047785A0020F8B51F4BDB
S21403ACB81B78002B39D01E4C2378B3B91D4B9A6DDD
S21403ACC8D10302D5DA6D92072FD49B6DDB072CD4FC
S21403ACD801F0A7FC184B194A1860136F23F00703F3
S21403ACE843F003031367FFF709FD01F09AFC124BC1
S21403ACF8134D1B68134EC01A2B78134F56F8232090
S21403AD0846F82300111A3A681048521A0A213A607C
S21403AD180932B2FBF1F20133DBB20260B3FBF1F2A4
S21403AD2801FB12332B7000232370F8BD7A5A0020D8
S21403AD38775A002000C00050D43C00200080005002
S21403AD48765A0020AC3C0020A83C0020A43C0020F7
S21403AD5808B5F8F73FFA124B12491A6F096822F03A
S21403AD6807020A431A671049D3F82021096822F014
S21403AD7803020A43C3F820210C49D3F8242109689F
S21403AD8822F007020A43C3F82421094B1B7813B1A0
S21403AD980122084B9A62BDE80840FFF7AFBC00BF24
S21403ADA800800050DC3C0020E83C0020E43C002007
S21403ADB87A5A002000E00050014B1878704700BF0D
S21403ADC87A5A0020054B187818B1054B186800EB1B
S21403ADD8D000044B1B681844704700BF7A5A0020FB
S21403ADE8A43C0020D83C002008B5104B1A78C2B102
S21403ADF800221A700E4B1A6F22F0070242F0010265
S21403AE081A67D3F8202142F00302C3F82021D3F8A7
S21403AE18242122F0070242F00302C3F82421FFF795
S21403AE286DFC0122034B5A6708BD00BF785A002001
S21403AE380080005000E000500D490B68A0B10022C6
S21403AE48A3B1834203D1836822B90B6003E01A4691
S21403AE589B68F5E7936083680BB9002070475A69C7
S21403AE6841690A445A61F8E722207047022070476E
S21403AE78F43C002010B501F0F0FB0A4C0A4B1968A5
S21403AE882368C31A09B9206010BD002BFBD04A6992
S21403AE989A423ABF9B1A0022D21A4A6128BF002355
S21403AEA88968EFE7F03C0020F43C002038B5154DE0
S21403AEB82B682BB35B69B3B1134A022014681C448E
S21403AEC800F088FA204600F047FA00220F492B685C
S21403AED80A70012A05D823B1D88880070AD5012322
S21403AEE80B70002038BD022000F074FA022000F030
S21403AEF893FAEAE79B68002BF3D058690244E8E71D
S21403AF082220EFE7F43C0020F03C00207C5A002087
S21403AF18C38870B504460D463BB9FFF747FE85421E
S21403AF28064602D2F9F70BF935460E4A65611368E9
S21403AF389BB91460A3600FE02D1A986819466561DB
S21403AF48034618B15869A842F6D941B18C60A36084
S21403AF5813B15A69521B5A6170BD0021F2E7146097
S21403AF68F5E700BFF43C002070B516469DF814209C
S21403AF78C0E903360271049ABDF81830026000224D
S21403AF8804460D468260C38006BB01F066FB284470
S21403AF98A0613DB9E368656113B120462168984707
S21403AFA896B1354601F051FA0646FFF763FF294680
S21403AFB82046FFF7ADFF074B1B68A34201D1FFF7F7
S21403AFC875FF304601F03CFA002070BD01F045FBE2
S21403AFD83044DDE7F43C0020F8B50546D0B101F06F
S21403AFE834FA0646FFF746FF0B4B28461F68FFF75B
S21403AFF823FF044620B1304601F022FA2046F8BD66
S21403B008AF42F8D1FFF752FF2228F4D1022000F00E
S21403B018EDF9F0E72224F1E7F43C002038B50C46B6
S21403B0280546A8B1A1B100230B7001F01BFA012154
S21403B038084B1B6833B901F010FA002038BD9D424F
S21403B04804D121702278002AF9D0F4E79B68F1E747
S21403B0582220F3E7F43C0020F8B506460F4601F035
S21403B06801FA00250446124B1B6823B9204601F053
S21403B078F4F91B2011E05A691544DA88B2420DD157
S21403B08801F0EBFA0B4E3368C01AA8420AD3002322
S21403B09820463B6001F0E1F90020F8BDFF2EEFD013
S21403B0A89B68E2E701F0D9FA33682B441B1AEFE7EB
S21403B0B8F43C0020F03C002070B501F0D3F90646B6
S21403B0C801F0CBFA084B044601201D6801F0B5FAD7
S21403B0D818B101F0C2FA04460135304601F0BDF94D
S21403B0E82046294670BD00BFFC3C0020014B18686B
S21403B0F8704700BFF83C0020F8B50C4B05461B68A4
S21403B1080E4683420FD3002440F2E7302146084B0D
S21403B1184FF47A721F680023E5FB0701E2F7FAF893
S21403B12830602046F8BD2120FCE700BFEC3C002039
S21403B138F83C00200F4B10B51A689AB14FF47A7191
S21403B148531E1342A0FB01010ED1B2FA82F2C2F1DA
S21403B1581F04531CD243E04001FA03F3184321FAB1
S21403B16802F20243104610BD0023E2F7D3F8024664
S21403B178F8E700BFF83C002038B5164B1446834260
S21403B188154B8B4123D3154B1A6802B34FF47A75C4
S21403B198A0FB050305FB0131531E134211D1B2FA76
S21403B1A882F3C3F11F055A1CDB4301FA02F2E84097
S21403B1B821FA03F310431843E940C4E900010020C9
S21403B1C838BD0023E2F7A6F8C4E90001F7E7212013
S21403B1D8F6E700BFEFA7C64B37894100F83C0020C7
S21403B1E810B501F03FF9034B1C7801F036F9E4B2C9
S21403B1F8204610BD7B5A002008B5084B1B7803F081
S21403B208FF004BB101F00DFA054B1B689B69C01A8A
S21403B21802288CBF0020012008BD00BF7C5A0020EE
S21403B228F43C0020C2072DE9F843044607D5474AED
S21403B238136801331360FFF71DFEFFF737FEA307F6
S21403B24840F1818001F00EF94FF0000805464646A6
S21403B258FFF710FE3E4F3C680CB16369A3B10022AA
S21403B2683C4B012E1A7003D118F0020F18BF1E703C
S21403B278FFF71CFE222802D1022000F0B7F8284662
S21403B288BDE8F84301F0E9B823465A693AB91A798A
S21403B2982179914288BF1C469B68002BF5D1284626
S21403B2A801F0DBF8D4F81080B8F1000F3FD001F0B6
S21403B2B8D4F9A269851AEB17454573F1000337DB02
S21403B2C823691344A36101232269CAB1C3B9A38BB3
S21403B2D8B8EB050833B1E28B13449BB2B3F57A7F18
S21403B2E81CD2E38301F0BEF8054641462046FFF725
S21403B2F80FFEA369226928461344A36101F0ADF83B
S21403B308E36813B1204621689847B4F8068001F02D
S21403B318A9F801360546FFF7ADFD9CE7A3F57A7352
S21403B328E383A36918F1FF38013BA361DAE74546CF
S21403B33801F098F881462046FFF77EFD484601F05F
S21403B3488CF80023C0E7BDE8F88300BFFC3C002068
S21403B358F43C00207B5A002010B5044601F075F82B
S21403B3684FF0B042936A1907FCD4136A116C5269FA
S21403B378520604D4CA1A032A01D899420ED1E21AED
S21403B388022A98BFDC1CB4F1FF3F38BF013C4FF0DC
S21403B398B04340221C6403F580539A6101F050F8C9
S21403B3A8054A13783BB14FF0B041CB6B43F0020329
S21403B3B8CB630023137010BD046A002007B5044B43
S21403B3C801A9187901F06AF8019803B05DF804FB3F
S21403B3D8F06A040000F001038207034A48BF43F0FB
S21403B3E840039361704700BF00100058820700F0BF
S21403B3F801030AD50121064A43F0400311704FF0B2
S21403B408B041CA6B22F00302CA63024A93617047CB
S21403B418046A002000200058830742BF4022014BDD
S21403B4285A6170470010005873B502AB164603E915
S21403B4380600044600F052FF0546204600F05EFF6D
S21403B4489DF800208DB1202C33780ED8012B2ED8EA
S21403B4584FF6FF752D4803EB4313234430F81310B8
S21403B468A94202D0013120F81310294B294E33F88C
S21403B478141036F81400814232D34FF6FF75A942EA
S21403B4884FF0010502D0013123F8141004F0FD0132
S21403B498092927D1998AB68A0A44B242B4BF9A823E
S21403B4A89E8233F81430834227D202B070BD022B33
S21403B4B8DBD14FF6FF704FF6FF75144B33F81410B5
S21403B4C8814218BF013104F1210018BF23F8141074
S21403B4D833F81010A9421CBF013123F81010C4E733
S21403B4E80025D0E71D2CDCD1598F8E18864203DA47
S21403B4F801390A445A87D4E75887002DD5D1204600
S21403B50802B0BDE8704001F0C3B800BF8056002003
S21403B518585700200457002038B50D46044600F057
S21403B528A1FF064A13889BB22DB123431380BDE8B7
S21403B538384000F092BF23EA0403F7E75E59002079
S21403B5480022034B01214FF480701A70FFF7E4BF03
S21403B5589060002008B5054B1868FCF749FD00F015
S21403B5680300C31E5842584108BD00BF8453002039
S21403B57838B5044601F02AF90C4B054619781879AC
S21403B58881420FD0631E082B0CD8DFE803F0050DA5
S21403B5980B0D0B0D0D0D0D0000220146044B18680C
S21403B5A8FCF724FD284638BD0022F7E7326A002058
S21403B5B88453002038B54FF0FF300C46FFF76EF87B
S21403B5C80A4B05461868FFF769F8641B241A20B265
S21403B5D810F1630F06DB10F1240F05DA64308000E0
S21403B5E8C0B238BD0020FCE7FF20FAE784530020EA
S21403B5F808B5134B1B78062B04D040F621011148D7
S21403B60800F0B7FF104B1B881B0704D440F6220133
S21403B6180C4800F0AEFF0D4B2A201978FFF7A8FF59
S21403B62800210820FFF778FF0222094B1A70094BFE
S21403B6381868E8F7F3FABDE8084001F016B800BF43
S21403B64890600020A46704005E5900208D600020E7
S21403B6585E6A00208453002010B50E4C236823B975
S21403B66840F6A3410C4800F084FF2068013001F03F
S21403B6785EF800F0070003280AD12468092201218E
S21403B688204600F0E3FB205C031F5842584110BDD8
S21403B6980020FCE774530020A467040038B50C4662
S21403B6A840B100210420FFF737FF00F0DEFF012C2E
S21403B6B81DD038BD244B1B889B07F6D50129234A82
S21403B6C82FD1117869B30139C9B2117011B9202085
S21403B6D8FFF722FF00210220FFF71EFF04221C4B60
S21403B6E800211C481A7000F05DFD00F0BEFF1A4CDE
S21403B6F82068013001F01BF800F44060B0F5006FD5
S21403B7081FD1246801210422204600F09FFB204411
S21403B71801F00DF80146BDE838400022202000F06D
S21403B728CFBF00210D4D02201170FFF7F5FE2B78D1
S21403B738FF2B04D040F29961094800F01AFF2C70D9
S21403B748B3E74FF6FF71E6E75E5900208F600020E7
S21403B75890600020A8670020745300205F6A0020CA
S21403B768A467040038B5134C05462388580709D53B
S21403B778FFF7F0FE01460720FFF7FAFEFF21012038
S21403B788FFF78CFF238899070BD50B4B28461978A8
S21403B7988A1F51425141FFF7EBFE01210020FFF7B4
S21403B7A87DFF23881B0703D5BDE83840FFF720BF76
S21403B7B838BD00BF5E59002090600020F7B5124CD4
S21403B7C8D4E9006586EA020C85EA03070CEA000C4E
S21403B7D80F405CEA070E15D086EA0C067D40C4E9DE
S21403B7E80065CDE900230B46084902460868FCF7BE
S21403B7F806FD38B14FF4FD71054803B0BDE8F040C7
S21403B80800F0B7BE03B0F0BDB01500208453002087
S21403B818A467040008B50A4B1B88DB0604D440F665
S21403B8284701084800F0A5FE00211020FFF774FE24
S21403B838002000F06BFBBDE8084000F016BF00BF11
S21403B8485E590020A46704002DE9F04F570680468A
S21403B85814461D4691B005D5FFF77CFE0146012028
S21403B868FFF786FEEE0403D500212D20FFF780FEA2
S21403B878A00224D54046FCF73FFD0146F8B9402010
S21403B888FFF74AFE40460AA9FCF737F8B8B99DF809
S21403B8983030022B40F0D980BDF8280001F039F883
S21403B8A8FF2808D14046FCF726F840B90121402076
S21403B8B8FFF732FE03E001F030F80028F2D1A103C7
S21403B8C805D5FFF747FE01460320FFF751FEE201C1
S21403B8D804F0807640F1C080854B1B889B072DD5E6
S21403B8E8844E3068FBF79EFF40BB834B834F18702C
S21403B8F83B78FF2B04D040F25761814800F039FEAD
S21403B9084FF0000900210220FFF706FE87F8009093
S21403B9187C4F3B78062B07D101210820FFF7FCFD57
S21403B92849462820FFF724FE3B78052B06D100213D
S21403B9382B20FFF71DFE3068E8F770F900F095FE38
S21403B948220717D56B4F0321386805AAFBF784FF30
S21403B958064620B940F2C961694800F00AFE9DF818
S21403B9681430072B00F0D080FFF7F4FD01460420BF
S21403B978FFF7FEFDE10505D5FFF7ECFD01460420BC
S21403B988FFF7F6FD14F4863F05D0FFF7E3FD0146FF
S21403B9980220FFF7EDFDA20113D5FFF7DBFD0146F5
S21403B9A80820FFF7E5FD00210420FFF7B5FD554BFA
S21403B9B81B78012B03D14F4B1868E8F72FF900F0D3
S21403B9C854FE14F0084F09D0FFF7C4FD01460720BC
S21403B9D8FFF7CEFDFF210120FFF760FEA30009D580
S21403B9E8FFF7B8FD01460620FFF7C2FDFF21012039
S21403B9F8FFF754FEA70705D53D4B1B881E0701D541
S21403BA08FFF7F6FD6C0603D500210A20FFF7B0FD05
S21403BA18280602D50120FCF781FCE90540F185815B
S21403BA2840460AAA05A9FCF7DFFA9DF81430222B2C
S21403BA3800F06D8100F28281152B40F26A8140F690
S21403BA480A112F4800F095FD6FE1032B7FF437AFFB
S21403BA580AA800F05AFF30E705F0020756EA07037C
S21403BA680DD0284B26201978A1F1060EDEF1000129
S21403BA7841EB0E01FFF77CFD0121304611E004F08F
S21403BA88805656EA07030FD01E4B26201978A1F1D5
S21403BA98060CDCF1000141EB0C01FFF769FD0221FE
S21403BAA83846FFF7FBFD4BE704F0884151EA0603E7
S21403BAB809D0144B272019788F1F79427941FFF74D
S21403BAC857FD0221D9E705F008030B4302D02320CC
S21403BAD8FFF74EFD680703D500212420FFF748FD2E
S21403BAE8E9077FF52DAF00212520FFF741FD27E75E
S21403BAF85E590020845300208F6000205F6A002070
S21403BB08A467040090600020314638680AAAFBF749
S21403BB18A9FE20B14FF4DA619E4800F02AFDBDF86D
S21403BB281630386802330AA9ADF82C30FBF79CFEAA
S21403BB3820B140F2DF61974800F01BFD0023009315
S21403BB4831460423386804AAFBF790FE042804D079
S21403BB5840F2E4618F4800F00CFDDFF8589299F83C
S21403BB680030C3BB0DF1110000F0E1FD00F0070043
S21403BB78022830D1FFF7EEFC01460920FFF7F8FC50
S21403BB88854B1B78062B23D1844B9DF813201B78F3
S21403BB989A421DD19DF8353023B940F2FA617D48A3
S21403BBA800F0E7FC0DF1110000F0C1FDC0F300162C
S21403BBB831462920FFF7DCFC00210820FFF7ACFC00
S21403BBC8774B1E70FFF748FD10B93868E8F726F874
S21403BBD800F04BFDCEE6BDF816000121083080B212
S21403BBE800F068FA039030B9FFF7B4FC0146042066
S21403BBF8FFF7BEFCECE700F0E9F905AA014606469E
S21403BC083868FBF73BFE99F800A0BAF1000F22D17B
S21403BC1806F1010B584600F08AFD83065AD53868A4
S21403BC28FCF76AFB0746FFF795FC05370146F8B2AB
S21403BC38FFF79EFC584600F07AFD00F0070003283D
S21403BC48584F2DD001210420FFF766FC4FF0FF3034
S21403BC58FBF733FE386000225349BDF816300978DF
S21403BC68F718F1549DF83630BB709DF83730FB70E3
S21403BC780A9B190E3971190C7971FB71190A99F80F
S21403BC880030B97123B9737892B343F02003737005
S21403BC98002000F069F97870039800F071FA97E7C6
S21403BCA801210922304600F0D1F8305C012104282E
S21403BCB8C9D1FFF731FC4FF0FF30FBF7FEFD3B4BD6
S21403BCC838601B885806C6D551464020FFF724FC23
S21403BCD80122C1E7FFF73EFC01460920FFF748FCAF
S21403BCE82D4B1B78012BB6D13868E7F797FFB2E7D9
S21403BCF823F02003CBE701227E33DBB202FA03F3F9
S21403BD0813F00A1F31D113F0011F3FF498AE272012
S21403BD182CE0012202FA03F3254A1A402ABB13F041
S21403BD28041FF4D1DA077FF58AAEAB052FD50121B8
S21403BD38802011B0BDE8F04FFFF7EEBB652B1AD88D
S21403BD48622B12D8452B0CD8422B0ED8352B06D887
S21403BD58322B0AD8252B08D9322BD8D06FE6422B9C
S21403BD68FBE7552B05D8522BF7D92620FFF7FAFC05
S21403BD78DBE7622BF1E7952B3FF661AE812BBAD84A
S21403BD88722BC4D0733B022B3FF659AEEDE711B0C6
S21403BD98BDE8F08FA4670400906000208C60002044
S21403BDA85E6A002070530020606A00205E590020F7
S21403BDB83A00380093600020024B1878B0FA80F0F7
S21403BDC8400970479060002008B5064B4FF0FF31D6
S21403BDD81868FCF72FF90028B8BF033040F387002C
S21403BDE808BD00BF8453002008B5074B1868FCF746
S21403BDF89BF930B1054BB3FBF0F083B20BB1184691
S21403BE0808BD0120FCE700BF8453002040420F0012
S21403BE1838B510200C460121FFF77EFB064B1D683C
S21403BE28FFF7E2FF012200FB04F1044B2846FCF768
S21403BE38E6F8002038BD00BF845300201DB8030071
S21403BE48014800F096BB00BFBE670400032A70B51E
S21403BE58144602D82C4B985C70BD81F0010519B9BD
S21403BE680D2A07D1FF20F7E70D2A03D100780538F6
S21403BE78C0B2F1E7084400F05AFCC5F1040110F417
S21403BE8840660246C9B209D1042C0846E4D0052CFC
S21403BE9816D112F0400F18BF0846DDE7C5F10603B2
S21403BEA8042CD8B2D8D0B6F5006F03D1C5F108056F
S21403BEB8E8B2ECE7B6F5406FE9D1C5F10E05F7E74A
S21403BEC812F4404107D1062CC6D0072CC4D0082C40
S21403BED813D10130CCE755065CBF831CD8B2062CB9
S21403BEE8BAD0B1F5004F02D1831CD8B2EDE7B1F54D
S21403BEF8404FEAD100F10803F7E7130744BF0530BC
S21403BF08C0B20C2CA8D9ADE7E4CA0400AC2370B5BC
S21403BF18094C054603FB00435E6D26B940F2FD3126
S21403BF28064800F026FBAC2303FB054400236365A1
S21403BF383346BDE87040184788530020FB67040063
S21403BF4810B40C461146AC22064B02FB0033586D60
S21403BF5820B95C655DF8044BFFF75ABF02205DF80D
S21403BF68044B704788530020AC22034B02FB003374
S21403BF7893F8A800704700BF8853002028B1034BE6
S21403BF881B68C01A4010013080B27047485400201E
S21403BF9830B1044B00F100401B68013803EB400046
S21403BFA8704700BF48540020064B1B68834206D8D8
S21403BFB8054B1B68834294BF00200120704700206E
S21403BFC8704700BF485400204454002010B5044668
S21403BFD808B9002010BD00F00BFC20B940F2CD4193
S21403BFE8074800F0C6FA2046FFF7D2FF0028F0D02D
S21403BFF80388DB0B14BFD0F80A000830EAE700BF53
S21403C008D267040010B508B9002010BDFFF7C0FFBB
S21403C018044600F0E4FB20B94FF49D61064800F09F
S21403C028A8FA002CF0D02388DB0B0ABF6088208987
S21403C038C0F30C00E9E700BFD267040038B5FFF782
S21403C048A7FF0D46044650B100F0C9FB20B940F2DD
S21403C0584151034800F08DFA023534F8150038BD0F
S21403C068D267040070B5FFF793FF0C4616460546DD
S21403C078B0B100F0B4FB20B940F24D510C4800F0C3
S21403C08878FA3046FFF784FF00F0A9FB20B940F2A0
S21403C0984E51074800F06DFA023425F8146070BD57
S21403C0A840F25251BDE87040014800F062BA00BF42
S21403C0B8D26704002DE9F8430746884600F0FBFAE2
S21403C0C820B940F28E512A4800F053FAFC1CA40803
S21403C0D8284B64000434B7F5005F1E68A4B204D383
S21403C0E840F29551224800F044FA00F0BBF9224981
S21403C0F881460B687BB9214B1D68761BC6F34F0632
S21403C108B44227D90025484600F0A7F92846BDE8D3
S21403C118F843FFF733BFB8F1000F11D0174A156875
S21403C1285A1BC2F34F029442ECD81448620005EB3C
S21403C13844040460B8F1000F0FD113440B600CE0FD
S21403C148F61AC6F34F0676B940F2A651084800F029
S21403C15810FAD7E705EB44041C6000236F80AB8016
S21403C168EB802B80CFE7B442CCD8044A1568DCE7CB
S21403C178D26704004C540020345400204454002052
S21403C18838B5054600F06EF90446294604480022E9
S21403C19800F03BFB2046BDE8384000F05EB900BF20
S21403C1A86459002082684B4B2DE9F0419A420446B5
S21403C1B80E46056815D121B140F21311464800F022
S21403C1C8D8F900F04FF923691BB92B682BB92461FA
S21403C1D82C60BDE8F04100F040B91A6922611C6181
S21403C1E8F6E700F0BFF98046FEF75EFA20B14FF493
S21403C1F89571394800F0BDF96FF000439E422169F6
S21403C2084BD22B7B08EB0602002B4DD0AB68934230
S21403C2184AD1531C002949D06169994242D01EB9B4
S21403C228521AB2F1004F3DD9636123696E689C4286
S21403C23803D19D21284800F09CF92F460023B442D9
S21403C2480BD0002B41D172696169891AB1F1004F8D
S21403C25832D83269374694422CD12269BD420CBF84
S21403C2686A603A617BB92669B44203D1B8211A4891
S21403C27800F07FF93B46012E05D062697169521AB0
S21403C288B2F1004F23D99D420BBF6B681A6923612D
S21403C29822610CBF6C601C6104E0434431B16269DF
S21403C2A89342C1D1BDE8F0811346B3E76A682261B9
S21403C2B86C60B9E71646C6E7A8EB0202B2F1004F70
S21403C2C8C7D93B4637463669B9E71F46F9E73346C3
S21403C2D83669D0E7E15A0200E66704000823064AEF
S21403C2E812F8011B814205D0013B13F0FF03F7D177
S21403C2F8184670470120704795CB04000823064A62
S21403C30812F8011B814205D0013B13F0FF03F7D156
S21403C31818467047012070478DCB040010B50822D5
S21403C32807490446E1F7AEFEB0FA80F04FF6FF730E
S21403C3382289400940009A4208BF40F0010010BD18
S21403C348A6CB040030B504460D4685B002B9084AA4
S21403C3581068516801AB03C301AB03CB20602046CA
S21403C368ADF80C501B886160238105B030BD00BF53
S21403C378A6F00300002270B50A4B1C780A4BD5B208
S21403C388AC4202D800200C7008E01E8801328642B0
S21403C39805D30D701B881B1A5842584170BD1233BB
S21403C3A8EDE700BF0A6000200459002010B5164BBD
S21403C3B8187860B1154C2368CBB14FF4707200201F
S21403C3C81349FFF7BDFD2368013B236010BDFFF744
S21403C3D8FBFC1049104A91F90040136884420B4C41
S21403C3E803F1010313602368B8BF087053B90B48F9
S21403C3F800F033FA0028E9D1BDE8104001460748A3
S21403C408FFF7D0BE0822DAE7E0600020C054002019
S21403C418B5C30300DB600020B8540020746900200D
S21403C428054B1B682BB9054B1868003818BF012045
S21403C43870470120704700BFB0540020AC5400205A
S21403C44810B962B6BFF36F8F7047EFF3108072B6FA
S21403C4587047302383F31188704780F31188BFF33E
S21403C4686F8F7047EFF31180302383F3118870477B
S21403C478002070474FF4004070474FF47A707047B7
S21403C4880122417803788A4030214B4341F2100158
S21403C49803F1A04303F570335A50704709B100F00F
S21403C4A808B8222070470121FEF74EB90021FEF78F
S21403C4B84BB970B506460D46FFF7D4FF04461D2E46
S21403C4C848D8DFE806F00F18471D20234726292CEF
S21403C4D847472F32473538473B473E474744474742
S21403C4E847474741FEF7F0F8002628602046FFF73F
S21403C4F8B4FF304670BD4FF4C070CFF7A1FDF3E725
S21403C5084FF42070F9E74FF44070F6E74FF4607085
S21403C518F3E74FF40070F0E74FF48060EDE74FF46D
S21403C5289060EAE74FF4C060E7E74FF4F060E4E7AB
S21403C5384FF4B060E1E74FF4D060DEE74FF4E06015
S21403C548DBE74FF4A060D8E74FF48070D5E74FF4E5
S21403C5580860D2E700202126C7E708B5FEF714F9D6
S21403C56880B208BD08B5FEF70FF908BD704742DE6E
S21403C578704738B504460D4600F008F8FFF769FF1C
S21403C58829462046BDE83840FFF7F1BF704710B983
S21403C59862B6BFF36F8F7047012070472DE9FF41DE
S21403C5A80D4616461F460446A8B14FF00008C0F8C5
S21403C5B81C80FEF711FDBDF82C30424602939DF809
S21403C5C828302946CDE9007320463346FEF7CCFCCF
S21403C5D804B0BDE8F0812220FAE7F0B51F46002331
S21403C5E887B00D46164604468DF81730A8B1C361C2
S21403C5F80DF11701FEF712FD9DF817207AB9BDF85D
S21403C6083430294602939DF830302046CDE900732E
S21403C6183346FEF7A9FC07B0F0BD2220FBE703204C
S21403C628F9E738B5FFF71EFF054600F016F8044687
S21403C6382846FFF712FF204638BD4FF0B0430128BF
S21403C6485B6904D0022805D1C3F38010704703F052
S21403C658010070470020704770474FF0B0439A6A4E
S21403C6681207FCD4186A7047704708B5FFF7FCFF33
S21403C67800F01DF808BD10B5FFF7E7FE01210446D4
S21403C6880846FEF71DF92046BDE81040FFF7D8BE5A
S21403C69810B5044600F012F82046FBF74EF820467D
S21403C6A8F8F771F8BDE81040F9F734BC704708B5D9
S21403C6B8FFF7FCFF08BD012070477047002070474E
S21403C6C830B589B00446ADF806108DF81020FFF78C
S21403C6D805FE05462046FFF711FE03469DB1BDF845
S21403C6E80600ABB900F0BEF8FF2808BF00200DF11E
S21403C6F80F038DF80F001A46204604990593FEF794
S21403C70893FE09B030BD0028F5D00DF10603F2E715
S21403C71800F0A8F8FF2808BF0020BDF806308DF8FB
S21403C7280F00ADF81A308DF8180006ABE3E700885B
S21403C73870470170090A417070470120704701204D
S21403C748704738B5E0F786F80446D4F795FF051E14
S21403C75818BF2546D5F762F8041E18BF2C46FFF700
S21403C768ECFF002818BF204638BD38B5FEF70CFA8C
S21403C7780446F7F708FA04281ED002284FF00005E7
S21403C78808BF0124F8F7A7F8042817D0022808BF1B
S21403C7980124F7F737FE042812D0022808BF01241D
S21403C7A8FFF7CDFF04280DD0022808BF0124002D6B
S21403C7B818BF0024204638BD0125E3E70125E8E72E
S21403C7C80125EDE70024F5E7FF20704708B5FFF7D6
S21403C7D8FBFF002008BD02210120E1F77DBE08B556
S21403C7E820B1FFF7E1FB00F0010008BD0120FAE7DE
S21403C7F808B5FFF7CDFBBDE80840FFF7F0BF008894
S21403C80810B1C9B2FFF71ABC70472DE9F041B0F86A
S21403C818008006460C46D5B2B8F1000F11D029465B
S21403C8284046FFF70BFC2246074629464046FFF7D5
S21403C83819FC3A4629462046FFF714FC3480BDE81F
S21403C848F0810F46F5E703461B8808468B4202D05D
S21403C8580021FFF7F3BB002070470069003818BFB4
S21403C8680120704700207047F8B506460D46FFF7C7
S21403C87855FD0328044621D02846FFF74FFD032815
S21403C88807461BD010F0020318D1A0070DD5F907E9
S21403C89816D401233C43E20704D431892A899142FA
S21403C8A818BF002303F00100F8BD082229463046C6
S21403C8B8E1F7E8FBB0FA80F35B09EBE70020F3E760
S21403C8C81846F1E770B50D4600210646FFF797FFB1
S21403C8D8044630B1FFF77AFB01462846FFF7C4FF44
S21403C8E808B1204670BD21463046FFF7ACFFEFE798
S21403C8F807B50DF10701FFF73DFD20B19DF80700C9
S21403C90803B05DF804FBFF20FAE700207047FF201A
S21403C9187047FF207047FF207047002070470020AD
S21403C92800217047002070472DE9F843074608465C
S21403C938154688461C469DF82090FFF747FB461980
S21403C948A4B19EB14046FFF75DFB254485420FDC44
S21403C9582246B9F1000F06D131463846E1F798F872
S21403C9680020BDE8F88339463046F7E72120F8E784
S21403C9781D20F6E700000000F8B500BFF8BC08BCA9
S21403C9889E467047F8B500BFF8BC08BC9E4670477D
S21403C9985FF800F0816100205FF800F0E162002094
S21403C9A85FF800F039620020446576696365207491
S21403C9B8797065206368616E67652064657465636E
S21403C9C87465643A202564202D3E2025640D0A00EC
S21403C9D850726573732064657465637465640D0AC1
S21403C9E8004D756C74692070726573732064657482
S21403C9F865637465643A2025640D0A0052656C65A0
S21403CA086173652064657465637465640D0A004C18
S21403CA186F6E6720707265737320646574656374DC
S21403CA2865640D0A0072656C61795F73746172746C
S21403CA385F6C61746368696E675F70756C73653A7B
S21403CA4820616E6F746865722070756C73652069F3
S21403CA5873206163746976650D0A0072656C617983
S21403CA685F6F6E0D0A0072656C61795F6F66660D9F
S21403CA780A0072656C61795F746F67676C650D0A87
S21403CA880057726974696E6720636F6E66696720FC
S21403CA98746F206E763A2025730D0A0053697A65FB
S21403CAA83A2025640D0A004661696C656420746F34
S21403CAB8207772697465204445564943455F434F5A
S21403CAC84E4649475F4441544120746F204E562CC6
S21403CAD8207374617475733A2025642E202862794E
S21403CAE87465733A202564290D0A007375636365B4
S21403CAF87373210D0A004661696C656420746F20A0
S21403CB0872656164204E565F4954454D5F444556E9
S21403CB184943455F434F4E4649472C207573696E14
S21403CB28672064656661756C7420636F6E666967F3
S21403CB3820696E73746561642C20737461747573ED
S21403CB483A2025642E202862797465733A20256472
S21403CB58290D0A005573696E6720636F6E666967E9
S21403CB683A2025642063686172732066726F6D0DC0
S21403CB780A25730D0A00736F6E6F66663B5A424D3D
S21403CB88494E494C322D637573746F6D3B42413081
S21403CB98753B4C4335693B534136753B52413541EA
S21403CBA8343B004E6574776F726B207374617475CB
S21403CBB873206368616E67656420746F2025640D4F
S21403CBC80A004D616E7566616374757265722074CA
S21403CBD86F6F206269670D0A004D6F64656C207479
S21403CBE86F6F206269670D0A00496E697469616C24
S21403CBF8697A696E67205A6967626565207769741A
S21403CC08682025642073776974636865732C202508
S21403CC18642072656C6179732C20256420636F76B3
S21403CC2865722073776974636865732C202564209E
S21403CC38636F766572730D0A00436F6E66696720C5
S21403CC487061727365642073756363657373667561
S21403CC586C6C790D0A007265616420766572736977
S21403CC686F6E20666F726D206E6577206C6F6361DA
S21403CC7874696F6E0D0A004661696C656420746F8B
S21403CC88207772697465206C6173745365656E5694
S21403CC98657273696F6E20746F204E562C207374FA
S21403CCA83A2025640D0A004F6C6420766572736912
S21403CCB86F6E3A2025640D0A0043757272656E74AA
S21403CCC82076657273696F6E3A2025640D0A0052E2
S21403CCD84553455420414C4C210D0A0068616C5F4E
S21403CCE86770696F5F63616C6C6261636B3A20653A
S21403CCF8787469206C696E6520256C64207374618A
S21403CD0874757320256C750D0A0068616C5F67700F
S21403CD18696F5F63616C6C6261636B3A206E6F2048
S21403CD28667265652045585449206C696E65730DAF
S21403CD380A002F686F6D652F72756E6E65722F7792
S21403CD486F726B2F747579612D7A69676265652DC5
S21403CD587377697463682F747579612D7A69676266
S21403CD6865652D7377697463682F73696C6162737D
S21403CD785F746F6F6C732F73696D706C6963697416
S21403CD88795F73646B2F2E2E2F2E2E2F7372632FBD
S21403CD9873696C6162732F68616C2F7A6967626561
S21403CDA8652E630044726F7070696E67206F6C64DB
S21403CDB8204F544120696D6167652C206375727234
S21403CDC8656E74206F66667365743A20256C750AFB
S21403CDD800556E6B6E6F776E20636F766572206391
S21403CDE86F6D6D616E643A2025640D0A00556E6B8F
S21403CDF86E6F776E20636D642025640D0A00427596
S21403CE0874746F6E207072657373206465746563DB
S21403CE187465642C20627574206E6F206275747452
S21403CE286F6E20697320707265737365640D0A00EC
S21403CE38427574746F6E206C6F6E672070726573BC
S21403CE48732064657465637465642C206275742046
S21403CE586E6F20627574746F6E206973206C6F6EC4
S21403CE686720707265737365640D0A004E6F2063DE
S21403CE786F7665722073776974636820636F6E666E
S21403CE88696720696E204E562C207573696E672075
S21403CE9864656661756C74730D0A0041747472690F
S21403CEA862757465206368616E6765642C206570B7
S21403CEB83A2025642C20636C75737465723A2025B2
S21403CEC8642C20617474723A2025640D0A00506F2E
S21403CED86C6C20636F6E74726F6C3A2073656E6445
S21403CEE8696E6720636865636B2D696E0D0A005A61
S21403CEF8434C2061637469766974792C20656E7473
S21403CF086572696E67206661737420706F6C6C0D4A
S21403CF180A00506F6C6C20636F6E74726F6C3A20E5
S21403CF28636865636B2D696E20726573706F6E73C5
S21403CF38652C20666173743D25642C2074696D65C1
S21403CF486F75743D25640D0A00506F6C6C20636F13
S21403CF586E74726F6C3A206661737420706F6C6CB3
S21403CF682073746F700D0A00506F6C6C20636F6EBD
S21403CF7874726F6C3A20736574206C6F6E672070DA
S21403CF886F6C6C20696E74657276616C3D256C7582
S21403CF980D0A00506F6C6C20636F6E74726F6C3A78
S21403CFA8207365742073686F727420706F6C6C20BE
S21403CFB8696E74657276616C3D25640D0A00506F60
S21403CFC86C6C20636F6E74726F6C3A20636865636B
S21403CFD86B2D696E20696E74657276616C20777244
S21403CFE8697474656E3D256C750D0A00506F6C6C1C
S21403CFF820636F6E74726F6C3A20696E76616C6923
S21403D0086420636865636B2D696E20696E74657248
S21403D01876616C2C20726576657274696E670D0A84
S21403D02800506F6C6C20636F6E74726F6C3A206678
S21403D03861737420706F6C6C2074696D656F75749A
S21403D048207772697474656E3D25640D0A00506F07
S21403D0586C6C20636F6E74726F6C3A2066617374BF
S21403D06820706F6C6C2074696D656F75742C2073F3
S21403D0787769746368696E6720746F206C6F6E6770
S21403D08820706F6C6C0D0A00556E6B6E6F776E2092
S21403D0984C6576656C4374726C20636F6D6D616E58
S21403D0A8643A2025640D0A00556E6B6E6F776E2002
S21403D0B84F6E4F666620636F6D6D616E643A20250A
S21403D0C8640D0A00496E6465782061742077726976
S21403D0D8746520617474723A2025640D0A004E6FD5
S21403D0E82073776974636820636F6E66696720695F
S21403D0F86E204E562C207573696E672064656661CC
S21403D108756C74730D0A00496E76616C69642072D7
S21403D118656C61795F696E64657820256420696E3D
S21403D128204E562C20726573657474696E67207476
S21403D1386F2064656661756C740D0A003E200055A1
S21403D1486E6B6E6F776E206572726F7200496E70C3
S21403D1587574206275666665722069732046554C39
S21403D1684C004D6178696D756D206E756D626572DC
S21403D178206F6620617267756D656E7473206578B7
S21403D1886365656465640054686520617267756DD8
S21403D198656E74206973206E6F7420666F726D6196
S21403D1A87474656420636F72726563746C7900497E
S21403D1B86E636F727265637420617267756D656EF0
S21403D1C874207479706500496E636F727265637450
S21403D1D8206E756D626572206F6620617267756D65
S21403D1E8656E7473004E6F20636F6D6D616E642099
S21403D1F8666F756E640075696E7438006164646979
S21403D20874696F6E616C002A00756E6B6E6F776E4D
S21403D2180077696C6463617264006865786F70741C
S21403D22800737472696E676F70740075696E743311
S21403D238326F70740075696E7431366F707400756A
S21403D248696E74386F7074006865780073747269F1
S21403D2586E670075696E7431360075696E7433329D
S21403D268002E2E2E200068656C70000A25730A258A
S21403D2787325730025732008002F686F6D652F725A
S21403D288756E6E65722F776F726B2F747579612D55
S21403D2987A69676265652D7377697463682F747531
S21403D2A879612D7A69676265652D73776974636832
S21403D2B82F73696C6162735F746F6F6C732F736916
S21403D2C86D706C69636974795F73646B2F706C61D6
S21403D2D874666F726D2F736572766963652F6C65F6
S21403D2E8676163795F68616C2F7372632F6261731A
S21403D2F8652D7265706C6163656D656E742E63006B
S21403D3082F686F6D652F72756E6E65722F776F72E5
S21403D3186B2F747579612D7A69676265652D7377E6
S21403D328697463682F747579612D7A6967626565B0
S21403D3382D7377697463682F73696C6162735F749E
S21403D3486F6F6C732F73696D706C69636974795F3B
S21403D35873646B2F706C6174666F726D2F7365726E
S21403D368766963652F746F6B656E5F6D616E616753
S21403D37865722F6C65676163792F7372632F736C9D
S21403D3885F746F6B656E5F6D616E616765722E6342
S21403D398002F686F6D652F72756E6E65722F776FC7
S21403D3A8726B2F747579612D7A69676265652D735B
S21403D3B877697463682F747579612D7A696762650E
S21403D3C8652D7377697463682F73696C6162735F1D
S21403D3D8746F6F6C732F73696D706C696369747996
S21403D3E85F73646B2F706C6174666F726D2F7365F1
S21403D3F872766963652F746F6B656E5F6D616E61B8
S21403D4086765722F6C65676163792F7372632F7311
S21403D4186C5F746F6B656E5F6D616E756661637462
S21403D4287572696E672E630043757272656E742033
S21403D438436F6E6669673A20253078005365742013
S21403D448434341206D6F646520746F2025643A203A
S21403D45825307800656E61626C6564006469736183
S21403D468626C6564006F757428636C69656E7429ED
S21403D47800696E202873657276657229004D4647E3
S21403D48820537472696E673A2025730041707042A0
S21403D49875696C646572204D464720436F64653A28
S21403D4A820307825303458006E6F6465205B004161
S21403D4B864646974696F6E616C20696E74657266FC
S21403D4C86163657300202025643A200070616765F0
S21403D4D8205B25645D206368616E205B25645D20A0
S21403D4E8707772205B25645D006E6F7420616374C9
S21403D4F8697665006572726F722030782530385801
S21403D5080070616E4944205B3078253034585D20BE
S21403D5186E6F64654944205B3078253034585D2047
S21403D528007870616E205B307800706172656E7487
S21403D5384944205B3078253034585D207061726525
S21403D5486E7452737369205B25645D006E6F646541
S21403D55854797065205B0053656375726974792026
S21403D5686C6576656C205B253032585D006E657495
S21403D578776F726B207374617465205B253032583D
S21403D5885D20004275666665722062797465733A33
S21403D598202564202F20256400457020636E743A86
S21403D5A8202564006570202564205B656E64706FB3
S21403D5B8696E742025732C20646576696365202557
S21403D5C8735D20006E776B205B25645D2070726F39
S21403D5D866696C65205B3078253034585D20646551
S21403D5E8764964205B3078253034585D207665723A
S21403D5F8205B3078253032585D00202020202573A4
S21403D60820636C75737465723A2030782530345805
S21403D61820004E776B20636E743A202564006E777D
S21403D6286B202564205B25735D005072696D6172FB
S21403D63879202870726F290020206E6F64655479EC
S21403D6487065205B3078253032585D00202073657E
S21403D65863757269747950726F66696C65205B309E
S21403D66878253032585D0045502025643A202573C6
S21403D67820004572726F723A2020556E6B6E6F7774
S21403D6886E20656E64706F696E742E00456E6162F7
S21403D6986C65206576656E742064656275672069B7
S21403D6A86E666F20696E20436F726520434C49206F
S21403D6B8636F6D706F6E656E74006F6E6C79206342
S21403D6C86F6F7264696E61746F72732063616E2024
S21403D6D8666F726D0A006A6F696E20307825303877
S21403D6E8580A006C65617665002573203078253006
S21403D6F832580A0072656A6F696E0072656A6F69E6
S21403D7086E44696666446576696365547970650030
S21403D7186578742E2050414E2049443A20004E57CF
S21403D7284B206F70656E3A20257520736563004E2F
S21403D738574B20636C6F7365640066696E64206A72
S21403D7486F696E61626C653A20307825303258000E
S21403D75866696E6420756E757365643A203078253D
S21403D768303258004368616E67696E6720746F20AD
S21403D7786368616E6E656C2025643A2030782530C0
S21403D788325800696E76616C6964206E6574776FCB
S21403D798726B20696E6465780053686F72742049EB
S21403D7A8443A203078253034582C204555493634A9
S21403D7B83A20002C2050616E2049443A20307825C0
S21403D7C83034580053746172746564206D756C74D4
S21403D7D8692D70687920696E746572666163650081
S21403D7E84661696C656420746F2025732025732051
S21403D7F8307825303258005465726D696E617465E9
S21403D8086420257320307825303258004B656570C0
S21403D81820616C69766520737570706F7274206505
S21403D8286E61626C65642E006661696C656420745B
S21403D8386F20736574206B65657020616C69766507
S21403D848206D6F64652E0073756363657373667501
S21403D8586C6C792073657420746865206368696CDA
S21403D868642074696D656F7574206F7074696F6E64
S21403D878206D61736B2E006661696C656420746F36
S21403D8882073657420746865206368696C64207403
S21403D898696D656F7574206F7074696F6E206D613E
S21403D8A8736B2E00646973636F766572004D6174DB
S21403D8B86368202573792066726F6D20307825306B
S21403D8C834582C206570202564004E574B2041643D
S21403D8D8647265737320726573706F6E73653A202E
S21403D8E830782530345800494545452041646472EC
S21403D8F865737320726573706F6E73653A20005391
S21403D9086572766963652025737920646F6E652E64
S21403D91800232020747970652020206E776B2020E2
S21403D9286C6F6320202072656D202020636C7573EE
S21403D9382020206E6F6465202020657569002020EE
S21403D948256420202020307825303458202030784D
S21403D9582530345820203078253034582030782520
S21403D9683034582000736C5F7A69676265655F6751
S21403D97865745F62696E64696E67204572726F725A
S21403D9883A203078253038580A002564206F6620F8
S21403D99825642062696E64696E67732075736564AF
S21403D9A800656E61626C6564207072696E740064EB
S21403D9B8697361626C6564207072696E7400616471
S21403D9C864206C696E6B206B6579004552523A2069
S21403D9D843616C63756C61746564204352432064C9
S21403D9E86F6573206E6F74206D61746368004552AB
S21403D9F8523A20496E7374616C6C20436F646520D9
S21403DA086D75737420626520382C2031302C2031D4
S21403DA18342C206F7220313820627974657320693C
S21403DA286E206C656E677468004552523A2041450D
S21403DA38532D4D4D4F2068617368206661696C6588
S21403DA48643A2030782530325800536574206A6F5C
S21403DA58696E696E67206C696E6B206B65790073F7
S21403DA6865742062696E642025643A203078253010
S21403DA78327800454D50545900554E494341004DA0
S21403DA88324F4E45004D554C5449003F2020202028
S21403DA9800496E64657820494545452041646472AB
S21403DAA86573732020202020202020204E574B49C2
S21403DAB86E6465782020496E204643202020202067
S21403DAC854544C28732920466C6167202020204B29
S21403DAD8657920202020002564202020202000208F
S21403DAE820256420202020202020002020253038D0
S21403DAF85820200020307825303458202000496EDE
S21403DB0864657820494545452041646472657373A6
S21403DB18202020202020202020496E204643202035
S21403DB282020205479706520204175746820204B86
S21403DB386579002D20202020200025632020202022
S21403DB482025632020202020006965730057415252
S21403DB584E494E473A202052454144494E47204FA6
S21403DB6846204B45592056414C5545532044495366
S21403DB7841424C4544204259204D464720544F4B7A
S21403DB88454E004E574B204B6579002573206F751D
S21403DB98742046433A202530385800257320736589
S21403DBA871206E756D3A203078253032580025730B
S21403DBB8206F75742046433A20253038780054433E
S21403DBC820257320002573205461626C6500256444
S21403DBD82F256420656E7472696573207573656492
S21403DBE82E005472616E7369656E74204B657900F6
S21403DBF8256420656E7472257320636F6E73756D66
S21403DC08696E67202564207061636B65742062758E
S21403DC186666657225732E0057494C4C0057494C67
S21403DC284C204E4F540054727573742043656E74BB
S21403DC38657220257320616C6C6F77207472757318
S21403DC48742063656E7465722072656A6F696E7395
S21403DC58207573696E672077656C6C2D6B6E6F77AE
S21403DC686E206B65792E005365742074696D656F35
S21403DC78757420666F722054727573742043656ECC
S21403DC887465722072656A6F696E73207573696E40
S21403DC98672077656C6C2D6B6E6F776E206C696E7C
S21403DCA86B206B657920746F202564207365636F1A
S21403DCB86E64732E004552524F523A2000257373F2
S21403DCC87461636B206D75737420626520646F7767
S21403DCD86E2E0052656164696E6720416C6C6F77BF
S21403DCE865640048617368696E67206F6E6C7900B7
S21403DCF8736C5F7A69676265655F6B65795F736581
S21403DD087474696E67735F743A20307825303458B4
S21403DD180020205065726D697373696F6E733A20BD
S21403DD282573004572726F723A204661696C6564A2
S21403DD3820746F2067657420636F6E6669672C208E
S21403DD487374617475733A203078253038580046F2
S21403DD5861696C65643A20307825303858004D730D
S21403DD68673A20636C7573203078253034582C2036
S21403DD78636D64203078253032582C206C656E200D
S21403DD882564006275666665723A2000454D42450D
S21403DD98525F00257353454355524954595F4C45C2
S21403DDA856454C3A20253032580025736572617300
S21403DDB865206B65792025643A20307825303858F5
S21403DDC800636D64206E6F74206275696C740073EB
S21403DDD8726320657020253032782C20636C757347
S21403DDE820253034780073656E64696E6720746F17
S21403DDF8206D756C7469636173742062696E640060
S21403DE0825733A2065703A2025642C20636C3A20E3
S21403DE183078253034582C20617474723A20307860
S21403DE2825303458002C207376723A202563002553
S21403DE38733A20726561643A203078253032780068
S21403DE482C207376723A2025632C206474797065C7
S21403DE583A2030782530325800417267756D656E02
S21403DE687420617420696E6465783A202564206995
S21403DE7873206F7574206F662072616E6765004342
S21403DE886F6D6D616E6420616C7265616479206282
S21403DE9875696C742E202043616E6E6F74207365EB
S21403DEA874204D464720737065636966696320630B
S21403DEB86F646520666F7220636F6D6D616E642E86
S21403DEC8004D464720436F64652053657420666F8C
S21403DED872206E65787420636F6D6D616E643A2088
S21403DEE830782530345800557365204E657874208D
S21403DEF853657175656E63652053657420666F7226
S21403DF08206E65787420636F6D6D616E643A203099
S21403DF1878253032580044697361626C652044651D
S21403DF286661756C7420526573706F6E73652053E3
S21403DF38657420666F72206E65787420636F6D6DE6
S21403DF48616E643A20307825303258004552523A8A
S21403DF582072656164696E6720617474726962759C
S21403DF6874652025303278004552523A206174741D
S21403DF787269627574652073697A652025642074EE
S21403DF886F6F206C6172676520666F7220627566B4
S21403DF98666572004572726F723A206174747269AC
S21403DFA862757465204944203078253034582072C9
S21403DFB865706F727461626C65206368616E67650D
S21403DFC82069732073697A65202564422C2062755C
S21403DFD8742025644220656E74657265640A006E53
S21403DFE86F20636D64004572726F723A20434C4922
S21403DFF82053656E64206661696C65642C207374AF
S21403E008617475733A203078253038580045727233
S21403E0186F723A2020455549363420617267756D0C
S21403E028656E7420697320656D70747920616E64FB
S21403E038206C6F6F6B7570206279206E6F64652035
S21403E0484944206661696C65642E0047726F757073
S21403E05800556E696361737400556E62696E642059
S21403E068257320257330782530325800526571752C
S21403E0786573743A20005A444F2073696D706C6553
S21403E0882064657363207265712025303278005AE0
S21403E098444F206E6F6465206465736320726571F0
S21403E0A82025303278005A444F206D617463682007
S21403E0B86465736320726571202530325800557382
S21403E0C8696E67206D79206C6F63616C20455549CE
S21403E0D8363420666F722064657374204555493656
S21403E0E83420696E2062696E64696E67005A444F0D
S21403E0F82062696E64207265712025303278006369
S21403E1086C7573746572206C696D697420726561C9
S21403E1186368656400696E76616C6964207061671C
S21403E128653A202564206F72206368616E6E656C9D
S21403E1383A202564004368616E6765206368616EEC
S21403E1486E656C207374617475733A203078253065
S21403E1583278006475726174696F6E206D757374B6
S21403E16820626520696E2072616E67652030202DF7
S21403E178203500636F756E74206D75737420626541
S21403E18820696E2072616E67652031202D20380065
S21403E1987363616E207374617475732030782530E9
S21403E1A83258006E6574776F726B2075706461748D
S21403E1B865207365742073746174757320307825CD
S21403E1C8303258004163746976652045502072657D
S21403E1D87175657374207374617475733A20307837
S21403E1E825303258004C5149205461626C652072C0
S21403E1F86571756573743A20307825303258004255
S21403E208696E64696E67205461626C652072657115
S21403E218756573743A20307825303258004C65613A
S21403E228766520257330782530325800506F776529
S21403E238722044657363726970746F722025733035
S21403E2487825303258005573696E67206D79206CCF
S21403E2586F63616C20455549363420666F722064B7
S21403E26865737420455549363420696E20756E6289
S21403E278696E64696E6700526F75746520546162CF
S21403E2886C65202573307825303258002F686F6DFB
S21403E298652F72756E6E65722F776F726B2F747536
S21403E2A879612D7A69676265652D73776974636822
S21403E2B82F747579612D7A69676265652D73776939
S21403E2C87463682F73696C6162735F746F6F6C73C2
S21403E2D82F73696D706C69636974795F73646B2FE8
S21403E2E870726F746F636F6C2F7A69676265652FD8
S21403E2F86170702F6672616D65776F726B2F636FCF
S21403E3086D6D6F6E2F736C5F7A69676265655F7391
S21403E318797374656D5F636F6D6D6F6E2E630045FD
S21403E3287874656E64656420526573657420696ED7
S21403E338666F3A203078253034582028257329000C
S21403E3482F686F6D652F72756E6E65722F776F7295
S21403E3586B2F747579612D7A69676265652D737796
S21403E368697463682F747579612D7A696762656560
S21403E3782D7377697463682F73696C6162735F744E
S21403E3886F6F6C732F73696D706C69636974795FEB
S21403E39873646B2F70726F746F636F6C2F7A696711
S21403E3A86265652F6170702F6672616D65776F722F
S21403E3B86B2F636F6D6D6F6E2F7A69676265655F26
S21403E3C86170705F6672616D65776F726B5F736C91
S21403E3D86565702E630053746179206177616B6598
S21403E3E8207768656E206E6F74206A6F696E656441
S21403E3F83A20257300466F726365642073746179E7
S21403E408206177616B653A20202020202020202079
S21403E41820257300466F7263696E672064657669A4
S21403E428636520746F2073746179206177616B6507
S21403E43800416C6C6F77696E6720646576696365FF
S21403E44820746F20676F20746F20736C6565700087
S21403E4582F686F6D652F72756E6E65722F776F7284
S21403E4686B2F747579612D7A69676265652D737785
S21403E478697463682F747579612D7A69676265654F
S21403E4882D7377697463682F73696C6162735F743D
S21403E4986F6F6C732F73696D706C69636974795FDA
S21403E4A873646B2F70726F746F636F6C2F7A696700
S21403E4B86265652F6170702F6672616D65776F721E
S21403E4C86B2F636F6D6D6F6E2F7A69676265655F15
S21403E4D8737461636B5F736C6565702E6300525863
S21403E4E83A205265736574546F466163746F727924
S21403E4F844656661756C747343616C6C6261636BC7
S21403E50800657A737020636F756E74657273206620
S21403E51861696C656420257500657A737020526599
S21403E528736574205468726573686F6C64206572CB
S21403E538726F7220257500657A7370205365742090
S21403E5485468726573686F6C64206572726F7220A4
S21403E5582575002575292025733A202575005365EA
S21403E5687474696E67205468726573686F6C642088
S21403E578636F6D6D616E64003F3F3F004D616320BE
S21403E5885278204263617374004D61632054782087
S21403E5984263617374004D6163205278205563614A
S21403E5A87374004D61632054782055636173740057
S21403E5B84D616320547820556361737420526574E3
S21403E5C87279004D61632054782055636173742013
S21403E5D84661696C00415053205278204263617348
S21403E5E87400415053205478204263617374004189
S21403E5F8505320527820556361737400415053205A
S21403E6085478205563617374205375636365737315
S21403E6180041505320547820556361737420526523
S21403E628747279004150532054782055636173748B
S21403E638204661696C00526F75746520446973637C
S21403E64820496E69746961746564004E6569676814
S21403E658626F72204164646564004E656967686228
S21403E6686F722052656D6F766564004E65696768DC
S21403E678626F72205374616C65004A6F696E204935
S21403E6886E6469636174696F6E004368696C6420BD
S21403E6984D6F76656400415348204F766572666C05
S21403E6A86F7700415348204672616D652045727244
S21403E6B86F7200415348204F76657272756E204517
S21403E6C872726F72004E574B204643204661696C40
S21403E6D875726500415053204643204661696C7540
S21403E6E872650041534820584F66660041505320D0
S21403E6F8556E617574686F72697A6564204B6579BF
S21403E708004E574B204465637279707420466169DE
S21403E7186C75726573004150532044656372797053
S21403E72874204661696C75726573005061636B6526
S21403E738742042756666657220416C6C6F636174FB
S21403E74865204661696C757265730052656C6179FC
S21403E75865642055636173740050687920746F206C
S21403E7684D4143207175657565206C696D69742024
S21403E77872656163686564005061636B65742056EF
S21403E788616C69646174652064726F7020636F7569
S21403E7986E74004E574B207265747279206F7665D7
S21403E7A872666C6F7700434341204661696C7572E5
S21403E7B865730042726F6164636173742074616287
S21403E7C86C652066756C6C00505441204C6F205065
S21403E7D8726920526571005054412048692050726E
S21403E7E8692052657100505441204C6F205072695D
S21403E7F82044656E6965640050544120486920507A
S21403E80872692044656E69656400505441204C6FF4
S21403E8182050726920547820416272740050544123
S21403E8282048692050726920547820416272740027
S21403E8384164647265737320436F6E666C696374B0
S21403E8482053656E740043534C20527820736368D4
S21403E8586564756C65206661696C6564000D0044C3
S21403E86865627567207072696E742067726F75705B
S21403E8782025730A0057726F6E6720706172616D88
S21403E888657465720A005363686564756C65206D04
S21403E8986F7665206E776B0025732025643A2025EE
S21403E8A864004D6178206D6F7665206C696D6974B8
S21403E8B82072656163686564206E776B2025643A09
S21403E8C820256400456E6420446576696365205098
S21403E8D86F6C6C20496E666F726D6174696F6E003B
S21403E8E8454D4245525F454E445F44455649434568
S21403E8F85F54494D454F55543A2020202020202068
S21403E908256400506F6C6C20636F6D706C6574655E
S21403E918642063616C6C6261636B3A202573002024
S21403E9282043757272656E7420506F6C6C20496E46
S21403E93874657276616C20287173293A2020202525
S21403E9486C640020204C6F6E6720506F6C6C2049F7
S21403E9586E74657276616C20287173293A202020BC
S21403E968202020256C6400202053686F7274205082
S21403E9786F6C6C20496E74657276616C20287173AF
S21403E988293A2020202020256C6400202057616B1C
S21403E998652054696D656F757420287173293A204C
S21403E9A82020202020202020202020256C640020E2
S21403E9B82057616B652054696D656F7574204269CD
S21403E9C8746D61736B3A202020202020202020308D
S21403E9D8782530385800202043757272656E742087
S21403E9E8417070205461736B733A202020202020D6
S21403E9F82020202020203078253038580020204337
S21403EA08757272656E7420506F6C6C20436F6E74EB
S21403EA18726F6C20202020202020202020257300C1
S21403EA28202044656661756C7420506F6C6C2043B7
S21403EA386F6E74726F6C20202020202020202020E8
S21403EA48257300466F7263696E672064657669632B
S21403EA586520746F2073686F727420706F6C6C0017
S21403EA68416C6C6F77696E672064657669636520A9
S21403EA78746F206C6F6E6720706F6C6C00534C5FFE
S21403EA885A49474245455F41465F4C4F4E475F509C
S21403EA984F4C4C00534C5F5A49474245455F4146E5
S21403EAA85F53484F52545F504F4C4C00706F6C6C1A
S21403EAB8206E776B2025643A20307825303258004C
S21403EAC846696E6420616E642042696E6420496EEE
S21403EAD869746961746F723A20436F6D706C6574FC
S21403EAE8653A2030782530325800537461727420A2
S21403EAF87461726765740046696E6420616E64208B
S21403EB0842696E64205461726765740025733A20FF
S21403EB1825733A2030782530325800467261676D7F
S21403EB28656E746174696F6E2052582077696E64D7
S21403EB386F772073697A652073657420746F202550
S21403EB4864002F686F6D652F72756E6E65722F770A
S21403EB586F726B2F747579612D7A69676265652D97
S21403EB687377697463682F747579612D7A69676238
S21403EB7865652D7377697463682F73696C6162734F
S21403EB885F746F6F6C732F73696D706C69636974E8
S21403EB98795F73646B2F70726F746F636F6C2F7A01
S21403EBA869676265652F6170702F6672616D657738
S21403EBB86F726B2F706C7567696E2F667261676DFF
S21403EBC8656E746174696F6E2F667261676D656EC4
S21403EBD8746174696F6E2E630052583A20416464F8
S21403EBE847726F7570526573706F6E7365203078F1
S21403EBF8253032582C203078253034580052583A6D
S21403EC08205669657747726F7570526573706F6EB5
S21403EC187365203078253032582C203078253034E8
S21403EC28582C20220052583A2047657447726F754D
S21403EC38704D656D62657273686970526573706F3F
S21403EC486E7365203078253032582C20307825307E
S21403EC5832582C00205B3078253034585D005258E3
S21403EC683A2052656D6F766547726F757052657395
S21403EC78706F6E7365203078253032582C203078C4
S21403EC88253034580065705B253032585D2069643A
S21403EC985B253034585D00436C656172696E672086
S21403ECA8616C6C2067726F7570732E004552523A0A
S21403ECB8204661696C656420746F206372656174AD
S21403ECC8652062696E64696E67202830782530325D
S21403ECD85829004552523A2042696E64696E672085
S21403ECE87461626C652069732066756C6C004552A6
S21403ECF8523A2077726974696E67206E616D652073
S21403ED08737570706F727420253032580052583AF3
S21403ED182041646447726F75702030782530345804
S21403ED282C20220075760052583A20566965774794
S21403ED38726F7570203078253034580075767300F6
S21403ED48766965775F67726F75700047726F75705F
S21403ED58733A206661696C656420746F2073656E08
S21403ED686420257320726573706F6E73653A20305E
S21403ED787825303258006765745F67726F75705F01
S21403ED886D656D6265727368697020726573706FFE
S21403ED986E73650064656661756C745F726573701F
S21403EDA86F6E73650052583A2047657447726F75DD
S21403EDB8704D656D626572736869702030782530AA
S21403EDC832582C007575620047726F7570733A2057
S21403EDD86661696C656420746F2073656E642025AC
S21403EDE8733A203078253032580052583A20526504
S21403EDF86D6F766547726F75702030782530345896
S21403EE08004552523A204661696C656420746F2047
S21403EE1864656C6574652062696E64696E6720282C
S21403EE28307825303258290072656D6F76655F67CE
S21403EE38726F75700052583A2052656D6F76654149
S21403EE486C6C47726F7570730052583A204164644D
S21403EE5847726F757049664964656E746966796941
S21403EE686E67203078253034582C2022006164647D
S21403EE78004368616E6E656C206E6F742076616CF5
S21403EE8869643A202564005072696D6172790025B9
S21403EE9873206D61736B206E6F772030782530385A
S21403EEA858005365636F6E64617279004D61736BC6
S21403EEB8206E6F742076616C69643A20256400704E
S21403EEC872696D617279007365636F6E64617279D6
S21403EED80025733A20536574202573206D61736B80
S21403EEE820746F2030782530385800537461747551
S21403EEF8730025733A2025733A004368616E6E657E
S21403EF086C206D61736B3A0020202020283129205D
S21403EF18307825303858205B0020202020283229D6
S21403EF2820307825303858205B0053746174653A6E
S21403EF3820307825303258202825732900437572E7
S21403EF4872656E74206368616E6E656C3A2025641C
S21403EF5800546F74616C20626561636F6E733A2048
S21403EF682564004A6F696E20617474656D707473E6
S21403EF783A202564004E6574776F726B207374614C
S21403EF8874653A203078253032580053746F700011
S21403EF9825732053746F702E2020436C65616E6949
S21403EFA86E672075702E0042726F616463617374B6
S21403EFB8696E67207065726D6974206A6F696E0082
S21403EFC854727573742063656E746572206C696E0B
S21403EFD86B206B6579207570646174652073746142
S21403EFE87475730025733A205741524E494E473A73
S21403EFF820736C5F7A69676265655F7365745F69BA
S21403F0086E697469616C5F73656375726974795F39
S21403F0187374617465206661696C65642E20436F3A
S21403F0286E74696E75696E6720776974686F757430
S21403F03820696E7374616C6C20636F64652E00457B
S21403F04872726F723A20696E7374616C6C20636FA8
S21403F0586465207365747570206661696C65642ED3
S21403F06820497320616E20696E7374616C6C20632B
S21403F0786F646520666C6173686564206F6E746F71
S21403F08820746865206465766963653F00D0D1D2CD
S21403F098D3D4D5D6D7D8D9DADBDCDDDEDF00FFFF5D
S21403F0A8FFFFFFFFFFFF005A6967426565416C6C07
S21403F0B869616E636530390025733A206973737521
S21403F0C8696E67207363616E206F6E2025732063F5
S21403F0D868616E6E656C7320286D61736B2030787B
S21403F0E8253038582900257320697320616C7265AA
S21403F0F861647920696E2070726F67726573730036
S21403F1085374617274004578616D696E696E672021
S21403F118626561636F6E206F6E206368616E6E65ED
S21403F1286C20256420776974682070616E496420B2
S21403F13830782530345800546869732062656163F3
S21403F1486F6E206973206E6F742070617274206FFF
S21403F15866207468652063757272656E74206368CA
S21403F168616E6E656C206D61736B20283078253070
S21403F1783858292E2047657474696E67206E65783B
S21403F1887420626561636F6E2077686F73652063AA
S21403F19868616E6E656C206269746D61736B206955
S21403F1A873207365742E004572726F723A20257346
S21403F1B820636F756C64206E6F7420617474656D5C
S21403F1C87074206A6F696E3A20307825303258009A
S21403F1D84E6F20626561636F6E73206C656674207C
S21403F1E86F6E2063757272656E74206D61736B2E15
S21403F1F8204D6F76696E6720746F206E657874206D
S21403F2087374617465002573206A6F696E696E6727
S21403F21820307825303458206F6E206368616E6E10
S21403F228656C2025640025732053746174653A2041
S21403F2382573004572726F723A20257320636F75C3
S21403F2486C64206E6F7420736574757020736563C1
S21403F25875726974793A20307825303258004572C9
S21403F268726F723A205363616E20636F6D706C65BC
S21403F27874652068616E646C657220726574757255
S21403F2886E65642030782530325800257320736302
S21403F298616E20636F6D706C6574652E20426561C0
S21403F2A8636F6E732068656172643A20256400256F
S21403F2B87320737461636B20737461747573203081
S21403F2C87825303258002573206E6574776F726B15
S21403F2D8206A6F696E65642E0025732074727969D7
S21403F2E86E67206E657874206E6574776F726B2E02
S21403F2F8004E6F6E65005363616E205072696D61D0
S21403F3087279204368616E6E656C7320616E642043
S21403F31875736520436F6E66696775726564204BFF
S21403F3286579005363616E205072696D6172792046
S21403F3384368616E6E656C7320616E6420757365D1
S21403F34820496E7374616C6C20436F646500536365
S21403F358616E205072696D617279204368616E6EC2
S21403F368656C7320616E64205573652043656E74FF
S21403F37872616C697A6564204B6579005363616EC4
S21403F388205072696D617279204368616E6E656C90
S21403F3987320616E642055736520446973747269BB
S21403F3A86275746564204B6579005363616E2053F8
S21403F3B865636F6E64617279204368616E6E656C0F
S21403F3C87320616E642075736520436F6E66696784
S21403F3D875726564204B6579005363616E205365C7
S21403F3E8636F6E64617279204368616E6E656C73D1
S21403F3F820616E642075736520496E7374616C6C46
S21403F40820436F6465005363616E205365636F6EB4
S21403F41864617279204368616E6E656C7320616EF1
S21403F42864205573652043656E7472616C697A65EA
S21403F43864204B6579005363616E205365636F6E72
S21403F44864617279204368616E6E656C7320616EC1
S21403F45864205573652044697374726962757465AC
S21403F46864204B6579005363616E205072696D6141
S21403F4787279204368616E6E656C7320616E6420D2
S21403F48855736520416C6C204B6579732028696E2B
S21403F4987374616C6C20636F64652C2063656E748B
S21403F4A872616C697A65642C206469737472696224
S21403F4B87574656429005363616E205365636F6EC4
S21403F4C864617279204368616E6E656C7320616E41
S21403F4D8642055736520416C6C204B65797320282E
S21403F4E8696E7374616C6C20636F64652C20636546
S21403F4F86E7472616C697A65642C206469737472BD
S21403F50869627574656429004F6E2F4F66662073AB
S21403F51865742076616C75653A2025303258202547
S21403F528303258004552523A2072656164696E67F4
S21403F538206F6E2F6F66662025303258004F6E2F69
S21403F5486F666620616C72656164792073657420E2
S21403F558746F206E65772076616C756500546F67E7
S21403F568676C65206F6E2F6F66662066726F6D20F8
S21403F5782530325820746F202530325800455252B1
S21403F5883A2077726974696E67206F6E2F6F6666A6
S21403F598202530325800496E7374616C6C6564209C
S21403F5A854797065202842617365293A202030789B
S21403F5B825303258004361706162696C6974696505
S21403F5C8733A202020202020202020202030782551
S21403F5D830345800426F6F746C6F616465722056DE
S21403F5E8657273696F6E3A202020202030782530A4
S21403F5F834580053656375726520426F6F746C6F79
S21403F60861646572204B65793A202020202020000B
S21403F618426F6F746C6F6164696E67206661696CAC
S21403F62865642100446F776E6C6F61642066616958
S21403F6386C65642E0044656C6574696E6720666144
S21403F648696C656420646F776E6C6F61642C2073D5
S21403F65874617475733A2030782530325800496DD2
S21403F66861676520646F6573206E6F7420636F6EC1
S21403F6787461696E20616E205570677261646520D7
S21403F688496D6167652054616720283078253034D2
S21403F69858292E20536B697070696E6720757067DA
S21403F6A8726164652E00457865637574696E6720B4
S21403F6B8626F6F746C6F61642063616C6C62616304
S21403F6C86B2E005374617274696E672045424C2032
S21403F6D8766572696669636174696F6E0045424C44
S21403F6E8206661696C65642076657269666963611C
S21403F6F874696F6E2E0045424C207061737365649F
S21403F70820766572696669636174696F6E2E002573
S21403F71873696E67204F544120636C69656E742065
S21403F7287374617465206D616368696E65007374CC
S21403F7386F7070004572726F723A204E6F20696D53
S21403F74861676520617420696E64657820256400A6
S21403F7584E6F7420737570706F727465642E0043F1
S21403F7686C69656E7420696D61676520717565726D
S21403F7787920696E666F004D616E75662049443A56
S21403F78820202020202020202030782530345800C0
S21403F798496D61676520547970652049443A20208D
S21403F7A820203078253034580043757272656E749D
S21403F7B82056657273696F6E3A2020307825303884
S21403F7C8580048617264776172652056657273697A
S21403F7D86F6E3A20004E4100517565727920446574
S21403F7E86C6179206D733A20202020202020202069
S21403F7F8202020256C640053657276657220446960
S21403F80873636F766572792044656C6179206D73CE
S21403F8183A20256C6400446F776E6C6F61642044ED
S21403F828656C6179206D733A2020202020202020E3
S21403F83820256C640052756E205570677261646586
S21403F8482044656C6179206D733A2020202020209F
S21403F858256C64005665726966792044656C61791F
S21403F868206D733A202020202020202020202025C9
S21403F8786C6400446F776E6C6F6164204572726FB8
S21403F88872205468726573686F6C643A2020256426
S21403F89800557067726164652057616974205468FF
S21403F8A8726573686F6C643A202020202564004FC5
S21403F8B8544120446F776E6772616465733A2044D7
S21403F8C8697361626C6564004F544120446F776EB8
S21403F8D86772616465733A20456E61626C6564009D
S21403F8E8426F6F746C6F61642073746174653A2039
S21403F8F8257300496E76616C69642045502025643B
S21403F908207768656E20747279696E6720746F2035
S21403F91873656E64204F5441206D65737361676524
S21403F9282E0053656E64696E67205570677261644E
S21403F9386520456E6420726571756573742E00259F
S21403F948733A20696E76616C696420636D644964F2
S21403F95820307825303258004572726F723A20206C
S21403F9684661696C656420746F2073656E64204F06
S21403F978544120636F6D6D616E6420307825303294
S21403F988582C207374617475733A20307825303296
S21403F998580053657276657220756E6B6E6F776E58
S21403F9A82C2066616C6C696E67206261636B2074D9
S21403F9B86F20646973636F766572792E004D61787C
S21403F9C8696D756D207175657279206572726F72CF
S21403F9D8732068697420282564292C20737461723F
S21403F9E874696E672073656172636820666F722038
S21403F9F86E6577204F5441207365727665722E0ABA
S21403FA08004170706C79696E6720757067726164FF
S21403FA18650025733A20696E76616C6964206F66A3
S21403FA28667365742063757272656E7454696D6562
S21403FA382830782530385829203E2075706772613B
S21403FA48646554696D652830782530385829004F21
S21403FA58544120436C75737465723A2077616974F0
S21403FA6820666F72202564207300525865642074DC
S21403FA78696D654F75742030782530385820732C97
S21403FA88204D41582074696D654F7574203078256C
S21403FA983038582073004D6178696D756D20757020
S21403FAA86772616465207265717565737473206D1A
S21403FAB8616465202825642920776974686F7574DE
S21403FAC820726573706F6E73652066726F6D207330
S21403FAD865727665722E00557067726164696E6723
S21403FAE820616E79776179004F54412053657276A9
S21403FAF869636520646973636F76657279207072CB
S21403FB086576656E746564202D20616E6F7468650E
S21403FB187220697320616C726561647920696E204E
S21403FB2870726F6772657373004661696C656420EB
S21403FB38746F20696E69746961746520736572767B
S21403FB4869636520646973636F766572792E004FFF
S21403FB585441205365727669636520446973636FFD
S21403FB687665727920696E2070726F677265737333
S21403FB7800436C69656E74207665726966696361AD
S21403FB8874696F6E206661696C65642E00536967D5
S21403FB986E617475726500437573746F6D0070617A
S21403FBA873736564004641494C4544004E6F2073A1
S21403FBB869676E61747572652076657269666963CE
S21403FBC86174696F6E20737570706F72742C206120
S21403FBD87373756D696E6720696D616765206973F0
S21403FBE8206F6B61792E00257320766572696669C6
S21403FBF8636174696F6E2025733A20307825303236
S21403FC0858004D6178696D756D206E756D62657205
S21403FC18206F6620646F776E6C6F616420657272FE
S21403FC286F727320726561636820282564292C2007
S21403FC3861626F7274696E672E004F544120436C7D
S21403FC4875737465723A2073657474696E672049B0
S21403FC584545452061646472657373206F66204F5B
S21403FC68544120636C7573746572005061727469CD
S21403FC78616C2066696C6520646F776E6C6F61646F
S21403FC8820666F756E642C20636F6E74696E756973
S21403FC986E672066726F6D206F66667365742030B4
S21403FCA8782530385800466F756E642066756C6C18
S21403FCB87920646F776E6C6F616465642066696C1F
S21403FCC86520696E2073746F726167652028766590
S21403FCD87273696F6E20307825303858292E00469F
S21403FCE86F756E642066696C6520696E2073746F21
S21403FCF872616765207769746820646966666572E9
S21403FD08656E742076657273696F6E202830782561
S21403FD1830385829207468616E2063757272656E70
S21403FD28742076657273696F6E20283078253038AC
S21403FD3858290046696C6520696E2073746F726172
S21403FD4867652069732073616D6520617320637529
S21403FD587272656E742072756E6E696E672076654C
S21403FD687273696F6E202830782530385829004E0C
S21403FD786F20696D61676520666F756E6420696EAE
S21403FD882073746F726167652E004F544120536564
S21403FD98727669636520446973636F766572792042
S21403FDA8756E626C6F636B65640049676E6F726924
S21403FDB86E67207365727665722066726F6D206C47
S21403FDC86F6F706261636B2061646472657373003E
S21403FDD849676E6F72696E6720307825303458200D
S21403FDE84F54412073657276657220696E20736579
S21403FDF861726368206F66205443005365747469A0
S21403FE086E67204F54412053657276657220746F6F
S21403FE18203078253034580044656C6179696E67FC
S21403FE28202564207365636F6E6473206265666F4E
S21403FE387265207374617274696E67204F5441202B
S21403FE48636C69656E740054696D656F75742077A5
S21403FE58616974696E6720666F72206D6573736176
S21403FE6867652E00426164204F544120636F6D6DB1
S21403FE78616E643A20307825303258004F5441205A
S21403FE88636F6D6D616E6420307825303258207448
S21403FE986F6F2073686F727420286C656E202564F4
S21403FEA8203C206D696E20256429004F5441206349
S21403FEB86F6D6D616E642066726F6D20756E726508
S21403FEC8636F676E697A65642073657276657220F8
S21403FED83078253034582E20204D79204F54412031
S21403FEE87365727665723A2030782530345800493F
S21403FEF86D616765204E6F7469667900476F742075
S21403FF08756E65787065637465642025732E202086
S21403FF18537461727420646973636F766572792E9D
S21403FF280064656661756C74004F54413A206661D7
S21403FF38696C656420746F2073656E64202573206E
S21403FF48726573706F6E73653A2030782530325851
S21403FF5800496D616765206E6F7469667900476F3F
S21403FF687420756E65787065637465642025732ED2
S21403FF78202049676E6F7265642E004F54413A20FD
S21403FF8844656661756C7420726573706F6E73650D
S21403FF9820666F7220496D616765206E6F746966A7
S21403FFA8792C207374617475732030782530325831
S21403FFB800496D616765206E6F7469667920636FA3
S21403FFC86D6D616E6400257320756E696361737465
S21403FFD82C207175657279696E6700496E76616C57
S21403FFE86964002573202573207061796C6F6164DA
S21403FFF820747970652030782530325800257320B0
S21404000825733A206F7574206F662072616E676573
S214040018206A697474657220256400257320257324
S2140400283A207061796C6F6164206C656E677468D9
S21404003820646F65736E2774206D6174636820741A
S2140400487970652030782530325820282564203C7D
S214040058202564290025732025732064756520747B
S2140400686F206E6F6E2D6D61746368696E67206DA0
S214040078616E7566616374757265722049440025FD
S214040088732025732064756520746F206E6F6E2D3B
S2140400986D61746368696E6720696D61676520744D
S2140400A87970652049440025732025732064756596
S2140400B820746F206D61746368696E672066697260
S2140400C86D776172652076657273696F6E00257345
S2140400D82025732C2052782764204A697474657224
S2140400E82028307825303258292C205069636B65CF
S2140400F864204A697474657220283078253032582A
S21404010829005175657279206E65787420696D6169
S214040118676520726573706F6E7365002573207249
S214040128657475726E6564203078253032582E20D2
S214040138204E6F206E657720696D61676520746F41
S21404014820646F776E6C6F61642E00257320746F5D
S2140401586F2073686F727420282564203C202564F9
S214040168290025733A204E657720696D61676520F6
S214040178697320617661696C61626C6520666F726A
S21404018820646F776E6C6F61642E00257320697324
S214040198206E6F74207573696E67206D7920696D9B
S2140401A861676520696E666F2E004552524F523A53
S2140401B8204E65787420496D6167652069732074DC
S2140401C86F6F2062696720746F2073746F7265207E
S2140401D828307825303858203E203078253038584E
S2140401E8290025732072657475726E6564207361C0
S2140401F86D652046696C6556657273696F6E206115
S214040208732063757272656E746C7920696E737484
S214040218616C6C65642E004F544120446F776E679A
S21404022872616465732044697361626C65643A201C
S21404023846696C6556657273696F6E20626568698F
S2140402486E642063757272656E7420696E73746169
S2140402586C6C6174696F6E005374617274696E674E
S21404026820646F776E6C6F61642C205665727369B0
S2140402786F6E20307825303858004572726F723A9F
S214040288204661696C656420746F2064656C6574C7
S2140402986520696D6167652E004572726F723A2033
S2140402A84661696C656420746F20657261736520A5
S2140402B86F6C642074656D7020646174612E0049E7
S2140402C86D61676520626C6F636B20726573706F0F
S2140402D86E7365004F54413A20496D616765426CF8
S2140402E86F636B5265706F6E736520636F6E7461AF
S2140402F8696E7320696E76616C6964206F72206912
S2140403086E636F6D706C6574652064617461005506
S21404031870646174696E67204D696E20426C6F6301
S2140403286B205265717565737420506572696F64C5
S21404033820746F202564206D7300446F776E6C6F8D
S21404034861642064656C61792062792073657276CD
S2140403586572202564206D7300446F776E6C6F6138
S214040368642061626F7274656420627920736572B2
S2140403787665722E0053657276657220646F6573AF
S2140403886E277420737570706F7274207061676559
S21404039820726571756573742C206F6E6C79207580
S2140403A873696E6720626C6F636B2072657175651E
S2140403B873742E005365727665722072657475724E
S2140403C86E65642027756E737570706F72746564D5
S2140403D820636C757374657220636F6D6D616E64EB
S2140403E8272E00556E6B6E6F776E202573207374F8
S2140403F86174757320636F646520307825303258CD
S2140404080025732068617320646174612073697AB7
S21404041865202825642920736D616C6C65722074C8
S21404042868616E2061637475616C207061636B65C6
S214040438742073697A6520282564292E002573207C
S2140404486572726F723A20457870656374656420C5
S2140404586F6666736574203078253038582C2062A9
S214040468757420676F74203078253038582E20200D
S21404047849676E6F72696E6700257320696E666FCA
S21404048820646964206E6F74206D61746368206DDF
S2140404987920657870656374656420696E666F2E66
S2140404A8202044726F7070696E672E004661696C0E
S2140404B8656420746F20777269746520746F20737E
S2140404C8746F7261676520646576696365210044A4
S2140404D86F776E6C6F61640055706772616465202F
S2140404E8656E6420726573706F6E7365005365720B
S2140404F87665722061626F727465642075706772BF
S2140405086164652C207374617475733A2030782599
S214040518303258004572726F723A2025732068612B
S2140405286420696E76616C69642025733A200066D7
S214040538696C652076657273696F6E0041646469D8
S2140405486E67202564206D732E2064656C6179209F
S214040558666F7220696D6D6564696174652075706F
S21404056867726164652E00436F756E74646F776E88
S21404057820746F20757067726164653A202564205C
S2140405886D73002053746174653A20202025730027
S2140405982057616974696E6720666F722072657386
S2140405A8706F6E73653A20257300204E6578742044
S2140405B84576656E742054696D65723A2025642004
S2140405C86D73002043757272656E7420446F776E7F
S2140405D86C6F6164204F66667365743A20307825BC
S2140405E8303858202825642525290025733A20669E
S2140405F861696C65642070617273696E67204F5414
S2140406084120636D6420307825303258004F5441B9
S2140406182044656661756C7420726573706F6E73BA
S2140406286520746F20636F6D6D616E642049442085
S2140406383078253032582C207374617475732030E2
S214040648782530325800496D61676520626C6F639F
S2140406586B20726571756573742074657374206F86
S2140406686E6C7920776F726B73207768656E20736B
S2140406787461746520697320424F4F544C4F41444B
S2140406885F53544154455F4E4F4E450052616E6465
S2140406986F6D2044656C6179206265666F726520AB
S2140406A8737461727400446973636F766572696EF5
S2140406B867204F5441205365727665720047657407
S2140406C8204F54412053657276657220455549007B
S2140406D84F627461696E206C696E6B206B65790075
S2140406E85175657279696E67204E65787420496D10
S2140406F861676500446F776E6C6F6164696E672026
S214040708496D61676500566572696679696E672022
S214040718496D6167650057616974696E6720666F1D
S214040728722055706772616465206D6573736167BE
S2140407386500436F756E74646F776E20746F20550A
S2140407487067726164650057616974696E672074BE
S2140407586F207570677261646520766961206F75AD
S214040768742D6F662D62616E64206D656368616EB4
S21404077869736D0025733A202564252520636F6DFB
S214040788706C65746500496D616765202564002092
S214040798204552524F523A20436F756C64206E6F50
S2140407A874206765742066756C6C2068656164657A
S2140407B8722100202048656164657220566572734C
S2140407C8696F6E3A20307825303458002020486502
S2140407D861646572204C656E6774683A20202564E7
S2140407E82062797465730020204669656C6420432A
S2140407F86F6E74726F6C3A20203078253034580047
S21404080820204D616E75662049443A202020202019
S2140408182020307825303458002020496D616765DB
S21404082820547970653A20202020203078253034EA
S2140408385800202056657273696F6E3A202020206F
S214040848202020203078253038580020205A696720
S2140408586265652056657273696F6E3A203078252E
S21404086830345800202048656164657220537472D9
S214040878696E673A20202573002020496D616765F4
S2140408882053697A653A2020202020256C6420624B
S21404089879746573002020536563757269747920CA
S2140408A8437265643A202030782530325800202078
S2140408B85570677261646520446573743A20202015
S2140408C80020204D696E2E204857205665723A201F
S2140408D82020203078253034580020204D61782E8A
S2140408E8204857205665723A202020203078253034
S2140408F83458002020546F74616C20546167733A2E
S21404090820256400202020205461673A203078256A
S214040918303458002020202020204C656E677468E8
S2140409283A20256C64004572726F723A20436F75DC
S2140409386C64206E6F74206F627461696E207461D3
S2140409486720696E666F2066726F6D20696D6167D1
S214040958652E000A256420696D6167657320696ED3
S214040968204F54412073746F726167652E00496D79
S2140409786167652064656C65746525732E00457229
S214040988726F723A2020436F756C64206E6F742001
S2140409987265616420626C6F636B3A203078253028
S2140409A832582E0A005374617274696E6720657231
S2140409B86173652066726F6D206F66667365742052
S2140409C830782530385820746F20307825303858D9
S2140409D800436F756C64206E6F7420737461727450
S2140409E8204552415345212028307825303258294D
S2140409F800454550524F4D20457261736520636F1C
S214040A086D706C657465002F686F6D652F72756EF2
S214040A186E65722F776F726B2F747579612D7A698C
S214040A28676265652D7377697463682F7475796171
S214040A382D7A69676265652D7377697463682F73A1
S214040A48696C6162735F746F6F6C732F73696D7012
S214040A586C69636974795F73646B2F70726F746FF3
S214040A68636F6C2F7A69676265652F6170702F668D
S214040A7872616D65776F726B2F706C7567696E2F10
S214040A886F74612D73746F726167652D73696D7009
S214040A986C652D656570726F6D2F6F74612D737438
S214040AA86F726167652D656570726F6D2D7061670D
S214040AB8652D65726173652E63002F686F6D652FEB
S214040AC872756E6E65722F776F726B2F7475796197
S214040AD82D7A69676265652D7377697463682F7400
S214040AE87579612D7A69676265652D7377697463AC
S214040AF8682F73696C6162735F746F6F6C732F739E
S214040B08696D706C69636974795F73646B2F70724E
S214040B186F746F636F6C2F7A69676265652F61708F
S214040B28702F6672616D65776F726B2F706C756760
S214040B38696E2F6F74612D73746F726167652D7398
S214040B48696D706C652D656570726F6D2F6F746155
S214040B582D73746F726167652D656570726F6D2E7F
S214040B6863004F54412053696D706C652053746F4D
S214040B787261676520454550524F4D207761726E05
S214040B88696E673A20636F756C64206E6F742067AD
S214040B98657420736C6F7420696E666F20666F7256
S214040BA820736C6F7420256420286572726F722017
S214040BB8307825303258292E2044656661756C7461
S214040BC8696E6720746F2073706563696669656407
S214040BD82061646472657373206F666673657473E4
S214040BE80053746F72616765204472697665723A59
S214040BF8202020202020202020202020204F544160
S214040C082053696D706C652053746F726167652034
S214040C18454550524F4D20506C7567696E005265B5
S214040C286164204D6F64696679205772697465201B
S214040C38537570706F72743A20206E6F00534F436A
S214040C4820426F6F746C6F6164696E6720537570A9
S214040C58706F72743A2020202079657300426F6F93
S214040C68746C6F616465722053746F726167652073
S214040C78537570706F72743A20557365206669727E
S214040C88737420736C6F7400536C6F7420746F20C5
S214040C987573653A2020202020202020202020203C
S214040CA82020202025640043757272656E742044E3
S214040CB86F776E6C6F6164204F66667365743A204E
S214040CC82020203078253038580045424C2053746C
S214040CD8617274204F66667365743A20202020205B
S214040CE820202020202030782530385800454550CC
S214040CF8524F4D2053746172743A202020202020CD
S214040D082020202020202020203078253038580025
S214040D18454550524F4D20456E643A2020202020E9
S214040D282020202020202020202020203078253035
S214040D38385800496D61676520496E666F2053749C
S214040D486172743A20202020202020202020203081
S214040D5878253038580053617665205261746520CA
S214040D6828627974657329202020202020202020DA
S214040D782020307825303858004F6666736574200E
S214040D886F6620646F776E6C6F6164206F66667337
S214040D986574202020307825303858004F666673EE
S214040DA86574206F662045424C206F6666736574CA
S214040DB83A20202020202020307825303858004F2C
S214040DC86666736574206F6620696D61676520734F
S214040DD8746172743A202020202020307825303818
S214040DE85800736C5F7A69676265655F61665F6FF2
S214040DF874615F73746F726167655F647269766540
S214040E08725F726561645F63622829206661696C33
S214040E1865642100426164206D61676963206E75AC
S214040E286D62657220696E2066696C653A20307852
S214040E3825303258203078253032582030782530FE
S214040E48325820307825303258004261642076655E
S214040E587273696F6E20696E2066696C65203078D7
S214040E6825303458004572726F723A207265616490
S214040E78416E6456616C696461746553746F726517
S214040E8864496D61676528292074726965642074ED
S214040E986F2072656164206D6F7265206461746189
S214040EA8207468616E20697420636F756C642068AA
S214040EB86F6C642E00736C5F7A69676265655F6140
S214040EC8665F6F74615F73746F726167655F64727F
S214040ED8697665725F726561645F63622829204675
S214040EE841494C454421004C617374206F6666730F
S214040EF8657420646F776E6C6F616465643A20303D
S214040F0878253038580053746F72616765204D6FC2
S214040F1864756C653A204F54412053696D706C654E
S214040F282053746F7261676520506C7567696E002C
S214040F38496D616765732053746F7265643A20203F
S214040F482564206F6620310A00253032583A006539
S214040F5870202530325820636C7573202530345839
S214040F6820617474722025303458207376722025D4
S214040F786300206D6667202530325800207265703D
S214040F886F7274206D696E2025303458206D617830
S214040F982025303458207270742D636867202530F5
S214040FA838580020726563656976652066726F6DC9
S214040FB8202530345820657020253032582074692E
S214040FC86D656F7574202530345800636C656172DE
S214040FD80072656D6F766500636C656172696E672D
S214040FE8206C617374207265706F72742074696DF6
S214040FF865206F6620616C6C206174747269627512
S2140410087465730074657374696E672074696D69B2
S2140410186E67206F6620766172696F7573207265D5
S214041028706F7274696E67206F7065726174696F29
S2140410386E73002D2D2D2D2D2D2D2D2D2D2D2D2D75
S2140410482D2D2D2D2D2D2D2D2D2D2D2D2D2D2D2DBF
S2140410582D2D2D2D2D2D2D2D2D2D2D2D2D2D2D2DAF
S2140410682D2D002D2D7461626C6520726561647384
S214041078202D2066756C6C207461626C652D2D00BD
S214041088726573756C74203D202564206D73002D7D
S2140410982D696E6974202F207363686564756C65A2
S2140410A8207469636B2D2D2D002D2D6C6F616420C3
S2140410B8636F6E66696775726174696F6E206465BE
S2140410C86661756C74732D2D002F686F6D652F72AD
S2140410D8756E6E65722F776F726B2F747579612DC6
S2140410E87A69676265652D7377697463682F7475A2
S2140410F879612D7A69676265652D737769746368A3
S2140411082F73696C6162735F746F6F6C732F736986
S2140411186D706C69636974795F73646B2F70726F32
S214041128746F636F6C2F7A69676265652F61707078
S2140411382F6672616D65776F726B2F706C75676951
S2140411486E2F7265706F7274696E672F7265706F32
S2140411587274696E672E6300524541445F52505458
S2140411685F43464700726561645F7265706F7274A8
S214041178696E675F636F6E66696775726174696FB7
S2140411886E005265706F7274696E673A206661699C
S2140411986C656420746F2073656E642025732072F2
S2140411A86573706F6E73653A203078253032580050
S2140411B84552523A2072656164696E6720636C759D
S2140411C873746572203078253034582061747472CC
S2140411D86962757465203078253034583A2030783A
S2140411E825303258004552523A207265706F727430
S2140411F8696E67206F66204C4F4E47207374726979
S2140412086E67206174747269627574652074797087
S21404121865206E6F7420737570706F727465643AA7
S21404122820636C75737465722030782530345820C2
S2140412386174747269627574652030782530345820
S214041248005265706F7274696E6720456E747279A1
S2140412582046756C6C202D206372656174696E6710
S214041268206E6577207265706F7274004346475F18
S21404127852505400202D20646972656374696F6E39
S2140412883A253032582C20617474723A2530345812
S21404129800202020747970653A253032582C206D49
S2140412A8696E3A253034582C206D61783A253034E6
S2140412B858002020206368616E67653A0020202065
S2140412C874696D656F75743A2530345800636F6EAB
S2140412D86669677572655F7265706F7274696E6742
S2140412E8002054434C4B2075706461746520616C0F
S2140412F8726561647920696E2070726F67726573AF
S21404130873004D616E75616C2054434C4B207570A8
S21404131864617465206661696C65642E2573005380
S21404132874617274696E672075706461746520747C
S214041338727573742063656E746572206C696E6B5F
S214041348206B65792070726F6365737300557064DB
S214041358617465205443204C696E6B204B65790094
S214041368204E6577206B65792065737461626C69B5
S214041378736865643A00204572726F723A00506169
S21404138872746E65723A20005A434C20676C6F621A
S214041398616C20636C757374657220636F6D6D6120
S2140413A86E647300646972656374696F6E00646959
S2140413B873632D636F6D2D67656E00646973632DA3
S2140413C8636F6D2D726563006578706563742D723E
S2140413D865706F72742D66726F6D2D6D6500757706
S2140413E872697465006E7772697465007265706FE9
S2140413F872742D726561640073656E642D6D652D57
S214041408612D7265706F72740043726561746573DA
S214041418206120676C6F62616C20646973636F7601
S214041428657220636F6D6D616E6420666F722074DA
S2140414386865206173736F63696174656420766197
S2140414486C7565732E00636C757374657249641FD6
S21404145861747472696275746549641F6D61784E47
S214041468756D626572546F5265706F72741F0043AF
S214041478726561746573206120676C6F62616C20A5
S21404148873656E64206D652061207265706F727472
S21404149820636F6D6D616E6420666F722074686574
S2140414A8206173736F6369617465642076616C7513
S2140414B865732E00636C757374657249641F617472
S2140414C87472696275746549641F646174615479D9
S2140414D870651F6D696E5265706F727454696D65B8
S2140414E81F6D61785265706F727454696D651F72EA
S2140414F865706F727461626C654368616E67651FB8
S2140415080043726561746573206120676C6F62615D
S2140415186C2072656164207265706F7274696E6798
S21404152820636F6D6D616E6420666F7220746865E3
S214041538206173736F63696174656420636C757383
S2140415487465722C2061747472696275746520619E
S2140415586E64207365727665722F636C69656E7443
S21404156820646972656374696F6E2E00636C7573A4
S21404157874657249641F6174747269627574654926
S214041588641F646972656374696F6E1F00476C6FC5
S21404159862616C207265706F7274696E6720636F1F
S2140415A86D6D616E6400656E64706F696E741F633A
S2140415B86C757374657249641F61747472696275B4
S2140415C8746549641F6D61736B1F004372656174AB
S2140415D86573206120676C6F62616C207265616454
S2140415E820636F6D6D616E64206D657373616765E6
S2140415F820746F20726561642066726F6D2074684B
S2140416086520636C757374657220616E64206174FA
S2140416187472696275746520737065636966696552
S214041628642E00636C757374657249641F61747400
S21404163872696275746549641F00437265617465EE
S21404164873206120676C6F62616C207772697465B9
S21404165820636F6D6D616E64206D65737361676575
S21404166820746F20777269746520746F20746865B7
S21404167820636C757374657220616E64206174747B
S21404168872696275746520737065636966696564F2
S21404169800636C757374657249641F617474726947
S2140416A86275746549641F747970651F6461746132
S2140416B81F004372656174652061206578706563F0
S2140416C8742D7265706F72742D66726F6D2D6D65EC
S2140416D8206D657373616765207769746820617324
S2140416E8736F6369617465642076616C7565732EBF
S2140416F800636C757374657249641F6174747269E7
S2140417086275746549641F74696D656F75741F0026
S214041718437265617465206120446973636F7665F6
S2140417287220436F6D6D616E64732047656E6572D3
S2140417386174656420636F6D6D616E642077697487
S21404174868206173736F6369617465642076616C7D
S2140417587565732E00636C757374657249641F73BC
S21404176874617274436F6D6D616E6449641F6D6154
S21404177878436F6D6D616E6449641F0053657473B6
S2140417882074686520646972656374696F6E206680
S2140417986F7220676C6F62616C20636F6D6D616E2B
S2140417A864732C2065697468657220636C69656E59
S2140417B87420746F20736572766572206F72207356
S2140417C8657276657220746F20636C69656E742E14
S2140417D80053657473206120666C616720736F20FC
S2140417E87468617420746865206170706C696361DC
S2140417F874696F6E206672616D65776F726B2057B9
S214041808494C4C204E4F5420726573706F6E64209A
S214041818746F20746865206E657874205A434C206B
S2140418286D657373616765207468617420636F6D92
S214041838657320696E206F7665722074686520610A
S21404184869722E0053657473206120666C61672084
S214041858736F207468617420746865206170706C96
S21404186869636174696F6E206672616D65776F72FD
S2140418786B2057494C4C20726573706F6E642074E5
S2140418886F20746865206E657874205A434C206D02
S214041898657373616765207468617420636F6D652A
S2140418A87320696E206F7665722074686520616996
S2140418B8722E0053657473207468652044697361D6
S2140418C8626C652044656661756C74205265737035
S2140418D86F6E7365204672616D6520436F6E747211
S2140418E86F6C2062697420746F2075736520666F48
S2140418F87220746865206E65787420636F6D6D61F8
S2140419086E642069662074686520636F6D6D616E09
S21404191864206973206E6F7420616C7265616479E3
S214041928206275696C742E0064697361626C654420
S214041938656661756C74526573706F6E73651F00A7
S214041948536574732074686520666C616720746FC9
S214041958207573652074686520696E6372656D65A5
S2140419686E7465642073657175656E6365206E753F
S2140419786D6265722066726F6D2074686520667283
S214041988616D65776F726B20666F72207468652068
S2140419986E6578742072617720636F6D6D616E640E
S2140419A82E007573654E65787453657175656E6338
S2140419B8651F00436C6920636F6D6D616E642074E7
S2140419C86F2063616C6C20736C5F7A696762656507
S2140419D85F61665F7365745F74696D652066756EAE
S2140419E86374696F6E20646F63756D656E74656481
S2140419F820696E2061662E680075746354696D6587
S214041A081F0053657473207468652074776F2062AA
S214041A18797465206D616E75666163747572657236
S214041A28207370656369666963206964656E7469A2
S214041A386669657220746F2075736520666F7220F8
S214041A48746865206E65787420636F6D6D616E6466
S214041A582069662074686520636F6D6D616E642006
S214041A686973206E6F7420616C7265616479206294
S214041A7875696C742E006D6667537065636966696C
S214041A886349641F006E6F742000534C5F535441BF
S214041A985455535F4E4554574F524B5F555020305C
S214041AA878253034580054727573742043656E7400
S214041AB865722045554920686173202573636861FB
S214041AC86E6765642E00534C5F5354415455535FF8
S214041AD84E4554574F524B5F444F574E00534C5F36
S214041AE85354415455535F4E4F545F4A4F494E45DD
S214041AF84400534C5F5354415455535F5A49474224
S214041B0845455F4E4554574F524B5F4F50454E45DB
S214041B18443A2025642073656300534C5F5354414C
S214041B285455535F5A49474245455F4E4554574FA7
S214041B38524B5F434C4F5345440025733A20257354
S214041B480064697374726962757465640063656EAB
S214041B587472616C697A656400466F726D002573E9
S214041B68696E67206F6E2063682025642C20706178
S214041B786E496420307825303458004572726F7286
S214041B883A2044657669636520646F6573206E6FD2
S214041B987420737570706F7274202573206E657464
S214041BA8776F726B20666F726D6174696F6E004A28
S214041BB86F696E00496E76616C6964205365637557
S214041BC8726974792050726F66696C653A20307849
S214041BD82530325800704A6F696E20666F72202569
S214041BE864207365633A20307825303258004C698F
S214041BF86D6974696E67206475726174696F6E20A6
S214041C086F66207065726D6974206A6F696E2066E7
S214041C18726F6D20666F7265766572202832353568
S214041C282920746F203235340052583A205A444FCB
S214041C382C20636F6D6D616E6420307825303458BF
S214041C482C207374617475733A20307825303258B2
S214041C580053696D706C650052583A202573204409
S214041C686573632052657370004D61746368002C55
S214041C78204D6174636865733A202564004465766C
S214041C8869636520416E6E6F756E63653A203078B9
S214041C98253034580052583A204945454520416471
S214041CA8647265737320526573706F6E7365005241
S214041CB8583A204163746976652045502052657306
S214041CC8706F6E73652C20436F756E743A202564A6
S214041CD8004E6F6465002C204D6174636865733A22
S214041CE82030782530345800737461636B20766529
S214041CF8722E205B25642E25642E25640020257309
S214041D08206275696C642025645D005A444F00534C
S214041D184500484100436C757374657200476C6FE0
S214041D2862616C0025737478203078253038582C16
S214041D38200050726F66696C653A20257320283037
S214041D487825303458292C20436C75737465723A98
S214041D58203078253034582C202564206279746520
S214041D68732C00205A434C20257320436D64204965
S214041D78443A202564005072652D52656C6561737B
S214041D886500416C706861203100416C70686120A0
S214041D983200416C706861203300426574612031FA
S214041DA8004265746120320042657461203300473E
S214041DB84100526573657420696E666F3A20307800
S214041DC82530325820282573290064656C657465A7
S214041DD82062696E64696E673A2025303258202579
S214041DE8303258000102030405060708090A0B0CDA
S214041DF8000101010101010101010101010057521D
S214041E08495445204552523A2000257365702025CA
S214041E1830325820636C757320253034582061742A
S214041E2874722025303458206E6F74207375707061
S214041E386F72746564002573696E76616C696420D4
S214041E4864617461207479706500257361747472B2
S214041E58206E6F74207772697461626C65005752DD
S214041E684954453A206E6F2077726974652C206A47
S214041E787573742061207465737400524541443A3E
S214041E88206174747269627574652073697A652052
S214041E98746F6F206C6172676520666F7220636169
S214041EA86C6C657200636C6E7400737276720052A2
S214041EB85700524F00202052414D20200020746FB6
S214041EC86B656E200065787465726E2000454E4416
S214041ED8504F494E54202530325800636C75732091
S214041EE82F2073696465202F2061747472202F2054
S214041EF86D666720202F74797065286C656E292FA7
S214041F08207277202F2073746F72616765202F20E4
S214041F18646174612028726177290025303458205A
S214041F282F202573202F2025303458202F200020DA
S214041F382F202530325820282530325829202F20A3
S214041F482573202F202573202F2000556E73757057
S214041F58706F72746564004F544120524541443A88
S214041F682065703A25303258206369643A2530343F
S214041F78582061747469643A25303458206D736B3C
S214041F883A25303258206D66636F64653A253034D6
S214041F985800524541443A20636C75732025303402
S214041FA8582C206174747220253034582066616970
S214041FB86C6564202530325800524541443A206303
S214041FC86C757320253034582C206174747220255F
S214041FD83034582C20646174614C656E3A20253080
S214041FE832582C204F4B0028256329253032582593
S214041FF83032582530325825303258253032582554
S21404200830325825303258253032580064697361A6
S214042018626C65002573642C2064726F7070696E38
S214042028672065702030782530325820636C7573C5
S2140420382030782530345820636D64203078253075
S21404204832580047656E657261746564005265634C
S214042058656976656400446973636F7665722043C0
S2140420686F6D6D616E647320726573706F6E7365E1
S2140420782028636F6D706C6574653A202563292C77
S214042088202573204944733A200030782530325886
S21404209820005F45585400524541445F4154545209
S2140420A80057524954453A20636C757320253034DA
S2140420B858206174747220253034582000464149EB
S2140420C84C20253032580057524954453A20746FEC
S2140420D86F2073686F727400444953435F415454C5
S2140420E85200257325733A20636C757320253034A3
S2140420F8580053766320446973633A20002573575F
S214042108616974696E672025642073656320666F49
S2140421187220646973636F7665727920746F2063BE
S2140421286F6D706C65746500537461746520636FB5
S21404213872726573706F6E64696E6720746F20744C
S2140421486865207468652072657175657374206E99
S2140421586F7420666F756E640A002573636F6D70FE
S2140421686C6574652E0A0025735365727669636513
S21404217820446973636F7665727920537461746555
S214042188206C696D69747320726561636865640A96
S214042198002573496C6C6567616C2062726F6164B4
S2140421A86361737420616464726573732C2072654A
S2140421B86D617070696E6720746F2076616C6964EF
S2140421C8206F6E652E0025734661696C65642074FD
S2140421D86F2073656E64206D617463682064697328
S2140421E8636F766572793A20307825303258002540
S2140421F8735374617274696E6720646973636F7667
S21404220865727920666F7220636C757374657220C4
S2140422183078253034580025734661696C65642027
S214042228746F2073656E642073696D706C652064C2
S214042238657363726970746F7220726571756573FD
S214042248743A203078253032580025734661696C14
S214042258656420746F2073656E642049454545207F
S2140422686164647265737320726571756573743A14
S214042278203078253032580025734661696C6564C9
S21404228820746F2073656E64204E574B2061646417
S2140422987265737320726571756573743A20307845
S2140422A825303258004572726F723A2025732062C0
S2140422B861642073696D706C652064657363726904
S2140422C870746F72206C656E6774682E0025734D83
S2140422D865737361676520746F6F2073686F7274B3
S2140422E80025734D65737361676520746F6F20737B
S2140422F8686F727420666F72206E756D2E20656E18
S21404230864706F696E74730025734D617463682511
S2140423187320666F756E642066726F6D203078253C
S2140423283034582E004572726F723A20257320692D
S2140423386E76616C6964206C656E677468202825FF
S2140423486420213D2025642920666F722041637429
S21404235869766520456E64706F696E74207265735D
S214042368706F6E7365002573676F74206163746994
S214042378766520455020726573706F6E73650055D8
S21404238854432074696D653A2025642F25642F25E7
S214042398642025643A25643A25642028253038586C
S2140423A8290028556E6B6E6F776E20636C75732ED6
S2140423B8205B3078253034585D29000D0A542530C2
S2140423C838583A005258206C656E2025642C2065CF
S2140423D87020253032582C20636C7573203078258D
S2140423E83034582000206D666749642025303458F8
S2140423F80020464320253032582073657120253046
S214042408325820636D642025303258207061796C08
S2140424186F61645B004261736963004F766572207E
S2140424287468652041697220426F6F746C6F6164CA
S214042438696E67002573525820706B7420746F6F2A
S2140424482073686F72743A202564203C2025640043
S2140424582573525820706B74206D616C666F726DAC
S21404246865643A202564203C2025640020204861C1
S214042478766520526F7574657220537570706F7226
S21404248874002020456E6420446576696365204F91
S2140424986E6C79002020456E61626C6564002020AD
S2140424A844697361626C6564004572726F72207267
S2140424B8657472696576696E6720696E666F2066EC
S2140424C86F72206C696272617279204944202564AF
S2140424D8002573206C6962726172792573207072A4
S2140424E86573656E74005A69676265652050726F15
S2140424F80042696E64696E67005365637572697431
S2140425087920436F72650053656375726974792020
S2140425184C696E6B204B6579730043424B452031FA
S21404252836334B310043424B4520445341205369CC
S214042538676E004543430043424B452044534120BD
S214042548566572696679005061636B6574205661D6
S2140425586C6964617465005A4C4C0043424B4520D0
S2140425683238334B3100454343203238334B31003D
S21404257843424B4520636F7265004E4350004D75C9
S2140425886C7469206E6574776F726B00456E68614B
S2140425986E63656420426561636F6E2052657100E0
S2140425A843424B45203238334B312044534120565E
S2140425B86572696679004D756C74692D50414E00D4
S2140425C82F686F6D652F72756E6E65722F776F72D2
S2140425D86B2F747579612D7A69676265652D7377D3
S2140425E8697463682F747579612D7A69676265659D
S2140425F82D7377697463682F73696C6162735F748B
S2140426086F6F6C732F73696D706C69636974795F27
S21404261873646B2F70726F746F636F6C2F7A69674D
S2140426286265652F737461636B2F636F6E66696783
S2140426382F736C5F7A69676265655F636F6E666938
S2140426486775726174696F6E2E63002F686F6D65A7
S2140426582F72756E6E65722F776F726B2F7475791D
S214042668612D7A69676265652D7377697463682F67
S214042678747579612D7A69676265652D73776974EF
S21404268863682F73696C6162735F746F6F6C732F02
S21404269873696D706C69636974795F73646B2F70A2
S2140426A8726F746F636F6C2F7A69676265652F73D0
S2140426B87461636B2F6672616D65776F726B2F61D9
S2140426C865732D6563622E63002F686F6D652F72C0
S2140426D8756E6E65722F776F726B2F747579612DB0
S2140426E87A69676265652D7377697463682F74758C
S2140426F879612D7A69676265652D7377697463688D
S2140427082F73696C6162735F746F6F6C732F736970
S2140427186D706C69636974795F73646B2F70726F1C
S214042728746F636F6C2F7A69676265652F7374615B
S214042738636B2F73656375726974792F7A69676238
S21404274865652D73656375726974792D6D616E613F
S2140427586765722D6E6F2D7661756C742E630045F1
S21404276872726F723A20204661696C656420746FD1
S21404277820726561642066726F6D20454550524F1D
S2140427884D2061742030782534582C207374617475
S21404279875733A20256400454550524F4D20496EBE
S2140427A8697469616C697A65643A202563004545ED
S2140427B850524F4D20427573793A20256300506174
S2140427C8727469616C20576F72642053746F7261F7
S2140427D8676520436F756E743A2025640041646407
S2140427E8726573733A2030782534582C20506172F9
S2140427F87469616C20576F72643A203078255800E3
S214042808636F6E6669726D656400617373756D6572
S21404281864000A454550524F4D20496E666F004E77
S2140428286F7420617661696C61626C6520286F6CD0
S21404283864657220626F6F746C6F616465722900D8
S21404284850617274204465736372697074696F6E3C
S2140428583A202020202020202020202573004361B1
S214042868706162696C69746965733A202020202057
S2140428782020202020202020203078253258005080
S2140428886167652045726173652074696D652028E3
S21404289873293A2020202020202564005061727471
S2140428A82045726173652074696D65202873293A1A
S2140428B82020202020202564005061727420457250
S2140428C86173652074696D6520286D73293A202024
S2140428D820202020256400506167652073697A6586
S2140428E820286279746573293A2020202020202025
S2140428F82020256C00506172742073697A6520283C
S2140429086279746573293A2020202020202020200C
S214042918256C00576F72642073697A65202862797B
S214042928746573293A20202020202020202025643E
S214042938202825702900454550524F4D20696E6958
S214042948743A2030782558002F686F6D652F727595
S2140429586E6E65722F776F726B2F747579612D7A28
S21404296869676265652D7377697463682F7475790A
S214042978612D7A69676265652D7377697463682F54
S21404298873696C6162735F746F6F6C732F73696DB0
S214042998706C69636974795F73646B2F7574696C9A
S2140429A82F706C7567696E2F706C7567696E2D630A
S2140429B86F6D6D6F6E2F656570726F6D2F656570C0
S2140429C8726F6D2E6300556E61626C6520746F209D
S2140429D8626F6F7420696D61676520617420736C1B
S2140429E86F7420256C640A00536C6F74204D616EF6
S2140429F861676572206661696C656420746F20651A
S214042A087261736520736C6F740A004D6178207266
S214042A18656164206C696D69742073657420746FCD
S214042A282025642062797465730A004164647265BB
S214042A3873732020202020202020202044617461E5
S214042A480A00307825346C78202020202020203076
S214042A587825780A004661696C656420746F20726C
S214042A686561642066726F6D20666C6173680A001F
S214042A78536C6F7420256C640A2020416464726564
S214042A88737320202020203A20307825346C580A86
S214042A9820204C656E6774682020202020203A2069
S214042AA8307825346C582028256C6420627974653F
S214042AB873290A00202054797065202020202020BD
S214042AC820203A20004E6F2047424C2070726573CF
S214042AD8656E740A005A69674265650A0054687226
S214042AE86561640A00436F6E6E6563740A00426C1F
S214042AF87565746F6F74680A00426C7565746F6FD9
S214042B087468206170706C69636174696F6E0A001A
S214042B184D43550A004F7468657220283078256C32
S214042B2858290A00202056657273696F6E20202083
S214042B3820203A203078256C580A002020436170FB
S214042B486162696C69746965733A20307825346CF7
S214042B58580A00202050726F647563742049442014
S214042B68203A2000307825582000536C6F74204D86
S214042B78616E616765723A206661696C6564207483
S214042B886F20696E697469616C697A6520626F6F13
S214042B98746C6F6164657220286572726F72203077
S214042BA878253478290A0056657273696F6E202072
S214042BB82020203A2025640A0050617274202020C0
S214042BC820202020203A2025730A00436170616281
S214042BD8696C69746965733A20307825780A0050F8
S214042BE86172742073697A652020203A202564204F
S214042BF8420A00506167652073697A652020203A86
S214042C0820256420420A00576F72642073697A6527
S214042C182020203A20256420420A00536C6F7473DF
S214042C28202020202020203A2025640A00466169B6
S214042C386C656420746F20726561642066726F6DBB
S214042C482073746F7261676520666C6173682028E8
S214042C586572726F72202564290A00496E76616C63
S214042C68696420736C6F7420256420286D6178204D
S214042C78736C6F74202564290A004661696C656460
S214042C8820746F2067657420696E666F20666F729D
S214042C9820736C6F742025640A00536C6F74204D7F
S214042CA8616E616765723A20736C6F742077726917
S214042CB87465206661696C7572652E204164647259
S214042CC8657373206F6666736574202825642920E7
S214042CD82B207772697465206C656E677468202883
S214042CE82564292067726561746572207468616E4C
S214042CF820746F74616C20736C6F74206C656E67D7
S214042D08746820282564290A00536C6F74204D6162
S214042D186E61676572207761726E696E673A2073B2
S214042D286C6F74202564206C656E6774682028258B
S214042D386429206E6F7420616C69676E65642074FC
S214042D486F20706167652073697A65202825642971
S214042D582E2054686520656E7469726520736C6FDE
S214042D68742077696C6C206E6F74206265206572B7
S214042D78617365642E0A00536C6F74204D616E612E
S214042D886765723A206661696C656420746F2065AD
S214042D987261736520256420627974657320696E90
S214042DA820736C6F742025642061742061646472D7
S214042DB865737320307825347820286572726F72AC
S214042DC82030782578290A004572617365642025C1
S214042DD86420627974657320696E20736C6F74203E
S214042DE825640A004661696C656420746F207365FF
S214042DF87420736C6F7420746F20626F6F7420284D
S214042E086572726F72203078253478290A00466114
S214042E18696C656420746F20736574206C697374B8
S214042E28206F6620736C6F747320746F20626F6FE4
S214042E387420286572726F72203078253478290ACF
S214042E48004661696C656420746F20676574206E3B
S214042E586577206C697374206F6620736C6F74735F
S214042E6820746F20626F6F7420286572726F7220E8
S214042E783078253478290A00426567696E6E696E6B
S214042E886720696D6167652076657269666963613E
S214042E9874696F6E2E2E2E002E6661696C65642129
S214042EA820284572726F72203078253478290A00F3
S214042EB82E7061737365642120426F6F74696E6740
S214042EC820736C6F742025640A00666E692B00668E
S214042ED86E69006E616E00666E692D006C696273B9
S214042EE8006273656E640072657365740072617758
S214042EF80073656E645F6D756C74696361737400E2
S214042F0873656E642D7573696E672D6D756C74695B
S214042F18636173742D62696E64696E670074696DA3
S214042F286573796E63006765742D7074692D7261B4
S214042F3864696F2D636F6E66696700636F6E666992
S214042F48672D6363612D6D6F6465006576656E74C1
S214042F5873007365637572697479007A6967626564
S214042F68655F7072696E7400706C7567696E006E62
S214042F786574006B657973006F7074696F6E0070A2
S214042F886C7567006368616E67656B65790063686E
S214042F98616E67656B007A646F007072696E742080
S214042FA872656C6174656420636F6D6D616E6473BD
S214042FB82E0061747472005A646F2072656C6174B2
S214042FC8656420636F6D6D616E64732E00726F7531
S214042FD8746500706F776572006D676D742D6C711B
S214042FE869006D676D742D62696E64006E6F646542
S214042FF80073696D706C65006965656500756E6259
S214043008696E64006E776B2D757064006F75742D29
S214043018636C2D6C69737400696E2D636C2D6C6912
S2140430287374005A646F20696E2D636C2D6C697313
S214043038742072656C6174656420636F6D6D616E6F
S21404304864732E005A646F206F75742D636C2D6C30
S2140430586973742072656C6174656420636F6D6D42
S214043068616E64732E005A646F206E776B2D7570CC
S214043078642072656C6174656420636F6D6D616E3F
S21404308864732E007363616E2D6368616E2D6D61C3
S214043098736B007363616E006368616E50670063E8
S2140430A868616E005A646F20756E62696E64207279
S2140430B8656C6174656420636F6D6D616E64732EF0
S2140430C800756E6963617374006368616E67656B27
S2140430D865792072656C6174656420636F6D6D61D3
S2140430E86E64732E006C696E6B004F7074696F6E35
S2140430F82072656C6174656420636F6D6D616E64BF
S214043108732E007265676973746572006469736305
S21404311800696E7374616C6C2D636F646500626914
S2140431286E64696E672D7461626C65007072696E90
S214043138742D72782D6D736773006170737265747D
S21404314872790041505320726574727920666C61F6
S2140431586720666F72636520636F6D6D616E647356
S21404316800456E61626C65732F44697361626C65B1
S21404317873207072696E74696E67206F6620527861
S214043188206D657373616765732E00656E61626C86
S214043198650042696E64696E67207461626C6520B6
S2140431A872656C6174656420636F6D6D616E6473BB
S2140431B82E005365637572697479206B657973207C
S2140431C872656C6174656420636F6D6D616E64739B
S2140431D82E0064656C657465004E6574776F726B53
S2140431E82072656C6174656420636F6D6D616E64CE
S2140431F8732E00666F726D0072656A6F696E2D6451
S2140432086966662D6465766963652D7479706500EC
S21404321865787470616E69640069736F70656E00B2
S21404322862726F61642D706A6F696E006368616E9E
S21404323867652D6368616E6E656C00696E697400F7
S2140432486368616E67652D6B6565702D616C69765C
S214043258652D6D6F64650074696D656F75742D6F83
S2140432687074696F6E2D6D61736B006D756C74691F
S2140432782D7068792D7374617274006D756C746939
S2140432882D7068792D73746F700066696E64006EAD
S2140432986574776F726B2066696E6420636F6D6DF4
S2140432A8616E64732E006A6F696E61626C65007580
S2140432B86E7573656400736C6F742D6D616E6167EB
S2140432C8657200636F756E7465727300656E642D3F
S2140432D86465766963652D737570706F72740066BD
S2140432E8696E642D616E642D62696E64006672612F
S2140432F8676D656E746174696F6E0067726F75705A
S214043308732D736572766572006E6574776F726B6B
S2140433182D7374656572696E67006F74612D626FCC
S2140433286F746C6F6164006F74612D636C69656E8D
S21404333874006F74612D73746F726167652D636FA3
S2140433486D6D6F6E006F74612D73746F726167654F
S2140433582D656570726F6D0069646C652D736C6598
S2140433686570007570646174652D74632D6C696E80
S2140433786B2D6B6579007570646174652D74632DA7
S2140433886C696E6B2D6B65792072656C6174656407
S21404339820636F6D6D616E64730074696D65720089
S2140433A86E6F7700436F6D6D616E647320746F2063
S2140433B8636F6E74726F6C2069646C696E672F73C2
S2140433C86C656570696E67206F662074686520642E
S2140433D8657669636500666F7263652D6177616BF0
S2140433E865006177616B652D7768656E2D6E6F7401
S2140433F82D6A6F696E6564007265706F7274696EA3
S214043408672072656C6174656420636F6D6D616EA8
S21404341864732E00636C6561722D6C6173742D720F
S21404342865706F72742D74696D6500746573742D98
S21404343874696D696E67006F74612D73746F726159
S21404344867652D656570726F6D2072656C6174654D
S2140434586420636F6D6D616E64732E0077697065A2
S214043468006F74612D73746F726167652D636F6D79
S2140434786D6F6E2072656C6174656420636F6D6D24
S214043488616E6473007072696E74496D6167657302
S2140434980072656C6F61640073746F726167652D82
S2140434A8696E666F00646174612D7072696E74006B
S2140434B86F74612D636C69656E742072656C6174D3
S2140434C8656420636F6D6D616E64732E0076657235
S2140434D869667900626C6F636B2D7465737400702B
S2140434E86167652D726571756573740075706772AA
S2140434F86164652D726571756573740064697361BA
S214043508626C652D646F776E6772616465730065B7
S2140435186E61626C652D646F776E6772616465733D
S214043528006F74612D626F6F746C6F6164207265CE
S2140435386C6174656420636F6D6D616E6473006E90
S2140435486574776F726B2D7374656572696E672020
S21404355872656C6174656420636F6D6D616E647307
S2140435682E007072652D636F6E6669677572656482
S2140435782D6B65792D736574006D61736B207265A8
S2140435886C6174656420636F6D6D616E642E007380
S214043598756274726163740067726F7570732D73E5
S2140435A865727665722072656C6174656420636FF3
S2140435B86D6D616E64732E00667261676D656E74F8
S2140435C86174696F6E2072656C6174656420636FDC
S2140435D86D6D616E64732E007365742D72782D7725
S2140435E8696E646F772D73697A65006172746966AB
S2140435F8696369616C2D626C6F636B2D64726F709E
S2140436080046696E6420616E642062696E64207286
S214043618656C6174656420636F6D6D616E64732E8A
S21404362800696E69746961746F7200656E642D64EE
S21404363865766963652D737570706F72742072652C
S2140436486C6174656420636F6D6D616E64732E00BF
S214043658706F6C6C2D636F6D706C657465642D6328
S214043668616C6C6261636B00666F7263652D736868
S2140436786F72742D706F6C6C00656E61626C655F3A
S2140436887479706500737461636B00617070007A96
S214043698636C006C65676163795F61665F64656225
S2140436A8756700636F756E746572732072656C61F6
S2140436B874656420636F6D6D616E64732E0070723A
S2140436C8696E742D636F756E7465722D7479706582
S2140436D80073696D706C652D7072696E7400707213
S2140436E8696E742D7468726573686F6C647300739E
S2140436F865742D7468726573686F6C64007265739C
S21404370865742D7468726573686F6C64730073658A
S2140437186E642D726571756573740073656375726E
S2140437286974792072656C6174656420636F6D6D65
S214043738616E6473007365742D616C6C6F772D7499
S214043748727573742D63656E7465722D72656A6F0F
S214043758696E2D7573696E672D77656C6C2D6B6E47
S2140437686F776E2D6B6579007365742D616C6C6F5D
S214043778772D74727573742D63656E7465722D7205
S214043788656A6F696E2D7573696E672D77656C6CDF
S2140437982D6B6E6F776E2D6B65792D74696D656FFD
S2140437A87574007365742D6B65792D72657175650E
S2140437B873742D706F6C696379006D66672D746F0A
S2140437C86B656E006170730053656375726974790E
S2140437D8206170732072656C6174656420636F6D14
S2140437E86D616E64732E004765742F736574204D7F
S2140437F8464720746F6B656E2E00656E64706F693D
S2140438086E742072656C6174656420636F6D6D6197
S2140438186E64732E00656570726F6D207574696CBE
S2140438286974792072656C6174656420636F6D6D64
S214043838616E647300536C6F74204D616E616765C6
S214043848722072656C6174656420636F6D6D616E59
S214043858647300626F6F742D736C6F7400657261A5
S21404386873652D736C6F74006578742D666C61735C
S214043878682D696E666F00736C6F74732D696E6657
S2140438886F005072696E74732074696D652E0050EB
S21404389872696E7473206174747269627574652EC5
S2140438A800436C6561727320746865205A444F201F
S2140438B86C697374206F6620636C69656E7420285F
S2140438C8696E2920636C7573746572732E0041647F
S2140438D8647320636C75737465727320746F2074D4
S2140438E86865206B6E6F776E20636C69656E7420EE
S2140438F828696E2920636C757374657273206F6EFD
S2140439082074686973206465766963652E00436C61
S2140439186561727320746865205A444F206C697315
S21404392874206F6620636C69656E7420286F7574DE
S2140439382920636C7573746572732E00416464730E
S21404394820636C75737465727320746F207468656D
S214043958206B6E6F776E20636C69656E7420286FB3
S21404396875742920636C757374657273206F6E2082
S21404397874686973206465766963652E0053656E9A
S214043988647320616E207570646174652063686171
S2140439986E6E656C20726571756573742E00636847
S2140439A8616E6E656C1F0053656E647320616E20CD
S2140439B8757064617465206368616E6E656C2070EA
S2140439C8616765207265712E20546865207374617A
S2140439D8636B2073656E6473206E776B20656E6800
S2140439E8616E6365642075706461746520726571C0
S2140439F820666F72206E6F6E2D7A65726F20706106
S214043A0867652E006368616E6E656C1F7061676516
S214043A181F00506572666F726D7320616E20656E46
S214043A2865726779207363616E2E007461726765C8
S214043A38744E6F646549641F7363616E447572617E
S214043A4874696F6E1F7363616E436F756E741F00BF
S214043A5842726F6164636173747320746865204985
S214043A6844206F6620746865206E6577206E6574DA
S214043A78776F726B206D616E6167657220616E6424
S214043A8820616374697665206368616E6E656C731D
S214043A982E006E776B4D676549641F6368616E6EAA
S214043AA8656C4D61736B1F00506572666F726D733B
S214043AB820616E20656E65726779207363616E2077
S214043AC86F6E20676976656E206368616E6E656CD6
S214043AD8206D61736B2E007461726765744E6F6433
S214043AE86549641F7363616E4475726174696F6EA9
S214043AF81F7363616E436F756E741F6368616E6EC1
S214043B08656C4D61736B1F0053656E64732061208A
S214043B186E6574776F726B20616464726573732064
S214043B287265717565737420666F72207468652093
S214043B38676976656E204945454520616464726503
S214043B4873732E00696565651F0052657175657324
S214043B58747320616E204945454520616464726526
S214043B687373206261736564206F6E2061206769D1
S214043B7876656E206E6F64652049442E006E6F6409
S214043B886549641F0053656E647320612073696D0C
S214043B98706C652064657363726970746F722072E2
S214043BA865717565737420666F7220746865207312
S214043BB8686F7274206164647265737320616E64DE
S214043BC820656E64706F696E7420737065636966C9
S214043BD86965642E00646573741F7461726765741E
S214043BE8456E64706F696E741F0053656E64732047
S214043BF861206D6174636844657363726970746F79
S214043C0872735265717565737420746F2074686571
S214043C1820676976656E2064657374696E61746975
S214043C286F6E20776974682074686520676976659E
S214043C386E2070726F66696C652E006E6F646549D7
S214043C48641F70726F66696C651F0053656E6473D3
S214043C582061206E6F64652064657363726970748E
S214043C686F72207265717565737420746F20612095
S214043C78676976656E207461726765742064657614
S214043C886963652E007461726765741F0053656EF8
S214043C9864732061205A444F2042696E6420636F1F
S214043CA86D6D616E6420746F206120646576696347
S214043CB8652073706563696669656420696E207437
S214043CC8686520636F6D6D616E6420617267756DDB
S214043CD8656E74732E0044657374696E6174696FD7
S214043CE86E1F536F7572636520656E64706F696EB8
S214043CF8741F44657374696E6174696F6E20656EAB
S214043D0864706F696E741F636C7573746572494466
S214043D181F72656D6F746545554936341F6465733F
S214043D287445554936341F0053656E647320616EB6
S214043D382061637469766520656E64706F696E7455
S214043D48207265717565737420746F2074686520B5
S214043D586465766963652077697468207468652085
S214043D68676976656E2073686F72742049442E00FE
S214043D7853656E647320616E20756E62696E642086
S214043D887265717565737420666F72206120756E2E
S214043D9869636173742062696E64696E6720746F00
S214043DA82074686520746172676574206465766932
S214043DB863652E007461726765741F736F7572632A
S214043DC8652065756936341F736F7572636520657B
S214043DD86E64706F696E741F636C7573746572496C
S214043DE8441F64657374696E6174696F6E455549DA
S214043DF836341F64657374696E6174696F6E206502
S214043E086E64706F696E741F0053656E6473206108
S214043E186E20756E62696E6420726571756573745A
S214043E2820666F722061206D756C746963617374A3
S214043E382062696E64696E6720746F2074686520F2
S214043E48746172676574206465766963652E0074A8
S214043E5861726765741F736F75726365206575692B
S214043E6836341F736F7572636520656E64706F6988
S214043E786E741F636C757374657249441F67726F3A
S214043E887570416464726573731F0053656E64735A
S214043E982061205A444F204D616E6167656D656EDA
S214043EA874204C6561766520636F6D6D616E642061
S214043EB8746F20746865207461726765742064651D
S214043EC8766963652E007461726765741F72656D22
S214043ED86F76654368696C6472656E1F72656A6F8F
S214043EE8696E1F0053656E64732061205A444F2020
S214043EF84D474D542D42696E64202842696E6469A4
S214043F086E67205461626C65292052657175657305
S214043F187420746F207468652074617267657420F1
S214043F286465766963652E007461726765741F73C9
S214043F3874617274496E6465781F0053656E6473A1
S214043F482061205A444F204D474D542D4C5149204A
S214043F58284C5149205461626C6529205265717554
S214043F6865737420746F207468652074617267655D
S214043F7874206465766963652E0053656E647320E1
S214043F8861205A444F20506F7765722044657363E6
S214043F98726970746F7220526571756573742074D3
S214043FA86F2074686520746172676574206465762A
S214043FB86963652E0053656E64732061205A444F06
S214043FC820726F75746520726571756573742063E5
S214043FD86F6D6D616E6420746F20746865207461FB
S214043FE8726765742E007461726765741F696E64FF
S214043FF865781F00696E6465781F65756936341FB1
S214044008696E7374616C6C436F64651F00696E64D3
S21404401865781F65756936341F6B65791F005443C8
S214044028206C696E6B206B65792072657175657393
S2140440387420706F6C6963791F417070206C696EA8
S2140440486B206B6579207265717565737420706F63
S2140440586C6963791F00426F6F6C3A20616C6C6FF1
S214044068772074727573742063656E746572207233
S214044078656A6F696E207573696E672077656C6C00
S2140440882D6B6E6F776E206B65791F0070726F6686
S214044098696C6549641F636C757374657249641F3B
S2140440A80074617267657449641F00456E61626CCA
S2140440B86573207072696E74696E67206F66205225
S2140440C878206D657373616765732E005365747322
S2140440D8207468652062696E64696E67207461621C
S2140440E86C6500696E6465781F636C7573746572B5
S2140440F81F6C6F63616C45701F72656D6F746545E0
S214044108701F65756936341F00436C6561727320C9
S2140441187468652062696E64696E67207461626C8F
S214044128652E005072696E7473207468652062691F
S2140441386E64696E67207461626C6520746F20749F
S214044148686520636F6D6D616E64206C696E652E9C
S21404415800436C6561727320616C6C2073656375CB
S21404416872697479206B6579732E0044656C65747E
S214044178652074686520737065636966696564207C
S2140441886C696E6B206B657920696E6465782E00A1
S2140441985072696E747320616C6C207365637572F3
S2140441A8697479206B6579732E005465726D696E2F
S2140441B86174657320746865206D756C74692D5018
S2140441C8485920696E74657266616365005573653F
S2140441D86420746F207374617274206D756C7469CE
S2140441E82D50485920696E74657266616365206F40
S2140441F874686572207468616E206E617469766589
S21404420820616E6420666F726D20746865206E6522
S21404421874776F726B2E2054686520737461636BB1
S21404422820757365732073616D652050616E4964EB
S214044238206173206E617469766520726164696FA3
S214044248206E6574776F726B2E00706167651F63E6
S21404425868616E6E656C1F706F7765721F6F707419
S214044268696F6E734D61736B202842697420302021
S2140442783D20526F757465727320616C6C6F776538
S214044288642C204269742031203D2042726F616498
S2140442986361737420616C6C6F776564291F0041D1
S2140442A87474656D70747320746F206368616E67C8
S2140442B86520746865206368696C642074696D6534
S2140442C86F7574206F7074696F6E206D61736B20E0
S2140442D8746F2066696C746572206F757420756EC9
S2140442E8646573697261626C652076616C75657362
S2140442F82028652E672E206E6F206D6F72652074D9
S21404430868616E20332064617973292E0074696DA0
S214044318656F7574206F7074696F6E206D61736B4A
S2140443281F005377697463686573206265747765DC
S214044338656E20646966666572656E74206B65656D
S2140443487020616C697665206D6F6465732073757B
S21404435870706F72746564206279206120726F755C
S2140443687465722E004B65657020616C69766520ED
S2140443786D6F64651F005072696E74732074686587
S2140443882063757272656E74204E6F6465204944A6
S2140443982C2045554936342C20616E642050616EB5
S2140443A82049442E00496E697469616C697A65739C
S2140443B82061206E6574776F726B3B20746869732E
S2140443C82069732061207465737420636F6D6D6152
S2140443D86E64207573656420666F722074632D732B
S2140443E87761702D6F75742074657374696E672EA3
S2140443F8005365747320746865206E6574776F72ED
S2140444086B20696E6465782075736564206279200C
S214044418616C6C2066757475726520434C4920631C
S2140444286F6D6D616E64732E20204265666F7265CB
S21404443820657865637574696E67206120434C4906
S21404444820636F6D6D616E642C20746865206672D7
S214044458616D65776F726B207377697463686573CB
S21404446820746F2074686973206E6574776F726B36
S2140444782E202041667465722074686520636F6D0B
S2140444886D616E642066696E697368657320657805
S21404449865637574696E672C207468652066726136
S2140444A86D65776F726B20737769746368657320BC
S2140444B86261636B20746F20746865207072657619
S2140444C8696F7573206E6574776F726B2E2020542F
S2140444D8686520434C4920757365732074686520A5
S2140444E873616D65206E6574776F726B20696E6490
S2140444F8657820756E74696C2074686520646576C2
S21404450869636520726573657473206F72206974B5
S214044518206973206368616E676564207468726FC7
S214044528756768207468697320636F6D6D616E645F
S2140445382E00417474656D70747320746F206368FC
S214044548616E676520646576696365206F76657253
S21404455820746F206120646966666572656E7420CF
S2140445686368616E6E656C20676976656E20696E31
S21404457820746865206368616E6E656C2061726776
S214044588756D656E742E00546865206368616E6E7A
S214044598656C20746F206368616E676520746F1F8E
S2140445A80066696E64556E7573656450616E496419
S2140445B80066696E644A6F696E61626C654E6574FE
S2140445C8776F726B005065726D697473206A6F69D1
S2140445D86E696E67206F6E20746865206E657477E2
S2140445E86F726B20666F72206120676976656E202D
S2140445F86E756D626572206F66207365636F6E6490
S2140446087320414E442062726F61646361737473ED
S2140446182061205A444F204D676D74205065726D92
S2140446286974204A6F696E696E672072657175656C
S214044638737420746F20616C6C20726F7574657265
S214044648732E00412073696E676C65206279746501
S21404465820696E6469636174696E6720686F772081
S2140446686C6F6E6720746865206465766963652078
S21404467873686F756C642068617665207065726D02
S2140446886974206A6F696E696E67207475726E65E0
S21404469864206F6E20666F722E20412076616C75DA
S2140446A865206F662030786666207475726E73208F
S2140446B86F6E207065726D6974206A6F696E206902
S2140446C86E646566696E6974656C792E1F00436846
S2140446D865636B73206E6574776F726B20706A6F90
S2140446E8696E207374617475732E005772697465E5
S2140446F8732074686520657874656E6465642070D4
S214044708616E20494420666F72207468652064656B
S214044718766963652E0065787470616E69641F0037
S21404472852656A6F696E7320616E20657869737462
S214044738696E67206E6574776F726B20696E206188
S21404474820736563757265206F7220696E7365637E
S214044758757265206D616E6E65722077697468205F
S2140447686120646966666572656E74206465766938
S214044778636520747970652E00426F6F6C65616E90
S214044788206E6574776F726B206B6579206176612D
S214044798696C6162696C6974791F4368616E6E65D9
S2140447A86C206D61736B1F416E20656E756D657246
S2140447B86174696F6E20696E6469636174696E6793
S2140447C82074686520646576696365207479706505
S2140447D820746F2072656A6F696E2061732E546840
S2140447E86520737461636B206F6E6C7920616363F4
S2140447F86570747320534C5F5A49474245455F4574
S2140448084E445F44455649434520616E6420534CE4
S2140448185F5A49474245455F534C454550595F459D
S2140448284E445F4445564943452E1F0052654A6F19
S214044838696E732061206E6574776F726B2E004202
S2140448486F6F6C65616E206E6574776F726B206B24
S214044858657920617661696C6162696C6974791F2F
S2140448684368616E6E656C206D61736B1F004C65E2
S214044878617665732061206E6574776F726B2E009F
S2140448885475726E73207065726D6974206A6F69E8
S2140448986E696E67206F6E20666F72207468652076
S2140448A8616D6F756E74206F662074696D65206916
S2140448B86E646963617465642E00412073696E676B
S2140448C86C65206279746520696E646963617469CD
S2140448D86E6720686F77206C6F6E67207468652033
S2140448E86465766963652073686F756C64206861AF
S2140448F87665207065726D6974206A6F696E696E74
S21404490867207475726E206F6E20666F722E204153
S2140449182076616C7565206F66203078666620742C
S21404492875726E73207065726D6974206A6F696E2D
S21404493820696E646566696E6974656C792E1F00F5
S2140449484A6F696E732061206E6574776F726B2088
S2140449586F6E206120676976656E206368616E6E87
S214044968656C2C2077697468206120676976656EA3
S21404497820545820506F77657220616E6420504129
S2140449884E2049442E00546865206368616E6E653F
S2140449986C206F6E20776869636820746F206A6F6E
S2140449A8696E20746865206E6574776F726B1F4F26
S2140449B86E652D62797465207369676E6564207602
S2140449C8616C756520696E6469636174696E6720D5
S2140449D874686520545820506F776572207468612F
S2140449E8742074686520726164696F2073686F75D3
S2140449F86C642062652073657420746F1F54686540
S214044A082050414E204944206F6E207768696368B9
S214044A1820746F206A6F696E20746865206E6574EA
S214044A28776F726B1F00466F726D732061206E6518
S214044A3874776F726B206F6E206120676976656E77
S214044A48206368616E6E656C2C20776974682061D3
S214044A5820676976656E20545820506F77657220F3
S214044A68616E642050414E2049442E0054686520E7
S214044A786368616E6E656C206F6E2077686963681C
S214044A8820746F20666F726D20746865206E657476
S214044A98776F726B1F4F6E652D6279746520736924
S214044AA8676E65642076616C756520696E646963F3
S214044AB86174696E672074686520545820506F774F
S214044AC8657220746861742074686520726164690C
S214044AD86F2073686F756C64206265207365742034
S214044AE8746F1F5468652050414E204944206F6EE9
S214044AF820776869636820746F20666F726D207407
S214044B086865206E6574776F726B1F0054686973E6
S214044B1820696E6974696174657320612054434C16
S214044B284B207570646174652070726F6365647574
S214044B3872652E005370656369667920746865200B
S214044B48616D6F756E74206F662074696D65207468
S214044B586F2077616974206166746572206F6E656C
S214044B682054434C4B20757064617465206F7065DF
S214044B78726174696F6E20636F6D706C65746573AB
S214044B88206265666F726520626567696E6E696E17
S214044B98672061206E65772054434C4B20757064FB
S214044BA8617465206F7065726174696F6E2E005447
S214044BB8686520616D6F756E74206F662074696D04
S214044BC865206265747765656E20737562736571B2
S214044BD875656E742074727573742063656E746577
S214044BE872206C696E6B206B6579207570646174CD
S214044BF8657320696E206D696C6C697365636F6E86
S214044C0864731F00536574206F7220636C65617249
S214044C182073746179206177616B65207768656EA7
S214044C28206E6F74206A6F696E656400536574201D
S214044C386F7220636C65617220666F7263652061AB
S214044C4877616B6500446973706C61792074686574
S214044C5820736C6565702073746174757300464FB1
S214044C68522054455354494E4720505552504F539A
S214044C784553202D206761746865722074696D69D0
S214044C886E67206D65747269637320666F7220722E
S214044C9865706F7274696E67207461626C65206FE4
S214044CA87065726174696F6E732E00436C65617209
S214044CB87320746865206C617374207265706F72F3
S214044CC8742074696D65206F6620617474726962F5
S214044CD8757465732E00416464732061206E65776D
S214044CE820656E74727920746F2074686520726506
S214044CF8706F7274207461626C652E005468652047
S214044D086C6F63616C20656E64706F696E74206680
S214044D18726F6D20776869636820746865206174AB
S214044D2874726962757465206973207265706F722F
S214044D387465641F54686520636C757374657220A3
S214044D487768657265207468652061747472696230
S214044D58757465206973206C6F63617465641F5489
S214044D686865204944206F662074686520617474F9
S214044D78726962757465206265696E67207265700B
S214044D886F727465641F3020666F7220636C696581
S214044D986E742D73696465206174747269627574BF
S214044DA86573206F72203120666F72207365727681
S214044DB865722D73696465206174747269627574AA
S214044DC865731F546865206D696E696D756D20720C
S214044DD865706F7274696E6720696E746572766141
S214044DE86C2C206D6561737572656420696E20731A
S214044DF865636F6E64732E1F546865206D617869E9
S214044E086D756D207265706F7274696E6720696E51
S214044E1874657276616C2C206D6561737572656451
S214044E2820696E207365636F6E64732E1F546865FD
S214044E38206D696E696D756D206368616E6765209F
S214044E48746F207468652061747472696275746519
S214044E5820746861742077696C6C20726573756C4D
S214044E687420696E2061207265706F7274206265A2
S214044E78696E672073656E742E1F0052656D6F76B3
S214044E88657320616E20656E7472792066726F6D24
S214044E9820746865207265706F7274207461626C21
S214044EA8652E0054686520696E646578206F6620F0
S214044EB8746865207265706F727420746F206265FA
S214044EC82072656D6F7665641F00436C6561727346
S214044ED820616C6C20656E74726965732066726FE7
S214044EE86D20746865207265706F727420746162D0
S214044EF86C652E005072696E74732074686520722F
S214044F0865706F7274207461626C652E00576970E0
S214044F18657320616C6C206461746120696E20740A
S214044F2868652073746F7261676520646576696363
S214044F38652E005072696E747320617262697472A9
S214044F48617279206279746573206F662074686567
S214044F58204F544120696D616765206F6E2064692F
S214044F68736B2E0054686520696E646578206F66D6
S214044F782074686520696D61676520746F20707297
S214044F88696E742069747320646174611F5468655B
S214044F98206F666673657420696E746F207468651E
S214044FA8204F544120696D616765207468617420D8
S214044FB877696C6C206265207072696E7465641F0C
S214044FC8005072696E747320696E666F726D6174D0
S214044FD8696F6E2061626F757420746865207374D7
S214044FE86F72616765206465766963652E0052652D
S214044FF86C6F6164207468652073746F726167658A
S214045008206465766963652E0044656C657465730B
S2140450182074686520696D6167652061742074680A
S214045028652073706563696669656420696E64657E
S214045038782E0054686520696E646578206174204B
S214045048776869636820746F20626567696E206490
S214045058656C6574696E672074686520696D616738
S214045068651F005072696E74732074686520696DD4
S214045078616765732E00456E61626C6573204F54D4
S2140450884120646F776E6772616465732E004469A5
S2140450987361626C6573204F544120646F776E6742
S2140450A872616465732E0053656E647320616E20A6
S2140450B855706772616465456E645265717565738B
S2140450C87420746F20616E204F5441207365727685
S2140450D865722E0043616E206265207573656420D0
S2140450E8746F2064796E616D6963616C6C79207481
S2140450F875726E206F66662073656E64696E6720C7
S21404510870616765207265717565737473206F6E58
S2140451182074686520636C69656E742073696465B9
S2140451282C2069662074686520736572766572201B
S214045138646F65736E277420737570706F7274204D
S2140451487468697320666561747572652E00426FAB
S2140451586F6C65616E2076616C7565207475726E09
S214045168696E67206F6E20283129206F72206F665B
S2140451786620283029207468652070616765207267
S21404518865717565737420666C61671F0053656E78
S214045198647320616E20696D61676520626C6F6355
S2140451A86B207265717565737420666F7220612052
S2140451B866696C6520746865207365727665722006
S2140451C873686F756C64206E6F7420686176652EDC
S2140451D8202054657374206861726E657373206F3B
S2140451E86E6C79202874657374206361736520393E
S2140451F82E352E36202D204D697373696E6720462A
S214045208696C6529005072696E747320696E666FDE
S214045218726D6174696F6E206F6E207468652063A2
S214045228757272656E74207374617465206F662077
S214045238746865204F544120636C69656E742064F5
S2140452486F776E6C6F61642E0053746F707320747E
S2140452586865204F5441207374617465206D6163DA
S21404526868696E652E005374617274732074686579
S214045278204F544120636C69656E7420737461749E
S21404528865206D616368696E652E205468652073B1
S21404529874617465206D616368696E6520646973FA
S2140452A8636F7665727320746865204F5441207363
S2140452B865727665722C20717565726965732066E9
S2140452C86F72206E657720696D616765732C20643C
S2140452D86F776E6C6F6164732074686520696D619E
S2140452E867657320616E6420776169747320666FDE
S2140452F872207468652073657276657220636F6DB4
S2140453086D616E6420746F20757067726164652EB3
S214045318005072696E747320746865206D616E75CA
S21404532866616374757265722049442C20496D6100
S214045338676520547970652049442C20616E642082
S21404534856657273696F6E20696E666F726D6174E6
S214045358696F6E2074686174206172652075736560
S21404536864207768656E2061207175657279206E91
S21404537865787420696D6167652069732073656E46
S2140453887420746F2074686520736572766572205D
S21404539862792074686520636C69656E742E0050A3
S2140453A86572666F726D73207369676E6174757261
S2140453B86520766572696669636174696F6E206FC5
S2140453C86E2074686520696D616765206174207451
S2140453D868652073706563696669656420696E64C8
S2140453E865782E0054686520696E64657820617453
S2140453F820776869636820746F20626567696E2021
S214045408766572696669636174696F6E206F662073
S21404541874686520696D6167651F00426F6F746CF8
S2140454286F6164732074686520696D6167652061BF
S214045438742074686520737065636966696564209A
S214045448696E6465782062792063616C6C696E673E
S21404545820746865204F544120626F6F746C6F61C6
S214045468642063616C6C6261636B2E00546865200B
S214045478696E646578206174207768696368207447
S2140454886F20626567696E20626F6F746C6F616403
S214045498696E672074686520696D6167651F0050CA
S2140454A872696E747320696E666F2061626F7574B4
S2140454B82074686520696E7374616C6C6564206218
S2140454C86F6F746C6F616465722E005375627472C4
S2140454D8616374732061206368616E6E656C206610
S2140454E8726F6D20656974686572207468652070CB
S2140454F872696D617279206F72207365636F6E646A
S214045508617279206368616E6E656C206D61736B79
S214045518206F6620746865206E6574776F726B2DCD
S2140455287374656572696E6720636F6D706F6E65F8
S2140455386E742E00546865206368616E6E656C2010
S2140455486D61736B20746F20737562747261637413
S21404555820746865206368616E6E656C2066726F79
S2140455686D1F546865206368616E6E656C20746F81
S21404557820737562747261637420746865206D6143
S214045588736B2066726F6D1F00416464732061201C
S2140455986368616E6E656C20746F206569746865EF
S2140455A87220746865207072696D617279206F72F2
S2140455B8207365636F6E64617279206368616E6ECA
S2140455C8656C206D61736B206F6620746865206E49
S2140455D86574776F726B2D7374656572696E672070
S2140455E8636F6D706F6E656E742E00546865206305
S2140455F868616E6E656C206D61736B20746F2061D4
S21404560864642061206368616E6E656C20746F1F25
S214045618546865206368616E6E656C20746F2061DB
S214045628646420746F20746865206D61736B1F0052
S2140456385365747320656974686572207468652098
S2140456487072696D617279206F72207365636F6E0C
S21404565864617279206368616E6E656C206D61732F
S2140456686B2E00546865206368616E6E656C206DE9
S21404567861736B20746F207375627472616374202F
S214045688746865206368616E6E656C2066726F6DFB
S2140456981F5468652076616C756520746F20736581
S2140456A87420746865206368616E6E656C206D612D
S2140456B8736B20746F2E1F005365747320746865AB
S2140456C8207072652D636F6E6669677572656420EF
S2140456D86B657920736F207468617420746865201C
S2140456E86A6F696E696E67206465766963652063A8
S2140456F8616E20656E74657220746865206E6574C4
S214045708776F726B2E005365747320746865207007
S2140457187265636F6E66696775726564206B657912
S2140457281F0053746F707320746865206E657477F1
S2140457386F726B207374656572696E672070726F1A
S214045748636573732E00537461727473207468658A
S214045758206E6574776F726B207374656572696EF4
S214045768672070726F636573732E0041206D6173D2
S2140457786B206F66206F7074696F6E7320666F7225
S21404578820696E6469636174696E67207370656303
S21404579869666963206265686176696F72207769ED
S2140457A87468696E20746865206E6574776F726BAA
S2140457B82D7374656572696E672070726F6365739E
S2140457C8732E1F00446973706C617973207468655E
S2140457D82063757272656E742073746174757320B1
S2140457E86F6620746865206E6574776F726B2073B5
S2140457F874656572696E672070726F636573732E5D
S21404580800436C65617273207468652067726F75EF
S2140458187073207461626C65206F6E20657665729D
S2140458287920656E64706F696E74005072696E7460
S2140458387320696E666F726D6174696F6E2061623B
S2140458486F75742074686520636F6E74656E747300
S214045858206F66207468652067726F75707320748D
S21404586861626C652E004172746966696369616C6D
S2140458786C792064726F70732074686520626C6F2C
S214045888636B206E756D62657220646566696E6505
S2140458986420627920746865207061737365642077
S2140458A8617267756D656E74206F6E6C79206F6EA5
S2140458B863652C20616E64207468656E20616C6C68
S2140458C86F77732069742075706F6E206120726517
S2140458D87472792E0054686520626C6F636B206E50
S2140458E8756D62657220746F206172746966696387
S2140458F869616C6C792064726F7020746F20666FAF
S2140459087263652061207265747279202D20736530
S2140459187420746F203078464620746F2064697348
S21404592861626C651F005365747320746865207221
S2140459386563656976652077696E646F7720736931
S2140459487A652E2020427920646566696E697469D2
S2140459586F6E20696E2074686520536D61727420BA
S214045968456E657267792070726F66696C65206922
S21404597874206D7573742062652073657420746F63
S214045988203120627574207468697320616C6C6FAA
S214045998777320697420746F206265206368616E6B
S2140459A86765642E00546865206D6178206E756D91
S2140459B8626572206F662074686520626C6F636B1C
S2140459C873207265636569766564206265666F72BE
S2140459D86520616E204150532061636B20697320F3
S2140459E867656E6572617465641F004D616B6573E7
S2140459F82074686973206E6F6465207374617274AA
S214045A08206964656E74696679696E6720617320B7
S214045A18612074617267657420666F722062696EAD
S214045A2864696E67207769746820616E20696E6998
S214045A38746961746F72206E6F64652E00546865AD
S214045A4820656E64706F696E74206F6E207768695F
S214045A58636820746F20626567696E2074686520C1
S214045A6846696E64696E6720616E642042696E6476
S214045A78696E67207461726765742070726F6365F7
S214045A8873731F004D616B65732074686973206EA9
S214045A986F64652073746172742074686520696E17
S214045AA869746961746F722070617274206F6620FD
S214045AB87468652066696E64696E6720616E642022
S214045AC862696E64696E672070726F636573732E9D
S214045AD80054686520656E64706F696E74206F6E16
S214045AE820776869636820746F20626567696E202A
S214045AF87468652046696E64696E6720616E642002
S214045B0842696E64696E6720696E69746961746F48
S214045B18722070726F636573731F00536574732005
S214045B28776865746865722074686520434C4920F4
S214045B38666F726365732074686520646576696346
S214045B486520746F2073686F727420706F6C6C2E87
S214045B58005468652076616C756520696E646963AF
S214045B686174696E672077686574686572207468FE
S214045B7865206465766963652073686F756C642050
S214045B8873686F727420706F6C6C1F00536574733F
S214045B98207768657468657220746865206465761D
S214045BA86963657320706F6C6C20636F6D706C65C9
S214045BB87465642063616C6C6261636B2066756EE1
S214045BC86374696F6E20697320656E61626C6564C0
S214045BD82E005468652076616C756520696E646964
S214045BE8636174696E672077686574686572207483
S214045BF86865206465766963657320706F6C6C20CD
S214045C08636F6D706C657465642063616C6C626147
S214045C18636B2066756E6374696F6E20697320659E
S214045C286E61626C65641F00446973706C61797395
S214045C382074686520737461747573206F662074A5
S214045C48686520456E6420446576696365732070CC
S214045C586F6C6C696E672E00456E61626C652F64A6
S214045C68697361626C6520646562756720606C653B
S214045C786761637920617070206672616D65776FFD
S214045C88726B20646562756760207072696E742032
S214045C98747970652E00456E61626C652F6469734D
S214045CA861626C651F00456E61626C652F6469737A
S214045CB861626C6520646562756720607A636C60EF
S214045CC8207072696E7420747970652E00456E6152
S214045CD8626C652F64697361626C652064656275BD
S214045CE867206061707060207072696E74207479C1
S214045CF870652E00456E61626C652F646973616217
S214045D086C652064656275672060636F72656020E1
S214045D187072696E7420747970652E00456E6162BF
S214045D286C652F64697361626C6520646562756767
S214045D382060737461636B60207072696E7420747B
S214045D487970652E0053656E6473206120726571E0
S214045D587565737420666F72204F544120636F759F
S214045D686E746572732E0052657365747320616C65
S214045D786C207468726573686F6C64732076616CE3
S214045D8875657320746F203078464646462E005351
S214045D986574732061207468726573686F6C642018
S214045DA876616C756520666F722061207061727406
S214045DB86963756C61722074797065206F662063F8
S214045DC86F756E7465722E0054797065206F662040
S214045DD8636F756E7465721F5468726573686F6C4A
S214045DE8642056616C75651F005072696E74732062
S214045DF8746865207468726573686F6C6473206F62
S214045E086620616C6C2074686520636F756E7465B3
S214045E1872732E00436C6561727320616C6C206328
S214045E286F756E7465722076616C7565732E005096
S214045E3872696E747320616C6C20636F756E74651A
S214045E48722076616C7565732E005072696E747371
S214045E58207468652076616C7565206F66207468A2
S214045E68697320706172746963756C617220636FFC
S214045E78756E7465722E0054686520636F756E744B
S214045E886572207479706520746F207072696E74F8
S214045E981F005072696E747320616C6C20636F7592
S214045EA86E7465722076616C75657320616E642005
S214045EB8636C65617273207468656D2E005365742F
S214045EC8204D464720746F6B656E2C2043414E4E1A
S214045ED84F5420424520554E53455420425920439A
S214045EE84C492E005072696E74204D464720746FD4
S214045EF86B656E2E005072696E74206163746976E1
S214045F0865206576656E74732E0044697361626CE9
S214045F18652074686520656E64706F696E742066A3
S214045F286F72205A434C206D657373616765732ED0
S214045F3800456E64706F696E7420696E6465781FB8
S214045F4800456E61626C65732074686520656E64CE
S214045F58706F696E7420666F72205A434C206D65A4
S214045F687373616765732E005072696E7420737458
S214045F7861747573206F6620656E64706F696E74DD
S214045F88732E0053686F777320746865207665727D
S214045F9873696F6E206F662074686520736F667405
S214045FA8776172652E005365742074686520636F84
S214045FB86E66696775726564203830322E31352E00
S214045FC83420434341206D6F646520696E207468ED
S214045FD86520726164696F2E2053656520646F635B
S214045FE8756D656E746174696F6E2072656761722B
S214045FF864696E67205241494C5F494545453830C7
S214046008323135345F4363614D6F64655F742E00C7
S21404601841205241494C5F4945454538303231356F
S214046028345F4363614D6F64655F742076616C7595
S214046038651F0052657475726E7320505449207239
S2140460486164696F20636F6E66696720696E666F40
S214046058726D6174696F6E20746F206465746572FE
S2140460686D696E6520746865205048592074797087
S21404607865206265696E6720757365642062792099
S2140460885241494C2E2072657475726E2076616C86
S214046098756520697320656E756D205241494C5F9D
S2140460A8494545453830323135345F507469526154
S2140460B864696F436F6E6669675F7420652E672030
S2140460C8205241494C5F49454545383032313534CC
S2140460D85F5054495F524144494F5F434F4E4649C7
S2140460E8475F32503447485A203D20307830305580
S2140460F8205241494C5F494545453830323135349C
S2140461085F5054495F524144494F5F434F4E464996
S214046118475F32503447485A5F414E5444495620E4
S2140461283D203078303155205241494C5F49454529
S214046138453830323135345F5054495F524144490A
S2140461484F5F434F4E4649475F32503447485A5F7D
S214046158434F4558203D2030783032552052414927
S2140461684C5F494545453830323135345F505449DB
S2140461785F524144494F5F434F4E4649475F32504A
S2140461883447485A5F414E544449565F434F45582E
S214046198203D2030783033550053656E6473206193
S2140461A82072656164206174747220666F7220744C
S2140461B868652074696D65206F6620746865206458
S2140461C86576696365207370656369666965642EB8
S2140461D82049742073657473206120666C61672097
S2140461E8736F207768656E206974206765747320FA
S2140461F874686520726573706F6E736520697420A1
S214046208777269746573207468652074696D65208F
S214046218746F20697473206F776E2074696D6520B7
S214046228617474722E0049641F737263456E6470D9
S2140462386F696E741F64657374456E64706F696EF7
S214046248741F005768656E2073656E64696E6720F0
S2140462587573696E6720612062696E64696E672C5F
S2140462682073706563696669657320776865746802
S21404627865722061206D756C74696361737420623D
S214046288696E64696E672073686F756C64206265EE
S21404629820757365642E007573654D756C74696333
S2140462A861737442696E64696E671F0053656E6431
S2140462B8732061207072652D627566666572656402
S2140462C8206D756C746963617374206D657373618E
S2140462D8676520746F206120676976656E2067722B
S2140462E86F75702049442066726F6D206120676957
S2140462F876656E20656E64706F696E742E006772BC
S2140463086F757049641F7372632D656E64706F6968
S2140463186E741F00437265617465732061206D6531
S214046328737361676520627920737065636966793B
S214046338696E67207468652072617720627974656F
S214046348732E20557365207468652073656E642003
S214046358636F6D6D616E6420746F2073656E642060
S214046368746865206D657373616765206F6E636511
S21404637820697420686173206265656E206372659F
S214046388617465642E2045783A20726177203078E7
S21404639830303046207B30302030412030302031B9
S2140463A8312032322033332034342035357D20737F
S2140463B8656E64732061206D657373616765207408
S2140463C86F20636C757374657220313520283078B5
S2140463D83030304629206F66206C656E67746820F6
S2140463E83820776869636820696E636C75646573BA
S2140463F820746865205A434C206865616465722E6B
S21404640800436C757374657249641F446174611F34
S2140464180052657365747320746865206E6F6465CE
S2140464282E005772697465732061206D65737361F5
S21404643867652E00456E64706F696E741F436C75CD
S214046448737465722049441F417474726962757462
S214046458652049441F4D61736B1F44617461207441
S2140464687970651F4461746120627974651F0052EF
S214046478656164732061206D6573736167652E00BA
S214046488456E64706F696E741F436C7573746572B9
S2140464982049441F417474726962757465204944BE
S2140464A81F31206966207365727665722064697286
S2140464B8656374696F6E2C203020696620636C6986
S2140464C8656E7420646972656374696F6E1F005321
S2140464D8656E64732061206D6573736167652E004D
S2140464E844657374696E6174696F6E1F536F757251
S2140464F8636520656E64706F696E741F4465737493
S214046508696E6174696F6E20656E64706F696E7407
S2140465181F00536F7572636520656E64706F696ECD
S214046528741F004C69737473207768696368206FF6
S2140465387074696F6E616C206C69627261726965E9
S21404654873206F662074686520737461636B2061BA
S214046558726520696D706C656D656E746564206F10
S2140465686E2074686973206465766963652E0050C6
S21404657872696E747320696E666F726D6174696F82
S2140465886E2061626F757420746865206E65747712
S2140465986F726B2073746174652C20636C757374E6
S2140465A86572732C20616E6420656E64706F696E04
S2140465B874732E006F66667365741F005072696E76
S2140465C8747320696E666F726D6174696F6E206687
S2140465D86F7220616C6C20617661696C61626C65AF
S2140465E820736C6F74732E00526561647320726135
S2140465F87720646174612066726F6D20666C6173BF
S214046608682073746F726167652E004164647265EE
S214046618737320746F20726561641F4E756D6265AE
S21404662872206F6620627974657320746F207265B1
S21404663861641F005072696E747320666C617368B7
S2140466482073746F7261676520696E666F726D6118
S21404665874696F6E2E00457261736573207468657D
S2140466682073706563696669656420736C6F74204B
S21404667849442E0053746F7261676520736C6F7497
S214046688206E756D6265721F00426F6F7473207496
S214046698686520696D61676520696E207468652081
S2140466A873706563696669656420736C6F742049E2
S2140466B8442E00434C4920696E7374616E636520EA
S2140466C86578616D706C650064756D6D795F696E6B
S2140466D87374005A434C20636F6D6D616E64730067
S2140466E8626173696300676C6F62616C006D6667EC
S2140466F82D636F6465007573652D6E6578742D73E8
S214046708657175656E636500782D64656661756C7C
S214046718742D7265737000746573742D7265737066
S2140467286F6E73652D6F6E00746573742D72657362
S214046738706F6E73652D6F6666005A434C206261EF
S21404674873696320636C757374657220636F6D6D0B
S214046758616E6473007274666400436F6D6D616E77
S2140467686420746861742072657365747320616C40
S2140467786C206174747269627574652076616C75D0
S214046788657320746F20666163746F72792064651C
S2140467986661756C742E005241494C006C6F7765BF
S2140467A8722D6D61632D7261696C2D3830322E310D
S2140467B8352E342E63006C69627261696C2E610032
S2140467C8756E636C61696D6564006275666665728C
S2140467D82D6D616E6167656D656E742E63006576F2
S2140467E8656E742D71756575652E63007A696762C2
S2140467F865652D75707065722D6D61632E63006E08
S21404680865696768626F722E63006173736F636984
S2140468186174696F6E2E6300313832317300313417
S2140468283232310031323100327300313232313192
S21404683832003132323131003238310038313100E9
S214046848313832313100313231313132313232324B
S2140468583173003132320031323131323231003163
S21404686831313100323238006D61632D6D756C74C8
S214046878692D6E6574776F726B2E63006C6567613D
S21404688863792D7061636B65742D627566666572CF
S2140468982E63000000000200000000000000000054
S2140468A8BA04000000000000000002000000000017
S2140468B800000000BA040000000000000001020303
S2140468C80E312E312E322D65363439616332380056
S2140468D80100000203030100060000000000030094
S2140468E80000000013B779FAC925DDB7ADF3CFE089
S2140468F8F1B614B80102000000000000FFFFFFFF15
S2140469080100000001000000000000000000000074
S2140469180000000000000000000000000000000066
S2140469280000000000000000000000000000000056
S21404693800000000073F0300D32E0300CF2E0300F9
S214046948AD2E03007B2E03000B2F0300DD2E030061
S2140469587D2E03002C000000020202030000000043
S21404696800000000648000506880005000020100A7
S2140469780009007FB06904000100000F9069040054
S2140469880000000000000000E1FE59FF8FFFADFF85
S214046998C1FFD0FFDCFFE4FFEBFFF2FFF6FFFAFFD0
S2140469A8FDFF0000030005005500EDFEFF0064002F
S2140469B81E0000007F001B0DD063FDFF3600B703E2
S2140469C84DDAFFFF1C005901EC3600001100BD002B
S2140469D8C83B00000B00710014350000070049008E
S2140469E8352C0000050037000526000003001400B7
S2140469F8FF140000051E040047D1030047D1030016
S214046A0847D1030047D1030047D1030047D1030009
S214046A1847D1030047D1030047D1030047D10300F9
S214046A2847D1030047D1030047D1030047D10300E9
S214046A3847D1030047D1030047D1030047D10300D9
S214046A4847D1030047D1030047D1030047D10300C9
S214046A5847D1030047D1030047D1030047D10300B9
S214046A6847D1030055D1030047D103006AD1030078
S214046A7847D1030047D103008FD1030047D1030051
S214046A8847D1030047D1030047D10300B7D1030019
S214046A9847D1030047D1030047D1030047D1030079
S214046AA8CFD1030047D10300EDD10300010304014D
S214046AB8010109030B0000000B000000020000009F
S214046AC80000202000000000030000008C8C3C001E
S214046AD80000000000000000000000001E00000087
S214046AE80A0000001A000000000000581200000007
S214046AF8E46A0400554E4B00474F200042544C00AD
S214046B08474F3200474F3300474F3400474F35004E
S214046B18474F3600474F3700474F3800474F39002E
S214046B28474F4100474F4200474F4300474F4400F2
S214046B38474F4500474F46004A4D500042445200CE
S214046B485550520042544D004D534D0046544C0087
S214046B58554E4B00474F200042544C0042414400D7
S214046B6846544C00465243004F54410044534C008C
S214046B784241500055504700544D45004641550083
S214046B88545A4600554E4B0050494E00454D340065
S214046B98554E4B0048562000554E4B00455850005D
S214046BA84C574D00554E4B005242540044534C002B
S214046BB8454D3400554E4B0041535400554E4B003A
S214046BC856465900494E4800554E4B004C434B0018
S214046BD858544C004F424600554E4B004852440009
S214046BE84D454D004255530055534700444247000F
S214046BF8444D410056435400554E4B005550200012
S214046C08525020004150300041503100415020007D
S214046C184450200044454300FC6A0400006B04000A
S214046C28586B04008C6B0400986B0400A06B04007B
S214046C38AC6B0400BC6B0400C46B0400D06B04008B
S214046C48E06B0400006C0400554E4B0046494200B5
S214046C5842544C0045585400505752005744470075
S214046C6820535700435253004653480042414400B9
S214046C78464C540042524F00010401030306010522
S214046C88010501090600060B0000070B050B0000AA
S214046C9800000000000000000400E40C02000104E8
S214046CA81001000000050002000003003C6F040009
S214046CB8386F0400246F0400206F04001C6F04005F
S214046CC8186F0400066F0400F66E0400DC6E0400F9
S214046CD8D46E0400CA6E0400C86E0400B06E0400C5
S214046CE8AD6E0400A56E0400946E0400846E040061
S214046CF8726E0400586E0400506E0400446E04005D
S214046D08406E04003C6E04002E6E0400236E0400DD
S214046D180A6E0400F16D0400956D0400946D040079
S214046D28846D04005C6D0400516D0400506D04000D
S214046D383C6D040000000000000000000000000095
S214046D4800000000000000000F0000000000000023
S214046D580000000000000000000000000000000022
S214046D680000000000000000000000000000000012
S214046D780000000000000000000000000100000001
S214046D880000000000000000000000000F000000E3
S214046D9800000000000000000000000000000000E2
S214046DA800000000000000000000000000000000D2
S214046DB800000000000000000000000000000000C2
S214046DC800000000000000000000000000000000B2
S214046DD800000000000000000000000000000000A2
S214046DE80000000000000000000000000000000092
S214046DF80000000000000000000000000000000082
S214046E080000000000000000000000000000000071
S214046E180000000000000000000000000000000061
S214046E280000000000000000000000000000000051
S214046E38000000000000000000000000FFFFFFFF45
S214046E48FFFFFFFFFFFF0000000000000000000037
S214046E580000000000000000000000000000000021
S214046E680000000000000000000000000000000011
S214046E780000000000000000000000000000000001
S214046E8800000000000000000000000000000000F1
S214046E9800000000000000000000000000FFFFFFE4
S214046EA8FFFFFFFFFF9C0000FF000000000000003B
S214046EB80000000000000000000000008000000041
S214046EC80000FFFFFFFFFFFFFFFFFFFF00000000BB
S214046ED8FFFF0000000000000000000000000000A3
S214046EE80000000000000000000000000000FFFF93
S214046EF8FF00000000000000000000000000000082
S214046F080000000000000000000000000000000070
S214046F180000000000000000000000000000000060
S214046F280000000000000000000000000000000050
S214046F3800000000FC030101010101010101010137
S214046F48010101010100000000000001002000000A
S214046F5800000001010000200204110404021110BC
S214046F681A080A021801081110111A080A04020D50
S214046F780B19195C0110280B01140000000000000E
S214046F8800000000000000000001010101010100EA
S214046F9801010101010101000001010100010001D4
S214046FA801000000000000000000000000000000CF
S214046FB800010000000000000000000000000000BF
S214046FC801FF010023E1010075E4010063E201000A
S214046FD863E5010062E1010079EB010064EE01005B
S214046FE824E1010025E1010026E1010027E1010072
S214046FF828E1010029E101002AE10100000001005E
S2140470088000010000010100800101000002010067
S2140470188002010020E201000003010000050100CF
S21404702880050100000601002C8901008006010085
S2140470380007010001E5010002E50100000801005F
S214047048800801000040010086321010FFFFFFFF91
S214047058FFFFFFFF7BDA030081DA030087DA030009
S2140470688DDA030093DA030056777777777777779E
S21404707877777777777777775A6967426565416C64
S2140470886C69616E636530395A6967426565416C37
S2140470986C69616E636530394E574B205374656569
S2140470A872696E67000095969595950507090D0013
S2140470B8000000000001020304060000F9F20300C1
S2140470C894060400AE060400C5060400D8060400A8
S2140470D8E8060400FC0604000E0704001E07040065
S2140470E83A0704004F0704000208010D0D010101C8
S2140470F812010000FFFFFFFFFFFFFFFF0000000074
S2140471080000000001090501000200000000000359
S2140471181EF1EE0B2C71040090130400051E0400E7
S214047128FE000000AC1304008C720400000000008B
S214047138B61304007C72040000000000C3130400A5
S2140471486C72040000000000D01304005C72040093
S21404715800000000EE13040048720400000000005B
S214047168E61304003472040000000000ED13040063
S2140471782072040000000000FB13040010720400D0
S214047188000000006D120400FC71040000000000FA
S214047198F4130400EC71040000000000001404005A
S2140471A8D871040000000000ACD80300C8710400BD
S2140471B800000000000000000000000000000000BE
S2140471C847430300111404004E140400010100FF91
S2140471D8E10B010077140400BC140400010100014B
S2140471E80107FF009D0B010009150400741504002F
S2140471F8010100FFDD0A010095150400AE15040020
S21404720800010100FF00000059430300D3150400E1
S2140472182B1604000101FF00414303004216040034
S2140472289916040001010207FF0000003B4303000F
S214047238421604009916040001010207FF00000024
S2140472483543030042160400991604000101020798
S214047258FF000000910A0100BA160400F91604009B
S214047268010101FF310A0100181704005D17040024
S214047278010000FFED090100181704005D1704005B
S214047288010000FF750A0100841704008A1504002B
S21404729800FF00002F430300D9170400A54204008A
S2140472A8FF000000294303004C180400A54204000C
S2140472B8FF000000CD090100BB18040030190400C3
S2140472C800FF0000A509010048190400AA190400D3
S2140472D800FF00001B430300BB190400011A040046
S2140472E802FF00006D0901000A1A04007E1A040051
S2140472F801FF0000000000007E1D040011000000CD
S2140473088A1D040012000000921D040013000000E9
S2140473189A1D040021000000A21D0400220000009B
S214047328A91D040023000000B01D0400AA000000E4
S214047338B71D0400FF00000000000000FFFFFFFF69
S214047348FFFFFFFF00000000000000000000010827
S2140473580109020A030B040C050D060E070F081094
S21404736801180119021A031B041C051D061E071F13
S21404737808200121022203230424052506260727BC
S21404738808280129022A032B042C052D062E072F6C
S21404739808300131023203380239043A08E004E1BD
S2140473A804E204E802E902EA04F008F11000000026
S2140473B800000000040500002074040002000F000A
S2140473C84874040002000F007074040002000F00E2
S2140473D89874040002000F00C074040002000F0032
S2140473E8E874040002000F001075040002000F0081
S2140473F83875040002000F006075040002000F00D0
S2140474088875040002000F00B075040002000F001F
S214047418D875040002000F0000000000007604007F
S21404742803000000400000000000000019000000EF
S2140474382476040004000F0080000000000000000A
S214047448000000000076040003000000400000006E
S21404745800000000190000002476040004000F0051
S2140474688000000000000000000000000076040011
S214047478030000004000000000000000190000009F
S2140474882476040004000F008000000000000000BA
S214047498000000000076040003000000400000001E
S2140474A800000000190000002476040004000F0001
S2140474B880000000000000000000000000760400C1
S2140474C8030000004000000000000000190000004F
S2140474D82476040004000F0080000000000000006A
S2140474E800000000007604000300000040000000CE
S2140474F800000000190000002476040004000F00B1
S2140475088000000000000000000000000076040070
S21404751803000000400000000000000019000000FE
S2140475282476040004000F00800000000000000019
S214047538000000000076040003000000400000007D
S21404754800000000190000002476040004000F0060
S2140475588000000000000000000000000076040020
S21404756803000000400000000000000019000000AE
S2140475782476040004000F008000000000000000C9
S214047588000000000076040003000000400000002D
S21404759800000000190000002476040004000F0010
S2140475A880000000000000000000000000760400D0
S2140475B8030000004000000000000000190000005E
S2140475C82476040004000F00800000000000000079
S2140475D800000000007604000300000040000000DD
S2140475E800000000190000002476040004000F00C0
S2140475F880000000000000000000200120000000B9
S21404760808000000040042213000000098760400B8
S21404761800FF420030000000000000000000F008F0
S21404762840000000B976040001002304400000006E
S214047638C176040006003001400000000000000087
S214047648FDFF2102400000000100000019000004AC
S21404765819000101190002041900030119000504A0
S214047668190006011900070404004100492C01000A
S214047678060041004F4B03001900810039490100F8
S21404768819008400C55301000080000000000000B3
S21404769806435553544F4D000000000000000000F8
S2140476A800000000000000000000000000000000C9
S2140476B800FFFFFFFFFFFFFFFFFFFFFFFF000401C0
S2140476C80401040104010401040104010401040181
S2140476D8040104010401FFFFFFFFFFFFFFFFFFFF94
S2140476E8FFFFFFFFFFFFFFFFFFFFFFFFFFFF000196
S2140476F802030405060708090A0B1F1C1F1E1F1E83
S2140477081F1F1E1F1E1F07021F012F0037013F00E1
S2140477185701DF02E700FF02000000000000000037
S2140477280000000000000000000000000000000048
S2140477380000000000000000000000001D240400F3
S2140477481900000023240400FFFF000000000000C6
S214047758EE240400F9240400051E04000125040090
S2140477680F250400051E0400222504002D25040008
S2140477783B2504003F2504004F25040001F40300BC
S2140477885F250400632504006E250400782504009C
S214047798822504008625040094250400A8250400F0
S2140477A8BE25040000800000000000000000000061
S2140477B800000000FFFFFFFFFF00000000000000BD
S2140477C80000000000000000000000400000000068
S2140477D801000000F5D90100000000000000F03F99
S2140477E8000000000000244000000000000059408B
S2140477F80000000000408F40000000000088C340DE
S21404780800000000006AF8400000000080842E4152
S21404781800000000D01263410000000084D797419E
S2140478280000000065CDCD417AF703009C8E040065
S21404783800000000E42E04008C8E04000000000003
S214047848E92E04007C8E040000000000EA2E0400E2
S2140478586C8E040000000000FB130400588E04001D
S21404786800000000EE130400448E0400000000002C
S214047878EF2E0400348E040000000000F52E0400E9
S214047888248E040000000000F92E0400148E040060
S21404789800000000082F0400048E04000000000006
S2140478A8252F0400F48D0400000000002E2F040089
S2140478B8E48D040000000000432F0400D48D040067
S2140478C8000000003C050400C48D0400000000000D
S2140478D8532F0400848D040000000000593304006C
S2140478E8E08404000000000006230400A0840400CA
S2140478F8000000005A2F0400E08304000000000083
S214047908632F0400E482040000000000702F0400C3
S2140479188C7E0400000000008C250400647D0400AE
S21404792800000000772F0400647D040001000000B6
S2140479387B2F0400247D040000000000802F040030
S214047948E87B04000000000039D20300E87B04004A
S21404795801000000702F04008C7E04000000000064
S214047968872F04008C7E0400010000008C2F04007E
S214047978B47B040000000000962F0400B47B0400C7
S214047988010000009E2F0400E479040000000000B3
S214047998B1D90300B079040000000000000000001C
S2140479A80000000000000000C0790400A22F0400B4
S2140479B8051E0400FE000000BA2F04008885040093
S2140479C8000000002E34040078850400000000003F
S2140479D8000000000000000000000000F479040025
S2140479E8BF2F0400051E0400FE000000D52F040067
S2140479F80887040000000000DB2F0400F886040053
S214047A0800000000E12F0400E886040000000000DF
S214047A18EA2F0400D886040000000000EBD6030012
S214047A28C886040000000000F5D40300908604000D
S214047A380000000003DE03007C860400000000004B
S214047A48F42F04006C86040000000000F0D903003C
S214047A585C86040000000000F92F04004C8604002D
S214047A6800000000003004003C860400000000000B
S214047A789CE803002C86040000000000053004007F
S214047A88807B0400000000000C300400287B0400FF
S214047A980000000014300400F47A0400000000001B
S214047AA820300400C07A0400000000000000000033
S214047AB80000000000000000D07A04002B30040008
S214047AC8051E0400FE00000075EE0300A8850400E9
S214047AD800000000D30F040098850400000000008E
S214047AE8000000000000000000000000047B040002
S214047AF84C300400051E0400FE00000075EE03006A
S214047B08C885040000000000D30F0400B8850400EC
S214047B180000000000000000000000000000000054
S214047B28387B04006E300400051E0400FE000000C6
S214047B388C30040018860400000000007D3504001C
S214047B4808860400000000009B300400F885040042
S214047B5800000000A0300400E885040000000000CF
S214047B68A7300400D88504000000000000000000C8
S214047B780000000000000000907B0400AC30040005
S214047B88051E0400FE00000037EE0300B486040059
S214047B9800000000C9300400A086040000000000AD
S214047BA8000000000000000000000000C47B040081
S214047BB8D1300400051E0400FE000000ED30040069
S214047BC848870400000000008C2504003887040059
S214047BD80000000000000000000000000000000094
S214047BE8F87B0400F2300400051E0400FE000000C2
S214047BF80B310400F887040000000000F8EA0300CC
S214047C08E88704000000000014310400D887040044
S214047C1800000000ED30040028870400000000007F
S214047C2819310400188704000000000026310400F7
S214047C38E47C04000000000034310400B07C040036
S214047C480000000042310400707C040000000000BC
S214047C585A2F0400E083040000000000000000001F
S214047C680000000000000000807C04004B31040083
S214047C78051E0400FE0000002D670400C8870400E3
S214047C88000000003E670400B887040000000000F7
S214047C9829FF0300A8870400000000000000000075
S214047CA80000000000000000C07C040069310400E5
S214047CB8051E0400FE000000933104001888040022
S214047CC800000000142004000888040000000000D7
S214047CD8000000000000000000000000F47C04001F
S214047CE89A310400051E0400FE000000B1D9030002
S214047CF84C88040000000000D30F04003C880400ED
S214047D08000000007D3504002888040000000000F8
S214047D18000000000000000000000000347D04009D
S214047D28BA310400051E0400FE000000B1D90300A1
S214047D387C88040000000000DA3104006C88040023
S214047D4800000000D30F04005C8804000000000054
S214047D58000000000000000000000000747D04001D
S214047D68E1310400051E0400FE000000FB31040097
S214047D78B089040000000000C3EF0300A0890400D3
S214047D88000000002E320400908904000000000061
S214047D98EBD603008089040000000000FCD603002C
S214047DA870890400000000000032040060890400A2
S214047DB80000000018320400508904000000000087
S214047DC82132040040890400000000002832040020
S214047DD830890400000000003432040000890400DE
S214047DE8000000007D350400F08804000000000050
S214047DF843320400E088040000000000E8FF0300A3
S214047E08D08804000000000048320400C08804003B
S214047E18000000005F320400B08804000000000080
S214047E28733204009C8804000000000083320400B7
S214047E388C8804000000000092320400587E040077
S214047E480000000000000000000000000000000021
S214047E58687E040097320400051E0400FE00000035
S214047E68AE3204002089040000000000B732040083
S214047E781089040000000000000000000000000054
S214047E88000000009C7E0400051E0400051E040075
S214047E98FE000000BE320400208504000000000036
S214047EA8CB3204006483040000000000D4320400CB
S214047EB8A482040000000000E73204007082040074
S214047EC800000000F53204003C82040000000000B4
S214047ED80333040008820400000000001133040081
S214047EE87081040000000000223304004881040066
S214047EF8000000002F330400A880040000000000DF
S214047F083A33040050800400000000004D33040097
S214047F182880040000000000DF120400C47F040068
S214047F280000000060330400847F040000000000A2
S214047F386B330400507F04000000000000000000BB
S214047F480000000000000000607F04007E33040088
S214047F58051E0400FE000000A2330400D0890400B5
S214047F6800000000A8330400C089040000000000D4
S214047F78000000000000000000000000947F0400D9
S214047F88AC330400051E0400FE000000E5EF030001
S214047F98008A040000000000DE330400F0890400B0
S214047FA800000000EA330400E08904000000000032
S214047FB8000000000000000000000000D47F040059
S214047FC800340400051E0400FE000000B1D90300B6
S214047FD8648A040000000000D30F0400548A0400D6
S214047FE800000000D90F0400448A040000000000C2
S214047FF875EE0300308A0400000000001C340400F8
S214048008208A04000000000033340400108A0400A8
S214048018000000000000000000000000000000004F
S214048028388004003F340400051E0400FE000000E7
S21404803864340400748A0400000000000000000091
S214048048000000000000000060800400693404009A
S214048058051E0400FE0000008D340400C48A0400D3
S21404806800000000DA310400B48A040000000000AE
S21404807899340400A48A040000000000A034040014
S214048088948A040000000000AD340400848A0400C6
S21404809800000000000000000000000000000000CF
S2140480A8B8800400B8340400051E0400FE0000006E
S2140480B826330400748B040000000000D534040042
S2140480C8648B0400000000007AF70300548B040055
S2140480D800000000A8060400448B0400000000000A
S2140480E88D320400348B040000000000E5EF030022
S2140480F8248B040000000000DC340400148B040005
S21404810800000000E7340400048B040000000000AC
S214048118F4340400F48A0400000000000435040063
S214048128E48A04000000000017350400D48A04001A
S214048138000000000000000000000000000000002E
S2140481485881040029350400051E0400FE000000BA
S2140481587AF70300848B0400000000000000000087
S2140481680000000000000000808104004735040079
S214048178051E0400FE000000E5EF0300F48B04006F
S21404818800000000A8060400E48B040000000000B9
S2140481988D320400D48B0400000000006A35040005
S2140481A8C48B04000000000096300400C881040054
S2140481B800000000000000000000000000000000AE
S2140481C8D881040081350400051E0400FE00000062
S2140481D87D350400B48B04000000000075EE03002F
S2140481E8A48B04000000000097350400948B040058
S2140481F8000000000000000000000000000000006E
S21404820818820400A0350400051E0400FE000000C1
S214048218B1D90300148C040000000000D30F040036
S214048228048C0400000000000000000000000000A9
S214048238000000004C820400C0350400051E04003B
S214048248FE000000E0350400348C04000000000042
S214048258F3350400248C040000000000000000002D
S21404826800000000000000008082040009360400B4
S214048278051E0400FE00000029360400548C040081
S21404828800000000F8EA0300448C04000000000024
S214048298000000000000000000000000B482040093
S2140482A833360400051E0400FE000000E5EF030054
S2140482B8848C04000000000058360400748C040003
S2140482C80000000070360400648C040000000000FF
S2140482D8000000000000000000000000F482040013
S2140482E8051E0400051E0400FE0000008136040076
S2140482F80C830400000000000000000000000000DA
S214048308000000001C830400051E0400051E04006B
S214048318FE0000008D360400D48C04000000000023
S2140483287D250400C48C0400000000009336040075
S214048338B48C04000000000097360400A48C0400E3
S214048348000000009B360400948C04000000000023
S2140483580000000000000000000000007483040011
S214048368AB360400051E0400FE000000B1D9030065
S214048378548D040000000000C6360400448D040032
S21404838800000000D9360400348D04000000000004
S214048398D30F0400248D040000000000E636040011
S2140483A8148D040000000000F7360400048D040051
S2140483B80000000005370400F48C040000000000E8
S2140483C816370400E48C04000000000000000000D7
S2140483D80000000000000000F083040023370400B7
S2140483E8051E0400FE0000003D37040078870400DC
S2140483F800000000703704006887040000000000CE
S214048408AB3704005887040000000000C237040095
S2140484186C84040000000000CC3704003884040090
S214048428000000000000000000000000000000003B
S21404843848840400D0370400051E0400FE0000002B
S2140484482D67040098870400000000003E670400B7
S21404845888870400000000000000000000000000F8
S214048468000000007C840400EF370400051E0400A6
S214048478FE00000010EB0300748D040000000000EA
S2140484887D350400648D0400000000000000000030
S2140484980000000000000000B08404000238040055
S2140484A8051E0400FE000000B1D90300B48D0400C4
S2140484B80000000093310400A48D040000000000AE
S2140484C814200400948D040000000000000000003E
S2140484D80000000000000000F08404001D380400BA
S2140484E8051E0400FE000000AD340400CC8E040013
S2140484F800000000E5EF0300BC8E04000000000046
S2140485087AF70300AC8E04000000000000000000A8
S2140485180000000000000000308504003D38040018
S214048528051E0400FE0000005B3804001C8F0400CF
S21404853800000000653804000C8F040000000000EA
S21404854870380400FC8E040000000000FB130400CE
S214048558EC8E0400000000007F380400DC8E040063
S21404856800000000000000000000000000000000FA
S2140485780D4303008A380400051E0400FF000000AB
S2140485880943030097380400051E0400FF00000092
S214048598E1100100A9380400051E0400FF000000CD
S2140485A87D100100D63804009E40040001FF000038
S2140485B8E110010016390400051E0400FF0000003F
S2140485C87D100100443904009E40040001FF0000A9
S2140485D81511010085390400A639040000FF0000BF
S2140485E815110100AF3904000C3A04000000FF001E
S2140485F8911101001A3A0400333A0400010001FFFD
S214048608FD110100583A04009A3A04000102FF00DA
S21404861891110100B03A0400DF3A04000100010297
S214048628FF0000000D0F0100103B04004C3B040043
S21404863807FF00002D0F0100523B0400853B040091
S21404864801FF0000410F01008D3B0400DD3B0400E0
S2140486580100FF009D0F0100F23B0400433C0400A8
S2140486680101FF00710F0100533C04008D3C040017
S21404867801FF0000F10F0100953C0400DE3C0400F5
S214048688010000010707FF002D120100303D040019
S214048698853B040001FF00002D130100783D04000B
S2140486A8BC3D0400010700010700FF006B430300FC
S2140486B8113E0400573E04000107000101FF0000B4
S2140486C8B5120100933E0400CE3E0400010000FFEC
S2140486D885120100EC3E0400303F04000100FF0050
S2140486E855120100433F0400303F04000100FF0018
S2140486F8FD120100823F04008D3C040001FF0000C7
S2140487086D130100BD3F0400EE3F04000100FF00A6
S2140487189DFC0000051E0400FC3F0400000707FF3C
S21404872841FC0000051E040015400400000707FF6E
S2140487384D010100051E04002140040007FF000047
S2140487484D010100051E04002140040007FF000037
S214048758BD420300051E0400264004000000FF0076
S21404876829010100051E04000F17040001FF00007C
S214048778F1000100051E04005E40040000FF00002E
S21404878821FC0000051E0400051E0400FF0000006E
S21404879821FC0000051E0400051E0400FF0000005E
S2140487A893420300051E0400051E0400FF00000093
S2140487B893420300051E0400051E0400FF00000083
S2140487C893420300051E0400051E0400FF00000073
S2140487D8F1FB0000051E0400944004000101FF009C
S2140487E8DDFB0000051E0400A940040001FF00008C
S2140487F88F420300051E0400051E0400FF00000047
S214048808A5FB000071310400051E0400FF000000EB
S214048818A5FB0000B3400400051E0400FF0000008A
S21404882825FD0000D4400400EB40040000010000CD
S21404883807FF00008B42030011410400051E0400D4
S214048848FF000000A1FA00002B410400051E0400E6
S214048858FF0000000543030059410400051E0400F8
S214048868FF000000F742030073410400F53F0400CC
S21404887800FF00002104010098410400051E0400BE
S214048888FF00000075F90000B2410400051E04004C
S214048898FF00000009F90000D54104005242040014
S2140488A800000310FF000000E5F90000A7420400DA
S2140488B81543040001FF0000B9F900002A43040028
S2140488C86D43040000FF0000CDF800007E4304005A
S2140488D8051E0400FF00000089420300AD4304009F
S2140488E8051E0400FF000000A9F80000F943040070
S2140488F8F53F040000FF000075F800003A45040040
S2140489088F45040000FF000059F80000A94504003C
S214048918051E0400FF0000003DF80000B9450400E9
S214048928051E0400FF00000079420300CD4504003C
S2140489384B46040000FF00000DF80000D64604006D
S214048948051E0400FF000000C9F70000F3460400F3
S2140489581E47040007FF000089F7000028470400A4
S21404896881470400000500FF41F70000344804006E
S214048978474804000002FF001DF70000764804007C
S214048988051E0400FF00000079420300884804001E
S214048998C248040000FF0000B1F60000484904007D
S2140489A88E490400000301FFA1F600002E4A0400C5
S2140489B8744A0400000301FF3D720100144B0400CE
S2140489C8051E0400FF000000114F03003C4B040082
S2140489D8B74B040002FF00004D1701000C4C0400BE
S2140489E8A542040000FF000019170100344C0400D7
S2140489F8A542040000FF0000C91601004D4C0400FF
S214048A08051E0400FF00000049640100664C0400CB
S214048A18051E0400FF00000021640100B34C040096
S214048A28051E0400FF000000AD630100DE4C0400D0
S214048A38044D040000010100010102FF85630100E2
S214048A48834E0400AB4E040000FF0000656301007B
S214048A58D24E0400051E0400FF000000AD620100AB
S214048A68FC4E0400051E0400FF000000E34D03004E
S214048A78154F0400051E0400FF0000007D57010082
S214048A883B4F04006C4F04000002FF00454C0300F3
S214048A98C94F0400051E0400FF000000414C0300F3
S214048AA8F64F0400051E0400FF00000031570100BD
S214048AB8115004003B50040000FF0000F15401006C
S214048AC86B500400051E0400FF0000006D40010002
S214048AD87E500400051E0400FF00000055400100F7
S214048AE896500400051E0400FF000000BD4B03005A
S214048AF8AF500400051E0400FF000000A94B030045
S214048B08DC5004005651040000FF0000FD53010029
S214048B1895510400051E0400FF000000ED520100F4
S214048B280D520400051E0400FF000000113F01005A
S214048B3851520400051E0400FF000000F53E010023
S214048B486E520400051E0400FF0000006D3F01007D
S214048B5819530400051E0400FF000000613F0100CD
S214048B68A7530400EC53040000FF00002D3F010047
S214048B78235404007454040000FF0000593D010007
S214048B88A7540400051E0400FF000000F13101008C
S214048B98D35404003C5504000000FF00F1310100E2
S214048BA891550400F35504000000FF0091320100BB
S214048BB8385604006B5604000002FF00174B0300E7
S214048BC8C05604000E57040007FF0000C533010012
S214048BD82A570400051E0400FF000000D9310100CE
S214048BE84E5704007357040000FF0000E5320100E6
S214048BF8CC570400051E0400FF000000A92B010042
S214048C0809580400051E0400FF000000712B01002B
S214048C1833580400051E0400FF000000EF49030053
S214048C286E580400DD58040000FF0000CD2401003F
S214048C382E590400AD59040000FF0000E149030062
S214048C48F3590400455A040000FF0000C149030014
S214048C588C5A0400D95A040000FF0000951D010030
S214048C68235B0400595B040003FF0000CD1D0100CC
S214048C78945B0400DA5B040003FF00007D1C01001B
S214048C88305C0400051E0400FF0000004D49030084
S214048C98605C04009E5C040000FF00004749030073
S214048CA8AE5C04009E5C040000FF0000414903001B
S214048CB8D55C04009E5C040000FF00003B490300EA
S214048CC8FC5C04009E5C040000FF000035490300B9
S214048CD8245D04009E5C040000FF000011490300A4
S214048CE84D5D0400051E0400FF000000174903003C
S214048CF86F5D0400051E0400FF000000CD19010086
S214048D08975D0400D05D04000001FF00F919010016
S214048D18F15D0400051E0400FF000000134903006B
S214048D281C5E0400051E0400FF000000B5190100BF
S214048D38375E0400051E0400FF00000071190100D8
S214048D48525E04007F5E040000FF0000591901000B
S214048D589A5E0400051E0400FF000000A10101003D
S214048D68C55E0400051E0400FF000000A101010002
S214048D78EC5E0400051E0400FF00000091F60000E7
S214048D88FD5E0400051E0400FF0000005DF60000FA
S214048D98125F0400395F040000FF00005DF600005F
S214048DA8495F0400395F040000FF0000F5F5000081
S214048DB8705F0400051E0400FF00000071420300F3
S214048DC88B5F0400051E0400FF00000051F200003B
S214048DD8AE5F04001860040000FF000031F20000D3
S214048DE83B600400051E0400FF000000190E010085
S214048DF8A16104002E620400010000FFFD0C0100BE
S214048E084B6204009F62040000FF0000310D01005D
S214048E18B4620400066304000100FF009D0C010010
S214048E281C630400096404000107FF00754203007C
S214048E3819640400051E0400FF000000FD05010077
S214048E482A6404003C640400000101000007FF00D3
S214048E58F504010077640400886404000001010036
S214048E68FF000000310D0100D7640400E864040024
S214048E78010000FF6D040100D76404001A650400AD
S214048E8800FF0000DDA401002B650400051E040095
S214048E98FF00000085F2000077650400051E040044
S214048EA8FF0000006D6F0300051E0400051E040085
S214048EB8FF000000A5B20100051E0400051E0400FC
S214048EC8FF00000069B20100051E0400BC6504002A
S214048ED802FF000015BA0100C4650400051E04005C
S214048EE8FF000000A1B90100F06504001366040041
S214048EF80200FF00EF6F03003C660400051E040032
S214048F08FF0000007DB901005E6604007C6604006C
S214048F1802FF000055B90100916604007C6604004F
S214048F2802FF000001000000C84B002000000000FB
S214048F3800000000FFFF0000F148030000000000E6
S214048F4803000000FFFF0100CF49030000000000F3
S214048F5804000000FFFF01005D4A03000000000053
S214048F6804000000FFFF0000E14A030000000000C0
S214048F7806000000FFFF0000534B0300000000003B
S214048F8819000000FFFF0100E94B030097360400B0
S214048F98D466002000000000000000000000000066
S214048FA800000000E86604001890040000000000B2
S214048FB8EE6604001C71040000000000F566040058
S214048FC8EC720400000000002E340400DC72040076
S214048FD800000000FE660400CC72040000000000D6
S214048FE810670400BC720400000000001F67040039
S214048FF8AC72040000000000306704009C72040091
S214049008000000000000000000000000000000004F
S2140490182890040042670400051E0400FE000000B1
S2140490285D67040040900400000000000000000093
S21404903800000000000000002576030062670400B4
S214049048051E0400FF03010001013F040201003F5E
S214049058040202003D040202003D0401020001026B
S2140490680003010002023D0402010002020201009C
S214049078020200000020202020202020202028286B
S21404908828282820202020202020202020202020B7
S21404909820202020208810101010101010101010F7
S2140490A81010101010040404040404040404041027
S2140490B810101010101041414141414101010101B5
S2140490C8010101010101010101010101010101017F
S2140490D8101010101010424242424242020202028B
S2140490E8020202020202020202020202020202024F
S2140490F810101010200000000000000000000000FF
S214049108000000000000000000000000000000004E
S214049118000000000000000000000000000000003E
S214049128000000000000000000000000000000002E
S214049138000000000000000000000000000000001E
S214049148000000000000000000000000000000000E
S21404915800000000000000000000000000000000FE
S21404916800000000000000000000000000000000EE
S21404917800000000000000021000000064500020F8
S214049188801300200000020800000000FFFFFFFF15
S214049198FFFFFFFFFFFFFFFF0000000000000000C6
S2140491A800000000000000000000000000000000AE
S2140491B82000000069E5010010000000E1E4010059
S2140491C800000001000001010001010120C001B8EF
S2140491D80000000000000000FFFFFFFFFFFFFFFF86
S2140491E8FFFFFFFFFFFFFFFFFFFFFFFFFFFFFFFF7E
S2140491F8FFFFFFFFFFFFFFFF030404080808080833
S21404920800B801B802B800B074C604000304040821
S2140492180805000000000000000000000000000030
S21404922800000000F8330000E0030000D837000010
S21404923814000000383E000008000000002F00005C
S214049248F8040000EC37000004000000343E000078
S2140492580300000000000000002F0000F0370000A4
S21404926801000000403E000039000000012F000005
S2140492780100000070B50822804B1A60804B1B68FA
S214049288DC0302D50020088070BD0C880019401E37
S21404929800787C4DA870641C0C8045076D0F052D5E
S2140492A805D8794E3668F60603D5022D0DD0032068
S2140492B870BD9604AE401E4001D1082070BD052D31
S2140492C803D1104201D1641E0C80AA4848600020CD
S2140492D870BDF3B582B008886C490978491CC9B2D0
S2140492E8814204D202990918491E097800E000212F
S2140492F8644A517093785B075B0F01933023019C93
S214049308052C28D1194232D19478E5081E242C401D
S214049318CD0702D5250001242C430125A14EE6409D
S2140493282E4072D0019FA04EE641402426403E437C
S2140493384C0602D5340020262643947889080D4026
S214049348A7080C2139402943C02525400D43202170
S2140493582943967051704A490C6855780221232689
S2140493682E4008D0660302D52B40202B01D00520BA
S21404937882E0424B196093789B0601D4202203E0CE
S2140493889278120702D540223C4B1A603D4A9278DE
S2140493986B461A70C022854B1E680E4001D11542D2
S2140493A812D06E46377827263E40232E03D1E6028F
S2140493B807D4012606E0252E03D0212E04D1260341
S2140493C802D504262D4F3E601B6819402026019FAF
S2140493D8002F1CD11E4027D02A4B5B781A40402AFF
S2140493E813D00C221A40042A0FD02A073BD4012291
S2140493F8002902D0E100CB0F5A4069460978CB070A
S214049408DB0F1A422FD021012AD4072034E0022F7A
S214049418E2D11E4008D00029DED1CC232B4003D14C
S2140494286B461B785B0601D5032025E0A30311D5FC
S2140494389C4E73691B051B0D5B1C3668F60205D526
S214049448994E36683607B60F9B1B5B1E9BB2052BD8
S21404945804D1C1E7029B1B78052BBDD006200BE080
S2140494688021064A1160E90702D4401C0399088043
S214049478AB4803994860002004B0F0BD481002A821
S214049488C83E0000343E0000440002A8543E0000D3
S214049498F2B586494978CA0705D4009A128880180E
S2140494A8401E037800E000239E4A106802249E4D5E
S2140494B82E68F60611D512695340DBB2002B03D189
S2140494C86E68D30973402340002B03D0020204D4E9
S2140494D80A20F2BDE206954E3260744A1E02C02384
S2140494E80B403343914E336093785E07760F022E13
S2140494F806D16D682C4003D1002000990880F2BD7F
S214049508A0250D409E08102737402F433D090E0717
S21404951802D42E0010253543CC240C401A262E409F
S2140495280A2E04D1CC2C02D02E00FD253540804EC0
S214049538EE40F60705D4000416D5412B10D10829A9
S21404954812D17C48E84011210140214320200843D9
S21404955810700D210140009808D000F0A9F8F2BD5B
S2140495680B2B01D10029ECD00720F2BD00F020F81F
S214049578F2BD00005F2F000038B50C006E490B786A
S2140495881A0953399500491925881B071B0FEB1A26
S2140495989A1A8018FEF756FE010002D1200000F041
S2140495A807F832BDF300A3E398144068480002A8FD
S2140495B8F8B50400614805683C4F3878D026304230
S2140495C802D00D21014005D008205D490860EF202F
S2140495D8FEF7F6FD39782000314204D009093970BF
S2140495E800F066F8F2BD052129401FD002884D49CF
S2140495F8CA60544BEC0705D5521C0280690607D48A
S214049608514B05E043242C40422C03D1521C0280C3
S21404961843600DE010224A4B1A604C4A09688B00D6
S214049628DB0F1901D1628021090311600021018032
S2140496380020F2BD0A888018401E0078830601D4EC
S214049648121D0A801822024004D00888520880187E
S214049658C01E088039480068C00702D50888401C20
S21404966808803948486000207047344A1368DB0786
S21404967808D51268920705D40A888018401E007810
S21404968804280CD110202E4A10603048254A126847
S2140496989300DB0F1A01C2628022120302600020C4
S2140496A8088070470C4000A8080001A8343E000053
S2140496B831B581B02649002000900822254B1D7834
S2140496C802230C24254202D10022234903E02C401D
S2140496D8082C00D10222EC0703D50C001E21614099
S2140496E800931D4207D015490968090601D51B4988
S2140496F801E00021C943019B194C21601949FF2444
S2140497088C70009C15012543CD7008701888009944
S21404971840188018188014485860002036BD000089
S2140497281D310000C83E0000440002A8441002A8E8
S2140497380D0F0C0D071708504B3F0000480002A8F1
S214049748482002A8C1320000F73200001C1002A804
S214049758DE1B2501343E00002084100000FCFF01B7
S214049768F43E0000483F000005320000343E000086
S214049778C1290000D9290000D9290000D9290000E8
S214049788D9290000D92900000000000000000000C4
S2140497980000000000000000D9290000D9290000B4
S2140497A8D9290000192E0000D929000055230000E5
S2140497B865230000F123000039240000B3240000C8
S2140497C81D260000D3240000BD2600001F25000027
S2140497D85D250000D5250000312800000129000079
S2140497E827230000632B00004D200000812B000077
S2140497F8F52B0000D9290000D52C00009D2C00006C
S214049808D9290000D9290000212D0000D9290000F3
S214049818D9290000D92900005D1000005310000063
S21404982867100000711000007B1000008C488068E8
S214049838000200D4704780B580208002A8490860DA
S214049848CF2000F045FA01BDF8B586480068864C76
S214049858802292032260854E316809051DD5110BB6
S214049868A023034001D0216017E002403FD180279F
S2140498787F4A17607F4A1760084038D0784D287AA0
S214049888400705D501207C49086000027B4908602A
S2140498982878002801D0062801DB0020F2BD00F055
S2140498A851FB716889684E682978052907D1B90576
S2140498B8A1606E60B668CC218901704A116000F018
S2140498C84AFB012E00DA0226BC208005854908607A
S2140498D8942080058449086065480021C9430164CA
S2140498E87142416481490F6040210160D5E7AE4862
S2140498F80160FFF79BFF0120F2BD5A4801688905FD
S21404990804D5C06E0004000F022801D0002070475A
S2140499180120704738B580245548046000F012FBCF
S21404992805007348006800F05FF9280000F013FB90
S214049938FFF77CFF4A48007A000705D5A0004A4985
S214049948086000F0FEFB31BD600397490860AD4827
S214049958046031BDFEB50500CC20800193494860FB
S214049968012693480660FFF7C8FF002877D03C4CCA
S2140499782078002873D031020195052802D02A469B
S2140499880A406CD1CC27BF01884A17609E4A1268E1
S21404999853075B0F022805D1022B5ED3080137490B
S2140499A80860F7BD4D01032804D1022B55D9334866
S2140499B80560F7BD042802D111404ED0F7BD05282E
S2140499C84BD10198002848D0C005C10F684641709D
S2140499D80198C004C10F6846017000F0B3FA0290FB
S2140499E8606869464978002903D006688021214AB8
S2140499F811602C04A7496A461278002A0CD0C2685B
S214049A080B68D21AA44B1B68234001D0066800E0F2
S214049A184668964200DD1600684640786A4612781C
S214049A28024308D008684242B01E824202DA7042F4
S214049A38886000E00026029800F08DFA01988005F8
S214049A4801D5964804600198054001D094480460FE
S214049A58002E02D009480760F7BDFFF75BFFF7BD85
S214049A68403E0000400002A8402002A8C83E00006D
S214049A780CC001A890E001A894D000A8505201A8F0
S214049A8838B5802487480460012049490860864D13
S214049A982878052802D0600084490860FFF72DFF5F
S214049AA8002812D012480068000A80214140A8689D
S214049AB8000EC9B2814208D2534800684007400FD6
S214049AC8022802D2FFF726FF31BD79480168C02272
S214049AD80A4002D1C06F204001D00448046031BD5A
S214049AE81C1002A808E001A808D001A894D001A870
S214049AF818C000A8F1B582B00F008026B600A020D2
S214049B08384002D06B4806604CE000F01BFA009020
S214049B1869480468F80202D5A0680069029000F053
S214049B285FFBB102606800F069F921782000002222
S214049B38491C43788B4200D2002118234B43C5188E
S214049B480C352B78082BF3DA0C0001708560564820
S214049B58297801703E4007D0574909688968CA6859
S214049B68F90201D403218A43826001261046304054
S214049B7803D100F0F6FB00F0B4FFF104686900F0C6
S214049B883DF93C2000F0A4F8E0B200F0A1F80098F3
S214049B9800F0E1F930054749086048480660300295
S214049BA8024908600298FEBD401002A84C6201A84B
S214049BB894E000A810B542480068800501D4FE2049
S214049BC810BDC02080033F49086000F0BBF93A493D
S214049BD809688A78D20702D589688C7800E00C78F8
S214049BE800F0B9F9200010BD334909688A688B78F3
S214049BF8DB0704D5927818235A438A180C329060E7
S214049C0870470000100002A8084001A8F1B582B009
S214049C182D4F3C680026200F000702D1E001029071
S214049C282AE000F05EFF00F08DF901908021090318
S214049C38606800F0E3F825786D1C6078A84200D2C6
S214049C480025E80020180C30009000680290802157
S214049C5809030098406800F0D1F83D2000F038F871
S214049C68E8B200F035F825700098A060019800F076
S214049C7872F902A800F09AFF14480068800407D511
S214049C88786901F050FC02990818029000D50296EB
S214049C980298FEBD48C001A8480002A8481002A8B9
S214049CA8482002A894E001A8403E0000506201A89B
S214049CB814C001A8402002A8CC3E000090E000A8EA
S214049CC8400002A8401002A8D03E0000FC0302A8E8
S214049CD841490968002901D5404908607047F3B529
S214049CE881B03F4FB9683F4C4A004CD5012509015D
S214049CF800D5212501003C4A106856682268920659
S214049D08920E94463A6893008022134062461343A0
S214049D18802252001A4300920A0023D0890601D5ED
S214049D28012008E0F021014007D16946097A0C228F
S214049D380A4002D0022000F03FF82C4909680904BA
S214049D480AD53968090701D5022605E039684903A2
S214049D5801D5002600E003264835009A24490968F8
S214049D68890003E0009A2249C96909094023194071
S214049D7811439A00002E02D016432666083521663B
S214049D88024322662566E06D4407640F00F0C4F8B3
S214049D98A0070BD0052C09D0B868000406D400F038
S214049DA8D1F80221134A116000F0D5F800F0BDF886
S214049DB8002000F001F8F7BD0B490A68F0239A431F
S214049DC8000110430860C0B270478020C0020A49E8
S214049DD808607047000000004C0002A8884000A8ED
S214049DE8440002A8284000A8683F0000384101A89B
S214049DF8084001A87CD40350485000A880B5664A99
S214049E08116001F0BBFBFFF7E0FF01BDFEB500F0F3
S214049E1899F802901020614908600023604803609E
S214049E280220604908606048C0684005C20DD52A0B
S214049E3801D2D52204E0D1204000824200D9020093
S214049E4810000100594C0194843C246864011DD513
S214049E58574C0094251D574E367806277E43AA533A
S214049E680024019D2D7CE540ED070CD5009D0626B3
S214049E786643AD19AD888FB2BD4200D2290086B2BA
S214049E88AE4200D22800641C022CEAD389B24631BA
S214049E980904494C0C404638C005C00D20434249C5
S214049EA80860C0200006454908604048017D00292E
S214049EB80CD04349D52A02D98024E4050C60D12461
S214049EC86400A24202D2802424060C6010213D4C71
S214049ED821603D490B604188002900D10280029820
S214049EE800F039F8F7BD80B538483949086039486C
S214049EF8C1680902090A1922514341600521016013
S214049F08FFF784FF01BD33480068C00300D47047D8
S214049F1880B5FFF77BFF01BD8020C0021E4908609C
S214049F282D4800684007FBD470478020C0022B49A0
S214049F380860704701E02A4908602A490968014010
S214049F48F9D17047284800682021284A1160102152
S214049F58274A116070473021014002D11020234956
S214049F68086070472048006830210140102901D154
S214049F7801207047002070471E48007806210140DB
S214049F8807D01D480068022803D0032801D0012002
S214049F987047002070470000401002A8F41302A877
S214049FA8048002A8409002A87C400050743F000039
S214049FB8643E0000603E00000000FF01A060005000
S214049FC8A4500050F42302A818E000E07F1A060103
S214049FD8500002A810E000E0400002A8402002A8B2
S214049FE8282002A8280002A85C0002A85C2002A870
S214049FF85C1002A8BC3E00006C3F0000F8B553484D
S21404A0088021490281610221514A51600021514A46
S21404A0181160514A118003214D4A116002210160E2
S21404A02820204E49086080204D490860CC208001D5
S21404A0384C49086001204C4908604648806F0090E7
S21404A0480F24070B274049480068C505ED0D103D49
S21404A058C0202843C0B2FFF73BFE3E480069800391
S21404A0680AD5092F08D0FFF787FF002802D04048F2
S21404A0780068804701F0D8F80098044000943D48EA
S21404A08804680098032803D0022806D1032F3AD080
S21404A09800F002FA0098032803D0062F33D1062DC1
S21404A0A831D0354800680104C90F01D001F084FB9B
S21404A0B832480068000109D5052D07D1012501207D
S21404A0C82F4908604005FFF735FF00E0002521000A
S21404A0D8380000F0E3F904002A4E002D06D000F0FC
S21404A0E889FB01203060022027490860802080030D
S21404A0F87065800925490860FFF73EFF002802D0EE
S21404A108234800688047124880214902C161002F0D
S21404A11808D10221416000200E490861C020C00011
S21404A1281C4908602000F2BD80B5FFF7F5FE1A4802
S21404A1380078800602D4022018490860FFF7F5FE66
S21404A14801BD022016490860704700002C1002A8BA
S21404A158282002A8340002A8743E000094E001A84F
S21404A1680CC001A8506201A894E000A804ED00E021
S21404A178E8370000B44000A800E200E0F03E000023
S21404A188645000A8646000A82C4000A880E200E0A0
S21404A198E43700002C6001A8C83E0000081002A896
S21404A1A8082002A87B480068800700D4704730B5AA
S21404A1B881480421904A0123E024E4008568254068
S21404A1C802D01360D160D3600068044002D01360E4
S21404A1D85160536030BD8948012181600160704731
S21404A1E810B5012075498A680240FCD1844A0423C4
S21404A1F8D3600C680440FCD15360106010BD8149DC
S21404A20808680122104200D1704710B5E023DB002D
S21404A2180340FF24A41CA34204D37B4B1B689B0661
S21404A22800D54868024001D000F0B6F810BDFEB567
S21404A2380700C8207549086006207549086080200C
S21404A24840037449086074480168744A0A408021C7
S21404A258090111430160724CC020C0002060022529
S21404A268A56168036F4908606F4E7048F0664C2015
S21404A2786F49C86638686F498968814201D2009177
S21404A28800E000900099401A38600121380000F078
S21404A29855FB01903868009940183860FFF782FF2C
S21404A2A8634800686349086063480168490601D53D
S21404A2B8624900E0624931670199002908D10321FF
S21404A2C8E16100683068054002D080208002206181
S21404A2D80198FEBDF1B55B4C8020C00120605A4D44
S21404A2E80126AE62594F3E601D20286056206866D7
S21404A2F8072001F009FB0220286006212966544934
S21404A3080968002902D4082129666966514929651D
S21404A318C021C900504A1268F823DB01134001D152
S21404A328A96700E07961E16B314008D0216BC90761
S21404A33805D44A490968084001D101F0EDFA4848AD
S21404A34848490860206B064001D1FFF72BFF0098A8
S21404A35801F0C8FA206B8001FCD4206A42490860E0
S21404A368F1BD30B53748414B0121026B0A4001D193
S21404A3785961D9603E4A3F4C54663F4C14650324E1
S21404A3881C600023CE4D2B6014609162C9030160E3
S21404A39830BD00004C0002A8F0210901374A1160BC
S21404A3A80140374801602020364908603649096864
S21404A3B80840C849086070476C0102A8700102A8E2
S21404A3C880B532480821324A13680B4001D001612F
S21404A3D841611178C90602D5862109010160FFF793
S21404A3E80EFF14202B490860BB480168490701D0B2
S21404A3F8FF21416101BD0000681102A86C2102A872
S21404A408682102A8783F0000400002A8548001A8EA
S21404A4180C9001A8942002A8680102A8FFF1FFFF87
S21404A428441102A8A01002A8E40002A8294E0600B7
S21404A438300002A8A03F0000FC0302A8CC3F00009E
S21404A448C43F0000100002A8E01002A8442102A895
S21404A45828C000A80C1E0000A88001A8483E0000DA
S21404A468FFFF7F7FB46000A89C3F0000602102A81D
S21404A478E02002A85E060000041E00002C6001A866
S21404A4882C5001A8442002A8084001A8301102A8AC
S21404A498F84F0000703F000070470000F8B586B01B
S21404A4A805000C008D48866AFFF74CFD0590B0053C
S21404A4B803D58B480068FFF797FB0020019001221C
S21404A4C87306DB0F87498F688860B8204000864E7D
S21404A4D830606608B82030400978F0260E40402ED2
S21404A4E802D10100402008430D2D02D1390004276B
S21404A4F80F43790704D501001420084310218C4320
S21404A5087A4909686D462A7004930500784EC8058A
S21404A51806D58020400077490860280001250543B1
S21404A5280498002811D10C20284008280DD02800AB
S21404A5386A49496BCA0601D410229043890601D495
S21404A54820218843B121014067D068460078002856
S21404A55865D0B26BB06D012101235207520F921DCC
S21404A5689340C004C00C181A80B2082809D2802563
S21404A57806205A4A106008049D4A106000206A465D
S21404A5881070812028404DD00820049A002A00D153
S21404A59830623A00082717431020844304200390A7
S21404A5A80005984A10604008974A1060974801606A
S21404A5B868460078002832D00398062838D394488A
S21404A5C8806BC00634D593480068000E0190904806
S21404A5D8006880B202908F48006A000604D0029889
S21404A5E88021490101430291FFF7C6FC002809D0DF
S21404A5F889480078C00605D002988021C90101431D
S21404A60889B2029102983061029800123061374884
S21404A6180168C80500D57AE70AE008203062009485
S21404A628049732E090A06906C90E405C0390BFE721
S21404A6380094049703982949CB6A764A12683468C2
S21404A6486F463C8128241C400443980CC0012043D0
S21404A6581C001B0E23401024234003439000402272
S21404A6681040184302AA9070086B000A02A9C87022
S21404A678FFF7A0FA02A908710198487167480068AC
S21404A688C8800298F0660398F0660598FFF763FC9E
S21404A69808240098400601D55A488460FFF76CFCE5
S21404A6A8002805D05E480078002801D05D4804607C
S21404A6B80498C1B2E8B2FFF712FB009807B0F0BDE1
S21404A6C8400102A8081A03D2574909684018401CD2
S21404A6D870470000441002A80C4000A8180002A8FE
S21404A6E81CC000A8683F0000B46000A81C0100AAAB
S21404A6F8540000AA1C2100AAF8B54C4E0F240125C4
S21404A7084B491027706B38401BD001200870494805
S21404A718006849490968FFF7D5FF48490968401899
S21404A72801284BDB01F0A4F945490968090B0C40DC
S21404A738022C41D16905434A11604349CF63356009
S21404A7483AE0F06BC0001ED540480068E021890551
S21404A758014033D03A4D28682103014078028142EB
S21404A7682CD1FFF7EFFB3A4A3A490968C90502D5DE
S21404A7783949096811602968090B21400229F3D070
S21404A788FFF7E9FBF1BD354E3068002816D00D708A
S21404A79801F0A8F8002811D101F06AF928490968D7
S21404A7A8090B0C40022C07D12904264A1160022101
S21404A7B8254A11600021316001F05EF9F1BD802060
S21404A7C880042749086070478020400424490860AC
S21404A7D870478020C004224908607047802000051E
S21404A7E81F4908607047802040051D490860704767
S21404A7F8141100AA1B480168490701D0FF214161CA
S21404A80870470000401002A8205001A8006101A863
S21404A8181C4000A8084001A8C43E0000448001A8C3
S21404A828F0370000845000A838C001A8100002A819
S21404A838773E00001CC101A820C001A8E03E000025
S21404A848AC0002A81C1002A8082002A8204001A8F0
S21404A858800000AA084000A8904000A84C3E0000CB
S21404A868382002A80C4000A80301070603010706BF
S21404A878050106060501060603020706030207067F
S21404A8880502060605020606FF2807D0032805D291
S21404A898A9490978C140C807C00F70470020704707
S21404A8A8F0B5802000020821A44A11600A23012179
S21404A8B8A34A01249C400443B6A5ED5C2543956051
S21404A8C8F025A04E35609D4DB5A6F65C02273743A5
S21404A8D82F6004262E609C4D2D680D4006D1CD02AF
S21404A8E86D1E03D0966C3603FAD401E00220F0BD40
S21404A8F8956CD66C6D036D0BAE4200D220005B1EC1
S21404A908D7D508238F4C23609060904B1B685B0157
S21404A91812D58F4C63785D1C01262E4066701D0088
S21404A9280626754365191268AA80E880237082484B
S21404A93802789940114301700020F0BDF1B582B049
S21404A948FFF749FC002481480068400102D401202E
S21404A95801901DE07F48826B00207D49C3B206251E
S21404A9686B43CB189B8895B2AB4204D0401CC3B249
S21404A978022BF3D3FF200870012001907348006867
S21404A988400105D50878FFF77FFF002800D001941A
S21404A9987148006871498861714D02980068296D8C
S21404A9A84618002E15DD00F072FD2860C001301A26
S21404A9B800280EDDFFF714FC00F093F802980068F0
S21404A9C8296D401800F08EFF050002D00298046036
S21404A9D885E0644E802080003060604A106807284E
S21404A9E82ED005210840052805D011600C2000F05B
S21404A9F88BFF050073D15C4D5C482862FFF7F0FBBB
S21404AA0802202860E020C00259490860000259491B
S21404AA18486080208004706002203060012000F0C6
S21404AA2873FF802040002862022000F06DFF90200B
S21404AA3840012862022000F067FF8020C0002862D8
S21404AA484D4EE02040003060042000F05DFF050015
S21404AA583CD10220474908608002B062C001B06257
S21404AA6810203C4908600127F765402643480068DB
S21404AA7830401BD135480068400113D53448007867
S21404AA886946087068460078FFF7FEFE002809D075
S21404AA982F4869460978062251434018C0882D492C
S21404AAA8086403E0FFF7FCFE05000FD12948076099
S21404AAB8C467022000F028FF314C2660B0002060EE
S21404AAC8022000F021FF8120C002A062019800281D
S21404AAD805D02A480068800101D4FFF714FA280034
S21404AAE8FEBD70B5FFF777FBFFF77AFB0226194819
S21404AAF80660244DF0022862C4082C62012000F087
S21404AB0803FF600828622E601F482862E020400081
S21404AB181B490860174D2E60FFF7FEF91B4E307868
S21404AB28002800D005200D490860FFF7FEF92C60C0
S21404AB3817480068706370BD843F0000889001A8B9
S21404AB48448001A888A001A8140002A8F03E0000CA
S21404AB58603E00000C8001A8F80302A83C0102A885
S21404AB688C3F0000941002A83C1102A8BD080000FF
S21404AB78142102A8942002A82C9001A84C0002A82C
S21404AB882CA001A83C2102A8FD680000603F000034
S21404AB98300002A80000000101020408102020006A
S21404ABA8505050404040403020202000F8B5040063
S21404ABB8FFF716FB2948C021C900294A1268F8235A
S21404ABC8DB01134002D1274A116000E001600094BB
S21404ABD82549AC2252008A640A220A602349802244
S21404ABE852030A60224C626A224B13408022D20027
S21404ABF81A43626280222260022242605003C860BE
S21404AC081D48E0601D4E4C20F0661D4D686996216F
S21404AC18C901471800980068874200D30700C01B7C
S21404AC280099086000210098FFF788FE00990968D3
S21404AC38C919009A116031682960124909684906D9
S21404AC4801D5114900E011492161F2BD80200001B7
S21404AC580F49086000010F4908607047582102A888
S21404AC68AC8001A8581102A80C8001A8941002A868
S21404AC78440102A8FFF1FFFF286E0600300002A870
S21404AC88903F0000FC0302A8CC3F0000C43F00002D
S21404AC98401002A8685000A8F1B584B0B44800680B
S21404ACA80390B448006B9621C90140180499884259
S21404ACB805D2081A00F016FE002800D013E2AE4C9F
S21404ACC86068C00700D50EE20420AC498862800399
S21404ACD8AB494862AB480568606B8607B60F032E17
S21404ACE803D01020A549886224E0084680218902FA
S21404ACF84162A16B890601D5012062E0290610D5B8
S21404AD08A26B02210A400CD19F4A05231360A36B49
S21404AD1810273B401943116000211160616B090A32
S21404AD28116004218162A06B002803D5C8039349E7
S21404AD3848620026606B400705D5606BC00080211A
S21404AD484900084003E08B488068C10701D5FFF72F
S21404AD5823FB0122154008D0B748B1014018006A01
S21404AD68C004C00C401EB549086000200021B44B3E
S21404AD78DB6E1B0417D5B34B1B68002B13D40121B9
S21404AD88AE4B5B69002B0ED0AF4B1A70AF4A1060FF
S21404AD981022AF4B1A60CA06AE4B9A670723AD4D0E
S21404ADA82B60AB4B5A65AC4AC0239B001360350234
S21404ADB8002901D0190000E02900CC4E3160536008
S21404ADC87560E16B942292050A40150000D00125AF
S21404ADD880263602284300062CD06A482821405C80
S21404ADE8C0210140402902D1FFF79EF901E0FFF790
S21404ADF8A8F9202020602D0600D174E1944D606BDC
S21404AE08400708D570085E4948620220686000F06A
S21404AE1859FA002806D0042058498862400258493E
S21404AE2848626E6057480078000600D45BE130013B
S21404AE385249FEE00125606828405AD1AC480068AB
S21404AE48C005400F022803D0032801D0062802D1E3
S21404AE5869464D7005E0002069464870A548A6492D
S21404AE684860680446498862FFF756F87348406E97
S21404AE78E16B0E4008D1C00606D5FFF763F8022139
S21404AE889E4A1160FFF767F8FFF74FF8280320601B
S21404AE989B4EC02000067060280497490860606BC3
S21404AEA84007C10F684601703020039949072CD51E
S21404AEB84021A24A1162904F4901396603219164E0
S21404AEC80021116030607D6580207060062000F0E7
S21404AED81BFD00280DD12802F866022000F014FD98
S21404AEE828029749886618207060082000F00CFD30
S21404AEF8002800D0F7E024207060E020C0029049C3
S21404AF08C865A020C00238666FE0E16BC90246D562
S21404AF18BE4949680902090E01914909022901DB5B
S21404AF28884A01E0B32292000199302937D311499F
S21404AF380B88E72B33D395277F00BB4205D8FB1A2B
S21404AF481B095A43920A534204E07F4FDB191B0934
S21404AF585A43930A5BB2019AD2180F6BBC46CF6B5E
S21404AF687B436746FB180B639F2A0FD39F2210E088
S21404AF78FC0302A8743F0000100002A81C2002A8C4
S21404AF881C1002A8C83E0000E40000AA202A00D824
S21404AF9821221102114312040A4329490A60674907
S21404AFA8AA020A629A4A8A6414220A603060524FD5
S21404AFB87D65E020C0026249C865A803B8664002F9
S21404AFC87060062000F0A0FC002833D12D06FD662C
S21404AFD8022000F099FC5A488566680970600820C3
S21404AFE800F092FC002825D17560032000F08CFC44
S21404AFF888481849886700F04AFA874D401DC001FA
S21404B008296B401801908548406F8021C901084083
S21404B01802900846824908600198049988421FD21B
S21404B0280846296B401A00F05DFC002816D00298E2
S21404B0387C49086057E000BF0C0000AA204000A81E
S21404B048CC4001A8784201A8763E0000703E000075
S21404B058645000A83C6000A8046100A80498019005
S21404B068206AE86204270398384001D0402002E0AA
S21404B078F8057060C0087060012000F045FCB8014F
S21404B0881D490860019800F02DFC8A4E6846007831
S21404B098002805D161480068F061380586490860CB
S21404B0A802986049086085488549086024487902FA
S21404B0B8416669464978002900D10760206A6862B3
S21404B0C868460078002808D0012000F01DFC307877
S21404B0D8000602D5780492490860E06BC00202D5DF
S21404B0E84A480068286305B0F0BD00BF045100A8AC
S21404B0F8204001A8040000FFB41002A87CE4035012
S21404B108441102A810B5FEF71DFF864900240C60FA
S21404B1180A22CA61FEF71FFF8348C021890201601C
S21404B12882494160824810210160C9054165402072
S21404B138804908608048047010BD0000400102A8D9
S21404B148B82002A833070000D6FEFFFF7B48406BF2
S21404B158800300D47047F8B57948046800270020AF
S21404B16800257849E20706D5C02080028025ED032D
S21404B178EA0A0A6003E0A20701D40320402528430C
S21404B188C862012000F0C0FB802040006E490867B2
S21404B19808206E4908606E490968090203D46D4997
S21404B1A809680140FBD0012000F0AEFB6A4EE007B8
S21404B1B802D58020800430643564042000F0A4FBA3
S21404B1C8600702D5E020C002F060644830640120BD
S21404B1D800F09AFB62483064C320000630645A487C
S21404B1E88021490201671021B163890271615D49B2
S21404B1F80F60012232603022F2638F628021890157
S21404B2084E4A116009010160F1BD0000F83F0000D4
S21404B218F3070000FFFF7F7F743F000020C001A8EB
S21404B22894E001A894D001A8F8B54F4800680D2703
S21404B23807400424002F00D104274C481025660331
S21404B24808214B4A4B4B1B682340126814D04260B3
S21404B258394004D00220FEF7AFFD474806603C405C
S21404B26807D046480068054344480560B008424984
S21404B27808600220424915E00260394005D00220E1
S21404B288FEF79AFDA0023C4908603C4006D03B48BD
S21404B29801680D4305607009374908603848066038
S21404B2A8300329490860FFF751FF00210020FEF704
S21404B2B816FDF1BDC83E00001C1002A803000300DA
S21404B2C8482102A810B580202E490A6802400AD0F0
S21404B2D82D4B1A680624144005D15C6E2B4A22406E
S21404B2E81B6D9C0101D5002010BD096808400DD0CF
S21404B2F82748824203D1180501D5012010BD2548E8
S21404B3080068C107C90F481E8041C00F10BD2248F7
S21404B3180321C163A82181631021016070470000DE
S21404B3281C2002A8D80000AA402002A80400008016
S21404B338646000A82C4000A8763E0000100002A80E
S21404B348FC0302A81C1102A8442002A84C6201A807
S21404B358C44001A84C4201A8082102A82400000100
S21404B36898008800600102A8B44000A8E83E0000DF
S21404B3781CC101A8440002A8401002A8683F0000A7
S21404B388685000A8400002A814C001A81F1F0000A7
S21404B398010C000030C101A8082002A86C48006807
S21404B3A80121084209D16B4A12686B4B000C1840FD
S21404B3B8F03291400B40984201D00220704700209A
S21404B3C87047F8B507000F386A461080604CA068C6
S21404B3D80A0004D16B461B8882B29A423AD20022EB
S21404B3E86B461A80012502263A0013D0226832409A
S21404B3F807D000292ED059480088401C5749088091
S21404B40800203900E16056490E6080B2B84201D384
S21404B41869460D805348456000E030BF20683040D8
S21404B42803D1FFF7BBFF0028F7D04D484560390025
S21404B43810D02168314005D048490A886B461B88D5
S21404B448D2180A8006600020E060A068B84201D2DC
S21404B45844480660FFF7A2FFF2BD38B5050000F0C1
S21404B46807FB0400012199204543A8093E4A1268AF
S21404B4788018123880B2FFF7A4FF05008020C001A8
S21404B4883A490860200000F0F7FA280032BD33482D
S21404B49803883549096802889342F9D110040818C4
S21404B4A87047FEB51238070C6946088000F0E0FAC3
S21404B4B80190274C294D2888B8421ADA01202C49CD
S21404B4C80860274E30BF02202168014006D030604D
S21404B4D84003264908602888401C2880FFF75EFF3A
S21404B4E8002802D12988B942ECDB012171600028C2
S21404B4F80DD12888B8420AD1A068694609888842C6
S21404B50805D2002168460088FFF75BFF01E0FFF7D5
S21404B51845FF04008020C00114490860019800F023
S21404B528ABFA2000FEBD10B512490A680E4B1B681C
S21404B5380C689442FAD0DB014033141A02D28869A4
S21404B5482418641C0C4800684443181B10BD0000EB
S21404B558280002A804ED00E0FF3F0000743E000047
S21404B568282002A8281002A8300002A880E200E0DA
S21404B5782C1002A820C001A8B43F0000F0B502E0D1
S21404B5880A601C602E607EC84F1C07D05F1C04D05F
S21404B5986F1CF5D10A601C60F0BD0A60F0BD00009F
S21404B5A880B5FEF709FC01207F49086001BD80B517
S21404B5B8EB2000F001F801BD30B57C490B68184053
S21404B5C81022134210D07A4B7A4C2468224008D0B2
S21404B5D8A84A14682402FF252D022540DD620024AB
S21404B5E81460802252031A60086030BDF3B5010067
S21404B5F816001C00002500959F48019A3300002772
S21404B6080BE0BC464F5D4743AE009E597E40575DEF
S21404B61847433740664637436D1CA542F1D339097C
S21404B62839438A080A43510811430840C1090143AB
S21404B6380F208A0B0A4302405040F6BDF1B582B08B
S21404B6480E0000208B490860FD25AD01EF7AA87A24
S21404B65801900F21394000910ED00B46874A88493D
S21404B6680298FFF7C3FF01990140824801608548A4
S21404B67841438548084001D1012400E044013809C3
S21404B68815D032003B0929000298009E6D7A751978
S21404B6984019FFF7ABFF0199091101407548026884
S21404B6A80B0113430360002901D04800444377483C
S21404B6B80068204001D10420FEBD0020FEBD80B5F0
S21404B6C80A0000211180724952888018FFF7B6FFD5
S21404B6D802BD70B50F226F4B5C7905780F202040A9
S21404B6E8C5402009284001259C79C4402C4001D136
S21404B6F8032070BD2F4C2468254005D09D6846005D
S21404B708AD5B6D1E644E3560DD78DE79C640F007A5
S21404B71811D5E0060FD5002D0DD06048486008887E
S21404B728488008881C7800192A4080185A78801897
S21404B7382A09801800E000200880002070BD80B523
S21404B74857480168574A0820014201D050611061E1
S21404B758C90602D58621090111605349534A12685D
S21404B76812040CD5524A1268530401D5C00305E0E6
S21404B778C0239B0113404202934200D008600D4840
S21404B7880078C022024002D180204005086049485B
S21404B798006820221040086047480068C00101D4A9
S21404B7A8FFF705FF01BD00002C4000A8703F00000D
S21404B7B81C1002A8C83E0000F8B5404F38687E68DA
S21404B7C806403F4830403F4908608024A4033E4D65
S21404B7D8F00227D53D48016801200A0605D53C49EC
S21404B7E80968A9602870022014E0014202D0394989
S21404B7F8A9600FE00020C9060CD52849A960364A76
S21404B80891780B071B0F12789A1809095118A98002
S21404B818E880A888A880A888002801D0264301E0E4
S21404B828FFF7C5FE264023D0264E74603460A888E9
S21404B83800280BD0F969814208D3291D2748AA682D
S21404B84890470100F3D0FFF7ABFEF1BD01000CD022
S21404B858FC218902B161224902038A6134604C6082
S21404B868FA69824204D30C60F1BDEB20FFF7A4FE0C
S21404B878F1BD0000503E000001010101F83E000041
S21404B888383F00001111000021840000F43E000037
S21404B898183F0000483F0000204000A8531F00003F
S21404B8A8F84F0000302102A8441002A8384101A825
S21404B8B8204201A8084001A8CC4000A8B44000A82B
S21404B8C8FFFFDFFFB46000A8543E0000C83E000037
S21404B8D8EC370000671F0000493F0000D44000A86A
S21404B8E8B45000A810B5C409FFF7D1FD201A3128B2
S21404B8F806DAC000183801D4C01EFDD5002010BDD5
S21404B9082000FFF7CEFD10BDC32148436F3801D48D
S21404B9181E38FDD500207047FEB5C020C004364941
S21404B928086036483649C86510243648046010202E
S21404B938FFF7EAFF00285ED1FF20000532490860B9
S21404B94832483349086033482D49086025042E4890
S21404B9580560314807680820FFF7D6FF00284AD153
S21404B96808262E4806600120FFF7CEFF2A4880687E
S21404B97802902B4806602B48214908602248056037
S21404B9880820FFF7C1FF002835D1244806600120A7
S21404B998FFF7BAFF204DA868019021480660184EA4
S21404B9A8214830600299019800F046F80104FC200A
S21404B9B88003084000900298C10B0198C00B00F061
S21404B9C83BF80006FC218905014000980143174806
S21404B9D80A0C4240FF239B1CD218104008433060D0
S21404B9E82F60E00308490860286828601048046047
S21404B9F8104981640020FEBD20E000A8F717000067
S21404BA082C0102A8401102A8B02002A80000380E93
S21404BA18B01002A810103030E04001A8E05001A889
S21404BA28E06001A830301010202020203F3F00009E
S21404BA38402102A8F7FFF00010B54904CA104004D4
S21404BA48C310991A00209A18D30F9A18521052182D
S21404BA588B115B0E5B18DB11D2182023541A01D401
S21404BA6822001843CC0F611849105B08F6D110BDA4
S21404BA78EFF3108072B67047002800D162B670479C
S21404BA8880B5FEF779FA002802D0B74800688047E0
S21404BA9801BD80B5FEF7B2FAB448006800030AD4BC
S21404BAA8FEF7FAFCFFF752FBFEF75BFC0120FFF7F4
S21404BAB829FBFFF716F880208005FEF73BFA01BD40
S21404BAC880B5FEF79BFA80204002FEF733FA01BDE4
S21404BAD8F8B5FEF721FA052097490860FEF725FA17
S21404BAE8964806680124264201D1FEF774FBFEF741
S21404BAF885FA9F48016800919E4A40681060B1051F
S21404BB08C80F002126420FD000919B4B5D68156034
S21404BB181D689A4A17687B1BBD4202D39769DB19CE
S21404BB285B1C974FBB42F5D3964D2960002804D07A
S21404BB3831000098FDF7DEFF00902868204004D105
S21404BB486846FEF774FB002802D10098FEF7C2FB8D
S21404BB58A94804606004FEF7EDF9F1BD38B5A74CB2
S21404BB68E06BC00506D580200006206000BF00BF35
S21404BB7840082060FEF724FCFEF740FAFDF764FE52
S21404BB8805009F489F490860FFF77AFF8020C00297
S21404BB98FEF7D0F9002D01D08020206001209A49B4
S21404BBA8087031BDF8B5FEF729FA984F2C20385C92
S21404BBB80521014002D0FEF7B7FA01E0FEF7C1FA04
S21404BBC88E4C0225F86A284001D0012020601020F7
S21404BBD8C0438F4908600026A6638E480660FEF7B1
S21404BBE8CBF9002803D08C480068804700E03E6004
S21404BBF8FEF792F989480068E16B090407D4000740
S21404BC0805D5FEF79FF986490D60FEF7A4F9FEF7F9
S21404BC188CF9FFF794FDA804FEF78CF9F1BD80B5FE
S21404BC28FEF7ECF951480068000303D4FEF799FBC5
S21404BC38FEF757FF80204003FEF77CF901BD38B5B0
S21404BC48FEF7DCF96D4C2025FFF73CFB002806D0F0
S21404BC58206B000704D5FFF75AFBFEF7F7FF2560AD
S21404BC68FEF77FFBFEF73DFF6E4800780C21014087
S21404BC78042902D1FEF758FA01E0FEF762FA6804CE
S21404BC88FEF758F94020206031BD1CB5FEF744F98C
S21404BC98052029490860FEF748F9FEF7AFF9FFF7CB
S21404BCA836FBB848006800906846FEF77FFF040035
S21404BCB8FFF7E6FE002C02D10098FEF7EDFF802081
S21404BCC84004FEF737F913BDF8B5FEF797F9AE4CFE
S21404BCD8256A5020284002D0FEF726FA01E0FEF72F
S21404BCE830FA464FFFF7EEFA00281BD1786B400768
S21404BCF81DD4386BE0214901014018D1A80611D497
S21404BD08FEF70AF9256AA14E354207D0FF20C0433C
S21404BD182D182562802000059D490860FEF705F960
S21404BD282E4002D00120386001E0002020608020E8
S21404BD388004FEF7FFF8F1BD3C1102A8400002A8F3
S21404BD4880B5FEF75BF993480068400601D5FEF710
S21404BD5808FB0120FFF7D6F9FEF7C3FE8020C004CF
S21404BD68FEF7E8F801BD0000DC3700000C0002A866
S21404BD78B83F00004C3E0000D43E000020C001A896
S21404BD8801FF0000483E000010B526480468FEF788
S21404BD9835F981490968090328D40321C00601D561
S21404BDA8214001E0A0080140012902D1FEF7BCF9B0
S21404BDB80BE0200107D50E20FFF7F2FBA748042165
S21404BDC8016008210160FEF7BCF9A54C2069A54965
S21404BDD80860FFF755FE2068002807D040001228A0
S21404BDE802D2FFF791FD01E0FFF737FB80208003BE
S21404BDF8FEF7A0F810BD0000402002A8100002A814
S21404BE0870012000B46000A8773E0000C43E00001D
S21404BE18442002A8503E0000E0370000844000A8F2
S21404BE287CE40350F03E0000F8B584B0012668466A
S21404BE38067000270297FEF7E1F80390564C206830
S21404BE48000300D597E00320A849C863864800681D
S21404BE58FB25AD010F210F220240032A03D0000B55
S21404BE68014006294DD1A2480068A2498E6DE16BAF
S21404BE78890701D59F49CE6DFFF755FB8619FEF74E
S21404BE887BF800280ED02879C1060BD02868090D3F
S21404BE984143890B761897490968002902D100029C
S21404BEA8400C3618002E01D5019700E00196606B09
S21404BEB80107C80F03212A6B0A40022A1BD1039ADA
S21404BEC8D20618D5AA68D30513D5A66B8A4B1E4086
S21404BED89E4203D11021854AD1630CE092050AD408
S21404BEE8E26B2823134006D16B461F70284A11605C
S21404BEF801E06A461770029068460678002E03D159
S21404BF080FE07C48406D0190FFF7DCF9002808D064
S21404BF18FFF7FDF90298002802D0FEF797FE00E026
S21404BF280026022071490860002E10D03020285CB4
S21404BF380C210140042902D0A06BC00602D5FEF7E6
S21404BF48F3F801E0FEF7FDF82020606013E0FEF742
S21404BF5808FA802000060E490860684868490860A0
S21404BF6801A8FEF723FE0400FFF78AFD002C02D181
S21404BF780198FEF791FE80200004FDF7DBFF05B06C
S21404BF88F0BD0000CC3F0000D03E000000FFFF00DC
S21404BF98441002A8440102A80C0002A8FEB5002416
S21404BFA80194FEF72BF8FFF76BFD564EF06E564DD0
S21404BFB80007000F072807D17068002804D400205B
S21404BFC8FFF7A0F8286841E0012103204F4A736868
S21404BFD85B070BD44E4B1B680B4007D01368DF0572
S21404BFE80BD55B0502D43368DB0503D40191916A4B
S21404BFF8890904E01021474B1960916A0909084029
S21404C00800900020FFF77EF80098002805D1706895
S21404C018C00602D4FEF795F801E0FEF785F800207E
S21404C0280199002903D13C480068FFF77CFA69693E
S21404C038401801D5009400E000906846FEF7F7F82B
S21404C048002805D10098FEF745F9A869054908604F
S21404C05880200005FDF76EFFF7BD000080E200E0D3
S21404C068AC3F00004C3E0000AC0002A8F8B5FDF753
S21404C078C5FF002400252948066B80277F0530065F
S21404C08806D5300709D5FFF742F9FEF7DFFD29E0A4
S21404C09801251F480068284019D00020FFF732F809
S21404C0A80220064002D01E490C60C8611D48046878
S21404C0B8002D03D02000FDF7A9FD0400FFF727F99B
S21404C0C82000FEF7E9FD3800FDF734FFF1BD1648F9
S21404C0D80078C0210140402902D1FEF725F801E086
S21404C0E8FEF72FF820200D490860ECE7082002A880
S21404C0F80CC101A86C3F000010000010FFFF7F7FF2
S21404C108B46000A8400002A8BC3F0000C83E000077
S21404C118B44000A8441002A81CC101A8100002A834
S21404C128180000AAD83F0000F03E000000F03CF8D3
S21404C13802480349486000F052F800BF732A00001A
S21404C1480000000080B5EFF305800B2801D23A21E1
S21404C15800E02921FF221632002000F03FFAFEE70D
S21404C16810B5C20018231340FF249C40E2438907F5
S21404C178090E9940030004D470489B089B00C01815
S21404C18806E0AD4B0007000F083880088000181832
S21404C19803681A401143016010BD80B57322542108
S21404C1A8002000F01BFA01BD10B5FFF761FC012161
S21404C1B8634A1160634B644A1360644A136003233A
S21404C1C8634C2360634C2360634B1960634B1960AC
S21404C1D88023A44C2360D160FFF74EFC10BDFFF704
S21404C1E847FC05000024012160B2FFF7B9FF641C70
S21404C1F80E2CF8D301210F20FFF7B2FF01211120DE
S21404C208FFF7AEFF01211320FFF7AAFF012117202D
S21404C218FFF7A6FF03210120C043FFF7A1FF012172
S21404C2281B20FFF79DFF7348734908607348C16A6B
S21404C238C1620168016002207149086001208A49C8
S21404C248086047046F4C20693840FCD02068800199
S21404C25801D4FDF748FE2800FFF70EFC774D0AE0E8
S21404C26800281BD0FDF76EFE18E020693840FCD085
S21404C2783000FFF701FC206E0004000F022801D1ED
S21404C288FEF73AFAFFF7F4FB0600FDF76BFE002804
S21404C298A878E5D0002801D1FDF75DFE012069786D
S21404C2A8002909D12978002905D170490968890621
S21404C2B801D45349086030BF0021697029780029E1
S21404C2C8D6D102214E4A116067490860CDE768480E
S21404C2D8016842680A40674810401B49086080079E
S21404C2E803D5A4480188491C0180704770B5624884
S21404C2F8016840680840000E00066049802212055E
S21404C308104218D05E4B1C68641C1C605D4C5E4D65
S21404C3182D682D0407D5A568002D04D007250D60C3
S21404C3280125AC4E3560402525601B68012B02D9D3
S21404C33810238B62CA67886770BD000000E400E0BB
S21404C348040002A80000FF3F282002A82C1002A818
S21404C35840E002A844C002A804C001A8044001A8FA
S21404C368F8B5854C206B616B01400091834D0846F7
S21404C378286000988249014007D0FDF7FDFD002893
S21404C38803D000989449096888478020009901409A
S21404C3981CD0F821C90123680B4017D0C02212010B
S21404C3A8934213D880231B06EB6226680E40944FEC
S21404C3B83F683F043F0F022F01D0032F03D1002EFE
S21404C3C801D09642F1D38F490B6028608E480078D6
S21404C3D806280DDA0098CC218901014008D0FFF719
S21404C3E847FB04000098FDF7B5FA2000FFF744FB66
S21404C3F8F1BD0000FFFF9B0800E100E0E04001A853
S21404C4085C2002A84C0002A810B58048016844685D
S21404C4180C407F48046080210C4205D041607D486A
S21404C42801600020FDF796FA600403D580204005D5
S21404C4387949086010BD00001CED00E0763E000057
S21404C44838B57648016844680C40E00707D5FFF716
S21404C4580FFB0500FDF714FB2800FFF70DFB7048DB
S21404C468046031BD505201A85C1002A8F40302A867
S21404C478280002A8FFFF00C0B44000A83C6000A83B
S21404C488703E00002C4000A8384101A8FEB5654C53
S21404C498206C666C064001273E4216D03D0662486C
S21404C4A80560206861490F60002802D00021FDF766
S21404C4B8A5FC5F480068A021C90188428041C043A2
S21404C4C8C00F5C4988705C480560FDF73BFD029028
S21404C4D802210E4049D06068C2B20192000A009058
S21404C4E808224B4B4C03554D0020019E012E27D0A5
S21404C4F8022E38D1009E012E24D1EE780096504E96
S21404C5082F780C2047430020F051287840059027C0
S21404C5187F04C719032038434A4F38601C604A48CA
S21404C5280460301D2B780C246343484C2468009F11
S21404C538E419C45028780C2358433150444811E071
S21404C5480091DCE7002E0ED1424E37603C4E361D75
S21404C5582D780C277D4370515C601C60C8043E4BE4
S21404C56818603E480260314801600298FDF7F3FC03
S21404C578F7BD0000743E00001C4201A84C6201A8E6
S21404C5880200060070B5FDF7DDFC0400FFF770FA3C
S21404C5982C490A68D20717D5294A121D304B5D7AEA
S21404C5A80C2675435659294D2D681E60CE685E6064
S21404C5B84968D9818021C9041B4E3160197B6918E2
S21404C5C85B7A0C256B43D150FFF756FA2000FDF72B
S21404C5D8C2FC70BD3C5000A8D8370000002800D024
S21404C5E8704710B50C00FDF7ADFC1E490C6001221F
S21404C5F81D4B1A600B6C1340FCD1FDF7ACFC10BD48
S21404C608AC0002A8785201A8403E000090C001A8D9
S21404C61890E001A80CC001A804ED00E090C000A8B2
S21404C62890E000A800C002A8401002A840E002A8B3
S21404C638404000A8763E0000402002A88D3E000038
S21404C648300000A860C101A894D001A8200000A862
S21404C658F42302A860E101A880E200E0F41302A82B
S21404C668843E0000008002A8409002A8B0C60400D9
S21404C678000000008CC60400010000000000000052
S21404C68800F04902000000004063598F404B4C00FC
S21404C6980B000B001A00FF7F6467002000000000F0
S21404C6A82CCA0400000000000C400200018014009C
S21404C6B87F40000020400200000000000000000048
S21404C6C830400700000000000000000000000000E2
S21404C6D8000000000000000000400000A00704005E
S21404C6E850400100000000005C400200000000000A
S21404C6F800000000A840010007000000BC40040039
S21404C7080000000000000000000000000000000018
S21404C7180441040000400000FF4C0000FF5D0000D8
S21404C728FF4D000020C0011000F8070020C00130AB
S21404C738F502080024C00110FF00000024C00130E0
S21404C7480018000028C00700EC80B38343754051E6
S21404C758A00F004830400000000000000000000061
S21404C7682E02000050C00400511130040E2D09E6B4
S21404C77854060708D1B6020064C00A000430001C38
S21404C788403018090D647920EBFCFB017FF6E803BA
S21404C798BD4B721511A3180510325476980A00007A
S21404C7A80000000008000101040700001800010149
S21404C7B80000000020000101088400001C40080155
S21404C7C81000000020F9130407C0520000000000FF
S21404C7D80000000000000003000000000000000045
S21404C7E8584006016402FF004108000001000000EA
S21404C7F8B0070800A70000000000000080401101F0
S21404C8084B01A0089BC34A74F00300000000000014
S21404C818000000000101103050707F7F0000000007
S21404C82800000000000000000000000000000000F7
S21404C83800000000000000000000000000000000E7
S21404C84800000000E0400201330000000000000081
S21404C858EC4001017DA8D98BF440050164048307E4
S21404C8688813C83A9C200A0000612000B75635127F
S21404C8780C410301F95412002030042988BB4040B7
S21404C88824410201000000000310000030410A01A0
S21404C8986406660C0C010000E853FA000000000069
S21404C8A80000000000000000000000000000000077
S21404C8B800000000010100006841030164048307C6
S21404C8C888138200000000003042040100000000C3
S21404C8D80000000E000000000000000044420201B0
S21404C8E800000000F4811F0054420C010000000000
S21404C8F800003C0000000000000000005555555597
S21404C908170000000000000000000000AAAA0600A5
S21404C9180000000000000000000000001080010174
S21404C92803000000388002011149100001000000CD
S21404C9389C800301EB40020070780300D5C0000019
S21404C948A8800111F0010000A88001310542CB013E
S21404C958AC800111F0010000AC80013105228D0085
S21404C968B0800201000300023700000198000202AA
S21404C978000C00044C000000A4000102000400009F
S21404C988D0000202050040AA88010000E400010263
S21404C9986C2C5111F4000202000000003D2108111D
S21404C9A8FC0001123F000000FC00013200540400A1
S21404C9B8300101026000510254010102C43F000024
S21404C9C86801010200040000FC4F0103DCC90400EE
S21404C9D8FFFFFFFF12000000666666000000000006
S21404C9E894CA040084CA040000000000001A9A00CE
S21404C9F8005A620280841E000420F5001149500281
S21404CA08000000002ECA0400000000000000000019
S21404CA1800000000B1841E000000000000000000B2
S21404CA280000000005020200000000F04902061497
S21404CA38000000E0930405380000A0080000000089
S21404CA48580901040706100A01040707C80A00045F
S21404CA580807800B00040808380C00040908610855
S21404CA6800000000680800000000C7090104040369
S21404CA782C0B01040404920C01040504ED170000B1
S21404CA88ED1700000000000000000000193F010632
S21404CA980410010000010106001027000009000028
S21404CAA80000000000000000A1ED010051ED0100A7
S21404CAB85DED01004DEE01003B7A0300DD7F0300C7
S21404CAC8E17F0300E57F0300E97F0300ED7F0300B1
S21404CAD800000000A8010000081400200001030458
S21404CAE864EE01001000000024E101001A000000B2
S21404CAF879EB01001100000075E401001100000044
S21404CB0863E511000400000023E11100040000009E
S21404CB1825E101000800000026E101000A000000E3
S21404CB2827E10100020000000000000000000000E9
S21404CB3899CC040093CC0400000000009ACC0400AE
S21404CB48B777040000000000B1770400B377040048
S21404CB5800000000B577040071CC04009FCC0400E4
S21404CB68B8770400B277040000000000B677040023
S21404CB788CCB0400AF770400B0770400B4770400C5
S21404CB88AE770400000203040508090A0B00010234
S21404CB980304051D2000B40108020200AA00FFFFD2
S21404CBA8FFFFFFFFFFFFFFFFFD9E03005D4B020034
S21404CBB8D976020029140300E97902006388030081
S21404CBC8658803006788030069880300E9DA0200B9
S21404CBD885B30200C9F40200D50D0300F967020004
S21404CBE85D88030025B602005F880300FD5B02002B
S21404CBF861880300236F0300F16002009944030070
S21404CC080000000000130000000000000000000000
S21404CC1801000000B1B90200020000005B9903009D
S21404CC280300000009B9020004000000D5980300B8
S21404CC3805000000A9B8020000000000000000007B
S21404CC480023001B2200FF00000000000C0902025B
S21404CC58000000001C1A0B0303FF06080402020265
S21404CC6804020A0B030302030480FF0204FF010103
S21404CC7801010800000000000000005A69674265C8
S21404CC8865416C6C69616E6365303980008F8E8C83
S20C04CC9880808006080C108061
S20C04CCA084A0FB7F01000000E4
S21004CCA8B4CC040058630020CB0100004C
S21404CCB40000000000000000FFFF00000100000068
S21404CCC40000000000000000000000000000000057
S21404CCD40000000000000000000000000000000047
S21404CCE40000000000000000000000000000000037
S21404CCF40000000000000000000000000000000027
S21404CD040000000000000000000000000000000016
S21404CD140000000000000000000000000000000006
S21404CD2400000000000000000000000000000000F6
S21404CD3400000000000000000000000000000000E6
S21404CD4400000000000000000000000000000000D6
S21404CD5400000000000000000000000000000000C6
S21404CD6400000000000000000000000000000000B6
S21404CD7400000000000000000000000000000000A6
S21404CD840000000000000000000000000000000096
S21404CD940000000000000000000000000000000086
S21404CDA40000000000000000000000000000000076
S21404CDB40000000000000000000100000000F00174
S21404CDC408000000081000200100230104000000ED
S21404CDD4101000200600300101000000141000208A
S21404CDE4FFFFFFFFC0EA2101C0EA21010080000022
S21404CDF400F04902A06400200060070000800000E0
S21404CE0428350020C8000000FE00000000000000D2
S21404CE144069040018100020FFFFFFFFA06C040004
S21404CE24330000009915010033000000DB480300BA
S21404CE3480E5030084E5030091E503009EE5030012
S21404CE44ABE50300B8E50300CBE50300DDE503002A
S21404CE54EAE50300F7E5030004E6030019E6030025
S21404CE642CE603003EE6030053E6030062E60300F2
S21404CE7473E6030082E6030092E603009EE60300DC
S21404CE84ABE60300BBE60300CDE60300DCE60300E2
S21404CE94EBE60300F4E6030009E703001EE70300D9
S21404CEA433E7030053E7030061E7030080E7030066
S21404CEB49BE70300AEE70300BBE70300D0E70300E9
S21404CEC4DFE70300EEE7030000E8030012E80300CC
S21404CED425E8030038E803004EE8030000000000D9
S21404CEE40F00000085EA03009CEA0300FF0000002C
S21404CEF40000000000000000000000000000000025
S21404CF040000000000000000000000000030E704F9
S21404CF1400C81803F9F20300FEF203002BF303001F
S21404CF2456F3030084F30300B2F30300E1F30300AF
S21404CF340EF403003EF403006EF40300BEF4030090
S21404CF44FFFFFFFF00F80300FFFFFFFF00000400DD
S21404CF5400000400005C26050466002006000000A9
S21404CF64348F0400000000000100190001000000D2
S21404CF7410410020010019000100000010410020A7
S21404CF8401001900010000001041002001001900EE
S21404CF9401000000104100200100190001000000F7
S21404CFA41041002001001900010000001041002077
S21404CFB401001900010000001041002001001900BE
S21404CFC401000000104100200100190001000000C7
S21404CFD41041002001001900010000001041002047
S21404CFE4010019000100000010410020010019008E
S21404CFF401000000104100201C4500200000000031
S21404D0040000000030780400C84B0020B8660020F6
S21404D014884E0020D06604000600000000000000CD
S21404D0240000000000000000948F0400AC8F04008D
S21404D034DB660400051E0400FE000000E86600200B
S21404D04400000000984E0020004F0020684F002087
S21404D05400000000000000000000000000000000C3
S21404D06400000000000000000000000000000000B3
S21404D07400000000000000000000000000000000A3
S21404D0840000000000000000000000001179030006
S21404D0940D790300FFFFFFFF15790300FFFFFFFF71
S21404D0A46D7E0300C97E0300FFFFFFFFFFFFFFFF43
S21404D0B4FFFFFFFFFFFFFFFF2F2A0000FFFFFFFF16
S21404D0C4000000005F800300D8CA0400FFFFFFFFCF
S21404D0D40000000020A107000000000051B803006F
S21404D0E40000000000000000000000000000000033
S21404D0F40000000000000000000000000000000023
S21404D104505400206D410200E15A0200051E04003A
S21404D1140000000000000000000000000000000002
S21404D124505400200548020000000000051E0400B8
S21404D13400000000000000000000000000000000E2
S21404D144505400202D520200E15A0200051E040029
S21404D15400000000000000000000000000000000C2
S21404D164C867040050540020856C020000000000C8
S21404D174051E04000000000000000000000000007B
S21404D18400000000505400208975020000000000CE
S21404D194051E04000000000000000000000000005B
S21404D1A40000000050540020E58502000000000042
S21404D1B4051E04000000000000000000000000003B
S21404D1C400000000B80B000050540020C58902007B
S21404D1D400000000051E040000000000000000001B
S21404D1E4000000000000000050540020A592020035
S21404D1F400000000051E04000000000000000000FB
S21404D20400000000000000005054002015940200A2
S21404D21400000000051E04000000000000000000DA
S21404D224000000000000000050540020978E030005
S21404D23400000000051E04000000000000000000BA
S21404D2440000000000000000505400205D97020017
S21404D25400000000051E040000000000000000009A
S21404D264000000000000000050540020019C02004E
S21404D27400000000051E040000000000000000007A
S21404D2840000000000000000505400205F9B0300D0
S21404D29400000000051E040000000000000000005A
S21404D2A400000000000000005054002079F402003E
S21404D2B400000000051E040000000000000000003A
S21404D2C40000000000000000A7A003005054002043
S21404D2D4450E0300E15A0200051E04000000000087
S21404D2E4000000000000000000000000505400206D
S21404D2F4B514030000000000051E0400000000002E
S21404D304000000000000000000000000FFFFD0073B
S21404D314B80B0000FFFFFFFFCEFAEFBEFFFFFDFFD2
S21404D324FDFF0C002C01001E2C0140068000FFFFAC
S21404D33404F8FFFF0C000000000000004000FDFF9E
S21404D3442C019C000000FFFFFDFFFFFFFFFF60EAC7
S21404D3548000800010C1CDAB0A01320101FFFFFF3B
S21404D364FFFFFFFFFFFFFFFFFFFFFFFFFFFFFFFFC0
S21404D374FFFFFFFFFFFFFFFFFFFFFFFFFF01FF05A8
S21404D384FFFFFF0101FFFF0201FFFF640250FF0FCE
S21404D3940208031E050216010A0C052007051001DF
S21404D3A4010F080101010104FF0301FF0CFF0F7FB5
S21404D3B47F0150403000FFFFFF0B03FF050B010302
S21404D3C40105020201FFFFFFFFFFFFFFFF01010249
S21004D3D4FFFFFF01056D0000DD6C00008B
S804009DF16D
